# vtk DataFile Version 3.0
SHAPE_sfm_50k_v20200323
ASCII
DATASET POLYDATA
POINTS 2349 float
-0.1537 -0.09995 -0.06125
-0.15367 -0.09964 -0.06187
-0.15251 -0.10041 -0.06146
-0.15248 -0.10011 -0.0621
-0.15246 -0.09972 -0.0627
-0.15363 -0.09929 -0.06248
-0.15233 -0.09923 -0.06323
-0.15361 -0.09889 -0.06303
-0.15229 -0.0987 -0.06366
-0.15359 -0.09848 -0.06356
-0.15224 -0.09821 -0.06411
-0.15357 -0.0981 -0.0641
-0.15221 -0.09777 -0.06459
-0.15355 -0.09775 -0.06466
-0.15217 -0.09731 -0.06509
-0.15351 -0.09734 -0.06521
-0.1521 -0.09684 -0.06558
-0.15344 -0.09684 -0.06566
-0.15203 -0.09634 -0.06605
-0.15334 -0.09625 -0.06604
-0.15193 -0.0958 -0.06649
-0.15323 -0.09564 -0.0664
-0.15185 -0.09522 -0.06687
-0.15313 -0.09505 -0.06677
-0.15176 -0.09466 -0.06729
-0.15305 -0.09449 -0.06718
-0.15171 -0.09421 -0.0678
-0.15299 -0.09401 -0.06768
-0.15296 -0.09359 -0.06827
-0.15169 -0.09385 -0.06843
-0.15294 -0.09321 -0.06885
-0.15168 -0.09349 -0.06904
-0.15164 -0.09305 -0.06955
-0.1529 -0.09276 -0.06936
-0.15156 -0.09253 -0.06999
-0.15284 -0.09226 -0.06981
-0.1515 -0.09201 -0.07043
-0.15277 -0.09174 -0.07025
-0.15145 -0.09151 -0.07096
-0.15271 -0.09121 -0.07074
-0.15142 -0.09106 -0.07152
-0.15266 -0.09069 -0.07123
-0.15261 -0.09019 -0.07175
-0.1514 -0.09064 -0.0721
-0.15259 -0.08974 -0.07231
-0.1514 -0.09026 -0.07271
-0.15258 -0.08934 -0.07292
-0.15139 -0.08992 -0.07339
-0.15256 -0.08893 -0.07353
-0.15139 -0.08955 -0.07403
-0.15254 -0.08848 -0.07409
-0.15136 -0.08908 -0.07458
-0.15129 -0.08852 -0.07504
-0.1525 -0.088 -0.07462
-0.15247 -0.08755 -0.07518
-0.15116 -0.08796 -0.07555
-0.15248 -0.08717 -0.07582
-0.15114 -0.08754 -0.07615
-0.15248 -0.08675 -0.07646
-0.15117 -0.08714 -0.07678
-0.15114 -0.08664 -0.0773
-0.15241 -0.08621 -0.07694
-0.15108 -0.08602 -0.07769
-0.15232 -0.08556 -0.07728
-0.15097 -0.08536 -0.07802
-0.1522 -0.08488 -0.07758
-0.15088 -0.08469 -0.07833
-0.15207 -0.08419 -0.07786
-0.15087 -0.08394 -0.07866
-0.15195 -0.08351 -0.07816
-0.15129 -0.10078 -0.06162
-0.15129 -0.10045 -0.06227
-0.15126 -0.10002 -0.06284
-0.15112 -0.09949 -0.06332
-0.15097 -0.09891 -0.06376
-0.15092 -0.0984 -0.0642
-0.15088 -0.09792 -0.06467
-0.15084 -0.09745 -0.06516
-0.15079 -0.097 -0.06567
-0.15072 -0.09653 -0.06618
-0.15064 -0.09601 -0.06663
-0.15055 -0.09542 -0.06701
-0.15047 -0.09485 -0.0674
-0.15041 -0.09437 -0.06789
-0.15038 -0.09397 -0.06845
-0.15036 -0.09359 -0.06904
-0.15032 -0.09317 -0.06959
-0.15026 -0.09269 -0.07007
-0.1502 -0.09219 -0.07055
-0.15015 -0.09171 -0.07108
-0.15011 -0.09127 -0.07165
-0.15011 -0.09089 -0.07226
-0.15011 -0.09055 -0.07292
-0.15009 -0.09021 -0.07359
-0.15005 -0.08979 -0.07419
-0.15001 -0.08927 -0.07469
-0.14994 -0.08867 -0.07512
-0.14978 -0.08808 -0.07558
-0.14966 -0.08757 -0.07612
-0.14965 -0.08715 -0.07669
-0.14964 -0.0867 -0.07724
-0.14961 -0.08618 -0.07773
-0.14956 -0.08562 -0.07818
-0.14965 -0.08496 -0.07863
-0.14972 -0.08427 -0.07904
-0.15006 -0.10065 -0.06234
-0.15006 -0.10103 -0.06171
-0.15002 -0.10018 -0.06287
-0.14988 -0.09961 -0.06331
-0.14973 -0.09903 -0.06375
-0.1496 -0.09852 -0.06424
-0.14956 -0.09807 -0.06475
-0.14952 -0.09763 -0.06527
-0.14948 -0.09718 -0.06577
-0.14942 -0.0967 -0.06626
-0.14934 -0.09619 -0.06672
-0.14927 -0.09564 -0.06714
-0.1492 -0.09509 -0.06756
-0.14914 -0.09459 -0.06803
-0.1491 -0.09414 -0.06855
-0.14907 -0.09372 -0.06911
-0.14903 -0.09331 -0.06965
-0.14898 -0.09286 -0.07017
-0.14893 -0.09238 -0.07066
-0.14886 -0.09189 -0.07119
-0.14882 -0.09141 -0.07173
-0.14878 -0.09095 -0.0723
-0.14876 -0.09054 -0.07288
-0.14872 -0.0901 -0.07348
-0.14865 -0.08962 -0.074
-0.14859 -0.08908 -0.07449
-0.14853 -0.08857 -0.075
-0.14843 -0.08809 -0.07554
-0.14832 -0.08764 -0.07613
-0.14825 -0.08722 -0.07674
-0.14822 -0.0868 -0.0773
-0.14823 -0.08635 -0.07783
-0.14836 -0.08581 -0.07841
-0.14851 -0.08523 -0.07894
-0.14859 -0.08458 -0.0794
-0.1488 -0.10078 -0.06232
-0.14881 -0.1012 -0.06173
-0.14877 -0.10028 -0.06284
-0.14862 -0.09969 -0.06326
-0.14848 -0.09912 -0.0637
-0.14836 -0.09864 -0.06423
-0.14824 -0.09821 -0.06482
-0.1482 -0.09778 -0.06535
-0.14815 -0.09733 -0.06586
-0.1481 -0.09686 -0.06635
-0.14805 -0.09639 -0.06684
-0.14799 -0.09589 -0.06731
-0.14794 -0.09537 -0.06776
-0.14789 -0.09487 -0.06824
-0.14785 -0.09441 -0.06876
-0.14781 -0.09398 -0.06928
-0.14777 -0.09355 -0.06981
-0.14771 -0.09309 -0.07032
-0.14766 -0.09263 -0.07083
-0.1476 -0.09212 -0.07135
-0.14753 -0.09158 -0.07184
-0.14747 -0.09104 -0.07232
-0.14741 -0.09052 -0.07283
-0.14735 -0.09002 -0.07335
-0.14728 -0.08952 -0.07388
-0.14722 -0.08904 -0.07442
-0.14717 -0.0886 -0.07498
-0.14709 -0.08819 -0.07559
-0.14702 -0.08781 -0.07623
-0.14696 -0.08745 -0.07688
-0.1469 -0.08709 -0.07753
-0.14706 -0.0866 -0.07815
-0.14722 -0.0861 -0.07874
-0.14738 -0.08555 -0.07931
-0.14748 -0.08491 -0.07977
-0.14755 -0.101 -0.06239
-0.14759 -0.10146 -0.06184
-0.14752 -0.10045 -0.06286
-0.14738 -0.09987 -0.06329
-0.14726 -0.09931 -0.06375
-0.14713 -0.09883 -0.06428
-0.14701 -0.09838 -0.06485
-0.1469 -0.09795 -0.06542
-0.14686 -0.09752 -0.06595
-0.14681 -0.09707 -0.06646
-0.14676 -0.09659 -0.06694
-0.14671 -0.0961 -0.06742
-0.14666 -0.09563 -0.06792
-0.14664 -0.09521 -0.06848
-0.14659 -0.09482 -0.06904
-0.14653 -0.09438 -0.06956
-0.14647 -0.0939 -0.07005
-0.1464 -0.09339 -0.07051
-0.14635 -0.09285 -0.07095
-0.14626 -0.09227 -0.0714
-0.14622 -0.09167 -0.07183
-0.14614 -0.09109 -0.07228
-0.14608 -0.09055 -0.07276
-0.14602 -0.09006 -0.07328
-0.14597 -0.0896 -0.07385
-0.14592 -0.0892 -0.07445
-0.14589 -0.08881 -0.07506
-0.14581 -0.08844 -0.07571
-0.14576 -0.0881 -0.07638
-0.14568 -0.08783 -0.07712
-0.14586 -0.08745 -0.07791
-0.14599 -0.08701 -0.07863
-0.14616 -0.0865 -0.07923
-0.14629 -0.08594 -0.07981
-0.14641 -0.0853 -0.0803
-0.1476 -0.10188 -0.06128
-0.14643 -0.10193 -0.06214
-0.14645 -0.1023 -0.06152
-0.14639 -0.10143 -0.06267
-0.14632 -0.10081 -0.06309
-0.14618 -0.10019 -0.06348
-0.14605 -0.09961 -0.06391
-0.14592 -0.0991 -0.06442
-0.14579 -0.09863 -0.06496
-0.14568 -0.09819 -0.06552
-0.14557 -0.09774 -0.06607
-0.14553 -0.09729 -0.06658
-0.14548 -0.09682 -0.06707
-0.14543 -0.09635 -0.06757
-0.1454 -0.09593 -0.06812
-0.14536 -0.09555 -0.06869
-0.1453 -0.09514 -0.06924
-0.14523 -0.09465 -0.06973
-0.14516 -0.09411 -0.07016
-0.14509 -0.09352 -0.07054
-0.14502 -0.09291 -0.0709
-0.14495 -0.09225 -0.07126
-0.14489 -0.09162 -0.07167
-0.14481 -0.09106 -0.07213
-0.14474 -0.09056 -0.07266
-0.1447 -0.09013 -0.07325
-0.14467 -0.08976 -0.07388
-0.14464 -0.08941 -0.07452
-0.14462 -0.08906 -0.07516
-0.14456 -0.08871 -0.07584
-0.14451 -0.08843 -0.07654
-0.14467 -0.08815 -0.07742
-0.14483 -0.08787 -0.07831
-0.145 -0.08751 -0.07911
-0.14514 -0.08703 -0.07982
-0.14527 -0.08646 -0.08044
-0.14536 -0.08579 -0.08097
-0.14529 -0.10284 -0.06186
-0.14528 -0.10245 -0.06248
-0.14519 -0.1019 -0.06297
-0.14512 -0.10119 -0.06333
-0.14495 -0.10051 -0.06365
-0.14483 -0.09989 -0.06406
-0.1447 -0.09938 -0.06455
-0.14458 -0.09892 -0.06511
-0.14445 -0.09849 -0.06568
-0.14435 -0.09804 -0.06623
-0.14425 -0.09758 -0.06677
-0.1442 -0.09709 -0.06725
-0.14413 -0.0966 -0.06772
-0.1441 -0.09613 -0.06822
-0.14403 -0.09567 -0.06874
-0.14397 -0.0952 -0.06922
-0.14389 -0.09467 -0.06968
-0.14382 -0.0941 -0.07006
-0.14374 -0.09347 -0.07039
-0.14367 -0.09285 -0.07073
-0.14362 -0.09221 -0.07111
-0.14354 -0.09162 -0.07156
-0.14348 -0.0911 -0.07206
-0.14342 -0.09065 -0.07264
-0.14339 -0.09025 -0.07325
-0.14335 -0.08988 -0.07388
-0.14332 -0.08955 -0.07453
-0.14331 -0.08923 -0.07519
-0.14325 -0.08894 -0.0759
-0.1434 -0.08864 -0.07673
-0.14355 -0.08838 -0.07764
-0.14372 -0.0881 -0.07853
-0.14386 -0.08776 -0.07938
-0.14401 -0.08734 -0.08015
-0.14412 -0.08677 -0.08082
-0.14422 -0.08602 -0.0813
-0.14407 -0.10278 -0.06264
-0.14411 -0.10321 -0.06205
-0.14399 -0.10216 -0.06308
-0.14389 -0.10141 -0.06339
-0.14372 -0.10068 -0.06368
-0.14358 -0.10008 -0.06411
-0.14347 -0.09963 -0.06466
-0.14337 -0.09922 -0.06526
-0.14327 -0.09882 -0.06587
-0.14317 -0.09843 -0.06649
-0.14307 -0.09798 -0.06705
-0.14294 -0.09743 -0.06749
-0.14286 -0.09681 -0.06783
-0.14277 -0.0962 -0.06816
-0.1427 -0.09562 -0.06854
-0.14263 -0.09507 -0.06896
-0.14255 -0.09454 -0.06941
-0.14247 -0.09399 -0.06983
-0.14239 -0.09338 -0.07017
-0.14232 -0.09277 -0.07053
-0.14226 -0.0922 -0.071
-0.1422 -0.0917 -0.07154
-0.14215 -0.09125 -0.0721
-0.1421 -0.09081 -0.07268
-0.14207 -0.09039 -0.07326
-0.14203 -0.08998 -0.07386
-0.14201 -0.08961 -0.0745
-0.14199 -0.0893 -0.07516
-0.14213 -0.08898 -0.076
-0.14228 -0.08868 -0.07685
-0.14243 -0.08838 -0.07773
-0.14258 -0.08806 -0.0786
-0.14271 -0.08773 -0.07943
-0.14283 -0.08733 -0.08021
-0.14293 -0.08674 -0.08082
-0.14301 -0.08597 -0.08121
-0.14281 -0.10287 -0.06262
-0.14286 -0.10332 -0.06205
-0.14274 -0.10224 -0.06304
-0.14263 -0.10147 -0.06332
-0.14249 -0.10075 -0.06362
-0.14233 -0.1002 -0.06408
-0.1422 -0.09982 -0.06471
-0.14215 -0.09951 -0.06541
-0.14203 -0.09923 -0.06615
-0.14201 -0.09889 -0.06685
-0.1419 -0.09843 -0.0674
-0.14176 -0.09779 -0.06776
-0.14144 -0.09705 -0.06803
-0.14139 -0.09632 -0.0682
-0.14128 -0.09564 -0.06841
-0.14128 -0.09498 -0.0687
-0.1412 -0.0944 -0.06909
-0.14113 -0.09385 -0.06953
-0.14107 -0.0933 -0.06995
-0.14099 -0.09274 -0.07039
-0.14096 -0.09225 -0.07092
-0.14091 -0.09184 -0.07155
-0.14086 -0.09146 -0.07217
-0.14082 -0.09103 -0.07275
-0.14079 -0.09054 -0.07328
-0.14076 -0.09007 -0.07383
-0.14073 -0.08967 -0.07445
-0.14081 -0.0893 -0.07516
-0.14099 -0.08895 -0.07595
-0.14114 -0.08862 -0.07678
-0.1413 -0.08828 -0.07764
-0.14139 -0.08797 -0.07847
-0.14152 -0.08766 -0.07932
-0.14161 -0.08724 -0.08007
-0.14171 -0.08661 -0.08064
-0.14176 -0.08585 -0.08099
-0.14152 -0.10286 -0.0625
-0.14156 -0.10333 -0.06196
-0.14145 -0.10221 -0.0629
-0.14137 -0.10149 -0.06322
-0.14121 -0.10085 -0.06359
-0.14108 -0.10035 -0.06409
-0.14099 -0.09999 -0.06476
-0.14093 -0.09976 -0.06553
-0.14088 -0.09955 -0.06636
-0.14082 -0.09929 -0.06714
-0.14071 -0.09879 -0.06768
-0.14056 -0.09809 -0.06795
-0.14028 -0.09728 -0.06814
-0.14 -0.09647 -0.06832
-0.13996 -0.09573 -0.06848
-0.13992 -0.09502 -0.0687
-0.13985 -0.09441 -0.06901
-0.13978 -0.09384 -0.06942
-0.13973 -0.09332 -0.06988
-0.13967 -0.09283 -0.07038
-0.13964 -0.09238 -0.07095
-0.13962 -0.09201 -0.07159
-0.13958 -0.09164 -0.07221
-0.13954 -0.0912 -0.07278
-0.13951 -0.09067 -0.07329
-0.13948 -0.09017 -0.07381
-0.13955 -0.08972 -0.07448
-0.13963 -0.08934 -0.07518
-0.13982 -0.08896 -0.07596
-0.14 -0.08858 -0.07673
-0.1401 -0.08819 -0.07751
-0.14021 -0.08783 -0.07831
-0.1403 -0.08749 -0.0791
-0.14039 -0.08704 -0.07983
-0.14044 -0.08642 -0.08035
-0.14051 -0.08573 -0.08078
-0.14156 -0.10366 -0.06131
-0.14029 -0.10341 -0.06192
-0.14031 -0.10383 -0.06134
-0.14025 -0.10289 -0.0624
-0.14021 -0.10227 -0.06282
-0.14012 -0.10165 -0.06323
-0.14 -0.10108 -0.06367
-0.13986 -0.10059 -0.06418
-0.13978 -0.10023 -0.06483
-0.13971 -0.10001 -0.06561
-0.13966 -0.0998 -0.06645
-0.13959 -0.09947 -0.0672
-0.13947 -0.09895 -0.06772
-0.13932 -0.09826 -0.06801
-0.13909 -0.09746 -0.06817
-0.13883 -0.09661 -0.06833
-0.13864 -0.0958 -0.06849
-0.13858 -0.09509 -0.06868
-0.13852 -0.09446 -0.06896
-0.13845 -0.0939 -0.06939
-0.1384 -0.09342 -0.0699
-0.13835 -0.09297 -0.07043
-0.13834 -0.09253 -0.071
-0.13831 -0.09211 -0.07159
-0.13829 -0.09169 -0.07217
-0.13825 -0.09123 -0.07273
-0.13822 -0.09074 -0.07326
-0.1383 -0.09023 -0.07386
-0.13838 -0.08981 -0.07453
-0.13845 -0.08947 -0.07526
-0.13863 -0.08908 -0.07604
-0.13877 -0.08861 -0.07673
-0.13893 -0.08809 -0.07738
-0.13904 -0.08763 -0.0781
-0.13913 -0.08721 -0.07884
-0.13917 -0.08673 -0.07945
-0.13922 -0.08617 -0.08
-0.13927 -0.08557 -0.08052
-0.13905 -0.10358 -0.06195
-0.13909 -0.1041 -0.06145
-0.139 -0.103 -0.06238
-0.13894 -0.10242 -0.06283
-0.13889 -0.10185 -0.06329
-0.13876 -0.10133 -0.06376
-0.13864 -0.10084 -0.06426
-0.13854 -0.10044 -0.06488
-0.13847 -0.10017 -0.06561
-0.13841 -0.09993 -0.06644
-0.13834 -0.09957 -0.06717
-0.13821 -0.09906 -0.06769
-0.13809 -0.09838 -0.06797
-0.13787 -0.09756 -0.06813
-0.13766 -0.09674 -0.06828
-0.13746 -0.09593 -0.06843
-0.13725 -0.09514 -0.06863
-0.13718 -0.09449 -0.06889
-0.13712 -0.09394 -0.06932
-0.13707 -0.09349 -0.06988
-0.13703 -0.09307 -0.07045
-0.13701 -0.09262 -0.07101
-0.13699 -0.09216 -0.07156
-0.13697 -0.09173 -0.07212
-0.13696 -0.0913 -0.0727
-0.13704 -0.09082 -0.07332
-0.13711 -0.09034 -0.07393
-0.13718 -0.0899 -0.07459
-0.13726 -0.08955 -0.07531
-0.1374 -0.08917 -0.07607
-0.13754 -0.08864 -0.07673
-0.13771 -0.08802 -0.07729
-0.13787 -0.08749 -0.07792
-0.1379 -0.08702 -0.07856
-0.13795 -0.08648 -0.07913
-0.138 -0.0859 -0.07966
-0.13804 -0.08539 -0.08026
-0.13784 -0.10391 -0.06212
-0.13794 -0.10452 -0.06171
-0.1378 -0.10326 -0.06249
-0.13774 -0.10266 -0.06291
-0.13768 -0.10211 -0.06339
-0.13754 -0.1016 -0.06388
-0.13742 -0.10108 -0.06437
-0.13734 -0.10062 -0.06492
-0.13722 -0.10024 -0.06554
-0.1372 -0.09989 -0.0663
-0.13704 -0.09952 -0.06696
-0.1369 -0.09902 -0.06749
-0.13678 -0.09836 -0.06781
-0.13668 -0.09762 -0.06802
-0.13645 -0.0968 -0.06819
-0.13626 -0.096 -0.06836
-0.13601 -0.09524 -0.06856
-0.13587 -0.09458 -0.06886
-0.13581 -0.09403 -0.0693
-0.13577 -0.09359 -0.06987
-0.13573 -0.09318 -0.07046
-0.1357 -0.09271 -0.07101
-0.13568 -0.09224 -0.07154
-0.13567 -0.09181 -0.07211
-0.13576 -0.09136 -0.07275
-0.13585 -0.09088 -0.07336
-0.13593 -0.09038 -0.07396
-0.13601 -0.08989 -0.07458
-0.13607 -0.08944 -0.07521
-0.13622 -0.089 -0.07592
-0.13636 -0.08854 -0.07662
-0.1365 -0.08803 -0.07729
-0.1366 -0.08755 -0.07791
-0.13666 -0.08705 -0.0785
-0.13672 -0.08641 -0.07898
-0.13677 -0.08572 -0.07942
-0.13684 -0.08517 -0.07999
-0.13672 -0.10434 -0.06241
-0.13683 -0.10505 -0.06208
-0.13663 -0.10365 -0.06274
-0.13656 -0.10305 -0.06315
-0.13651 -0.10251 -0.06365
-0.13638 -0.10199 -0.06414
-0.13624 -0.10142 -0.06458
-0.1361 -0.10088 -0.06503
-0.13598 -0.10037 -0.06553
-0.13586 -0.09988 -0.06608
-0.13573 -0.09936 -0.0666
-0.1356 -0.09881 -0.06705
-0.13548 -0.09821 -0.06743
-0.13536 -0.09753 -0.06774
-0.13525 -0.09681 -0.06799
-0.13501 -0.09606 -0.06822
-0.13477 -0.09533 -0.06848
-0.13463 -0.09471 -0.06885
-0.1345 -0.09418 -0.06936
-0.13447 -0.09375 -0.06994
-0.13443 -0.09333 -0.07051
-0.13441 -0.09285 -0.07104
-0.13438 -0.09234 -0.07156
-0.13447 -0.09185 -0.07215
-0.13456 -0.09136 -0.07276
-0.13465 -0.09084 -0.07333
-0.13475 -0.09031 -0.0739
-0.13481 -0.08978 -0.07447
-0.13488 -0.08921 -0.07501
-0.13504 -0.08867 -0.07564
-0.1352 -0.08826 -0.07638
-0.13527 -0.08794 -0.07714
-0.13533 -0.0876 -0.07788
-0.13539 -0.08713 -0.0785
-0.13547 -0.08648 -0.07895
-0.13556 -0.08568 -0.0793
-0.13563 -0.08499 -0.07976
-0.13689 -0.10562 -0.0616
-0.13564 -0.10532 -0.06221
-0.13572 -0.10594 -0.06178
-0.13555 -0.10462 -0.06256
-0.13545 -0.10397 -0.06294
-0.13538 -0.10342 -0.06342
-0.13535 -0.10289 -0.06393
-0.1352 -0.10234 -0.06439
-0.13506 -0.10173 -0.06479
-0.1349 -0.10115 -0.06519
-0.13477 -0.10057 -0.06561
-0.13462 -0.09997 -0.06601
-0.13448 -0.09934 -0.06635
-0.13429 -0.09867 -0.06667
-0.13418 -0.09804 -0.06699
-0.13405 -0.09739 -0.06735
-0.13391 -0.09675 -0.06772
-0.13376 -0.09613 -0.06807
-0.13353 -0.09547 -0.06847
-0.13339 -0.09491 -0.06892
-0.13328 -0.0944 -0.06947
-0.13318 -0.09396 -0.07006
-0.13314 -0.0935 -0.07059
-0.13311 -0.09297 -0.07107
-0.13318 -0.09236 -0.07156
-0.13326 -0.09181 -0.07212
-0.13335 -0.0913 -0.0727
-0.13344 -0.09078 -0.07327
-0.13353 -0.09026 -0.07384
-0.13362 -0.08972 -0.0744
-0.13369 -0.08911 -0.0749
-0.13385 -0.08845 -0.07544
-0.13395 -0.08799 -0.07607
-0.13403 -0.08766 -0.07682
-0.1341 -0.08735 -0.0776
-0.13415 -0.08694 -0.07826
-0.13424 -0.08637 -0.07881
-0.13435 -0.08568 -0.07923
-0.13441 -0.08495 -0.07967
-0.13434 -0.10534 -0.06209
-0.13442 -0.10594 -0.06165
-0.13427 -0.10474 -0.06251
-0.13422 -0.10419 -0.063
-0.13419 -0.1037 -0.06356
-0.13415 -0.10317 -0.06409
-0.13401 -0.10258 -0.0645
-0.13385 -0.10197 -0.06488
-0.13371 -0.10139 -0.06532
-0.13357 -0.10081 -0.06576
-0.1334 -0.10017 -0.06611
-0.13323 -0.09948 -0.06636
-0.13305 -0.09875 -0.06658
-0.13287 -0.09804 -0.06683
-0.13271 -0.09737 -0.06715
-0.13256 -0.09676 -0.06756
-0.13243 -0.09619 -0.06802
-0.13229 -0.09564 -0.0685
-0.13217 -0.0951 -0.06899
-0.13205 -0.09459 -0.06953
-0.13194 -0.09412 -0.07008
-0.13183 -0.09361 -0.0706
-0.1319 -0.093 -0.07109
-0.13197 -0.09237 -0.07156
-0.13205 -0.09178 -0.07207
-0.13214 -0.09125 -0.07265
-0.13223 -0.09077 -0.07325
-0.13233 -0.09029 -0.07386
-0.13241 -0.08977 -0.07444
-0.1325 -0.08916 -0.07493
-0.13259 -0.0885 -0.07539
-0.13268 -0.08792 -0.07592
-0.13277 -0.08747 -0.07658
-0.13286 -0.08708 -0.0773
-0.13294 -0.08665 -0.07796
-0.13302 -0.08615 -0.07856
-0.1331 -0.0856 -0.07912
-0.13319 -0.08502 -0.07966
-0.13307 -0.10547 -0.06207
-0.13314 -0.10604 -0.06161
-0.13303 -0.10494 -0.06255
-0.13299 -0.10444 -0.06308
-0.13296 -0.10395 -0.06365
-0.13291 -0.1034 -0.06413
-0.13276 -0.10278 -0.06451
-0.1326 -0.10218 -0.06489
-0.13247 -0.10161 -0.06534
-0.13234 -0.10104 -0.0658
-0.13219 -0.1004 -0.06616
-0.132 -0.0997 -0.06639
-0.13183 -0.09897 -0.06659
-0.13163 -0.09826 -0.06682
-0.13146 -0.09758 -0.06712
-0.13131 -0.09695 -0.06751
-0.13117 -0.09639 -0.06799
-0.13104 -0.09587 -0.06852
-0.13093 -0.09536 -0.06904
-0.13082 -0.09485 -0.06958
-0.13071 -0.09435 -0.07011
-0.13073 -0.09374 -0.07068
-0.13075 -0.09312 -0.07121
-0.13082 -0.0925 -0.07169
-0.13089 -0.09188 -0.07217
-0.13097 -0.09131 -0.0727
-0.13106 -0.09081 -0.0733
-0.13116 -0.09034 -0.07392
-0.13126 -0.08981 -0.07448
-0.13136 -0.08921 -0.07499
-0.13145 -0.08858 -0.07549
-0.13154 -0.08799 -0.07601
-0.13164 -0.08749 -0.07662
-0.13171 -0.08703 -0.07727
-0.13179 -0.08656 -0.0779
-0.13188 -0.08605 -0.0785
-0.13197 -0.08552 -0.07907
-0.13203 -0.08501 -0.07966
-0.13188 -0.1058 -0.06224
-0.13193 -0.10635 -0.06176
-0.13184 -0.10529 -0.06277
-0.13181 -0.10479 -0.0633
-0.13175 -0.10423 -0.06378
-0.13165 -0.1036 -0.06415
-0.13148 -0.10295 -0.06446
-0.13133 -0.10233 -0.06482
-0.1312 -0.10174 -0.06523
-0.13108 -0.10117 -0.06566
-0.13093 -0.10055 -0.06605
-0.13076 -0.09991 -0.06636
-0.13058 -0.09923 -0.06665
-0.1304 -0.09855 -0.06693
-0.13023 -0.09788 -0.06725
-0.13008 -0.09726 -0.06764
-0.12994 -0.0967 -0.06811
-0.12982 -0.09618 -0.06864
-0.12971 -0.09568 -0.06919
-0.12962 -0.0952 -0.06975
-0.12965 -0.09461 -0.07034
-0.12966 -0.09397 -0.07087
-0.12967 -0.09333 -0.07139
-0.12969 -0.09269 -0.07189
-0.12975 -0.09204 -0.07234
-0.12982 -0.09142 -0.07281
-0.1299 -0.09088 -0.07336
-0.12999 -0.09035 -0.07393
-0.1301 -0.0898 -0.07449
-0.13021 -0.08924 -0.07504
-0.1303 -0.08868 -0.0756
-0.13039 -0.08812 -0.07615
-0.13048 -0.08758 -0.07672
-0.13057 -0.08708 -0.07733
-0.13065 -0.0866 -0.07796
-0.13074 -0.08608 -0.07855
-0.13081 -0.08552 -0.07909
-0.13088 -0.08496 -0.07963
-0.13198 -0.10688 -0.06127
-0.13073 -0.10671 -0.06201
-0.1308 -0.10724 -0.06148
-0.13072 -0.10623 -0.06255
-0.13069 -0.10576 -0.06312
-0.13063 -0.10522 -0.06361
-0.13051 -0.10458 -0.06396
-0.13041 -0.10386 -0.06422
-0.13023 -0.10319 -0.06449
-0.13009 -0.10255 -0.06482
-0.12997 -0.10196 -0.06524
-0.12984 -0.10139 -0.06568
-0.1297 -0.1008 -0.06611
-0.12954 -0.10021 -0.06652
-0.12941 -0.09958 -0.06688
-0.12922 -0.09894 -0.06721
-0.12906 -0.09827 -0.06752
-0.1289 -0.09767 -0.06792
-0.12876 -0.0971 -0.06837
-0.12862 -0.09655 -0.06886
-0.12851 -0.09603 -0.06936
-0.12855 -0.09546 -0.06998
-0.1286 -0.09489 -0.0706
-0.1286 -0.09424 -0.07112
-0.1286 -0.09355 -0.07156
-0.1286 -0.09288 -0.07204
-0.12861 -0.0922 -0.07251
-0.12866 -0.09156 -0.07295
-0.12875 -0.09096 -0.07345
-0.12884 -0.09039 -0.07399
-0.12895 -0.08983 -0.07456
-0.12907 -0.08931 -0.07515
-0.12917 -0.08878 -0.07573
-0.12925 -0.08822 -0.07628
-0.12934 -0.08765 -0.07682
-0.12942 -0.0871 -0.07739
-0.12951 -0.08658 -0.07797
-0.12959 -0.08607 -0.07856
-0.12966 -0.08551 -0.07909
-0.12973 -0.08492 -0.07961
-0.12958 -0.10711 -0.06226
-0.1296 -0.10756 -0.06167
-0.12957 -0.10672 -0.06292
-0.12954 -0.10626 -0.06351
-0.12946 -0.10565 -0.06392
-0.12934 -0.10494 -0.06419
-0.12922 -0.10421 -0.06444
-0.12906 -0.10354 -0.06473
-0.12891 -0.10291 -0.06509
-0.12877 -0.10231 -0.06549
-0.12864 -0.10173 -0.06592
-0.12851 -0.10118 -0.06639
-0.12837 -0.1006 -0.06683
-0.12822 -0.09999 -0.06719
-0.12805 -0.09935 -0.06752
-0.12789 -0.09872 -0.06786
-0.12773 -0.09811 -0.06824
-0.12757 -0.09751 -0.06864
-0.12742 -0.09691 -0.06904
-0.12743 -0.09625 -0.06955
-0.12747 -0.09567 -0.07017
-0.12752 -0.09511 -0.07079
-0.12753 -0.09446 -0.0713
-0.12752 -0.09375 -0.07173
-0.12753 -0.0931 -0.07221
-0.12754 -0.09246 -0.07272
-0.12755 -0.0918 -0.07322
-0.12763 -0.09116 -0.07368
-0.12773 -0.09056 -0.07418
-0.12783 -0.08998 -0.07472
-0.12794 -0.08944 -0.0753
-0.12803 -0.08889 -0.07587
-0.12811 -0.08831 -0.0764
-0.12819 -0.08773 -0.07693
-0.12828 -0.08716 -0.07747
-0.12835 -0.0866 -0.07801
-0.12843 -0.08604 -0.07855
-0.1285 -0.08548 -0.07909
-0.12858 -0.08492 -0.07962
-0.12839 -0.1075 -0.06248
-0.12839 -0.10786 -0.0618
-0.12839 -0.10714 -0.06317
-0.12836 -0.10667 -0.06377
-0.1283 -0.1061 -0.06424
-0.12823 -0.10542 -0.0646
-0.12809 -0.10474 -0.06493
-0.12791 -0.10407 -0.06524
-0.12777 -0.10337 -0.06553
-0.1276 -0.10273 -0.06584
-0.12745 -0.1021 -0.06618
-0.12731 -0.10151 -0.06658
-0.12717 -0.10093 -0.06699
-0.12701 -0.10032 -0.06737
-0.12687 -0.09976 -0.06779
-0.12674 -0.09919 -0.06824
-0.12659 -0.09859 -0.06863
-0.12641 -0.09795 -0.06896
-0.12635 -0.09718 -0.0693
-0.12634 -0.09649 -0.06975
-0.12637 -0.09587 -0.07031
-0.1264 -0.09526 -0.07088
-0.12642 -0.09461 -0.0714
-0.12643 -0.09397 -0.07191
-0.12648 -0.09338 -0.07248
-0.12651 -0.09279 -0.07306
-0.12655 -0.09213 -0.07357
-0.12656 -0.09145 -0.07404
-0.12664 -0.0908 -0.07448
-0.12674 -0.09019 -0.07497
-0.12683 -0.0896 -0.0755
-0.12691 -0.08903 -0.07604
-0.12698 -0.08844 -0.07656
-0.12706 -0.08785 -0.07708
-0.12714 -0.08728 -0.07762
-0.12721 -0.08671 -0.07815
-0.12729 -0.08614 -0.07867
-0.12736 -0.08557 -0.0792
-0.12744 -0.08498 -0.07972
-0.12716 -0.10774 -0.06256
-0.12715 -0.10805 -0.06185
-0.12715 -0.10737 -0.06322
-0.12713 -0.10691 -0.06382
-0.12709 -0.10643 -0.06442
-0.12704 -0.10588 -0.06494
-0.12694 -0.10521 -0.0653
-0.12677 -0.10449 -0.06556
-0.12659 -0.10375 -0.06579
-0.1264 -0.10306 -0.06602
-0.12623 -0.10241 -0.06633
-0.12608 -0.10181 -0.0667
-0.12595 -0.10124 -0.06713
-0.12583 -0.10072 -0.06763
-0.12573 -0.10022 -0.06817
-0.12563 -0.0997 -0.06868
-0.12547 -0.0991 -0.06907
-0.12539 -0.0983 -0.06935
-0.12532 -0.09752 -0.06966
-0.12529 -0.09681 -0.07007
-0.12531 -0.09616 -0.07058
-0.12533 -0.09551 -0.0711
-0.12534 -0.09485 -0.0716
-0.12536 -0.09422 -0.07213
-0.12542 -0.09365 -0.07273
-0.12549 -0.09308 -0.07336
-0.12554 -0.09244 -0.0739
-0.12555 -0.09175 -0.07436
-0.12556 -0.09106 -0.07481
-0.12564 -0.09041 -0.07526
-0.12572 -0.08978 -0.07573
-0.12579 -0.08918 -0.07623
-0.12586 -0.08859 -0.07674
-0.12594 -0.08801 -0.07727
-0.12602 -0.08745 -0.07781
-0.12609 -0.08687 -0.07834
-0.12616 -0.08629 -0.07886
-0.12623 -0.08571 -0.07938
-0.12631 -0.08511 -0.07988
-0.12591 -0.10785 -0.06254
-0.1259 -0.10819 -0.06187
-0.12587 -0.10746 -0.06317
-0.12585 -0.10703 -0.06378
-0.12582 -0.10659 -0.06439
-0.12579 -0.10609 -0.06496
-0.1257 -0.10546 -0.06537
-0.12556 -0.10475 -0.06565
-0.12535 -0.10404 -0.06589
-0.12517 -0.10335 -0.06615
-0.125 -0.10273 -0.06649
-0.12488 -0.10216 -0.06692
-0.12477 -0.10164 -0.06742
-0.12468 -0.10116 -0.06795
-0.12457 -0.10065 -0.06848
-0.12445 -0.1001 -0.06894
-0.12441 -0.09938 -0.06934
-0.12436 -0.09862 -0.06968
-0.12432 -0.09789 -0.07007
-0.12432 -0.09722 -0.07053
-0.12432 -0.09654 -0.071
-0.12431 -0.09585 -0.07143
-0.1243 -0.09516 -0.0719
-0.12432 -0.09453 -0.07243
-0.12441 -0.09395 -0.07306
-0.1245 -0.0934 -0.0737
-0.12455 -0.09277 -0.07426
-0.12454 -0.09206 -0.07469
-0.12454 -0.09133 -0.07509
-0.12455 -0.09062 -0.07553
-0.12462 -0.08996 -0.07597
-0.12468 -0.08933 -0.07643
-0.12474 -0.08873 -0.07693
-0.12482 -0.08815 -0.07746
-0.1249 -0.08758 -0.078
-0.12496 -0.08701 -0.07853
-0.12504 -0.08643 -0.07905
-0.12511 -0.08584 -0.07957
-0.12517 -0.08524 -0.08007
-0.12592 -0.10854 -0.0612
-0.12465 -0.10835 -0.0619
-0.12467 -0.10872 -0.06126
-0.12463 -0.10798 -0.06253
-0.1246 -0.10758 -0.06313
-0.12457 -0.10716 -0.06375
-0.12455 -0.10673 -0.06436
-0.12451 -0.10626 -0.06494
-0.12445 -0.1057 -0.06542
-0.1243 -0.10505 -0.06576
-0.12414 -0.10437 -0.06607
-0.12398 -0.10374 -0.06642
-0.12384 -0.10314 -0.06682
-0.12371 -0.1026 -0.06726
-0.12359 -0.10206 -0.06772
-0.12347 -0.10152 -0.06819
-0.12334 -0.10099 -0.06865
-0.12334 -0.10032 -0.06912
-0.12332 -0.09963 -0.06956
-0.1233 -0.09892 -0.06999
-0.12329 -0.09823 -0.07044
-0.12331 -0.09756 -0.0709
-0.12329 -0.09685 -0.07131
-0.12325 -0.09612 -0.07169
-0.12325 -0.09544 -0.07215
-0.12331 -0.09482 -0.07273
-0.12342 -0.09427 -0.07341
-0.12352 -0.09375 -0.07409
-0.12355 -0.09308 -0.0746
-0.12352 -0.0923 -0.07494
-0.12349 -0.09153 -0.07529
-0.12349 -0.0908 -0.07571
-0.12351 -0.09012 -0.07617
-0.12356 -0.08949 -0.07663
-0.12362 -0.08887 -0.07711
-0.12369 -0.08828 -0.07762
-0.12377 -0.0877 -0.07815
-0.12384 -0.08713 -0.07869
-0.12391 -0.08656 -0.07924
-0.12398 -0.08599 -0.07977
-0.12404 -0.08539 -0.08027
-0.12342 -0.10858 -0.06199
-0.12343 -0.10897 -0.06136
-0.12339 -0.10819 -0.06261
-0.12336 -0.10775 -0.06319
-0.12332 -0.10727 -0.06374
-0.12326 -0.10678 -0.06428
-0.12322 -0.10628 -0.06481
-0.12316 -0.10577 -0.06533
-0.12306 -0.10523 -0.0658
-0.12293 -0.10469 -0.06627
-0.12283 -0.10415 -0.06675
-0.12271 -0.10364 -0.06723
-0.12259 -0.10311 -0.0677
-0.12246 -0.10254 -0.06813
-0.12232 -0.10197 -0.06856
-0.12232 -0.10131 -0.06903
-0.12233 -0.10066 -0.06955
-0.12232 -0.10001 -0.07002
-0.1223 -0.09931 -0.07046
-0.12227 -0.0986 -0.07086
-0.12223 -0.09787 -0.07123
-0.12218 -0.0971 -0.07157
-0.12213 -0.09635 -0.07192
-0.12214 -0.09566 -0.07237
-0.12222 -0.09502 -0.07292
-0.1223 -0.09444 -0.07355
-0.12239 -0.09387 -0.0742
-0.12241 -0.09319 -0.07468
-0.12239 -0.09241 -0.07501
-0.12237 -0.09166 -0.07539
-0.12238 -0.09097 -0.07586
-0.12241 -0.0903 -0.07636
-0.12241 -0.08964 -0.07685
-0.12248 -0.08902 -0.07733
-0.12254 -0.08841 -0.07783
-0.12261 -0.08783 -0.07834
-0.12267 -0.08725 -0.0789
-0.12275 -0.0867 -0.07946
-0.12283 -0.08615 -0.08001
-0.12291 -0.08556 -0.08054
-0.12219 -0.10885 -0.06211
-0.12225 -0.10928 -0.06149
-0.12216 -0.10843 -0.06271
-0.12212 -0.10798 -0.06329
-0.12206 -0.10747 -0.06381
-0.122 -0.10691 -0.06429
-0.12194 -0.10637 -0.06478
-0.12189 -0.10586 -0.06529
-0.12179 -0.10539 -0.06583
-0.12171 -0.10496 -0.06641
-0.12163 -0.10451 -0.06697
-0.12154 -0.10405 -0.06751
-0.12144 -0.10355 -0.06803
-0.12132 -0.10301 -0.0685
-0.12132 -0.10235 -0.06899
-0.12135 -0.10173 -0.06953
-0.12138 -0.10113 -0.0701
-0.1214 -0.1005 -0.07064
-0.12139 -0.09981 -0.0711
-0.12134 -0.09907 -0.07146
-0.12128 -0.09829 -0.07177
-0.12122 -0.09751 -0.07208
-0.12116 -0.09676 -0.07242
-0.12113 -0.09603 -0.0728
-0.12114 -0.09532 -0.07323
-0.12117 -0.09462 -0.07369
-0.12121 -0.09393 -0.07417
-0.12123 -0.09322 -0.07463
-0.12123 -0.0925 -0.07505
-0.12124 -0.0918 -0.07549
-0.12128 -0.09113 -0.076
-0.12132 -0.09047 -0.07653
-0.12133 -0.08983 -0.07705
-0.12135 -0.08921 -0.07759
-0.12141 -0.08862 -0.0781
-0.12148 -0.08802 -0.07861
-0.12154 -0.08743 -0.07914
-0.1216 -0.08686 -0.0797
-0.12169 -0.0863 -0.08026
-0.12178 -0.08572 -0.08081
-0.12099 -0.10907 -0.06216
-0.12105 -0.10954 -0.06158
-0.12091 -0.10861 -0.06276
-0.12088 -0.10818 -0.06335
-0.12083 -0.1077 -0.06391
-0.12078 -0.10718 -0.06443
-0.12074 -0.10668 -0.06495
-0.1207 -0.10619 -0.06549
-0.12059 -0.10571 -0.06603
-0.12049 -0.10523 -0.06656
-0.12038 -0.10475 -0.06709
-0.12028 -0.10428 -0.06762
-0.12019 -0.10379 -0.06815
-0.12023 -0.10322 -0.06873
-0.12026 -0.10263 -0.06931
-0.12031 -0.10205 -0.06989
-0.12035 -0.10147 -0.07048
-0.12039 -0.10089 -0.07109
-0.12043 -0.10026 -0.07164
-0.12042 -0.09956 -0.07208
-0.12038 -0.09877 -0.07243
-0.12033 -0.09802 -0.07277
-0.1203 -0.09729 -0.07315
-0.12026 -0.09655 -0.07352
-0.12021 -0.0958 -0.07385
-0.12018 -0.09498 -0.07412
-0.12015 -0.09418 -0.07443
-0.12015 -0.09344 -0.07482
-0.12015 -0.09273 -0.07527
-0.12017 -0.09202 -0.07572
-0.12019 -0.09132 -0.07621
-0.12023 -0.09067 -0.07675
-0.12026 -0.09006 -0.0773
-0.12028 -0.08944 -0.07784
-0.12029 -0.08882 -0.07838
-0.12035 -0.08823 -0.07889
-0.12041 -0.08763 -0.07941
-0.12048 -0.08702 -0.07994
-0.12055 -0.08642 -0.08049
-0.12064 -0.08586 -0.08105
-0.12112 -0.10997 -0.06096
-0.11986 -0.10977 -0.06164
-0.11992 -0.11019 -0.06102
-0.11978 -0.10927 -0.06221
-0.1197 -0.1088 -0.06279
-0.11963 -0.10836 -0.06341
-0.11961 -0.10792 -0.064
-0.11958 -0.10747 -0.06458
-0.11955 -0.10702 -0.06516
-0.11952 -0.10657 -0.06574
-0.11942 -0.1061 -0.06628
-0.1193 -0.10557 -0.06677
-0.11918 -0.10506 -0.06727
-0.11906 -0.10457 -0.0678
-0.1191 -0.10399 -0.06837
-0.11914 -0.10342 -0.06895
-0.11919 -0.10286 -0.06956
-0.11923 -0.1023 -0.07016
-0.11925 -0.10169 -0.07071
-0.11928 -0.10109 -0.07128
-0.11932 -0.10049 -0.07186
-0.11934 -0.09985 -0.0724
-0.11935 -0.09915 -0.07286
-0.11935 -0.09845 -0.07332
-0.11935 -0.09774 -0.07375
-0.1193 -0.09697 -0.07408
-0.11924 -0.09614 -0.07432
-0.11919 -0.0953 -0.07456
-0.11914 -0.09452 -0.07484
-0.11913 -0.09378 -0.07523
-0.11914 -0.09305 -0.07565
-0.11915 -0.09231 -0.07607
-0.11915 -0.0916 -0.07653
-0.11918 -0.09093 -0.07704
-0.11919 -0.09028 -0.07755
-0.11919 -0.08963 -0.07806
-0.1192 -0.08901 -0.07859
-0.11922 -0.08838 -0.07912
-0.11928 -0.08775 -0.07962
-0.11935 -0.08712 -0.08011
-0.11943 -0.08655 -0.08069
-0.11951 -0.086 -0.08129
-0.11864 -0.10992 -0.06164
-0.1187 -0.11032 -0.06099
-0.11857 -0.10946 -0.06224
-0.1185 -0.10901 -0.06284
-0.11844 -0.10861 -0.06348
-0.11837 -0.10821 -0.06413
-0.11835 -0.10778 -0.06473
-0.11832 -0.10732 -0.0653
-0.11831 -0.10685 -0.06588
-0.11821 -0.10638 -0.06643
-0.1181 -0.1059 -0.06695
-0.11798 -0.10542 -0.0675
-0.11802 -0.10487 -0.06811
-0.11805 -0.1043 -0.06869
-0.11808 -0.10371 -0.06925
-0.11811 -0.10311 -0.06981
-0.11814 -0.10248 -0.07035
-0.11814 -0.10181 -0.07083
-0.11816 -0.10116 -0.07133
-0.11817 -0.10056 -0.0719
-0.11821 -0.09996 -0.07248
-0.11823 -0.09932 -0.07302
-0.11825 -0.09867 -0.07354
-0.11824 -0.09796 -0.07396
-0.11818 -0.09718 -0.07425
-0.11812 -0.09634 -0.07448
-0.11808 -0.09551 -0.07474
-0.11807 -0.09476 -0.0751
-0.11809 -0.09405 -0.07556
-0.1181 -0.09335 -0.07607
-0.11813 -0.09267 -0.07655
-0.11814 -0.09198 -0.07705
-0.11815 -0.09129 -0.07751
-0.11813 -0.09059 -0.07789
-0.11811 -0.08985 -0.07829
-0.11812 -0.08919 -0.07876
-0.11815 -0.08853 -0.07928
-0.11816 -0.08784 -0.07975
-0.11822 -0.08717 -0.08019
-0.11831 -0.08662 -0.0808
-0.11838 -0.08612 -0.08149
-0.11741 -0.10999 -0.06158
-0.11748 -0.11043 -0.06096
-0.11735 -0.10958 -0.06221
-0.11729 -0.10919 -0.06286
-0.11724 -0.10883 -0.06353
-0.11718 -0.10846 -0.0642
-0.11712 -0.10806 -0.06486
-0.11711 -0.10759 -0.06543
-0.11708 -0.10708 -0.06597
-0.11698 -0.10661 -0.06652
-0.11688 -0.10618 -0.0671
-0.11693 -0.10567 -0.06775
-0.11697 -0.10516 -0.0684
-0.117 -0.1046 -0.069
-0.11702 -0.104 -0.06956
-0.11704 -0.10335 -0.07006
-0.11703 -0.10262 -0.07049
-0.11703 -0.1019 -0.0709
-0.11704 -0.10124 -0.07138
-0.11707 -0.10066 -0.07199
-0.11712 -0.10012 -0.07264
-0.11715 -0.09951 -0.07322
-0.11715 -0.09885 -0.07372
-0.11714 -0.09816 -0.07415
-0.1171 -0.0974 -0.07448
-0.11706 -0.09658 -0.07474
-0.11703 -0.09577 -0.07502
-0.11702 -0.09499 -0.07538
-0.11703 -0.09427 -0.07582
-0.11706 -0.09362 -0.07637
-0.11712 -0.09306 -0.07707
-0.11717 -0.09247 -0.07772
-0.11717 -0.09174 -0.07814
-0.11712 -0.09094 -0.0784
-0.11706 -0.09013 -0.07863
-0.11705 -0.08936 -0.07896
-0.11707 -0.08865 -0.07939
-0.11707 -0.08793 -0.07982
-0.11707 -0.08719 -0.08023
-0.11715 -0.08658 -0.08076
-0.11722 -0.08604 -0.0814
-0.1162 -0.11013 -0.06157
-0.11626 -0.1106 -0.06099
-0.11613 -0.10971 -0.06221
-0.11608 -0.10934 -0.06287
-0.11603 -0.10899 -0.06354
-0.11598 -0.10863 -0.06422
-0.11593 -0.10825 -0.06489
-0.11588 -0.10781 -0.06552
-0.11586 -0.10735 -0.06609
-0.11577 -0.10693 -0.06669
-0.11583 -0.10646 -0.06737
-0.11588 -0.10594 -0.06801
-0.11591 -0.10539 -0.06863
-0.11593 -0.10482 -0.06923
-0.11594 -0.10422 -0.06979
-0.11594 -0.10354 -0.07027
-0.11593 -0.10278 -0.07065
-0.11592 -0.10203 -0.07102
-0.11593 -0.10136 -0.07149
-0.11597 -0.10081 -0.07213
-0.11603 -0.10031 -0.07284
-0.11607 -0.09977 -0.0735
-0.1161 -0.09915 -0.07405
-0.1161 -0.09847 -0.07451
-0.11608 -0.09773 -0.0749
-0.11605 -0.09693 -0.0752
-0.11601 -0.0961 -0.07547
-0.11598 -0.09528 -0.07573
-0.11597 -0.0945 -0.07606
-0.11598 -0.09383 -0.07661
-0.11606 -0.09335 -0.07743
-0.1161 -0.09283 -0.07823
-0.11612 -0.09207 -0.07861
-0.11606 -0.09124 -0.07881
-0.11603 -0.09036 -0.07897
-0.11598 -0.08953 -0.07917
-0.11599 -0.08874 -0.07949
-0.11598 -0.08799 -0.07986
-0.11598 -0.08725 -0.08024
-0.116 -0.08652 -0.08066
-0.11606 -0.08589 -0.08113
-0.11499 -0.11036 -0.06165
-0.11507 -0.11086 -0.06108
-0.11493 -0.10993 -0.06227
-0.11488 -0.10954 -0.06291
-0.11483 -0.10917 -0.06357
-0.11479 -0.10879 -0.06424
-0.11474 -0.10839 -0.0649
-0.11469 -0.10798 -0.06554
-0.11464 -0.10758 -0.06619
-0.1147 -0.10716 -0.06691
-0.11475 -0.10669 -0.06759
-0.11478 -0.10612 -0.06819
-0.11481 -0.10552 -0.06876
-0.11482 -0.10492 -0.06932
-0.11483 -0.1043 -0.06986
-0.11482 -0.10361 -0.07032
-0.11481 -0.10286 -0.07071
-0.11482 -0.10213 -0.07111
-0.11482 -0.10147 -0.07159
-0.11486 -0.10093 -0.07224
-0.11491 -0.10046 -0.07296
-0.11496 -0.09993 -0.07364
-0.11499 -0.09934 -0.07423
-0.11499 -0.09866 -0.0747
-0.11498 -0.09792 -0.07508
-0.11496 -0.09711 -0.07538
-0.11493 -0.09627 -0.07562
-0.1149 -0.09543 -0.07585
-0.11488 -0.09461 -0.07613
-0.11491 -0.09391 -0.07662
-0.11496 -0.09345 -0.07748
-0.11501 -0.09296 -0.07835
-0.11502 -0.09222 -0.0788
-0.11499 -0.09139 -0.07902
-0.11496 -0.09053 -0.07918
-0.11492 -0.08967 -0.07934
-0.1149 -0.08883 -0.07955
-0.11489 -0.08804 -0.07984
-0.11489 -0.08727 -0.08018
-0.11489 -0.08652 -0.08056
-0.1149 -0.08581 -0.081
-0.11372 -0.11068 -0.06174
-0.11379 -0.11119 -0.0612
-0.11366 -0.11022 -0.06234
-0.1136 -0.1098 -0.06296
-0.11354 -0.10939 -0.06359
-0.1135 -0.10898 -0.06424
-0.11346 -0.10859 -0.0649
-0.11341 -0.1082 -0.06557
-0.11348 -0.10777 -0.0663
-0.1135 -0.10731 -0.06702
-0.11353 -0.10674 -0.06762
-0.11355 -0.10609 -0.06814
-0.11358 -0.10547 -0.06867
-0.11358 -0.10485 -0.06921
-0.11359 -0.10421 -0.06971
-0.11359 -0.10353 -0.07017
-0.11358 -0.1028 -0.07058
-0.1136 -0.10211 -0.07101
-0.11362 -0.10151 -0.07158
-0.11366 -0.101 -0.07227
-0.1137 -0.10051 -0.07297
-0.11374 -0.09992 -0.07357
-0.11375 -0.09927 -0.07406
-0.11375 -0.09857 -0.07451
-0.11376 -0.09783 -0.07488
-0.11373 -0.09702 -0.07519
-0.11369 -0.0962 -0.07546
-0.11368 -0.09537 -0.0757
-0.11368 -0.09454 -0.07597
-0.11374 -0.09378 -0.07642
-0.11372 -0.0933 -0.07715
-0.11372 -0.09289 -0.07809
-0.11379 -0.09226 -0.07876
-0.1138 -0.09149 -0.07908
-0.11376 -0.09064 -0.0793
-0.11374 -0.08978 -0.07947
-0.11371 -0.08891 -0.07963
-0.11369 -0.08808 -0.07985
-0.11369 -0.08729 -0.08015
-0.11369 -0.08654 -0.08052
-0.11375 -0.08579 -0.08098
-0.11234 -0.10608 -0.06808
-0.11235 -0.10538 -0.06852
-0.11236 -0.10473 -0.06901
-0.11236 -0.10407 -0.06949
-0.11236 -0.10337 -0.06994
-0.11235 -0.10267 -0.07037
-0.11238 -0.10203 -0.07087
-0.11241 -0.1015 -0.07151
-0.11245 -0.10102 -0.07223
-0.11248 -0.10051 -0.07291
-0.1125 -0.09986 -0.07342
-0.11251 -0.09913 -0.0738
-0.11252 -0.0984 -0.07417
-0.11254 -0.09768 -0.07457
-0.1125 -0.09691 -0.07495
-0.11246 -0.0961 -0.07524
-0.11246 -0.09525 -0.07549
-0.11247 -0.0944 -0.07572
-0.11248 -0.09361 -0.07604
-0.11249 -0.09299 -0.0766
-0.11252 -0.09256 -0.07753
-0.11255 -0.09211 -0.07844
-0.11256 -0.09149 -0.07902
-0.11256 -0.09074 -0.0794
-0.11255 -0.08989 -0.07962
-0.11253 -0.08903 -0.07979
-0.11251 -0.08819 -0.07999
-0.1125 -0.08738 -0.08027
-0.11255 -0.0866 -0.08064
-0.1126 -0.08585 -0.08108
-0.11113 -0.10262 -0.07027
-0.11117 -0.10203 -0.07082
-0.1112 -0.1015 -0.07145
-0.11125 -0.10097 -0.0721
-0.11127 -0.10041 -0.07271
-0.11129 -0.09978 -0.07323
-0.11132 -0.09905 -0.07362
-0.11133 -0.09829 -0.07394
-0.11136 -0.09757 -0.07433
-0.11133 -0.09684 -0.07477
-0.11129 -0.09605 -0.07511
-0.11127 -0.09518 -0.07533
-0.11126 -0.09431 -0.07553
-0.11127 -0.09348 -0.0758
-0.11129 -0.09277 -0.07623
-0.11135 -0.09224 -0.07702
-0.11134 -0.09187 -0.07799
-0.11128 -0.09144 -0.07882
-0.11136 -0.09079 -0.07942
-0.11137 -0.08999 -0.0797
-0.11135 -0.08912 -0.07989
-0.11135 -0.08829 -0.08011
-0.11137 -0.08748 -0.08045
-0.1114 -0.08672 -0.0809
-0.11144 -0.08597 -0.08132
-0.11009 -0.09975 -0.07312
-0.11012 -0.09903 -0.07353
-0.11015 -0.09825 -0.07383
-0.11018 -0.0975 -0.07417
-0.11015 -0.09675 -0.07457
-0.11012 -0.09598 -0.07494
-0.11009 -0.09515 -0.07521
-0.11006 -0.09428 -0.07543
-0.11006 -0.09347 -0.07571
-0.11007 -0.09277 -0.07614
-0.1101 -0.09219 -0.07684
-0.11011 -0.09178 -0.07775
-0.11011 -0.09137 -0.07864
-0.11015 -0.09074 -0.07928
-0.11015 -0.08997 -0.07961
-0.11016 -0.08914 -0.07985
-0.11019 -0.08832 -0.08015
-0.11023 -0.08758 -0.08063
-0.11026 -0.08685 -0.08112
-0.11028 -0.08606 -0.08149
-0.10897 -0.09597 -0.0748
-0.10893 -0.09513 -0.07511
-0.10887 -0.09432 -0.07541
-0.10886 -0.09354 -0.07576
-0.10888 -0.09284 -0.07622
-0.10895 -0.09223 -0.07686
-0.10891 -0.09177 -0.07768
-0.10894 -0.0913 -0.07851
-0.10895 -0.09066 -0.0791
-0.10896 -0.08991 -0.07946
-0.109 -0.08909 -0.07977
-0.10904 -0.08832 -0.08016
-0.10908 -0.08762 -0.08068
-0.1091 -0.08687 -0.08114
-0.10913 -0.08605 -0.08147
-0.10771 -0.0923 -0.07691
-0.10772 -0.09174 -0.07759
-0.10773 -0.0912 -0.07832
-0.10775 -0.09059 -0.07894
-0.10779 -0.08988 -0.07942
-0.10784 -0.08911 -0.07982
-0.10789 -0.08837 -0.08025
-0.10793 -0.08762 -0.08068
-0.10795 -0.08682 -0.08103
-0.10798 -0.08597 -0.0813
-0.10667 -0.08918 -0.07993
-0.10672 -0.08843 -0.08037
-0.10676 -0.08764 -0.08072
-0.1068 -0.0868 -0.08099
-0.10683 -0.08593 -0.08122
-0.10568 -0.08595 -0.08127
-0.15611 -0.09914 -0.0615
-0.15611 -0.09888 -0.06215
-0.15488 -0.09934 -0.06165
-0.15487 -0.09904 -0.06229
-0.15611 -0.09865 -0.06284
-0.15483 -0.09873 -0.06291
-0.15612 -0.09844 -0.06353
-0.15486 -0.09844 -0.06355
-0.15616 -0.09817 -0.06422
-0.15487 -0.09818 -0.0642
-0.15615 -0.09781 -0.06484
-0.15489 -0.09789 -0.06486
-0.15609 -0.09734 -0.06537
-0.15483 -0.09747 -0.06543
-0.15599 -0.09678 -0.0658
-0.15479 -0.0969 -0.0659
-0.1559 -0.09613 -0.06616
-0.15467 -0.09628 -0.06623
-0.1558 -0.09545 -0.06647
-0.15456 -0.09562 -0.06653
-0.15563 -0.0948 -0.06676
-0.15437 -0.09498 -0.06683
-0.15545 -0.09416 -0.06706
-0.15427 -0.09437 -0.06717
-0.15535 -0.09354 -0.06739
-0.15418 -0.0938 -0.06757
-0.15412 -0.09331 -0.06805
-0.15408 -0.09284 -0.06858
-0.15402 -0.09238 -0.06907
-0.15397 -0.09189 -0.06954
-0.15391 -0.09138 -0.07
-0.15384 -0.09086 -0.07045
-0.15376 -0.09032 -0.0709
-0.1537 -0.08978 -0.07137
-0.15366 -0.0893 -0.0719
-0.15365 -0.08886 -0.07248
-0.15362 -0.08845 -0.07308
-0.1536 -0.08798 -0.07363
-0.15082 -0.08334 -0.07903
-0.15189 -0.08291 -0.07849
-0.15079 -0.0828 -0.07945
-0.15188 -0.08235 -0.0789
-0.15079 -0.08227 -0.07991
-0.14967 -0.0837 -0.07945
-0.14966 -0.08319 -0.07991
-0.1497 -0.08266 -0.08042
-0.14973 -0.08211 -0.08089
-0.15083 -0.08174 -0.0804
-0.14971 -0.08155 -0.0813
-0.15085 -0.08123 -0.08088
-0.14966 -0.08095 -0.08165
-0.15083 -0.08068 -0.08131
-0.14963 -0.0803 -0.08194
-0.1508 -0.08006 -0.08165
-0.14959 -0.07964 -0.08223
-0.15076 -0.07941 -0.08197
-0.14957 -0.07903 -0.08259
-0.15074 -0.07879 -0.08232
-0.14958 -0.07848 -0.08303
-0.15073 -0.07821 -0.08272
-0.14958 -0.07795 -0.08351
-0.14855 -0.084 -0.07979
-0.14852 -0.08345 -0.08023
-0.14854 -0.08291 -0.08072
-0.14854 -0.08234 -0.08116
-0.14849 -0.08175 -0.08152
-0.14847 -0.08111 -0.08183
-0.14844 -0.08046 -0.08212
-0.14842 -0.07982 -0.08245
-0.1484 -0.07923 -0.08282
-0.14842 -0.07869 -0.08329
-0.14843 -0.07821 -0.08385
-0.14959 -0.07745 -0.08401
-0.14846 -0.07773 -0.08442
-0.14959 -0.0769 -0.08446
-0.14845 -0.0772 -0.08488
-0.14842 -0.07656 -0.0852
-0.14957 -0.07629 -0.08481
-0.14838 -0.07585 -0.08541
-0.14954 -0.07563 -0.08509
-0.14834 -0.07515 -0.08561
-0.14951 -0.07498 -0.08536
-0.1483 -0.07448 -0.08587
-0.14949 -0.07436 -0.08571
-0.14828 -0.07387 -0.08624
-0.14948 -0.0738 -0.08615
-0.14745 -0.0843 -0.08016
-0.14739 -0.08372 -0.08055
-0.14736 -0.08313 -0.08096
-0.14732 -0.08253 -0.08135
-0.1473 -0.08189 -0.08168
-0.14728 -0.08126 -0.082
-0.14726 -0.08063 -0.08233
-0.14724 -0.08 -0.08266
-0.14722 -0.07938 -0.08301
-0.14721 -0.0788 -0.08341
-0.14722 -0.07827 -0.0839
-0.14723 -0.07776 -0.08443
-0.14723 -0.0772 -0.08488
-0.14721 -0.07657 -0.0852
-0.14717 -0.07589 -0.08545
-0.14714 -0.07522 -0.08569
-0.14711 -0.07457 -0.08599
-0.14709 -0.07398 -0.08639
-0.14827 -0.07333 -0.08671
-0.14708 -0.07343 -0.08685
-0.14828 -0.0728 -0.08719
-0.14707 -0.07287 -0.0873
-0.14703 -0.07226 -0.08767
-0.14825 -0.07219 -0.08758
-0.14699 -0.0716 -0.08794
-0.14822 -0.07153 -0.08783
-0.14694 -0.07091 -0.08817
-0.14818 -0.07083 -0.08803
-0.1469 -0.07024 -0.08841
-0.1481 -0.07012 -0.08823
-0.14687 -0.06959 -0.0887
-0.14807 -0.06944 -0.08846
-0.14685 -0.06898 -0.08905
-0.14804 -0.0688 -0.08877
-0.14802 -0.06821 -0.08916
-0.14683 -0.06839 -0.08946
-0.14638 -0.08472 -0.08075
-0.14633 -0.08408 -0.08111
-0.14623 -0.08343 -0.08141
-0.14621 -0.0827 -0.08165
-0.14613 -0.08201 -0.08188
-0.1461 -0.08134 -0.08213
-0.14608 -0.0807 -0.08244
-0.14604 -0.0801 -0.0828
-0.14602 -0.07949 -0.08316
-0.146 -0.07888 -0.08352
-0.14601 -0.07828 -0.08389
-0.14598 -0.07769 -0.08429
-0.14598 -0.0771 -0.08468
-0.14596 -0.07649 -0.08503
-0.14595 -0.07587 -0.08537
-0.14593 -0.07525 -0.08572
-0.14589 -0.07467 -0.08615
-0.1459 -0.07413 -0.08662
-0.14589 -0.07359 -0.08711
-0.14587 -0.07303 -0.08755
-0.14584 -0.07242 -0.0879
-0.1458 -0.07175 -0.08817
-0.14575 -0.07108 -0.08841
-0.14572 -0.07042 -0.0887
-0.1457 -0.06979 -0.08902
-0.14568 -0.06917 -0.08935
-0.14566 -0.06855 -0.08969
-0.14682 -0.06784 -0.08991
-0.14565 -0.06797 -0.0901
-0.14681 -0.06729 -0.09036
-0.14564 -0.06741 -0.09053
-0.14534 -0.08512 -0.08137
-0.14522 -0.08438 -0.08161
-0.14515 -0.08361 -0.08177
-0.14507 -0.08284 -0.0819
-0.145 -0.08211 -0.08204
-0.14493 -0.0814 -0.08222
-0.14486 -0.08075 -0.08248
-0.14483 -0.08017 -0.08287
-0.14483 -0.07962 -0.08334
-0.14483 -0.07906 -0.08378
-0.14483 -0.07846 -0.08414
-0.14481 -0.07782 -0.08446
-0.14478 -0.07719 -0.08477
-0.14476 -0.07656 -0.08511
-0.14475 -0.07596 -0.08548
-0.14475 -0.07538 -0.08589
-0.14474 -0.07485 -0.0864
-0.14474 -0.07436 -0.08697
-0.14473 -0.07386 -0.08751
-0.14469 -0.07328 -0.08795
-0.14466 -0.07263 -0.08825
-0.14462 -0.07194 -0.08847
-0.14458 -0.07124 -0.08866
-0.14454 -0.07055 -0.0889
-0.1445 -0.06989 -0.08916
-0.14447 -0.06924 -0.08944
-0.14445 -0.06861 -0.08977
-0.14445 -0.06804 -0.09019
-0.14444 -0.06749 -0.09064
-0.14413 -0.08525 -0.08157
-0.14407 -0.08444 -0.08172
-0.14396 -0.08364 -0.08183
-0.14389 -0.08288 -0.08195
-0.14384 -0.08217 -0.0821
-0.14373 -0.08148 -0.0823
-0.14365 -0.08086 -0.08262
-0.14364 -0.0803 -0.08306
-0.14365 -0.07978 -0.08358
-0.14368 -0.07925 -0.08407
-0.14369 -0.07866 -0.08446
-0.14365 -0.07802 -0.08475
-0.14362 -0.07736 -0.08504
-0.14359 -0.07672 -0.08535
-0.14358 -0.07612 -0.08573
-0.14358 -0.07554 -0.08614
-0.14358 -0.07499 -0.08661
-0.14355 -0.07448 -0.08713
-0.14355 -0.07396 -0.08767
-0.1435 -0.07339 -0.08811
-0.14347 -0.07273 -0.0884
-0.14343 -0.07202 -0.08861
-0.14338 -0.07131 -0.08879
-0.14333 -0.0706 -0.08896
-0.14329 -0.06992 -0.08917
-0.14326 -0.06926 -0.08944
-0.14325 -0.06865 -0.08978
-0.14324 -0.06806 -0.09019
-0.14297 -0.08519 -0.0814
-0.14288 -0.0844 -0.08155
-0.14278 -0.08362 -0.08169
-0.14269 -0.08286 -0.08185
-0.1426 -0.0822 -0.08207
-0.14254 -0.08157 -0.08238
-0.1425 -0.081 -0.0828
-0.14247 -0.08047 -0.08329
-0.14249 -0.07993 -0.08378
-0.14249 -0.07935 -0.08423
-0.14249 -0.07875 -0.08458
-0.14246 -0.07812 -0.08489
-0.14244 -0.07748 -0.08521
-0.14242 -0.07686 -0.08556
-0.14241 -0.07626 -0.08595
-0.1424 -0.07567 -0.08635
-0.14236 -0.07507 -0.08673
-0.14232 -0.07448 -0.0871
-0.14229 -0.07388 -0.08749
-0.14226 -0.07327 -0.08785
-0.14223 -0.07265 -0.0882
-0.14221 -0.07199 -0.0885
-0.14217 -0.07131 -0.08874
-0.14212 -0.07062 -0.08895
-0.14208 -0.06994 -0.08917
-0.14205 -0.0693 -0.08947
-0.14204 -0.0687 -0.08985
-0.14203 -0.06811 -0.09023
-0.14184 -0.08516 -0.08122
-0.14173 -0.08439 -0.08141
-0.14164 -0.08363 -0.08158
-0.14149 -0.08292 -0.08177
-0.14141 -0.08226 -0.08204
-0.14135 -0.08168 -0.08244
-0.14131 -0.08114 -0.08293
-0.14131 -0.0806 -0.08344
-0.14132 -0.08005 -0.08394
-0.14131 -0.07946 -0.08437
-0.14129 -0.07885 -0.08472
-0.1413 -0.07824 -0.08506
-0.14128 -0.07762 -0.08542
-0.14127 -0.07701 -0.08579
-0.14127 -0.07642 -0.08619
-0.14127 -0.07582 -0.08659
-0.14122 -0.0752 -0.08693
-0.14116 -0.07455 -0.0872
-0.1411 -0.07388 -0.08745
-0.14108 -0.07321 -0.0877
-0.14105 -0.07255 -0.08798
-0.14101 -0.07191 -0.08829
-0.14099 -0.07127 -0.0886
-0.14094 -0.07062 -0.0889
-0.14091 -0.06999 -0.08923
-0.14088 -0.06939 -0.08959
-0.14087 -0.06879 -0.08996
-0.14085 -0.06817 -0.0903
-0.14057 -0.0851 -0.08111
-0.14058 -0.08445 -0.0814
-0.14046 -0.08375 -0.08165
-0.14032 -0.08307 -0.08191
-0.14025 -0.08243 -0.08222
-0.1402 -0.08188 -0.08267
-0.14019 -0.08135 -0.08319
-0.14019 -0.08081 -0.0837
-0.14018 -0.08025 -0.08419
-0.14016 -0.07966 -0.08463
-0.14017 -0.07906 -0.08501
-0.14018 -0.07845 -0.08538
-0.14016 -0.07782 -0.08573
-0.14014 -0.07719 -0.08607
-0.14014 -0.07658 -0.08646
-0.14014 -0.07596 -0.08684
-0.14008 -0.07532 -0.08714
-0.14001 -0.07465 -0.08735
-0.13997 -0.07395 -0.08756
-0.13992 -0.07326 -0.08779
-0.13989 -0.07259 -0.08804
-0.13985 -0.07194 -0.08833
-0.13982 -0.07133 -0.08868
-0.1398 -0.07072 -0.08905
-0.13977 -0.07012 -0.08943
-0.13974 -0.06952 -0.0898
-0.13971 -0.0689 -0.09013
-0.13934 -0.08504 -0.08098
-0.13931 -0.08449 -0.08137
-0.13927 -0.08389 -0.08171
-0.13915 -0.08327 -0.08208
-0.13907 -0.08272 -0.08256
-0.13909 -0.08222 -0.0831
-0.13909 -0.0817 -0.08364
-0.13908 -0.08113 -0.08413
-0.13906 -0.08054 -0.08457
-0.13904 -0.07993 -0.08499
-0.139 -0.0793 -0.08537
-0.13901 -0.07865 -0.08569
-0.13898 -0.07799 -0.08598
-0.13898 -0.07734 -0.08631
-0.13898 -0.07673 -0.08669
-0.13898 -0.07611 -0.08706
-0.13891 -0.07546 -0.08734
-0.13887 -0.07476 -0.08753
-0.13882 -0.07406 -0.08771
-0.13878 -0.07337 -0.08796
-0.13875 -0.07273 -0.08825
-0.13872 -0.0721 -0.08858
-0.13869 -0.07149 -0.08895
-0.13867 -0.0709 -0.08934
-0.13864 -0.07029 -0.0897
-0.1386 -0.06968 -0.09004
-0.13857 -0.06906 -0.09039
-0.13808 -0.08494 -0.0808
-0.13805 -0.08449 -0.08131
-0.13801 -0.08399 -0.08181
-0.13798 -0.0835 -0.08231
-0.13798 -0.08303 -0.08292
-0.13798 -0.08257 -0.08354
-0.13798 -0.08205 -0.08408
-0.13797 -0.08144 -0.08453
-0.13794 -0.08082 -0.08494
-0.13792 -0.0802 -0.08535
-0.1379 -0.07957 -0.08575
-0.13787 -0.07889 -0.08608
-0.13785 -0.0782 -0.08632
-0.13784 -0.07754 -0.08663
-0.13784 -0.07693 -0.08702
-0.13785 -0.07631 -0.0874
-0.1378 -0.07563 -0.08764
-0.13774 -0.07492 -0.08781
-0.13769 -0.07421 -0.08798
-0.13765 -0.07352 -0.08821
-0.13761 -0.07287 -0.08847
-0.13758 -0.07224 -0.08879
-0.13755 -0.07164 -0.08916
-0.13753 -0.07105 -0.08956
-0.13751 -0.07046 -0.08996
-0.13748 -0.06988 -0.09035
-0.13687 -0.08477 -0.08057
-0.13682 -0.08442 -0.08117
-0.13676 -0.08405 -0.08178
-0.13682 -0.08365 -0.08242
-0.13683 -0.08323 -0.08308
-0.13685 -0.08279 -0.08372
-0.13684 -0.08225 -0.08427
-0.13684 -0.08162 -0.08471
-0.13682 -0.08098 -0.08511
-0.13681 -0.08037 -0.08555
-0.1368 -0.07978 -0.08602
-0.13677 -0.07914 -0.08641
-0.13673 -0.07844 -0.0867
-0.13671 -0.07779 -0.08701
-0.13671 -0.07716 -0.08738
-0.1367 -0.07649 -0.08768
-0.13664 -0.07579 -0.08786
-0.13658 -0.07508 -0.08801
-0.13653 -0.07437 -0.08817
-0.13649 -0.07367 -0.08838
-0.13645 -0.07302 -0.08865
-0.13643 -0.07238 -0.08898
-0.1364 -0.07178 -0.08937
-0.13639 -0.07122 -0.08981
-0.13632 -0.07068 -0.09033
-0.13567 -0.08453 -0.08029
-0.13559 -0.08419 -0.08091
-0.13563 -0.08385 -0.08161
-0.13566 -0.08349 -0.0823
-0.13567 -0.08311 -0.08297
-0.13568 -0.08269 -0.08361
-0.13568 -0.08219 -0.08418
-0.13568 -0.0816 -0.08466
-0.13567 -0.08097 -0.08507
-0.13566 -0.08036 -0.08549
-0.13563 -0.07979 -0.08596
-0.1356 -0.0792 -0.08641
-0.13558 -0.07858 -0.08682
-0.13555 -0.07796 -0.0872
-0.13554 -0.0773 -0.08754
-0.13552 -0.07661 -0.08778
-0.13547 -0.07591 -0.08796
-0.13541 -0.07521 -0.08812
-0.13537 -0.07451 -0.08831
-0.13534 -0.07382 -0.08857
-0.13531 -0.07317 -0.08887
-0.13529 -0.07254 -0.08921
-0.13526 -0.07195 -0.0896
-0.13525 -0.07143 -0.0901
-0.13522 -0.07094 -0.09068
-0.13446 -0.08443 -0.08013
-0.13446 -0.084 -0.08074
-0.13451 -0.08359 -0.0814
-0.1345 -0.08321 -0.08204
-0.13452 -0.08284 -0.0827
-0.13452 -0.08243 -0.08335
-0.13454 -0.08198 -0.08393
-0.13453 -0.08145 -0.08447
-0.13452 -0.08086 -0.08491
-0.13449 -0.08024 -0.0853
-0.13448 -0.07965 -0.08572
-0.13443 -0.07908 -0.08616
-0.13441 -0.07854 -0.08667
-0.1344 -0.07799 -0.08718
-0.13438 -0.07737 -0.08758
-0.13436 -0.07671 -0.08786
-0.13432 -0.07603 -0.08808
-0.13427 -0.07535 -0.0883
-0.13423 -0.07466 -0.08854
-0.1342 -0.07398 -0.08879
-0.13414 -0.0733 -0.08905
-0.13414 -0.07263 -0.08932
-0.1341 -0.072 -0.08966
-0.13409 -0.07149 -0.09016
-0.13331 -0.08446 -0.08015
-0.13332 -0.08395 -0.08068
-0.13333 -0.08347 -0.08125
-0.13333 -0.08303 -0.08185
-0.13335 -0.08262 -0.08248
-0.13337 -0.08221 -0.08311
-0.13337 -0.08174 -0.08368
-0.13338 -0.08124 -0.08421
-0.13336 -0.08071 -0.08469
-0.13334 -0.08014 -0.08514
-0.13331 -0.07955 -0.08554
-0.13329 -0.07895 -0.08594
-0.13327 -0.07843 -0.08646
-0.13325 -0.07796 -0.08706
-0.13323 -0.07744 -0.0876
-0.13321 -0.07682 -0.088
-0.13317 -0.07617 -0.08828
-0.13314 -0.0755 -0.08851
-0.13309 -0.0748 -0.08872
-0.13304 -0.0741 -0.0889
-0.13301 -0.07336 -0.08909
-0.13297 -0.07264 -0.08929
-0.13293 -0.07197 -0.0896
-0.13291 -0.07143 -0.09007
-0.13215 -0.0845 -0.08019
-0.13217 -0.08397 -0.08072
-0.13218 -0.08345 -0.08124
-0.13219 -0.08296 -0.08179
-0.13221 -0.08251 -0.08239
-0.13222 -0.08207 -0.08298
-0.13223 -0.08159 -0.08354
-0.13221 -0.08109 -0.08405
-0.13217 -0.08057 -0.08455
-0.13215 -0.08004 -0.08505
-0.13212 -0.07948 -0.0855
-0.13212 -0.07891 -0.08594
-0.13212 -0.07839 -0.08645
-0.13208 -0.07792 -0.08702
-0.13205 -0.07738 -0.08755
-0.13201 -0.07679 -0.08798
-0.13199 -0.07617 -0.08831
-0.13196 -0.07549 -0.08856
-0.13191 -0.07478 -0.08875
-0.13186 -0.07407 -0.08891
-0.13183 -0.07333 -0.08907
-0.13178 -0.07259 -0.08928
-0.13175 -0.07193 -0.08961
-0.13172 -0.07141 -0.09012
-0.13101 -0.08446 -0.08018
-0.13102 -0.08398 -0.08074
-0.13103 -0.08347 -0.08127
-0.13103 -0.08294 -0.08178
-0.13105 -0.08243 -0.08231
-0.13106 -0.08195 -0.08287
-0.13104 -0.08149 -0.08342
-0.13102 -0.08099 -0.08394
-0.13099 -0.08048 -0.08446
-0.13096 -0.07996 -0.08498
-0.13095 -0.07945 -0.0855
-0.13093 -0.07894 -0.08603
-0.13092 -0.0784 -0.08649
-0.13091 -0.07783 -0.08691
-0.13087 -0.07722 -0.08731
-0.13083 -0.0766 -0.08768
-0.13081 -0.07599 -0.08801
-0.13078 -0.07536 -0.08831
-0.13073 -0.07467 -0.08856
-0.13067 -0.07397 -0.08877
-0.13064 -0.07325 -0.08899
-0.1306 -0.07256 -0.08929
-0.13057 -0.07199 -0.08974
-0.13055 -0.07154 -0.09031
-0.12985 -0.08441 -0.08015
-0.12986 -0.08396 -0.08073
-0.12987 -0.08347 -0.08128
-0.12987 -0.08291 -0.08177
-0.12989 -0.08236 -0.08226
-0.12988 -0.08186 -0.08277
-0.12986 -0.08139 -0.08331
-0.12984 -0.0809 -0.08383
-0.12981 -0.08038 -0.08435
-0.12978 -0.07987 -0.08487
-0.12975 -0.07936 -0.08541
-0.12972 -0.07885 -0.08592
-0.12971 -0.07827 -0.08634
-0.1297 -0.07765 -0.08669
-0.12969 -0.07701 -0.08702
-0.12966 -0.07637 -0.08735
-0.12963 -0.07576 -0.08768
-0.1296 -0.07515 -0.08803
-0.12956 -0.07452 -0.08834
-0.1295 -0.07385 -0.08862
-0.12947 -0.07319 -0.08895
-0.12942 -0.07259 -0.08937
-0.12939 -0.07208 -0.08988
-0.12869 -0.0844 -0.08014
-0.1287 -0.0839 -0.08069
-0.12871 -0.0834 -0.08123
-0.12872 -0.08287 -0.08175
-0.1287 -0.08237 -0.08226
-0.12868 -0.08186 -0.08277
-0.12866 -0.08136 -0.08327
-0.12865 -0.08084 -0.08376
-0.12862 -0.08028 -0.08423
-0.1286 -0.07972 -0.08469
-0.12858 -0.07916 -0.08515
-0.12855 -0.07859 -0.08559
-0.12852 -0.07801 -0.086
-0.12851 -0.07741 -0.08638
-0.12849 -0.0768 -0.08675
-0.12847 -0.07619 -0.08712
-0.12844 -0.07561 -0.08751
-0.1284 -0.07504 -0.08792
-0.12835 -0.07444 -0.0883
-0.12832 -0.07381 -0.08862
-0.12828 -0.07317 -0.08898
-0.12824 -0.07259 -0.08941
-0.12821 -0.07207 -0.0899
-0.12754 -0.08443 -0.08022
-0.12754 -0.08389 -0.08072
-0.12755 -0.08337 -0.08123
-0.12754 -0.08287 -0.08175
-0.12752 -0.08239 -0.08229
-0.12751 -0.08189 -0.0828
-0.12748 -0.08136 -0.08328
-0.12747 -0.08081 -0.08374
-0.12744 -0.08022 -0.08418
-0.12741 -0.07963 -0.08457
-0.1274 -0.07899 -0.08495
-0.12738 -0.07837 -0.08532
-0.12734 -0.07778 -0.08571
-0.12732 -0.0772 -0.08614
-0.1273 -0.07664 -0.08658
-0.12728 -0.07609 -0.08704
-0.12724 -0.07555 -0.0875
-0.1272 -0.07502 -0.08795
-0.12714 -0.07442 -0.08833
-0.12711 -0.07378 -0.08863
-0.12708 -0.0731 -0.08893
-0.12705 -0.07249 -0.08931
-0.12702 -0.07197 -0.08981
-0.1264 -0.08454 -0.08036
-0.1264 -0.08398 -0.08083
-0.12638 -0.08343 -0.0813
-0.12637 -0.08292 -0.08181
-0.12635 -0.08243 -0.08234
-0.12633 -0.08192 -0.08284
-0.12631 -0.08135 -0.08328
-0.1263 -0.08074 -0.08366
-0.12626 -0.08012 -0.08404
-0.12623 -0.07948 -0.0844
-0.12621 -0.07883 -0.08474
-0.1262 -0.07819 -0.08508
-0.12617 -0.07758 -0.08549
-0.12613 -0.07704 -0.08598
-0.1261 -0.07654 -0.08652
-0.12608 -0.07602 -0.08702
-0.12604 -0.07549 -0.08747
-0.12601 -0.07492 -0.08787
-0.12597 -0.07431 -0.08821
-0.12593 -0.07365 -0.0885
-0.1259 -0.07296 -0.08878
-0.12586 -0.07233 -0.08915
-0.12526 -0.08466 -0.08053
-0.12524 -0.0841 -0.08098
-0.12521 -0.08354 -0.08144
-0.1252 -0.08301 -0.08193
-0.12518 -0.0825 -0.08243
-0.12517 -0.08195 -0.0829
-0.12514 -0.08135 -0.0833
-0.12514 -0.08071 -0.08362
-0.1251 -0.08004 -0.08394
-0.12508 -0.0794 -0.08429
-0.12505 -0.07875 -0.08465
-0.12503 -0.07813 -0.08502
-0.12499 -0.07754 -0.08545
-0.12495 -0.07701 -0.08597
-0.12491 -0.07654 -0.08656
-0.12488 -0.07601 -0.08705
-0.12483 -0.0754 -0.0874
-0.12482 -0.07477 -0.0877
-0.12477 -0.07411 -0.08799
-0.12474 -0.07346 -0.08829
-0.12473 -0.07282 -0.08862
-0.12468 -0.07221 -0.08902
-0.1241 -0.08482 -0.08073
-0.12408 -0.08426 -0.08118
-0.12406 -0.08369 -0.08162
-0.12404 -0.08314 -0.08209
-0.12402 -0.0826 -0.08257
-0.124 -0.08204 -0.08303
-0.12398 -0.08143 -0.08342
-0.12396 -0.08079 -0.08375
-0.12393 -0.08014 -0.0841
-0.12389 -0.07949 -0.08446
-0.12385 -0.07884 -0.08481
-0.12382 -0.07821 -0.08517
-0.12379 -0.07762 -0.08559
-0.12375 -0.07708 -0.0861
-0.1237 -0.07658 -0.08665
-0.12368 -0.07599 -0.08707
-0.12364 -0.07532 -0.08733
-0.12362 -0.07464 -0.08757
-0.12359 -0.07396 -0.08783
-0.12355 -0.07332 -0.08816
-0.12352 -0.07271 -0.08854
-0.12349 -0.07214 -0.08896
-0.12296 -0.08499 -0.08101
-0.12293 -0.08442 -0.08145
-0.1229 -0.08385 -0.08188
-0.12288 -0.08327 -0.08232
-0.12285 -0.0827 -0.08275
-0.12282 -0.08211 -0.08318
-0.1228 -0.0815 -0.08357
-0.12279 -0.08086 -0.08394
-0.12275 -0.0802 -0.08428
-0.12271 -0.07953 -0.0846
-0.12268 -0.07886 -0.08489
-0.12265 -0.07821 -0.08523
-0.12262 -0.07761 -0.08564
-0.12258 -0.07705 -0.08612
-0.12254 -0.07647 -0.08656
-0.12254 -0.07583 -0.08691
-0.12253 -0.07517 -0.08716
-0.1225 -0.07449 -0.0874
-0.12247 -0.07383 -0.0877
-0.12242 -0.07323 -0.08808
-0.12239 -0.07266 -0.08852
-0.12236 -0.07211 -0.08897
-0.12182 -0.08517 -0.08129
-0.12178 -0.0846 -0.08174
-0.12175 -0.08399 -0.08214
-0.12171 -0.08335 -0.08248
-0.12168 -0.08269 -0.08278
-0.12165 -0.08203 -0.08309
-0.12165 -0.08137 -0.08343
-0.12165 -0.08073 -0.08379
-0.12161 -0.08007 -0.08412
-0.12157 -0.07939 -0.08442
-0.12154 -0.07871 -0.08471
-0.1215 -0.07805 -0.08504
-0.12147 -0.07745 -0.08544
-0.12143 -0.07688 -0.0859
-0.12142 -0.07626 -0.08631
-0.12141 -0.0756 -0.08664
-0.12139 -0.07495 -0.08691
-0.12138 -0.07432 -0.0872
-0.12134 -0.07371 -0.08758
-0.12129 -0.07316 -0.08804
-0.12126 -0.07263 -0.08853
-0.12067 -0.08532 -0.08155
-0.12063 -0.08472 -0.08197
-0.12056 -0.08406 -0.08228
-0.12054 -0.08334 -0.0825
-0.12048 -0.08261 -0.08268
-0.1205 -0.08188 -0.08287
-0.1205 -0.08118 -0.08311
-0.1205 -0.08052 -0.08341
-0.12046 -0.07985 -0.08374
-0.12042 -0.07916 -0.08405
-0.12037 -0.07851 -0.0844
-0.12035 -0.07787 -0.08479
-0.12031 -0.07727 -0.0852
-0.12029 -0.07669 -0.08567
-0.12027 -0.0761 -0.08613
-0.12026 -0.07547 -0.08653
-0.12024 -0.07485 -0.08683
-0.12023 -0.07423 -0.08716
-0.12021 -0.07366 -0.08757
-0.12017 -0.07314 -0.08806
-0.12014 -0.07263 -0.08857
-0.11953 -0.08545 -0.0818
-0.11948 -0.08481 -0.08213
-0.11943 -0.08408 -0.08235
-0.11937 -0.08333 -0.0825
-0.11935 -0.08256 -0.08262
-0.11934 -0.08179 -0.08277
-0.11934 -0.08107 -0.08296
-0.11933 -0.08038 -0.08323
-0.11929 -0.07972 -0.08356
-0.11925 -0.07907 -0.08392
-0.11922 -0.07843 -0.08432
-0.11918 -0.07782 -0.08474
-0.11916 -0.07721 -0.08518
-0.11914 -0.07662 -0.08564
-0.11912 -0.07604 -0.08611
-0.1191 -0.07546 -0.08657
-0.11908 -0.07487 -0.08695
-0.11907 -0.07426 -0.08729
-0.11906 -0.07368 -0.08767
-0.11905 -0.07315 -0.08812
-0.11902 -0.07263 -0.08861
-0.11838 -0.08552 -0.08195
-0.11833 -0.08483 -0.08221
-0.11828 -0.08408 -0.08238
-0.11823 -0.08331 -0.08251
-0.11822 -0.08253 -0.08263
-0.1182 -0.08176 -0.08277
-0.11818 -0.08104 -0.08296
-0.11818 -0.08035 -0.08323
-0.11814 -0.07971 -0.08361
-0.1181 -0.0791 -0.08404
-0.11807 -0.07848 -0.08447
-0.11803 -0.07786 -0.08488
-0.11801 -0.07724 -0.0853
-0.11799 -0.07662 -0.08571
-0.11797 -0.07602 -0.08615
-0.11795 -0.07543 -0.0866
-0.11794 -0.07487 -0.08701
-0.11792 -0.07427 -0.08737
-0.11791 -0.07368 -0.08775
-0.1179 -0.07313 -0.08818
-0.11722 -0.08545 -0.08184
-0.11717 -0.08477 -0.08213
-0.11714 -0.08403 -0.08234
-0.1171 -0.08329 -0.08252
-0.11707 -0.08253 -0.08269
-0.11705 -0.08177 -0.08285
-0.11704 -0.08105 -0.08307
-0.11702 -0.08036 -0.08336
-0.11699 -0.07974 -0.08374
-0.11695 -0.07914 -0.08419
-0.11692 -0.07854 -0.08463
-0.11689 -0.0779 -0.08502
-0.11686 -0.07726 -0.08541
-0.11684 -0.07663 -0.08581
-0.11682 -0.07602 -0.08623
-0.1168 -0.07542 -0.08666
-0.11679 -0.07485 -0.08706
-0.11678 -0.07426 -0.08744
-0.11676 -0.07368 -0.08782
-0.11676 -0.07313 -0.08825
-0.11606 -0.08528 -0.08155
-0.11604 -0.08462 -0.0819
-0.11602 -0.08395 -0.0822
-0.11597 -0.08325 -0.08248
-0.11596 -0.08253 -0.08276
-0.11592 -0.08181 -0.08298
-0.11588 -0.08108 -0.0832
-0.11587 -0.08038 -0.08346
-0.11583 -0.07974 -0.08382
-0.11581 -0.07914 -0.08427
-0.11579 -0.07854 -0.08471
-0.11575 -0.07791 -0.08511
-0.11573 -0.07727 -0.0855
-0.1157 -0.07666 -0.08592
-0.11567 -0.07606 -0.08637
-0.11565 -0.07546 -0.0868
-0.11564 -0.07489 -0.0872
-0.11563 -0.07431 -0.08758
-0.11562 -0.07372 -0.08796
-0.11493 -0.08517 -0.08139
-0.1149 -0.08452 -0.08176
-0.11487 -0.08386 -0.08211
-0.11484 -0.08321 -0.08246
-0.11481 -0.08252 -0.08277
-0.11478 -0.08181 -0.08303
-0.11475 -0.08108 -0.08325
-0.11472 -0.08037 -0.08351
-0.11468 -0.07972 -0.08387
-0.11466 -0.07911 -0.08432
-0.11464 -0.07852 -0.08477
-0.11462 -0.07792 -0.0852
-0.11459 -0.07731 -0.08562
-0.11456 -0.07671 -0.08606
-0.11453 -0.07612 -0.08652
-0.11451 -0.07553 -0.08698
-0.1145 -0.07497 -0.08738
-0.11449 -0.07438 -0.08776
-0.11448 -0.07379 -0.08813
-0.11381 -0.08517 -0.08137
-0.11378 -0.08454 -0.08177
-0.11375 -0.08391 -0.08217
-0.11372 -0.08327 -0.08255
-0.11369 -0.08258 -0.08284
-0.11366 -0.08185 -0.08308
-0.11362 -0.08112 -0.08331
-0.11358 -0.08043 -0.08358
-0.11356 -0.07978 -0.08393
-0.11354 -0.07918 -0.08438
-0.11352 -0.0786 -0.08485
-0.1135 -0.07801 -0.0853
-0.11347 -0.07741 -0.08574
-0.11344 -0.07682 -0.08618
-0.11342 -0.07623 -0.08664
-0.11339 -0.07564 -0.0871
-0.11338 -0.07508 -0.08751
-0.11337 -0.0745 -0.08789
-0.11337 -0.07392 -0.08828
-0.11266 -0.08523 -0.08147
-0.11265 -0.0846 -0.08185
-0.11262 -0.08396 -0.08224
-0.11259 -0.08332 -0.08262
-0.11257 -0.08264 -0.08293
-0.11254 -0.08193 -0.08319
-0.1125 -0.08122 -0.08344
-0.11245 -0.08053 -0.08372
-0.11244 -0.07988 -0.08407
-0.11243 -0.07929 -0.08451
-0.11241 -0.07871 -0.08498
-0.11238 -0.07812 -0.08542
-0.11235 -0.07751 -0.08585
-0.11232 -0.07691 -0.08629
-0.11229 -0.07632 -0.08673
-0.11227 -0.07573 -0.08718
-0.11226 -0.07518 -0.0876
-0.11226 -0.07461 -0.08801
-0.1115 -0.08531 -0.08163
-0.1115 -0.08464 -0.08193
-0.11148 -0.08398 -0.08224
-0.11146 -0.08332 -0.0826
-0.11145 -0.08266 -0.08295
-0.1114 -0.082 -0.08327
-0.11136 -0.08131 -0.08355
-0.11131 -0.08062 -0.08384
-0.1113 -0.07999 -0.0842
-0.1113 -0.07941 -0.08465
-0.11129 -0.07883 -0.0851
-0.11126 -0.07823 -0.08554
-0.11124 -0.07762 -0.08596
-0.1112 -0.07701 -0.08638
-0.11117 -0.07641 -0.08682
-0.11114 -0.07583 -0.08727
-0.11114 -0.07528 -0.08771
-0.11113 -0.07473 -0.08813
-0.11034 -0.08537 -0.08175
-0.11034 -0.08468 -0.08201
-0.11034 -0.08401 -0.08231
-0.11033 -0.08335 -0.08265
-0.1103 -0.08271 -0.083
-0.11026 -0.08206 -0.08331
-0.11022 -0.08137 -0.08361
-0.11018 -0.0807 -0.08394
-0.11016 -0.08009 -0.08434
-0.11016 -0.07952 -0.08479
-0.11016 -0.07895 -0.08525
-0.11015 -0.07835 -0.08567
-0.11012 -0.07774 -0.08609
-0.11009 -0.07712 -0.0865
-0.11005 -0.07652 -0.08693
-0.11002 -0.07595 -0.0874
-0.11001 -0.07542 -0.08785
-0.10919 -0.08535 -0.08174
-0.10919 -0.08469 -0.08204
-0.10919 -0.08404 -0.08237
-0.10917 -0.08339 -0.0827
-0.10916 -0.08276 -0.08304
-0.10913 -0.08211 -0.08337
-0.10909 -0.08145 -0.08371
-0.10905 -0.08083 -0.08409
-0.10904 -0.08023 -0.08451
-0.10903 -0.07965 -0.08494
-0.10903 -0.07906 -0.08537
-0.10902 -0.07845 -0.08578
-0.10901 -0.07784 -0.08618
-0.10897 -0.07723 -0.08659
-0.10893 -0.07664 -0.08704
-0.10891 -0.07609 -0.08754
-0.1089 -0.07558 -0.08802
-0.10804 -0.08527 -0.08158
-0.10804 -0.08462 -0.08191
-0.10803 -0.08399 -0.08227
-0.10801 -0.08336 -0.08262
-0.108 -0.08275 -0.08301
-0.10799 -0.08215 -0.08341
-0.10795 -0.08156 -0.08383
-0.10792 -0.08098 -0.08429
-0.10791 -0.0804 -0.08472
-0.1079 -0.07978 -0.08511
-0.10789 -0.07915 -0.08547
-0.10788 -0.07852 -0.08584
-0.10787 -0.07789 -0.08622
-0.10786 -0.0773 -0.08664
-0.10783 -0.07675 -0.08714
-0.1078 -0.07624 -0.0877
-0.10779 -0.07575 -0.08821
-0.1069 -0.08522 -0.08146
-0.10689 -0.08455 -0.08178
-0.10687 -0.08392 -0.08213
-0.10686 -0.08331 -0.08253
-0.10684 -0.08274 -0.08297
-0.10683 -0.08219 -0.08344
-0.10681 -0.08165 -0.08394
-0.10679 -0.0811 -0.08444
-0.10678 -0.08052 -0.08487
-0.10677 -0.07987 -0.08521
-0.10675 -0.07923 -0.08555
-0.10674 -0.07858 -0.08589
-0.10673 -0.07794 -0.08624
-0.10672 -0.07734 -0.08667
-0.10671 -0.07683 -0.08719
-0.10669 -0.07635 -0.08779
-0.10574 -0.08524 -0.08151
-0.10573 -0.08457 -0.0818
-0.10572 -0.08391 -0.08211
-0.1057 -0.08329 -0.08248
-0.10569 -0.08272 -0.08293
-0.10567 -0.08218 -0.08343
-0.10566 -0.08167 -0.08396
-0.10565 -0.08114 -0.08448
-0.10564 -0.08055 -0.08489
-0.10563 -0.07989 -0.08521
-0.10562 -0.07923 -0.08552
-0.1056 -0.07859 -0.08587
-0.10559 -0.07796 -0.08624
-0.10558 -0.07738 -0.08668
-0.10558 -0.07685 -0.08719
-0.10557 -0.07634 -0.08772
-0.10456 -0.08268 -0.08284
-0.10454 -0.08212 -0.08331
-0.10453 -0.0816 -0.08383
-0.10451 -0.08107 -0.08434
-0.10452 -0.08051 -0.08476
-0.10451 -0.07986 -0.08511
-0.10451 -0.0792 -0.08542
-0.10449 -0.07857 -0.08578
-0.10448 -0.07798 -0.08621
-0.10446 -0.07743 -0.08669
-0.10446 -0.07687 -0.08717
-0.10444 -0.07631 -0.08761
-0.10339 -0.07913 -0.08526
-0.10338 -0.07853 -0.08567
-0.10336 -0.07795 -0.08612
-0.10335 -0.0774 -0.08659
-0.10333 -0.07684 -0.08705
-0.10332 -0.07624 -0.08745
POLYGONS 4490 17960
3 0 1 2
3 2 1 3
3 1 4 3
3 1 5 4
3 5 6 4
3 5 7 6
3 7 8 6
3 7 9 8
3 9 10 8
3 9 11 10
3 11 12 10
3 11 13 12
3 13 14 12
3 13 15 14
3 15 16 14
3 15 17 16
3 17 18 16
3 17 19 18
3 19 20 18
3 19 21 20
3 21 22 20
3 21 23 22
3 23 24 22
3 23 25 24
3 25 26 24
3 25 27 26
3 27 28 26
3 26 28 29
3 28 30 29
3 29 30 31
3 30 32 31
3 30 33 32
3 33 34 32
3 33 35 34
3 35 36 34
3 35 37 36
3 37 38 36
3 37 39 38
3 39 40 38
3 39 41 40
3 41 42 40
3 40 42 43
3 42 44 43
3 43 44 45
3 44 46 45
3 45 46 47
3 46 48 47
3 47 48 49
3 48 50 49
3 49 50 51
3 50 52 51
3 50 53 52
3 53 54 52
3 52 54 55
3 54 56 55
3 55 56 57
3 56 58 57
3 57 58 59
3 58 60 59
3 58 61 60
3 61 62 60
3 61 63 62
3 63 64 62
3 63 65 64
3 65 66 64
3 65 67 66
3 67 68 66
3 67 69 68
3 2 3 70
3 70 3 71
3 3 72 71
3 3 4 72
3 4 73 72
3 4 6 73
3 6 74 73
3 6 8 74
3 8 75 74
3 8 10 75
3 10 76 75
3 10 12 76
3 12 77 76
3 12 14 77
3 14 78 77
3 14 16 78
3 16 79 78
3 16 18 79
3 18 80 79
3 18 20 80
3 20 81 80
3 20 22 81
3 22 82 81
3 22 24 82
3 24 83 82
3 24 26 83
3 26 29 83
3 83 29 84
3 29 31 84
3 84 31 85
3 31 86 85
3 31 32 86
3 32 87 86
3 32 34 87
3 34 88 87
3 34 36 88
3 36 89 88
3 36 38 89
3 38 90 89
3 38 40 90
3 40 43 90
3 90 43 91
3 43 45 91
3 91 45 92
3 45 47 92
3 92 47 93
3 47 49 93
3 93 49 94
3 49 95 94
3 49 51 95
3 51 96 95
3 51 52 96
3 52 97 96
3 52 55 97
3 55 57 97
3 97 57 98
3 57 59 98
3 98 59 99
3 59 100 99
3 59 60 100
3 60 101 100
3 60 62 101
3 62 102 101
3 62 64 102
3 64 103 102
3 64 66 103
3 66 104 103
3 66 68 104
3 70 105 106
3 70 71 105
3 71 107 105
3 71 72 107
3 72 108 107
3 72 73 108
3 73 109 108
3 73 74 109
3 74 110 109
3 74 75 110
3 75 111 110
3 75 76 111
3 76 112 111
3 76 77 112
3 77 113 112
3 77 78 113
3 78 114 113
3 78 79 114
3 79 115 114
3 79 80 115
3 80 116 115
3 80 81 116
3 81 117 116
3 81 82 117
3 82 118 117
3 82 83 118
3 83 119 118
3 83 84 119
3 84 85 119
3 119 85 120
3 85 121 120
3 85 86 121
3 86 122 121
3 86 87 122
3 87 123 122
3 87 88 123
3 88 124 123
3 88 89 124
3 89 125 124
3 89 90 125
3 90 91 125
3 125 91 126
3 91 92 126
3 126 92 127
3 92 93 127
3 127 93 128
3 93 94 128
3 128 94 129
3 94 130 129
3 94 95 130
3 95 131 130
3 95 96 131
3 96 132 131
3 96 97 132
3 97 98 132
3 132 98 133
3 98 99 133
3 133 99 134
3 99 100 134
3 134 100 135
3 100 136 135
3 100 101 136
3 101 137 136
3 101 102 137
3 102 138 137
3 102 103 138
3 103 139 138
3 103 104 139
3 106 140 141
3 106 105 140
3 105 142 140
3 105 107 142
3 107 143 142
3 107 108 143
3 108 144 143
3 108 109 144
3 109 145 144
3 109 110 145
3 110 146 145
3 110 111 146
3 111 147 146
3 111 112 147
3 112 148 147
3 112 113 148
3 113 149 148
3 113 114 149
3 114 150 149
3 114 115 150
3 115 151 150
3 115 116 151
3 116 152 151
3 116 117 152
3 117 153 152
3 117 118 153
3 118 154 153
3 118 119 154
3 119 120 154
3 154 120 155
3 120 156 155
3 120 121 156
3 121 157 156
3 121 122 157
3 122 158 157
3 122 123 158
3 123 159 158
3 123 124 159
3 124 160 159
3 124 125 160
3 125 161 160
3 125 126 161
3 126 162 161
3 126 127 162
3 127 163 162
3 127 128 163
3 128 164 163
3 128 129 164
3 129 165 164
3 129 130 165
3 130 166 165
3 130 131 166
3 131 132 166
3 166 132 167
3 132 133 167
3 167 133 168
3 133 134 168
3 168 134 169
3 134 135 169
3 169 135 170
3 135 171 170
3 135 136 171
3 136 172 171
3 136 137 172
3 137 173 172
3 137 138 173
3 138 174 173
3 138 139 174
3 141 175 176
3 141 140 175
3 140 177 175
3 140 142 177
3 142 178 177
3 142 143 178
3 143 179 178
3 143 144 179
3 144 180 179
3 144 145 180
3 145 181 180
3 145 146 181
3 146 182 181
3 146 147 182
3 147 183 182
3 147 148 183
3 148 184 183
3 148 149 184
3 149 185 184
3 149 150 185
3 150 186 185
3 150 151 186
3 151 187 186
3 151 152 187
3 152 188 187
3 152 153 188
3 153 154 188
3 188 154 189
3 154 190 189
3 154 155 190
3 155 191 190
3 155 156 191
3 156 192 191
3 156 157 192
3 157 193 192
3 157 158 193
3 158 194 193
3 158 159 194
3 159 195 194
3 159 160 195
3 160 196 195
3 160 161 196
3 161 197 196
3 161 162 197
3 162 198 197
3 162 163 198
3 163 199 198
3 163 164 199
3 164 200 199
3 164 165 200
3 165 166 200
3 200 166 201
3 166 167 201
3 201 167 202
3 167 168 202
3 202 168 203
3 168 169 203
3 203 169 204
3 169 170 204
3 204 170 205
3 170 171 205
3 205 171 206
3 171 207 206
3 171 172 207
3 172 208 207
3 172 173 208
3 173 209 208
3 173 174 209
3 210 211 212
3 210 176 211
3 176 213 211
3 176 175 213
3 175 214 213
3 175 177 214
3 177 215 214
3 177 178 215
3 178 216 215
3 178 179 216
3 179 217 216
3 179 180 217
3 180 218 217
3 180 181 218
3 181 219 218
3 181 182 219
3 182 220 219
3 182 183 220
3 183 221 220
3 183 184 221
3 184 222 221
3 184 185 222
3 185 223 222
3 185 186 223
3 186 224 223
3 186 187 224
3 187 188 224
3 224 188 225
3 188 189 225
3 225 189 226
3 189 227 226
3 189 190 227
3 190 228 227
3 190 191 228
3 191 229 228
3 191 192 229
3 192 230 229
3 192 193 230
3 193 231 230
3 193 194 231
3 194 232 231
3 194 195 232
3 195 233 232
3 195 196 233
3 196 234 233
3 196 197 234
3 197 235 234
3 197 198 235
3 198 199 235
3 235 199 236
3 199 200 236
3 236 200 237
3 200 201 237
3 237 201 238
3 201 202 238
3 238 202 239
3 202 203 239
3 239 203 240
3 203 204 240
3 240 204 241
3 204 205 241
3 241 205 242
3 205 206 242
3 242 206 243
3 206 244 243
3 206 207 244
3 207 245 244
3 207 208 245
3 208 246 245
3 208 209 246
3 212 211 247
3 247 211 248
3 211 249 248
3 211 213 249
3 213 250 249
3 213 214 250
3 214 251 250
3 214 215 251
3 215 252 251
3 215 216 252
3 216 253 252
3 216 217 253
3 217 254 253
3 217 218 254
3 218 219 254
3 254 219 255
3 219 256 255
3 219 220 256
3 220 257 256
3 220 221 257
3 221 258 257
3 221 222 258
3 222 259 258
3 222 223 259
3 223 260 259
3 223 224 260
3 224 261 260
3 224 225 261
3 225 262 261
3 225 226 262
3 226 263 262
3 226 227 263
3 227 264 263
3 227 228 264
3 228 265 264
3 228 229 265
3 229 266 265
3 229 230 266
3 230 267 266
3 230 231 267
3 231 268 267
3 231 232 268
3 232 269 268
3 232 233 269
3 233 270 269
3 233 234 270
3 234 235 270
3 270 235 271
3 235 236 271
3 271 236 272
3 236 237 272
3 272 237 273
3 237 238 273
3 273 238 274
3 238 239 274
3 274 239 275
3 239 240 275
3 275 240 276
3 240 241 276
3 276 241 277
3 241 242 277
3 277 242 278
3 242 243 278
3 278 243 279
3 243 244 279
3 279 244 280
3 244 281 280
3 244 245 281
3 245 282 281
3 245 246 282
3 247 283 284
3 247 248 283
3 248 285 283
3 248 249 285
3 249 286 285
3 249 250 286
3 250 287 286
3 250 251 287
3 251 288 287
3 251 252 288
3 252 289 288
3 252 253 289
3 253 254 289
3 289 254 290
3 254 255 290
3 290 255 291
3 255 256 291
3 291 256 292
3 256 257 292
3 292 257 293
3 257 294 293
3 257 258 294
3 258 295 294
3 258 259 295
3 259 296 295
3 259 260 296
3 260 297 296
3 260 261 297
3 261 298 297
3 261 262 298
3 262 299 298
3 262 263 299
3 263 300 299
3 263 264 300
3 264 301 300
3 264 265 301
3 265 302 301
3 265 266 302
3 266 303 302
3 266 267 303
3 267 304 303
3 267 268 304
3 268 305 304
3 268 269 305
3 269 306 305
3 269 270 306
3 270 271 306
3 306 271 307
3 271 272 307
3 307 272 308
3 272 273 308
3 308 273 309
3 273 274 309
3 309 274 310
3 274 275 310
3 310 275 311
3 275 276 311
3 311 276 312
3 276 277 312
3 312 277 313
3 277 278 313
3 313 278 314
3 278 279 314
3 314 279 315
3 279 280 315
3 315 280 316
3 280 317 316
3 280 281 317
3 281 318 317
3 281 282 318
3 284 319 320
3 284 283 319
3 283 321 319
3 283 285 321
3 285 322 321
3 285 286 322
3 286 323 322
3 286 287 323
3 287 324 323
3 287 288 324
3 288 325 324
3 288 289 325
3 289 290 325
3 325 290 326
3 290 291 326
3 326 291 327
3 291 292 327
3 327 292 328
3 292 293 328
3 328 293 329
3 293 330 329
3 293 294 330
3 294 331 330
3 294 295 331
3 295 332 331
3 295 296 332
3 296 333 332
3 296 297 333
3 297 334 333
3 297 298 334
3 298 335 334
3 298 299 335
3 299 336 335
3 299 300 336
3 300 337 336
3 300 301 337
3 301 338 337
3 301 302 338
3 302 339 338
3 302 303 339
3 303 340 339
3 303 304 340
3 304 305 340
3 340 305 341
3 305 342 341
3 305 306 342
3 306 343 342
3 306 307 343
3 307 344 343
3 307 308 344
3 308 309 344
3 344 309 345
3 309 310 345
3 345 310 346
3 310 311 346
3 346 311 347
3 311 312 347
3 347 312 348
3 312 313 348
3 348 313 349
3 313 314 349
3 349 314 350
3 314 315 350
3 350 315 351
3 315 316 351
3 351 316 352
3 316 353 352
3 316 317 353
3 317 354 353
3 317 318 354
3 320 355 356
3 320 319 355
3 319 357 355
3 319 321 357
3 321 358 357
3 321 322 358
3 322 359 358
3 322 323 359
3 323 360 359
3 323 324 360
3 324 325 360
3 360 325 361
3 325 326 361
3 361 326 362
3 326 327 362
3 362 327 363
3 327 328 363
3 363 328 364
3 328 329 364
3 364 329 365
3 329 366 365
3 329 330 366
3 330 367 366
3 330 331 367
3 331 368 367
3 331 332 368
3 332 369 368
3 332 333 369
3 333 370 369
3 333 334 370
3 334 371 370
3 334 335 371
3 335 372 371
3 335 336 372
3 336 373 372
3 336 337 373
3 337 374 373
3 337 338 374
3 338 375 374
3 338 339 375
3 339 340 375
3 375 340 376
3 340 341 376
3 376 341 377
3 341 378 377
3 341 342 378
3 342 379 378
3 342 343 379
3 343 380 379
3 343 344 380
3 344 345 380
3 380 345 381
3 345 346 381
3 381 346 382
3 346 347 382
3 382 347 383
3 347 348 383
3 383 348 384
3 348 349 384
3 384 349 385
3 349 350 385
3 385 350 386
3 350 351 386
3 386 351 387
3 351 352 387
3 387 352 388
3 352 389 388
3 352 353 389
3 353 390 389
3 353 354 390
3 391 392 393
3 391 356 392
3 356 394 392
3 356 355 394
3 355 395 394
3 355 357 395
3 357 396 395
3 357 358 396
3 358 397 396
3 358 359 397
3 359 398 397
3 359 360 398
3 360 361 398
3 398 361 399
3 361 362 399
3 399 362 400
3 362 363 400
3 400 363 401
3 363 364 401
3 401 364 402
3 364 403 402
3 364 365 403
3 365 404 403
3 365 366 404
3 366 405 404
3 366 367 405
3 367 406 405
3 367 368 406
3 368 407 406
3 368 369 407
3 369 408 407
3 369 370 408
3 370 409 408
3 370 371 409
3 371 410 409
3 371 372 410
3 372 411 410
3 372 373 411
3 373 412 411
3 373 374 412
3 374 413 412
3 374 375 413
3 375 376 413
3 413 376 414
3 376 377 414
3 414 377 415
3 377 416 415
3 377 378 416
3 378 417 416
3 378 379 417
3 379 418 417
3 379 380 418
3 380 381 418
3 418 381 419
3 381 382 419
3 419 382 420
3 382 383 420
3 420 383 421
3 383 422 421
3 383 384 422
3 384 423 422
3 384 385 423
3 385 386 423
3 423 386 424
3 386 387 424
3 424 387 425
3 387 426 425
3 387 388 426
3 388 427 426
3 388 389 427
3 389 428 427
3 389 390 428
3 393 429 430
3 393 392 429
3 392 431 429
3 392 394 431
3 394 432 431
3 394 395 432
3 395 433 432
3 395 396 433
3 396 434 433
3 396 397 434
3 397 435 434
3 397 398 435
3 398 399 435
3 435 399 436
3 399 400 436
3 436 400 437
3 400 401 437
3 437 401 438
3 401 402 438
3 438 402 439
3 402 440 439
3 402 403 440
3 403 441 440
3 403 404 441
3 404 442 441
3 404 405 442
3 405 443 442
3 405 406 443
3 406 444 443
3 406 407 444
3 407 445 444
3 407 408 445
3 408 446 445
3 408 409 446
3 409 447 446
3 409 410 447
3 410 448 447
3 410 411 448
3 411 449 448
3 411 412 449
3 412 450 449
3 412 413 450
3 413 451 450
3 413 414 451
3 414 452 451
3 414 415 452
3 415 453 452
3 415 416 453
3 416 454 453
3 416 417 454
3 417 455 454
3 417 418 455
3 418 419 455
3 455 419 456
3 419 420 456
3 456 420 457
3 420 421 457
3 457 421 458
3 421 459 458
3 421 422 459
3 422 460 459
3 422 423 460
3 423 461 460
3 423 424 461
3 424 462 461
3 424 425 462
3 425 463 462
3 425 426 463
3 426 464 463
3 426 427 464
3 427 465 464
3 427 428 465
3 430 466 467
3 430 429 466
3 429 468 466
3 429 431 468
3 431 469 468
3 431 432 469
3 432 470 469
3 432 433 470
3 433 471 470
3 433 434 471
3 434 472 471
3 434 435 472
3 435 473 472
3 435 436 473
3 436 437 473
3 473 437 474
3 437 438 474
3 474 438 475
3 438 439 475
3 475 439 476
3 439 477 476
3 439 440 477
3 440 478 477
3 440 441 478
3 441 479 478
3 441 442 479
3 442 480 479
3 442 443 480
3 443 481 480
3 443 444 481
3 444 482 481
3 444 445 482
3 445 483 482
3 445 446 483
3 446 484 483
3 446 447 484
3 447 485 484
3 447 448 485
3 448 486 485
3 448 449 486
3 449 487 486
3 449 450 487
3 450 488 487
3 450 451 488
3 451 489 488
3 451 452 489
3 452 490 489
3 452 453 490
3 453 491 490
3 453 454 491
3 454 492 491
3 454 455 492
3 455 493 492
3 455 456 493
3 456 457 493
3 493 457 494
3 457 458 494
3 494 458 495
3 458 496 495
3 458 459 496
3 459 497 496
3 459 460 497
3 460 498 497
3 460 461 498
3 461 499 498
3 461 462 499
3 462 500 499
3 462 463 500
3 463 501 500
3 463 464 501
3 464 502 501
3 464 465 502
3 467 503 504
3 467 466 503
3 466 505 503
3 466 468 505
3 468 506 505
3 468 469 506
3 469 507 506
3 469 470 507
3 470 508 507
3 470 471 508
3 471 509 508
3 471 472 509
3 472 510 509
3 472 473 510
3 473 511 510
3 473 474 511
3 474 512 511
3 474 475 512
3 475 513 512
3 475 476 513
3 476 514 513
3 476 477 514
3 477 515 514
3 477 478 515
3 478 516 515
3 478 479 516
3 479 517 516
3 479 480 517
3 480 518 517
3 480 481 518
3 481 519 518
3 481 482 519
3 482 520 519
3 482 483 520
3 483 521 520
3 483 484 521
3 484 522 521
3 484 485 522
3 485 486 522
3 522 486 523
3 486 524 523
3 486 487 524
3 487 525 524
3 487 488 525
3 488 526 525
3 488 489 526
3 489 527 526
3 489 490 527
3 490 528 527
3 490 491 528
3 491 529 528
3 491 492 529
3 492 530 529
3 492 493 530
3 493 531 530
3 493 494 531
3 494 532 531
3 494 495 532
3 495 496 532
3 532 496 533
3 496 497 533
3 533 497 534
3 497 498 534
3 534 498 535
3 498 536 535
3 498 499 536
3 499 537 536
3 499 500 537
3 500 538 537
3 500 501 538
3 501 539 538
3 501 502 539
3 540 541 542
3 540 504 541
3 504 543 541
3 504 503 543
3 503 544 543
3 503 505 544
3 505 545 544
3 505 506 545
3 506 546 545
3 506 507 546
3 507 547 546
3 507 508 547
3 508 548 547
3 508 509 548
3 509 549 548
3 509 510 549
3 510 550 549
3 510 511 550
3 511 551 550
3 511 512 551
3 512 552 551
3 512 513 552
3 513 553 552
3 513 514 553
3 514 554 553
3 514 515 554
3 515 555 554
3 515 516 555
3 516 556 555
3 516 517 556
3 517 557 556
3 517 518 557
3 518 558 557
3 518 519 558
3 519 559 558
3 519 520 559
3 520 560 559
3 520 521 560
3 521 522 560
3 560 522 561
3 522 562 561
3 522 523 562
3 523 563 562
3 523 524 563
3 524 564 563
3 524 525 564
3 525 565 564
3 525 526 565
3 526 566 565
3 526 527 566
3 527 567 566
3 527 528 567
3 528 568 567
3 528 529 568
3 529 569 568
3 529 530 569
3 530 570 569
3 530 531 570
3 531 571 570
3 531 532 571
3 532 572 571
3 532 533 572
3 533 534 572
3 572 534 573
3 534 535 573
3 573 535 574
3 535 575 574
3 535 536 575
3 536 576 575
3 536 537 576
3 537 577 576
3 537 538 577
3 538 578 577
3 538 539 578
3 542 579 580
3 542 541 579
3 541 581 579
3 541 543 581
3 543 582 581
3 543 544 582
3 544 583 582
3 544 545 583
3 545 584 583
3 545 546 584
3 546 585 584
3 546 547 585
3 547 586 585
3 547 548 586
3 548 587 586
3 548 549 587
3 549 588 587
3 549 550 588
3 550 589 588
3 550 551 589
3 551 590 589
3 551 552 590
3 552 591 590
3 552 553 591
3 553 592 591
3 553 554 592
3 554 593 592
3 554 555 593
3 555 594 593
3 555 556 594
3 556 595 594
3 556 557 595
3 557 596 595
3 557 558 596
3 558 597 596
3 558 559 597
3 559 598 597
3 559 560 598
3 560 599 598
3 560 561 599
3 561 600 599
3 561 562 600
3 562 601 600
3 562 563 601
3 563 602 601
3 563 564 602
3 564 603 602
3 564 565 603
3 565 604 603
3 565 566 604
3 566 605 604
3 566 567 605
3 567 606 605
3 567 568 606
3 568 607 606
3 568 569 607
3 569 608 607
3 569 570 608
3 570 609 608
3 570 571 609
3 571 610 609
3 571 572 610
3 572 611 610
3 572 573 611
3 573 574 611
3 611 574 612
3 574 613 612
3 574 575 613
3 575 614 613
3 575 576 614
3 576 615 614
3 576 577 615
3 577 616 615
3 577 578 616
3 580 617 618
3 580 579 617
3 579 619 617
3 579 581 619
3 581 620 619
3 581 582 620
3 582 621 620
3 582 583 621
3 583 622 621
3 583 584 622
3 584 623 622
3 584 585 623
3 585 624 623
3 585 586 624
3 586 625 624
3 586 587 625
3 587 626 625
3 587 588 626
3 588 627 626
3 588 589 627
3 589 628 627
3 589 590 628
3 590 629 628
3 590 591 629
3 591 630 629
3 591 592 630
3 592 631 630
3 592 593 631
3 593 632 631
3 593 594 632
3 594 633 632
3 594 595 633
3 595 634 633
3 595 596 634
3 596 635 634
3 596 597 635
3 597 636 635
3 597 598 636
3 598 637 636
3 598 599 637
3 599 638 637
3 599 600 638
3 600 639 638
3 600 601 639
3 601 640 639
3 601 602 640
3 602 641 640
3 602 603 641
3 603 642 641
3 603 604 642
3 604 643 642
3 604 605 643
3 605 644 643
3 605 606 644
3 606 645 644
3 606 607 645
3 607 646 645
3 607 608 646
3 608 647 646
3 608 609 647
3 609 648 647
3 609 610 648
3 610 649 648
3 610 611 649
3 611 612 649
3 649 612 650
3 612 613 650
3 650 613 651
3 613 652 651
3 613 614 652
3 614 653 652
3 614 615 653
3 615 654 653
3 615 616 654
3 618 655 656
3 618 617 655
3 617 657 655
3 617 619 657
3 619 658 657
3 619 620 658
3 620 659 658
3 620 621 659
3 621 660 659
3 621 622 660
3 622 661 660
3 622 623 661
3 623 662 661
3 623 624 662
3 624 663 662
3 624 625 663
3 625 664 663
3 625 626 664
3 626 665 664
3 626 627 665
3 627 666 665
3 627 628 666
3 628 667 666
3 628 629 667
3 629 668 667
3 629 630 668
3 630 669 668
3 630 631 669
3 631 670 669
3 631 632 670
3 632 671 670
3 632 633 671
3 633 672 671
3 633 634 672
3 634 673 672
3 634 635 673
3 635 674 673
3 635 636 674
3 636 675 674
3 636 637 675
3 637 676 675
3 637 638 676
3 638 677 676
3 638 639 677
3 639 678 677
3 639 640 678
3 640 679 678
3 640 641 679
3 641 680 679
3 641 642 680
3 642 681 680
3 642 643 681
3 643 682 681
3 643 644 682
3 644 683 682
3 644 645 683
3 645 684 683
3 645 646 684
3 646 685 684
3 646 647 685
3 647 686 685
3 647 648 686
3 648 687 686
3 648 649 687
3 649 650 687
3 687 650 688
3 650 651 688
3 688 651 689
3 651 690 689
3 651 652 690
3 652 691 690
3 652 653 691
3 653 692 691
3 653 654 692
3 693 694 695
3 693 656 694
3 656 696 694
3 656 655 696
3 655 697 696
3 655 657 697
3 657 698 697
3 657 658 698
3 658 699 698
3 658 659 699
3 659 700 699
3 659 660 700
3 660 701 700
3 660 661 701
3 661 702 701
3 661 662 702
3 662 703 702
3 662 663 703
3 663 704 703
3 663 664 704
3 664 705 704
3 664 665 705
3 665 706 705
3 665 666 706
3 666 707 706
3 666 667 707
3 667 708 707
3 667 668 708
3 668 709 708
3 668 669 709
3 669 710 709
3 669 670 710
3 670 711 710
3 670 671 711
3 671 712 711
3 671 672 712
3 672 713 712
3 672 673 713
3 673 714 713
3 673 674 714
3 674 715 714
3 674 675 715
3 675 716 715
3 675 676 716
3 676 717 716
3 676 677 717
3 677 718 717
3 677 678 718
3 678 719 718
3 678 679 719
3 679 720 719
3 679 680 720
3 680 721 720
3 680 681 721
3 681 722 721
3 681 682 722
3 682 723 722
3 682 683 723
3 683 724 723
3 683 684 724
3 684 725 724
3 684 685 725
3 685 726 725
3 685 686 726
3 686 727 726
3 686 687 727
3 687 728 727
3 687 688 728
3 688 729 728
3 688 689 729
3 689 730 729
3 689 690 730
3 690 731 730
3 690 691 731
3 691 732 731
3 691 692 732
3 695 733 734
3 695 694 733
3 694 735 733
3 694 696 735
3 696 736 735
3 696 697 736
3 697 737 736
3 697 698 737
3 698 738 737
3 698 699 738
3 699 739 738
3 699 700 739
3 700 740 739
3 700 701 740
3 701 741 740
3 701 702 741
3 702 742 741
3 702 703 742
3 703 743 742
3 703 704 743
3 704 744 743
3 704 705 744
3 705 745 744
3 705 706 745
3 706 746 745
3 706 707 746
3 707 747 746
3 707 708 747
3 708 748 747
3 708 709 748
3 709 749 748
3 709 710 749
3 710 750 749
3 710 711 750
3 711 751 750
3 711 712 751
3 712 752 751
3 712 713 752
3 713 753 752
3 713 714 753
3 714 754 753
3 714 715 754
3 715 755 754
3 715 716 755
3 716 756 755
3 716 717 756
3 717 757 756
3 717 718 757
3 718 758 757
3 718 719 758
3 719 759 758
3 719 720 759
3 720 760 759
3 720 721 760
3 721 761 760
3 721 722 761
3 722 762 761
3 722 723 762
3 723 763 762
3 723 724 763
3 724 764 763
3 724 725 764
3 725 765 764
3 725 726 765
3 726 766 765
3 726 727 766
3 727 767 766
3 727 728 767
3 728 768 767
3 728 729 768
3 729 769 768
3 729 730 769
3 730 770 769
3 730 731 770
3 731 771 770
3 731 732 771
3 734 772 773
3 734 733 772
3 733 735 772
3 772 735 774
3 735 775 774
3 735 736 775
3 736 776 775
3 736 737 776
3 737 777 776
3 737 738 777
3 738 778 777
3 738 739 778
3 739 779 778
3 739 740 779
3 740 780 779
3 740 741 780
3 741 781 780
3 741 742 781
3 742 782 781
3 742 743 782
3 743 783 782
3 743 744 783
3 744 784 783
3 744 745 784
3 745 785 784
3 745 746 785
3 746 786 785
3 746 747 786
3 747 787 786
3 747 748 787
3 748 788 787
3 748 749 788
3 749 789 788
3 749 750 789
3 750 790 789
3 750 751 790
3 751 791 790
3 751 752 791
3 752 792 791
3 752 753 792
3 753 793 792
3 753 754 793
3 754 794 793
3 754 755 794
3 755 795 794
3 755 756 795
3 756 796 795
3 756 757 796
3 757 797 796
3 757 758 797
3 758 798 797
3 758 759 798
3 759 799 798
3 759 760 799
3 760 800 799
3 760 761 800
3 761 801 800
3 761 762 801
3 762 802 801
3 762 763 802
3 763 803 802
3 763 764 803
3 764 804 803
3 764 765 804
3 765 805 804
3 765 766 805
3 766 806 805
3 766 767 806
3 767 807 806
3 767 768 807
3 768 808 807
3 768 769 808
3 769 809 808
3 769 770 809
3 770 810 809
3 770 771 810
3 773 811 812
3 773 772 811
3 772 813 811
3 772 774 813
3 774 814 813
3 774 775 814
3 775 815 814
3 775 776 815
3 776 816 815
3 776 777 816
3 777 817 816
3 777 778 817
3 778 818 817
3 778 779 818
3 779 819 818
3 779 780 819
3 780 820 819
3 780 781 820
3 781 821 820
3 781 782 821
3 782 822 821
3 782 783 822
3 783 823 822
3 783 784 823
3 784 824 823
3 784 785 824
3 785 825 824
3 785 786 825
3 786 826 825
3 786 787 826
3 787 827 826
3 787 788 827
3 788 828 827
3 788 789 828
3 789 829 828
3 789 790 829
3 790 830 829
3 790 791 830
3 791 831 830
3 791 792 831
3 792 832 831
3 792 793 832
3 793 833 832
3 793 794 833
3 794 834 833
3 794 795 834
3 795 835 834
3 795 796 835
3 796 836 835
3 796 797 836
3 797 837 836
3 797 798 837
3 798 838 837
3 798 799 838
3 799 839 838
3 799 800 839
3 800 840 839
3 800 801 840
3 801 841 840
3 801 802 841
3 802 842 841
3 802 803 842
3 803 843 842
3 803 804 843
3 804 844 843
3 804 805 844
3 805 845 844
3 805 806 845
3 806 846 845
3 806 807 846
3 807 847 846
3 807 808 847
3 808 848 847
3 808 809 848
3 809 849 848
3 809 810 849
3 812 850 851
3 812 811 850
3 811 852 850
3 811 813 852
3 813 853 852
3 813 814 853
3 814 854 853
3 814 815 854
3 815 855 854
3 815 816 855
3 816 856 855
3 816 817 856
3 817 857 856
3 817 818 857
3 818 858 857
3 818 819 858
3 819 859 858
3 819 820 859
3 820 860 859
3 820 821 860
3 821 861 860
3 821 822 861
3 822 862 861
3 822 823 862
3 823 863 862
3 823 824 863
3 824 864 863
3 824 825 864
3 825 865 864
3 825 826 865
3 826 866 865
3 826 827 866
3 827 867 866
3 827 828 867
3 828 868 867
3 828 829 868
3 829 869 868
3 829 830 869
3 830 870 869
3 830 831 870
3 831 871 870
3 831 832 871
3 832 872 871
3 832 833 872
3 833 873 872
3 833 834 873
3 834 874 873
3 834 835 874
3 835 875 874
3 835 836 875
3 836 876 875
3 836 837 876
3 837 877 876
3 837 838 877
3 838 878 877
3 838 839 878
3 839 879 878
3 839 840 879
3 840 880 879
3 840 841 880
3 841 881 880
3 841 842 881
3 842 882 881
3 842 843 882
3 843 883 882
3 843 844 883
3 844 884 883
3 844 845 884
3 845 885 884
3 845 846 885
3 846 886 885
3 846 847 886
3 847 887 886
3 847 848 887
3 848 888 887
3 848 849 888
3 889 890 891
3 889 851 890
3 851 892 890
3 851 850 892
3 850 893 892
3 850 852 893
3 852 894 893
3 852 853 894
3 853 895 894
3 853 854 895
3 854 896 895
3 854 855 896
3 855 897 896
3 855 856 897
3 856 898 897
3 856 857 898
3 857 899 898
3 857 858 899
3 858 900 899
3 858 859 900
3 859 901 900
3 859 860 901
3 860 902 901
3 860 861 902
3 861 903 902
3 861 862 903
3 862 904 903
3 862 863 904
3 863 905 904
3 863 864 905
3 864 906 905
3 864 865 906
3 865 907 906
3 865 866 907
3 866 908 907
3 866 867 908
3 867 909 908
3 867 868 909
3 868 910 909
3 868 869 910
3 869 911 910
3 869 870 911
3 870 912 911
3 870 871 912
3 871 913 912
3 871 872 913
3 872 914 913
3 872 873 914
3 873 915 914
3 873 874 915
3 874 916 915
3 874 875 916
3 875 917 916
3 875 876 917
3 876 918 917
3 876 877 918
3 877 919 918
3 877 878 919
3 878 920 919
3 878 879 920
3 879 921 920
3 879 880 921
3 880 922 921
3 880 881 922
3 881 923 922
3 881 882 923
3 882 924 923
3 882 883 924
3 883 925 924
3 883 884 925
3 884 926 925
3 884 885 926
3 885 927 926
3 885 886 927
3 886 928 927
3 886 887 928
3 887 929 928
3 887 888 929
3 891 930 931
3 891 890 930
3 890 932 930
3 890 892 932
3 892 933 932
3 892 893 933
3 893 934 933
3 893 894 934
3 894 935 934
3 894 895 935
3 895 936 935
3 895 896 936
3 896 937 936
3 896 897 937
3 897 938 937
3 897 898 938
3 898 939 938
3 898 899 939
3 899 940 939
3 899 900 940
3 900 941 940
3 900 901 941
3 901 942 941
3 901 902 942
3 902 943 942
3 902 903 943
3 903 944 943
3 903 904 944
3 904 945 944
3 904 905 945
3 905 946 945
3 905 906 946
3 906 947 946
3 906 907 947
3 907 948 947
3 907 908 948
3 908 949 948
3 908 909 949
3 909 950 949
3 909 910 950
3 910 951 950
3 910 911 951
3 911 952 951
3 911 912 952
3 912 953 952
3 912 913 953
3 913 954 953
3 913 914 954
3 914 955 954
3 914 915 955
3 915 956 955
3 915 916 956
3 916 957 956
3 916 917 957
3 917 958 957
3 917 918 958
3 918 959 958
3 918 919 959
3 919 960 959
3 919 920 960
3 920 961 960
3 920 921 961
3 921 962 961
3 921 922 962
3 922 963 962
3 922 923 963
3 923 964 963
3 923 924 964
3 924 965 964
3 924 925 965
3 925 966 965
3 925 926 966
3 926 967 966
3 926 927 967
3 927 968 967
3 927 928 968
3 928 969 968
3 928 929 969
3 931 970 971
3 931 930 970
3 930 972 970
3 930 932 972
3 932 973 972
3 932 933 973
3 933 974 973
3 933 934 974
3 934 975 974
3 934 935 975
3 935 976 975
3 935 936 976
3 936 977 976
3 936 937 977
3 937 978 977
3 937 938 978
3 938 979 978
3 938 939 979
3 939 980 979
3 939 940 980
3 940 981 980
3 940 941 981
3 941 982 981
3 941 942 982
3 942 983 982
3 942 943 983
3 943 984 983
3 943 944 984
3 944 985 984
3 944 945 985
3 945 986 985
3 945 946 986
3 946 987 986
3 946 947 987
3 947 988 987
3 947 948 988
3 948 989 988
3 948 949 989
3 949 990 989
3 949 950 990
3 950 991 990
3 950 951 991
3 951 992 991
3 951 952 992
3 952 993 992
3 952 953 993
3 953 994 993
3 953 954 994
3 954 995 994
3 954 955 995
3 955 996 995
3 955 956 996
3 956 997 996
3 956 957 997
3 957 998 997
3 957 958 998
3 958 999 998
3 958 959 999
3 959 1000 999
3 959 960 1000
3 960 1001 1000
3 960 961 1001
3 961 1002 1001
3 961 962 1002
3 962 1003 1002
3 962 963 1003
3 963 1004 1003
3 963 964 1004
3 964 1005 1004
3 964 965 1005
3 965 1006 1005
3 965 966 1006
3 966 1007 1006
3 966 967 1007
3 967 1008 1007
3 967 968 1008
3 968 1009 1008
3 968 969 1009
3 971 1010 1011
3 971 970 1010
3 970 1012 1010
3 970 972 1012
3 972 1013 1012
3 972 973 1013
3 973 1014 1013
3 973 974 1014
3 974 1015 1014
3 974 975 1015
3 975 1016 1015
3 975 976 1016
3 976 1017 1016
3 976 977 1017
3 977 1018 1017
3 977 978 1018
3 978 1019 1018
3 978 979 1019
3 979 1020 1019
3 979 980 1020
3 980 1021 1020
3 980 981 1021
3 981 1022 1021
3 981 982 1022
3 982 1023 1022
3 982 983 1023
3 983 1024 1023
3 983 984 1024
3 984 1025 1024
3 984 985 1025
3 985 1026 1025
3 985 986 1026
3 986 1027 1026
3 986 987 1027
3 987 1028 1027
3 987 988 1028
3 988 1029 1028
3 988 989 1029
3 989 1030 1029
3 989 990 1030
3 990 1031 1030
3 990 991 1031
3 991 1032 1031
3 991 992 1032
3 992 1033 1032
3 992 993 1033
3 993 1034 1033
3 993 994 1034
3 994 1035 1034
3 994 995 1035
3 995 1036 1035
3 995 996 1036
3 996 1037 1036
3 996 997 1037
3 997 1038 1037
3 997 998 1038
3 998 1039 1038
3 998 999 1039
3 999 1040 1039
3 999 1000 1040
3 1000 1041 1040
3 1000 1001 1041
3 1001 1042 1041
3 1001 1002 1042
3 1002 1043 1042
3 1002 1003 1043
3 1003 1044 1043
3 1003 1004 1044
3 1004 1045 1044
3 1004 1005 1045
3 1005 1046 1045
3 1005 1006 1046
3 1006 1047 1046
3 1006 1007 1047
3 1007 1048 1047
3 1007 1008 1048
3 1008 1049 1048
3 1008 1009 1049
3 1050 1051 1052
3 1050 1011 1051
3 1011 1053 1051
3 1011 1010 1053
3 1010 1054 1053
3 1010 1012 1054
3 1012 1055 1054
3 1012 1013 1055
3 1013 1056 1055
3 1013 1014 1056
3 1014 1057 1056
3 1014 1015 1057
3 1015 1058 1057
3 1015 1016 1058
3 1016 1059 1058
3 1016 1017 1059
3 1017 1060 1059
3 1017 1018 1060
3 1018 1061 1060
3 1018 1019 1061
3 1019 1062 1061
3 1019 1020 1062
3 1020 1063 1062
3 1020 1021 1063
3 1021 1064 1063
3 1021 1022 1064
3 1022 1065 1064
3 1022 1023 1065
3 1023 1066 1065
3 1023 1024 1066
3 1024 1067 1066
3 1024 1025 1067
3 1025 1068 1067
3 1025 1026 1068
3 1026 1069 1068
3 1026 1027 1069
3 1027 1070 1069
3 1027 1028 1070
3 1028 1071 1070
3 1028 1029 1071
3 1029 1072 1071
3 1029 1030 1072
3 1030 1073 1072
3 1030 1031 1073
3 1031 1074 1073
3 1031 1032 1074
3 1032 1075 1074
3 1032 1033 1075
3 1033 1076 1075
3 1033 1034 1076
3 1034 1077 1076
3 1034 1035 1077
3 1035 1078 1077
3 1035 1036 1078
3 1036 1079 1078
3 1036 1037 1079
3 1037 1080 1079
3 1037 1038 1080
3 1038 1081 1080
3 1038 1039 1081
3 1039 1082 1081
3 1039 1040 1082
3 1040 1083 1082
3 1040 1041 1083
3 1041 1084 1083
3 1041 1042 1084
3 1042 1085 1084
3 1042 1043 1085
3 1043 1086 1085
3 1043 1044 1086
3 1044 1087 1086
3 1044 1045 1087
3 1045 1088 1087
3 1045 1046 1088
3 1046 1089 1088
3 1046 1047 1089
3 1047 1090 1089
3 1047 1048 1090
3 1048 1091 1090
3 1048 1049 1091
3 1052 1092 1093
3 1052 1051 1092
3 1051 1094 1092
3 1051 1053 1094
3 1053 1095 1094
3 1053 1054 1095
3 1054 1096 1095
3 1054 1055 1096
3 1055 1097 1096
3 1055 1056 1097
3 1056 1098 1097
3 1056 1057 1098
3 1057 1099 1098
3 1057 1058 1099
3 1058 1100 1099
3 1058 1059 1100
3 1059 1101 1100
3 1059 1060 1101
3 1060 1102 1101
3 1060 1061 1102
3 1061 1103 1102
3 1061 1062 1103
3 1062 1104 1103
3 1062 1063 1104
3 1063 1105 1104
3 1063 1064 1105
3 1064 1106 1105
3 1064 1065 1106
3 1065 1107 1106
3 1065 1066 1107
3 1066 1108 1107
3 1066 1067 1108
3 1067 1109 1108
3 1067 1068 1109
3 1068 1110 1109
3 1068 1069 1110
3 1069 1111 1110
3 1069 1070 1111
3 1070 1112 1111
3 1070 1071 1112
3 1071 1113 1112
3 1071 1072 1113
3 1072 1114 1113
3 1072 1073 1114
3 1073 1115 1114
3 1073 1074 1115
3 1074 1116 1115
3 1074 1075 1116
3 1075 1117 1116
3 1075 1076 1117
3 1076 1118 1117
3 1076 1077 1118
3 1077 1119 1118
3 1077 1078 1119
3 1078 1120 1119
3 1078 1079 1120
3 1079 1121 1120
3 1079 1080 1121
3 1080 1122 1121
3 1080 1081 1122
3 1081 1123 1122
3 1081 1082 1123
3 1082 1124 1123
3 1082 1083 1124
3 1083 1125 1124
3 1083 1084 1125
3 1084 1126 1125
3 1084 1085 1126
3 1085 1127 1126
3 1085 1086 1127
3 1086 1128 1127
3 1086 1087 1128
3 1087 1129 1128
3 1087 1088 1129
3 1088 1130 1129
3 1088 1089 1130
3 1089 1131 1130
3 1089 1090 1131
3 1090 1091 1131
3 1131 1091 1132
3 1093 1133 1134
3 1093 1092 1133
3 1092 1135 1133
3 1092 1094 1135
3 1094 1136 1135
3 1094 1095 1136
3 1095 1137 1136
3 1095 1096 1137
3 1096 1138 1137
3 1096 1097 1138
3 1097 1139 1138
3 1097 1098 1139
3 1098 1140 1139
3 1098 1099 1140
3 1099 1141 1140
3 1099 1100 1141
3 1100 1142 1141
3 1100 1101 1142
3 1101 1143 1142
3 1101 1102 1143
3 1102 1144 1143
3 1102 1103 1144
3 1103 1145 1144
3 1103 1104 1145
3 1104 1146 1145
3 1104 1105 1146
3 1105 1147 1146
3 1105 1106 1147
3 1106 1148 1147
3 1106 1107 1148
3 1107 1149 1148
3 1107 1108 1149
3 1108 1150 1149
3 1108 1109 1150
3 1109 1151 1150
3 1109 1110 1151
3 1110 1152 1151
3 1110 1111 1152
3 1111 1153 1152
3 1111 1112 1153
3 1112 1154 1153
3 1112 1113 1154
3 1113 1155 1154
3 1113 1114 1155
3 1114 1156 1155
3 1114 1115 1156
3 1115 1157 1156
3 1115 1116 1157
3 1116 1158 1157
3 1116 1117 1158
3 1117 1159 1158
3 1117 1118 1159
3 1118 1160 1159
3 1118 1119 1160
3 1119 1161 1160
3 1119 1120 1161
3 1120 1162 1161
3 1120 1121 1162
3 1121 1163 1162
3 1121 1122 1163
3 1122 1123 1163
3 1163 1123 1164
3 1123 1165 1164
3 1123 1124 1165
3 1124 1166 1165
3 1124 1125 1166
3 1125 1167 1166
3 1125 1126 1167
3 1126 1168 1167
3 1126 1127 1168
3 1127 1169 1168
3 1127 1128 1169
3 1128 1170 1169
3 1128 1129 1170
3 1129 1171 1170
3 1129 1130 1171
3 1130 1172 1171
3 1130 1131 1172
3 1131 1173 1172
3 1131 1132 1173
3 1134 1174 1175
3 1134 1133 1174
3 1133 1176 1174
3 1133 1135 1176
3 1135 1177 1176
3 1135 1136 1177
3 1136 1137 1177
3 1177 1137 1178
3 1137 1138 1178
3 1178 1138 1179
3 1138 1180 1179
3 1138 1139 1180
3 1139 1181 1180
3 1139 1140 1181
3 1140 1182 1181
3 1140 1141 1182
3 1141 1183 1182
3 1141 1142 1183
3 1142 1143 1183
3 1183 1143 1184
3 1143 1185 1184
3 1143 1144 1185
3 1144 1186 1185
3 1144 1145 1186
3 1145 1187 1186
3 1145 1146 1187
3 1146 1188 1187
3 1146 1147 1188
3 1147 1189 1188
3 1147 1148 1189
3 1148 1190 1189
3 1148 1149 1190
3 1149 1191 1190
3 1149 1150 1191
3 1150 1192 1191
3 1150 1151 1192
3 1151 1193 1192
3 1151 1152 1193
3 1152 1194 1193
3 1152 1153 1194
3 1153 1195 1194
3 1153 1154 1195
3 1154 1196 1195
3 1154 1155 1196
3 1155 1197 1196
3 1155 1156 1197
3 1156 1198 1197
3 1156 1157 1198
3 1157 1199 1198
3 1157 1158 1199
3 1158 1200 1199
3 1158 1159 1200
3 1159 1201 1200
3 1159 1160 1201
3 1160 1202 1201
3 1160 1161 1202
3 1161 1203 1202
3 1161 1162 1203
3 1162 1163 1203
3 1203 1163 1204
3 1163 1164 1204
3 1204 1164 1205
3 1164 1206 1205
3 1164 1165 1206
3 1165 1207 1206
3 1165 1166 1207
3 1166 1208 1207
3 1166 1167 1208
3 1167 1209 1208
3 1167 1168 1209
3 1168 1210 1209
3 1168 1169 1210
3 1169 1211 1210
3 1169 1170 1211
3 1170 1212 1211
3 1170 1171 1212
3 1171 1213 1212
3 1171 1172 1213
3 1172 1214 1213
3 1172 1173 1214
3 1175 1215 1216
3 1175 1174 1215
3 1174 1217 1215
3 1174 1176 1217
3 1176 1218 1217
3 1176 1177 1218
3 1177 1178 1218
3 1218 1178 1219
3 1178 1220 1219
3 1178 1179 1220
3 1179 1221 1220
3 1179 1180 1221
3 1180 1222 1221
3 1180 1181 1222
3 1181 1223 1222
3 1181 1182 1223
3 1182 1183 1223
3 1223 1183 1224
3 1183 1225 1224
3 1183 1184 1225
3 1184 1226 1225
3 1184 1185 1226
3 1185 1227 1226
3 1185 1186 1227
3 1186 1228 1227
3 1186 1187 1228
3 1187 1229 1228
3 1187 1188 1229
3 1188 1230 1229
3 1188 1189 1230
3 1189 1231 1230
3 1189 1190 1231
3 1190 1232 1231
3 1190 1191 1232
3 1191 1233 1232
3 1191 1192 1233
3 1192 1234 1233
3 1192 1193 1234
3 1193 1235 1234
3 1193 1194 1235
3 1194 1236 1235
3 1194 1195 1236
3 1195 1237 1236
3 1195 1196 1237
3 1196 1238 1237
3 1196 1197 1238
3 1197 1239 1238
3 1197 1198 1239
3 1198 1240 1239
3 1198 1199 1240
3 1199 1241 1240
3 1199 1200 1241
3 1200 1242 1241
3 1200 1201 1242
3 1201 1243 1242
3 1201 1202 1243
3 1202 1244 1243
3 1202 1203 1244
3 1203 1204 1244
3 1244 1204 1245
3 1204 1205 1245
3 1245 1205 1246
3 1205 1247 1246
3 1205 1206 1247
3 1206 1248 1247
3 1206 1207 1248
3 1207 1249 1248
3 1207 1208 1249
3 1208 1250 1249
3 1208 1209 1250
3 1209 1251 1250
3 1209 1210 1251
3 1210 1252 1251
3 1210 1211 1252
3 1211 1253 1252
3 1211 1212 1253
3 1212 1254 1253
3 1212 1213 1254
3 1213 1255 1254
3 1213 1214 1255
3 1216 1256 1257
3 1216 1215 1256
3 1215 1258 1256
3 1215 1217 1258
3 1217 1259 1258
3 1217 1218 1259
3 1218 1260 1259
3 1218 1219 1260
3 1219 1261 1260
3 1219 1220 1261
3 1220 1262 1261
3 1220 1221 1262
3 1221 1263 1262
3 1221 1222 1263
3 1222 1264 1263
3 1222 1223 1264
3 1223 1265 1264
3 1223 1224 1265
3 1224 1266 1265
3 1224 1225 1266
3 1225 1267 1266
3 1225 1226 1267
3 1226 1268 1267
3 1226 1227 1268
3 1227 1269 1268
3 1227 1228 1269
3 1228 1270 1269
3 1228 1229 1270
3 1229 1271 1270
3 1229 1230 1271
3 1230 1272 1271
3 1230 1231 1272
3 1231 1273 1272
3 1231 1232 1273
3 1232 1274 1273
3 1232 1233 1274
3 1233 1275 1274
3 1233 1234 1275
3 1234 1276 1275
3 1234 1235 1276
3 1235 1277 1276
3 1235 1236 1277
3 1236 1278 1277
3 1236 1237 1278
3 1237 1279 1278
3 1237 1238 1279
3 1238 1280 1279
3 1238 1239 1280
3 1239 1281 1280
3 1239 1240 1281
3 1240 1282 1281
3 1240 1241 1282
3 1241 1283 1282
3 1241 1242 1283
3 1242 1284 1283
3 1242 1243 1284
3 1243 1285 1284
3 1243 1244 1285
3 1244 1286 1285
3 1244 1245 1286
3 1245 1287 1286
3 1245 1246 1287
3 1246 1288 1287
3 1246 1247 1288
3 1247 1289 1288
3 1247 1248 1289
3 1248 1290 1289
3 1248 1249 1290
3 1249 1291 1290
3 1249 1250 1291
3 1250 1292 1291
3 1250 1251 1292
3 1251 1293 1292
3 1251 1252 1293
3 1252 1294 1293
3 1252 1253 1294
3 1253 1295 1294
3 1253 1254 1295
3 1254 1296 1295
3 1254 1255 1296
3 1266 1267 1297
3 1267 1298 1297
3 1267 1268 1298
3 1268 1299 1298
3 1268 1269 1299
3 1269 1300 1299
3 1269 1270 1300
3 1270 1301 1300
3 1270 1271 1301
3 1271 1302 1301
3 1271 1272 1302
3 1272 1303 1302
3 1272 1273 1303
3 1273 1304 1303
3 1273 1274 1304
3 1274 1305 1304
3 1274 1275 1305
3 1275 1306 1305
3 1275 1276 1306
3 1276 1307 1306
3 1276 1277 1307
3 1277 1308 1307
3 1277 1278 1308
3 1278 1309 1308
3 1278 1279 1309
3 1279 1310 1309
3 1279 1280 1310
3 1280 1311 1310
3 1280 1281 1311
3 1281 1312 1311
3 1281 1282 1312
3 1282 1313 1312
3 1282 1283 1313
3 1283 1314 1313
3 1283 1284 1314
3 1284 1315 1314
3 1284 1285 1315
3 1285 1316 1315
3 1285 1286 1316
3 1286 1317 1316
3 1286 1287 1317
3 1287 1318 1317
3 1287 1288 1318
3 1288 1319 1318
3 1288 1289 1319
3 1289 1320 1319
3 1289 1290 1320
3 1290 1321 1320
3 1290 1291 1321
3 1291 1322 1321
3 1291 1292 1322
3 1292 1323 1322
3 1292 1293 1323
3 1293 1324 1323
3 1293 1294 1324
3 1294 1325 1324
3 1294 1295 1325
3 1295 1326 1325
3 1295 1296 1326
3 1301 1302 1327
3 1302 1328 1327
3 1302 1303 1328
3 1303 1329 1328
3 1303 1304 1329
3 1304 1330 1329
3 1304 1305 1330
3 1305 1331 1330
3 1305 1306 1331
3 1306 1332 1331
3 1306 1307 1332
3 1307 1333 1332
3 1307 1308 1333
3 1308 1334 1333
3 1308 1309 1334
3 1309 1335 1334
3 1309 1310 1335
3 1310 1336 1335
3 1310 1311 1336
3 1311 1337 1336
3 1311 1312 1337
3 1312 1338 1337
3 1312 1313 1338
3 1313 1339 1338
3 1313 1314 1339
3 1314 1340 1339
3 1314 1315 1340
3 1315 1341 1340
3 1315 1316 1341
3 1316 1342 1341
3 1316 1317 1342
3 1317 1343 1342
3 1317 1318 1343
3 1318 1344 1343
3 1318 1319 1344
3 1319 1345 1344
3 1319 1320 1345
3 1320 1346 1345
3 1320 1321 1346
3 1321 1347 1346
3 1321 1322 1347
3 1322 1348 1347
3 1322 1323 1348
3 1323 1349 1348
3 1323 1324 1349
3 1324 1350 1349
3 1324 1325 1350
3 1325 1351 1350
3 1325 1326 1351
3 1331 1332 1352
3 1332 1353 1352
3 1332 1333 1353
3 1333 1354 1353
3 1333 1334 1354
3 1334 1355 1354
3 1334 1335 1355
3 1335 1356 1355
3 1335 1336 1356
3 1336 1357 1356
3 1336 1337 1357
3 1337 1358 1357
3 1337 1338 1358
3 1338 1359 1358
3 1338 1339 1359
3 1339 1360 1359
3 1339 1340 1360
3 1340 1361 1360
3 1340 1341 1361
3 1341 1362 1361
3 1341 1342 1362
3 1342 1343 1362
3 1362 1343 1363
3 1343 1344 1363
3 1363 1344 1364
3 1344 1365 1364
3 1344 1345 1365
3 1345 1366 1365
3 1345 1346 1366
3 1346 1367 1366
3 1346 1347 1367
3 1347 1368 1367
3 1347 1348 1368
3 1348 1369 1368
3 1348 1349 1369
3 1349 1370 1369
3 1349 1350 1370
3 1350 1371 1370
3 1350 1351 1371
3 1356 1357 1372
3 1357 1373 1372
3 1357 1358 1373
3 1358 1374 1373
3 1358 1359 1374
3 1359 1375 1374
3 1359 1360 1375
3 1360 1376 1375
3 1360 1361 1376
3 1361 1377 1376
3 1361 1362 1377
3 1362 1363 1377
3 1377 1363 1378
3 1363 1364 1378
3 1378 1364 1379
3 1364 1380 1379
3 1364 1365 1380
3 1365 1381 1380
3 1365 1366 1381
3 1366 1382 1381
3 1366 1367 1382
3 1367 1383 1382
3 1367 1368 1383
3 1368 1384 1383
3 1368 1369 1384
3 1369 1385 1384
3 1369 1370 1385
3 1370 1386 1385
3 1370 1371 1386
3 1376 1377 1387
3 1377 1378 1387
3 1387 1378 1388
3 1378 1389 1388
3 1378 1379 1389
3 1379 1390 1389
3 1379 1380 1390
3 1380 1391 1390
3 1380 1381 1391
3 1381 1392 1391
3 1381 1382 1392
3 1382 1393 1392
3 1382 1383 1393
3 1383 1394 1393
3 1383 1384 1394
3 1384 1395 1394
3 1384 1385 1395
3 1385 1396 1395
3 1385 1386 1396
3 1391 1392 1397
3 1392 1398 1397
3 1392 1393 1398
3 1393 1399 1398
3 1393 1394 1399
3 1394 1400 1399
3 1394 1395 1400
3 1395 1401 1400
3 1395 1396 1401
3 1400 1401 1402
3 1403 1404 1405
3 1404 1406 1405
3 1404 1407 1406
3 1407 1408 1406
3 1407 1409 1408
3 1409 1410 1408
3 1409 1411 1410
3 1411 1412 1410
3 1411 1413 1412
3 1413 1414 1412
3 1413 1415 1414
3 1415 1416 1414
3 1415 1417 1416
3 1417 1418 1416
3 1417 1419 1418
3 1419 1420 1418
3 1419 1421 1420
3 1421 1422 1420
3 1421 1423 1422
3 1423 1424 1422
3 1423 1425 1424
3 1425 1426 1424
3 1425 1427 1426
3 1427 1428 1426
3 1405 1 0
3 1405 1406 1
3 1406 5 1
3 1406 1408 5
3 1408 7 5
3 1408 1410 7
3 1410 9 7
3 1410 1412 9
3 1412 11 9
3 1412 1414 11
3 1414 13 11
3 1414 1416 13
3 1416 15 13
3 1416 1418 15
3 1418 17 15
3 1418 1420 17
3 1420 19 17
3 1420 1422 19
3 1422 21 19
3 1422 1424 21
3 1424 23 21
3 1424 1426 23
3 1426 25 23
3 1426 1428 25
3 1428 27 25
3 1428 1429 27
3 1429 28 27
3 1429 1430 28
3 1430 30 28
3 1430 1431 30
3 1431 33 30
3 1431 1432 33
3 1432 35 33
3 1432 1433 35
3 1433 37 35
3 1433 1434 37
3 1434 39 37
3 1434 1435 39
3 1435 41 39
3 1435 1436 41
3 1436 42 41
3 1436 1437 42
3 1437 44 42
3 1437 1438 44
3 1438 46 44
3 1438 1439 46
3 1439 48 46
3 1439 1440 48
3 1440 50 48
3 69 1441 68
3 69 1442 1441
3 1442 1443 1441
3 1442 1444 1443
3 1444 1445 1443
3 68 1446 104
3 68 1441 1446
3 1441 1447 1446
3 1441 1443 1447
3 1443 1445 1447
3 1447 1445 1448
3 1445 1449 1448
3 1445 1450 1449
3 1450 1451 1449
3 1450 1452 1451
3 1452 1453 1451
3 1452 1454 1453
3 1454 1455 1453
3 1454 1456 1455
3 1456 1457 1455
3 1456 1458 1457
3 1458 1459 1457
3 1458 1460 1459
3 1460 1461 1459
3 1460 1462 1461
3 1462 1463 1461
3 104 1464 139
3 104 1446 1464
3 1446 1465 1464
3 1446 1447 1465
3 1447 1466 1465
3 1447 1448 1466
3 1448 1467 1466
3 1448 1449 1467
3 1449 1468 1467
3 1449 1451 1468
3 1451 1469 1468
3 1451 1453 1469
3 1453 1470 1469
3 1453 1455 1470
3 1455 1471 1470
3 1455 1457 1471
3 1457 1472 1471
3 1457 1459 1472
3 1459 1473 1472
3 1459 1461 1473
3 1461 1463 1473
3 1473 1463 1474
3 1463 1475 1474
3 1474 1475 1476
3 1475 1477 1476
3 1476 1477 1478
3 1477 1479 1478
3 1477 1480 1479
3 1480 1481 1479
3 1480 1482 1481
3 1482 1483 1481
3 1482 1484 1483
3 1484 1485 1483
3 1484 1486 1485
3 1486 1487 1485
3 1486 1488 1487
3 139 1489 174
3 139 1464 1489
3 1464 1490 1489
3 1464 1465 1490
3 1465 1491 1490
3 1465 1466 1491
3 1466 1492 1491
3 1466 1467 1492
3 1467 1493 1492
3 1467 1468 1493
3 1468 1494 1493
3 1468 1469 1494
3 1469 1495 1494
3 1469 1470 1495
3 1470 1496 1495
3 1470 1471 1496
3 1471 1497 1496
3 1471 1472 1497
3 1472 1498 1497
3 1472 1473 1498
3 1473 1474 1498
3 1498 1474 1499
3 1474 1476 1499
3 1499 1476 1500
3 1476 1501 1500
3 1476 1478 1501
3 1478 1502 1501
3 1478 1479 1502
3 1479 1503 1502
3 1479 1481 1503
3 1481 1504 1503
3 1481 1483 1504
3 1483 1505 1504
3 1483 1485 1505
3 1485 1506 1505
3 1485 1487 1506
3 1487 1507 1506
3 1506 1507 1508
3 1507 1509 1508
3 1508 1509 1510
3 1509 1511 1510
3 1509 1512 1511
3 1512 1513 1511
3 1512 1514 1513
3 1514 1515 1513
3 1514 1516 1515
3 1516 1517 1515
3 1516 1518 1517
3 1518 1519 1517
3 1518 1520 1519
3 1520 1521 1519
3 1520 1522 1521
3 1522 1523 1521
3 1521 1523 1524
3 174 1489 209
3 209 1489 1525
3 1489 1526 1525
3 1489 1490 1526
3 1490 1527 1526
3 1490 1491 1527
3 1491 1528 1527
3 1491 1492 1528
3 1492 1529 1528
3 1492 1493 1529
3 1493 1530 1529
3 1493 1494 1530
3 1494 1531 1530
3 1494 1495 1531
3 1495 1532 1531
3 1495 1496 1532
3 1496 1533 1532
3 1496 1497 1533
3 1497 1534 1533
3 1497 1498 1534
3 1498 1535 1534
3 1498 1499 1535
3 1499 1536 1535
3 1499 1500 1536
3 1500 1537 1536
3 1500 1501 1537
3 1501 1538 1537
3 1501 1502 1538
3 1502 1539 1538
3 1502 1503 1539
3 1503 1540 1539
3 1503 1504 1540
3 1504 1541 1540
3 1504 1505 1541
3 1505 1542 1541
3 1505 1506 1542
3 1506 1508 1542
3 1542 1508 1543
3 1508 1510 1543
3 1543 1510 1544
3 1510 1545 1544
3 1510 1511 1545
3 1511 1546 1545
3 1511 1513 1546
3 1513 1547 1546
3 1513 1515 1547
3 1515 1548 1547
3 1515 1517 1548
3 1517 1549 1548
3 1517 1519 1549
3 1519 1550 1549
3 1519 1521 1550
3 1521 1551 1550
3 1521 1524 1551
3 1524 1552 1551
3 1551 1552 1553
3 1552 1554 1553
3 1553 1554 1555
3 209 1525 246
3 246 1525 1556
3 1525 1557 1556
3 1525 1526 1557
3 1526 1558 1557
3 1526 1527 1558
3 1527 1559 1558
3 1527 1528 1559
3 1528 1560 1559
3 1528 1529 1560
3 1529 1561 1560
3 1529 1530 1561
3 1530 1562 1561
3 1530 1531 1562
3 1531 1563 1562
3 1531 1532 1563
3 1532 1564 1563
3 1532 1533 1564
3 1533 1565 1564
3 1533 1534 1565
3 1534 1566 1565
3 1534 1535 1566
3 1535 1567 1566
3 1535 1536 1567
3 1536 1568 1567
3 1536 1537 1568
3 1537 1569 1568
3 1537 1538 1569
3 1538 1570 1569
3 1538 1539 1570
3 1539 1571 1570
3 1539 1540 1571
3 1540 1541 1571
3 1571 1541 1572
3 1541 1542 1572
3 1572 1542 1573
3 1542 1543 1573
3 1573 1543 1574
3 1543 1544 1574
3 1574 1544 1575
3 1544 1576 1575
3 1544 1545 1576
3 1545 1577 1576
3 1545 1546 1577
3 1546 1578 1577
3 1546 1547 1578
3 1547 1579 1578
3 1547 1548 1579
3 1548 1580 1579
3 1548 1549 1580
3 1549 1581 1580
3 1549 1550 1581
3 1550 1582 1581
3 1550 1551 1582
3 1551 1583 1582
3 1551 1553 1583
3 1553 1555 1583
3 1583 1555 1584
3 246 1585 282
3 246 1556 1585
3 1556 1586 1585
3 1556 1557 1586
3 1557 1587 1586
3 1557 1558 1587
3 1558 1588 1587
3 1558 1559 1588
3 1559 1589 1588
3 1559 1560 1589
3 1560 1590 1589
3 1560 1561 1590
3 1561 1591 1590
3 1561 1562 1591
3 1562 1592 1591
3 1562 1563 1592
3 1563 1564 1592
3 1592 1564 1593
3 1564 1565 1593
3 1593 1565 1594
3 1565 1595 1594
3 1565 1566 1595
3 1566 1596 1595
3 1566 1567 1596
3 1567 1597 1596
3 1567 1568 1597
3 1568 1598 1597
3 1568 1569 1598
3 1569 1599 1598
3 1569 1570 1599
3 1570 1600 1599
3 1570 1571 1600
3 1571 1572 1600
3 1600 1572 1601
3 1572 1573 1601
3 1601 1573 1602
3 1573 1574 1602
3 1602 1574 1603
3 1574 1575 1603
3 1603 1575 1604
3 1575 1605 1604
3 1575 1576 1605
3 1576 1606 1605
3 1576 1577 1606
3 1577 1607 1606
3 1577 1578 1607
3 1578 1608 1607
3 1578 1579 1608
3 1579 1609 1608
3 1579 1580 1609
3 1580 1610 1609
3 1580 1581 1610
3 1581 1611 1610
3 1581 1582 1611
3 1582 1612 1611
3 1582 1583 1612
3 282 1613 318
3 282 1585 1613
3 1585 1614 1613
3 1585 1586 1614
3 1586 1615 1614
3 1586 1587 1615
3 1587 1616 1615
3 1587 1588 1616
3 1588 1617 1616
3 1588 1589 1617
3 1589 1618 1617
3 1589 1590 1618
3 1590 1619 1618
3 1590 1591 1619
3 1591 1592 1619
3 1619 1592 1620
3 1592 1593 1620
3 1620 1593 1621
3 1593 1622 1621
3 1593 1594 1622
3 1594 1623 1622
3 1594 1595 1623
3 1595 1624 1623
3 1595 1596 1624
3 1596 1625 1624
3 1596 1597 1625
3 1597 1626 1625
3 1597 1598 1626
3 1598 1627 1626
3 1598 1599 1627
3 1599 1628 1627
3 1599 1600 1628
3 1600 1629 1628
3 1600 1601 1629
3 1601 1602 1629
3 1629 1602 1630
3 1602 1631 1630
3 1602 1603 1631
3 1603 1632 1631
3 1603 1604 1632
3 1604 1633 1632
3 1604 1605 1633
3 1605 1634 1633
3 1605 1606 1634
3 1606 1635 1634
3 1606 1607 1635
3 1607 1636 1635
3 1607 1608 1636
3 1608 1637 1636
3 1608 1609 1637
3 1609 1638 1637
3 1609 1610 1638
3 1610 1639 1638
3 1610 1611 1639
3 1611 1640 1639
3 1611 1612 1640
3 318 1641 354
3 318 1613 1641
3 1613 1642 1641
3 1613 1614 1642
3 1614 1643 1642
3 1614 1615 1643
3 1615 1644 1643
3 1615 1616 1644
3 1616 1645 1644
3 1616 1617 1645
3 1617 1646 1645
3 1617 1618 1646
3 1618 1647 1646
3 1618 1619 1647
3 1619 1648 1647
3 1619 1620 1648
3 1620 1649 1648
3 1620 1621 1649
3 1621 1650 1649
3 1621 1622 1650
3 1622 1651 1650
3 1622 1623 1651
3 1623 1652 1651
3 1623 1624 1652
3 1624 1653 1652
3 1624 1625 1653
3 1625 1654 1653
3 1625 1626 1654
3 1626 1655 1654
3 1626 1627 1655
3 1627 1656 1655
3 1627 1628 1656
3 1628 1657 1656
3 1628 1629 1657
3 1629 1658 1657
3 1629 1630 1658
3 1630 1659 1658
3 1630 1631 1659
3 1631 1660 1659
3 1631 1632 1660
3 1632 1661 1660
3 1632 1633 1661
3 1633 1662 1661
3 1633 1634 1662
3 1634 1663 1662
3 1634 1635 1663
3 1635 1664 1663
3 1635 1636 1664
3 1636 1665 1664
3 1636 1637 1665
3 1637 1666 1665
3 1637 1638 1666
3 1638 1667 1666
3 1638 1639 1667
3 1639 1668 1667
3 1639 1640 1668
3 354 1669 390
3 354 1641 1669
3 1641 1670 1669
3 1641 1642 1670
3 1642 1671 1670
3 1642 1643 1671
3 1643 1672 1671
3 1643 1644 1672
3 1644 1673 1672
3 1644 1645 1673
3 1645 1674 1673
3 1645 1646 1674
3 1646 1647 1674
3 1674 1647 1675
3 1647 1648 1675
3 1675 1648 1676
3 1648 1649 1676
3 1676 1649 1677
3 1649 1678 1677
3 1649 1650 1678
3 1650 1679 1678
3 1650 1651 1679
3 1651 1680 1679
3 1651 1652 1680
3 1652 1681 1680
3 1652 1653 1681
3 1653 1682 1681
3 1653 1654 1682
3 1654 1683 1682
3 1654 1655 1683
3 1655 1684 1683
3 1655 1656 1684
3 1656 1685 1684
3 1656 1657 1685
3 1657 1686 1685
3 1657 1658 1686
3 1658 1687 1686
3 1658 1659 1687
3 1659 1688 1687
3 1659 1660 1688
3 1660 1689 1688
3 1660 1661 1689
3 1661 1690 1689
3 1661 1662 1690
3 1662 1691 1690
3 1662 1663 1691
3 1663 1692 1691
3 1663 1664 1692
3 1664 1693 1692
3 1664 1665 1693
3 1665 1694 1693
3 1665 1666 1694
3 1666 1695 1694
3 1666 1667 1695
3 390 1696 428
3 390 1669 1696
3 1669 1697 1696
3 1669 1670 1697
3 1670 1698 1697
3 1670 1671 1698
3 1671 1699 1698
3 1671 1672 1699
3 1672 1700 1699
3 1672 1673 1700
3 1673 1674 1700
3 1700 1674 1701
3 1674 1675 1701
3 1701 1675 1702
3 1675 1676 1702
3 1702 1676 1703
3 1676 1677 1703
3 1703 1677 1704
3 1677 1705 1704
3 1677 1678 1705
3 1678 1706 1705
3 1678 1679 1706
3 1679 1707 1706
3 1679 1680 1707
3 1680 1708 1707
3 1680 1681 1708
3 1681 1709 1708
3 1681 1682 1709
3 1682 1710 1709
3 1682 1683 1710
3 1683 1711 1710
3 1683 1684 1711
3 1684 1712 1711
3 1684 1685 1712
3 1685 1713 1712
3 1685 1686 1713
3 1686 1714 1713
3 1686 1687 1714
3 1687 1715 1714
3 1687 1688 1715
3 1688 1716 1715
3 1688 1689 1716
3 1689 1717 1716
3 1689 1690 1717
3 1690 1718 1717
3 1690 1691 1718
3 1691 1719 1718
3 1691 1692 1719
3 1692 1720 1719
3 1692 1693 1720
3 1693 1721 1720
3 1693 1694 1721
3 1694 1722 1721
3 1694 1695 1722
3 428 1723 465
3 428 1696 1723
3 1696 1724 1723
3 1696 1697 1724
3 1697 1725 1724
3 1697 1698 1725
3 1698 1726 1725
3 1698 1699 1726
3 1699 1700 1726
3 1726 1700 1727
3 1700 1701 1727
3 1727 1701 1728
3 1701 1702 1728
3 1728 1702 1729
3 1702 1730 1729
3 1702 1703 1730
3 1703 1731 1730
3 1703 1704 1731
3 1704 1732 1731
3 1704 1705 1732
3 1705 1733 1732
3 1705 1706 1733
3 1706 1734 1733
3 1706 1707 1734
3 1707 1735 1734
3 1707 1708 1735
3 1708 1736 1735
3 1708 1709 1736
3 1709 1737 1736
3 1709 1710 1737
3 1710 1738 1737
3 1710 1711 1738
3 1711 1739 1738
3 1711 1712 1739
3 1712 1740 1739
3 1712 1713 1740
3 1713 1741 1740
3 1713 1714 1741
3 1714 1742 1741
3 1714 1715 1742
3 1715 1743 1742
3 1715 1716 1743
3 1716 1744 1743
3 1716 1717 1744
3 1717 1745 1744
3 1717 1718 1745
3 1718 1746 1745
3 1718 1719 1746
3 1719 1747 1746
3 1719 1720 1747
3 1720 1748 1747
3 1720 1721 1748
3 465 1723 502
3 502 1723 1749
3 1723 1724 1749
3 1749 1724 1750
3 1724 1725 1750
3 1750 1725 1751
3 1725 1726 1751
3 1751 1726 1752
3 1726 1727 1752
3 1752 1727 1753
3 1727 1728 1753
3 1753 1728 1754
3 1728 1729 1754
3 1754 1729 1755
3 1729 1756 1755
3 1729 1730 1756
3 1730 1757 1756
3 1730 1731 1757
3 1731 1758 1757
3 1731 1732 1758
3 1732 1759 1758
3 1732 1733 1759
3 1733 1760 1759
3 1733 1734 1760
3 1734 1761 1760
3 1734 1735 1761
3 1735 1762 1761
3 1735 1736 1762
3 1736 1763 1762
3 1736 1737 1763
3 1737 1764 1763
3 1737 1738 1764
3 1738 1765 1764
3 1738 1739 1765
3 1739 1766 1765
3 1739 1740 1766
3 1740 1767 1766
3 1740 1741 1767
3 1741 1768 1767
3 1741 1742 1768
3 1742 1769 1768
3 1742 1743 1769
3 1743 1770 1769
3 1743 1744 1770
3 1744 1771 1770
3 1744 1745 1771
3 1745 1746 1771
3 1771 1746 1772
3 1746 1747 1772
3 1772 1747 1773
3 1747 1748 1773
3 502 1749 539
3 539 1749 1774
3 1749 1750 1774
3 1774 1750 1775
3 1750 1751 1775
3 1775 1751 1776
3 1751 1752 1776
3 1776 1752 1777
3 1752 1753 1777
3 1777 1753 1778
3 1753 1754 1778
3 1778 1754 1779
3 1754 1755 1779
3 1779 1755 1780
3 1755 1781 1780
3 1755 1756 1781
3 1756 1782 1781
3 1756 1757 1782
3 1757 1783 1782
3 1757 1758 1783
3 1758 1784 1783
3 1758 1759 1784
3 1759 1785 1784
3 1759 1760 1785
3 1760 1786 1785
3 1760 1761 1786
3 1761 1787 1786
3 1761 1762 1787
3 1762 1788 1787
3 1762 1763 1788
3 1763 1789 1788
3 1763 1764 1789
3 1764 1790 1789
3 1764 1765 1790
3 1765 1791 1790
3 1765 1766 1791
3 1766 1792 1791
3 1766 1767 1792
3 1767 1793 1792
3 1767 1768 1793
3 1768 1794 1793
3 1768 1769 1794
3 1769 1795 1794
3 1769 1770 1795
3 1770 1796 1795
3 1770 1771 1796
3 1771 1772 1796
3 1796 1772 1797
3 1772 1773 1797
3 1797 1773 1798
3 539 1799 578
3 539 1774 1799
3 1774 1775 1799
3 1799 1775 1800
3 1775 1776 1800
3 1800 1776 1801
3 1776 1777 1801
3 1801 1777 1802
3 1777 1778 1802
3 1802 1778 1803
3 1778 1779 1803
3 1803 1779 1804
3 1779 1780 1804
3 1804 1780 1805
3 1780 1806 1805
3 1780 1781 1806
3 1781 1807 1806
3 1781 1782 1807
3 1782 1808 1807
3 1782 1783 1808
3 1783 1809 1808
3 1783 1784 1809
3 1784 1810 1809
3 1784 1785 1810
3 1785 1811 1810
3 1785 1786 1811
3 1786 1812 1811
3 1786 1787 1812
3 1787 1813 1812
3 1787 1788 1813
3 1788 1814 1813
3 1788 1789 1814
3 1789 1815 1814
3 1789 1790 1815
3 1790 1816 1815
3 1790 1791 1816
3 1791 1817 1816
3 1791 1792 1817
3 1792 1818 1817
3 1792 1793 1818
3 1793 1819 1818
3 1793 1794 1819
3 1794 1820 1819
3 1794 1795 1820
3 1795 1821 1820
3 1795 1796 1821
3 1796 1797 1821
3 1821 1797 1822
3 1797 1798 1822
3 578 1823 616
3 578 1799 1823
3 1799 1800 1823
3 1823 1800 1824
3 1800 1801 1824
3 1824 1801 1825
3 1801 1802 1825
3 1825 1802 1826
3 1802 1803 1826
3 1826 1803 1827
3 1803 1804 1827
3 1827 1804 1828
3 1804 1805 1828
3 1828 1805 1829
3 1805 1830 1829
3 1805 1806 1830
3 1806 1831 1830
3 1806 1807 1831
3 1807 1832 1831
3 1807 1808 1832
3 1808 1833 1832
3 1808 1809 1833
3 1809 1834 1833
3 1809 1810 1834
3 1810 1835 1834
3 1810 1811 1835
3 1811 1836 1835
3 1811 1812 1836
3 1812 1837 1836
3 1812 1813 1837
3 1813 1838 1837
3 1813 1814 1838
3 1814 1839 1838
3 1814 1815 1839
3 1815 1840 1839
3 1815 1816 1840
3 1816 1841 1840
3 1816 1817 1841
3 1817 1842 1841
3 1817 1818 1842
3 1818 1843 1842
3 1818 1819 1843
3 1819 1844 1843
3 1819 1820 1844
3 1820 1845 1844
3 1820 1821 1845
3 1821 1822 1845
3 1845 1822 1846
3 616 1847 654
3 616 1823 1847
3 1823 1848 1847
3 1823 1824 1848
3 1824 1825 1848
3 1848 1825 1849
3 1825 1826 1849
3 1849 1826 1850
3 1826 1827 1850
3 1850 1827 1851
3 1827 1828 1851
3 1851 1828 1852
3 1828 1829 1852
3 1852 1829 1853
3 1829 1830 1853
3 1853 1830 1854
3 1830 1831 1854
3 1854 1831 1855
3 1831 1856 1855
3 1831 1832 1856
3 1832 1857 1856
3 1832 1833 1857
3 1833 1858 1857
3 1833 1834 1858
3 1834 1835 1858
3 1858 1835 1859
3 1835 1836 1859
3 1859 1836 1860
3 1836 1837 1860
3 1860 1837 1861
3 1837 1862 1861
3 1837 1838 1862
3 1838 1863 1862
3 1838 1839 1863
3 1839 1864 1863
3 1839 1840 1864
3 1840 1865 1864
3 1840 1841 1865
3 1841 1866 1865
3 1841 1842 1866
3 1842 1867 1866
3 1842 1843 1867
3 1843 1868 1867
3 1843 1844 1868
3 1844 1869 1868
3 1844 1845 1869
3 1845 1846 1869
3 1869 1846 1870
3 654 1847 692
3 692 1847 1871
3 1847 1848 1871
3 1871 1848 1872
3 1848 1873 1872
3 1848 1849 1873
3 1849 1850 1873
3 1873 1850 1874
3 1850 1851 1874
3 1874 1851 1875
3 1851 1852 1875
3 1875 1852 1876
3 1852 1853 1876
3 1876 1853 1877
3 1853 1854 1877
3 1877 1854 1878
3 1854 1855 1878
3 1878 1855 1879
3 1855 1856 1879
3 1879 1856 1880
3 1856 1857 1880
3 1880 1857 1881
3 1857 1858 1881
3 1881 1858 1882
3 1858 1859 1882
3 1882 1859 1883
3 1859 1860 1883
3 1883 1860 1884
3 1860 1885 1884
3 1860 1861 1885
3 1861 1886 1885
3 1861 1862 1886
3 1862 1887 1886
3 1862 1863 1887
3 1863 1888 1887
3 1863 1864 1888
3 1864 1889 1888
3 1864 1865 1889
3 1865 1890 1889
3 1865 1866 1890
3 1866 1891 1890
3 1866 1867 1891
3 1867 1892 1891
3 1867 1868 1892
3 1868 1893 1892
3 1868 1869 1893
3 1869 1870 1893
3 1893 1870 1894
3 692 1871 732
3 732 1871 1895
3 1871 1872 1895
3 1895 1872 1896
3 1872 1873 1896
3 1896 1873 1897
3 1873 1898 1897
3 1873 1874 1898
3 1874 1899 1898
3 1874 1875 1899
3 1875 1876 1899
3 1899 1876 1900
3 1876 1877 1900
3 1900 1877 1901
3 1877 1878 1901
3 1901 1878 1902
3 1878 1879 1902
3 1902 1879 1903
3 1879 1880 1903
3 1903 1880 1904
3 1880 1881 1904
3 1904 1881 1905
3 1881 1882 1905
3 1905 1882 1906
3 1882 1907 1906
3 1882 1883 1907
3 1883 1908 1907
3 1883 1884 1908
3 1884 1909 1908
3 1884 1885 1909
3 1885 1910 1909
3 1885 1886 1910
3 1886 1911 1910
3 1886 1887 1911
3 1887 1912 1911
3 1887 1888 1912
3 1888 1913 1912
3 1888 1889 1913
3 1889 1914 1913
3 1889 1890 1914
3 1890 1915 1914
3 1890 1891 1915
3 1891 1916 1915
3 1891 1892 1916
3 1892 1893 1916
3 1916 1893 1917
3 1893 1894 1917
3 732 1918 771
3 732 1895 1918
3 1895 1896 1918
3 1918 1896 1919
3 1896 1897 1919
3 1919 1897 1920
3 1897 1921 1920
3 1897 1898 1921
3 1898 1922 1921
3 1898 1899 1922
3 1899 1900 1922
3 1922 1900 1923
3 1900 1901 1923
3 1923 1901 1924
3 1901 1902 1924
3 1924 1902 1925
3 1902 1926 1925
3 1902 1903 1926
3 1903 1927 1926
3 1903 1904 1927
3 1904 1928 1927
3 1904 1905 1928
3 1905 1929 1928
3 1905 1906 1929
3 1906 1930 1929
3 1906 1907 1930
3 1907 1931 1930
3 1907 1908 1931
3 1908 1932 1931
3 1908 1909 1932
3 1909 1933 1932
3 1909 1910 1933
3 1910 1934 1933
3 1910 1911 1934
3 1911 1935 1934
3 1911 1912 1935
3 1912 1936 1935
3 1912 1913 1936
3 1913 1937 1936
3 1913 1914 1937
3 1914 1938 1937
3 1914 1915 1938
3 1915 1916 1938
3 1938 1916 1939
3 1916 1917 1939
3 1939 1917 1940
3 771 1918 810
3 810 1918 1941
3 1918 1919 1941
3 1941 1919 1942
3 1919 1920 1942
3 1942 1920 1943
3 1920 1921 1943
3 1943 1921 1944
3 1921 1922 1944
3 1944 1922 1945
3 1922 1923 1945
3 1945 1923 1946
3 1923 1924 1946
3 1946 1924 1947
3 1924 1948 1947
3 1924 1925 1948
3 1925 1949 1948
3 1925 1926 1949
3 1926 1950 1949
3 1926 1927 1950
3 1927 1951 1950
3 1927 1928 1951
3 1928 1952 1951
3 1928 1929 1952
3 1929 1953 1952
3 1929 1930 1953
3 1930 1954 1953
3 1930 1931 1954
3 1931 1955 1954
3 1931 1932 1955
3 1932 1956 1955
3 1932 1933 1956
3 1933 1934 1956
3 1956 1934 1957
3 1934 1935 1957
3 1957 1935 1958
3 1935 1959 1958
3 1935 1936 1959
3 1936 1960 1959
3 1936 1937 1960
3 1937 1961 1960
3 1937 1938 1961
3 1938 1962 1961
3 1938 1939 1962
3 1939 1940 1962
3 1962 1940 1963
3 810 1964 849
3 810 1941 1964
3 1941 1965 1964
3 1941 1942 1965
3 1942 1966 1965
3 1942 1943 1966
3 1943 1944 1966
3 1966 1944 1967
3 1944 1945 1967
3 1967 1945 1968
3 1945 1946 1968
3 1968 1946 1969
3 1946 1970 1969
3 1946 1947 1970
3 1947 1971 1970
3 1947 1948 1971
3 1948 1972 1971
3 1948 1949 1972
3 1949 1973 1972
3 1949 1950 1973
3 1950 1974 1973
3 1950 1951 1974
3 1951 1975 1974
3 1951 1952 1975
3 1952 1976 1975
3 1952 1953 1976
3 1953 1954 1976
3 1976 1954 1977
3 1954 1955 1977
3 1977 1955 1978
3 1955 1956 1978
3 1978 1956 1979
3 1956 1957 1979
3 1979 1957 1980
3 1957 1958 1980
3 1980 1958 1981
3 1958 1982 1981
3 1958 1959 1982
3 1959 1983 1982
3 1959 1960 1983
3 1960 1984 1983
3 1960 1961 1984
3 1961 1985 1984
3 1961 1962 1985
3 1962 1963 1985
3 849 1986 888
3 849 1964 1986
3 1964 1987 1986
3 1964 1965 1987
3 1965 1988 1987
3 1965 1966 1988
3 1966 1967 1988
3 1988 1967 1989
3 1967 1968 1989
3 1989 1968 1990
3 1968 1969 1990
3 1990 1969 1991
3 1969 1992 1991
3 1969 1970 1992
3 1970 1993 1992
3 1970 1971 1993
3 1971 1994 1993
3 1971 1972 1994
3 1972 1995 1994
3 1972 1973 1995
3 1973 1996 1995
3 1973 1974 1996
3 1974 1997 1996
3 1974 1975 1997
3 1975 1998 1997
3 1975 1976 1998
3 1976 1977 1998
3 1998 1977 1999
3 1977 1978 1999
3 1999 1978 2000
3 1978 1979 2000
3 2000 1979 2001
3 1979 2002 2001
3 1979 1980 2002
3 1980 2003 2002
3 1980 1981 2003
3 1981 2004 2003
3 1981 1982 2004
3 1982 2005 2004
3 1982 1983 2005
3 1983 2006 2005
3 1983 1984 2006
3 1984 2007 2006
3 1984 1985 2007
3 888 2008 929
3 888 1986 2008
3 1986 2009 2008
3 1986 1987 2009
3 1987 2010 2009
3 1987 1988 2010
3 1988 2011 2010
3 1988 1989 2011
3 1989 1990 2011
3 2011 1990 2012
3 1990 2013 2012
3 1990 1991 2013
3 1991 2014 2013
3 1991 1992 2014
3 1992 2015 2014
3 1992 1993 2015
3 1993 2016 2015
3 1993 1994 2016
3 1994 2017 2016
3 1994 1995 2017
3 1995 2018 2017
3 1995 1996 2018
3 1996 2019 2018
3 1996 1997 2019
3 1997 2020 2019
3 1997 1998 2020
3 1998 1999 2020
3 2020 1999 2021
3 1999 2000 2021
3 2021 2000 2022
3 2000 2001 2022
3 2022 2001 2023
3 2001 2024 2023
3 2001 2002 2024
3 2002 2025 2024
3 2002 2003 2025
3 2003 2026 2025
3 2003 2004 2026
3 2004 2027 2026
3 2004 2005 2027
3 2005 2028 2027
3 2005 2006 2028
3 2006 2007 2028
3 2028 2007 2029
3 929 2008 969
3 969 2008 2030
3 2008 2009 2030
3 2030 2009 2031
3 2009 2032 2031
3 2009 2010 2032
3 2010 2011 2032
3 2032 2011 2033
3 2011 2012 2033
3 2033 2012 2034
3 2012 2035 2034
3 2012 2013 2035
3 2013 2036 2035
3 2013 2014 2036
3 2014 2037 2036
3 2014 2015 2037
3 2015 2038 2037
3 2015 2016 2038
3 2016 2039 2038
3 2016 2017 2039
3 2017 2040 2039
3 2017 2018 2040
3 2018 2041 2040
3 2018 2019 2041
3 2019 2042 2041
3 2019 2020 2042
3 2020 2021 2042
3 2042 2021 2043
3 2021 2022 2043
3 2043 2022 2044
3 2022 2045 2044
3 2022 2023 2045
3 2023 2046 2045
3 2023 2024 2046
3 2024 2047 2046
3 2024 2025 2047
3 2025 2048 2047
3 2025 2026 2048
3 2026 2049 2048
3 2026 2027 2049
3 2027 2050 2049
3 2027 2028 2050
3 2028 2029 2050
3 2050 2029 2051
3 969 2030 1009
3 1009 2030 2052
3 2030 2031 2052
3 2052 2031 2053
3 2031 2054 2053
3 2031 2032 2054
3 2032 2055 2054
3 2032 2033 2055
3 2033 2056 2055
3 2033 2034 2056
3 2034 2057 2056
3 2034 2035 2057
3 2035 2058 2057
3 2035 2036 2058
3 2036 2059 2058
3 2036 2037 2059
3 2037 2060 2059
3 2037 2038 2060
3 2038 2061 2060
3 2038 2039 2061
3 2039 2062 2061
3 2039 2040 2062
3 2040 2063 2062
3 2040 2041 2063
3 2041 2064 2063
3 2041 2042 2064
3 2042 2065 2064
3 2042 2043 2065
3 2043 2066 2065
3 2043 2044 2066
3 2044 2067 2066
3 2044 2045 2067
3 2045 2068 2067
3 2045 2046 2068
3 2046 2069 2068
3 2046 2047 2069
3 2047 2070 2069
3 2047 2048 2070
3 2048 2049 2070
3 2070 2049 2071
3 2049 2050 2071
3 2071 2050 2072
3 2050 2051 2072
3 1009 2052 1049
3 1049 2052 2073
3 2052 2053 2073
3 2073 2053 2074
3 2053 2075 2074
3 2053 2054 2075
3 2054 2076 2075
3 2054 2055 2076
3 2055 2077 2076
3 2055 2056 2077
3 2056 2078 2077
3 2056 2057 2078
3 2057 2079 2078
3 2057 2058 2079
3 2058 2080 2079
3 2058 2059 2080
3 2059 2081 2080
3 2059 2060 2081
3 2060 2082 2081
3 2060 2061 2082
3 2061 2083 2082
3 2061 2062 2083
3 2062 2084 2083
3 2062 2063 2084
3 2063 2085 2084
3 2063 2064 2085
3 2064 2086 2085
3 2064 2065 2086
3 2065 2087 2086
3 2065 2066 2087
3 2066 2088 2087
3 2066 2067 2088
3 2067 2089 2088
3 2067 2068 2089
3 2068 2090 2089
3 2068 2069 2090
3 2069 2091 2090
3 2069 2070 2091
3 2070 2071 2091
3 2091 2071 2092
3 2071 2072 2092
3 2092 2072 2093
3 1049 2073 1091
3 1091 2073 2094
3 2073 2095 2094
3 2073 2074 2095
3 2074 2096 2095
3 2074 2075 2096
3 2075 2097 2096
3 2075 2076 2097
3 2076 2098 2097
3 2076 2077 2098
3 2077 2099 2098
3 2077 2078 2099
3 2078 2100 2099
3 2078 2079 2100
3 2079 2101 2100
3 2079 2080 2101
3 2080 2102 2101
3 2080 2081 2102
3 2081 2103 2102
3 2081 2082 2103
3 2082 2104 2103
3 2082 2083 2104
3 2083 2105 2104
3 2083 2084 2105
3 2084 2106 2105
3 2084 2085 2106
3 2085 2086 2106
3 2106 2086 2107
3 2086 2087 2107
3 2107 2087 2108
3 2087 2109 2108
3 2087 2088 2109
3 2088 2110 2109
3 2088 2089 2110
3 2089 2111 2110
3 2089 2090 2111
3 2090 2091 2111
3 2111 2091 2112
3 2091 2092 2112
3 2112 2092 2113
3 2092 2093 2113
3 2113 2093 2114
3 1091 2094 1132
3 1132 2094 2115
3 2094 2116 2115
3 2094 2095 2116
3 2095 2117 2116
3 2095 2096 2117
3 2096 2118 2117
3 2096 2097 2118
3 2097 2119 2118
3 2097 2098 2119
3 2098 2120 2119
3 2098 2099 2120
3 2099 2121 2120
3 2099 2100 2121
3 2100 2122 2121
3 2100 2101 2122
3 2101 2123 2122
3 2101 2102 2123
3 2102 2124 2123
3 2102 2103 2124
3 2103 2125 2124
3 2103 2104 2125
3 2104 2105 2125
3 2125 2105 2126
3 2105 2127 2126
3 2105 2106 2127
3 2106 2107 2127
3 2127 2107 2128
3 2107 2108 2128
3 2128 2108 2129
3 2108 2109 2129
3 2129 2109 2130
3 2109 2131 2130
3 2109 2110 2131
3 2110 2132 2131
3 2110 2111 2132
3 2111 2133 2132
3 2111 2112 2133
3 2112 2113 2133
3 2133 2113 2134
3 2113 2114 2134
3 1132 2135 1173
3 1132 2115 2135
3 2115 2136 2135
3 2115 2116 2136
3 2116 2137 2136
3 2116 2117 2137
3 2117 2138 2137
3 2117 2118 2138
3 2118 2139 2138
3 2118 2119 2139
3 2119 2140 2139
3 2119 2120 2140
3 2120 2141 2140
3 2120 2121 2141
3 2121 2142 2141
3 2121 2122 2142
3 2122 2143 2142
3 2122 2123 2143
3 2123 2124 2143
3 2143 2124 2144
3 2124 2125 2144
3 2144 2125 2145
3 2125 2146 2145
3 2125 2126 2146
3 2126 2147 2146
3 2126 2127 2147
3 2127 2148 2147
3 2127 2128 2148
3 2128 2129 2148
3 2148 2129 2149
3 2129 2130 2149
3 2149 2130 2150
3 2130 2131 2150
3 2150 2131 2151
3 2131 2152 2151
3 2131 2132 2152
3 2132 2153 2152
3 2132 2133 2153
3 2133 2134 2153
3 2153 2134 2154
3 1173 2155 1214
3 1173 2135 2155
3 2135 2156 2155
3 2135 2136 2156
3 2136 2157 2156
3 2136 2137 2157
3 2137 2158 2157
3 2137 2138 2158
3 2138 2159 2158
3 2138 2139 2159
3 2139 2160 2159
3 2139 2140 2160
3 2140 2161 2160
3 2140 2141 2161
3 2141 2162 2161
3 2141 2142 2162
3 2142 2163 2162
3 2142 2143 2163
3 2143 2144 2163
3 2163 2144 2164
3 2144 2145 2164
3 2164 2145 2165
3 2145 2166 2165
3 2145 2146 2166
3 2146 2167 2166
3 2146 2147 2167
3 2147 2168 2167
3 2147 2148 2168
3 2148 2149 2168
3 2168 2149 2169
3 2149 2150 2169
3 2169 2150 2170
3 2150 2151 2170
3 2170 2151 2171
3 2151 2172 2171
3 2151 2152 2172
3 2152 2173 2172
3 2152 2153 2173
3 2153 2154 2173
3 1214 2174 1255
3 1214 2155 2174
3 2155 2175 2174
3 2155 2156 2175
3 2156 2176 2175
3 2156 2157 2176
3 2157 2177 2176
3 2157 2158 2177
3 2158 2178 2177
3 2158 2159 2178
3 2159 2179 2178
3 2159 2160 2179
3 2160 2180 2179
3 2160 2161 2180
3 2161 2181 2180
3 2161 2162 2181
3 2162 2182 2181
3 2162 2163 2182
3 2163 2183 2182
3 2163 2164 2183
3 2164 2165 2183
3 2183 2165 2184
3 2165 2185 2184
3 2165 2166 2185
3 2166 2186 2185
3 2166 2167 2186
3 2167 2168 2186
3 2186 2168 2187
3 2168 2169 2187
3 2187 2169 2188
3 2169 2170 2188
3 2188 2170 2189
3 2170 2171 2189
3 2189 2171 2190
3 2171 2191 2190
3 2171 2172 2191
3 2172 2192 2191
3 2172 2173 2192
3 1255 2193 1296
3 1255 2174 2193
3 2174 2194 2193
3 2174 2175 2194
3 2175 2195 2194
3 2175 2176 2195
3 2176 2196 2195
3 2176 2177 2196
3 2177 2197 2196
3 2177 2178 2197
3 2178 2198 2197
3 2178 2179 2198
3 2179 2199 2198
3 2179 2180 2199
3 2180 2200 2199
3 2180 2181 2200
3 2181 2201 2200
3 2181 2182 2201
3 2182 2202 2201
3 2182 2183 2202
3 2183 2203 2202
3 2183 2184 2203
3 2184 2204 2203
3 2184 2185 2204
3 2185 2205 2204
3 2185 2186 2205
3 2186 2206 2205
3 2186 2187 2206
3 2187 2207 2206
3 2187 2188 2207
3 2188 2208 2207
3 2188 2189 2208
3 2189 2209 2208
3 2189 2190 2209
3 2190 2210 2209
3 2190 2191 2210
3 2191 2211 2210
3 2191 2192 2211
3 1296 2212 1326
3 1296 2193 2212
3 2193 2213 2212
3 2193 2194 2213
3 2194 2214 2213
3 2194 2195 2214
3 2195 2215 2214
3 2195 2196 2215
3 2196 2216 2215
3 2196 2197 2216
3 2197 2217 2216
3 2197 2198 2217
3 2198 2218 2217
3 2198 2199 2218
3 2199 2219 2218
3 2199 2200 2219
3 2200 2220 2219
3 2200 2201 2220
3 2201 2221 2220
3 2201 2202 2221
3 2202 2222 2221
3 2202 2203 2222
3 2203 2223 2222
3 2203 2204 2223
3 2204 2224 2223
3 2204 2205 2224
3 2205 2225 2224
3 2205 2206 2225
3 2206 2226 2225
3 2206 2207 2226
3 2207 2227 2226
3 2207 2208 2227
3 2208 2228 2227
3 2208 2209 2228
3 2209 2229 2228
3 2209 2210 2229
3 1326 2230 1351
3 1326 2212 2230
3 2212 2231 2230
3 2212 2213 2231
3 2213 2232 2231
3 2213 2214 2232
3 2214 2233 2232
3 2214 2215 2233
3 2215 2234 2233
3 2215 2216 2234
3 2216 2235 2234
3 2216 2217 2235
3 2217 2236 2235
3 2217 2218 2236
3 2218 2237 2236
3 2218 2219 2237
3 2219 2238 2237
3 2219 2220 2238
3 2220 2239 2238
3 2220 2221 2239
3 2221 2240 2239
3 2221 2222 2240
3 2222 2241 2240
3 2222 2223 2241
3 2223 2242 2241
3 2223 2224 2242
3 2224 2243 2242
3 2224 2225 2243
3 2225 2244 2243
3 2225 2226 2244
3 2226 2245 2244
3 2226 2227 2245
3 2227 2246 2245
3 2227 2228 2246
3 2228 2247 2246
3 2228 2229 2247
3 1351 2248 1371
3 1351 2230 2248
3 2230 2249 2248
3 2230 2231 2249
3 2231 2250 2249
3 2231 2232 2250
3 2232 2251 2250
3 2232 2233 2251
3 2233 2252 2251
3 2233 2234 2252
3 2234 2253 2252
3 2234 2235 2253
3 2235 2254 2253
3 2235 2236 2254
3 2236 2255 2254
3 2236 2237 2255
3 2237 2256 2255
3 2237 2238 2256
3 2238 2257 2256
3 2238 2239 2257
3 2239 2258 2257
3 2239 2240 2258
3 2240 2259 2258
3 2240 2241 2259
3 2241 2260 2259
3 2241 2242 2260
3 2242 2261 2260
3 2242 2243 2261
3 2243 2262 2261
3 2243 2244 2262
3 2244 2263 2262
3 2244 2245 2263
3 2245 2264 2263
3 2245 2246 2264
3 1371 2265 1386
3 1371 2248 2265
3 2248 2266 2265
3 2248 2249 2266
3 2249 2267 2266
3 2249 2250 2267
3 2250 2268 2267
3 2250 2251 2268
3 2251 2269 2268
3 2251 2252 2269
3 2252 2270 2269
3 2252 2253 2270
3 2253 2271 2270
3 2253 2254 2271
3 2254 2272 2271
3 2254 2255 2272
3 2255 2273 2272
3 2255 2256 2273
3 2256 2274 2273
3 2256 2257 2274
3 2257 2275 2274
3 2257 2258 2275
3 2258 2276 2275
3 2258 2259 2276
3 2259 2277 2276
3 2259 2260 2277
3 2260 2278 2277
3 2260 2261 2278
3 2261 2279 2278
3 2261 2262 2279
3 2262 2263 2279
3 2279 2263 2280
3 2263 2264 2280
3 2280 2264 2281
3 1386 2282 1396
3 1386 2265 2282
3 2265 2283 2282
3 2265 2266 2283
3 2266 2284 2283
3 2266 2267 2284
3 2267 2285 2284
3 2267 2268 2285
3 2268 2286 2285
3 2268 2269 2286
3 2269 2287 2286
3 2269 2270 2287
3 2270 2288 2287
3 2270 2271 2288
3 2271 2289 2288
3 2271 2272 2289
3 2272 2290 2289
3 2272 2273 2290
3 2273 2291 2290
3 2273 2274 2291
3 2274 2292 2291
3 2274 2275 2292
3 2275 2293 2292
3 2275 2276 2293
3 2276 2294 2293
3 2276 2277 2294
3 2277 2295 2294
3 2277 2278 2295
3 2278 2296 2295
3 2278 2279 2296
3 2279 2280 2296
3 2296 2280 2297
3 2280 2281 2297
3 2297 2281 2298
3 1396 2299 1401
3 1396 2282 2299
3 2282 2300 2299
3 2282 2283 2300
3 2283 2301 2300
3 2283 2284 2301
3 2284 2302 2301
3 2284 2285 2302
3 2285 2303 2302
3 2285 2286 2303
3 2286 2304 2303
3 2286 2287 2304
3 2287 2305 2304
3 2287 2288 2305
3 2288 2306 2305
3 2288 2289 2306
3 2289 2307 2306
3 2289 2290 2307
3 2290 2308 2307
3 2290 2291 2308
3 2291 2309 2308
3 2291 2292 2309
3 2292 2310 2309
3 2292 2293 2310
3 2293 2311 2310
3 2293 2294 2311
3 2294 2312 2311
3 2294 2295 2312
3 2295 2296 2312
3 2312 2296 2313
3 2296 2297 2313
3 2313 2297 2314
3 2297 2298 2314
3 1401 2315 1402
3 1401 2299 2315
3 2299 2316 2315
3 2299 2300 2316
3 2300 2317 2316
3 2300 2301 2317
3 2301 2318 2317
3 2301 2302 2318
3 2302 2319 2318
3 2302 2303 2319
3 2303 2320 2319
3 2303 2304 2320
3 2304 2305 2320
3 2320 2305 2321
3 2305 2306 2321
3 2321 2306 2322
3 2306 2323 2322
3 2306 2307 2323
3 2307 2324 2323
3 2307 2308 2324
3 2308 2325 2324
3 2308 2309 2325
3 2309 2326 2325
3 2309 2310 2326
3 2310 2327 2326
3 2310 2311 2327
3 2311 2328 2327
3 2311 2312 2328
3 2312 2313 2328
3 2328 2313 2329
3 2313 2314 2329
3 2329 2314 2330
3 2318 2319 2331
3 2319 2332 2331
3 2319 2320 2332
3 2320 2333 2332
3 2320 2321 2333
3 2321 2334 2333
3 2321 2322 2334
3 2322 2335 2334
3 2322 2323 2335
3 2323 2336 2335
3 2323 2324 2336
3 2324 2337 2336
3 2324 2325 2337
3 2325 2338 2337
3 2325 2326 2338
3 2326 2339 2338
3 2326 2327 2339
3 2327 2340 2339
3 2327 2328 2340
3 2328 2341 2340
3 2328 2329 2341
3 2329 2342 2341
3 2329 2330 2342
3 2336 2337 2343
3 2337 2344 2343
3 2337 2338 2344
3 2338 2345 2344
3 2338 2339 2345
3 2339 2346 2345
3 2339 2340 2346
3 2340 2347 2346
3 2340 2341 2347
3 2341 2348 2347
3 2341 2342 2348

CELL_DATA 4490
SCALARS longitude float 1
LOOKUP_TABLE default
213.1179962158203
213.20199584960938
213.1439971923828
213.0070037841797
213.0469970703125
212.90899658203125
212.93299865722656
212.79600524902344
212.81300354003906
212.68800354003906
212.7030029296875
212.58799743652344
212.5970001220703
212.48599243164062
212.48699951171875
212.3730010986328
212.3679962158203
212.2449951171875
212.23699951171875
212.10699462890625
212.09800720214844
211.96299743652344
211.95700073242188
211.82400512695312
211.8280029296875
211.6999969482422
211.6230010986328
211.68099975585938
211.52200317382812
211.58399963378906
211.51400756835938
211.37899780273438
211.3939971923828
211.2550048828125
211.26400756835938
211.12399291992188
211.1320037841797
210.99200439453125
211.00399780273438
210.86099243164062
210.77200317382812
210.83700561523438
210.64999389648438
210.72300720214844
210.53700256347656
210.6199951171875
210.4320068359375
210.51699829101562
210.32000732421875
210.3990020751953
210.30799865722656
210.14500427246094
210.06100463867188
210.1300048828125
209.93800354003906
210.00999450683594
209.82400512695312
209.89199829101562
209.8070068359375
209.6510009765625
209.6580047607422
209.49099731445312
209.48800659179688
209.3179931640625
209.31199645996094
209.14100646972656
209.1219940185547
208.9510040283203
213.43800354003906
213.51199340820312
213.447998046875
213.3159942626953
213.33999633789062
213.20899963378906
213.22300720214844
213.08599853515625
213.093994140625
212.95899963378906
212.9709930419922
212.84100341796875
212.85400390625
212.72500610351562
212.73800659179688
212.61099243164062
212.625
212.49400329589844
212.5030059814453
212.36900329589844
212.3699951171875
212.22999572753906
212.2270050048828
212.08999633789062
212.093994140625
211.96600341796875
211.89599609375
211.9499969482422
211.79800415039062
211.8489990234375
211.7790069580078
211.6580047607422
211.6649932861328
211.53599548339844
211.53799438476562
211.40499877929688
211.40899658203125
211.2760009765625
211.28599548339844
211.1540069580078
211.0760040283203
211.13400268554688
210.96800231933594
211.03199768066406
210.8699951171875
210.93800354003906
210.7729949951172
210.83599853515625
210.7519989013672
210.61300659179688
210.61099243164062
210.468994140625
210.46299743652344
210.3280029296875
210.24400329589844
210.2899932861328
210.12399291992188
210.16900634765625
210.08700561523438
209.95700073242188
209.9510040283203
209.8070068359375
209.79600524902344
209.64300537109375
209.61900329589844
209.45799255371094
209.42100524902344
209.25599670410156
213.822998046875
213.7010040283203
213.7220001220703
213.5970001220703
213.60499572753906
213.47999572753906
213.48199462890625
213.35699462890625
213.35899353027344
213.23399353027344
213.24200439453125
213.11399841308594
213.12600708007812
212.9969940185547
213.01199340820312
212.8820037841797
212.89700317382812
212.76600646972656
212.77699279785156
212.64500427246094
212.6479949951172
212.50900268554688
212.50799560546875
212.36700439453125
212.3730010986328
212.23800659179688
212.2519989013672
212.12399291992188
212.05599975585938
212.10800170898438
212.03599548339844
211.91400146484375
211.92599487304688
211.79800415039062
211.80499267578125
211.67300415039062
211.6790008544922
211.54800415039062
211.5540008544922
211.4250030517578
211.3509979248047
211.39700317382812
211.2429962158203
211.28700256347656
211.1439971923828
211.18099975585938
211.03700256347656
211.06300354003906
210.97500610351562
210.86500549316406
210.83599853515625
210.7209930419922
210.697998046875
210.58200073242188
210.4929962158203
210.5330047607422
210.375
210.4199981689453
210.2570037841797
210.30299377441406
210.2209930419922
210.08399963378906
210.07000732421875
209.92599487304688
209.89500427246094
209.74200439453125
209.69500732421875
209.53500366210938
214.09300231933594
213.97000122070312
213.9810028076172
213.8560028076172
213.8560028076172
213.7310028076172
213.72900390625
213.60400390625
213.60800170898438
213.48800659179688
213.5030059814453
213.3820037841797
213.3979949951172
213.27099609375
213.28700256347656
213.1580047607422
213.1719970703125
213.04100036621094
213.0540008544922
212.9199981689453
212.93099975585938
212.79100036621094
212.7989959716797
212.65499877929688
212.66600036621094
212.52499389648438
212.54100036621094
212.4040069580078
212.3280029296875
212.38900756835938
212.31399536132812
212.1820068359375
212.20199584960938
212.06900024414062
212.0850067138672
211.94900512695312
211.9600067138672
211.82200622558594
211.8280029296875
211.69200134277344
211.6929931640625
211.56199645996094
211.55999755859375
211.43899536132812
211.43299865722656
211.31900024414062
211.3070068359375
211.19500732421875
211.18099975585938
211.06399536132812
211.052001953125
210.93299865722656
210.84800720214844
210.8939971923828
210.73699951171875
210.7899932861328
210.6320037841797
210.6909942626953
210.5260009765625
210.58999633789062
210.5030059814453
210.3560028076172
210.34500122070312
210.1959991455078
210.16600036621094
210.00999450683594
209.9720001220703
209.80999755859375
214.3719940185547
214.24000549316406
214.25100708007812
214.11399841308594
214.11900329589844
213.98599243164062
213.99000549316406
213.85800170898438
213.8699951171875
213.7449951171875
213.76600646972656
213.6439971923828
213.6699981689453
213.5449981689453
213.56500244140625
213.43499755859375
213.45399475097656
213.32000732421875
213.33599853515625
213.2010040283203
213.21400451660156
213.0780029296875
213.09100341796875
212.95199584960938
212.968994140625
212.82699584960938
212.7449951171875
212.81700134277344
212.7469940185547
212.59800720214844
212.6320037841797
212.48300170898438
212.51100158691406
212.36300659179688
212.3820037841797
212.23800659179688
212.24600219726562
212.10499572753906
212.10000610351562
211.96099853515625
211.9499969482422
211.8179931640625
211.80599975585938
211.67799377441406
211.6699981689453
211.54600524902344
211.54299926757812
211.41900634765625
211.4239959716797
211.29800415039062
211.2169952392578
211.27200317382812
211.10800170898438
211.17100524902344
211.00999450683594
211.07899475097656
210.91700744628906
210.99600219726562
210.83399963378906
210.89700317382812
210.69900512695312
210.74400329589844
210.63499450683594
210.4770050048828
210.45700073242188
210.29600524902344
210.26400756835938
210.0970001220703
214.7969970703125
214.6540069580078
214.68800354003906
214.53799438476562
214.55799865722656
214.4029998779297
214.41400146484375
214.26699829101562
214.281005859375
214.13699340820312
214.15699768066406
214.02200317382812
214.0500030517578
213.9199981689453
213.9499969482422
213.82200622558594
213.8509979248047
213.718994140625
213.74200439453125
213.60699462890625
213.6269989013672
213.48899841308594
213.5070037841797
213.36700439453125
213.38900756835938
213.24899291992188
213.1719970703125
213.24200439453125
213.06900024414062
213.14300537109375
213.0679931640625
212.9250030517578
212.94500732421875
212.80099487304688
212.80799865722656
212.66700744628906
212.66099548339844
212.5240020751953
212.50399780273438
212.37100219726562
212.3419952392578
212.21299743652344
212.18499755859375
212.06100463867188
212.04400634765625
211.9199981689453
211.91400146484375
211.79200744628906
211.70799255371094
211.75900268554688
211.5989990234375
211.65899658203125
211.49600219726562
211.5590057373047
211.3979949951172
211.46600341796875
211.30799865722656
211.38299560546875
211.23300170898438
211.30099487304688
211.1280059814453
211.18099975585938
210.9949951171875
211.0500030517578
210.9510040283203
210.78700256347656
210.77499389648438
210.60299682617188
210.5800018310547
210.40199279785156
215.0229949951172
215.10800170898438
215.03199768066406
214.87399291992188
214.88900756835938
214.72300720214844
214.72999572753906
214.5760040283203
214.58599853515625
214.43800354003906
214.45700073242188
214.31900024414062
214.3470001220703
214.21299743652344
214.14599609375
214.21499633789062
214.14999389648438
214.01400756835938
214.04600524902344
213.906005859375
213.93099975585938
213.78700256347656
213.8090057373047
213.66700744628906
213.68800354003906
213.5489959716797
213.57200622558594
213.44200134277344
213.46200561523438
213.33599853515625
213.343994140625
213.2169952392578
213.2100067138672
213.08200073242188
213.06199645996094
212.9320068359375
212.9040069580078
212.77499389648438
212.74099731445312
212.60699462890625
212.5749969482422
212.4429931640625
212.42300415039062
212.29400634765625
212.2899932861328
212.16299438476562
212.08200073242188
212.13299560546875
211.97300720214844
212.02999877929688
211.875
211.93600463867188
211.78199768066406
211.843994140625
211.68899536132812
211.75900268554688
211.61099243164062
211.67300415039062
211.51300048828125
211.56500244140625
211.406005859375
211.45700073242188
211.28799438476562
211.3350067138672
211.1479949951172
211.18899536132812
211.0780029296875
210.91900634765625
210.875
210.70700073242188
215.46800231933594
215.32899475097656
215.35000610351562
215.2030029296875
215.197998046875
215.04200744628906
215.02499389648438
214.87899780273438
214.87600708007812
214.73599243164062
214.74899291992188
214.61700439453125
214.54600524902344
214.61399841308594
214.4499969482422
214.5229949951172
214.35499572753906
214.4290008544922
214.25599670410156
214.3300018310547
214.2530059814453
214.1020050048828
214.1179962158203
213.968994140625
213.9759979248047
213.83700561523438
213.8350067138672
213.70799255371094
213.7010040283203
213.58399963378906
213.5709991455078
213.45599365234375
213.43600463867188
213.31700134277344
213.28900146484375
213.16299438476562
213.1300048828125
213.0019989013672
212.97300720214844
212.84100341796875
212.82200622558594
212.68899536132812
212.68800354003906
212.55299377441406
212.56300354003906
212.4290008544922
212.35400390625
212.41099548339844
212.24600219726562
212.30299377441406
212.14700317382812
212.20199584960938
212.052001953125
212.10899353027344
211.968994140625
212.01600646972656
211.8679962158203
211.9010009765625
211.75799560546875
211.79100036621094
211.6490020751953
211.67599487304688
211.531005859375
211.55499267578125
211.39999389648438
211.4199981689453
211.30999755859375
211.17999267578125
211.10499572753906
210.95899963378906
215.75
215.62600708007812
215.6280059814453
215.49099731445312
215.46600341796875
215.32000732421875
215.28900146484375
215.14999389648438
215.13999938964844
215.01199340820312
215.02999877929688
214.90699768066406
214.84300231933594
214.9149932861328
214.75799560546875
214.84300231933594
214.68099975585938
214.76699829101562
214.58799743652344
214.66799926757812
214.58299255371094
214.427001953125
214.44400024414062
214.28599548339844
214.281005859375
214.1199951171875
214.11099243164062
213.96400451660156
213.94400024414062
213.8070068359375
213.78700256347656
213.66700744628906
213.64700317382812
213.52999877929688
213.5050048828125
213.38299560546875
213.35699462890625
213.22999572753906
213.21200561523438
213.08200073242188
213.08099365234375
212.9530029296875
212.86900329589844
212.9290008544922
212.85699462890625
212.718994140625
212.73500061035156
212.5970001220703
212.60800170898438
212.47799682617188
212.40699768066406
212.45700073242188
212.3070068359375
212.3509979248047
212.19900512695312
212.2259979248047
212.07699584960938
212.1020050048828
211.95899963378906
211.97999572753906
211.83799743652344
211.86099243164062
211.72300720214844
211.7480010986328
211.5989990234375
211.61700439453125
211.5030059814453
211.37600708007812
211.2949981689453
211.1540069580078
216.00399780273438
215.88400268554688
215.87600708007812
215.7429962158203
215.71299743652344
215.57200622558594
215.54600524902344
215.4080047607422
215.40699768066406
215.27699279785156
215.21200561523438
215.2779998779297
215.13499450683594
215.2100067138672
215.0749969482422
215.16000366210938
215.01199340820312
215.09500122070312
214.92799377441406
215.0019989013672
214.90899658203125
214.7519989013672
214.74899291992188
214.59800720214844
214.58799743652344
214.42999267578125
214.4010009765625
214.24400329589844
214.21600341796875
214.06300354003906
214.03799438476562
213.89999389648438
213.88699340820312
213.75399780273438
213.7449951171875
213.61300659179688
213.60899353027344
213.47500610351562
213.4770050048828
213.34100341796875
213.26100158691406
213.32200622558594
213.1580047607422
213.2220001220703
213.14999389648438
213.01400756835938
213.02200317382812
212.88099670410156
212.8820037841797
212.7469940185547
212.66600036621094
212.70799255371094
212.54100036621094
212.57699584960938
212.41400146484375
212.44200134277344
212.2790069580078
212.3040008544922
212.14700317382812
212.16900634765625
212.02499389648438
212.0469970703125
211.90899658203125
211.92799377441406
211.78599548339844
211.79299926757812
211.67999267578125
211.55799865722656
211.4759979248047
211.33999633789062
216.3699951171875
216.2449951171875
216.26199340820312
216.13400268554688
216.1269989013672
215.99000549316406
215.9720001220703
215.8280029296875
215.8209991455078
215.6790008544922
215.6959991455078
215.56100463867188
215.4969940185547
215.57000732421875
215.42599487304688
215.51100158691406
215.3780059814453
215.46400451660156
215.32699584960938
215.4029998779297
215.33799743652344
215.20399475097656
215.20700073242188
215.05799865722656
215.04100036621094
214.88900756835938
214.86399841308594
214.71400451660156
214.6820068359375
214.5279998779297
214.49099731445312
214.33599853515625
214.3090057373047
214.16400146484375
214.1529998779297
214.01400756835938
214.01300048828125
213.8769989013672
213.88499450683594
213.74899291992188
213.76199340820312
213.62399291992188
213.5489959716797
213.60800170898438
213.44400024414062
213.4980010986328
213.41700744628906
213.29100036621094
213.29100036621094
213.15699768066406
213.14199829101562
213.00799560546875
212.91299438476562
212.94700622558594
212.7779998779297
212.82200622558594
212.64999389648438
212.68699645996094
212.58299255371094
212.44900512695312
212.4199981689453
212.29600524902344
212.2100067138672
212.22000122070312
212.07699584960938
212.08299255371094
211.98599243164062
211.89199829101562
211.8280029296875
211.72000122070312
211.64300537109375
211.52099609375
216.6649932861328
216.5260009765625
216.53799438476562
216.3990020751953
216.3990020751953
216.25599670410156
216.2519989013672
216.1060028076172
216.11700439453125
215.97500610351562
215.99899291992188
215.86099243164062
215.7989959716797
215.87100219726562
215.7270050048828
215.8070068359375
215.67599487304688
215.7530059814453
215.61700439453125
215.6820068359375
215.61599731445312
215.48599243164062
215.48399353027344
215.33900451660156
215.31500244140625
215.16600036621094
215.13299560546875
214.98300170898438
214.94700622558594
214.79600524902344
214.76100158691406
214.61000061035156
214.58200073242188
214.43499755859375
214.42100524902344
214.28399658203125
214.28500366210938
214.1540069580078
214.16600036621094
214.03399658203125
214.04800415039062
213.91200256347656
213.9219970703125
213.7899932861328
213.80099487304688
213.6719970703125
213.68099975585938
213.55099487304688
213.5469970703125
213.41299438476562
213.3990020751953
213.26199340820312
213.16200256347656
213.2010040283203
213.031005859375
213.07699584960938
212.90499877929688
212.94200134277344
212.8350067138672
212.69400024414062
212.6479949951172
212.5070037841797
212.45399475097656
212.33200073242188
212.29100036621094
212.18499755859375
212.13900756835938
212.031005859375
211.9720001220703
211.86199951171875
211.7989959716797
211.68800354003906
216.99099731445312
216.8350067138672
216.8459930419922
216.68899536132812
216.69400024414062
216.54400634765625
216.552001953125
216.4040069580078
216.42300415039062
216.281005859375
216.3090057373047
216.16799926757812
216.197998046875
216.0659942626953
216.01699829101562
216.08599853515625
215.9530029296875
216.01100158691406
215.87600708007812
215.9290008544922
215.8699951171875
215.75100708007812
215.7429962158203
215.6060028076172
215.57400512695312
215.4290008544922
215.39100646972656
215.2449951171875
215.2050018310547
215.05799865722656
215.0260009765625
214.8800048828125
214.85699462890625
214.7100067138672
214.69900512695312
214.5570068359375
214.56399536132812
214.42999267578125
214.447998046875
214.3159942626953
214.33099365234375
214.19400024414062
214.2030029296875
214.0659942626953
214.0749969482422
213.94200134277344
213.94500732421875
213.81199645996094
213.80299377441406
213.66700744628906
213.64500427246094
213.51100158691406
213.48699951171875
213.36000061035156
213.2729949951172
213.2989959716797
213.13999938964844
213.1529998779297
213.04600524902344
212.92599487304688
212.87100219726562
212.73500061035156
212.68699645996094
212.5469970703125
212.51699829101562
212.38299560546875
212.34800720214844
212.2100067138672
212.1510009765625
212.02000427246094
211.95899963378906
211.8459930419922
217.33900451660156
217.17100524902344
217.18099975585938
217.01300048828125
217.0229949951172
216.86099243164062
216.8800048828125
216.7209930419922
216.7519989013672
216.6020050048828
216.63600158691406
216.48500061035156
216.51600646972656
216.3699951171875
216.40199279785156
216.2689971923828
216.30099487304688
216.1750030517578
216.19500732421875
216.08299255371094
216.09100341796875
215.98199462890625
215.96600341796875
215.8459930419922
215.81100463867188
215.67599487304688
215.63400268554688
215.49400329589844
215.4600067138672
215.31700134277344
215.2899932861328
215.14700317382812
215.13299560546875
214.98899841308594
214.98899841308594
214.8459930419922
214.86000061035156
214.72000122070312
214.6439971923828
214.70799255371094
214.62600708007812
214.48199462890625
214.49099731445312
214.34800720214844
214.3459930419922
214.2100067138672
214.19900512695312
214.06700134277344
214.03900146484375
213.9080047607422
213.8719940185547
213.74400329589844
213.70399475097656
213.58099365234375
213.53500366210938
213.4199981689453
213.36300659179688
213.2550048828125
213.1479949951172
213.14100646972656
212.98300170898438
212.99400329589844
212.83399963378906
212.86599731445312
212.7779998779297
212.63900756835938
212.60400390625
212.447998046875
212.3800048828125
212.2220001220703
212.1479949951172
212.01600646972656
217.8179931640625
217.6649932861328
217.66799926757812
217.50900268554688
217.5070037841797
217.34800720214844
217.35699462890625
217.1999969482422
217.218994140625
217.06100463867188
217.08999633789062
216.93899536132812
216.9669952392578
216.81399536132812
216.83799743652344
216.6909942626953
216.71299743652344
216.57000732421875
216.58700561523438
216.4499969482422
216.45799255371094
216.32699584960938
216.32200622558594
216.19700622558594
216.17999267578125
216.0570068359375
216.02999877929688
215.9040069580078
215.8730010986328
215.73899841308594
215.71499633789062
215.57699584960938
215.5659942626953
215.42300415039062
215.42300415039062
215.27699279785156
215.28900146484375
215.14500427246094
215.06399536132812
215.1320037841797
215.05499267578125
214.91099548339844
214.927001953125
214.77999877929688
214.77000427246094
214.62399291992188
214.60000610351562
214.46499633789062
214.43299865722656
214.302001953125
214.26699829101562
214.13600158691406
214.0959930419922
213.96400451660156
213.9219970703125
213.79100036621094
213.74200439453125
213.60899353027344
213.54100036621094
213.40899658203125
213.3489990234375
213.24200439453125
213.15499877929688
213.17100524902344
213.04299926757812
213.05999755859375
212.97999572753906
212.875
212.82200622558594
212.6909942626953
212.61199951171875
212.45799255371094
212.3719940185547
212.22000122070312
218.1060028076172
217.96800231933594
217.96200561523438
217.81500244140625
217.81300354003906
217.66400146484375
217.6750030517578
217.52699279785156
217.5449981689453
217.39300537109375
217.41200256347656
217.26600646972656
217.28599548339844
217.13699340820312
217.1529998779297
217.0070037841797
217.0260009765625
216.87899780273438
216.89199829101562
216.74400329589844
216.74899291992188
216.5989990234375
216.593994140625
216.44700622558594
216.43699645996094
216.29400634765625
216.281005859375
216.13999938964844
216.13099670410156
215.99099731445312
215.98899841308594
215.84800720214844
215.85400390625
215.71099853515625
215.7209930419922
215.57699584960938
215.593994140625
215.45199584960938
215.47500610351562
215.33799743652344
215.36099243164062
215.22000122070312
215.21400451660156
215.0659942626953
215.03599548339844
214.88699340820312
214.843994140625
214.70199584960938
214.66400146484375
214.52999877929688
214.4980010986328
214.36399841308594
214.33399963378906
214.19700622558594
214.16600036621094
214.0240020751953
213.98399353027344
213.83399963378906
213.781005859375
213.62100219726562
213.57000732421875
213.4290008544922
213.40199279785156
213.28799438476562
213.21400451660156
213.23300170898438
213.13900756835938
213.04100036621094
212.99000549316406
212.8769989013672
212.81100463867188
212.677001953125
212.60800170898438
212.45700073242188
218.39300537109375
218.2480010986328
218.25599670410156
218.10800170898438
218.1219940185547
217.97300720214844
217.99400329589844
217.84500122070312
217.86500549316406
217.71299743652344
217.72999572753906
217.5800018310547
217.5989990234375
217.4499969482422
217.468994140625
217.3209991455078
217.34100341796875
217.19200134277344
217.20700073242188
217.0540008544922
217.06100463867188
216.90499877929688
216.9029998779297
216.74200439453125
216.74000549316406
216.58200073242188
216.58299255371094
216.4250030517578
216.43099975585938
216.2779998779297
216.29200744628906
216.14300537109375
216.16400146484375
216.01499938964844
216.0399932861328
215.88900756835938
215.9149932861328
215.76499938964844
215.79299926757812
215.64599609375
215.656005859375
215.5070037841797
215.4929962158203
215.34100341796875
215.30299377441406
215.14599609375
215.10699462890625
214.95199584960938
214.91700744628906
214.77000427246094
214.7429962158203
214.60400390625
214.58099365234375
214.44400024414062
214.4149932861328
214.2740020751953
214.23300170898438
214.0850067138672
214.031005859375
213.8780059814453
213.8249969482422
213.677001953125
213.63900756835938
213.5050048828125
213.40899658203125
213.43499755859375
213.26400756835938
213.2830047607422
213.1719970703125
213.0500030517578
212.99899291992188
212.8730010986328
212.82200622558594
212.6909942626953
218.71499633789062
218.55799865722656
218.58299255371094
218.42599487304688
218.4550018310547
218.29800415039062
218.3249969482422
218.1699981689453
218.18899536132812
218.0330047607422
218.04800415039062
217.89599609375
217.91099548339844
217.76300048828125
217.7779998779297
217.63299560546875
217.64700317382812
217.50399780273438
217.51499938964844
217.36700439453125
217.37399291992188
217.2209930419922
217.2259979248047
217.06399536132812
217.06900024414062
216.906005859375
216.91600036621094
216.75100708007812
216.76600646972656
216.60299682617188
216.6269989013672
216.46800231933594
216.5
216.343994140625
216.37899780273438
216.22300720214844
216.25900268554688
216.1020050048828
216.11900329589844
215.96200561523438
215.95799255371094
215.7989959716797
215.7729949951172
215.61500549316406
215.5850067138672
215.4250030517578
215.38900756835938
215.2270050048828
215.19000244140625
215.03500366210938
215.0050048828125
214.85899353027344
214.83200073242188
214.69200134277344
214.6580047607422
214.51800537109375
214.47300720214844
214.32899475097656
214.281005859375
214.13099670410156
214.08799743652344
213.93499755859375
213.89999389648438
213.7530059814453
213.6439971923828
213.6750030517578
213.48399353027344
213.51100158691406
213.3990020751953
213.26100158691406
213.22000122070312
213.08099365234375
213.03599548339844
212.9029998779297
219.19000244140625
219.03199768066406
219.06500244140625
218.9029998779297
218.93899536132812
218.77699279785156
218.81399536132812
218.6490020751953
218.67999267578125
218.51300048828125
218.5290069580078
218.36099243164062
218.375
218.21800231933594
218.23399353027344
218.0780029296875
218.0959930419922
217.9429931640625
217.96400451660156
217.81300354003906
217.83299255371094
217.6790008544922
217.6999969482422
217.54299926757812
217.56100463867188
217.39700317382812
217.41600036621094
217.25
217.2689971923828
217.09800720214844
217.1219940185547
216.9550018310547
216.98599243164062
216.82000732421875
216.85699462890625
216.69400024414062
216.73199462890625
216.57200622558594
216.59300231933594
216.43499755859375
216.43800354003906
216.2790069580078
216.25900268554688
216.09500122070312
216.06700134277344
215.9029998779297
215.8719940185547
215.71200561523438
215.67599487304688
215.51300048828125
215.47500610351562
215.31399536132812
215.27699279785156
215.12399291992188
215.08999633789062
214.9429931640625
214.90499877929688
214.75900268554688
214.718994140625
214.57400512695312
214.53599548339844
214.38800048828125
214.3520050048828
214.20199584960938
214.16400146484375
214.01499938964844
213.97799682617188
213.83700561523438
213.80099487304688
213.66700744628906
213.63099670410156
213.4969940185547
213.45199584960938
213.31399536132812
213.26300048828125
213.12399291992188
219.53799438476562
219.3820037841797
219.4250030517578
219.26600646972656
219.31199645996094
219.14700317382812
219.18600463867188
219.01600646972656
219.0399932861328
218.8699951171875
218.88099670410156
218.70799255371094
218.718994140625
218.55499267578125
218.57699584960938
218.41400146484375
218.43899536132812
218.2760009765625
218.30599975585938
218.14500427246094
218.1790008544922
218.01800537109375
218.05099487304688
217.88699340820312
217.91900634765625
217.75
217.77699279785156
217.60800170898438
217.63699340820312
217.46400451660156
217.4929962158203
217.32200622558594
217.35699462890625
217.18800354003906
217.22300720214844
217.05599975585938
217.0709991455078
216.90899658203125
216.90699768066406
216.7519989013672
216.73399353027344
216.57899475097656
216.55499267578125
216.3939971923828
216.36099243164062
216.19700622558594
216.16200256347656
216.00100708007812
215.968994140625
215.80499267578125
215.7729949951172
215.60499572753906
215.57200622558594
215.40499877929688
215.37100219726562
215.2100067138672
215.177001953125
215.0189971923828
214.98699951171875
214.83299255371094
214.80299377441406
214.6510009765625
214.61700439453125
214.46499633789062
214.427001953125
214.27499389648438
214.23500061035156
214.08599853515625
214.04800415039062
213.9040069580078
213.86399841308594
213.72500610351562
213.68099975585938
213.54299926757812
213.4929962158203
213.3520050048828
219.88699340820312
219.73500061035156
219.66400146484375
219.7530059814453
219.68299865722656
219.52200317382812
219.5590057373047
219.38900756835938
219.41000366210938
219.23199462890625
219.25
219.07000732421875
219.0959930419922
218.91799926757812
218.947998046875
218.77099609375
218.8040008544922
218.63499450683594
218.66700744628906
218.50100708007812
218.53399658203125
218.3730010986328
218.406005859375
218.2449951171875
218.27499389648438
218.11199951171875
218.14300537109375
217.97799682617188
218.01100158691406
217.83999633789062
217.875
217.7010040283203
217.73699951171875
217.56399536132812
217.5760040283203
217.4040069580078
217.39700317382812
217.22999572753906
217.20700073242188
217.04600524902344
217.0260009765625
216.8699951171875
216.84300231933594
216.68499755859375
216.6529998779297
216.49000549316406
216.46099853515625
216.2969970703125
216.2760009765625
216.11000061035156
216.08399963378906
215.91299438476562
215.88299560546875
215.7100067138672
215.67599487304688
215.50399780273438
215.4709930419922
215.30499267578125
215.27200317382812
215.11199951171875
215.08200073242188
214.92599487304688
214.89300537109375
214.73599243164062
214.69900512695312
214.54200744628906
214.5050048828125
214.35000610351562
214.31399536132812
214.16000366210938
214.125
213.9709930419922
213.9340057373047
213.7830047607422
213.74099731445312
213.58999633789062
220.2209930419922
220.08200073242188
220.1300048828125
219.98699951171875
220.0279998779297
219.8780059814453
219.91099548339844
219.7530059814453
219.781005859375
219.60699462890625
219.6280059814453
219.4499969482422
219.4739990234375
219.30099487304688
219.32200622558594
219.1479949951172
219.16700744628906
219.00100708007812
219.02699279785156
218.86199951171875
218.88999938964844
218.72799682617188
218.75999450683594
218.5989990234375
218.63499450683594
218.4720001220703
218.51199340820312
218.3470001220703
218.39100646972656
218.22000122070312
218.26199340820312
218.08700561523438
218.10299682617188
217.92599487304688
217.91799926757812
217.74099731445312
217.71499633789062
217.54299926757812
217.52099609375
217.3520050048828
217.33200073242188
217.16600036621094
217.14300537109375
216.9759979248047
216.9510040283203
216.78700256347656
216.76600646972656
216.60299682617188
216.58399963378906
216.42100524902344
216.39599609375
216.2259979248047
216.1929931640625
216.02200317382812
215.98699951171875
215.81399536132812
215.7760009765625
215.60499572753906
215.56900024414062
215.40199279785156
215.36900329589844
215.20799255371094
215.1750030517578
215.01600646972656
214.9810028076172
214.8209991455078
214.78799438476562
214.62899780273438
214.5970001220703
214.43800354003906
214.40499877929688
214.24600219726562
214.21099853515625
214.05299377441406
214.01499938964844
213.85499572753906
220.53700256347656
220.4040069580078
220.447998046875
220.31300354003906
220.3489990234375
220.20700073242188
220.23699951171875
220.0919952392578
220.11900329589844
219.96499633789062
219.98300170898438
219.81900024414062
219.8280029296875
219.66200256347656
219.6750030517578
219.50900268554688
219.52499389648438
219.35800170898438
219.38400268554688
219.218994140625
219.25
219.08599853515625
219.12399291992188
218.9600067138672
219.00399780273438
218.83999633789062
218.88900756835938
218.72300720214844
218.7689971923828
218.6009979248047
218.62100219726562
218.45199584960938
218.44500732421875
218.27099609375
218.24200439453125
218.06700134277344
218.04400634765625
217.86900329589844
217.85000610351562
217.6750030517578
217.656005859375
217.48199462890625
217.4600067138672
217.28700256347656
217.26699829101562
217.09800720214844
217.0780029296875
216.91200256347656
216.89500427246094
216.72999572753906
216.70799255371094
216.53700256347656
216.50599670410156
216.33200073242188
216.2949981689453
216.12100219726562
216.08099365234375
215.90899658203125
215.86700439453125
215.697998046875
215.65899658203125
215.49600219726562
215.4600067138672
215.3000030517578
215.26499938964844
215.1060028076172
215.07200622558594
214.91400146484375
214.8820037841797
214.7239990234375
214.68899536132812
214.5290069580078
214.4929962158203
214.33399963378906
214.2949981689453
214.13400268554688
220.94900512695312
220.80999755859375
220.85899353027344
220.72000122070312
220.76499938964844
220.62600708007812
220.66600036621094
220.5240020751953
220.5590057373047
220.41400146484375
220.44700622558594
220.2969970703125
220.3209991455078
220.16099548339844
220.17999267578125
220.01100158691406
220.031005859375
219.86099243164062
219.88900756835938
219.718994140625
219.7519989013672
219.58299255371094
219.625
219.45700073242188
219.5019989013672
219.33399963378906
219.38099670410156
219.21600341796875
219.26400756835938
219.10000610351562
219.12399291992188
218.95700073242188
218.95599365234375
218.78799438476562
218.76400756835938
218.59100341796875
218.5659942626953
218.39199829101562
218.37100219726562
218.197998046875
218.17599487304688
218.0030059814453
217.9770050048828
217.80499267578125
217.7790069580078
217.60800170898438
217.58200073242188
217.41400146484375
217.39300537109375
217.2270050048828
217.2100067138672
217.0449981689453
217.0229949951172
216.85000610351562
216.81399536132812
216.63999938964844
216.59500122070312
216.4239959716797
216.375
216.20599365234375
216.16000366210938
215.9929962158203
215.95199584960938
215.78599548339844
215.74899291992188
215.58599853515625
215.55099487304688
215.38999938964844
215.35499572753906
215.1959991455078
215.16200256347656
215.0050048828125
214.9720001220703
214.81300354003906
214.7779998779297
214.61700439453125
214.58099365234375
214.41700744628906
221.2899932861328
221.14300537109375
221.19400024414062
221.0489959716797
221.09500122070312
220.94900512695312
220.98699951171875
220.84300231933594
220.87399291992188
220.73300170898438
220.75799560546875
220.61700439453125
220.63699340820312
220.49200439453125
220.51100158691406
220.35899353027344
220.38499450683594
220.22500610351562
220.25599670410156
220.08999633789062
220.13299560546875
219.96400451660156
220.01300048828125
219.8419952392578
219.89300537109375
219.72000122070312
219.76800537109375
219.5970001220703
219.625
219.45700073242188
219.46400451660156
219.29400634765625
219.281005859375
219.10899353027344
219.093994140625
218.91700744628906
218.89999389648438
218.7220001220703
218.70399475097656
218.52699279785156
218.5030059814453
218.3249969482422
218.2989959716797
218.12399291992188
218.0959930419922
217.92300415039062
217.89500427246094
217.72500610351562
217.69900512695312
217.53500366210938
217.51199340820312
217.35299682617188
217.32200622558594
217.1580047607422
217.11000061035156
216.93899536132812
216.88600158691406
216.71600341796875
216.66799926757812
216.49899291992188
216.4550018310547
216.28599548339844
216.24899291992188
216.08200073242188
216.04600524902344
215.87899780273438
215.843994140625
215.6790008544922
215.64700317382812
215.48399353027344
215.4530029296875
215.2899932861328
215.26199340820312
215.10000610351562
215.07200622558594
214.90899658203125
214.8769989013672
214.7100067138672
221.64300537109375
221.49099731445312
221.54200744628906
221.39199829101562
221.44000244140625
221.28799438476562
221.32699584960938
221.1719970703125
221.2030029296875
221.0489959716797
221.0760040283203
220.92599487304688
220.9499969482422
220.802001953125
220.83299255371094
220.68699645996094
220.7259979248047
220.5749969482422
220.62100219726562
220.46099853515625
220.51100158691406
220.34800720214844
220.4010009765625
220.23500061035156
220.28500366210938
220.11399841308594
220.14199829101562
219.968994140625
219.97999572753906
219.8070068359375
219.802001953125
219.6269989013672
219.6230010986328
219.4459991455078
219.43899536132812
219.25799560546875
219.2449951171875
219.06300354003906
219.0449981689453
218.86300659179688
218.83999633789062
218.6580047607422
218.63299560546875
218.45199584960938
218.4290008544922
218.2480010986328
218.2239990234375
218.04299926757812
218.01499938964844
217.84100341796875
217.81100463867188
217.64500427246094
217.6060028076172
217.44200134277344
217.39500427246094
217.2270050048828
217.177001953125
217.0070037841797
216.96200561523438
216.79299926757812
216.7530059814453
216.58399963378906
216.54800415039062
216.3820037841797
216.35000610351562
216.1820068359375
216.15199279785156
215.98199462890625
215.95399475097656
215.7830047607422
215.7570037841797
215.58900451660156
215.56300354003906
215.3979949951172
215.3719940185547
215.20700073242188
215.17599487304688
215.00900268554688
221.99000549316406
221.84100341796875
221.88699340820312
221.74000549316406
221.7830047607422
221.63400268554688
221.6739959716797
221.5189971923828
221.55299377441406
221.39199829101562
221.4250030517578
221.26300048828125
221.3000030517578
221.13699340820312
221.1840057373047
221.02699279785156
221.0800018310547
220.9250030517578
220.97799682617188
220.82400512695312
220.87399291992188
220.72000122070312
220.76699829101562
220.61099243164062
220.63699340820312
220.47799682617188
220.48599243164062
220.3209991455078
220.31199645996094
220.1439971923828
220.13800048828125
219.968994140625
219.96600341796875
219.79400634765625
219.78700256347656
219.60800170898438
219.5959930419922
219.41400146484375
219.3939971923828
219.20700073242188
219.18600463867188
219.00100708007812
218.9810028076172
218.79600524902344
218.7779998779297
218.5919952392578
218.572998046875
218.38600158691406
218.35699462890625
218.16799926757812
218.1320037841797
217.9499969482422
217.91200256347656
217.73399353027344
217.69700622558594
217.52099609375
217.48199462890625
217.30599975585938
217.26699829101562
217.09300231933594
217.05599975585938
216.88499450683594
216.85400390625
216.68499755859375
216.65899658203125
216.49000549316406
216.46600341796875
216.29600524902344
216.27099609375
216.0989990234375
216.07200622558594
215.89999389648438
215.87100219726562
215.70199584960938
215.67100524902344
215.50599670410156
215.47300720214844
215.30799865722656
222.43299865722656
222.28799438476562
222.33299255371094
222.18299865722656
222.22500610351562
222.0780029296875
222.1230010986328
221.9759979248047
222.01800537109375
221.86500549316406
221.906005859375
221.7480010986328
221.78900146484375
221.6269989013672
221.67300415039062
221.50799560546875
221.55999755859375
221.3990020751953
221.45399475097656
221.29200744628906
221.34500122070312
221.18600463867188
221.23899841308594
221.08200073242188
221.11399841308594
220.95399475097656
220.96600341796875
220.80599975585938
220.8000030517578
220.63900756835938
220.63400268554688
220.4709930419922
220.46299743652344
220.2989959716797
220.2899932861328
220.1269989013672
220.11599731445312
219.947998046875
219.93299865722656
219.75999450683594
219.74000549316406
219.55599975585938
219.53500366210938
219.3509979248047
219.33299255371094
219.1479949951172
219.1280059814453
218.94200134277344
218.91400146484375
218.72999572753906
218.69200134277344
218.50599670410156
218.46400451660156
218.2790069580078
218.2429962158203
218.05799865722656
218.0240020751953
217.84100341796875
217.80599975585938
217.6230010986328
217.58700561523438
217.40699768066406
217.37399291992188
217.19700622558594
217.16799926757812
216.9969940185547
216.9709930419922
216.802001953125
216.77499389648438
216.60800170898438
216.5800018310547
216.41200256347656
216.37899780273438
216.2100067138672
216.17100524902344
216.00399780273438
215.96600341796875
215.802001953125
215.76800537109375
215.60499572753906
222.76600646972656
222.62600708007812
222.6699981689453
222.5229949951172
222.56500244140625
222.41700744628906
222.4669952392578
222.32000732421875
222.37399291992188
222.22000122070312
222.27099609375
222.11000061035156
222.16000366210938
221.9969940185547
222.04299926757812
221.88099670410156
221.93099975585938
221.77499389648438
221.82899475097656
221.66900634765625
221.72300720214844
221.56100463867188
221.6009979248047
221.43800354003906
221.45899963378906
221.29299926757812
221.29299926757812
221.12600708007812
221.12399291992188
220.95799255371094
220.9510040283203
220.78799438476562
220.7740020751953
220.61300659179688
220.5919952392578
220.43499755859375
220.4149932861328
220.25999450683594
220.23899841308594
220.0800018310547
220.05599975585938
219.88900756835938
219.86399841308594
219.6929931640625
219.66700744628906
219.49200439453125
219.46200561523438
219.2830047607422
219.2449951171875
219.06100463867188
219.01600646972656
218.8300018310547
218.78700256347656
218.60699462890625
218.57000732421875
218.38999938964844
218.3560028076172
218.1750030517578
218.14199829101562
217.95599365234375
217.927001953125
217.74000549316406
217.71600341796875
217.5290069580078
217.50599670410156
217.32200622558594
217.2949981689453
217.11500549316406
217.08599853515625
216.91600036621094
216.88299560546875
216.71499633789062
216.6739959716797
216.50599670410156
216.45700073242188
216.2899932861328
216.2469940185547
216.08900451660156
215.95899963378906
215.99400329589844
223.08799743652344
222.9499969482422
222.9949951171875
222.85499572753906
222.9010009765625
222.75799560546875
222.81100463867188
222.66700744628906
222.72500610351562
222.5800018310547
222.63800048828125
222.48399353027344
222.531005859375
222.36900329589844
222.40899658203125
222.2469940185547
222.29200744628906
222.13800048828125
222.19400024414062
222.0399932861328
222.0800018310547
221.92300415039062
221.94700622558594
221.78700256347656
221.79200744628906
221.6269989013672
221.62899780273438
221.46099853515625
221.45599365234375
221.28599548339844
221.27099609375
221.1020050048828
221.07699584960938
220.91299438476562
220.88699340820312
220.7270050048828
220.70599365234375
220.55099487304688
220.53700256347656
220.3800048828125
220.36300659179688
220.197998046875
220.17799377441406
220.00999450683594
219.98699951171875
219.81500244140625
219.78500366210938
219.60800170898438
219.56900024414062
219.38499450683594
219.33999633789062
219.1540069580078
219.11000061035156
218.92799377441406
218.88999938964844
218.71200561523438
218.6790008544922
218.5030059814453
218.4810028076172
218.302001953125
218.16200256347656
218.21800231933594
218.08099365234375
217.88499450683594
217.86000061035156
217.66799926757812
217.63499450683594
217.4459991455078
217.40499877929688
217.22500610351562
217.18299865722656
217.01100158691406
216.96299743652344
216.79400634765625
216.73800659179688
216.56900024414062
216.51600646972656
216.36000061035156
216.3179931640625
216.1739959716797
223.42100524902344
223.2740020751953
223.32200622558594
223.17999267578125
223.23199462890625
223.0919952392578
223.03599548339844
223.12100219726562
222.95399475097656
223.0399932861328
222.98300170898438
222.83999633789062
222.88900756835938
222.73399353027344
222.7740020751953
222.61199951171875
222.66299438476562
222.5050048828125
222.4409942626953
222.52200317382812
222.4250030517578
222.26400756835938
222.27200317382812
222.11300659179688
222.1179962158203
221.95700073242188
221.95599365234375
221.79299926757812
221.78199768066406
221.61300659179688
221.58999633789062
221.41700744628906
221.38600158691406
221.21499633789062
221.18800354003906
221.0229949951172
221.00799560546875
220.85000610351562
220.843994140625
220.68600463867188
220.68299865722656
220.51699829101562
220.50799560546875
220.33299255371094
220.31900024414062
220.14100646972656
220.1199951171875
219.93600463867188
219.906005859375
219.71499633789062
219.677001953125
219.48500061035156
219.44500732421875
219.2550048828125
219.21499633789062
219.03199768066406
219.0
218.8249969482422
218.697998046875
218.75100708007812
218.52000427246094
218.5780029296875
218.44500732421875
218.25
218.21400451660156
218.02000427246094
217.97000122070312
217.77699279785156
217.72300720214844
217.5399932861328
217.4810028076172
217.3040008544922
217.24600219726562
217.07699584960938
217.01600646972656
216.8470001220703
216.7830047607422
216.6199951171875
216.56199645996094
216.41600036621094
223.77499389648438
223.61900329589844
223.67100524902344
223.52000427246094
223.5780029296875
223.4320068359375
223.3769989013672
223.46600341796875
223.40699768066406
223.26499938964844
223.31900024414062
223.17799377441406
223.2270050048828
223.08200073242188
223.12899780273438
222.9770050048828
222.9080047607422
222.98699951171875
222.8979949951172
222.7429962158203
222.7519989013672
222.5919952392578
222.59100341796875
222.4320068359375
222.42799377441406
222.27200317382812
222.26199340820312
222.10699462890625
222.08799743652344
221.927001953125
221.89500427246094
221.72799682617188
221.69000244140625
221.52200317382812
221.49099731445312
221.3280029296875
221.31300354003906
221.156005859375
221.156005859375
221.00100708007812
221.00100708007812
220.84100341796875
220.83399963378906
220.66700744628906
220.64999389648438
220.4759979248047
220.4499969482422
220.27200317382812
220.23399353027344
220.05099487304688
220.0030059814453
219.81900024414062
219.76600646972656
219.58399963378906
219.5290069580078
219.3509979248047
219.302001953125
219.13499450683594
219.01400756835938
219.05799865722656
218.85400390625
218.89999389648438
218.77099609375
218.5919952392578
218.53599548339844
218.35299682617188
218.2899932861328
218.1009979248047
218.031005859375
217.8470001220703
217.7790069580078
217.5970001220703
217.52999877929688
217.3560028076172
217.2899932861328
217.1199951171875
217.052001953125
216.88400268554688
216.8179931640625
216.6580047607422
224.16400146484375
223.9929962158203
224.05499267578125
223.88900756835938
223.95700073242188
223.79600524902344
223.86500549316406
223.70700073242188
223.7740020751953
223.61700439453125
223.67999267578125
223.52499389648438
223.58799743652344
223.4320068359375
223.48300170898438
223.3249969482422
223.36500549316406
223.20899963378906
223.2270050048828
223.06700134277344
223.0679931640625
222.9080047607422
222.89599609375
222.74000549316406
222.72500610351562
222.57200622558594
222.55499267578125
222.4010009765625
222.37600708007812
222.218994140625
222.18600463867188
222.02200317382812
221.98500061035156
221.82000732421875
221.79400634765625
221.63299560546875
221.6230010986328
221.46600341796875
221.468994140625
221.31500244140625
221.31199645996094
221.1529998779297
221.13600158691406
220.97799682617188
220.947998046875
220.78799438476562
220.7449951171875
220.58099365234375
220.5260009765625
220.35800170898438
220.2969970703125
220.125
220.05999755859375
219.88499450683594
219.8179931640625
219.6439971923828
219.5760040283203
219.41200256347656
219.37600708007812
219.24400329589844
219.23899841308594
219.0989990234375
219.0749969482422
218.9010009765625
218.8509979248047
218.6649932861328
218.60699462890625
218.41400146484375
218.3509979248047
218.156005859375
218.08999633789062
217.8979949951172
217.83200073242188
217.64500427246094
217.58200073242188
217.39999389648438
217.33799743652344
217.16000366210938
217.093994140625
216.91900634765625
223.21600341796875
223.1929931640625
223.0330047607422
223.01100158691406
222.85899353027344
222.8350067138672
222.6840057373047
222.6510009765625
222.4980010986328
222.46099853515625
222.30599975585938
222.2689971923828
222.11199951171875
222.08900451660156
221.93600463867188
221.93099975585938
221.7790069580078
221.781005859375
221.6280059814453
221.6179962158203
221.45599365234375
221.4250030517578
221.26400756835938
221.2209930419922
221.06399536132812
221.01199340820312
220.85400390625
220.79800415039062
220.63400268554688
220.57400512695312
220.406005859375
220.33799743652344
220.1649932861328
220.08900451660156
219.91700744628906
219.84100341796875
219.6739959716797
219.6179962158203
219.48399353027344
219.46200561523438
219.35000610351562
219.32699584960938
219.1909942626953
219.14500427246094
218.97900390625
218.9250030517578
218.73899841308594
218.67799377441406
218.48199462890625
218.41600036621094
218.218994140625
218.1540069580078
217.95899963378906
217.8979949951172
217.70599365234375
217.64300537109375
217.45700073242188
217.39199829101562
217.20799255371094
222.5850067138672
222.56199645996094
222.4010009765625
222.38999938964844
222.23500061035156
222.23199462890625
222.0800018310547
222.0749969482422
221.927001953125
221.9080047607422
221.7519989013672
221.71099853515625
221.54600524902344
221.4949951171875
221.33099365234375
221.2779998779297
221.11700439453125
221.0659942626953
220.906005859375
220.8520050048828
220.6840057373047
220.6179962158203
220.44000244140625
220.36399841308594
220.18600463867188
220.10899353027344
219.93699645996094
219.8719940185547
219.72000122070312
219.677001953125
219.552001953125
219.53500366210938
219.42100524902344
219.41099548339844
219.27000427246094
219.23500061035156
219.05599975585938
219.00100708007812
218.8090057373047
218.74099731445312
218.5449981689453
218.47799682617188
218.28399658203125
218.2169952392578
218.02499389648438
217.96200561523438
217.77000427246094
217.70799255371094
217.51600646972656
222.0399932861328
222.0070037841797
221.8350067138672
221.78599548339844
221.61099243164062
221.5590057373047
221.38999938964844
221.34100341796875
221.1790008544922
221.12899780273438
220.96299743652344
220.9029998779297
220.72500610351562
220.65499877929688
220.4709930419922
220.4029998779297
220.22000122070312
220.16600036621094
219.99099731445312
219.9600067138672
219.7969970703125
219.7010040283203
219.75900268554688
219.58299255371094
219.63600158691406
219.5260009765625
219.36000061035156
219.3040008544922
219.1230010986328
219.05299377441406
218.86300659179688
218.78799438476562
218.5989990234375
218.52999877929688
218.34300231933594
218.281005859375
218.0919952392578
218.031005859375
217.83799743652344
221.24600219726562
221.19200134277344
221.01400756835938
220.95700073242188
220.77499389648438
220.72000122070312
220.53199768066406
220.48800659179688
220.30599975585938
220.2760009765625
220.10499572753906
220.0
220.0590057373047
219.8719940185547
219.92300415039062
219.80499267578125
219.6439971923828
219.59100341796875
219.41700744628906
219.34300231933594
219.16000366210938
219.08200073242188
218.89999389648438
218.83099365234375
218.6510009765625
218.58999633789062
218.40699768066406
218.33700561523438
218.14999389648438
220.4320068359375
220.32000732421875
220.3769989013672
220.26199340820312
220.11099243164062
220.08999633789062
219.92799377441406
219.88099670410156
219.7050018310547
219.63900756835938
219.45199584960938
219.3820037841797
219.1959991455078
219.1320037841797
218.9499969482422
218.88400268554688
218.7030029296875
218.62100219726562
218.43699645996094
219.76199340820312
219.7030029296875
219.51100158691406
219.44900512695312
219.25799560546875
219.18499755859375
218.9929962158203
218.90699768066406
218.71499633789062
219.01199340820312
212.4810028076172
212.54100036621094
212.41299438476562
212.4709930419922
212.3489990234375
212.39999389648438
212.27699279785156
212.322998046875
212.19700622558594
212.24200439453125
212.1009979248047
212.1439971923828
211.98500061035156
212.01800537109375
211.83999633789062
211.86900329589844
211.6840057373047
211.71299743652344
211.5279998779297
211.56399536132812
211.38499450683594
211.42100524902344
211.23699951171875
211.2740020751953
212.88999938964844
212.7449951171875
212.81100463867188
212.66600036621094
212.72300720214844
212.5800018310547
212.6269989013672
212.49400329589844
212.53700256347656
212.41200256347656
212.447998046875
212.3209991455078
212.35000610351562
212.2050018310547
212.2270050048828
212.0679931640625
212.09100341796875
211.9199981689453
211.9429931640625
211.77200317382812
211.8000030517578
211.62899780273438
211.6580047607422
211.48699951171875
211.52499389648438
211.35899353027344
211.40699768066406
211.24099731445312
211.2969970703125
211.1280059814453
211.18600463867188
211.00900268554688
211.06300354003906
210.88099670410156
210.93299865722656
210.75
210.8000030517578
210.61500549316406
210.66400146484375
210.47799682617188
210.5279998779297
210.34500122070312
210.40199279785156
210.2220001220703
210.28399658203125
210.10800170898438
210.17300415039062
209.99099731445312
210.052001953125
208.93600463867188
208.781005859375
208.7740020751953
208.6219940185547
208.6179962158203
209.2259979248047
209.0760040283203
209.06900024414062
208.92100524902344
208.8179931640625
208.86300659179688
208.75399780273438
208.60400390625
208.59100341796875
208.44500732421875
208.4290008544922
208.28399658203125
208.2570037841797
208.10899353027344
208.0709991455078
207.9239959716797
207.88600158691406
207.74099731445312
207.7100067138672
207.5679931640625
207.54400634765625
209.5030059814453
209.35800170898438
209.343994140625
209.20399475097656
209.18899536132812
209.0469970703125
209.02499389648438
208.8820037841797
208.85800170898438
208.7169952392578
208.68699645996094
208.5449981689453
208.5050048828125
208.36300659179688
208.31700134277344
208.1739959716797
208.13299560546875
207.9929962158203
207.9600067138672
207.82200622558594
207.71400451660156
207.7469940185547
207.56100463867188
207.59800720214844
207.40499877929688
207.43899536132812
207.322998046875
207.1719970703125
207.12899780273438
206.9759979248047
206.92300415039062
206.7760009765625
206.72300720214844
206.58200073242188
206.53199768066406
206.4010009765625
209.7790069580078
209.63099670410156
209.61399841308594
209.4709930419922
209.45199584960938
209.3090057373047
209.28500366210938
209.14199829101562
209.11000061035156
208.968994140625
208.93099975585938
208.7899932861328
208.74600219726562
208.60299682617188
208.5590057373047
208.41600036621094
208.37399291992188
208.23399353027344
208.19700622558594
208.06300354003906
207.95899963378906
207.9810028076172
207.80599975585938
207.82400512695312
207.71499633789062
207.593994140625
207.54200744628906
207.41400146484375
207.34800720214844
207.21299743652344
207.14300537109375
207.00599670410156
206.9409942626953
206.80499267578125
206.74899291992188
206.61599731445312
206.49899291992188
206.51499938964844
206.33200073242188
206.3459930419922
206.2259979248047
206.09500122070312
206.03599548339844
205.8990020751953
205.83099365234375
205.69000244140625
205.62100219726562
205.47900390625
205.41400146484375
205.27099609375
205.21299743652344
205.0709991455078
204.94200134277344
204.95899963378906
209.9709930419922
210.01400756835938
209.89999389648438
209.7449951171875
209.72799682617188
209.57699584960938
209.54299926757812
209.39300537109375
209.3509979248047
209.2100067138672
209.16000366210938
209.02200317382812
208.97000122070312
208.83599853515625
208.78799438476562
208.6540069580078
208.60800170898438
208.4709930419922
208.42599487304688
208.29100036621094
208.24600219726562
208.1179962158203
208.07200622558594
207.9530029296875
207.9010009765625
207.78399658203125
207.72300720214844
207.6020050048828
207.53500366210938
207.40899658203125
207.34100341796875
207.21099853515625
207.1529998779297
207.02000427246094
206.97300720214844
206.83799743652344
206.7220001220703
206.74400329589844
206.552001953125
206.572998046875
206.4530029296875
206.31199645996094
206.26100158691406
206.11500549316406
206.0570068359375
205.91000366210938
205.85000610351562
205.7030029296875
205.64700317382812
205.5
205.447998046875
205.3040008544922
205.25399780273438
205.11300659179688
204.99200439453125
205.00599670410156
204.81300354003906
204.8260040283203
210.2779998779297
210.32200622558594
210.19200134277344
210.0330047607422
209.99400329589844
209.84300231933594
209.79200744628906
209.64300537109375
209.58099365234375
209.43899536132812
209.38099670410156
209.2429962158203
209.18800354003906
209.0540008544922
209.0070037841797
208.87600708007812
208.83700561523438
208.70199584960938
208.66400146484375
208.5240020751953
208.48500061035156
208.34100341796875
208.2989959716797
208.15699768066406
208.11300659179688
207.9759979248047
207.92599487304688
207.7899932861328
207.74000549316406
207.60400390625
207.55499267578125
207.41799926757812
207.2969970703125
207.31900024414062
207.1280059814453
207.15699768066406
206.96400451660156
206.9980010986328
206.7989959716797
206.8300018310547
206.7050018310547
206.5540008544922
206.5050048828125
206.3520050048828
206.29400634765625
206.1439971923828
206.08200073242188
205.93600463867188
205.87399291992188
205.73300170898438
205.67100524902344
205.5330047607422
205.4709930419922
205.33599853515625
205.27699279785156
205.14700317382812
205.02499389648438
205.03399658203125
210.65499877929688
210.5030059814453
210.44500732421875
210.29600524902344
210.22999572753906
210.08599853515625
210.01400756835938
209.87100219726562
209.802001953125
209.66200256347656
209.60299682617188
209.46400451660156
209.4149932861328
209.27699279785156
209.23899841308594
209.10299682617188
208.99099731445312
209.01699829101562
208.8249969482422
208.8520050048828
208.73500061035156
208.59100341796875
208.5500030517578
208.40199279785156
208.3560028076172
208.20899963378906
208.16299438476562
208.01800537109375
207.97300720214844
207.83099365234375
207.7899932861328
207.6490020751953
207.53399658203125
207.5570068359375
207.37100219726562
207.39700317382812
207.2169952392578
207.23899841308594
207.052001953125
207.0679931640625
206.9429931640625
206.80099487304688
206.73500061035156
206.58999633789062
206.51800537109375
206.37399291992188
206.2989959716797
206.15699768066406
206.08399963378906
205.9459991455078
205.875
205.74000549316406
205.67100524902344
205.53900146484375
205.47500610351562
205.3470001220703
210.8719940185547
210.73500061035156
210.6540069580078
210.51600646972656
210.4340057373047
210.29600524902344
210.218994140625
210.08099365234375
210.01499938964844
209.8800048828125
209.8260040283203
209.68899536132812
209.6479949951172
209.51300048828125
209.3990020751953
209.42599487304688
209.23699951171875
209.26499938964844
209.14999389648438
209.01300048828125
208.97300720214844
208.8350067138672
208.78799438476562
208.6479949951172
208.5970001220703
208.4530029296875
208.40199279785156
208.25900268554688
208.21299743652344
208.07200622558594
208.0279998779297
207.88900756835938
207.8459930419922
207.7100067138672
207.6009979248047
207.61599731445312
207.4949951171875
207.3730010986328
207.3159942626953
207.197998046875
207.13099670410156
207.00900268554688
206.92999267578125
206.79800415039062
206.71600341796875
206.58099365234375
206.50100708007812
206.36300659179688
206.28500366210938
206.1479949951172
206.0749969482422
205.93899536132812
205.8730010986328
205.73899841308594
205.6790008544922
205.54600524902344
211.06399536132812
210.927001953125
210.8470001220703
210.7100067138672
210.63299560546875
210.4949951171875
210.4290008544922
210.2899932861328
210.23399353027344
210.0970001220703
210.05599975585938
209.92100524902344
209.88900756835938
209.7530059814453
209.7259979248047
209.59100341796875
209.56199645996094
209.42599487304688
209.38900756835938
209.25100708007812
209.20899963378906
209.0679931640625
209.02200317382812
208.8800048828125
208.83200073242188
208.68899536132812
208.64100646972656
208.4980010986328
208.45399475097656
208.31100463867188
208.26699829101562
208.12600708007812
208.08099365234375
207.9409942626953
207.89300537109375
207.75599670410156
207.6999969482422
207.56700134277344
207.50100708007812
207.3719940185547
207.2989959716797
207.17599487304688
207.0989990234375
206.9759979248047
206.89500427246094
206.76800537109375
206.68899536132812
206.55799865722656
206.48300170898438
206.34800720214844
206.28199768066406
206.14599609375
206.0850067138672
205.947998046875
205.88800048828125
205.7530059814453
211.25900268554688
211.1230010986328
211.05499267578125
210.9149932861328
210.85699462890625
210.71200561523438
210.66299438476562
210.5189971923828
210.4810028076172
210.33399963378906
210.30599975585938
210.1649932861328
210.0570068359375
210.0919952392578
209.89599609375
209.92799377441406
209.72900390625
209.75999450683594
209.6439971923828
209.4969940185547
209.46200561523438
209.31300354003906
209.2740020751953
209.12399291992188
209.08200073242188
208.93299865722656
208.88999938964844
208.74200439453125
208.69900512695312
208.5540008544922
208.50799560546875
208.36399841308594
208.3159942626953
208.1750030517578
208.1219940185547
207.97999572753906
207.91799926757812
207.77499389648438
207.70700073242188
207.5659942626953
207.49600219726562
207.35699462890625
207.28900146484375
207.1540069580078
207.08999633789062
206.9550018310547
206.89300537109375
206.75399780273438
206.6959991455078
206.55599975585938
206.5019989013672
206.36199951171875
206.30799865722656
206.16700744628906
211.4510040283203
211.3249969482422
211.2740020751953
211.13999938964844
211.09800720214844
210.95399475097656
210.9219970703125
210.7760009765625
210.75599670410156
210.60499572753906
210.49099731445312
210.53900146484375
210.33299255371094
210.38099670410156
210.1719970703125
210.21499633789062
210.0019989013672
210.04100036621094
209.9199981689453
209.76499938964844
209.73599243164062
209.5800018310547
209.54299926757812
209.38600158691406
209.343994140625
209.1909942626953
209.14500427246094
208.99400329589844
208.947998046875
208.80099487304688
208.75399780273438
208.60699462890625
208.5590057373047
208.41200256347656
208.35800170898438
208.20899963378906
208.14700317382812
207.9980010986328
207.93099975585938
207.7830047607422
207.7209930419922
207.57400512695312
207.51699829101562
207.3699951171875
207.3179931640625
207.17300415039062
207.12600708007812
206.97999572753906
206.93299865722656
206.78700256347656
206.73899841308594
206.593994140625
206.54400634765625
206.39700317382812
211.63499450683594
211.52000427246094
211.48699951171875
211.36599731445312
211.3419952392578
211.20700073242188
211.18899536132812
211.0469970703125
210.94000244140625
210.98699951171875
210.7899932861328
210.84100341796875
210.63800048828125
210.68800354003906
210.572998046875
210.41299438476562
210.39100646972656
210.23300170898438
210.20700073242188
210.0500030517578
210.0189971923828
209.86099243164062
209.822998046875
209.66099548339844
209.61500549316406
209.4550018310547
209.4080047607422
209.25100708007812
209.20700073242188
209.05499267578125
209.01199340820312
208.85899353027344
208.81100463867188
208.65899658203125
208.60499572753906
208.4499969482422
208.38699340820312
208.23300170898438
208.1699981689453
208.01699829101562
207.95799255371094
207.80999755859375
207.75599670410156
207.60899353027344
207.5590057373047
207.4149932861328
207.36700439453125
207.2239990234375
207.177001953125
207.03199768066406
206.98599243164062
206.83999633789062
211.7449951171875
211.75599670410156
211.61199951171875
211.63800048828125
211.48899841308594
211.5240020751953
211.35899353027344
211.3979949951172
211.218994140625
211.26300048828125
211.08200073242188
211.1269989013672
210.93600463867188
210.97300720214844
210.85400390625
210.7010040283203
210.66200256347656
210.51300048828125
210.47300720214844
210.3249969482422
210.28700256347656
210.13800048828125
210.0970001220703
209.94000244140625
209.89199829101562
209.72900390625
209.68299865722656
209.52200317382812
209.47999572753906
209.32200622558594
209.2790069580078
209.12100219726562
209.0709991455078
208.91400146484375
208.85800170898438
208.6999969482422
208.63900756835938
208.4810028076172
208.41900634765625
208.26199340820312
208.20599365234375
208.0540008544922
208.00100708007812
207.8509979248047
207.802001953125
207.65699768066406
207.5290069580078
207.5500030517578
207.34100341796875
207.36900329589844
207.16000366210938
211.91400146484375
211.92300415039062
211.7899932861328
211.81199645996094
211.69500732421875
211.71200561523438
211.5800018310547
211.5919952392578
211.45399475097656
211.47000122070312
211.3249969482422
211.34100341796875
211.17999267578125
211.1909942626953
211.07899475097656
210.94900512695312
210.88900756835938
210.7550048828125
210.69700622558594
210.56399536132812
210.51400756835938
210.38299560546875
210.3350067138672
210.197998046875
210.14599609375
209.9980010986328
209.94700622558594
209.79600524902344
209.7469940185547
209.5919952392578
209.53900146484375
209.38299560546875
209.32400512695312
209.16900634765625
209.10899353027344
208.95399475097656
208.89199829101562
208.73500061035156
208.6719970703125
208.51499938964844
208.45700073242188
208.3040008544922
208.2519989013672
208.10000610351562
208.052001953125
207.9040069580078
207.7790069580078
207.8070068359375
207.6060028076172
207.64300537109375
212.16400146484375
212.04100036621094
211.96200561523438
211.98500061035156
211.8520050048828
211.85899353027344
211.7310028076172
211.73699951171875
211.61500549316406
211.6199951171875
211.49200439453125
211.4949951171875
211.35499572753906
211.35299682617188
211.25100708007812
211.14100646972656
211.0749969482422
210.95399475097656
210.88699340820312
210.76400756835938
210.6999969482422
210.58200073242188
210.5240020751953
210.40699768066406
210.3509979248047
210.22799682617188
210.17300415039062
210.04200744628906
209.98699951171875
209.843994140625
209.78399658203125
209.63299560546875
209.5709991455078
209.41799926757812
209.35800170898438
209.20399475097656
209.1439971923828
208.98699951171875
208.92599487304688
208.76800537109375
208.7100067138672
208.55499267578125
208.4969940185547
208.34500122070312
208.28799438476562
208.14700317382812
208.02699279785156
208.0449981689453
207.86199951171875
212.39999389648438
212.25799560546875
212.1580047607422
212.18299865722656
212.01699829101562
212.03500366210938
211.88299560546875
211.9010009765625
211.75999450683594
211.7729949951172
211.63499450683594
211.64300537109375
211.50100708007812
211.5030059814453
211.4010009765625
211.29800415039062
211.24000549316406
211.1280059814453
211.0659942626953
210.9459991455078
210.88499450683594
210.76100158691406
210.7010040283203
210.58099365234375
210.52699279785156
210.41400146484375
210.36900329589844
210.2519989013672
210.20799255371094
210.0749969482422
210.0229949951172
209.875
209.8209991455078
209.66799926757812
209.61199951171875
209.45599365234375
209.3979949951172
209.24000549316406
209.1790008544922
209.02200317382812
208.95399475097656
208.8000030517578
208.7270050048828
208.5780029296875
208.50399780273438
208.36599731445312
208.24200439453125
208.25
212.64100646972656
212.50100708007812
212.4600067138672
212.3280029296875
212.22500610351562
212.2469940185547
212.0749969482422
212.0959930419922
211.93499755859375
211.9530029296875
211.7989959716797
211.81500244140625
211.66000366210938
211.66900634765625
211.50799560546875
211.51400756835938
211.35000610351562
211.35699462890625
211.25
211.1300048828125
211.0800018310547
210.95399475097656
210.9010009765625
210.77099609375
210.6540069580078
210.66900634765625
210.49600219726562
210.51600646972656
210.34500122070312
210.35800170898438
210.24099731445312
210.10800170898438
210.0489959716797
209.90899658203125
209.84300231933594
209.69900512695312
209.62600708007812
209.4810028076172
209.4029998779297
209.25900268554688
209.1750030517578
209.02699279785156
208.93699645996094
208.79100036621094
208.70899963378906
208.57000732421875
208.43899536132812
208.4499969482422
212.78700256347656
212.79800415039062
212.61099243164062
212.6320037841797
212.5279998779297
212.39700317382812
212.29200744628906
212.31399536132812
212.13699340820312
212.15699768066406
211.98800659179688
212.0050048828125
211.83999633789062
211.8560028076172
211.6909942626953
211.70700073242188
211.53700256347656
211.55099487304688
211.3780059814453
211.39199829101562
211.21299743652344
211.2270050048828
211.04100036621094
211.05999755859375
210.8719940185547
210.8939971923828
210.71099853515625
210.72799682617188
210.60499572753906
210.48399353027344
210.4199981689453
210.302001953125
210.22900390625
210.10899353027344
210.031005859375
209.9040069580078
209.81900024414062
209.68499755859375
209.5989990234375
209.46200561523438
209.3719940185547
209.22900390625
209.13999938964844
208.99600219726562
208.9250030517578
208.7830047607422
208.65499877929688
208.68499755859375
213.0019989013672
213.01400756835938
212.83099365234375
212.8560028076172
212.67999267578125
212.70399475097656
212.593994140625
212.46200561523438
212.4219970703125
212.29299926757812
212.18800354003906
212.2050018310547
212.03799438476562
212.05799865722656
211.89199829101562
211.9080047607422
211.73800659179688
211.7530059814453
211.5800018310547
211.593994140625
211.4199981689453
211.43499755859375
211.26100158691406
211.27699279785156
211.16200256347656
211.03599548339844
210.9770050048828
210.8520050048828
210.781005859375
210.65899658203125
210.58099365234375
210.46299743652344
210.38299560546875
210.26800537109375
210.18800354003906
210.0709991455078
209.98899841308594
209.86399841308594
209.7779998779297
209.64700317382812
209.56300354003906
209.4239959716797
209.3489990234375
209.20799255371094
209.0709991455078
209.09300231933594
208.9040069580078
213.30299377441406
213.16400146484375
213.05599975585938
213.08099365234375
212.90499877929688
212.9239959716797
212.81500244140625
212.68600463867188
212.6490020751953
212.51699829101562
212.406005859375
212.43499755859375
212.25399780273438
212.28199768066406
212.10299682617188
212.12600708007812
212.01400756835938
211.88800048828125
211.843994140625
211.72300720214844
211.6739959716797
211.55999755859375
211.5030059814453
211.39500427246094
211.3300018310547
211.218994140625
211.14300537109375
211.0260009765625
210.9459991455078
210.8260040283203
210.74600219726562
210.6230010986328
210.55099487304688
210.4290008544922
210.36399841308594
210.23800659179688
210.1739959716797
210.04200744628906
209.9759979248047
209.83599853515625
209.76699829101562
209.625
209.48899841308594
209.5
209.30599975585938
209.32400512695312
213.46499633789062
213.48599243164062
213.28700256347656
213.31300354003906
213.12600708007812
213.1490020751953
212.96099853515625
212.98500061035156
212.802001953125
212.83299255371094
212.6490020751953
212.6790008544922
212.4929962158203
212.52099609375
212.40899658203125
212.27499389648438
212.23500061035156
212.1009979248047
212.05499267578125
211.92300415039062
211.86599731445312
211.73800659179688
211.67300415039062
211.55299377441406
211.48599243164062
211.37100219726562
211.30099487304688
211.1840057373047
211.11399841308594
210.9929962158203
210.9290008544922
210.80299377441406
210.6750030517578
210.68499755859375
210.49600219726562
210.51100158691406
210.39199829101562
210.2519989013672
210.1959991455078
210.05099487304688
209.98300170898438
209.83900451660156
209.77200317382812
209.63999938964844
209.52000427246094
209.5279998779297
213.81500244140625
213.65899658203125
213.62600708007812
213.47999572753906
213.4550018310547
213.31199645996094
213.2050018310547
213.23899841308594
213.0500030517578
213.08599853515625
212.8979949951172
212.92999267578125
212.8179931640625
212.67999267578125
212.63999938964844
212.5030059814453
212.4530029296875
212.32000732421875
212.26100158691406
212.1300048828125
212.06300354003906
211.93099975585938
211.8560028076172
211.7270050048828
211.656005859375
211.53500366210938
211.41099548339844
211.41099548339844
211.23199462890625
211.24099731445312
211.0590057373047
211.07200622558594
210.88600158691406
210.90199279785156
210.71600341796875
210.72799682617188
210.60000610351562
210.47000122070312
210.39999389648438
210.26499938964844
210.1820068359375
210.0449981689453
209.96200561523438
209.83399963378906
209.70899963378906
214.093994140625
213.9340057373047
213.9040069580078
213.7519989013672
213.7310028076172
213.5800018310547
213.4709930419922
213.50900268554688
213.31199645996094
213.35000610351562
213.156005859375
213.18699645996094
213.06700134277344
212.9239959716797
212.8769989013672
212.7310028076172
212.6739959716797
212.5330047607422
212.4720001220703
212.33399963378906
212.26800537109375
212.1280059814453
212.06300354003906
211.92300415039062
211.86500549316406
211.7270050048828
211.60499572753906
211.625
211.44000244140625
211.4669952392578
211.281005859375
211.3040008544922
211.18299865722656
211.04600524902344
210.99099731445312
210.85800170898438
210.78799438476562
210.66000366210938
210.5800018310547
210.4510040283203
210.36399841308594
210.22999572753906
210.1490020751953
210.0189971923828
214.38299560546875
214.22000122070312
214.19500732421875
214.03799438476562
214.02099609375
213.86500549316406
213.8489990234375
213.6959991455078
213.58799743652344
213.6280059814453
213.51300048828125
213.36300659179688
213.33299255371094
213.1790008544922
213.13900756835938
212.97999572753906
212.9340057373047
212.7729949951172
212.72799682617188
212.5679931640625
212.5240020751953
212.36199951171875
212.31900024414062
212.16000366210938
212.1219940185547
211.96800231933594
211.85000610351562
211.88400268554688
211.68699645996094
211.72500610351562
211.5279998779297
211.55099487304688
211.41400146484375
211.27000427246094
211.20199584960938
211.0590057373047
210.9810028076172
210.84300231933594
210.76400756835938
210.6300048828125
210.55499267578125
210.41799926757812
210.2790069580078
210.28399658203125
214.57899475097656
214.61500549316406
214.3939971923828
214.43600463867188
214.3209991455078
214.16200256347656
214.04600524902344
214.08700561523438
213.8730010986328
213.91200256347656
213.79200744628906
213.63900756835938
213.60800170898438
213.45199584960938
213.41099548339844
213.2519989013672
213.20599365234375
213.0469970703125
212.9980010986328
212.83999633789062
212.78900146484375
212.63299560546875
212.57899475097656
212.427001953125
212.3780059814453
212.23300170898438
212.11199951171875
212.13299560546875
211.9429931640625
211.95899963378906
211.8249969482422
211.69200134277344
211.61500549316406
211.4810028076172
211.3939971923828
211.25799560546875
211.1699981689453
211.03500366210938
210.95599365234375
210.82400512695312
210.7570037841797
210.6219940185547
210.49000549316406
210.5
214.8780059814453
214.91700744628906
214.6959991455078
214.74099731445312
214.6219940185547
214.46099853515625
214.43600463867188
214.27699279785156
214.24200439453125
214.08999633789062
214.04600524902344
213.9010009765625
213.84500122070312
213.70399475097656
213.63900756835938
213.5019989013672
213.4320068359375
213.2949981689453
213.2220001220703
213.08399963378906
213.0070037841797
212.86900329589844
212.79200744628906
212.6580047607422
212.58700561523438
212.45899963378906
212.39700317382812
212.2740020751953
212.20700073242188
212.08299255371094
212.0019989013672
211.875
211.78399658203125
211.65699768066406
211.56700134277344
211.43699645996094
211.35299682617188
211.2209930419922
211.08200073242188
211.08700561523438
210.8939971923828
210.9040069580078
210.70899963378906
215.17999267578125
215.22000122070312
215.0030059814453
215.04299926757812
214.91799926757812
214.75799560546875
214.71499633789062
214.5540008544922
214.5
214.3470001220703
214.27699279785156
214.12899780273438
214.052001953125
213.91299438476562
213.83200073242188
213.6999969482422
213.6199951171875
213.49000549316406
213.40699768066406
213.2760009765625
213.1929931640625
213.06199645996094
212.98199462890625
212.8489990234375
212.77699279785156
212.64999389648438
212.58399963378906
212.4600067138672
212.3939971923828
212.26400756835938
212.18800354003906
212.05099487304688
211.9739990234375
211.8350067138672
211.76199340820312
211.62100219726562
211.55599975585938
211.41799926757812
211.29100036621094
211.3070068359375
211.11399841308594
211.13299560546875
215.47999572753906
215.52000427246094
215.39700317382812
215.23699951171875
215.197998046875
215.03700256347656
214.98300170898438
214.8209991455078
214.75
214.58999633789062
214.51199340820312
214.35299682617188
214.27000427246094
214.1179962158203
214.0399932861328
213.8939971923828
213.822998046875
213.6820068359375
213.61300659179688
213.46800231933594
213.40199279785156
213.2570037841797
213.19900512695312
213.0540008544922
212.99600219726562
212.8520050048828
212.72300720214844
212.73500061035156
212.5290069580078
212.5399932861328
212.41099548339844
212.26400756835938
212.20899963378906
212.0570068359375
212.00399780273438
211.84800720214844
211.71299743652344
211.73300170898438
211.52499389648438
211.54800415039062
211.35000610351562
211.3719940185547
215.7779998779297
215.81300354003906
215.67999267578125
215.52099609375
215.4709930419922
215.3070068359375
215.24099731445312
215.0780029296875
215.0019989013672
214.83700561523438
214.7550048828125
214.58999633789062
214.51199340820312
214.3509979248047
214.27999877929688
214.12100219726562
214.06100463867188
213.90899658203125
213.85800170898438
213.7050018310547
213.65699768066406
213.49899291992188
213.36399841308594
213.38800048828125
213.2530059814453
213.0959930419922
212.96400451660156
212.98300170898438
212.76499938964844
212.7830047607422
212.56900024414062
212.5850067138672
212.4550018310547
212.30799865722656
212.2570037841797
212.10400390625
212.052001953125
211.9010009765625
211.7729949951172
211.79299926757812
211.58999633789062
216.13499450683594
215.99000549316406
215.94000244140625
215.78900146484375
215.72500610351562
215.5659942626953
215.4949951171875
215.33299255371094
215.25799560546875
215.08999633789062
215.01300048828125
214.84300231933594
214.77099609375
214.60499572753906
214.5399932861328
214.37600708007812
214.32200622558594
214.16600036621094
214.0330047607422
214.0590057373047
213.83700561523438
213.86300659179688
213.72799682617188
213.5679931640625
213.52099609375
213.36199951171875
213.31100463867188
213.1540069580078
213.01800537109375
213.03700256347656
212.81700134277344
212.83399963378906
212.61900329589844
212.63800048828125
212.5050048828125
212.35499572753906
212.30299377441406
212.1529998779297
212.02099609375
212.04100036621094
216.36300659179688
216.2259979248047
216.16600036621094
216.02499389648438
215.95799255371094
215.8090057373047
215.73800659179688
215.58299255371094
215.51199340820312
215.34800720214844
215.2779998779297
215.11099243164062
215.04299926757812
214.8730010986328
214.80999755859375
214.64300537109375
214.58999633789062
214.43299865722656
214.30299377441406
214.3260040283203
214.10800170898438
214.12899780273438
213.99400329589844
213.83799743652344
213.78500366210938
213.6269989013672
213.5760040283203
213.41900634765625
213.27999877929688
213.30299377441406
213.07699584960938
213.10000610351562
212.87600708007812
212.90199279785156
212.77000427246094
212.61099243164062
212.56700134277344
212.40899658203125
212.2779998779297
216.5989990234375
216.4510040283203
216.39500427246094
216.24899291992188
216.19000244140625
216.0399932861328
215.98199462890625
215.82899475097656
215.76800537109375
215.6060028076172
215.54200744628906
215.3769989013672
215.31199645996094
215.14500427246094
215.07899475097656
214.91400146484375
214.8560028076172
214.69900512695312
214.6510009765625
214.4980010986328
214.36599731445312
214.38699340820312
214.2550048828125
214.10000610351562
214.05299377441406
213.89300537109375
213.75399780273438
213.77999877929688
213.55299377441406
213.58099365234375
213.35299682617188
213.3800048828125
213.1529998779297
213.18299865722656
213.05099487304688
212.88800048828125
212.8470001220703
212.6840057373047
216.86199951171875
216.7010040283203
216.6540069580078
216.4969940185547
216.4550018310547
216.2949981689453
216.2530059814453
216.08999633789062
216.04400634765625
215.875
215.81900024414062
215.6479949951172
215.58799743652344
215.41600036621094
215.35800170898438
215.18699645996094
215.13600158691406
214.968994140625
214.92799377441406
214.76600646972656
214.7310028076172
214.57000732421875
214.53599548339844
214.3719940185547
214.33700561523438
214.1719970703125
214.13800048828125
213.9720001220703
213.93899536132812
213.7729949951172
213.74000549316406
213.57400512695312
213.54200744628906
213.3780059814453
213.3459930419922
213.17799377441406
213.14199829101562
212.97300720214844
217.1510009765625
216.97999572753906
216.9409942626953
216.7760009765625
216.74099731445312
216.57699584960938
216.54100036621094
216.3769989013672
216.33299255371094
216.16299438476562
216.11000061035156
215.93499755859375
215.8800048828125
215.70399475097656
215.6529998779297
215.47900390625
215.4340057373047
215.26100158691406
215.2239990234375
215.05799865722656
215.0279998779297
214.86300659179688
214.83399963378906
214.66799926757812
214.63600158691406
214.46800231933594
214.43499755859375
214.2689971923828
214.23599243164062
214.0709991455078
214.03599548339844
213.87100219726562
213.83900451660156
213.67599487304688
213.64300537109375
213.4770050048828
217.46400451660156
217.28399658203125
217.2429962158203
217.07200622558594
217.0330047607422
216.86700439453125
216.8249969482422
216.66200256347656
216.61500549316406
216.4499969482422
216.4010009765625
216.2310028076172
216.1820068359375
216.00599670410156
215.95899963378906
215.7830047607422
215.74200439453125
215.56700134277344
215.53399658203125
215.36300659179688
215.33700561523438
215.16799926757812
215.14100646972656
214.9720001220703
214.9409942626953
214.77099609375
214.73699951171875
214.56900024414062
214.53500366210938
214.3679962158203
214.33599853515625
214.16900634765625
214.13900756835938
213.9739990234375
213.94700622558594
213.7790069580078
217.781005859375
217.5989990234375
217.55099487304688
217.375
217.3300018310547
217.15899658203125
217.11500549316406
216.94700622558594
216.9040069580078
216.73599243164062
216.69500732421875
216.5260009765625
216.48300170898438
216.3090057373047
216.26400756835938
216.08999633789062
216.05099487304688
215.87899780273438
215.8489990234375
215.67799377441406
215.6529998779297
215.48199462890625
215.45399475097656
215.28199768066406
215.2519989013672
215.07899475097656
215.04600524902344
214.87399291992188
214.8419952392578
214.6719970703125
214.6439971923828
214.47500610351562
214.45199584960938
214.2830047607422
218.07899475097656
217.9029998779297
217.8470001220703
217.677001953125
217.62899780273438
217.45799255371094
217.41400146484375
217.2429962158203
217.20399475097656
217.03399658203125
216.9969940185547
216.82699584960938
216.78700256347656
216.61300659179688
216.5760040283203
216.4010009765625
216.3699951171875
216.19400024414062
216.17100524902344
215.9969940185547
215.97300720214844
215.7989959716797
215.77099609375
215.5970001220703
215.56399536132812
215.39100646972656
215.35800170898438
215.18600463867188
215.15499877929688
214.98399353027344
214.85299682617188
214.89500427246094
214.66400146484375
214.71099853515625
218.35400390625
218.1840057373047
218.12100219726562
217.9600067138672
217.91000366210938
217.74899291992188
217.7030029296875
217.53900146484375
217.4980010986328
217.33399963378906
217.29600524902344
217.12899780273438
217.0970001220703
216.9250030517578
216.89999389648438
216.72500610351562
216.70599365234375
216.5260009765625
216.50399780273438
216.32400512695312
216.2969970703125
216.1199951171875
216.08599853515625
215.91099548339844
215.8730010986328
215.6999969482422
215.66299438476562
215.49400329589844
215.46499633789062
215.2989959716797
215.1699981689453
215.2169952392578
214.99000549316406
215.04299926757812
218.63299560546875
218.45599365234375
218.39599609375
218.23199462890625
218.1840057373047
218.0240020751953
217.98199462890625
217.8209991455078
217.78500366210938
217.625
217.5959930419922
217.43099975585938
217.41000366210938
217.2429962158203
217.2270050048828
217.05599975585938
217.03900146484375
216.86300659179688
216.8350067138672
216.65499877929688
216.6199951171875
216.44200134277344
216.40199279785156
216.2239990234375
216.1820068359375
216.00599670410156
215.9669952392578
215.7969970703125
215.66700744628906
215.70799255371094
215.48800659179688
215.53700256347656
215.3179931640625
218.93499755859375
218.74899291992188
218.6959991455078
218.52000427246094
218.47900390625
218.30799865722656
218.27200317382812
218.1060028076172
218.0749969482422
217.9149932861328
217.89199829101562
217.73300170898438
217.61300659179688
217.656005859375
217.43699645996094
217.47999572753906
217.35400390625
217.18600463867188
217.1479949951172
216.97300720214844
216.9250030517578
216.7519989013672
216.7050018310547
216.5330047607422
216.48500061035156
216.31199645996094
216.27200317382812
216.1020050048828
215.9739990234375
216.01300048828125
215.7969970703125
215.83599853515625
218.20700073242188
218.17799377441406
218.0240020751953
218.0
217.85000610351562
217.82699584960938
217.67599487304688
217.6439971923828
217.48500061035156
217.43899536132812
217.27000427246094
217.21400451660156
217.04400634765625
216.99000549316406
216.82400512695312
216.7779998779297
216.61099243164062
216.57400512695312
216.4080047607422
216.3780059814453
216.21200561523438
216.1840057373047
216.02499389648438
217.322998046875
217.26800537109375
217.1060028076172
217.06100463867188
216.89999389648438
216.86300659179688
216.70399475097656
216.67100524902344
216.50999450683594
216.468994140625
216.3090057373047
SCALARS latitude float 1
LOOKUP_TABLE default
-18.580699920654297
-18.689899444580078
-18.819499969482422
-18.838600158691406
-19.009199142456055
-19.02359962463379
-19.18079948425293
-19.190500259399414
-19.34119987487793
-19.35770034790039
-19.504899978637695
-19.527999877929688
-19.673799514770508
-19.702800750732422
-19.846200942993164
-19.871700286865234
-20.010499954223633
-20.028600692749023
-20.168500900268555
-20.17919921875
-20.318899154663086
-20.32360076904297
-20.468000411987305
-20.474899291992188
-20.628799438476562
-20.640399932861328
-20.76140022277832
-20.873600006103516
-20.952699661254883
-21.06529998779297
-21.186199188232422
-21.19219970703125
-21.353599548339844
-21.355499267578125
-21.512800216674805
-21.513999938964844
-21.67889976501465
-21.684600830078125
-21.858400344848633
-21.86050033569336
-21.976900100708008
-22.09910011291504
-22.159900665283203
-22.286800384521484
-22.349199295043945
-22.485000610351562
-22.54829978942871
-22.686100006103516
-22.74049949645996
-22.874500274658203
-22.991199493408203
-22.97760009765625
-23.098499298095703
-23.230499267578125
-23.28809928894043
-23.423099517822266
-23.48509979248047
-23.61910057067871
-23.74250030517578
-23.73240089416504
-23.908700942993164
-23.886899948120117
-24.053699493408203
-24.02669906616211
-24.191600799560547
-24.160999298095703
-24.32670021057129
-24.296100616455078
-18.709699630737305
-18.817699432373047
-18.946699142456055
-18.9685001373291
-19.131000518798828
-19.152599334716797
-19.30739974975586
-19.321399688720703
-19.46649932861328
-19.476600646972656
-19.625
-19.63680076599121
-19.788799285888672
-19.80270004272461
-19.958599090576172
-19.973100662231445
-20.131399154663086
-20.143299102783203
-20.29960060119629
-20.306800842285156
-20.457399368286133
-20.458900451660156
-20.605300903320312
-20.609699249267578
-20.764400482177734
-20.776599884033203
-20.900699615478516
-21.006500244140625
-21.091999053955078
-21.194799423217773
-21.318599700927734
-21.33679962158203
-21.49250030517578
-21.503400802612305
-21.65850067138672
-21.666099548339844
-21.82830047607422
-21.83989906311035
-22.012500762939453
-22.02519989013672
-22.149799346923828
-22.26449966430664
-22.340700149536133
-22.460899353027344
-22.542699813842773
-22.66860008239746
-22.748600006103516
-22.86989974975586
-22.993200302124023
-22.99920082092285
-23.16659927368164
-23.170400619506836
-23.33679962158203
-23.348800659179688
-23.47599983215332
-23.58839988708496
-23.669599533081055
-23.779300689697266
-23.90089988708496
-23.9148006439209
-24.076900482177734
-24.080799102783203
-24.23889923095703
-24.23349952697754
-24.39299964904785
-24.378000259399414
-24.5393009185791
-24.51849937438965
-18.865299224853516
-18.89550018310547
-19.058399200439453
-19.084400177001953
-19.236099243164062
-19.260900497436523
-19.40690040588379
-19.431900024414062
-19.578800201416016
-19.59950065612793
-19.74799919128418
-19.763399124145508
-19.918399810791016
-19.931900024414062
-20.089599609375
-20.1023006439209
-20.261199951171875
-20.275800704956055
-20.43239974975586
-20.444299697875977
-20.594499588012695
-20.600299835205078
-20.74839973449707
-20.75189971923828
-20.906299591064453
-20.914499282836914
-21.077999114990234
-21.091400146484375
-21.215999603271484
-21.323299407958984
-21.444900512695312
-21.461599349975586
-21.625099182128906
-21.637800216674805
-21.797500610351562
-21.8075008392334
-21.97279930114746
-21.9862003326416
-22.1564998626709
-22.171300888061523
-22.298999786376953
-22.40959930419922
-22.49530029296875
-22.604799270629883
-22.696199417114258
-22.803800582885742
-22.897499084472656
-22.996000289916992
-23.115100860595703
-23.139999389648438
-23.29199981689453
-23.312400817871094
-23.46980094909668
-23.490400314331055
-23.61520004272461
-23.726200103759766
-23.809200286865234
-23.923599243164062
-23.998899459838867
-24.113399505615234
-24.232900619506836
-24.235599517822266
-24.408100128173828
-24.407400131225586
-24.57859992980957
-24.569499969482422
-24.73889923095703
-24.72369956970215
-18.964399337768555
-18.99850082397461
-19.154199600219727
-19.183900833129883
-19.32819938659668
-19.354400634765625
-19.495399475097656
-19.523099899291992
-19.670900344848633
-19.70170021057129
-19.860700607299805
-19.88640022277832
-20.045499801635742
-20.06220054626465
-20.22209930419922
-20.23590087890625
-20.39430046081543
-20.40679931640625
-20.56529998779297
-20.5762996673584
-20.733800888061523
-20.740100860595703
-20.896400451660156
-20.89889907836914
-21.05970001220703
-21.06369972229004
-21.231700897216797
-21.237899780273438
-21.35890007019043
-21.471099853515625
-21.589599609375
-21.599300384521484
-21.768699645996094
-21.777799606323242
-21.94610023498535
-21.953100204467773
-22.123300552368164
-22.133100509643555
-22.305599212646484
-22.31570053100586
-22.484600067138672
-22.49920082092285
-22.667200088500977
-22.686800003051758
-22.851999282836914
-22.877300262451172
-23.041799545288086
-23.066600799560547
-23.227500915527344
-23.248600006103516
-23.412099838256836
-23.430599212646484
-23.554500579833984
-23.667699813842773
-23.7544002532959
-23.87420082092285
-23.960399627685547
-24.082399368286133
-24.16010093688965
-24.28459930419922
-24.41670036315918
-24.41200065612793
-24.596399307250977
-24.58970069885254
-24.77440071105957
-24.763900756835938
-24.940799713134766
-24.92490005493164
-19.072099685668945
-19.09749984741211
-19.254100799560547
-19.27680015563965
-19.425199508666992
-19.4468994140625
-19.593900680541992
-19.616100311279297
-19.771499633789062
-19.798599243164062
-19.964099884033203
-19.995399475097656
-20.16390037536621
-20.188400268554688
-20.349300384521484
-20.36639976501465
-20.526500701904297
-20.540599822998047
-20.69890022277832
-20.711200714111328
-20.869300842285156
-20.881000518798828
-21.040599822998047
-21.049699783325195
-21.21540069580078
-21.222900390625
-21.339399337768555
-21.456499099731445
-21.578800201416016
-21.579999923706055
-21.755699157714844
-21.756799697875977
-21.929800033569336
-21.93199920654297
-22.09950065612793
-22.104400634765625
-22.270099639892578
-22.281999588012695
-22.443099975585938
-22.456899642944336
-22.614099502563477
-22.63170051574707
-22.78809928894043
-22.80900001525879
-22.968599319458008
-22.992000579833984
-23.156200408935547
-23.180700302124023
-23.350299835205078
-23.372299194335938
-23.49850082397461
-23.609699249267578
-23.696800231933594
-23.816299438476562
-23.906999588012695
-24.02989959716797
-24.11910057067871
-24.24970054626465
-24.337400436401367
-24.472900390625
-24.54490089416504
-24.681800842285156
-24.813600540161133
-24.79829978942871
-24.994400024414062
-24.97719955444336
-25.168500900268555
-25.1427001953125
-19.023099899291992
-19.03860092163086
-19.212499618530273
-19.22330093383789
-19.389699935913086
-19.395200729370117
-19.552600860595703
-19.559999465942383
-19.717599868774414
-19.729799270629883
-19.89389991760254
-19.913400650024414
-20.084299087524414
-20.107900619506836
-20.280799865722656
-20.305500030517578
-20.476699829101562
-20.496000289916992
-20.66029930114746
-20.6737003326416
-20.8356990814209
-20.846799850463867
-21.008699417114258
-21.018999099731445
-21.186100006103516
-21.195999145507812
-21.31679916381836
-21.431900024414062
-21.504600524902344
-21.620100021362305
-21.74139976501465
-21.748300552368164
-21.914499282836914
-21.920700073242188
-22.077499389648438
-22.085500717163086
-22.233600616455078
-22.24530029296875
-22.387500762939453
-22.407400131225586
-22.54960060119629
-22.57349967956543
-22.716400146484375
-22.74329948425293
-22.895099639892578
-22.922399520874023
-23.08329963684082
-23.108699798583984
-23.23550033569336
-23.344999313354492
-23.435699462890625
-23.5492000579834
-23.63789939880371
-23.753299713134766
-23.84469985961914
-23.967199325561523
-24.061800003051758
-24.186199188232422
-24.284799575805664
-24.42020034790039
-24.52050018310547
-24.661300659179688
-24.750499725341797
-24.892000198364258
-25.038999557495117
-25.029499053955078
-25.235599517822266
-25.215900421142578
-25.422000885009766
-25.39189910888672
-19.12299919128418
-19.24370002746582
-19.37070083618164
-19.377899169921875
-19.54210090637207
-19.54319953918457
-19.695100784301758
-19.698999404907227
-19.851999282836914
-19.86319923400879
-20.023799896240234
-20.042499542236328
-20.213499069213867
-20.23590087890625
-20.366100311279297
-20.47719955444336
-20.60890007019043
-20.627899169921875
-20.802400588989258
-20.81559944152832
-20.982900619506836
-20.989599227905273
-21.15530014038086
-21.16320037841797
-21.329599380493164
-21.342199325561523
-21.51129913330078
-21.52869987487793
-21.693599700927734
-21.711999893188477
-21.871299743652344
-21.89109992980957
-22.038299560546875
-22.054800033569336
-22.19070053100586
-22.207300186157227
-22.33679962158203
-22.355100631713867
-22.485599517822266
-22.506399154663086
-22.64590072631836
-22.669200897216797
-22.819299697875977
-22.842500686645508
-23.005399703979492
-23.0310001373291
-23.160999298095703
-23.270200729370117
-23.36370086669922
-23.475799560546875
-23.570600509643555
-23.68400001525879
-23.777999877929688
-23.892200469970703
-23.990100860595703
-24.111299514770508
-24.212900161743164
-24.339799880981445
-24.44849967956543
-24.587400436401367
-24.699899673461914
-24.83930015563965
-24.942100524902344
-25.07979965209961
-25.170700073242188
-25.30769920349121
-25.453500747680664
-25.452800750732422
-25.646900177001953
-25.635799407958984
-19.315799713134766
-19.33970069885254
-19.505699157714844
-19.523500442504883
-19.66990089416504
-19.681299209594727
-19.814899444580078
-19.827600479125977
-19.968399047851562
-19.988800048828125
-20.145999908447266
-20.16990089416504
-20.297300338745117
-20.407699584960938
-20.499799728393555
-20.613500595092773
-20.701400756835938
-20.818599700927734
-20.900800704956055
-21.019399642944336
-21.14299964904785
-21.145999908447266
-21.306299209594727
-21.308799743652344
-21.458999633789062
-21.471900939941406
-21.615800857543945
-21.642799377441406
-21.782499313354492
-21.81599998474121
-21.951400756835938
-21.988300323486328
-22.120899200439453
-22.151199340820312
-22.274599075317383
-22.29759979248047
-22.42060089111328
-22.443199157714844
-22.578100204467773
-22.60219955444336
-22.7539005279541
-22.77680015563965
-22.942100524902344
-22.961200714111328
-23.135099411010742
-23.156099319458008
-23.291099548339844
-23.402799606323242
-23.493900299072266
-23.605499267578125
-23.7007999420166
-23.813100814819336
-23.910400390625
-24.023099899291992
-24.12619972229004
-24.25079917907715
-24.36280059814453
-24.49340057373047
-24.60930061340332
-24.74449920654297
-24.86199951171875
-24.99489974975586
-25.109800338745117
-25.239700317382812
-25.34670066833496
-25.472299575805664
-25.615699768066406
-25.63610076904297
-25.803699493408203
-25.81529998779297
-19.422199249267578
-19.456300735473633
-19.608699798583984
-19.634199142456055
-19.76609992980957
-19.784000396728516
-19.90679931640625
-19.926300048828125
-20.061899185180664
-20.091299057006836
-20.252199172973633
-20.286399841308594
-20.420900344848633
-20.534500122070312
-20.635000228881836
-20.760400772094727
-20.85610008239746
-20.986799240112305
-21.067800521850586
-21.193899154663086
-21.31220054626465
-21.309900283813477
-21.474300384521484
-21.467599868774414
-21.607999801635742
-21.596799850463867
-21.72760009765625
-21.733699798583984
-21.859399795532227
-21.88129997253418
-22.008800506591797
-22.045499801635742
-22.175500869750977
-22.214099884033203
-22.34160041809082
-22.37179946899414
-22.50200080871582
-22.527700424194336
-22.672399520874023
-22.700199127197266
-22.866300582885742
-22.89590072631836
-23.026100158691406
-23.137800216674805
-23.27400016784668
-23.29439926147461
-23.470500946044922
-23.489900588989258
-23.66349983215332
-23.68779945373535
-23.825700759887695
-23.935199737548828
-24.035400390625
-24.148300170898438
-24.260799407958984
-24.3799991607666
-24.500600814819336
-24.618799209594727
-24.74690055847168
-24.86669921875
-24.99720001220703
-25.114900588989258
-25.24250030517578
-25.35890007019043
-25.481800079345703
-25.594499588012695
-25.734800338745117
-25.76569938659668
-25.913799285888672
-25.931499481201172
-19.505800247192383
-19.544200897216797
-19.687999725341797
-19.7185001373291
-19.844999313354492
-19.86720085144043
-19.992399215698242
-20.01409912109375
-20.156299591064453
-20.184600830078125
-20.317699432373047
-20.427200317382812
-20.540700912475586
-20.658899307250977
-20.777999877929688
-20.90690040588379
-21.019899368286133
-21.150699615478516
-21.243499755859375
-21.365299224853516
-21.47719955444336
-21.473899841308594
-21.620500564575195
-21.623199462890625
-21.76140022277832
-21.752899169921875
-21.872299194335938
-21.858200073242188
-21.982200622558594
-21.9773006439209
-22.108699798583984
-22.11829948425293
-22.262100219726562
-22.28260040283203
-22.431499481201172
-22.451799392700195
-22.60540008544922
-22.62529945373535
-22.790599822998047
-22.812000274658203
-22.946699142456055
-23.0625
-23.158899307250977
-23.272899627685547
-23.408599853515625
-23.431100845336914
-23.604000091552734
-23.62299919128418
-23.791799545288086
-23.81290054321289
-23.94700050354004
-24.060699462890625
-24.16189956665039
-24.27910041809082
-24.384700775146484
-24.5049991607666
-24.61840057373047
-24.737499237060547
-24.85770034790039
-24.975500106811523
-25.102100372314453
-25.216699600219727
-25.34589958190918
-25.457700729370117
-25.58340072631836
-25.688899993896484
-25.825899124145508
-25.861000061035156
-26.005599975585938
-26.02750015258789
-19.394100189208984
-19.43000030517578
-19.587799072265625
-19.621000289916992
-19.76409912109375
-19.792699813842773
-19.928199768066406
-19.95009994506836
-20.08989906311035
-20.110000610351562
-20.265899658203125
-20.29050064086914
-20.428600311279297
-20.541400909423828
-20.658199310302734
-20.778400421142578
-20.908100128173828
-21.03459930419922
-21.164199829101562
-21.286399841308594
-21.433399200439453
-21.45989990234375
-21.612899780273438
-21.6200008392334
-21.747400283813477
-21.751300811767578
-21.875699996948242
-21.883100509643555
-22.002599716186523
-22.000200271606445
-22.111900329589844
-22.10810089111328
-22.230100631713867
-22.235700607299805
-22.376300811767578
-22.39310073852539
-22.550199508666992
-22.56800079345703
-22.73390007019043
-22.750900268554688
-22.924699783325195
-22.944499969482422
-23.082000732421875
-23.195999145507812
-23.29050064086914
-23.40019989013672
-23.532899856567383
-23.559099197387695
-23.729299545288086
-23.75160026550293
-23.922399520874023
-23.943500518798828
-24.07859992980957
-24.195999145507812
-24.29520034790039
-24.416000366210938
-24.520099639892578
-24.645200729370117
-24.794099807739258
-24.82080078125
-25.009700775146484
-25.043899536132812
-25.203500747680664
-25.31279945373535
-25.437700271606445
-25.543800354003906
-25.68779945373535
-25.736600875854492
-25.89459991455078
-25.937400817871094
-26.081199645996094
-26.11440086364746
-19.500699996948242
-19.52750015258789
-19.682600021362305
-19.70709991455078
-19.85449981689453
-19.878299713134766
-20.025699615478516
-20.046899795532227
-20.200300216674805
-20.221399307250977
-20.382200241088867
-20.406600952148438
-20.544200897216797
-20.65489959716797
-20.772300720214844
-20.8887996673584
-21.021499633789062
-21.143299102783203
-21.278600692749023
-21.393999099731445
-21.540599822998047
-21.572500228881836
-21.71820068359375
-21.732200622558594
-21.853599548339844
-21.861799240112305
-21.975200653076172
-21.985200881958008
-22.09760093688965
-22.107500076293945
-22.221599578857422
-22.228300094604492
-22.345199584960938
-22.350900650024414
-22.488100051879883
-22.507999420166016
-22.66860008239746
-22.694000244140625
-22.864599227905273
-22.886600494384766
-23.060800552368164
-23.08180046081543
-23.257600784301758
-23.28070068359375
-23.45599937438965
-23.48069953918457
-23.65489959716797
-23.680599212646484
-23.85689926147461
-23.87929916381836
-24.05739974975586
-24.078100204467773
-24.216899871826172
-24.335899353027344
-24.435699462890625
-24.5580997467041
-24.66349983215332
-24.78730010986328
-24.934799194335938
-24.9601993560791
-25.139699935913086
-25.162500381469727
-25.336999893188477
-25.372900009155273
-25.55030059814453
-25.59600067138672
-25.763599395751953
-25.805700302124023
-25.959199905395508
-25.999300003051758
-26.152799606323242
-26.191999435424805
-19.631799697875977
-19.643999099731445
-19.79960060119629
-19.811500549316406
-19.962099075317383
-19.980600357055664
-20.13629913330078
-20.157499313354492
-20.318500518798828
-20.33989906311035
-20.505399703979492
-20.526500701904297
-20.697599411010742
-20.72800064086914
-20.879600524902344
-20.988399505615234
-21.119400024414062
-21.231800079345703
-21.371000289916992
-21.47319984436035
-21.618000030517578
-21.662700653076172
-21.80139923095703
-21.825000762939453
-21.938499450683594
-21.953100204467773
-22.06329917907715
-22.07710075378418
-22.187599182128906
-22.19809913635254
-22.31410026550293
-22.327699661254883
-22.453699111938477
-22.464500427246094
-22.60409927368164
-22.622100830078125
-22.786800384521484
-22.813499450683594
-22.990400314331055
-23.016199111938477
-23.19230079650879
-23.21500015258789
-23.388099670410156
-23.409799575805664
-23.583499908447266
-23.606599807739258
-23.78529930114746
-23.80900001525879
-23.990100860595703
-24.012399673461914
-24.19409942626953
-24.21660041809082
-24.398799896240234
-24.425500869750977
-24.572399139404297
-24.684499740600586
-24.794099807739258
-24.905099868774414
-25.05190086364746
-25.088699340820312
-25.2677001953125
-25.29330062866211
-25.468799591064453
-25.48979949951172
-25.669599533081055
-25.694299697875977
-25.866600036621094
-25.890199661254883
-26.048500061035156
-26.075300216674805
-26.233299255371094
-26.270700454711914
-19.787099838256836
-19.78700065612793
-19.943599700927734
-19.944000244140625
-20.100099563598633
-20.106300354003906
-20.27359962463379
-20.28499984741211
-20.459999084472656
-20.472299575805664
-20.646699905395508
-20.65839958190918
-20.8302001953125
-20.84830093383789
-21.021400451660156
-21.051700592041016
-21.22719955444336
-21.275999069213867
-21.44580078125
-21.503400802612305
-21.651500701904297
-21.70949935913086
-21.83489990234375
-21.882099151611328
-21.99020004272461
-22.023000717163086
-22.125900268554688
-22.151599884033203
-22.261999130249023
-22.284099578857422
-22.402299880981445
-22.42180061340332
-22.55470085144043
-22.572900772094727
-22.72760009765625
-22.74799919128418
-22.92169952392578
-22.9424991607666
-23.079500198364258
-23.194900512695312
-23.326799392700195
-23.346500396728516
-23.52199935913086
-23.541000366210938
-23.716999053955078
-23.737899780273438
-23.91860008239746
-23.942899703979492
-24.122499465942383
-24.145999908447266
-24.320499420166016
-24.34630012512207
-24.51959991455078
-24.549400329589844
-24.719200134277344
-24.752399444580078
-24.921600341796875
-24.964399337768555
-25.111900329589844
-25.21339988708496
-25.332599639892578
-25.43939971923828
-25.55030059814453
-25.662799835205078
-25.80900001525879
-25.8302001953125
-26.00079917907715
-26.012399673461914
-26.16670036315918
-26.179100036621094
-26.332599639892578
-26.360000610351562
-19.753999710083008
-19.771699905395508
-19.925199508666992
-19.93560028076172
-20.082799911499023
-20.090900421142578
-20.24880027770996
-20.257600784301758
-20.428600311279297
-20.43829917907715
-20.615999221801758
-20.62619972229004
-20.798900604248047
-20.807100296020508
-20.973800659179688
-20.985200881958008
-21.150400161743164
-21.16860008239746
-21.331300735473633
-21.359699249267578
-21.51059913635254
-21.548099517822266
-21.683500289916992
-21.729299545288086
-21.84760093688965
-21.895200729370117
-22.007699966430664
-22.055500030517578
-22.169300079345703
-22.206899642944336
-22.325000762939453
-22.354400634765625
-22.4906005859375
-22.51650047302246
-22.667400360107422
-22.686100006103516
-22.856800079345703
-22.88010025024414
-23.016300201416016
-23.13629913330078
-23.273700714111328
-23.289899826049805
-23.468000411987305
-23.483600616455078
-23.65489959716797
-23.673599243164062
-23.846500396728516
-23.870899200439453
-24.04560089111328
-24.072599411010742
-24.246400833129883
-24.27199935913086
-24.442899703979492
-24.467899322509766
-24.638500213623047
-24.664400100708008
-24.831600189208984
-24.85650062561035
-25.02050018310547
-25.052400588989258
-25.221500396728516
-25.265899658203125
-25.420700073242188
-25.52359962463379
-25.65489959716797
-25.75979995727539
-25.91230010986328
-25.953800201416016
-26.11750030517578
-26.143199920654297
-26.29159927368164
-26.30340003967285
-26.45400047302246
-26.470800399780273
-19.844999313354492
-19.879499435424805
-20.018800735473633
-20.04669952392578
-20.190099716186523
-20.21579933166504
-20.37420082092285
-20.399099349975586
-20.56839942932129
-20.589099884033203
-20.7549991607666
-20.772199630737305
-20.93160057067871
-20.947999954223633
-21.106599807739258
-21.124099731445312
-21.28660011291504
-21.301599502563477
-21.46150016784668
-21.473100662231445
-21.620800018310547
-21.6299991607666
-21.76460075378418
-21.78059959411621
-21.910200119018555
-21.931299209594727
-22.060699462890625
-22.089399337768555
-22.229299545288086
-22.26129913330078
-22.40999984741211
-22.43600082397461
-22.594200134277344
-22.619300842285156
-22.7893009185791
-22.811399459838867
-22.98859977722168
-23.015300750732422
-23.19969940185547
-23.228599548339844
-23.41069984436035
-23.434499740600586
-23.60540008544922
-23.622600555419922
-23.788299560546875
-23.80500030517578
-23.97170066833496
-23.994400024414062
-24.167600631713867
-24.194400787353516
-24.369600296020508
-24.39459991455078
-24.5718994140625
-24.594499588012695
-24.773300170898438
-24.792400360107422
-24.965900421142578
-24.979299545288086
-25.146299362182617
-25.162700653076172
-25.331499099731445
-25.358400344848633
-25.536399841308594
-25.57819938659668
-25.737300872802734
-25.84469985961914
-25.993099212646484
-26.03860092163086
-26.205299377441406
-26.242700576782227
-26.40239906311035
-26.425600051879883
-26.58489990234375
-26.601499557495117
-19.92919921875
-19.958499908447266
-20.10930061340332
-20.135099411010742
-20.29199981689453
-20.31920051574707
-20.487899780273438
-20.517200469970703
-20.68549919128418
-20.711700439453125
-20.869300842285156
-20.89189910888672
-21.04050064086914
-21.062999725341797
-21.215499877929688
-21.242599487304688
-21.401899337768555
-21.428300857543945
-21.58209991455078
-21.600299835205078
-21.738500595092773
-21.747299194335938
-21.87350082397461
-21.881500244140625
-22.00790023803711
-22.02050018310547
-22.15399932861328
-22.173200607299805
-22.318500518798828
-22.34600067138672
-22.50469970703125
-22.536699295043945
-22.7052001953125
-22.7367000579834
-22.909700393676758
-22.93709945678711
-23.114700317382812
-23.143999099731445
-23.324899673461914
-23.353900909423828
-23.535900115966797
-23.563800811767578
-23.743499755859375
-23.76129913330078
-23.933799743652344
-23.943700790405273
-24.115800857543945
-24.127099990844727
-24.303600311279297
-24.321300506591797
-24.50429916381836
-24.525800704956055
-24.711000442504883
-24.732099533081055
-24.914400100708008
-24.9330997467041
-25.10890007019043
-25.122600555419922
-25.29330062866211
-25.303600311279297
-25.476900100708008
-25.488399505615234
-25.672100067138672
-25.693199157714844
-25.842599868774414
-25.963300704956055
-26.064199447631836
-26.178800582885742
-26.31730079650879
-26.34269905090332
-26.519100189208984
-26.541500091552734
-26.718299865722656
-26.738500595092773
-20.044200897216797
-20.062599182128906
-20.23200035095215
-20.249399185180664
-20.42340087890625
-20.440399169921875
-20.616199493408203
-20.636600494384766
-20.801799774169922
-20.821399688720703
-20.96940040588379
-20.990999221801758
-21.132400512695312
-21.159299850463867
-21.30299949645996
-21.33679962158203
-21.484399795532227
-21.52239990234375
-21.666500091552734
-21.699899673461914
-21.832700729370117
-21.853200912475586
-21.981700897216797
-21.993200302124023
-22.126699447631836
-22.13330078125
-22.278099060058594
-22.28619956970215
-22.443899154663086
-22.45709991455078
-22.628599166870117
-22.648700714111328
-22.831199645996094
-22.85569953918457
-23.04319953918457
-23.065799713134766
-23.254600524902344
-23.276100158691406
-23.469600677490234
-23.48900032043457
-23.680999755859375
-23.69890022277832
-23.889699935913086
-23.906400680541992
-24.091400146484375
-24.10099983215332
-24.277700424194336
-24.28260040283203
-24.45870018005371
-24.468299865722656
-24.649200439453125
-24.667400360107422
-24.85110092163086
-24.87310028076172
-25.053600311279297
-25.073699951171875
-25.249399185180664
-25.265899658203125
-25.442899703979492
-25.456600189208984
-25.63719940185547
-25.647199630737305
-25.832500457763672
-25.84589958190918
-25.987899780273438
-26.11090087890625
-26.200899124145508
-26.32229995727539
-26.461200714111328
-26.478599548339844
-26.662099838256836
-26.67729949951172
-26.857200622558594
-26.87579917907715
-19.996400833129883
-20.01289939880371
-20.19099998474121
-20.20210075378418
-20.386600494384766
-20.398099899291992
-20.5841007232666
-20.592100143432617
-20.76609992980957
-20.773300170898438
-20.928300857543945
-20.936500549316406
-21.07740020751953
-21.09079933166504
-21.229999542236328
-21.249900817871094
-21.397899627685547
-21.424100875854492
-21.578899383544922
-21.60540008544922
-21.763200759887695
-21.786300659179688
-21.944499969482422
-21.957599639892578
-22.11319923400879
-22.116899490356445
-22.275999069213867
-22.27429962158203
-22.435199737548828
-22.43239974975586
-22.603500366210938
-22.60689926147461
-22.78820037841797
-22.79669952392578
-22.986600875854492
-23.000999450683594
-23.192399978637695
-23.2101993560791
-23.406999588012695
-23.428699493408203
-23.629100799560547
-23.648399353027344
-23.846399307250977
-23.859600067138672
-24.04669952392578
-24.058900833129883
-24.242599487304688
-24.258399963378906
-24.438600540161133
-24.448299407958984
-24.62190055847168
-24.627399444580078
-24.803800582885742
-24.81599998474121
-24.997600555419922
-25.01449966430664
-25.19770050048828
-25.21470069885254
-25.398700714111328
-25.41320037841797
-25.599199295043945
-25.612499237060547
-25.799800872802734
-25.810800552368164
-25.996599197387695
-26.00830078125
-26.196300506591797
-26.212400436401367
-26.401100158691406
-26.420700073242188
-26.608200073242188
-26.628299713134766
-26.808700561523438
-26.82509994506836
-27.001699447631836
-27.018600463867188
-20.135799407958984
-20.157499313354492
-20.348400115966797
-20.365299224853516
-20.55970001220703
-20.569900512695312
-20.756900787353516
-20.759700775146484
-20.92569923400879
-20.9242000579834
-21.073299407958984
-21.070199966430664
-21.215999603271484
-21.215099334716797
-21.370800018310547
-21.372400283813477
-21.538999557495117
-21.54450035095215
-21.719999313354492
-21.728200912475586
-21.908700942993164
-21.917200088500977
-22.099000930786133
-22.103200912475586
-22.279499053955078
-22.276500701904297
-22.44700050354004
-22.442800521850586
-22.613100051879883
-22.607099533081055
-22.781400680541992
-22.780500411987305
-22.962799072265625
-22.966999053955078
-23.149599075317383
-23.160600662231445
-23.34709930419922
-23.364500045776367
-23.559099197387695
-23.58370018005371
-23.78619956970215
-23.809799194335938
-24.00469970703125
-24.0221004486084
-24.204299926757812
-24.21579933166504
-24.394100189208984
-24.40880012512207
-24.592899322509766
-24.60700035095215
-24.79290008544922
-24.798099517822266
-24.979799270629883
-24.979999542236328
-25.164899826049805
-25.170299530029297
-25.35849952697754
-25.36910057067871
-25.559799194335938
-25.572399139404297
-25.7637996673584
-25.775999069213867
-25.96489906311035
-25.975299835205078
-26.161500930786133
-26.17180061340332
-26.357200622558594
-26.370100021362305
-26.556100845336914
-26.57110023498535
-26.75469970703125
-26.772199630737305
-26.95400047302246
-26.970500946044922
-27.148000717163086
-27.162799835205078
-20.267900466918945
-20.29789924621582
-20.443599700927734
-20.568099975585938
-20.71780014038086
-20.73940086364746
-20.92329978942871
-20.930599212646484
-21.098600387573242
-21.090999603271484
-21.25510025024414
-21.23900032043457
-21.40880012512207
-21.3887996673584
-21.563199996948242
-21.546100616455078
-21.72279930114746
-21.714099884033203
-21.88949966430664
-21.88990020751953
-22.06570053100586
-22.0762996673584
-22.251100540161133
-22.265300750732422
-22.434200286865234
-22.44420051574707
-22.611400604248047
-22.61720085144043
-22.792499542236328
-22.792499542236328
-22.97279930114746
-22.96769905090332
-23.14859962463379
-23.14459991455078
-23.32309913635254
-23.32379913330078
-23.505199432373047
-23.51740074157715
-23.709699630737305
-23.733999252319336
-23.930599212646484
-23.958200454711914
-24.14780044555664
-24.170700073242188
-24.353300094604492
-24.369600296020508
-24.555599212646484
-24.568700790405273
-24.765399932861328
-24.774999618530273
-24.97410011291504
-24.978099822998047
-25.174699783325195
-25.171199798583984
-25.35930061340332
-25.352699279785156
-25.542400360107422
-25.542800903320312
-25.73579978942871
-25.742300033569336
-25.93600082397461
-25.944900512695312
-26.135799407958984
-26.14349937438965
-26.331199645996094
-26.33880043029785
-26.527299880981445
-26.535499572753906
-26.72439956665039
-26.732200622558594
-26.919700622558594
-26.92729949951172
-27.11440086364746
-27.123600006103516
-27.30970001220703
-27.317699432373047
-20.381200790405273
-20.422300338745117
-20.61210060119629
-20.652299880981445
-20.837499618530273
-20.874300003051758
-21.05500030517578
-21.082300186157227
-21.25819969177246
-21.267099380493164
-21.436199188232422
-21.431900024414062
-21.595800399780273
-21.58880043029785
-21.7460994720459
-21.74049949645996
-21.891399383544922
-21.89080047607422
-22.044200897216797
-22.051599502563477
-22.210100173950195
-22.223899841308594
-22.389999389648438
-22.406700134277344
-22.581100463867188
-22.594600677490234
-22.779300689697266
-22.78619956970215
-22.980300903320312
-22.98080062866211
-23.1742000579834
-23.16629981994629
-23.347700119018555
-23.3351993560791
-23.51140022277832
-23.50320053100586
-23.684900283813477
-23.68600082397461
-23.87929916381836
-23.89069938659668
-24.08930015563965
-24.104900360107422
-24.299699783325195
-24.315000534057617
-24.507099151611328
-24.522499084472656
-24.71940040588379
-24.7362003326416
-24.941200256347656
-24.957300186157227
-25.160900115966797
-25.16819953918457
-25.363800048828125
-25.366300582885742
-25.558300018310547
-25.55470085144043
-25.74139976501465
-25.735700607299805
-25.925100326538086
-25.92490005493164
-26.11639976501465
-26.121000289916992
-26.311599731445312
-26.317399978637695
-26.507600784301758
-26.513500213623047
-26.704599380493164
-26.710800170898438
-26.903200149536133
-26.908599853515625
-27.099899291992188
-27.103200912475586
-27.29400062561035
-27.29759979248047
-27.48740005493164
-27.490299224853516
-20.48240089416504
-20.52680015563965
-20.711000442504883
-20.755300521850586
-20.933700561523438
-20.97570037841797
-21.151899337768555
-21.194299697875977
-21.369400024414062
-21.405799865722656
-21.56760025024414
-21.589099884033203
-21.734399795532227
-21.745399475097656
-21.883899688720703
-21.891700744628906
-22.030500411987305
-22.035900115966797
-22.18320083618164
-22.192100524902344
-22.354999542236328
-22.3656005859375
-22.542999267578125
-22.553699493408203
-22.742700576782227
-22.75349998474121
-22.951000213623047
-22.96339988708496
-23.158199310302734
-23.16830062866211
-23.353500366210938
-23.358999252319336
-23.532499313354492
-23.529199600219727
-23.702899932861328
-23.697500228881836
-23.88360023498535
-23.879100799560547
-24.07670021057129
-24.075700759887695
-24.27440071105957
-24.27669906616211
-24.47410011291504
-24.48150062561035
-24.67970085144043
-24.690099716186523
-24.8966007232666
-24.910499572753906
-25.12339973449707
-25.137300491333008
-25.348400115966797
-25.356000900268555
-25.554399490356445
-25.554899215698242
-25.744199752807617
-25.7450008392334
-25.93320083618164
-25.933300018310547
-26.117700576782227
-26.115299224853516
-26.30120086669922
-26.302600860595703
-26.49180030822754
-26.496200561523438
-26.687599182128906
-26.693099975585938
-26.88680076599121
-26.89229965209961
-27.086599349975586
-27.091400146484375
-27.284500122070312
-27.287700653076172
-27.48040008544922
-27.483400344848633
-27.675399780273438
-27.675800323486328
-20.358999252319336
-20.398799896240234
-20.584199905395508
-20.625099182128906
-20.805299758911133
-20.846799850463867
-21.02560043334961
-21.068199157714844
-21.245800018310547
-21.287500381469727
-21.46430015563965
-21.503599166870117
-21.67180061340332
-21.699399948120117
-21.85260009765625
-21.866199493408203
-22.013599395751953
-22.02039909362793
-22.1742000579834
-22.176599502563477
-22.342300415039062
-22.3435001373291
-22.522499084472656
-22.52519989013672
-22.713199615478516
-22.720500946044922
-22.912399291992188
-22.923999786376953
-23.113399505615234
-23.129600524902344
-23.31570053100586
-23.33180046081543
-23.51140022277832
-23.522899627685547
-23.701000213623047
-23.70509910583496
-23.886999130249023
-23.888099670410156
-24.077699661254883
-24.07859992980957
-24.269500732421875
-24.27199935913086
-24.458499908447266
-24.46190071105957
-24.647899627685547
-24.657800674438477
-24.854900360107422
-24.869400024414062
-25.079500198364258
-25.09630012512207
-25.31559944152832
-25.328699111938477
-25.5408992767334
-25.54669952392578
-25.740299224853516
-25.74049949645996
-25.920700073242188
-25.923900604248047
-26.10379981994629
-26.11240005493164
-26.296499252319336
-26.301799774169922
-26.484500885009766
-26.486299514770508
-26.672500610351562
-26.676599502563477
-26.866500854492188
-26.87310028076172
-27.064899444580078
-27.072999954223633
-27.26609992980957
-27.274200439453125
-27.468900680541992
-27.47450065612793
-27.66900062561035
-27.67169952392578
-27.865800857543945
-27.86639976501465
-20.473899841308594
-20.5093994140625
-20.696699142456055
-20.731599807739258
-20.915199279785156
-20.947999954223633
-21.127300262451172
-21.163400650024414
-21.340299606323242
-21.38010025024414
-21.550899505615234
-21.593299865722656
-21.758800506591797
-21.79789924621582
-21.95669937133789
-21.983800888061523
-22.14389991760254
-22.160200119018555
-22.330699920654297
-22.33799934387207
-22.520599365234375
-22.522499084472656
-22.713899612426758
-22.71269989013672
-22.906600952148438
-22.904499053955078
-23.099199295043945
-23.09980010986328
-23.295400619506836
-23.297500610351562
-23.497400283813477
-23.499399185180664
-23.70009994506836
-23.695999145507812
-23.895700454711914
-23.889299392700195
-24.08639907836914
-24.08009910583496
-24.273000717163086
-24.26959991455078
-24.455699920654297
-24.454700469970703
-24.635099411010742
-24.63640022277832
-24.819700241088867
-24.827899932861328
-25.02199935913086
-25.038999557495117
-25.244800567626953
-25.270700454711914
-25.48110008239746
-25.50909996032715
-25.70680046081543
-25.725400924682617
-25.900699615478516
-25.909700393676758
-26.076900482177734
-26.087600708007812
-26.26420021057129
-26.277099609375
-26.464000701904297
-26.47480010986328
-26.66699981689453
-26.67140007019043
-26.862199783325195
-26.861499786376953
-27.055599212646484
-27.056499481201172
-27.252300262451172
-27.253999710083008
-27.45509910583496
-27.458999633789062
-27.662399291992188
-27.664100646972656
-27.867700576782227
-27.866899490356445
-28.068899154663086
-28.065000534057617
-20.592899322509766
-20.62809944152832
-20.816099166870117
-20.84910011291504
-21.034799575805664
-21.06599998474121
-21.246000289916992
-21.274499893188477
-21.44890022277832
-21.478700637817383
-21.649799346923828
-21.682199478149414
-21.85110092163086
-21.885299682617188
-22.056900024414062
-22.089099884033203
-22.265899658203125
-22.293500900268555
-22.476999282836914
-22.497800827026367
-22.68549919128418
-22.700899124145508
-22.892099380493164
-22.903099060058594
-23.09469985961914
-23.09939956665039
-23.29330062866211
-23.29520034790039
-23.49679946899414
-23.49650001525879
-23.707799911499023
-23.70669937133789
-23.924100875854492
-23.9153995513916
-24.1289005279541
-24.113399505615234
-24.320199966430664
-24.299699783325195
-24.497699737548828
-24.477399826049805
-24.670000076293945
-24.65180015563965
-24.843299865722656
-24.827699661254883
-25.02199935913086
-25.012800216674805
-25.212400436401367
-25.21339988708496
-25.41390037536621
-25.428199768066406
-25.625
-25.652000427246094
-25.838199615478516
-25.865100860595703
-26.03660011291504
-26.053600311279297
-26.222700119018555
-26.236900329589844
-26.41900062561035
-26.43549919128418
-26.62809944152832
-26.64349937438965
-26.84000015258789
-26.85260009765625
-27.052400588989258
-27.057600021362305
-27.25510025024414
-27.253799438476562
-27.45400047302246
-27.451499938964844
-27.654399871826172
-27.656200408935547
-27.86440086364746
-27.86669921875
-28.07309913635254
-28.072399139404297
-28.278499603271484
-28.275699615478516
-20.702899932861328
-20.74209976196289
-20.9281005859375
-20.966800689697266
-21.14940071105957
-21.18429946899414
-21.365400314331055
-21.39590072631836
-21.57360076904297
-21.598100662231445
-21.77560043334961
-21.797500610351562
-21.97909927368164
-22.00040054321289
-22.187599182128906
-22.20989990234375
-22.400400161743164
-22.4242000579834
-22.614900588989258
-22.639999389648438
-22.827899932861328
-22.852500915527344
-23.0393009185791
-23.063499450683594
-23.253799438476562
-23.27389907836914
-23.469100952148438
-23.483699798583984
-23.68600082397461
-23.697099685668945
-23.906200408935547
-23.917200088500977
-24.132299423217773
-24.140100479125977
-24.354000091552734
-24.35140037536621
-24.558700561523438
-24.543100357055664
-24.743900299072266
-24.719100952148438
-24.918800354003906
-24.890100479125977
-25.094900131225586
-25.0664005279541
-25.27589988708496
-25.24720001220703
-25.455900192260742
-25.430299758911133
-25.631000518798828
-25.61370086669922
-25.807100296020508
-25.80419921875
-25.99340057373047
-26.000499725341797
-26.18939971923828
-26.19860076904297
-26.386899948120117
-26.393999099731445
-26.588499069213867
-26.599199295043945
-26.80150032043457
-26.813800811767578
-27.018999099731445
-27.029800415039062
-27.23590087890625
-27.246000289916992
-27.453899383544922
-27.45789909362793
-27.660499572753906
-27.657899856567383
-27.86199951171875
-27.861000061035156
-28.06760025024414
-28.06920051574707
-28.27790069580078
-28.279499053955078
-28.486799240112305
-28.486400604248047
-20.581899642944336
-20.624099731445312
-20.80900001525879
-20.848100662231445
-21.030899047851562
-21.071699142456055
-21.25860023498535
-21.297500610351562
-21.481700897216797
-21.51460075378418
-21.698699951171875
-21.7273006439209
-21.912500381469727
-21.93630027770996
-22.125699996948242
-22.146499633789062
-22.339399337768555
-22.35919952392578
-22.55120086669922
-22.570100784301758
-22.759700775146484
-22.78070068359375
-22.971900939941406
-22.993900299072266
-23.187700271606445
-23.20840072631836
-23.4060001373291
-23.427200317382812
-23.630699157714844
-23.65239906311035
-23.857999801635742
-23.87689971923828
-24.080799102783203
-24.098899841308594
-24.303499221801758
-24.325700759887695
-24.53030014038086
-24.550600051879883
-24.750999450683594
-24.761699676513672
-24.956600189208984
-24.95439910888672
-25.151599884033203
-25.14069938659668
-25.34269905090332
-25.32550048828125
-25.527700424194336
-25.506500244140625
-25.69930076599121
-25.67729949951172
-25.861099243164062
-25.84040069580078
-26.020599365234375
-26.00469970703125
-26.194499969482422
-26.186199188232422
-26.383899688720703
-26.3799991607666
-26.580900192260742
-26.57859992980957
-26.7810001373291
-26.78380012512207
-26.990999221801758
-26.99799919128418
-27.206499099731445
-27.215200424194336
-27.42259979248047
-27.432600021362305
-27.63960075378418
-27.650800704956055
-27.85740089416504
-27.863000869750977
-28.064199447631836
-28.06570053100586
-28.265899658203125
-28.26889991760254
-28.473499298095703
-28.481000900268555
-28.690399169921875
-28.694700241088867
-20.67569923400879
-20.724000930786133
-20.907699584960938
-20.950700759887695
-21.13409996032715
-21.175199508666992
-21.363100051879883
-21.40570068359375
-21.59910011291504
-21.63610076904297
-21.826099395751953
-21.85580062866211
-22.045000076293945
-22.073200225830078
-22.26289939880371
-22.291500091552734
-22.481300354003906
-22.50830078125
-22.695899963378906
-22.718900680541992
-22.909000396728516
-22.93090057373047
-23.12929916381836
-23.149200439453125
-23.353099822998047
-23.36949920654297
-23.574800491333008
-23.590599060058594
-23.796100616455078
-23.815099716186523
-24.019100189208984
-24.040300369262695
-24.236600875854492
-24.25819969177246
-24.44809913635254
-24.475299835205078
-24.66790008544922
-24.700599670410156
-24.89430046081543
-24.924299240112305
-25.11639976501465
-25.13800048828125
-25.328899383544922
-25.34469985961914
-25.533100128173828
-25.54199981689453
-25.718599319458008
-25.721399307250977
-25.88479995727539
-25.883800506591797
-26.042299270629883
-26.04159927368164
-26.208599090576172
-26.20829963684082
-26.391399383544922
-26.39349937438965
-26.595600128173828
-26.59429931640625
-26.802499771118164
-26.792999267578125
-27.008399963378906
-26.998699188232422
-27.217100143432617
-27.206600189208984
-27.417800903320312
-27.41069984436035
-27.6156005859375
-27.618799209594727
-27.82040023803711
-27.831199645996094
-28.033199310302734
-28.048200607299805
-28.24690055847168
-28.257099151611328
-28.446699142456055
-28.453899383544922
-28.65089988708496
-28.667499542236328
-28.81410026550293
-28.95439910888672
-20.760000228881836
-20.810699462890625
-20.9955997467041
-21.04439926147461
-21.22960090637207
-21.27630043029785
-21.465999603271484
-21.511600494384766
-21.70639991760254
-21.75119972229004
-21.94849967956543
-21.986299514770508
-22.176000595092773
-22.204999923706055
-22.39150047302246
-22.421199798583984
-22.608600616455078
-22.640100479125977
-22.82979965209961
-22.85849952697754
-23.055400848388672
-23.082799911499023
-23.289400100708008
-23.31399917602539
-23.523500442504883
-23.542699813842773
-23.74959945678711
-23.765300750732422
-23.967300415039062
-23.9822998046875
-24.177099227905273
-24.194900512695312
-24.37969970703125
-24.400100708007812
-24.580900192260742
-24.6072998046875
-24.798099517822266
-24.831499099731445
-25.03350067138672
-25.063600540161133
-25.266700744628906
-25.289400100708008
-25.48819923400879
-25.506000518798828
-25.696800231933594
-25.708200454711914
-25.88610076904297
-25.88759994506836
-26.05459976196289
-26.048999786376953
-26.215499877929688
-26.20989990234375
-26.38640022277832
-26.385799407958984
-26.575700759887695
-26.581600189208984
-26.786500930786133
-26.79840087890625
-27.0216007232666
-27.026899337768555
-27.167999267578125
-27.331600189208984
-27.479999542236328
-27.45639991760254
-27.66819953918457
-27.640199661254883
-27.836200714111328
-27.818700790405273
-28.012100219726562
-28.01059913635254
-28.20479965209961
-28.216699600219727
-28.409799575805664
-28.424999237060547
-28.611299514770508
-28.622800827026367
-28.809900283813477
-28.830699920654297
-29.03350067138672
-29.066499710083008
-20.8523006439209
-20.89699935913086
-21.085500717163086
-21.133399963378906
-21.323999404907227
-21.371400833129883
-21.531999588012695
-21.64550018310547
-21.774599075317383
-21.88949966430664
-22.052900314331055
-22.100200653076172
-22.2947998046875
-22.332700729370117
-22.518999099731445
-22.5487003326416
-22.739599227905273
-22.769800186157227
-22.918500900268555
-23.047000885009766
-23.208099365234375
-23.234699249267578
-23.446399688720703
-23.47369956970215
-23.683500289916992
-23.70870018005371
-23.913400650024414
-23.935100555419922
-24.132699966430664
-24.149099349975586
-24.334800720214844
-24.347700119018555
-24.524999618530273
-24.538999557495117
-24.718399047851562
-24.739900588989258
-24.936599731445312
-24.9685001373291
-25.182300567626953
-25.214000701904297
-25.43160057067871
-25.454200744628906
-25.665199279785156
-25.67650032043457
-25.879100799560547
-25.88170051574707
-26.07699966430664
-26.070100784301758
-26.257200241088867
-26.24020004272461
-26.424100875854492
-26.405000686645508
-26.58930015563965
-26.576200485229492
-26.764400482177734
-26.76449966430664
-26.96809959411621
-26.98430061340332
-27.146299362182617
-27.302799224853516
-27.41069984436035
-27.576900482177734
-27.735300064086914
-27.71769905090332
-27.913999557495117
-27.888099670410156
-28.065200805664062
-28.04129981994629
-28.213899612426758
-28.202199935913086
-28.38089942932129
-28.385000228881836
-28.56760025024414
-28.58049964904785
-28.760400772094727
-28.776100158691406
-28.954999923706055
-28.977399826049805
-29.156400680541992
-29.191699981689453
-20.959199905395508
-20.997800827026367
-21.188199996948242
-21.231199264526367
-21.425800323486328
-21.470699310302734
-21.631999969482422
-21.74690055847168
-21.908899307250977
-21.95680046081543
-22.154199600219727
-22.20199966430664
-22.3971004486084
-22.44260025024414
-22.636699676513672
-22.675100326538086
-22.825000762939453
-22.951900482177734
-23.118999481201172
-23.150800704956055
-23.3612003326416
-23.389999389648438
-23.59429931640625
-23.62420082092285
-23.824600219726562
-23.856599807739258
-24.052000045776367
-24.08370018005371
-24.270099639892578
-24.297399520874023
-24.47249984741211
-24.49340057373047
-24.662200927734375
-24.68079948425293
-24.85700035095215
-24.880599975585938
-25.077600479125977
-25.112199783325195
-25.32740020751953
-25.3656005859375
-25.584199905395508
-25.61840057373047
-25.82900047302246
-25.853200912475586
-26.051000595092773
-26.06559944152832
-26.252099990844727
-26.260900497436523
-26.436800003051758
-26.439899444580078
-26.604999542236328
-26.60610008239746
-26.76609992980957
-26.768199920654297
-26.928800582885742
-26.93790054321289
-27.116199493408203
-27.14620018005371
-27.319299697875977
-27.46150016784668
-27.611299514770508
-27.760400772094727
-27.932100296020508
-27.941699981689453
-28.11590003967285
-28.10580062866211
-28.263999938964844
-28.249099731445312
-28.40410041809082
-28.3927001953125
-28.55150032043457
-28.55139923095703
-28.716800689697266
-28.729000091552734
-28.896799087524414
-28.9153995513916
-29.084299087524414
-29.108299255371094
-29.282400131225586
-29.3080997467041
-21.07309913635254
-21.108600616455078
-21.2992000579834
-21.340200424194336
-21.533700942993164
-21.5762996673584
-21.77079963684082
-21.815500259399414
-22.011699676513672
-22.058700561523438
-22.255699157714844
-22.303300857543945
-22.501300811767578
-22.547300338745117
-22.750200271606445
-22.79400062561035
-23.00469970703125
-23.047100067138672
-23.255599975585938
-23.292699813842773
-23.489299774169922
-23.525999069213867
-23.71299934387207
-23.752500534057617
-23.936500549316406
-23.978700637817383
-24.158100128173828
-24.199399948120117
-24.372100830078125
-24.411100387573242
-24.57539939880371
-24.609399795532227
-24.770299911499023
-24.802099227905273
-24.97640037536621
-25.012699127197266
-25.209199905395508
-25.250600814819336
-25.463199615478516
-25.505399703979492
-25.71489906311035
-25.75550079345703
-25.94930076599121
-25.98859977722168
-26.16699981689453
-26.2052001953125
-26.36750030517578
-26.399799346923828
-26.552099227905273
-26.5802001953125
-26.725900650024414
-26.747499465942383
-26.888099670410156
-26.905500411987305
-27.04840087890625
-27.069499969482422
-27.229299545288086
-27.266799926757812
-27.461700439453125
-27.53059959411621
-27.763099670410156
-27.84280014038086
-28.061199188232422
-28.101200103759766
-28.275800704956055
-28.280799865722656
-28.43869972229004
-28.431900024414062
-28.58609962463379
-28.572999954223633
-28.728200912475586
-28.71809959411621
-28.87809944152832
-28.87700080871582
-29.044300079345703
-29.05190086364746
-29.22610092163086
-29.239900588989258
-29.42340087890625
-29.4419002532959
-23.637699127197266
-23.812000274658203
-23.85070037841797
-24.022899627685547
-24.069299697875977
-24.23940086364746
-24.285999298095703
-24.45009994506836
-24.494800567626953
-24.655099868774414
-24.69659996032715
-24.859399795532227
-24.89900016784668
-25.078399658203125
-25.123899459838867
-25.326099395751953
-25.375200271606445
-25.585899353027344
-25.632600784301758
-25.83060073852539
-25.870800018310547
-26.04560089111328
-26.083599090576172
-26.24139976501465
-26.285499572753906
-26.43670082092285
-26.48069953918457
-26.6294002532959
-26.66860008239746
-26.814199447631836
-26.843399047851562
-26.98390007019043
-27.006999969482422
-27.143199920654297
-27.167200088500977
-27.310199737548828
-27.351200103759766
-27.517000198364258
-27.590099334716797
-27.79560089111328
-27.899799346923828
-28.120899200439453
-28.202699661254883
-28.394500732421875
-28.427600860595703
-28.597700119018555
-28.60379981994629
-28.76810073852539
-28.757200241088867
-28.91659927368164
-28.900699615478516
-29.063199996948242
-29.050800323486328
-29.223100662231445
-29.21780014038086
-29.401100158691406
-29.40180015563965
-29.59630012512207
-29.60409927368164
-24.780899047851562
-24.957700729370117
-24.994600296020508
-25.185800552368164
-25.229900360107422
-25.43269920349121
-25.48349952697754
-25.685100555419922
-25.738399505615234
-25.925600051879883
-25.971099853515625
-26.136499404907227
-26.170799255371094
-26.321399688720703
-26.354000091552734
-26.505199432373047
-26.543899536132812
-26.704599380493164
-26.746200561523438
-26.906200408935547
-26.934999465942383
-27.08209991455078
-27.101699829101562
-27.241100311279297
-27.2593994140625
-27.40049934387207
-27.427200317382812
-27.584400177001953
-27.63319969177246
-27.828399658203125
-27.917699813842773
-28.147600173950195
-28.24650001525879
-28.470199584960938
-28.536300659179688
-28.733699798583984
-28.761899948120117
-28.935699462890625
-28.935800552368164
-29.096099853515625
-29.087900161743164
-29.247699737548828
-29.23889923095703
-29.41320037841797
-29.409799575805664
-29.604999542236328
-29.601699829101562
-29.80739974975586
-29.80120086669922
-26.06209945678711
-26.23699951171875
-26.26580047607422
-26.42340087890625
-26.444599151611328
-26.598400115966797
-26.626399993896484
-26.790300369262695
-26.82990074157715
-26.996700286865234
-27.031299591064453
-27.184799194335938
-27.20669937133789
-27.35099983215332
-27.365699768066406
-27.51409912109375
-27.53059959411621
-27.696699142456055
-27.723899841308594
-27.925600051879883
-27.981300354003906
-28.19219970703125
-28.336299896240234
-28.51580047607422
-28.653099060058594
-28.845300674438477
-28.891300201416016
-29.074100494384766
-29.090200424194336
-29.246400833129883
-29.252199172973633
-29.410900115966797
-29.414600372314453
-29.596200942993164
-29.603500366210938
-29.808300018310547
-29.813199996948242
-30.02090072631836
-30.018299102783203
-27.123899459838867
-27.28580093383789
-27.312000274658203
-27.47010040283203
-27.487199783325195
-27.651899337768555
-27.663999557495117
-27.846200942993164
-27.862499237060547
-28.07270050048828
-28.108699798583984
-28.308900833129883
-28.461700439453125
-28.626399993896484
-28.772600173950195
-28.957199096679688
-29.003700256347656
-29.1914005279541
-29.21579933166504
-29.377300262451172
-29.391799926757812
-29.558300018310547
-29.57159996032715
-29.76140022277832
-29.78230094909668
-29.986799240112305
-30.005599975585938
-30.198699951171875
-30.209199905395508
-28.269699096679688
-28.458799362182617
-28.605300903320312
-28.7908992767334
-28.84910011291504
-29.073299407958984
-29.1200008392334
-29.317100524902344
-29.341999053955078
-29.523099899291992
-29.534000396728516
-29.720800399780273
-29.730600357055664
-29.92770004272461
-29.945100784301758
-30.140600204467773
-30.161500930786133
-30.33810043334961
-30.356599807739258
-29.70199966430664
-29.90329933166504
-29.911100387573242
-30.109100341796875
-30.115800857543945
-30.302099227905273
-30.309499740600586
-30.480899810791016
-30.48859977722168
-30.646400451660156
-18.502599716186523
-18.61050033569336
-18.700199127197266
-18.8075008392334
-18.89940071105957
-19.002500534057617
-19.09760093688965
-19.19809913635254
-19.29319953918457
-19.392099380493164
-19.481199264526367
-19.57819938659668
-19.653799057006836
-19.74690055847168
-19.80769920349121
-19.893600463867188
-19.943099975585938
-20.024700164794922
-20.07229995727539
-20.15519905090332
-20.20439910888672
-20.28969955444336
-20.338600158691406
-20.42959976196289
-18.55430030822754
-18.63610076904297
-18.747699737548828
-18.82939910888672
-18.934799194335938
-19.01609992980957
-19.114700317382812
-19.20159912109375
-19.294099807739258
-19.38960075378418
-19.47640037536621
-19.576000213623047
-19.65690040588379
-19.752199172973633
-19.823999404907227
-19.904699325561523
-19.970699310302734
-20.041200637817383
-20.110000610351562
-20.17639923095703
-20.250600814819336
-20.314699172973633
-20.394899368286133
-20.461000442504883
-20.552900314331055
-20.62339973449707
-20.72879981994629
-20.80109977722168
-20.912900924682617
-20.97719955444336
-21.086999893188477
-21.14389991760254
-21.250999450683594
-21.30470085144043
-21.410600662231445
-21.464799880981445
-21.574199676513672
-21.62980079650879
-21.742599487304688
-21.796300888061523
-21.914100646972656
-21.970199584960938
-22.093700408935547
-22.152700424194336
-22.281299591064453
-22.34320068359375
-22.47450065612793
-22.53219985961914
-22.660499572753906
-24.465700149536133
-24.4335994720459
-24.608400344848633
-24.577499389648438
-24.760900497436523
-24.685800552368164
-24.66349983215332
-24.83810043334961
-24.815000534057617
-24.91860008239746
-25.051000595092773
-25.160200119018555
-25.13479995727539
-25.317399978637695
-25.29210090637207
-25.466999053955078
-25.44300079345703
-25.605600357055664
-25.58009910583496
-25.733299255371094
-25.710599899291992
-25.865299224853516
-25.846099853515625
-26.007999420166016
-25.991100311279297
-26.162500381469727
-24.890899658203125
-24.87380027770996
-25.04490089416504
-25.031400680541992
-25.20669937133789
-25.196300506591797
-25.370899200439453
-25.35810089111328
-25.52389907836914
-25.50860023498535
-25.66390037536621
-25.647499084472656
-25.79439926147461
-25.776500701904297
-25.921600341796875
-25.903900146484375
-26.05500030517578
-26.039100646972656
-26.20199966430664
-26.190099716186523
-26.296100616455078
-26.422500610351562
-26.467100143432617
-26.599599838256836
-26.635700225830078
-26.76609992980957
-26.863300323486328
-26.830299377441406
-26.988100051879883
-26.95159912109375
-27.098800659179688
-27.06570053100586
-27.211999893188477
-27.189699172973633
-27.344100952148438
-27.3341007232666
-25.096399307250977
-25.077699661254883
-25.246700286865234
-25.231000900268555
-25.402000427246094
-25.391300201416016
-25.559499740600586
-25.54960060119629
-25.70709991455078
-25.69420051574707
-25.84309959411621
-25.828100204467773
-25.974300384521484
-25.957000732421875
-26.105100631713867
-26.087600708007812
-26.24049949645996
-26.225500106811523
-26.383399963378906
-26.37579917907715
-26.490400314331055
-26.603500366210938
-26.667999267578125
-26.779199600219727
-26.89109992980957
-26.894100189208984
-27.041200637817383
-27.03499984741211
-27.167800903320312
-27.153799057006836
-27.28019905090332
-27.261699676513672
-27.394899368286133
-27.378299713134766
-27.52680015563965
-27.51490020751953
-27.61669921875
-27.73259925842285
-27.779300689697266
-27.893999099731445
-27.995399475097656
-27.98419952392578
-28.133399963378906
-28.111600875854492
-28.24920082092285
-28.221500396728516
-28.359100341796875
-28.33009910583496
-28.474599838256836
-28.44409942626953
-28.597700119018555
-28.56839942932129
-28.659500122070312
-28.784700393676758
-25.245399475097656
-25.381099700927734
-25.485300064086914
-25.450300216674805
-25.630699157714844
-25.59819984436035
-25.76689910888672
-25.73900032043457
-25.895599365234375
-25.873600006103516
-26.01889991760254
-26.00119972229004
-26.144899368286133
-26.132999420166016
-26.280899047851562
-26.270200729370117
-26.420700073242188
-26.40839958190918
-26.561500549316406
-26.55150032043457
-26.70509910583496
-26.70359992980957
-26.858600616455078
-26.869400024414062
-27.017099380493164
-27.03019905090332
-27.165199279785156
-27.173200607299805
-27.300199508666992
-27.301000595092773
-27.43079948425293
-27.423999786376953
-27.56839942932129
-27.55769920349121
-27.718900680541992
-27.704500198364258
-27.8085994720459
-27.934200286865234
-27.97279930114746
-28.097400665283203
-28.196800231933594
-28.1737003326416
-28.332399368286133
-28.303300857543945
-28.45210075378418
-28.41990089416504
-28.57040023803711
-28.53730010986328
-28.693700790405273
-28.65999984741211
-28.822799682617188
-28.791000366210938
-28.957500457763672
-28.93199920654297
-29.035200119018555
-29.155799865722656
-29.190500259399414
-29.30970001220703
-25.50200080871582
-25.645099639892578
-25.740699768066406
-25.70199966430664
-25.867799758911133
-25.831499099731445
-25.980600357055664
-25.94849967956543
-26.083900451660156
-26.058900833129883
-26.19070053100586
-26.17259979248047
-26.30620002746582
-26.296199798583984
-26.441099166870117
-26.437599182128906
-26.59480094909668
-26.588499069213867
-26.75079917907715
-26.736099243164062
-26.897600173950195
-26.876699447631836
-27.035499572753906
-27.018800735473633
-27.174699783325195
-27.162200927734375
-27.31329917907715
-27.303300857543945
-27.453500747680664
-27.442399978637695
-27.596900939941406
-27.58449935913086
-27.684799194335938
-27.806699752807617
-27.851699829101562
-27.982900619506836
-28.025800704956055
-28.16360092163086
-28.19659996032715
-28.332300186157227
-28.429899215698242
-28.393800735473633
-28.55660057067871
-28.518199920654297
-28.669099807739258
-28.632200241088867
-28.781099319458008
-28.75160026550293
-28.902000427246094
-28.877099990844727
-29.026599884033203
-29.00589942932129
-29.156600952148438
-29.139799118041992
-29.296899795532227
-29.285499572753906
-29.386999130249023
-29.502199172973633
-25.810699462890625
-25.794599533081055
-25.943899154663086
-25.925100326538086
-26.05459976196289
-26.035900115966797
-26.153200149536133
-26.134199142456055
-26.24880027770996
-26.230600357055664
-26.35140037536621
-26.33650016784668
-26.472299575805664
-26.459999084472656
-26.614500045776367
-26.60540008544922
-26.71150016784668
-26.833900451660156
-26.87969970703125
-27.002500534057617
-27.1072998046875
-27.0841007232666
-27.245800018310547
-27.21820068359375
-27.376300811767578
-27.34950065612793
-27.50749969482422
-27.483800888061523
-27.64699935913086
-27.626800537109375
-27.794599533081055
-27.77589988708496
-27.88559913635254
-28.010799407958984
-28.063100814819336
-28.189899444580078
-28.247499465942383
-28.372499465942383
-28.424299240112305
-28.543699264526367
-28.641599655151367
-28.6200008392334
-28.764400482177734
-28.737199783325195
-28.873300552368164
-28.843599319458008
-28.976299285888672
-28.9507999420166
-29.085100173950195
-29.065900802612305
-29.20210075378418
-29.187700271606445
-29.32900047302246
-29.318599700927734
-29.46969985961914
-29.46470069885254
-25.949399948120117
-25.95599937438965
-26.068300247192383
-26.072399139404297
-26.1737003326416
-26.174699783325195
-26.27739906311035
-26.274599075317383
-26.383899688720703
-26.377099990844727
-26.501100540161133
-26.493600845336914
-26.639299392700195
-26.632999420166016
-26.734100341796875
-26.853200912475586
-26.906400680541992
-27.028799057006836
-27.14080047607422
-27.134000778198242
-27.298200607299805
-27.28529930114746
-27.43790054321289
-27.42169952392578
-27.57069969177246
-27.552900314331055
-27.70639991760254
-27.68779945373535
-27.848600387573242
-27.83139991760254
-27.99880027770996
-27.982200622558594
-28.151100158691406
-28.13920021057129
-28.255599975585938
-28.36750030517578
-28.467599868774414
-28.477500915527344
-28.628299713134766
-28.642499923706055
-28.779699325561523
-28.788299560546875
-28.913799285888672
-28.91160011291504
-29.033700942993164
-29.0226993560791
-29.145099639892578
-29.128400802612305
-29.253700256347656
-29.23590087890625
-29.370800018310547
-29.356300354003906
-29.503799438476562
-29.49090003967285
-29.646299362182617
-29.635499954223633
-26.047800064086914
-26.05419921875
-26.15959930419922
-26.167200088500977
-26.2726993560791
-26.27519989013672
-26.385299682617188
-26.386600494384766
-26.505699157714844
-26.505800247192383
-26.64229965209961
-26.64430046081543
-26.80150032043457
-26.804000854492188
-26.975500106811523
-26.976999282836914
-27.15369987487793
-27.152099609375
-27.324100494384766
-27.318500518798828
-27.48110008239746
-27.467599868774414
-27.6205997467041
-27.603900909423828
-27.7593994140625
-27.742399215698242
-27.90239906311035
-27.884199142456055
-28.04990005493164
-28.032800674438477
-28.20199966430664
-28.185100555419922
-28.352100372314453
-28.334699630737305
-28.49370002746582
-28.477500915527344
-28.627399444580078
-28.619400024414062
-28.75950050354004
-28.758499145507812
-28.890100479125977
-28.897199630737305
-29.025699615478516
-29.03380012512207
-29.158899307250977
-29.161100387573242
-29.287700653076172
-29.282800674438477
-29.41629981994629
-29.403900146484375
-29.548500061035156
-29.533199310302734
-29.688499450683594
-29.6737003326416
-29.832000732421875
-29.817399978637695
-26.15169906616211
-26.15410041809082
-26.271900177001953
-26.270999908447266
-26.399200439453125
-26.393199920654297
-26.52750015258789
-26.517099380493164
-26.661300659179688
-26.64859962463379
-26.80970001220703
-26.803199768066406
-26.916799545288086
-27.042299270629883
-27.09869956970215
-27.224599838256836
-27.278400421142578
-27.40369987487793
-27.51889991760254
-27.506900787353516
-27.678300857543945
-27.658100128173828
-27.82390022277832
-27.79990005493164
-27.966400146484375
-27.94260025024414
-28.1112003326416
-28.08799934387207
-28.258399963378906
-28.23859977722168
-28.40999984741211
-28.390499114990234
-28.556800842285156
-28.535400390625
-28.689199447631836
-28.664899826049805
-28.8085994720459
-28.787099838256836
-28.927900314331055
-28.908199310302734
-29.04789924621582
-29.030799865722656
-29.17490005493164
-29.162700653076172
-29.312400817871094
-29.300500869750977
-29.45439910888672
-29.439300537109375
-29.59939956665039
-29.581300735473633
-29.745899200439453
-29.725500106811523
-29.890199661254883
-29.868499755859375
-26.25
-26.265300750732422
-26.397899627685547
-26.40220069885254
-26.539400100708008
-26.537399291992188
-26.687000274658203
-26.6830997467041
-26.849599838256836
-26.838199615478516
-26.942800521850586
-27.077899932861328
-27.12380027770996
-27.26460075378418
-27.309099197387695
-27.448400497436523
-27.489200592041016
-27.62420082092285
-27.735200881958008
-27.715599060058594
-27.898500442504883
-27.873300552368164
-28.04560089111328
-28.016399383544922
-28.183799743652344
-28.157800674438477
-28.323200225830078
-28.30030059814453
-28.46739959716797
-28.448699951171875
-28.617700576782227
-28.598899841308594
-28.762100219726562
-28.739500045776367
-28.88920021057129
-28.860300064086914
-29.000200271606445
-28.972700119018555
-29.115800857543945
-29.09239959716797
-29.241199493408203
-29.21649932861328
-29.372499465942383
-29.348100662231445
-29.51409912109375
-29.4906005859375
-29.663700103759766
-29.639400482177734
-29.813600540161133
-29.788700103759766
-29.96139907836914
-29.936800003051758
-30.10740089416504
-30.081300735473633
-26.342599868774414
-26.367300033569336
-26.516700744628906
-26.532100677490234
-26.68939971923828
-26.692399978637695
-26.85890007019043
-26.855499267578125
-26.97209930419922
-27.104799270629883
-27.16469955444336
-27.305200576782227
-27.35930061340332
-27.501300811767578
-27.62220001220703
-27.6033992767334
-27.79490089416504
-27.774799346923828
-27.960800170898438
-27.940500259399414
-28.124099731445312
-28.1018009185791
-28.279399871826172
-28.24850082397461
-28.414100646972656
-28.378599166870117
-28.544599533081055
-28.515199661254883
-28.68829917907715
-28.663400650024414
-28.840099334716797
-28.813199996948242
-28.981199264526367
-28.94890022277832
-29.103700637817383
-29.066499710083008
-29.21190071105957
-29.17449951171875
-29.32379913330078
-29.292499542236328
-29.44770050048828
-29.41990089416504
-29.58009910583496
-29.55739974975586
-29.724199295043945
-29.705299377441406
-29.877399444580078
-29.85930061340332
-30.03339958190918
-30.012100219726562
-30.18670082092285
-30.160900115966797
-26.399200439453125
-26.490800857543945
-26.583900451660156
-26.68269920349121
-26.773000717163086
-26.88089942932129
-26.963899612426758
-27.078699111938477
-27.161300659179688
-27.287900924682617
-27.371999740600586
-27.500099182128906
-27.57539939880371
-27.699600219726562
-27.822200775146484
-27.819000244140625
-27.991500854492188
-27.9862003326416
-28.158000946044922
-28.152799606323242
-28.328899383544922
-28.32040023803711
-28.495899200439453
-28.47719955444336
-28.64539909362793
-28.61319923400879
-28.77869987487793
-28.7455997467041
-28.921100616455078
-28.893199920654297
-29.068199157714844
-29.04010009765625
-29.200899124145508
-29.16900062561035
-29.314199447631836
-29.281200408935547
-29.42009925842285
-29.38800048828125
-29.529800415039062
-29.502899169921875
-29.65239906311035
-29.62849998474121
-29.78529930114746
-29.764699935913086
-29.932199478149414
-29.914400100708008
-30.017499923706055
-30.143199920654297
-30.177600860595703
-30.315799713134766
-30.346500396728516
-26.489299774169922
-26.581199645996094
-26.681499481201172
-26.780500411987305
-26.88949966430664
-26.99449920654297
-27.100500106811523
-27.209400177001953
-27.314199447631836
-27.42770004272461
-27.529499053955078
-27.641399383544922
-27.736299514770508
-27.84429931640625
-27.970800399780273
-27.985599517822266
-28.14349937438965
-28.15250015258789
-28.308700561523438
-28.319499969482422
-28.481300354003906
-28.495899200439453
-28.65920066833496
-28.667699813842773
-28.82699966430664
-28.823400497436523
-28.981599807739258
-28.969100952148438
-29.129899978637695
-29.114900588989258
-29.270599365234375
-29.251699447631836
-29.394100189208984
-29.371400833129883
-29.504100799560547
-29.478900909423828
-29.61199951171875
-29.586200714111328
-29.72800064086914
-29.70359992980957
-29.856300354003906
-29.831899642944336
-29.994300842285156
-29.971599578857422
-30.143400192260742
-30.12459945678711
-30.232799530029297
-30.36440086364746
-30.41320037841797
-30.557199478149414
-26.626699447631836
-26.645599365234375
-26.77750015258789
-26.88360023498535
-26.991600036621094
-27.09830093383789
-27.209999084472656
-27.31439971923828
-27.42729949951172
-27.52989959716797
-27.642200469970703
-27.744300842285156
-27.851699829101562
-27.94890022277832
-28.079599380493164
-28.10919952392578
-28.262500762939453
-28.281999588012695
-28.42930030822754
-28.44700050354004
-28.594499588012695
-28.618000030517578
-28.76849937438965
-28.79509925842285
-28.94849967956543
-28.971900939941406
-29.12929916381836
-29.14259910583496
-29.299299240112305
-29.2992000579834
-29.447500228881836
-29.433900833129883
-29.573299407958984
-29.552400588989258
-29.691299438476562
-29.6658992767334
-29.810100555419922
-29.781400680541992
-29.9325008392334
-29.904800415039062
-30.063100814819336
-30.038999557495117
-30.19659996032715
-30.176300048828125
-30.337900161743164
-30.327699661254883
-30.440799713134766
-30.561199188232422
-30.6289005279541
-26.763999938964844
-26.772499084472656
-26.8976993560791
-27.010000228881836
-27.102699279785156
-27.212299346923828
-27.312400817871094
-27.41950035095215
-27.524099349975586
-27.63010025024414
-27.738000869750977
-27.842599868774414
-27.94610023498535
-28.04490089416504
-28.174299240112305
-28.206499099731445
-28.363100051879883
-28.38949966430664
-28.539499282836914
-28.55970001220703
-28.707199096679688
-28.724199295043945
-28.871999740600586
-28.892799377441406
-29.048900604248047
-29.077899932861328
-29.245399475097656
-29.273300170898438
-29.443300247192383
-29.45599937438965
-29.61829948425293
-29.610000610351562
-29.763099670410156
-29.740100860595703
-29.88960075378418
-29.861799240112305
-30.01180076599121
-29.98550033569336
-30.132600784301758
-30.108200073242188
-30.251800537109375
-30.234399795532227
-30.375099182128906
-30.361499786376953
-30.506099700927734
-30.502700805664062
-30.61319923400879
-30.724300384521484
-26.909900665283203
-26.918800354003906
-27.090900421142578
-27.103900909423828
-27.234899520874023
-27.34980010986328
-27.43429946899414
-27.547800064086914
-27.638999938964844
-27.752199172973633
-27.847900390625
-27.958799362182617
-28.05229949951172
-28.15920066833496
-28.24799919128418
-28.35110092163086
-28.43440055847168
-28.537799835205078
-28.66360092163086
-28.67919921875
-28.8439998626709
-28.851699829101562
-29.015100479125977
-29.018299102783203
-29.136899948120117
-29.25320053100586
-29.332799911499023
-29.453699111938477
-29.536500930786133
-29.653400421142578
-29.77739906311035
-29.780799865722656
-29.93939971923828
-29.93000030517578
-30.076900482177734
-30.059600830078125
-30.20050048828125
-30.180500030517578
-30.31719970703125
-30.29560089111328
-30.4281005859375
-30.408700942993164
-30.545400619506836
-30.529300689697266
-30.67729949951172
-30.667699813842773
-30.775800704956055
-30.898799896240234
-27.004100799560547
-27.111600875854492
-27.189699172973633
-27.304100036621094
-27.435199737548828
-27.448699951171875
-27.577999114990234
-27.692699432373047
-27.775800704956055
-27.888999938964844
-27.97640037536621
-28.087400436401367
-28.176599502563477
-28.285900115966797
-28.371599197387695
-28.479299545288086
-28.56220054626465
-28.672000885009766
-28.753299713134766
-28.864900588989258
-28.94029998779297
-29.053199768066406
-29.120500564575195
-29.239500045776367
-29.305200576782227
-29.42609977722168
-29.494800567626953
-29.60930061340332
-29.721500396728516
-29.741300582885742
-29.897899627685547
-29.91950035095215
-30.059099197387695
-30.07550048828125
-30.203800201416016
-30.21470069885254
-30.33919906616211
-30.34239959716797
-30.465499877929688
-30.46030044555664
-30.585899353027344
-30.575300216674805
-30.71339988708496
-30.702899932861328
-30.86400032043457
-30.85460090637207
-30.96820068359375
-31.103900909423828
-27.145000457763672
-27.253599166870117
-27.334699630737305
-27.450199127197266
-27.534299850463867
-27.649499893188477
-27.778400421142578
-27.791500091552734
-27.96660041809082
-27.98080062866211
-28.111499786376953
-28.22249984741211
-28.307600021362305
-28.418100357055664
-28.503999710083008
-28.61280059814453
-28.697799682617188
-28.808000564575195
-28.893699645996094
-29.00429916381836
-29.088300704956055
-29.2007999420166
-29.284700393676758
-29.397600173950195
-29.518299102783203
-29.529699325561523
-29.685100555419922
-29.69569969177246
-29.841899871826172
-29.857900619506836
-29.998899459838867
-30.018999099731445
-30.15329933166504
-30.17169952392578
-30.303600311279297
-30.319299697875977
-30.4512996673584
-30.4601993560791
-30.59320068359375
-30.595199584960938
-30.73430061340332
-30.730100631713867
-30.886199951171875
-30.8799991607666
-30.988800048828125
-31.117700576782227
-31.17889976501465
-27.33679962158203
-27.349000930786133
-27.47909927368164
-27.59469985961914
-27.68090057373047
-27.79439926147461
-27.925100326538086
-27.94099998474121
-28.117399215698242
-28.129899978637695
-28.255399703979492
-28.37179946899414
-28.449399948120117
-28.56570053100586
-28.64310073852539
-28.75589942932129
-28.88050079345703
-28.897899627685547
-29.069700241088867
-29.09000015258789
-29.256999969482422
-29.283599853515625
-29.44499969482422
-29.474899291992188
-29.62619972229004
-29.652999877929688
-29.793899536132812
-29.814699172973633
-29.952499389648438
-29.969200134277344
-30.109500885009766
-30.123199462890625
-30.268800735473633
-30.27869987487793
-30.43090057373047
-30.437299728393555
-30.595300674438477
-30.5935001373291
-30.749500274658203
-30.740299224853516
-30.90169906616211
-30.893699645996094
-31.003999710083008
-31.12540054321289
-31.18589973449707
-31.31100082397461
-27.442699432373047
-27.55940055847168
-27.63089942932129
-27.75119972229004
-27.828399658203125
-27.94569969177246
-28.023700714111328
-28.140199661254883
-28.218399047851562
-28.337099075317383
-28.414499282836914
-28.533199310302734
-28.606800079345703
-28.723899841308594
-28.84749984741211
-28.85610008239746
-29.031600952148438
-29.041900634765625
-29.211000442504883
-29.221399307250977
-29.38360023498535
-29.39889907836914
-29.55459976196289
-29.574100494384766
-29.725200653076172
-29.747499465942383
-29.89780044555664
-29.917499542236328
-30.06999969482422
-30.084299087524414
-30.243999481201172
-30.252500534057617
-30.361400604248047
-30.475400924682617
-30.535200119018555
-30.654300689697266
-30.77079963684082
-30.76449966430664
-30.931499481201172
-30.918399810791016
-31.079500198364258
-31.072099685668945
-31.23870086669922
-31.240800857543945
-31.362899780273438
-31.479999542236328
-27.67460060119629
-27.674800872802734
-27.85700035095215
-27.861600875854492
-28.046300888061523
-28.052900314331055
-28.18269920349121
-28.304100036621094
-28.380399703979492
-28.50320053100586
-28.578699111938477
-28.69879913330078
-28.823400497436523
-28.83060073852539
-29.00200080871582
-29.009700775146484
-29.174800872802734
-29.188199996948242
-29.34760093688965
-29.36009979248047
-29.511499404907227
-29.524599075317383
-29.672100067138672
-29.68670082092285
-29.837600708007812
-29.856599807739258
-29.972299575805664
-30.07740020751953
-30.15570068359375
-30.269899368286133
-30.344200134277344
-30.46339988708496
-30.5310001373291
-30.649999618530273
-30.713499069213867
-30.827499389648438
-30.93630027770996
-30.93899917602539
-31.09440040588379
-31.093299865722656
-31.2406005859375
-31.239999771118164
-31.39459991455078
-31.400699615478516
-31.520299911499023
-27.8612003326416
-27.857099533081055
-28.0408992767334
-28.040700912475586
-28.227800369262695
-28.228700637817383
-28.35700035095215
-28.48310089111328
-28.5531005859375
-28.679000854492188
-28.749300003051758
-28.8710994720459
-28.99169921875
-28.994699478149414
-29.160499572753906
-29.160499572753906
-29.31879997253418
-29.32550048828125
-29.48259925842285
-29.49139976501465
-29.64739990234375
-29.655000686645508
-29.811399459838867
-29.815399169921875
-29.980100631713867
-29.987699508666992
-30.11199951171875
-30.233699798583984
-30.31329917907715
-30.443099975585938
-30.51889991760254
-30.645000457763672
-30.763700485229492
-30.76259994506836
-30.927099227905273
-30.9281005859375
-31.081899642944336
-31.087299346923828
-31.23419952392578
-31.23859977722168
-31.384300231933594
-31.387399673461914
-31.543100357055664
-31.550800323486328
-28.05470085144043
-28.048999786376953
-28.234899520874023
-28.231000900268555
-28.419700622558594
-28.416799545288086
-28.60759925842285
-28.60759925842285
-28.736900329589844
-28.86479949951172
-28.991600036621094
-28.991300582885742
-29.174699783325195
-29.169700622558594
-29.342899322509766
-29.33060073852539
-29.500900268554688
-29.48900032043457
-29.665700912475586
-29.652599334716797
-29.83209991455078
-29.818099975585938
-29.99920082092285
-29.984800338745117
-30.170400619506836
-30.16160011291504
-30.29129981994629
-30.4281005859375
-30.50029945373535
-30.639999389648438
-30.708900451660156
-30.835100173950195
-30.9419002532959
-30.934600830078125
-31.088600158691406
-31.08209991455078
-31.228900909423828
-31.22760009765625
-31.379499435424805
-31.380699157714844
-31.539100646972656
-31.538299560546875
-31.64900016784668
-31.76569938659668
-28.189800262451172
-28.322200775146484
-28.373199462890625
-28.50779914855957
-28.630800247192383
-28.619400024414062
-28.744600296020508
-28.879100799560547
-28.93440055847168
-29.0664005279541
-29.18899917602539
-29.184099197387695
-29.37150001525879
-29.36240005493164
-29.54330062866211
-29.528799057006836
-29.707700729370117
-29.691999435424805
-29.872299194335938
-29.857799530029297
-30.033199310302734
-30.020599365234375
-30.19409942626953
-30.186599731445312
-30.364299774169922
-30.36240005493164
-30.490800857543945
-30.61870002746582
-30.69569969177246
-30.818500518798828
-30.934600830078125
-30.942399978637695
-31.09309959411621
-31.09469985961914
-31.23150062561035
-31.23270034790039
-31.37299919128418
-31.375699996948242
-31.52910041809082
-31.534099578857422
-31.701900482177734
-31.705699920654297
-31.8218994140625
-31.941699981689453
-28.404399871826172
-28.53849983215332
-28.590900421142578
-28.727399826049805
-28.850900650024414
-28.83769989013672
-29.027099609375
-29.016000747680664
-29.19580078125
-29.19059944152832
-29.361000061035156
-29.365999221801758
-29.529300689697266
-29.53969955444336
-29.696800231933594
-29.70949935913086
-29.86359977722168
-29.876300811767578
-30.02669906616211
-30.038299560546875
-30.18440055847168
-30.19379997253418
-30.340999603271484
-30.353900909423828
-30.51020050048828
-30.527999877929688
-30.694499969482422
-30.718900680541992
-30.885400772094727
-30.907699584960938
-31.061599731445312
-31.077600479125977
-31.216400146484375
-31.224199295043945
-31.357799530029297
-31.36359977722168
-31.510099411010742
-31.518400192260742
-31.627500534057617
-31.741899490356445
-31.811500549316406
-31.933799743652344
-32.00090026855469
-28.618000030517578
-28.753000259399414
-28.809999465942383
-28.944499969482422
-29.06130027770996
-29.050500869750977
-29.22130012512207
-29.21109962463379
-29.365800857543945
-29.361600875854492
-29.50200080871582
-29.50670051574707
-29.64150047302246
-29.659299850463867
-29.792200088500977
-29.819400787353516
-29.95400047302246
-29.98550033569336
-30.119199752807617
-30.147600173950195
-30.283899307250977
-30.309099197387695
-30.45240020751953
-30.475000381469727
-30.628599166870117
-30.65089988708496
-30.81529998779297
-30.840999603271484
-31.010799407958984
-31.030799865722656
-31.195600509643555
-31.20400047302246
-31.35890007019043
-31.355300903320312
-31.509199142456055
-31.503999710083008
-31.66950035095215
-31.6697998046875
-31.792800903320312
-31.918100357055664
-31.989500045776367
-32.117698669433594
-28.829500198364258
-28.966400146484375
-29.089099884033203
-29.079700469970703
-29.254600524902344
-29.244400024414062
-29.398700714111328
-29.38640022277832
-29.523700714111328
-29.5132999420166
-29.645200729370117
-29.638200759887695
-29.768400192260742
-29.767200469970703
-29.905899047851562
-29.91320037841797
-30.062000274658203
-30.07550048828125
-30.2322998046875
-30.244300842285156
-30.407100677490234
-30.41819953918457
-30.589799880981445
-30.598800659179688
-30.777099609375
-30.784299850463867
-30.911800384521484
-31.03420066833496
-31.107900619506836
-31.23080062866211
-31.3617000579834
-31.363500595092773
-31.54400062561035
-31.530899047851562
-31.7052001953125
-31.68709945678711
-31.7992000579834
-31.92729949951172
-31.981300354003906
-32.11199951171875
-32.17689895629883
-32.30730056762695
-29.03730010986328
-29.169099807739258
-29.284900665283203
-29.275999069213867
-29.434900283813477
-29.42289924621582
-29.566699981689453
-29.552799224853516
-29.687000274658203
-29.67020034790039
-29.802600860595703
-29.78809928894043
-29.926300048828125
-29.913700103759766
-30.06130027770996
-30.054800033569336
-30.221099853515625
-30.22100067138672
-30.402599334716797
-30.400299072265625
-30.590499877929688
-30.58530044555664
-30.710599899291992
-30.8435001373291
-30.96929931640625
-30.963899612426758
-31.093900680541992
-31.224300384521484
-31.287500381469727
-31.41670036315918
-31.482999801635742
-31.61079978942871
-31.734699249267578
-31.729400634765625
-31.907800674438477
-31.8966007232666
-32.074798583984375
-32.06399917602539
-32.182498931884766
-32.3114013671875
-32.37120056152344
-29.25779914855957
-29.277299880981445
-29.440500259399414
-29.447200775146484
-29.591999053955078
-29.588600158691406
-29.72719955444336
-29.717300415039062
-29.85580062866211
-29.839399337768555
-29.97960090637207
-29.959699630737305
-30.108400344848633
-30.089599609375
-30.25119972229004
-30.23550033569336
-30.413700103759766
-30.405799865722656
-30.531700134277344
-30.666500091552734
-30.7278995513916
-30.863399505615234
-30.990100860595703
-30.9822998046875
-31.17650032043457
-31.170000076293945
-31.363000869750977
-31.35689926147461
-31.483400344848633
-31.614500045776367
-31.675600051879883
-31.806100845336914
-31.863500595092773
-31.98819923400879
-32.104801177978516
-32.09560012817383
-32.27669906616211
-32.266998291015625
-32.385398864746094
-32.51359939575195
-29.36370086669922
-29.396799087524414
-29.548200607299805
-29.572399139404297
-29.714000701904297
-29.726900100708008
-29.868600845336914
-29.872299194335938
-30.020000457763672
-30.013399124145508
-30.164899826049805
-30.147600173950195
-30.30419921875
-30.28499984741211
-30.449499130249023
-30.434600830078125
-30.61240005493164
-30.6072998046875
-30.734600067138672
-30.865800857543945
-30.93320083618164
-31.06290054321289
-31.191299438476562
-31.188600540161133
-31.378000259399414
-31.373699188232422
-31.565399169921875
-31.56130027770996
-31.686399459838867
-31.821399688720703
-31.879899978637695
-32.015899658203125
-32.06679916381836
-32.198699951171875
-32.315799713134766
-32.30080032348633
-32.489498138427734
-32.47460174560547
-32.59349822998047
-29.47610092163086
-29.496400833129883
-29.65959930419922
-29.678300857543945
-29.83810043334961
-29.84950065612793
-30.009899139404297
-30.01609992980957
-30.17930030822754
-30.179399490356445
-30.340499877929688
-30.332700729370117
-30.489500045776367
-30.4783992767334
-30.638999938964844
-30.6294002532959
-30.801799774169922
-30.79990005493164
-30.989299774169922
-30.993200302124023
-31.125200271606445
-31.2549991607666
-31.38599967956543
-31.384899139404297
-31.578699111938477
-31.574399948120117
-31.70050048828125
-31.835500717163086
-31.897499084472656
-32.03630065917969
-32.096099853515625
-32.23540115356445
-32.2869987487793
-32.42179870605469
-32.539798736572266
-32.52239990234375
-32.71379852294922
-32.69599914550781
-29.619699478149414
-29.62820053100586
-29.80150032043457
-29.812700271606445
-29.989999771118164
-29.996599197387695
-30.175100326538086
-30.177000045776367
-30.350900650024414
-30.347000122070312
-30.513200759887695
-30.506500244140625
-30.66710090637207
-30.657899856567383
-30.819799423217773
-30.812000274658203
-30.98430061340332
-30.983699798583984
-31.171199798583984
-31.178800582885742
-31.374399185180664
-31.381099700927734
-31.5762996673584
-31.579200744628906
-31.774700164794922
-31.775299072265625
-31.972400665283203
-31.97249984741211
-32.17259979248047
-32.174198150634766
-32.376399993896484
-32.37739944458008
-32.57279968261719
-32.56529998779297
-32.752201080322266
-32.7422981262207
-32.9286994934082
-32.917598724365234
-29.793699264526367
-29.7908992767334
-29.971900939941406
-29.97410011291504
-30.160499572753906
-30.165199279785156
-30.350400924682617
-30.353599548339844
-30.5314998626709
-30.527000427246094
-30.69580078125
-30.68589973449707
-30.852399826049805
-30.840299606323242
-31.010900497436523
-30.99959945678711
-31.178600311279297
-31.171100616455078
-31.362600326538086
-31.363399505615234
-31.565000534057617
-31.56839942932129
-31.769500732421875
-31.770700454711914
-31.96980094909668
-31.97089958190918
-32.170101165771484
-32.17100143432617
-32.37030029296875
-32.37179946899414
-32.5718994140625
-32.57490158081055
-32.76940155029297
-32.766300201416016
-32.953800201416016
-32.94729995727539
-29.99650001525879
-29.981199264526367
-30.162099838256836
-30.15570068359375
-30.3341007232666
-30.336700439453125
-30.515199661254883
-30.524200439453125
-30.69890022277832
-30.702999114990234
-30.873899459838867
-30.871200561523438
-31.0408992767334
-31.031999588012695
-31.20560073852539
-31.196699142456055
-31.377599716186523
-31.370800018310547
-31.56290054321289
-31.562299728393555
-31.762399673461914
-31.764299392700195
-31.966100692749023
-31.967899322509766
-32.166099548339844
-32.16680145263672
-32.364601135253906
-32.36690139770508
-32.565799713134766
-32.56829833984375
-32.76789855957031
-32.77000045776367
-32.966800689697266
-32.96329879760742
-33.155399322509766
-33.14910125732422
-30.20330047607422
-30.1875
-30.356300354003906
-30.346200942993164
-30.51759910583496
-30.511999130249023
-30.688199996948242
-30.688800811767578
-30.869300842285156
-30.870500564575195
-31.047000885009766
-31.04640007019043
-31.22100067138672
-31.218299865722656
-31.394399642944336
-31.390600204467773
-31.57550048828125
-31.571399688720703
-31.766000747680664
-31.764299392700195
-31.966699600219727
-31.96540069580078
-32.16640090942383
-32.165199279785156
-32.3656005859375
-32.36479949951172
-32.56340026855469
-32.562599182128906
-32.76319885253906
-32.764198303222656
-32.968299865722656
-32.969398498535156
-33.171199798583984
-33.166500091552734
-30.378000259399414
-30.374500274658203
-30.532800674438477
-30.53030014038086
-30.697599411010742
-30.69499969482422
-30.869400024414062
-30.868200302124023
-31.046300888061523
-31.04680061340332
-31.224899291992188
-31.22410011291504
-31.402999877929688
-31.40060043334961
-31.58609962463379
-31.582599639892578
-31.77589988708496
-31.772600173950195
-31.97170066833496
-31.969200134277344
-32.169898986816406
-32.1692008972168
-32.36819839477539
-32.36669921875
-32.56209945678711
-32.562198638916016
-32.7588996887207
-32.76089859008789
-32.96080017089844
-32.9640007019043
-33.10169982910156
-33.240299224853516
-33.30889892578125
-33.445499420166016
-30.511499404907227
-30.52239990234375
-30.67300033569336
-30.686800003051758
-30.84779930114746
-30.861099243164062
-31.027599334716797
-31.03849983215332
-31.2106990814209
-31.219600677490234
-31.3971004486084
-31.401899337768555
-31.58799934387207
-31.59000015258789
-31.78730010986328
-31.78580093383789
-31.988100051879883
-31.981800079345703
-32.18410110473633
-32.17729949951172
-32.375
-32.37009811401367
-32.56399917602539
-32.56290054321289
-32.75419998168945
-32.754798889160156
-32.946800231933594
-32.95069885253906
-33.152000427246094
-33.15999984741211
-33.302101135253906
-33.444698333740234
-33.519500732421875
-33.660701751708984
-30.643400192260742
-30.64780044555664
-30.80340003967285
-30.817699432373047
-30.982200622558594
-30.99850082397461
-31.169700622558594
-31.18549919128418
-31.36370086669922
-31.377899169921875
-31.56529998779297
-31.575599670410156
-31.772499084472656
-31.78019905090332
-31.986400604248047
-31.991500854492188
-32.197200775146484
-32.1953010559082
-32.390899658203125
-32.38589859008789
-32.575599670410156
-32.57149887084961
-32.7577018737793
-32.75510025024414
-32.941200256347656
-32.94139862060547
-33.1328010559082
-33.13759994506836
-33.27669906616211
-33.41239929199219
-33.500301361083984
-33.6431999206543
-33.72869873046875
-30.810800552368164
-30.800100326538086
-30.965499877929688
-30.964399337768555
-31.13949966430664
-31.14299964904785
-31.322399139404297
-31.332799911499023
-31.520200729370117
-31.53529930114746
-31.731199264526367
-31.746999740600586
-31.890399932861328
-32.02320098876953
-32.11180114746094
-32.24620056152344
-32.38629913330078
-32.3922004699707
-32.57809829711914
-32.57870101928711
-32.756099700927734
-32.75790023803711
-32.9370002746582
-32.94089889526367
-33.12260055541992
-33.12540054321289
-33.31489944458008
-33.32210159301758
-33.4630012512207
-33.59669876098633
-33.68899917602539
-33.824100494384766
-31.691600799560547
-31.88170051574707
-31.906299591064453
-32.10210037231445
-32.129798889160156
-32.326698303222656
-32.35409927368164
-32.54100036621094
-32.55950164794922
-32.73429870605469
-32.74700164794922
-32.91429901123047
-32.92279815673828
-33.09410095214844
-33.10639953613281
-33.287498474121094
-33.299800872802734
-33.49100112915039
-33.503299713134766
-33.70280075073242
-33.715599060058594
-33.91510009765625
-33.930999755859375
-33.06840133666992
-33.239898681640625
-33.25699996948242
-33.44110107421875
-33.45930099487305
-33.65129852294922
-33.67070007324219
-33.865501403808594
-33.88520050048828
-34.073699951171875
-34.09080123901367
