# vtk DataFile Version 3.0
SHAPE_sfm_50k_v20200323
ASCII
DATASET POLYDATA
POINTS 5193 float
-0.057559162 0.26345915 0.03428933
-0.058049113 0.26414746 0.032609344
-0.058049113 0.26345915 0.03398469
-0.13124612 0.1979391 0.06452933
-0.13028911 0.19961911 0.06393334
-0.13104501 0.19961911 0.06284934
-0.13028911 0.19903201 0.06452933
-0.12972024 0.19961911 0.06452933
-0.13028911 0.20041913 0.06284934
-0.12950012 0.20129913 0.06284934
-0.12860912 0.20075428 0.06452933
-0.12860912 0.20129913 0.06403214
-0.12860912 0.20297915 0.063090265
-0.12876627 0.20297915 0.06284934
-0.1281957 0.20129913 0.06452933
-0.12722379 0.20297915 0.06452933
-0.12860912 0.20346701 0.06284934
-0.12692913 0.2039575 0.06452933
-0.1281361 0.2046591 0.06284934
-0.12692913 0.2046591 0.06432819
-0.12665716 0.2046591 0.06452933
-0.12692913 0.20621508 0.06284934
-0.12679398 0.20633912 0.06284934
-0.12524912 0.20608193 0.06452933
-0.12524912 0.20633912 0.064320475
-0.12524912 0.207484 0.06284934
-0.12501884 0.20633912 0.06452933
-0.12458652 0.20801914 0.06284934
-0.12356913 0.20801914 0.064190716
-0.12356913 0.2077421 0.06452933
-0.1233072 0.20801914 0.06452933
-0.12356913 0.20893341 0.06284934
-0.121889114 0.2096991 0.06414965
-0.12279177 0.2096991 0.06284934
-0.121889114 0.20944703 0.06452933
-0.121661544 0.2096991 0.06452933
-0.121889114 0.21127683 0.06284934
-0.104530394 0.2231391 0.06788933
-0.10508913 0.2231391 0.06755087
-0.10508913 0.22283792 0.06788933
-0.106769115 0.22326928 0.066209346
-0.10696235 0.2231391 0.066209346
-0.106769115 0.2231391 0.06636053
-0.10508913 0.22426623 0.066209346
-0.10340911 0.22368896 0.06788933
-0.10381073 0.22481912 0.066209346
-0.10340911 0.22481912 0.066416115
-0.101729125 0.22443652 0.06788933
-0.101729125 0.22481912 0.06734556
-0.10340911 0.22498846 0.066209346
-0.101729125 0.22562832 0.066209346
-0.10068911 0.22481912 0.06788933
-0.10004911 0.22617769 0.066209346
-0.10004911 0.22503531 0.06788933
-0.09836912 0.2254579 0.06788933
-0.0988802 0.22649914 0.066209346
-0.09836912 0.22649914 0.066393614
-0.09836912 0.22662598 0.066209346
-0.096689135 0.22584152 0.06788933
-0.096689135 0.22649914 0.06684902
-0.09500912 0.2261458 0.06788933
-0.09500912 0.22649914 0.067315996
-0.09360129 0.22649914 0.06788933
-0.096689135 0.22692615 0.066209346
-0.09500912 0.22724235 0.066209346
-0.09332913 0.22773796 0.066209346
-0.09332913 0.22658962 0.06788933
-0.091649115 0.22733462 0.06788933
-0.092303395 0.2281791 0.066209346
-0.091649115 0.2281791 0.0666419
-0.091649115 0.22847694 0.066209346
-0.09016585 0.2281791 0.06788933
-0.08996913 0.22925085 0.066209346
-0.08996913 0.22829497 0.06788933
-0.08828911 0.22916687 0.06788933
-0.08872104 0.22985911 0.066209346
-0.08828911 0.22985911 0.06662461
-0.08720872 0.22985911 0.06788933
-0.08828911 0.23010534 0.066209346
-0.086609125 0.23121262 0.066209346
-0.086609125 0.23033643 0.06788933
-0.08511776 0.23153913 0.06788933
-0.086158425 0.23153913 0.066209346
-0.08492911 0.23245394 0.066209346
-0.08492911 0.23167127 0.06788933
-0.061409116 0.23688537 0.07964936
-0.061830103 0.23657912 0.07964936
-0.061409116 0.23657912 0.07981649
-0.05972913 0.23764938 0.07964936
-0.05972913 0.23657912 0.08022544
-0.058049113 0.23769301 0.07964936
-0.058049113 0.23657912 0.08048931
-0.056369126 0.23780078 0.07964936
-0.056369126 0.23657912 0.08074322
-0.05468911 0.23786646 0.07964936
-0.05468911 0.23657912 0.08092317
-0.053009123 0.23808026 0.07964936
-0.053009123 0.23657912 0.08115122
-0.051835746 0.23657912 0.081329316
-0.052304924 0.23825914 0.07964936
-0.051329106 0.23825914 0.0799388
-0.051329106 0.23666596 0.081329316
-0.051329106 0.23857659 0.07964936
-0.04964912 0.23825914 0.08045289
-0.04964912 0.23699945 0.081329316
-0.047969103 0.23720402 0.081329316
-0.047969103 0.23825914 0.08051202
-0.04964912 0.23931563 0.07964936
-0.047969103 0.2394458 0.07964936
-0.046289116 0.23730308 0.081329316
-0.046289116 0.23825914 0.08042249
-0.04460913 0.23745471 0.081329316
-0.04460913 0.23825914 0.08047816
-0.046289116 0.23922837 0.07964936
-0.081569105 0.22322524 0.08468935
-0.08171779 0.2231391 0.08468935
-0.081569105 0.2231391 0.085093945
-0.0811342 0.2231391 0.086369365
-0.07988912 0.22369665 0.086369365
-0.07988912 0.22422576 0.08468935
-0.078775615 0.22481912 0.08468935
-0.07820913 0.22419894 0.086369365
-0.07820913 0.22481912 0.08518615
-0.07820913 0.22513819 0.08468935
-0.07665056 0.22481912 0.086369365
-0.076529115 0.22618634 0.08468935
-0.076529115 0.22488081 0.086369365
-0.07587123 0.22649914 0.08468935
-0.07484913 0.22551578 0.086369365
-0.07484913 0.22649914 0.08517453
-0.07316911 0.22598314 0.086369365
-0.07316911 0.22649914 0.08574024
-0.07158849 0.22649914 0.086369365
-0.07484913 0.22683394 0.08468935
-0.07316911 0.22726911 0.08468935
-0.071489125 0.22800744 0.08468935
-0.071489125 0.22653472 0.086369365
-0.07111257 0.2281791 0.08468935
-0.06980911 0.2271688 0.086369365
-0.06980911 0.2281791 0.08528414
-0.06812912 0.2277466 0.086369365
-0.06812912 0.2281791 0.08587018
-0.06980911 0.22872335 0.08468935
-0.06812912 0.22920567 0.08468935
-0.066827565 0.2281791 0.086369365
-0.066449106 0.22975624 0.08468935
-0.066449106 0.22831506 0.086369365
-0.06619084 0.22985911 0.08468935
-0.06476912 0.22903043 0.086369365
-0.06476912 0.22985911 0.08538273
-0.06476912 0.23041958 0.08468935
-0.06308913 0.22973102 0.086369365
-0.06308913 0.22985911 0.08621135
-0.0626747 0.22985911 0.086369365
-0.06308913 0.23097646 0.08468935
-0.061409116 0.23017299 0.086369365
-0.061409116 0.23145676 0.08468935
-0.061130643 0.23153913 0.08468935
-0.05972913 0.23055327 0.086369365
-0.05972913 0.23153913 0.08517912
-0.058049113 0.23153913 0.08571896
-0.058049113 0.23099953 0.086369365
-0.05972913 0.23195392 0.08468935
-0.058049113 0.2324152 0.08468935
-0.056369126 0.23141867 0.086369365
-0.056369126 0.23153913 0.08622107
-0.055777878 0.23153913 0.086369365
-0.056369126 0.23288906 0.08468935
-0.05490005 0.23321915 0.08468935
-0.05468911 0.23171115 0.086369365
-0.05468911 0.23321915 0.08472124
-0.053009123 0.2317937 0.086369365
-0.053009123 0.23321915 0.08474001
-0.051484644 0.23321915 0.08468935
-0.051329106 0.2317552 0.086369365
-0.051329106 0.23321384 0.08468935
-0.06812912 0.22355723 0.091409355
-0.06957984 0.2231391 0.091409355
-0.06812912 0.2231391 0.09183422
-0.066449106 0.22407413 0.091409355
-0.066449106 0.2231391 0.092291445
-0.06476912 0.22481185 0.091409355
-0.06476912 0.2231391 0.09307441
-0.06474298 0.2231391 0.09308931
-0.064754814 0.22481912 0.091409355
-0.06308913 0.22481912 0.092319936
-0.06308913 0.22410011 0.09308931
-0.061747342 0.22481912 0.09308931
-0.06308913 0.22560167 0.091409355
-0.061409116 0.22629595 0.091409355
-0.061409116 0.22498041 0.09308931
-0.060867608 0.22649914 0.091409355
-0.05972913 0.22564667 0.09308931
-0.05972913 0.22649914 0.0919393
-0.058049113 0.22622603 0.09308931
-0.058049113 0.22649914 0.092703134
-0.05972913 0.22689152 0.091409355
-0.058049113 0.22739899 0.091409355
-0.05735287 0.22649914 0.09308931
-0.056369126 0.22787654 0.091409355
-0.056369126 0.22687864 0.09308931
-0.05468911 0.22748995 0.09308931
-0.055077255 0.2281791 0.091409355
-0.05468911 0.2281791 0.09154877
-0.05468911 0.22825956 0.091409355
-0.053009123 0.22774577 0.09308931
-0.053009123 0.2281791 0.09198478
-0.051329106 0.2281791 0.092230886
-0.051329106 0.22768241 0.09308931
-0.053009123 0.22850615 0.091409355
-0.051329106 0.22877955 0.091409355
-0.04964912 0.2281791 0.0923886
-0.04964912 0.22773659 0.09308931
-0.047969103 0.22787517 0.09308931
-0.047969103 0.2281791 0.092589766
-0.04964912 0.22888392 0.091409355
-0.047969103 0.22890532 0.091409355
-0.046289116 0.2281791 0.09274784
-0.046289116 0.22795618 0.09308931
-0.04460913 0.2281791 0.09287879
-0.04460913 0.22803915 0.09308931
-0.046289116 0.22904909 0.091409355
-0.04460913 0.22924924 0.091409355
-0.04374364 0.2281791 0.09308931
-0.042929113 0.22956145 0.091409355
-0.042929113 0.22838438 0.09308931
-0.041249126 0.22893178 0.09308931
-0.041885465 0.22985911 0.091409355
-0.041249126 0.22985911 0.09169909
-0.08996913 0.21137911 0.09475145
-0.091649115 0.21137911 0.093672484
-0.091649115 0.21016622 0.09476933
-0.08996913 0.21135843 0.09476933
-0.08993828 0.21137911 0.09476933
-0.08996913 0.21305913 0.0934799
-0.090706766 0.21305913 0.09308931
-0.091649115 0.21221364 0.09308931
-0.08828911 0.21236247 0.09476933
-0.08828911 0.21305913 0.094076544
-0.08683118 0.21305913 0.09476933
-0.08996913 0.2134943 0.09308931
-0.08828911 0.21410674 0.09308931
-0.086609125 0.21473914 0.09315577
-0.08676863 0.21473914 0.09308931
-0.086609125 0.21315938 0.09476933
-0.08492911 0.21473914 0.09396842
-0.08492911 0.21387935 0.09476933
-0.086609125 0.21480852 0.09308931
-0.08492911 0.2158333 0.09308931
-0.08324912 0.21473914 0.09466824
-0.08324912 0.21462113 0.09476933
-0.08295369 0.21473914 0.09476933
-0.08324912 0.2164191 0.09338418
-0.08390564 0.2164191 0.09308931
-0.081569105 0.21544933 0.09476933
-0.081569105 0.2164191 0.09412649
-0.08009353 0.2164191 0.09476933
-0.08324912 0.21680558 0.09308931
-0.081569105 0.21799707 0.09308931
-0.07988912 0.21809912 0.09352282
-0.08138466 0.21809912 0.09308931
-0.07988912 0.21652794 0.09476933
-0.07820913 0.21718019 0.09476933
-0.07820913 0.21809912 0.09396455
-0.07988912 0.2187972 0.09308931
-0.07820913 0.21920341 0.09308931
-0.076529115 0.21785259 0.09476933
-0.076529115 0.21809912 0.09454271
-0.076079786 0.21809912 0.09476933
-0.076529115 0.21958274 0.09308931
-0.07576868 0.21977913 0.09308931
-0.07484913 0.21879047 0.09476933
-0.07484913 0.21977913 0.09344408
-0.07326698 0.21977913 0.09476933
-0.07484913 0.22007269 0.09308931
-0.07316911 0.22077662 0.09308931
-0.07316911 0.21982712 0.09476933
-0.071489125 0.22121423 0.09308931
-0.071489125 0.22021055 0.09476933
-0.06997365 0.22145915 0.09308931
-0.06980911 0.22007376 0.09476933
-0.06980911 0.22145915 0.09312418
-0.06812912 0.22145915 0.0935249
-0.06812912 0.22026873 0.09476933
-0.06980911 0.22148883 0.09308931
-0.06812912 0.22188926 0.09308931
-0.066449106 0.22068006 0.09476933
-0.066449106 0.22145915 0.09393695
-0.06476912 0.22145915 0.09464958
-0.06476912 0.22134167 0.09476933
-0.066449106 0.22231668 0.09308931
-0.06476912 0.22312403 0.09308931
-0.06453493 0.22145915 0.09476933
-0.06308913 0.2231391 0.09406635
-0.06308913 0.22237259 0.09476933
-0.061926723 0.2231391 0.09476933
-0.13028911 0.24260074 0.025889337
-0.13196912 0.2427575 0.02420932
-0.13196912 0.24199176 0.025889337
-0.13028911 0.24326265 0.02420932
-0.13015234 0.24329913 0.02420932
-0.12860912 0.24329913 0.025347978
-0.12860912 0.24311942 0.025889337
-0.12807232 0.24329913 0.025889337
-0.12860912 0.24367929 0.02420932
-0.12692913 0.24414366 0.02420932
-0.12692913 0.24368429 0.025889337
-0.12524912 0.24424326 0.025889337
-0.12524912 0.24464643 0.02420932
-0.124144405 0.24497914 0.02420932
-0.12356913 0.24497914 0.02497816
-0.12356913 0.2447648 0.025889337
-0.12293458 0.24497914 0.025889337
-0.12356913 0.24514854 0.02420932
-0.121889114 0.24561495 0.02420932
-0.121889114 0.24533236 0.025889337
-0.12020913 0.24588871 0.025889337
-0.12020913 0.24607068 0.02420932
-0.11852911 0.24633974 0.025889337
-0.11852911 0.24649274 0.02420932
-0.11733881 0.2466591 0.025889337
-0.11786899 0.2466591 0.02420932
-0.116849124 0.24691409 0.02420932
-0.116849124 0.24679577 0.025889337
-0.11516911 0.24728239 0.025889337
-0.11516911 0.2473498 0.02420932
-0.11348912 0.24783045 0.025889337
-0.11348912 0.2478593 0.02420932
-0.11225122 0.24833912 0.025889337
-0.112297684 0.24833912 0.02420932
-0.111809134 0.24855673 0.02420932
-0.111809134 0.24853462 0.025889337
-0.11012912 0.24926794 0.025889337
-0.11012912 0.24927235 0.02420932
-0.10869518 0.25001913 0.02420932
-0.10844913 0.25001913 0.0258272
-0.10844913 0.25001174 0.025889337
-0.10843423 0.25001913 0.025889337
-0.10844913 0.2501619 0.02420932
-0.106769115 0.25079995 0.025889337
-0.106769115 0.25116462 0.02420932
-0.10508913 0.25169915 0.025030226
-0.10553378 0.25169915 0.02420932
-0.10508913 0.25148946 0.025889337
-0.10508913 0.25184053 0.02420932
-0.1044814 0.25169915 0.025889337
-0.10340911 0.25218272 0.02420932
-0.10340911 0.25204253 0.025889337
-0.101729125 0.25256586 0.025889337
-0.101729125 0.25259197 0.02420932
-0.10004911 0.25318336 0.025889337
-0.10004911 0.25320154 0.02420932
-0.09964451 0.2533791 0.025889337
-0.0996522 0.2533791 0.02420932
-0.09836912 0.25405252 0.025889337
-0.09836912 0.25399935 0.02420932
-0.096689135 0.2548566 0.02420932
-0.096689135 0.25489116 0.025889337
-0.0963223 0.25505912 0.02420932
-0.09635475 0.25505912 0.025889337
-0.09500912 0.25578266 0.02420932
-0.09500912 0.2557168 0.025889337
-0.13816872 0.23153913 0.035969347
-0.13708168 0.23321915 0.035969347
-0.1379512 0.23321915 0.03428933
-0.13700911 0.23410809 0.03428933
-0.13700911 0.23327959 0.035969347
-0.13532913 0.23389322 0.035969347
-0.13565114 0.2348991 0.03428933
-0.13532913 0.2348991 0.03451389
-0.13532913 0.23506784 0.03428933
-0.13364911 0.2348991 0.03571099
-0.13364911 0.2346949 0.035969347
-0.13331956 0.2348991 0.035969347
-0.13364911 0.23600554 0.03428933
-0.13273376 0.23657912 0.03428933
-0.13196912 0.23574752 0.035969347
-0.13196912 0.23657912 0.034918427
-0.13196912 0.23703599 0.03428933
-0.13074121 0.23657912 0.035969347
-0.13028911 0.23810679 0.03428933
-0.13028911 0.2369042 0.035969347
-0.13007408 0.23825914 0.03428933
-0.12860912 0.23825914 0.03582239
-0.12860912 0.23814005 0.035969347
-0.12860912 0.2393285 0.03428933
-0.12843344 0.23825914 0.035969347
-0.12692913 0.23918241 0.035969347
-0.12774673 0.2399391 0.03428933
-0.12692913 0.2399391 0.03501609
-0.12527055 0.2399391 0.035969347
-0.12692913 0.24041998 0.03428933
-0.12524912 0.2399475 0.035969347
-0.12524912 0.24106097 0.03428933
-0.12356913 0.24064201 0.035969347
-0.12369898 0.24161911 0.03428933
-0.12356913 0.24161911 0.03436157
-0.121889114 0.24136549 0.035969347
-0.121889114 0.24161911 0.03551072
-0.12356913 0.24166411 0.03428933
-0.121889114 0.24226183 0.03428933
-0.12132609 0.24161911 0.035969347
-0.12020913 0.24211842 0.035969347
-0.12020913 0.2429077 0.03428933
-0.119380295 0.24329913 0.03428933
-0.11852911 0.24329913 0.035216182
-0.11852911 0.2429384 0.035969347
-0.11852911 0.24374032 0.03428933
-0.13596728 0.2281791 0.03932935
-0.13700911 0.2281791 0.03858435
-0.13700911 0.22710037 0.03932935
-0.13700911 0.22985911 0.037759244
-0.13742375 0.22985911 0.037649333
-0.13532913 0.22891033 0.03932935
-0.13532913 0.22985911 0.038710266
-0.13449743 0.22985911 0.03932935
-0.13700911 0.23015404 0.037649333
-0.13532913 0.23153913 0.037979096
-0.13600758 0.23153913 0.037649333
-0.13532913 0.23225784 0.037649333
-0.13364911 0.23084891 0.03932935
-0.13364911 0.23153913 0.03889692
-0.13288257 0.23153913 0.03932935
-0.13364911 0.23319829 0.037649333
-0.13196912 0.23321915 0.03868124
-0.1336186 0.23321915 0.037649333
-0.13196912 0.2322967 0.03932935
-0.13196912 0.23424953 0.037649333
-0.13072315 0.23321915 0.03932935
-0.1309084 0.2348991 0.037649333
-0.13028911 0.2348991 0.038037896
-0.13028911 0.23347026 0.03932935
-0.12860912 0.2348991 0.038921833
-0.12860912 0.23438716 0.03932935
-0.13028911 0.23530209 0.037649333
-0.12860912 0.23644167 0.037649333
-0.12785858 0.2348991 0.03932935
-0.12692913 0.23657912 0.03852588
-0.12840822 0.23657912 0.037649333
-0.12692913 0.23559123 0.03932935
-0.12557423 0.23657912 0.03932935
-0.056369126 0.2541271 0.05444935
-0.058049113 0.2533791 0.05546859
-0.056369126 0.2533791 0.055867106
-0.058049113 0.25389665 0.05444935
-0.055624336 0.2533791 0.056129336
-0.05468911 0.25444663 0.05444935
-0.05468911 0.25357258 0.056129336
-0.053009123 0.25477517 0.05444935
-0.053009123 0.2538644 0.056129336
-0.11852911 0.2067864 0.071249336
-0.119010866 0.20633912 0.071249336
-0.11852911 0.20633912 0.071769714
-0.11737552 0.20633912 0.07292935
-0.11852911 0.20508718 0.07292935
-0.116849124 0.20680916 0.07292935
-0.117159635 0.20801914 0.071249336
-0.116849124 0.20801914 0.07155645
-0.1157141 0.20801914 0.07292935
-0.116849124 0.20833647 0.071249336
-0.115670204 0.2096991 0.071249336
-0.11516911 0.2096991 0.071831495
-0.11516911 0.20866406 0.07292935
-0.11429563 0.2096991 0.07292935
-0.11516911 0.21028131 0.071249336
-0.11427584 0.21137911 0.071249336
-0.11348912 0.21068245 0.07292935
-0.11348912 0.21137911 0.07224494
-0.11288601 0.21137911 0.07292935
-0.11348912 0.21238261 0.071249336
-0.11295608 0.21305913 0.071249336
-0.111809134 0.2126919 0.07292935
-0.111809134 0.21305913 0.07261369
-0.111809134 0.21427071 0.071249336
-0.11145368 0.21305913 0.07292935
-0.11012912 0.21428585 0.07292935
-0.111340016 0.21473914 0.071249336
-0.11012912 0.21473914 0.07251257
-0.10964692 0.21473914 0.07292935
-0.11012912 0.21619564 0.071249336
-0.10844913 0.21591276 0.07292935
-0.10844913 0.2164191 0.07254103
-0.10994932 0.2164191 0.071249336
-0.10790339 0.2164191 0.07292935
-0.10844913 0.21809912 0.07131046
-0.108549386 0.21809912 0.071249336
-0.10844913 0.2181642 0.071249336
-0.106769115 0.21809912 0.072259456
-0.106769115 0.21735215 0.07292935
-0.105712146 0.21809912 0.07292935
-0.106769115 0.21904075 0.071249336
-0.1054554 0.21977913 0.071249336
-0.10508913 0.21977913 0.071504
-0.10508913 0.21849602 0.07292935
-0.10508913 0.21999681 0.071249336
-0.10340911 0.21967775 0.07292935
-0.10340911 0.21977913 0.0728142
-0.10326022 0.21977913 0.07292935
-0.10340911 0.22103941 0.071249336
-0.101729125 0.22071654 0.07292935
-0.102730274 0.22145915 0.071249336
-0.101729125 0.22145915 0.072013855
-0.101729125 0.22204363 0.071249336
-0.12901613 0.19121909 0.076289326
-0.12860912 0.19161409 0.076289326
-0.12860912 0.19277513 0.07460934
-0.12729761 0.19289911 0.076289326
-0.12848338 0.19289911 0.07460934
-0.12020913 0.24617475 0.022529334
-0.11852911 0.24655455 0.022529334
-0.11852911 0.2466591 0.02153948
-0.11809981 0.2466591 0.022529334
-0.11348912 0.2478643 0.022529334
-0.11192164 0.24833912 0.022529334
-0.11348912 0.24786705 0.020849347
-0.111809134 0.24833912 0.020964235
-0.111809134 0.24833739 0.020849347
-0.11180434 0.24833912 0.020849347
-0.111809134 0.24838072 0.022529334
-0.11012912 0.24913907 0.022529334
-0.11012912 0.24900407 0.020849347
-0.10844913 0.25001913 0.021501541
-0.10869756 0.25001913 0.022529334
-0.10844913 0.24985278 0.020849347
-0.10508913 0.24709159 0.042689323
-0.10340911 0.24833912 0.041536897
-0.10464391 0.24833912 0.041009337
-0.10508913 0.24817652 0.041009337
-0.101729125 0.24782526 0.042689323
-0.10340911 0.24738044 0.042689323
-0.10340911 0.24871129 0.041009337
-0.101729125 0.24833912 0.04206595
-0.101729125 0.24914014 0.041009337
-0.10031453 0.24833912 0.042689323
-0.10004911 0.24964094 0.041009337
-0.10004911 0.24843591 0.042689323
-0.09836912 0.24902421 0.042689323
-0.09878296 0.25001913 0.041009337
-0.096689135 0.25001913 0.04200381
-0.09836912 0.25001913 0.04118812
-0.09503755 0.25001913 0.042689323
-0.096689135 0.24955475 0.042689323
-0.096689135 0.2507528 0.041009337
-0.09836912 0.25014317 0.041009337
-0.09500912 0.2515121 0.041009337
-0.09500912 0.2500283 0.042689323
-0.09332913 0.25054532 0.042689323
-0.094518244 0.25169915 0.041009337
-0.091649115 0.25122178 0.042689323
-0.09332913 0.25169915 0.04138422
-0.09332913 0.25251502 0.041009337
-0.091649115 0.25169915 0.04190138
-0.091649115 0.2526124 0.041009337
-0.090173244 0.25169915 0.042689323
-0.08996913 0.25284362 0.041009337
-0.08996913 0.25176632 0.042689323
-0.08828911 0.25218642 0.042689323
-0.08836919 0.2533791 0.041009337
-0.086609125 0.25250113 0.042689323
-0.08828911 0.2533791 0.04104978
-0.08492911 0.2528172 0.042689323
-0.086609125 0.2533791 0.041178614
-0.08828911 0.25340527 0.041009337
-0.08492911 0.2533791 0.041535884
-0.086609125 0.25348234 0.041009337
-0.08492911 0.2536553 0.041009337
-0.08324912 0.2533791 0.042642176
-0.08324912 0.25335878 0.042689323
-0.08324912 0.25402468 0.041009337
-0.08319402 0.2533791 0.042689323
-0.081569105 0.25397545 0.042689323
-0.081569105 0.2545424 0.041009337
-0.13028911 0.1979391 0.06571171
-0.12992132 0.1979391 0.066209346
-0.13028911 0.19762635 0.066209346
-0.12860912 0.19920385 0.066209346
-0.12860912 0.19961911 0.06567156
-0.12821472 0.19961911 0.066209346
-0.12692913 0.20118403 0.066209346
-0.12692913 0.20129913 0.06608161
-0.12692913 0.20297915 0.064799935
-0.12684476 0.20129913 0.066209346
-0.12575442 0.20297915 0.066209346
-0.06980911 0.23677325 0.07460934
-0.070363194 0.23657912 0.07460934
-0.06980911 0.23657912 0.07497367
-0.06812912 0.23751569 0.07460934
-0.06812912 0.23657912 0.07611352
-0.06785926 0.23657912 0.076289326
-0.066449106 0.237284 0.076289326
-0.064959705 0.23825914 0.076289326
-0.066449106 0.23825502 0.07460934
-0.06476912 0.23909307 0.07460934
-0.06644097 0.23825914 0.07460934
-0.06476912 0.23837489 0.076289326
-0.06308913 0.23910534 0.076289326
-0.06308913 0.2399391 0.07462919
-0.06311083 0.2399391 0.07460934
-0.061409116 0.23978841 0.076289326
-0.061409116 0.2399391 0.0760155
-0.06308913 0.23995101 0.07460934
-0.061055034 0.2399391 0.076289326
-0.061409116 0.2407617 0.07460934
-0.05972913 0.24043757 0.076289326
-0.05933705 0.24161911 0.07460934
-0.05972913 0.24146014 0.07460934
-0.058049113 0.24096078 0.076289326
-0.058049113 0.24161911 0.07526934
-0.056369126 0.2412579 0.076289326
-0.058049113 0.24201691 0.07460934
-0.05468911 0.24161911 0.075837284
-0.056369126 0.24161911 0.07571399
-0.056369126 0.2422992 0.07460934
-0.05468911 0.24128479 0.076289326
-0.05468911 0.24249011 0.07460934
-0.053009123 0.24161911 0.07597825
-0.051682174 0.24161911 0.076289326
-0.053009123 0.24136281 0.076289326
-0.053009123 0.24272251 0.07460934
-0.051329106 0.24308962 0.07460934
-0.051329106 0.24171168 0.076289326
-0.05065611 0.24329913 0.07460934
-0.04964912 0.24222803 0.076289326
-0.04964912 0.24329913 0.07504809
-0.047969103 0.2428664 0.076289326
-0.047969103 0.24329913 0.07584202
-0.04964912 0.24371797 0.07460934
-0.04675004 0.24329913 0.076289326
-0.047969103 0.24449909 0.07460934
-0.12040919 0.22985911 0.04940933
-0.121889114 0.22985911 0.048036277
-0.121889114 0.22820717 0.04940933
-0.121889114 0.23020583 0.047729343
-0.122259855 0.22985911 0.047729343
-0.12020913 0.23006779 0.04940933
-0.12020913 0.23153406 0.047729343
-0.120203555 0.23153913 0.047729343
-0.11885828 0.23153913 0.04940933
-0.11852911 0.23189002 0.04940933
-0.11852911 0.23321915 0.047740817
-0.11852911 0.23322982 0.047729343
-0.118539244 0.23321915 0.047729343
-0.11726713 0.23321915 0.04940933
-0.116849124 0.23364657 0.04940933
-0.117060035 0.2348991 0.047729343
-0.11544481 0.2348991 0.04940933
-0.116849124 0.2348991 0.047973573
-0.116849124 0.2351504 0.047729343
-0.11516911 0.23513848 0.04940933
-0.115410626 0.23657912 0.047729343
-0.11348912 0.23657912 0.049244046
-0.11516911 0.23657912 0.047935426
-0.11323109 0.23657912 0.04940933
-0.11348912 0.2364124 0.04940933
-0.11348912 0.23793793 0.047729343
-0.11516911 0.23676485 0.047729343
-0.111809134 0.23737526 0.04940933
-0.11299941 0.23825914 0.047729343
-0.111809134 0.2390256 0.047729343
-0.111809134 0.23825914 0.048512995
-0.11012912 0.23813564 0.04940933
-0.11012912 0.23825914 0.04929337
-0.11012912 0.23986489 0.047729343
-0.10983744 0.23825914 0.04940933
-0.10993636 0.2399391 0.047729343
-0.10844913 0.2399391 0.048234224
-0.106769115 0.2393353 0.04940933
-0.10844913 0.23878497 0.04940933
-0.10508913 0.2399391 0.0492419
-0.106769115 0.2399391 0.04875484
-0.10844913 0.2404542 0.047729343
-0.10508913 0.23978281 0.04940933
-0.106769115 0.24098939 0.047729343
-0.10508913 0.2414195 0.047729343
-0.041249126 0.2300654 0.091409355
-0.081569105 0.25958925 0.030929327
-0.07988912 0.25989568 0.030929327
-0.07988912 0.2600991 0.03040868
-0.081569105 0.2600991 0.029456913
-0.081569105 0.26016855 0.02924934
-0.08180758 0.2600991 0.02924934
-0.078854084 0.2600991 0.030929327
-0.07988912 0.26052415 0.02924934
-0.07820913 0.26080352 0.02924934
-0.076529115 0.2611531 0.02924934
-0.07820913 0.26022398 0.030929327
-0.07484913 0.26136047 0.02924934
-0.076529115 0.26053584 0.030929327
-0.07316911 0.2616554 0.02924934
-0.07484913 0.26056218 0.030929327
-0.07316911 0.26070052 0.030929327
-0.07271248 0.26177913 0.02924934
-0.071489125 0.2609744 0.030929327
-0.071489125 0.26177913 0.029737473
-0.06980911 0.26177913 0.030192345
-0.071489125 0.26212436 0.02924934
-0.06812912 0.26177913 0.03077349
-0.06980911 0.26126832 0.030929327
-0.06980911 0.26245624 0.02924934
-0.06812912 0.26166934 0.030929327
-0.06812912 0.26295936 0.02924934
-0.06779748 0.26177913 0.030929327
-0.066449106 0.26267445 0.030929327
-0.066449106 0.26345915 0.030148149
-0.067197144 0.26345915 0.02924934
-0.06476912 0.26345915 0.030389369
-0.06476912 0.2630335 0.030929327
-0.06308913 0.26345915 0.03031385
-0.06308913 0.26314586 0.030929327
-0.066449106 0.26381254 0.02924934
-0.061941385 0.26345915 0.030929327
-0.06476912 0.26418656 0.02924934
-0.06308913 0.2639796 0.02924934
-0.061409116 0.26421827 0.02924934
-0.05972913 0.26421356 0.030929327
-0.061409116 0.2636643 0.030929327
-0.058049113 0.26473284 0.030929327
-0.05972913 0.26463413 0.02924934
-0.058049113 0.2651391 0.02935484
-0.058107316 0.2651391 0.02924934
-0.05719492 0.2651391 0.030929327
-0.058049113 0.26516092 0.02924934
-0.076529115 0.2367323 0.06956935
-0.0766691 0.23657912 0.06956935
-0.076529115 0.23657912 0.06972566
-0.07523906 0.23825914 0.06956935
-0.07500693 0.23657912 0.071249336
-0.07484913 0.23673278 0.071249336
-0.07484913 0.23825914 0.06993708
-0.07316911 0.23778296 0.071249336
-0.07484913 0.23860615 0.06956935
-0.071489125 0.23815846 0.071249336
-0.07316911 0.23825914 0.07075265
-0.07316911 0.23929876 0.06956935
-0.071489125 0.23825914 0.07112789
-0.071489125 0.2396586 0.06956935
-0.071026236 0.23825914 0.071249336
-0.070262045 0.2399391 0.06956935
-0.06980911 0.23859918 0.071249336
-0.06980911 0.2399391 0.069702595
-0.06812912 0.2399391 0.07042378
-0.06812912 0.23928171 0.071249336
-0.06980911 0.24008244 0.06956935
-0.066944 0.2399391 0.071249336
-0.06812912 0.24090081 0.06956935
-0.06712189 0.24161911 0.06956935
-0.066449106 0.24029285 0.071249336
-0.066449106 0.24161911 0.06996915
-0.06476912 0.24161911 0.07106209
-0.06476912 0.2414468 0.071249336
-0.06476912 0.24315506 0.06956935
-0.066449106 0.24220026 0.06956935
-0.06448966 0.24161911 0.071249336
-0.0644325 0.24329913 0.06956935
-0.06308913 0.2423842 0.071249336
-0.06308913 0.24329913 0.070115715
-0.061409116 0.24329913 0.07073125
-0.061409116 0.24295872 0.071249336
-0.06308913 0.2437532 0.06956935
-0.059887886 0.24329913 0.071249336
-0.061409116 0.24407107 0.06956935
-0.05972913 0.24435484 0.06956935
-0.058049113 0.24489778 0.06956935
-0.05972913 0.2433365 0.071249336
-0.058049113 0.24381149 0.071249336
-0.0578354 0.24497914 0.06956935
-0.056369126 0.24434495 0.071249336
-0.056369126 0.24497914 0.070305884
-0.05468911 0.2448476 0.071249336
-0.05468911 0.24497914 0.071059704
-0.05468911 0.24594891 0.06956935
-0.056369126 0.24553168 0.06956935
-0.054187566 0.24497914 0.071249336
-0.053009123 0.24528217 0.071249336
-0.051857233 0.2466591 0.06956935
-0.053009123 0.24640691 0.06956935
-0.051329106 0.24574083 0.071249336
-0.051329106 0.2466591 0.069752514
-0.051329106 0.2467702 0.06956935
-0.10844913 0.25019485 0.022529334
-0.106769115 0.2512427 0.022529334
-0.10508913 0.25181955 0.022529334
-0.10554865 0.25169915 0.022529334
-0.10340911 0.25216717 0.022529334
-0.101729125 0.2526306 0.022529334
-0.10004911 0.2532419 0.022529334
-0.09836912 0.2540388 0.022529334
-0.099745095 0.2533791 0.022529334
-0.096689135 0.25489944 0.022529334
-0.09500912 0.25586963 0.022529334
-0.09641561 0.25505912 0.022529334
-0.09332913 0.25673914 0.022724122
-0.09332913 0.25664884 0.02420932
-0.09335163 0.25673914 0.022529334
-0.09332913 0.25675094 0.022529334
-0.09314537 0.25673914 0.02420932
-0.091649115 0.2574054 0.02420932
-0.091649115 0.25754517 0.022529334
-0.08996913 0.25840878 0.022529334
-0.089454055 0.2584191 0.02420932
-0.08996913 0.25817114 0.02420932
-0.08828911 0.25925833 0.022529334
-0.08995026 0.2584191 0.022529334
-0.086609125 0.2597447 0.02420932
-0.08828911 0.25897378 0.02420932
-0.0858351 0.2600991 0.02420932
-0.086609125 0.25999355 0.022529334
-0.08492911 0.26071167 0.022529334
-0.086369544 0.2600991 0.022529334
-0.08324912 0.26143956 0.022529334
-0.08492911 0.26047808 0.02420932
-0.08324912 0.26105595 0.02420932
-0.08250052 0.26177913 0.022529334
-0.081569105 0.26163924 0.02420932
-0.081569105 0.26177913 0.023782253
-0.08121386 0.26177913 0.02420932
-0.081569105 0.2621765 0.022529334
-0.07988912 0.26225972 0.02420932
-0.07988912 0.2628168 0.022529334
-0.07820913 0.26344168 0.022529334
-0.07820913 0.26280743 0.02420932
-0.13077042 0.21977913 0.047729343
-0.13028911 0.22145915 0.04704067
-0.13196912 0.21977913 0.046818078
-0.13196912 0.21818513 0.047729343
-0.13169622 0.22145915 0.046049327
-0.13196912 0.22107601 0.046049327
-0.12950754 0.22145915 0.047729343
-0.13028911 0.2203666 0.047729343
-0.13028911 0.2231391 0.046154648
-0.13049567 0.2231391 0.046049327
-0.12860912 0.22275794 0.047729343
-0.12834707 0.2231391 0.047729343
-0.12860912 0.2231391 0.04746893
-0.12860912 0.22481912 0.046467125
-0.1291785 0.22481912 0.046049327
-0.13028911 0.22334635 0.046049327
-0.12697446 0.22481912 0.047729343
-0.12860912 0.22544259 0.046049327
-0.12692913 0.22649914 0.046392024
-0.1274625 0.22649914 0.046049327
-0.12524912 0.22640377 0.047729343
-0.12692913 0.22486228 0.047729343
-0.12692913 0.22694296 0.046049327
-0.12524912 0.22649914 0.047638476
-0.12524912 0.2281791 0.04624796
-0.12524912 0.22844857 0.046049327
-0.12552568 0.2281791 0.046049327
-0.12515569 0.22649914 0.047729343
-0.12356913 0.2281506 0.047729343
-0.12356913 0.2281791 0.04770246
-0.12356913 0.22985911 0.046490908
-0.123542875 0.2281791 0.047729343
-0.12401536 0.22985911 0.046049327
-0.12356913 0.23040318 0.046049327
-0.12242821 0.23153913 0.046049327
-0.121889114 0.23193622 0.046049327
-0.121889114 0.23153913 0.046462685
-0.12020913 0.23153913 0.04772395
-0.12020913 0.23321915 0.04607877
-0.12024364 0.23321915 0.046049327
-0.12020913 0.23325151 0.046049327
-0.118620366 0.2348991 0.046049327
-0.11852911 0.23501533 0.046049327
-0.11852911 0.2348991 0.046136737
-0.117354095 0.23657912 0.046049327
-0.116849124 0.23657912 0.046504915
-0.120220184 0.21137911 0.06452933
-0.121825725 0.21137911 0.06284934
-0.12020913 0.21138841 0.06452933
-0.12020913 0.21268952 0.06284934
-0.11852911 0.21288228 0.06452933
-0.1197972 0.21305913 0.06284934
-0.11852911 0.21449602 0.06284934
-0.11852911 0.21305913 0.064336
-0.11837876 0.21305913 0.06452933
-0.117004305 0.21473914 0.06452933
-0.11833763 0.21473914 0.06284934
-0.116849124 0.21495026 0.06452933
-0.116849124 0.2164191 0.063289136
-0.11573815 0.2164191 0.06452933
-0.1172182 0.2164191 0.06284934
-0.116849124 0.2168842 0.06284934
-0.11516911 0.2171551 0.06452933
-0.115813345 0.21809912 0.06284934
-0.11516911 0.21888775 0.06284934
-0.11516911 0.21809912 0.06364751
-0.114470065 0.21809912 0.06452933
-0.11348912 0.21977913 0.06390211
-0.11444539 0.21977913 0.06284934
-0.11291465 0.21977913 0.06452933
-0.11348912 0.21919298 0.06452933
-0.111809134 0.22093767 0.06452933
-0.11348912 0.22090697 0.06284934
-0.111809134 0.22145915 0.064032376
-0.111809134 0.22283363 0.06284934
-0.113003194 0.22145915 0.06284934
-0.11129117 0.22145915 0.06452933
-0.11012912 0.22258395 0.06452933
-0.11012912 0.2231391 0.06401977
-0.10936037 0.2231391 0.06452933
-0.1115236 0.2231391 0.06284934
-0.10844913 0.22481912 0.06357834
-0.11012912 0.2245602 0.06284934
-0.10980043 0.22481912 0.06284934
-0.10844913 0.22573131 0.06284934
-0.10844913 0.22374171 0.06452933
-0.106769115 0.22481912 0.06450248
-0.106769115 0.22479212 0.06452933
-0.106769115 0.22649914 0.06292948
-0.10695201 0.22649914 0.06284934
-0.10672274 0.22481912 0.06452933
-0.10508913 0.22571158 0.06452933
-0.106769115 0.22658587 0.06284934
-0.10508913 0.22649914 0.0636999
-0.10508913 0.22730803 0.06284934
-0.12609309 0.19289911 0.07796934
-0.12524912 0.1937105 0.07796934
-0.12692913 0.19289911 0.076821476
-0.12692913 0.19325131 0.076289326
-0.12524912 0.19457912 0.07667494
-0.12551501 0.19457912 0.076289326
-0.12524912 0.1948399 0.076289326
-0.12437791 0.19457912 0.07796934
-0.12356913 0.19625914 0.076738715
-0.12386668 0.19625914 0.076289326
-0.12276888 0.19625914 0.07796934
-0.12356913 0.19540316 0.07796934
-0.122517765 0.1979391 0.076289326
-0.12356913 0.19659293 0.076289326
-0.121889114 0.1979391 0.07720861
-0.121889114 0.1995908 0.076289326
-0.121889114 0.19726807 0.07796934
-0.121329784 0.1979391 0.07796934
-0.12020913 0.19961911 0.07769987
-0.12187371 0.19961911 0.076289326
-0.11993703 0.19961911 0.07796934
-0.12020913 0.19932705 0.07796934
-0.12020913 0.20085269 0.076289326
-0.11852911 0.20129913 0.07761595
-0.1196737 0.20129913 0.076289326
-0.11852911 0.20227623 0.076289326
-0.11852911 0.20100409 0.07796934
-0.11823389 0.20129913 0.07796934
-0.116849124 0.20257187 0.07796934
-0.116849124 0.20297915 0.07740161
-0.11637923 0.20297915 0.07796934
-0.11773467 0.20297915 0.076289326
-0.11516911 0.2040211 0.07796934
-0.116849124 0.2038306 0.076289326
-0.11516911 0.2046591 0.077186346
-0.11516911 0.20555896 0.076289326
-0.115989745 0.2046591 0.076289326
-0.11447111 0.2046591 0.07796934
-0.11348912 0.20582408 0.07796934
-0.11449525 0.20633912 0.076289326
-0.113106996 0.20633912 0.07796934
-0.11348912 0.20633912 0.07747224
-0.111809134 0.20801914 0.07781318
-0.11348912 0.20746458 0.076289326
-0.11299136 0.20801914 0.076289326
-0.111809134 0.20923865 0.076289326
-0.111809134 0.20788532 0.07796934
-0.11166942 0.20801914 0.07796934
-0.11012912 0.20948637 0.07796934
-0.11012912 0.2096991 0.07774308
-0.109930545 0.2096991 0.07796934
-0.11136922 0.2096991 0.076289326
-0.08492911 0.22213078 0.08300933
-0.08492318 0.2231391 0.081329316
-0.08492911 0.22313535 0.081329316
-0.08324912 0.22313195 0.08300933
-0.08324912 0.2231391 0.08299616
-0.08324912 0.22407669 0.081329316
-0.08323598 0.2231391 0.08300933
-0.081569105 0.22410524 0.08300933
-0.081569105 0.22481912 0.081731886
-0.08192244 0.22481912 0.081329316
-0.08047691 0.22481912 0.08300933
-0.081569105 0.22510141 0.081329316
-0.07988912 0.22526497 0.08300933
-0.07978693 0.22649914 0.081329316
-0.07988912 0.22644615 0.081329316
-0.07820913 0.2262345 0.08300933
-0.07820913 0.22649914 0.082550794
-0.07766116 0.22649914 0.08300933
-0.07820913 0.22712862 0.081329316
-0.076529115 0.22702473 0.08300933
-0.076037884 0.2281791 0.081329316
-0.076529115 0.22793931 0.081329316
-0.07484913 0.2277093 0.08300933
-0.07484913 0.2281791 0.08220765
-0.07361451 0.2281791 0.08300933
-0.07484913 0.22875339 0.081329316
-0.07316911 0.22948027 0.081329316
-0.07316911 0.22836608 0.08300933
-0.07243994 0.22985911 0.081329316
-0.071489125 0.22928143 0.08300933
-0.071489125 0.22985911 0.082146674
-0.071489125 0.23040396 0.081329316
-0.070380956 0.22985911 0.08300933
-0.06980911 0.23130578 0.081329316
-0.06980911 0.23009837 0.08300933
-0.06923878 0.23153913 0.081329316
-0.06812912 0.23060852 0.08300933
-0.06812912 0.23153913 0.081854194
-0.066449106 0.23153913 0.08258495
-0.06812912 0.23195201 0.081329316
-0.06548706 0.23153913 0.08300933
-0.066449106 0.231188 0.08300933
-0.066449106 0.23256117 0.081329316
-0.06476912 0.23320991 0.081329316
-0.06476912 0.23179257 0.08300933
-0.12524912 0.18363214 0.091409355
-0.12524912 0.18449914 0.089992076
-0.12692913 0.18281913 0.090258986
-0.12615904 0.18281913 0.091409355
-0.1254502 0.18449914 0.08972934
-0.12692913 0.18316925 0.08972934
-0.12420684 0.18449914 0.091409355
-0.12524912 0.18469715 0.08972934
-0.12356913 0.1861791 0.089953095
-0.12375301 0.1861791 0.08972934
-0.12356913 0.18507344 0.091409355
-0.12356913 0.18635666 0.08972934
-0.12235972 0.1861791 0.091409355
-0.121889114 0.18662369 0.091409355
-0.121889114 0.18785912 0.08989027
-0.12202218 0.18785912 0.08972934
-0.12052396 0.18785912 0.091409355
-0.121889114 0.18798733 0.08972934
-0.12020913 0.18953913 0.08984491
-0.12031135 0.18953913 0.08972934
-0.12020913 0.18814594 0.091409355
-0.12020913 0.18965012 0.08972934
-0.118778795 0.18953913 0.091409355
-0.11852911 0.18981498 0.091409355
-0.11852911 0.19121909 0.08994487
-0.11871776 0.19121909 0.08972934
-0.117358804 0.19121909 0.091409355
-0.11852911 0.19140196 0.08972934
-0.116849124 0.1917867 0.091409355
-0.116849124 0.19289911 0.08997199
-0.11701998 0.19289911 0.08972934
-0.11574271 0.19289911 0.091409355
-0.12524912 0.1829912 0.09308931
-0.12543377 0.18281913 0.09308931
-0.12524912 0.18281913 0.09359196
-0.12437484 0.18281913 0.09476933
-0.12524912 0.18189436 0.09476933
-0.12356913 0.18408781 0.09308931
-0.12356913 0.18323892 0.09476933
-0.123015165 0.18449914 0.09308931
-0.121889114 0.18444854 0.09476933
-0.121889114 0.18449914 0.09468159
-0.12182751 0.18449914 0.09476933
-0.121889114 0.18544316 0.09308931
-0.12020913 0.18586034 0.09476933
-0.12020913 0.1861791 0.09426519
-0.12106347 0.1861791 0.09308931
-0.12020913 0.18693066 0.09308931
-0.119843364 0.1861791 0.09476933
-0.11852911 0.18785912 0.09406939
-0.11852911 0.18739331 0.09476933
-0.119185776 0.18785912 0.09308931
-0.118053645 0.18785912 0.09476933
-0.11852911 0.18857902 0.09308931
-0.11774653 0.18953913 0.09308931
-0.116849124 0.18925548 0.09476933
-0.116849124 0.18953913 0.094444185
-0.116849124 0.19049358 0.09308931
-0.1165773 0.18953913 0.09476933
-0.11516911 0.1908617 0.09476933
-0.11516911 0.19121909 0.094326705
-0.11609784 0.19121909 0.09308931
-0.11482188 0.19121909 0.09476933
-0.11516911 0.19215733 0.09308931
-0.11348912 0.1925059 0.09476933
-0.11348912 0.19289911 0.09428725
-0.11444488 0.19289911 0.09308931
-0.11348912 0.19383216 0.09308931
-0.113034725 0.19289911 0.09476933
-0.111809134 0.19399643 0.09476933
-0.111809134 0.19457912 0.09409681
-0.11268699 0.19457912 0.09308931
-0.111237735 0.19457912 0.09476933
-0.111809134 0.19546676 0.09308931
-0.1110746 0.19625914 0.09308931
-0.11012912 0.19585103 0.09476933
-0.11012912 0.19625914 0.09433475
-0.10980156 0.19625914 0.09476933
-0.06812912 0.21977913 0.09531888
-0.066449106 0.21977913 0.095845014
-0.06498024 0.21977913 0.096449345
-0.06476912 0.21986699 0.096449345
-0.06308913 0.22084635 0.096449345
-0.06308913 0.22145915 0.095697135
-0.062290072 0.22145915 0.096449345
-0.061409116 0.22210711 0.096449345
-0.061409116 0.2231391 0.09512326
-0.05972913 0.2231391 0.096362144
-0.05972913 0.22307944 0.096449345
-0.061409116 0.2234475 0.09476933
-0.059605032 0.2231391 0.096449345
-0.05972913 0.22430849 0.09476933
-0.058049113 0.22386146 0.096449345
-0.058049113 0.22481912 0.09504971
-0.058525503 0.22481912 0.09476933
-0.056369126 0.22481912 0.09620574
-0.058049113 0.22502166 0.09476933
-0.055999786 0.22481912 0.096449345
-0.056369126 0.22464895 0.096449345
-0.056369126 0.22584945 0.09476933
-0.05468911 0.22553152 0.096449345
-0.05468911 0.22649914 0.09527227
-0.055239707 0.22649914 0.09476933
-0.053009123 0.22649914 0.096328944
-0.053009123 0.22640532 0.096449345
-0.051329106 0.22649914 0.09636667
-0.051329106 0.22645748 0.096449345
-0.053009123 0.22756118 0.09476933
-0.05468911 0.22686934 0.09476933
-0.04964912 0.22649914 0.09560612
-0.051329106 0.2271961 0.09476933
-0.047969103 0.22593158 0.096449345
-0.04964912 0.22608858 0.096449345
-0.046289116 0.2260018 0.096449345
-0.047969103 0.22649914 0.09548476
-0.04460913 0.22623765 0.096449345
-0.046289116 0.22649914 0.095576316
-0.04460913 0.22649914 0.09596172
-0.04964912 0.22689807 0.09476933
-0.047969103 0.22693098 0.09476933
-0.06476912 0.21977913 0.09655419
-0.058049113 0.2231391 0.09758845
-0.05468911 0.22481912 0.09722087
-0.081303984 0.2533791 0.04436934
-0.081569105 0.2533791 0.044101447
-0.07965979 0.25505912 0.042689323
-0.07988912 0.2548899 0.042689323
-0.07988912 0.25489318 0.04436934
-0.07977936 0.25505912 0.04436934
-0.07827771 0.25673914 0.04436934
-0.07820913 0.25673914 0.044205785
-0.07820913 0.25679153 0.04436934
-0.07820913 0.2562135 0.042689323
-0.076529115 0.2579372 0.04436934
-0.07751131 0.25673914 0.042689323
-0.076529115 0.25740796 0.042689323
-0.07484913 0.25898355 0.04436934
-0.07496926 0.2584191 0.042689323
-0.075804025 0.2584191 0.04436934
-0.07484913 0.25849444 0.042689323
-0.07180148 0.2600991 0.042689323
-0.07316911 0.25945264 0.042689323
-0.07316911 0.2599674 0.04436934
-0.07294175 0.2600991 0.04436934
-0.06980911 0.2600991 0.042784244
-0.06980911 0.26003945 0.042689323
-0.0698643 0.2600991 0.042689323
-0.06857017 0.2600991 0.04436934
-0.06812912 0.25884956 0.042689323
-0.071489125 0.2605852 0.04436934
-0.071489125 0.2601804 0.042689323
-0.066449106 0.2584191 0.04423538
-0.066449106 0.25805944 0.042689323
-0.06755495 0.2584191 0.042689323
-0.06636053 0.2584191 0.04436934
-0.06476912 0.25795043 0.04436934
-0.06812912 0.25970662 0.04436934
-0.06476912 0.25808555 0.042689323
-0.066449106 0.25847107 0.04436934
-0.06357676 0.2584191 0.042689323
-0.06308913 0.2584191 0.043165535
-0.06980911 0.2605958 0.04436934
-0.06308913 0.25795203 0.04436934
-0.061409116 0.25806206 0.04436934
-0.061409116 0.2584191 0.04369518
-0.06308913 0.25859696 0.042689323
-0.05972913 0.2584191 0.043851465
-0.05972913 0.2581365 0.04436934
-0.061409116 0.25891984 0.042689323
-0.05972913 0.25905818 0.042689323
-0.058184892 0.2584191 0.04436934
-0.058049113 0.25928223 0.042689323
-0.056369126 0.2589023 0.04436934
-0.058049113 0.25845373 0.04436934
-0.056369126 0.25962484 0.042689323
-0.05468911 0.2593547 0.04436934
-0.054318786 0.2600991 0.042689323
-0.05468911 0.26001382 0.042689323
-0.04964912 0.2461909 0.071249336
-0.04964912 0.2466591 0.07046589
-0.04964912 0.24720782 0.06956935
-0.076829046 0.25673914 0.041009337
-0.076529115 0.2569216 0.041009337
-0.076529115 0.25693142 0.03932935
-0.07484913 0.25795406 0.041009337
-0.07711592 0.25673914 0.03932935
-0.0740684 0.2584191 0.041009337
-0.07316911 0.2584191 0.03950715
-0.07484913 0.25764978 0.03932935
-0.07316911 0.25837183 0.03932935
-0.07316911 0.2588734 0.041009337
-0.071489125 0.25865626 0.03932935
-0.07302311 0.2584191 0.03932935
-0.0686439 0.2584191 0.041009337
-0.06812912 0.25811136 0.03932935
-0.06980911 0.2584191 0.03980753
-0.06980911 0.2583062 0.03932935
-0.071489125 0.2593087 0.041009337
-0.07014072 0.2584191 0.03932935
-0.06980911 0.2589816 0.041009337
-0.06812912 0.2582308 0.041009337
-0.066449106 0.2581293 0.03932935
-0.066449106 0.25797963 0.041009337
-0.06476912 0.25825816 0.041009337
-0.064590454 0.2584191 0.03932935
-0.06476912 0.25837034 0.03932935
-0.06423426 0.2584191 0.041009337
-0.06308913 0.25898147 0.03932935
-0.06308913 0.25882757 0.041009337
-0.061409116 0.25931245 0.041009337
-0.061409116 0.25954545 0.03932935
-0.05972913 0.2600991 0.039649963
-0.058049113 0.2600991 0.040918738
-0.05972913 0.2597522 0.041009337
-0.058049113 0.26005554 0.041009337
-0.059919238 0.2600991 0.03932935
-0.05972913 0.2601835 0.03932935
-0.058049113 0.26087737 0.03932935
-0.057825327 0.2600991 0.041009337
-0.056369126 0.26037896 0.041009337
-0.056369126 0.2611214 0.03932935
-0.05468911 0.26065177 0.041009337
-0.0839324 0.23321915 0.066209346
-0.08492911 0.23385894 0.06452933
-0.08492911 0.23321915 0.06516376
-0.08380461 0.2348991 0.06452933
-0.085537046 0.23321915 0.06452933
-0.08193278 0.2348991 0.066209346
-0.08324912 0.2348991 0.06500664
-0.08324912 0.23381633 0.066209346
-0.08324912 0.23531455 0.06452933
-0.081569105 0.23518658 0.066209346
-0.081569105 0.23656541 0.06452933
-0.0815514 0.23657912 0.06452933
-0.07986504 0.23657912 0.066209346
-0.07988912 0.23657912 0.06618294
-0.07988912 0.2365591 0.066209346
-0.07988912 0.23803568 0.06452933
-0.07820913 0.23784328 0.066209346
-0.07820913 0.23825914 0.06572193
-0.07963815 0.23825914 0.06452933
-0.077635676 0.23825914 0.066209346
-0.07820913 0.23943269 0.06452933
-0.077607214 0.2399391 0.06452933
-0.076034755 0.2399391 0.066209346
-0.076529115 0.2399391 0.06562701
-0.076529115 0.23936355 0.066209346
-0.076529115 0.24086511 0.06452933
-0.07484913 0.24161911 0.06538159
-0.07555646 0.24161911 0.06452933
-0.07484913 0.24112833 0.066209346
-0.07398352 0.24161911 0.066209346
-0.07484913 0.24211222 0.06452933
-0.07316911 0.24196762 0.066209346
-0.071489125 0.24329913 0.065693974
-0.07316911 0.24329913 0.064561576
-0.071489125 0.2428565 0.066209346
-0.07321486 0.24329913 0.06452933
-0.071489125 0.24497914 0.06461665
-0.0717307 0.24497914 0.06452933
-0.07077059 0.24329913 0.066209346
-0.07316911 0.24335355 0.06452933
-0.071489125 0.2466591 0.064967066
-0.07316911 0.2466011 0.06452933
-0.07336739 0.2466591 0.06452933
-0.07316911 0.2466591 0.06457257
-0.07484913 0.24859124 0.06452933
-0.07503539 0.24833912 0.06452933
-0.07484913 0.24833912 0.06461495
-0.07316911 0.24833912 0.064811885
-0.07484913 0.24687588 0.06452933
-0.071489125 0.24833912 0.06493974
-0.07316911 0.2489661 0.06452933
-0.071489125 0.24880123 0.06452933
-0.06980911 0.24406719 0.066209346
-0.06980911 0.24497914 0.06552884
-0.06891397 0.24497914 0.066209346
-0.0681462 0.2466591 0.066209346
-0.06980911 0.2466591 0.06538898
-0.06812912 0.24833912 0.064563066
-0.06980911 0.24833912 0.06490448
-0.06980911 0.24866343 0.06452933
-0.06812912 0.2466721 0.066209346
-0.066449106 0.24760318 0.066209346
-0.066449106 0.24828851 0.06452933
-0.06810537 0.24833912 0.06452933
-0.06812912 0.24837035 0.06452933
-0.06476912 0.24812835 0.066209346
-0.06476912 0.24833912 0.06556025
-0.06618136 0.24833912 0.06452933
-0.06476912 0.24861467 0.06452933
-0.08996913 0.20985734 0.096449345
-0.0902541 0.2096991 0.096449345
-0.08996913 0.2096991 0.09673998
-0.08828911 0.21077532 0.096449345
-0.08828911 0.2096991 0.09789088
-0.08775291 0.2096991 0.09812936
-0.08725366 0.21137911 0.096449345
-0.086609125 0.21006548 0.09812936
-0.08492911 0.21053755 0.09812936
-0.08492911 0.21137911 0.09730664
-0.086609125 0.21169978 0.096449345
-0.086609125 0.21137911 0.096808106
-0.08324912 0.21125507 0.09812936
-0.08324912 0.21137911 0.09800014
-0.08492911 0.21220922 0.096449345
-0.08324912 0.21283144 0.096449345
-0.08300534 0.21137911 0.09812936
-0.081569105 0.21208256 0.09812936
-0.081569105 0.21305913 0.096963674
-0.08268532 0.21305913 0.096449345
-0.07988912 0.21273935 0.09812936
-0.081569105 0.21350896 0.096449345
-0.07988912 0.21429831 0.096449345
-0.07988912 0.21305913 0.09773067
-0.079153866 0.21305913 0.09812936
-0.07900861 0.21473914 0.096449345
-0.07820913 0.21350473 0.09812936
-0.076529115 0.21419275 0.09812936
-0.07820913 0.21473914 0.09679857
-0.076529115 0.21473914 0.097492605
-0.07820913 0.21514237 0.096449345
-0.076529115 0.215886 0.096449345
-0.07526538 0.21473914 0.09812936
-0.07553199 0.2164191 0.096449345
-0.07484913 0.21496165 0.09812936
-0.07484913 0.2164191 0.096796244
-0.07316911 0.2164191 0.097605854
-0.07484913 0.21699607 0.096449345
-0.07316911 0.21809912 0.0967426
-0.073761046 0.21809912 0.096449345
-0.07316911 0.21584463 0.09812936
-0.071757555 0.2164191 0.09812936
-0.071489125 0.21809912 0.097111374
-0.071489125 0.21899354 0.096449345
-0.07316911 0.21868485 0.096449345
-0.071489125 0.21654326 0.09812936
-0.06812912 0.21884722 0.096449345
-0.06980911 0.21809912 0.09710905
-0.06812912 0.21809912 0.09732446
-0.06980911 0.21875292 0.096449345
-0.066449106 0.21931249 0.096449345
-0.092837125 0.25673914 0.025889337
-0.09332913 0.25651342 0.025889337
-0.091649115 0.25725877 0.025889337
-0.08996913 0.2579863 0.025889337
-0.08894062 0.2584191 0.025889337
-0.08828911 0.25870162 0.025889337
-0.08499861 0.2600991 0.025889337
-0.086609125 0.25943065 0.025889337
-0.08492911 0.26012647 0.025889337
-0.08324912 0.2606625 0.025889337
-0.081569105 0.2612121 0.025889337
-0.07988912 0.26177913 0.025823444
-0.07988912 0.26175678 0.025889337
-0.079809666 0.26177913 0.025889337
-0.07820913 0.26216543 0.025889337
-0.076529115 0.26258355 0.025889337
-0.076529115 0.26335484 0.02420932
-0.07621032 0.26345915 0.02420932
-0.07316911 0.26345915 0.025874943
-0.07484913 0.26345915 0.024995357
-0.07484913 0.26300734 0.025889337
-0.07316911 0.26345158 0.025889337
-0.07316911 0.2641868 0.02420932
-0.07484913 0.26382864 0.02420932
-0.073131114 0.26345915 0.025889337
-0.071489125 0.2636242 0.025889337
-0.071489125 0.26434594 0.02420932
-0.06980911 0.26349998 0.025889337
-0.06812912 0.26432812 0.02420932
-0.06980911 0.26432365 0.02420932
-0.06812912 0.26367444 0.025889337
-0.066449106 0.26407754 0.025889337
-0.06476912 0.2648527 0.02420932
-0.066449106 0.26454186 0.02420932
-0.06476912 0.26443267 0.025889337
-0.09332913 0.256379 0.027569324
-0.09500912 0.2555536 0.027569324
-0.09252277 0.25673914 0.027569324
-0.091649115 0.2571032 0.027569324
-0.08847055 0.2584191 0.027569324
-0.08996913 0.25778657 0.027569324
-0.08828911 0.25849736 0.027569324
-0.086609125 0.25909024 0.027569324
-0.08492911 0.25963098 0.027569324
-0.08492911 0.2600991 0.02598828
-0.08346513 0.2600991 0.027569324
-0.08324912 0.2601685 0.027569324
-0.081569105 0.26070708 0.027569324
-0.07988912 0.26113904 0.027569324
-0.07820913 0.26147026 0.027569324
-0.07820913 0.26177913 0.026839465
-0.07695997 0.26177913 0.027569324
-0.076529115 0.261885 0.027569324
-0.07484913 0.26220834 0.027569324
-0.07316911 0.26261252 0.027569324
-0.071489125 0.26296902 0.027569324
-0.071489125 0.26345915 0.026307851
-0.06980911 0.26345915 0.026005149
-0.06812912 0.26345915 0.026683867
-0.06812912 0.26328856 0.027569324
-0.06755629 0.26345915 0.027569324
-0.06980911 0.26304656 0.027569324
-0.066449106 0.26389134 0.027569324
-0.06476912 0.26443583 0.027569324
-0.07820913 0.25126672 0.04940933
-0.07988912 0.25059158 0.04940933
-0.07988912 0.25001913 0.0502398
-0.078623086 0.25001913 0.051089346
-0.07820913 0.25021505 0.051089346
-0.081370205 0.25001913 0.04940933
-0.076529115 0.251002 0.051089346
-0.076529115 0.25169915 0.05000484
-0.07732004 0.25169915 0.04940933
-0.07528719 0.25169915 0.051089346
-0.07484913 0.25225937 0.051089346
-0.076529115 0.25261438 0.04940933
-0.07484913 0.2533791 0.050676554
-0.07728559 0.25505912 0.04940933
-0.076529115 0.25430125 0.04940933
-0.076529115 0.25505912 0.050227225
-0.07484913 0.25449634 0.051089346
-0.075591415 0.25505912 0.051089346
-0.0762786 0.2533791 0.04940933
-0.07441467 0.2533791 0.051089346
-0.077423185 0.25673914 0.04940933
-0.076529115 0.25673914 0.0509305
-0.07639468 0.25673914 0.051089346
-0.066449106 0.2565652 0.051089346
-0.06476912 0.255799 0.051089346
-0.06476912 0.25673914 0.049819797
-0.076529115 0.2578404 0.04940933
-0.066449106 0.25673914 0.05088389
-0.06681055 0.25673914 0.051089346
-0.0749968 0.2584191 0.051089346
-0.07589647 0.2584191 0.04940933
-0.07484913 0.25907028 0.04940933
-0.07484913 0.25850534 0.051089346
-0.07316911 0.25905854 0.051089346
-0.07316911 0.25983357 0.04940933
-0.07200125 0.2600991 0.04940933
-0.071489125 0.26009977 0.04940933
-0.071489125 0.2600991 0.04941076
-0.06980911 0.2582776 0.051089346
-0.06980911 0.2584191 0.050946206
-0.07003525 0.2584191 0.051089346
-0.071489125 0.25896543 0.051089346
-0.07148048 0.2600991 0.04940933
-0.06980911 0.25950986 0.04940933
-0.06812912 0.2584191 0.04991111
-0.06812912 0.25736547 0.051089346
-0.06812912 0.25875878 0.04940933
-0.066449106 0.25786525 0.04940933
-0.06741312 0.2584191 0.04940933
-0.06476912 0.25700903 0.04940933
-0.06308913 0.2562102 0.04940933
-0.06421992 0.25673914 0.04940933
-0.06308913 0.25521195 0.051089346
-0.061409116 0.25501108 0.051089346
-0.061409116 0.25505912 0.050983816
-0.06225556 0.25505912 0.051089346
-0.061409116 0.25580025 0.04940933
-0.060350627 0.25505912 0.051089346
-0.05972913 0.25514567 0.051089346
-0.05972913 0.25582486 0.04940933
-0.058049113 0.25613028 0.04940933
-0.058049113 0.25544852 0.051089346
-0.08996913 0.24161911 0.052669108
-0.091649115 0.24161911 0.051763684
-0.091649115 0.2405718 0.052769333
-0.08996913 0.24329913 0.05117199
-0.090112984 0.24329913 0.051089346
-0.091649115 0.24238646 0.051089346
-0.08996913 0.2415092 0.052769333
-0.08977997 0.24161911 0.052769333
-0.08828911 0.24329913 0.05219379
-0.08828911 0.24260461 0.052769333
-0.08828911 0.24448931 0.051089346
-0.08996913 0.24338484 0.051089346
-0.087403 0.24329913 0.052769333
-0.086609125 0.24497914 0.05181223
-0.087608635 0.24497914 0.051089346
-0.086609125 0.24393964 0.052769333
-0.08530396 0.24497914 0.052769333
-0.086609125 0.24573696 0.051089346
-0.085220456 0.2466591 0.051089346
-0.08492911 0.24683839 0.051089346
-0.08492911 0.2466591 0.051272362
-0.08324912 0.24636048 0.052769333
-0.08492911 0.24524498 0.052769333
-0.08324912 0.24778455 0.051089346
-0.08324912 0.2466591 0.052407384
-0.082803994 0.2466591 0.052769333
-0.081569105 0.24744809 0.052769333
-0.08221033 0.24833912 0.051089346
-0.081569105 0.24833912 0.05149892
-0.080037326 0.24833912 0.052769333
-0.07988912 0.24944723 0.051089346
-0.081569105 0.24866915 0.051089346
-0.07820913 0.24925435 0.052769333
-0.07820913 0.25001913 0.051398337
-0.07988912 0.24842042 0.052769333
-0.07650831 0.25001913 0.052769333
-0.076529115 0.25001913 0.052752465
-0.076529115 0.2500099 0.052769333
-0.07484913 0.25082982 0.052769333
-0.07484913 0.25169915 0.051482737
-0.07339841 0.25169915 0.052769333
-0.07316911 0.25214028 0.052769333
-0.07316911 0.2533791 0.052431405
-0.07484913 0.25505912 0.051732004
-0.07484913 0.25673914 0.05244291
-0.072850466 0.2533791 0.052769333
-0.07316911 0.25463045 0.052769333
-0.07354793 0.25505912 0.052769333
-0.074139476 0.25673914 0.052769333
-0.07316911 0.25074917 0.06284934
-0.07484913 0.25001913 0.063565105
-0.07316911 0.25001913 0.0636377
-0.06812912 0.25010157 0.06284934
-0.0685378 0.25001913 0.06284934
-0.06812912 0.25001913 0.0629462
-0.066758394 0.25001913 0.06284934
-0.07484913 0.25072336 0.06284934
-0.0717985 0.25001913 0.06284934
-0.04964912 0.25001913 0.06349164
-0.051329106 0.25001913 0.06324664
-0.04964912 0.24952066 0.06452933
-0.051329106 0.25024623 0.06284934
-0.05246207 0.25001913 0.06284934
-0.051329106 0.2492975 0.06452933
-0.076529115 0.26345915 0.023991197
-0.07816705 0.26345915 0.022529334
-0.076529115 0.26403105 0.022529334
-0.07316911 0.2647953 0.022529334
-0.07484913 0.26447266 0.022529334
-0.06980911 0.26510435 0.022529334
-0.071489125 0.26497996 0.022529334
-0.06686193 0.2651391 0.022529334
-0.06812912 0.26504833 0.022529334
-0.066449106 0.26519543 0.022529334
-0.066449106 0.2651391 0.02264309
-0.06476912 0.2651391 0.02346623
-0.06334892 0.2651391 0.02420932
-0.06308913 0.26590568 0.022529334
-0.06476912 0.2655506 0.022529334
-0.06308913 0.26519746 0.02420932
-0.061409116 0.26555967 0.02420932
-0.061409116 0.26629138 0.022529334
-0.05972913 0.26597273 0.02420932
-0.058049113 0.26681912 0.023208767
-0.059258103 0.26681912 0.022529334
-0.05972913 0.2666921 0.022529334
-0.058049113 0.26709884 0.022529334
-0.058049113 0.26639664 0.02420932
-0.08386147 0.2584191 0.032609344
-0.08492911 0.2584191 0.03155324
-0.08492911 0.25802284 0.032609344
-0.08324912 0.25913292 0.030929327
-0.08324912 0.25860536 0.032609344
-0.08492911 0.25861102 0.030929327
-0.07988912 0.25927407 0.032609344
-0.081569105 0.2590046 0.032609344
-0.076529115 0.2600991 0.032311708
-0.07820913 0.2600991 0.031704694
-0.07820913 0.25989074 0.032609344
-0.07316911 0.2600991 0.03197831
-0.07484913 0.2600991 0.03178984
-0.07484913 0.25968444 0.032609344
-0.076529115 0.2599696 0.032609344
-0.07316911 0.25977975 0.032609344
-0.071489125 0.26004583 0.032609344
-0.071489125 0.2600991 0.03250757
-0.07123509 0.2600991 0.032609344
-0.06980911 0.26040637 0.032609344
-0.06812912 0.26071483 0.032609344
-0.066449106 0.26116115 0.032609344
-0.066449106 0.26177913 0.03165418
-0.06476912 0.26180202 0.032609344
-0.06482428 0.26177913 0.032609344
-0.06308913 0.26237136 0.032609344
-0.061409116 0.26345915 0.03135702
-0.059871525 0.26345915 0.032609344
-0.061409116 0.2628917 0.032609344
-0.05972913 0.2635157 0.032609344
-0.11852911 0.24205077 0.037649333
-0.117877394 0.24329913 0.035969347
-0.116849124 0.2438544 0.035969347
-0.116849124 0.24329913 0.037219346
-0.116527736 0.24329913 0.037649333
-0.116849124 0.24307811 0.037649333
-0.11427912 0.24497914 0.037649333
-0.11516911 0.24482286 0.035969347
-0.11516911 0.2443381 0.037649333
-0.111809134 0.24652779 0.035969347
-0.11348912 0.24577177 0.035969347
-0.11348912 0.24539357 0.037649333
-0.114920706 0.24497914 0.035969347
-0.11012912 0.24734795 0.035969347
-0.11154172 0.2466591 0.035969347
-0.11037648 0.2466591 0.037649333
-0.111809134 0.24601841 0.037649333
-0.107430816 0.24833912 0.037649333
-0.10844913 0.24823594 0.035969347
-0.10844913 0.24772125 0.037649333
-0.11012912 0.246782 0.037649333
-0.10508913 0.24980664 0.035969347
-0.106769115 0.24908817 0.035969347
-0.106769115 0.24869531 0.037649333
-0.108263105 0.24833912 0.035969347
-0.10508913 0.24937916 0.037649333
-0.10340911 0.24994153 0.037649333
-0.10340911 0.25001913 0.037367404
-0.104500115 0.25001913 0.035969347
-0.101729125 0.2505594 0.037649333
-0.10340911 0.2503897 0.035969347
-0.10319969 0.25001913 0.037649333
-0.10004911 0.25120896 0.037649333
-0.10004911 0.25169915 0.036436707
-0.100486994 0.25169915 0.035969347
-0.101729125 0.25108004 0.035969347
-0.09836912 0.2527113 0.035969347
-0.10004911 0.2519257 0.035969347
-0.09891051 0.25169915 0.037649333
-0.096689135 0.2533791 0.0366669
-0.097157806 0.2533791 0.035969347
-0.096689135 0.2529816 0.037649333
-0.09836912 0.25196934 0.037649333
-0.09500912 0.2541654 0.037649333
-0.09500912 0.25481987 0.035969347
-0.09613013 0.2533791 0.037649333
-0.096689135 0.25367218 0.035969347
-0.09332913 0.25483698 0.037649333
-0.09332913 0.25505912 0.037106276
-0.09462738 0.25505912 0.035969347
-0.09332913 0.2556367 0.035969347
-0.091649115 0.25505912 0.036875367
-0.091649115 0.25467086 0.037649333
-0.08828911 0.25492197 0.037649333
-0.08996913 0.25505912 0.03654903
-0.08996913 0.25451505 0.037649333
-0.091649115 0.255642 0.035969347
-0.08828911 0.25564426 0.035969347
-0.08828911 0.25505912 0.037366122
-0.08996913 0.25539625 0.035969347
-0.08996913 0.23321915 0.061030954
-0.091649115 0.23321915 0.059897333
-0.091649115 0.2323296 0.061169326
-0.091649115 0.23354769 0.05948934
-0.0923 0.23321915 0.05948934
-0.08996913 0.23454589 0.05948934
-0.08975375 0.23321915 0.061169326
-0.08996913 0.23310179 0.061169326
-0.08828911 0.23410958 0.061169326
-0.08828911 0.2348991 0.06030315
-0.08942637 0.2348991 0.05948934
-0.08710542 0.2348991 0.061169326
-0.08681944 0.23657912 0.05948934
-0.08828911 0.23574126 0.05948934
-0.08492911 0.23657912 0.060993433
-0.086609125 0.23657912 0.059602797
-0.08492911 0.23644334 0.061169326
-0.086609125 0.2352137 0.061169326
-0.086609125 0.23671609 0.05948934
-0.08492911 0.23810995 0.05948934
-0.084785104 0.23657912 0.061169326
-0.08324912 0.2381689 0.061169326
-0.08324912 0.23825914 0.061059475
-0.08477786 0.23825914 0.05948934
-0.081569105 0.2399391 0.060962617
-0.08296299 0.2399391 0.05948934
-0.08315259 0.23825914 0.061169326
-0.08324912 0.23967367 0.05948934
-0.081569105 0.24128985 0.05948934
-0.08138639 0.2399391 0.061169326
-0.081569105 0.23976773 0.061169326
-0.07988912 0.24161911 0.06073755
-0.08123982 0.24161911 0.05948934
-0.07988912 0.24122071 0.061169326
-0.07938969 0.24161911 0.061169326
-0.07938823 0.24329913 0.05948934
-0.07988912 0.24284703 0.05948934
-0.07820913 0.24497914 0.0597682
-0.07838479 0.24497914 0.05948934
-0.07820913 0.24329913 0.060608953
-0.07820913 0.24267381 0.061169326
-0.07760298 0.24329913 0.061169326
-0.07716793 0.24497914 0.061169326
-0.07820913 0.24520886 0.05948934
-0.07667327 0.2466591 0.061169326
-0.07723901 0.2466591 0.05948934
-0.12524912 0.20382679 0.066209346
-0.12524912 0.20297915 0.06689954
-0.12451118 0.20297915 0.06788933
-0.12356913 0.20396978 0.06788933
-0.12356913 0.2046591 0.06714788
-0.12462753 0.2046591 0.066209346
-0.121889114 0.20633912 0.067165166
-0.12299642 0.20633912 0.066209346
-0.12285882 0.2046591 0.06788933
-0.12356913 0.20574969 0.066209346
-0.121889114 0.20791447 0.066209346
-0.12125778 0.20633912 0.06788933
-0.121889114 0.20563847 0.06788933
-0.12020913 0.20801914 0.06779432
-0.1218209 0.20801914 0.066209346
-0.12020913 0.2078954 0.06788933
-0.11868784 0.2096991 0.06788933
-0.120126665 0.20801914 0.06788933
-0.12020913 0.2096991 0.06634116
-0.120345175 0.2096991 0.066209346
-0.11852911 0.21130937 0.066209346
-0.12020913 0.20981795 0.066209346
-0.11701006 0.21137911 0.06788933
-0.116849124 0.21305913 0.06633791
-0.11846107 0.21137911 0.066209346
-0.11852911 0.20984942 0.06788933
-0.116849124 0.21319598 0.066209346
-0.11696833 0.21305913 0.066209346
-0.115543246 0.21305913 0.06788933
-0.116849124 0.21154839 0.06788933
-0.11516911 0.21360457 0.06788933
-0.11516911 0.21473914 0.066811085
-0.11560893 0.21473914 0.066209346
-0.1143091 0.2164191 0.066209346
-0.11516911 0.2153045 0.066209346
-0.11436877 0.21473914 0.06788933
-0.11348912 0.21757132 0.066209346
-0.11348912 0.2164191 0.06727621
-0.11295557 0.2164191 0.06788933
-0.11348912 0.21579719 0.06788933
-0.111809134 0.21782178 0.06788933
-0.111809134 0.21809912 0.06763956
-0.11309627 0.21809912 0.066209346
-0.1115503 0.21809912 0.06788933
-0.11130816 0.21977913 0.066209346
-0.111809134 0.21936983 0.066209346
-0.11012912 0.22079128 0.066209346
-0.11012912 0.21977913 0.06732383
-0.10959318 0.21977913 0.06788933
-0.11012912 0.21931922 0.06788933
-0.10844913 0.22067851 0.06788933
-0.10844913 0.22145915 0.06696054
-0.109328896 0.22145915 0.066209346
-0.107324034 0.22145915 0.06788933
-0.10844913 0.22211432 0.066209346
-0.106769115 0.2218352 0.06788933
-0.079677254 0.2399391 0.06284934
-0.07988912 0.2399391 0.06267995
-0.07820913 0.24161911 0.062213838
-0.07820913 0.24100631 0.06284934
-0.076529115 0.24329913 0.062106043
-0.07749948 0.24161911 0.06284934
-0.076529115 0.24497914 0.061858386
-0.07550433 0.24329913 0.06284934
-0.076529115 0.24243385 0.06284934
-0.076529115 0.2466591 0.061561197
-0.075201124 0.24497914 0.06284934
-0.07690081 0.24833912 0.061169326
-0.076529115 0.24833912 0.062378794
-0.07586536 0.2466591 0.06284934
-0.077314556 0.25001913 0.061169326
-0.076529115 0.25001913 0.06222856
-0.07635531 0.24833912 0.06284934
-0.06980911 0.24977583 0.06284934
-0.071489125 0.25001913 0.0626761
-0.071489125 0.24990356 0.06284934
-0.07592985 0.25001913 0.06284934
-0.06476912 0.25001913 0.062006682
-0.066449106 0.25001913 0.06274885
-0.066449106 0.24992704 0.06284934
-0.06980911 0.25001913 0.06251603
-0.061409116 0.24907517 0.06284934
-0.06308913 0.25001913 0.061739773
-0.06308913 0.24941027 0.06284934
-0.06476912 0.24949086 0.06284934
-0.05972913 0.24893552 0.06284934
-0.05972913 0.25000054 0.061169326
-0.061136603 0.25001913 0.061169326
-0.061409116 0.25001913 0.06128192
-0.056369126 0.24931896 0.06284934
-0.058049113 0.25001913 0.06154391
-0.058049113 0.24906534 0.06284934
-0.059538573 0.25001913 0.061169326
-0.053009123 0.24988818 0.06284934
-0.05468911 0.25001913 0.062071383
-0.05468911 0.24955606 0.06284934
-0.056369126 0.25001913 0.061887175
-0.076529115 0.25084168 0.061169326
-0.053009123 0.25001913 0.062607765
-0.07484913 0.25169384 0.061169326
-0.08324912 0.23274893 0.06788933
-0.08324912 0.23321915 0.06700954
-0.08257407 0.23321915 0.06788933
-0.081569105 0.2348991 0.06659031
-0.081569105 0.23401845 0.06788933
-0.07988912 0.23534256 0.06788933
-0.08042231 0.2348991 0.06788933
-0.078223646 0.23657912 0.06788933
-0.076529115 0.23825914 0.067475736
-0.076529115 0.2379756 0.06788933
-0.07820913 0.23658961 0.06788933
-0.076254755 0.23825914 0.06788933
-0.07484913 0.23994285 0.06788933
-0.07316911 0.24067938 0.06788933
-0.074852675 0.2399391 0.06788933
-0.071489125 0.24127454 0.06788933
-0.071489125 0.24161911 0.06753984
-0.07316911 0.24161911 0.06666231
-0.07068935 0.24161911 0.06788933
-0.06980911 0.24208081 0.06788933
-0.06980911 0.24329913 0.066857904
-0.06812912 0.24348098 0.06788933
-0.06812912 0.24497914 0.066909105
-0.0683023 0.24329913 0.06788933
-0.06812912 0.2466591 0.06622645
-0.066449106 0.24612266 0.06788933
-0.066449106 0.2466591 0.06774825
-0.06683624 0.24497914 0.06788933
-0.06618127 0.2466591 0.06788933
-0.06476912 0.24691474 0.06788933
-0.09705925 0.23321915 0.057809323
-0.09836912 0.2343176 0.056129336
-0.09836912 0.23321915 0.05739194
-0.09836912 0.23288685 0.057809323
-0.096689135 0.23332423 0.057809323
-0.09500912 0.23375994 0.057809323
-0.09628904 0.2348991 0.056129336
-0.096689135 0.23477942 0.056129336
-0.09332913 0.23436153 0.057809323
-0.09332913 0.2348991 0.057263374
-0.09500912 0.2348991 0.056567222
-0.09500912 0.23535311 0.056129336
-0.09220332 0.2348991 0.057809323
-0.09252131 0.23657912 0.056129336
-0.09332913 0.23611706 0.056129336
-0.08996913 0.23640239 0.057809323
-0.091649115 0.23657912 0.05658579
-0.091649115 0.23520863 0.057809323
-0.08996913 0.23813254 0.056129336
-0.08996913 0.23657912 0.05764246
-0.091649115 0.23716384 0.056129336
-0.08974579 0.23657912 0.057809323
-0.08828911 0.23825914 0.057142258
-0.089772254 0.23825914 0.056129336
-0.0873301 0.23825914 0.057809323
-0.08828911 0.23914349 0.056129336
-0.08828911 0.23762596 0.057809323
-0.08492911 0.2399391 0.057759255
-0.086609125 0.2399391 0.056463927
-0.086609125 0.2387175 0.057809323
-0.087053895 0.2399391 0.056129336
-0.08493489 0.24161911 0.056129336
-0.086609125 0.24026781 0.056129336
-0.08492911 0.24161911 0.056134045
-0.08492911 0.23988968 0.057809323
-0.08486962 0.2399391 0.057809323
-0.08492911 0.24162418 0.056129336
-0.08324912 0.24307871 0.056129336
-0.08324912 0.24161911 0.057561338
-0.08296895 0.24161911 0.057809323
-0.08324912 0.24136543 0.057809323
-0.081569105 0.24329913 0.05730924
-0.0829719 0.24329913 0.056129336
-0.081071824 0.24329913 0.057809323
-0.07988912 0.24468184 0.057809323
-0.081569105 0.24464494 0.056129336
-0.081569105 0.24284172 0.057809323
-0.07964778 0.24497914 0.057809323
-0.07988912 0.24497914 0.057541102
-0.08127737 0.24497914 0.056129336
-0.07980633 0.2466591 0.056129336
-0.07988912 0.24659073 0.056129336
-0.07820913 0.2466591 0.05741775
-0.07820913 0.24756718 0.056129336
-0.07820913 0.24635464 0.057809323
-0.100295305 0.22145915 0.07292935
-0.10004911 0.2215842 0.07292935
-0.09836912 0.22222304 0.07292935
-0.098780304 0.2231391 0.071249336
-0.10004911 0.22291648 0.071249336
-0.095852494 0.2231391 0.07292935
-0.096689135 0.2231391 0.07235348
-0.096689135 0.22282732 0.07292935
-0.09836912 0.2231391 0.0713487
-0.096689135 0.22372419 0.071249336
-0.09836912 0.2231974 0.071249336
-0.09332913 0.22479033 0.071249336
-0.09500912 0.22428471 0.071249336
-0.09332913 0.22396445 0.07292935
-0.09500912 0.22344166 0.07292935
-0.091649115 0.22542757 0.071249336
-0.09324336 0.22481912 0.071249336
-0.091649115 0.22481912 0.07243827
-0.091649115 0.22459102 0.07292935
-0.08996913 0.22554582 0.07292935
-0.08996913 0.22628444 0.071249336
-0.09120631 0.22481912 0.07292935
-0.08818406 0.22649914 0.07292935
-0.08828911 0.22649914 0.07276711
-0.08828911 0.22643638 0.07292935
-0.08958992 0.22649914 0.071249336
-0.086609125 0.22739512 0.07292935
-0.086609125 0.2281791 0.07146144
-0.08828911 0.22724897 0.071249336
-0.08524406 0.2281791 0.07292935
-0.08492911 0.2294268 0.071249336
-0.086609125 0.22830707 0.071249336
-0.08679864 0.2281791 0.071249336
-0.08492911 0.22838575 0.07292935
-0.08324912 0.22985911 0.07233718
-0.08427578 0.22985911 0.071249336
-0.08274418 0.22985911 0.07292935
-0.081569105 0.23089647 0.07292935
-0.08324912 0.2306909 0.071249336
-0.08324912 0.22949404 0.07292935
-0.081569105 0.23200923 0.071249336
-0.082200915 0.23153913 0.071249336
-0.081569105 0.23153913 0.07197711
-0.07988912 0.23205388 0.07292935
-0.07993266 0.23321915 0.071249336
-0.08072457 0.23153913 0.07292935
-0.07988912 0.23325127 0.071249336
-0.07988912 0.23321915 0.07129195
-0.07820913 0.23304355 0.07292935
-0.07820913 0.23321915 0.07271519
-0.07820913 0.2343741 0.071249336
-0.04964912 0.23657912 0.081623465
-0.047969103 0.23657912 0.08183029
-0.051329106 0.23657912 0.08140603
-0.046289116 0.23657912 0.08204493
-0.04460913 0.23657912 0.08230236
-0.10723278 0.20633912 0.08468935
-0.10844913 0.20633912 0.0832828
-0.10844913 0.20525259 0.08468935
-0.106769115 0.20801914 0.08331165
-0.10703686 0.20801914 0.08300933
-0.10844913 0.20656133 0.08300933
-0.10867119 0.20633912 0.08300933
-0.1055488 0.20801914 0.08468935
-0.106769115 0.20831752 0.08300933
-0.106769115 0.20676625 0.08468935
-0.10508913 0.21002316 0.08300933
-0.10545227 0.2096991 0.08300933
-0.10508913 0.2096991 0.083402544
-0.10508913 0.20850706 0.08468935
-0.10340911 0.21137911 0.083031505
-0.103431195 0.21137911 0.08300933
-0.10340911 0.21004057 0.08468935
-0.103818744 0.2096991 0.08468935
-0.101934016 0.21137911 0.08468935
-0.101729125 0.21273649 0.08300933
-0.10340911 0.21139807 0.08300933
-0.101305544 0.21305913 0.08300933
-0.10026559 0.21305913 0.08468935
-0.101729125 0.21157902 0.08468935
-0.09836912 0.21473914 0.08398047
-0.098983645 0.21473914 0.08300933
-0.10004911 0.2139715 0.08300933
-0.10004911 0.2132594 0.08468935
-0.09789726 0.21473914 0.08468935
-0.096689135 0.21544826 0.08468935
-0.09836912 0.21445066 0.08468935
-0.09836912 0.21519583 0.08300933
-0.09500912 0.2164191 0.08459392
-0.096689135 0.2164191 0.08305803
-0.09673247 0.2164191 0.08300933
-0.09500912 0.21751565 0.08300933
-0.096689135 0.21644938 0.08300933
-0.09486312 0.2164191 0.08468935
-0.09500912 0.21634644 0.08468935
-0.09332913 0.21744174 0.08468935
-0.0942508 0.21809912 0.08300933
-0.09250662 0.21809912 0.08468935
-0.091649115 0.21930057 0.08300933
-0.09332913 0.21809912 0.08404055
-0.09332913 0.21888793 0.08300933
-0.091649115 0.21847618 0.08468935
-0.08996913 0.21863091 0.08468935
-0.08996913 0.2194848 0.08300933
-0.087002605 0.21977913 0.08468935
-0.08828911 0.21977913 0.08352229
-0.08828911 0.21911287 0.08468935
-0.089009136 0.21977913 0.08300933
-0.086609125 0.22004336 0.08468935
-0.086609125 0.22102988 0.08300933
-0.08828911 0.22010559 0.08300933
-0.08592957 0.22145915 0.08300933
-0.08492911 0.22145915 0.08440313
-0.08492911 0.22132766 0.08468935
-0.14019844 0.23825914 0.02420932
-0.13868913 0.23932773 0.02420932
-0.14036912 0.23923361 0.022529334
-0.13771343 0.2399391 0.02420932
-0.13868913 0.2399391 0.023216486
-0.13868913 0.24030727 0.022529334
-0.13929671 0.2399391 0.022529334
-0.13700911 0.24037778 0.02420932
-0.13639125 0.24161911 0.022529334
-0.13700911 0.24126524 0.022529334
-0.13474563 0.24161911 0.02420932
-0.13532913 0.24161911 0.023718953
-0.13532913 0.24132097 0.02420932
-0.13532913 0.24214613 0.022529334
-0.13364911 0.24209857 0.02420932
-0.1324817 0.24329913 0.022529334
-0.13364911 0.2428549 0.022529334
-0.13196912 0.24329913 0.022970319
-0.13196912 0.2434699 0.022529334
-0.13028911 0.24387848 0.022529334
-0.13028911 0.24329913 0.024124116
-0.12860912 0.24417984 0.022529334
-0.12524912 0.24497914 0.02286601
-0.12553295 0.24497914 0.022529334
-0.12692913 0.24459213 0.022529334
-0.12356913 0.2454142 0.022529334
-0.12524912 0.24505526 0.022529334
-0.121889114 0.2458033 0.022529334
-0.116849124 0.2469675 0.022529334
-0.11516911 0.24740177 0.022529334
-0.116849124 0.23714155 0.046049327
-0.11852911 0.23657912 0.044964522
-0.11852911 0.2373386 0.04436934
-0.11910805 0.23657912 0.04436934
-0.11542836 0.23825914 0.046049327
-0.116849124 0.23825914 0.04506913
-0.11764741 0.23825914 0.04436934
-0.11516911 0.23842335 0.046049327
-0.11516911 0.23991168 0.04436934
-0.116849124 0.23879856 0.04436934
-0.11300948 0.2399391 0.046049327
-0.11348912 0.2399391 0.045702666
-0.11348912 0.23959452 0.046049327
-0.115132034 0.2399391 0.04436934
-0.111809134 0.24076784 0.046049327
-0.11288184 0.24161911 0.04436934
-0.11348912 0.2411784 0.04436934
-0.11036736 0.24161911 0.046049327
-0.111809134 0.2423243 0.04436934
-0.111809134 0.24161911 0.045200378
-0.10844913 0.24329913 0.045411855
-0.11012912 0.24329913 0.04458499
-0.11012912 0.24175113 0.046049327
-0.11039397 0.24329913 0.04436934
-0.105769604 0.24329913 0.046049327
-0.106769115 0.24329913 0.045740545
-0.106769115 0.24291807 0.046049327
-0.10844913 0.24241054 0.046049327
-0.106769115 0.24497914 0.044370323
-0.11012912 0.24348521 0.04436934
-0.10844913 0.24456817 0.04436934
-0.10508913 0.24497914 0.044845015
-0.10677531 0.24497914 0.04436934
-0.106769115 0.24498028 0.04436934
-0.10508913 0.24551016 0.04436934
-0.10508913 0.24355167 0.046049327
-0.101729125 0.24497914 0.045526803
-0.10340911 0.24497914 0.045311213
-0.101729125 0.24424815 0.046049327
-0.10340911 0.2439413 0.046049327
-0.10340911 0.24594289 0.04436934
-0.101729125 0.2463308 0.04436934
-0.10004911 0.2466591 0.044620365
-0.10075694 0.2466591 0.04436934
-0.10004911 0.24497914 0.0460155
-0.09996396 0.24497914 0.046049327
-0.10004911 0.24493825 0.046049327
-0.09836912 0.24576986 0.046049327
-0.10004911 0.24692357 0.04436934
-0.09836912 0.2476651 0.04436934
-0.09836912 0.2466591 0.045325875
-0.096689135 0.2482782 0.04436934
-0.096689135 0.2466591 0.045900255
-0.0962069 0.2466591 0.046049327
-0.096689135 0.24645793 0.046049327
-0.09500912 0.24833912 0.04487279
-0.0965012 0.24833912 0.04436934
-0.09500912 0.24875641 0.04436934
-0.09500912 0.24710047 0.046049327
-0.12526166 0.19121909 0.081329316
-0.12692913 0.19082898 0.07964936
-0.12692913 0.18976235 0.081329316
-0.12719643 0.18953913 0.081329316
-0.12851042 0.18953913 0.07964936
-0.12860912 0.18945462 0.07964936
-0.12524912 0.19123167 0.081329316
-0.12524912 0.19247198 0.07964936
-0.12648454 0.19121909 0.07964936
-0.042929113 0.22658747 0.096449345
-0.04329878 0.22649914 0.096449345
-0.042929113 0.22649914 0.0966008
-0.041249126 0.22700632 0.096449345
-0.12860912 0.24263018 0.027569324
-0.13028911 0.24196512 0.027569324
-0.12692913 0.24329913 0.027430952
-0.13106766 0.24161911 0.027569324
-0.13196912 0.24161911 0.026687354
-0.13196912 0.24117535 0.027569324
-0.12524912 0.24387515 0.027569324
-0.12356913 0.24441117 0.027569324
-0.12692913 0.24326265 0.027569324
-0.12683767 0.24329913 0.027569324
-0.12020913 0.24566662 0.027569324
-0.121889114 0.24499887 0.027569324
-0.11852911 0.24617976 0.027569324
-0.12193808 0.24497914 0.027569324
-0.116849124 0.2466591 0.02704817
-0.11658779 0.2466591 0.027569324
-0.11516911 0.24708563 0.027569324
-0.116849124 0.24658209 0.027569324
-0.11199525 0.24833912 0.027569324
-0.111809134 0.24842292 0.027569324
-0.11012912 0.24912995 0.027569324
-0.11348912 0.24769717 0.027569324
-0.10791534 0.25001913 0.027569324
-0.106769115 0.25049782 0.027569324
-0.10508913 0.25121224 0.027569324
-0.10844913 0.24979645 0.027569324
-0.101729125 0.2525776 0.027569324
-0.10340911 0.25191742 0.027569324
-0.10004911 0.25323838 0.027569324
-0.10392144 0.25169915 0.027569324
-0.09836912 0.25404644 0.027569324
-0.096689135 0.25479096 0.027569324
-0.09609324 0.25505912 0.027569324
-0.09975889 0.2533791 0.027569324
-0.13532913 0.22636688 0.041009337
-0.13532913 0.22649914 0.04092163
-0.13700911 0.22649914 0.039780498
-0.13518855 0.22649914 0.041009337
-0.13532913 0.2281791 0.03982219
-0.13364998 0.2281791 0.041009337
-0.13364911 0.22985911 0.03994754
-0.13196912 0.23153913 0.03980583
-0.13196912 0.22985911 0.040990353
-0.13364911 0.22818011 0.041009337
-0.13196912 0.2298305 0.041009337
-0.13028911 0.23097336 0.041009337
-0.13028911 0.23153913 0.040582716
-0.12938046 0.23153913 0.041009337
-0.13028911 0.23321915 0.039527684
-0.13193426 0.22985911 0.041009337
-0.12704843 0.23321915 0.041009337
-0.12860912 0.23321915 0.040226817
-0.12860912 0.23207527 0.041009337
-0.12524912 0.23465663 0.041009337
-0.12692913 0.2348991 0.039865315
-0.12692913 0.23330975 0.041009337
-0.12524912 0.2348991 0.040827483
-0.12524912 0.23657912 0.039516866
-0.07988912 0.25505912 0.041680664
-0.080269456 0.25505912 0.041009337
-0.07820913 0.25603133 0.041009337
-0.07988912 0.25524282 0.041009337
-0.07484913 0.2584191 0.042462826
-0.06812912 0.2584191 0.041749984
-0.071489125 0.2600991 0.04248932
-0.056369126 0.2600991 0.041612357
-0.05468911 0.2600991 0.04247591
-0.1047315 0.23825914 0.051089346
-0.10340911 0.2385754 0.051089346
-0.104478925 0.2399391 0.04940933
-0.10340911 0.2399391 0.04969433
-0.101729125 0.2399391 0.05014935
-0.101729125 0.23893678 0.051089346
-0.10508913 0.23825914 0.05099511
-0.10508913 0.23816282 0.051089346
-0.10340911 0.24021095 0.04940933
-0.101729125 0.24069571 0.04940933
-0.10004911 0.2412889 0.04940933
-0.10004911 0.2399391 0.050677806
-0.10004911 0.23938781 0.051089346
-0.09836912 0.2399391 0.05104354
-0.09836912 0.2398684 0.051089346
-0.09836912 0.24187887 0.04940933
-0.0991461 0.24161911 0.04940933
-0.09836912 0.24161911 0.049673617
-0.09768909 0.2399391 0.051089346
-0.096689135 0.24161911 0.050022513
-0.096689135 0.24228555 0.04940933
-0.09500912 0.24270636 0.04940933
-0.09500912 0.24161911 0.050325513
-0.09332913 0.24148995 0.051089346
-0.09500912 0.24057257 0.051089346
-0.096689135 0.24004894 0.051089346
-0.09376553 0.24329913 0.04940933
-0.09307581 0.24161911 0.051089346
-0.09332913 0.24329913 0.049605757
-0.09332913 0.24161911 0.05098188
-0.091649115 0.24329913 0.05031213
-0.091649115 0.24429852 0.04940933
-0.0904457 0.24497914 0.04940933
-0.08996913 0.24497914 0.049654365
-0.09332913 0.24350554 0.04940933
-0.08996913 0.24530524 0.04940933
-0.08828911 0.24646586 0.04940933
-0.08828911 0.24497914 0.05062166
-0.086609125 0.2466591 0.050253958
-0.086609125 0.24754298 0.04940933
-0.08510843 0.24833912 0.04940933
-0.08492911 0.24833912 0.04951054
-0.08802399 0.2466591 0.04940933
-0.08324912 0.24925023 0.04940933
-0.08324912 0.24833912 0.050469846
-0.08492911 0.24843174 0.04940933
-0.081569105 0.24993867 0.04940933
-0.061409116 0.24524939 0.06788933
-0.05972913 0.24541044 0.06788933
-0.06110558 0.2466591 0.066209346
-0.05972913 0.24649632 0.066209346
-0.058630317 0.2466591 0.066209346
-0.058049113 0.24613559 0.06788933
-0.06308913 0.2458672 0.06788933
-0.06308913 0.2466591 0.06753075
-0.06379655 0.2466591 0.06788933
-0.061409116 0.2466591 0.06636354
-0.06308913 0.24813515 0.066209346
-0.061409116 0.24682468 0.066209346
-0.058049113 0.24683899 0.066209346
-0.058049113 0.2466591 0.066648155
-0.056369126 0.2473706 0.066209346
-0.05616519 0.2466591 0.06788933
-0.056369126 0.2466591 0.06780967
-0.05468911 0.24694914 0.06788933
-0.05468911 0.24775487 0.066209346
-0.056369126 0.24661672 0.06788933
-0.051329106 0.24768454 0.06788933
-0.051329106 0.24833912 0.066541195
-0.052033067 0.24833912 0.066209346
-0.051329106 0.24849999 0.066209346
-0.04964912 0.24833912 0.06777763
-0.04964912 0.24827737 0.06788933
-0.053009123 0.2473979 0.06788933
-0.053009123 0.24813354 0.066209346
-0.049510896 0.24833912 0.06788933
-0.04964912 0.2490055 0.066209346
-0.08324912 0.2600991 0.027787477
-0.076529115 0.26177913 0.02780065
-0.07484913 0.26177913 0.028402567
-0.07316911 0.26177913 0.02904281
-0.06308913 0.26438284 0.027569324
-0.059042633 0.2651391 0.027569324
-0.05972913 0.26494294 0.027569324
-0.058049113 0.26543343 0.027569324
-0.061409116 0.26450706 0.027569324
-0.08492911 0.2572139 0.03428933
-0.08324912 0.257838 0.03428933
-0.08324912 0.2584191 0.033073366
-0.081569105 0.2584191 0.03375289
-0.07988912 0.2584191 0.03392434
-0.081569105 0.2580654 0.03428933
-0.07988912 0.2581637 0.03428933
-0.07869628 0.2584191 0.03428933
-0.07820913 0.2585827 0.03428933
-0.076529115 0.25886565 0.03428933
-0.07316911 0.25909323 0.03428933
-0.071489125 0.25929677 0.03428933
-0.06980911 0.2600991 0.03317991
-0.07484913 0.25895262 0.03428933
-0.06812912 0.2600991 0.033654988
-0.06648618 0.2600991 0.03428933
-0.06980911 0.25953722 0.03428933
-0.06812912 0.2597528 0.03428933
-0.06476912 0.26177913 0.03264323
-0.06308913 0.26148242 0.03428933
-0.06476912 0.26073444 0.03428933
-0.06308913 0.26177913 0.033786267
-0.066449106 0.26010996 0.03428933
-0.06230524 0.26177913 0.03428933
-0.061409116 0.26207966 0.03428933
-0.05972913 0.2626236 0.03428933
-0.05972913 0.26345915 0.032723814
-0.058049113 0.26327777 0.03428933
-0.083847046 0.22481912 0.07964936
-0.08324912 0.2251097 0.07964936
-0.08324912 0.22617441 0.07796934
-0.0826776 0.22649914 0.07796934
-0.081569105 0.22608268 0.07964936
-0.081569105 0.22649914 0.07898483
-0.08492911 0.22481912 0.07847127
-0.08492911 0.22421116 0.07964936
-0.08492911 0.22508979 0.07796934
-0.07988912 0.22716177 0.07964936
-0.07988912 0.22800827 0.07796934
-0.081569105 0.22710931 0.07796934
-0.07958302 0.2281791 0.07796934
-0.07820913 0.2281791 0.079369694
-0.07820913 0.22802073 0.07964936
-0.080981374 0.22649914 0.07964936
-0.076529115 0.22898293 0.07964936
-0.07680893 0.22985911 0.07796934
-0.07820913 0.22900021 0.07796934
-0.076529115 0.22985911 0.07825044
-0.075005025 0.22985911 0.07964936
-0.076529115 0.23005235 0.07796934
-0.07791659 0.2281791 0.07964936
-0.07316911 0.23080891 0.07964936
-0.07316911 0.23153913 0.078787714
-0.07484913 0.23114681 0.07796934
-0.07424581 0.23153913 0.07796934
-0.071906745 0.23153913 0.07964936
-0.07316911 0.23232567 0.07796934
-0.07484913 0.22994602 0.07964936
-0.071489125 0.2333914 0.07796934
-0.071798325 0.23321915 0.07796934
-0.071489125 0.23321915 0.07815513
-0.06980911 0.23260933 0.07964936
-0.071489125 0.2317872 0.07964936
-0.06980911 0.23321915 0.078965396
-0.06836057 0.23321915 0.07964936
-0.06812912 0.2348991 0.07816282
-0.068505555 0.2348991 0.07796934
-0.06812912 0.2333306 0.07964936
-0.06812912 0.23507887 0.07796934
-0.066449106 0.2348991 0.078998536
-0.06980911 0.23422241 0.07796934
-0.0648998 0.2348991 0.07964936
-0.06535131 0.23657912 0.07796934
-0.066449106 0.23594505 0.07796934
-0.06476912 0.23657912 0.07830837
-0.06476912 0.23496377 0.07964936
-0.066449106 0.23417157 0.07964936
-0.06308913 0.23657912 0.07908228
-0.06308913 0.23582017 0.07964936
-0.06476912 0.2370463 0.07796934
-0.102405936 0.2096991 0.086369365
-0.101729125 0.21032178 0.086369365
-0.101729125 0.21137911 0.08496079
-0.10340911 0.2096991 0.08515081
-0.100494325 0.21137911 0.086369365
-0.10004911 0.21183765 0.086369365
-0.10004911 0.21305913 0.08502677
-0.09873724 0.21305913 0.086369365
-0.09836912 0.21334767 0.086369365
-0.096689135 0.21428502 0.086369365
-0.096689135 0.21473914 0.085769445
-0.09581563 0.21473914 0.086369365
-0.09500912 0.21512705 0.086369365
-0.09332913 0.21581888 0.086369365
-0.09332913 0.2164191 0.0855684
-0.091968566 0.2164191 0.086369365
-0.091649115 0.21809912 0.08515051
-0.08996913 0.21735358 0.086369365
-0.091649115 0.21662366 0.086369365
-0.08996913 0.21809912 0.08546707
-0.08828911 0.21808755 0.086369365
-0.08828911 0.21809912 0.08635196
-0.08827028 0.21809912 0.086369365
-0.086609125 0.21916568 0.086369365
-0.086609125 0.21977913 0.08515397
-0.08492911 0.22048235 0.086369365
-0.083776414 0.22145915 0.086369365
-0.084744066 0.22145915 0.08468935
-0.08572996 0.21977913 0.086369365
-0.08324912 0.22235894 0.08468935
-0.081569105 0.22289163 0.086369365
-0.08324912 0.22180271 0.086369365
-0.0469988 0.22985911 0.08972934
-0.047969103 0.22985911 0.08958277
-0.047969103 0.2297805 0.08972934
-0.04964912 0.22991514 0.08972934
-0.051329106 0.23073375 0.08804932
-0.051329106 0.22995621 0.08972934
-0.04964912 0.23070443 0.08804932
-0.04943177 0.22985911 0.08972934
-0.046289116 0.22998703 0.08972934
-0.046289116 0.23091573 0.08804932
-0.04460913 0.23128784 0.08804932
-0.04460913 0.2303279 0.08972934
-0.043638498 0.23153913 0.08804932
-0.047969103 0.23071545 0.08804932
-0.042929113 0.23175377 0.08804932
-0.042929113 0.23153913 0.08837345
-0.042929113 0.23070389 0.08972934
-0.041249126 0.23153913 0.08922896
-0.041249126 0.2312175 0.08972934
-0.12572062 0.1794591 0.096449345
-0.12524912 0.18113911 0.09531662
-0.12565416 0.18113911 0.09476933
-0.12524912 0.18009627 0.096449345
-0.12356913 0.18200654 0.096449345
-0.12356913 0.18281913 0.095374554
-0.1225875 0.18281913 0.096449345
-0.121889114 0.18340737 0.096449345
-0.12443814 0.18113911 0.096449345
-0.12072945 0.18449914 0.096449345
-0.12020913 0.1849528 0.096449345
-0.11870289 0.1861791 0.096449345
-0.116900206 0.18785912 0.096449345
-0.116849124 0.18790746 0.096449345
-0.11516911 0.18953913 0.09629354
-0.11852911 0.18633324 0.096449345
-0.11348912 0.19103116 0.096449345
-0.11348912 0.19121909 0.096239895
-0.11328718 0.19121909 0.096449345
-0.11516911 0.18942225 0.096449345
-0.11503592 0.18953913 0.096449345
-0.111809134 0.19259363 0.096449345
-0.111809134 0.19289911 0.096082896
-0.1114949 0.19289911 0.096449345
-0.11012912 0.19457912 0.096187025
-0.10992247 0.19457912 0.096449345
-0.108512044 0.19625914 0.096449345
-0.11012912 0.19434792 0.096449345
-0.091649115 0.24833912 0.046190828
-0.09193355 0.24833912 0.046049327
-0.091649115 0.2466591 0.04763475
-0.09500912 0.2466591 0.04641971
-0.09332913 0.24767292 0.046049327
-0.09332913 0.2466591 0.04696974
-0.088327765 0.24833912 0.047729343
-0.08996913 0.24833912 0.046951026
-0.08996913 0.24745297 0.047729343
-0.09142572 0.2466591 0.047729343
-0.091649115 0.24853492 0.046049327
-0.08996913 0.24938369 0.046049327
-0.091649115 0.24652171 0.047729343
-0.086609125 0.2491172 0.047729343
-0.086609125 0.25001913 0.046630383
-0.08810803 0.25001913 0.046049327
-0.08828911 0.24835765 0.047729343
-0.08492911 0.24991429 0.047729343
-0.08492911 0.25001913 0.04760173
-0.08828911 0.24996507 0.046049327
-0.08469507 0.25001913 0.047729343
-0.08324912 0.2505285 0.047729343
-0.08492911 0.25105864 0.046049327
-0.08257803 0.25169915 0.046049327
-0.08324912 0.2514761 0.046049327
-0.086609125 0.25046873 0.046049327
-0.07988912 0.2532639 0.046049327
-0.081569105 0.25213367 0.046049327
-0.081569105 0.25169915 0.046684057
-0.080016166 0.25169915 0.047729343
-0.078314364 0.2533791 0.047729343
-0.07988912 0.25177932 0.047729343
-0.081569105 0.25104624 0.047729343
-0.078677 0.25505912 0.047729343
-0.07820913 0.2566632 0.047729343
-0.07820913 0.25673914 0.047654837
-0.07857233 0.25673914 0.046049327
-0.078174144 0.25673914 0.047729343
-0.07820913 0.25708658 0.046049327
-0.07978395 0.2533791 0.046049327
-0.07948077 0.25505912 0.046049327
-0.08324912 0.25001913 0.048458785
-0.081569105 0.25001913 0.049296945
-0.07988912 0.25169915 0.047812402
-0.07820913 0.25169915 0.048822492
-0.07820913 0.2533791 0.047828346
-0.076529115 0.2533791 0.049203604
-0.07820913 0.25505912 0.048401386
-0.07484913 0.25938606 0.047729343
-0.076529115 0.2584191 0.047911495
-0.076529115 0.25845075 0.047729343
-0.07657525 0.2584191 0.047729343
-0.071489125 0.26057976 0.047729343
-0.07316911 0.2600991 0.04860252
-0.07316911 0.26024723 0.047729343
-0.0735378 0.2600991 0.047729343
-0.06476912 0.25775284 0.047729343
-0.066449106 0.2584191 0.048519194
-0.065907866 0.2584191 0.047729343
-0.069108546 0.2600991 0.047729343
-0.06980911 0.2600991 0.048395336
-0.06812912 0.25959003 0.047729343
-0.06980911 0.2603417 0.047729343
-0.066449106 0.25874734 0.047729343
-0.05972913 0.25648183 0.047729343
-0.061409116 0.25650895 0.047729343
-0.058354378 0.25673914 0.047729343
-0.06308913 0.25673914 0.048432767
-0.062297106 0.25673914 0.047729343
-0.058049113 0.25673914 0.04793048
-0.07776067 0.25001913 0.05948934
-0.07729253 0.24833912 0.057809323
-0.07730967 0.24833912 0.05948934
-0.076529115 0.2510991 0.05948934
-0.07732317 0.25001913 0.057809323
-0.0779109 0.2466591 0.057809323
-0.071489125 0.25112152 0.05948934
-0.07316911 0.2509269 0.057809323
-0.07316911 0.25131404 0.05948934
-0.07484913 0.25099355 0.057809323
-0.06980911 0.25102103 0.057809323
-0.071489125 0.25088024 0.057809323
-0.07484913 0.25145745 0.05948934
-0.076529115 0.2507295 0.057809323
-0.06476912 0.25138593 0.057809323
-0.066449106 0.25119013 0.057809323
-0.066449106 0.25095338 0.05948934
-0.06812912 0.25114816 0.057809323
-0.06476912 0.25083613 0.05948934
-0.06330711 0.25169915 0.057809323
-0.06980911 0.25111812 0.05948934
-0.06812912 0.25108778 0.05948934
-0.061409116 0.25185782 0.057809323
-0.06308913 0.25169915 0.057879478
-0.061409116 0.25169915 0.058052212
-0.06308913 0.2517439 0.057809323
-0.05972913 0.25094867 0.05948934
-0.061409116 0.25088322 0.05948934
-0.06308913 0.2508697 0.05948934
-0.058049113 0.25207812 0.057809323
-0.05972913 0.25169915 0.058064252
-0.058049113 0.25169915 0.0585531
-0.05972913 0.25184876 0.057809323
-0.056369126 0.25169915 0.05904469
-0.058049113 0.25123662 0.05948934
-0.05468911 0.2526065 0.057809323
-0.05468911 0.25169915 0.059245408
-0.056369126 0.2523769 0.057809323
-0.053009123 0.25169915 0.059447408
-0.05468911 0.25154394 0.05948934
-0.056369126 0.25145262 0.05948934
-0.052834064 0.25169915 0.05948934
-0.051329106 0.25197506 0.05948934
-0.053009123 0.25280923 0.057809323
-0.051329106 0.25299275 0.057809323
-0.053009123 0.25167203 0.05948934
-0.10844913 0.2231391 0.06510571
-0.10508913 0.22481912 0.06551716
-0.101729125 0.22649914 0.064977735
-0.103010416 0.22649914 0.06452933
-0.10004911 0.22649914 0.06570783
-0.10340911 0.22638518 0.06452933
-0.09836912 0.22769135 0.06452933
-0.10004911 0.22726727 0.06452933
-0.096689135 0.2280438 0.06452933
-0.101729125 0.22682047 0.06452933
-0.09332913 0.2281791 0.06561342
-0.09500912 0.2281791 0.06485781
-0.09500912 0.2284218 0.06452933
-0.09602991 0.2281791 0.06452933
-0.091649115 0.22946566 0.06452933
-0.08996913 0.22985911 0.065039724
-0.09061003 0.22985911 0.06452933
-0.09332913 0.22893149 0.06452933
-0.08770704 0.23153913 0.06452933
-0.08828911 0.23113579 0.06452933
-0.08996913 0.2301693 0.06452933
-0.086609125 0.23153913 0.06568843
-0.086609125 0.2323575 0.06452933
-0.08324912 0.22481912 0.0800986
-0.08492911 0.2231391 0.081323
-0.07988912 0.22649914 0.08122787
-0.076529115 0.2281791 0.08092776
-0.07316911 0.22985911 0.08081886
-0.07484913 0.22985911 0.07977024
-0.071489125 0.23153913 0.07992676
-0.06980911 0.23153913 0.081020504
-0.066449106 0.23321915 0.08056292
-0.06812912 0.23321915 0.0797613
-0.06476912 0.23321915 0.081318825
-0.06476912 0.2348991 0.079701394
-0.06474453 0.23321915 0.081329316
-0.06308913 0.23387402 0.081329316
-0.06308913 0.2348991 0.08034012
-0.061409116 0.2348991 0.080955654
-0.061409116 0.23452121 0.081329316
-0.060274363 0.2348991 0.081329316
-0.05468911 0.23618013 0.081329316
-0.056369126 0.23592699 0.081329316
-0.053009123 0.23640728 0.081329316
-0.058049113 0.2355656 0.081329316
-0.05972913 0.23509759 0.081329316
-0.053009123 0.23326945 0.08468935
-0.05468911 0.23325074 0.08468935
-0.046289116 0.23205113 0.086369365
-0.047969103 0.23321915 0.08484754
-0.047969103 0.23183995 0.086369365
-0.04964912 0.23176622 0.086369365
-0.04460913 0.23243785 0.086369365
-0.046289116 0.23321915 0.08506361
-0.04964912 0.23321754 0.08468935
-0.04961899 0.23321915 0.08468935
-0.046289116 0.23363858 0.08468935
-0.04460913 0.2339952 0.08468935
-0.04460913 0.23321915 0.085410684
-0.042929113 0.23321915 0.085942954
-0.042929113 0.2328859 0.086369365
-0.047969103 0.23338115 0.08468935
-0.042929113 0.23443854 0.08468935
-0.06308913 0.26465082 0.025889337
-0.061409116 0.2648741 0.025889337
-0.058049113 0.2658292 0.025889337
-0.05972913 0.2651391 0.026687741
-0.05972913 0.26535392 0.025889337
-0.060391277 0.2651391 0.025889337
-0.121889114 0.23533773 0.042689323
-0.122400135 0.2348991 0.042689323
-0.121889114 0.2348991 0.0430997
-0.121889114 0.23360449 0.04436934
-0.12045002 0.2348991 0.04436934
-0.12020913 0.23516625 0.04436934
-0.12237015 0.23321915 0.04436934
-0.12356913 0.23398179 0.042689323
-0.12356913 0.23321915 0.043439865
-0.12453589 0.23321915 0.042689323
-0.12020913 0.23705584 0.042689323
-0.12020913 0.23657912 0.043155015
-0.120657265 0.23657912 0.042689323
-0.11852911 0.23825914 0.043402553
-0.116849124 0.23989588 0.042689323
-0.11852911 0.23875201 0.042689323
-0.11516911 0.2399391 0.044335246
-0.11678997 0.2399391 0.042689323
-0.11909726 0.23825914 0.042689323
-0.11459854 0.24161911 0.042689323
-0.11516911 0.24119115 0.042689323
-0.11348912 0.24161911 0.043818653
-0.111809134 0.24329913 0.043082267
-0.11219373 0.24329913 0.042689323
-0.11348912 0.24238122 0.042689323
-0.11012912 0.2446022 0.042689323
-0.111809134 0.24356598 0.042689323
-0.10844913 0.24559551 0.042689323
-0.10950729 0.24497914 0.042689323
-0.10844913 0.24497914 0.043836027
-0.10675657 0.2466591 0.042689323
-0.10508913 0.2466591 0.04325074
-0.106769115 0.24665403 0.042689323
-0.09332913 0.24833912 0.045407653
-0.09332913 0.24941969 0.04436934
-0.091649115 0.25001913 0.044968635
-0.08996913 0.25001913 0.045505315
-0.09246966 0.25001913 0.04436934
-0.08828911 0.25119573 0.04436934
-0.08828911 0.25001913 0.045991242
-0.091649115 0.25054526 0.04436934
-0.08996913 0.25093985 0.04436934
-0.08492911 0.2519349 0.04436934
-0.085847735 0.25169915 0.04436934
-0.08492911 0.25169915 0.04481235
-0.08324912 0.25169915 0.045641333
-0.086609125 0.25152105 0.04436934
-0.081569105 0.25323212 0.04436934
-0.08324912 0.25247592 0.04436934
-0.07988912 0.2533791 0.045915276
-0.1171698 0.2096991 0.06956935
-0.11852911 0.20825183 0.06956935
-0.11852911 0.20801914 0.06981939
-0.116849124 0.2096991 0.06992695
-0.11516911 0.21192813 0.06956935
-0.115621895 0.21137911 0.06956935
-0.11516911 0.21137911 0.07012424
-0.11348912 0.21305913 0.07052249
-0.116849124 0.21003187 0.06956935
-0.111809134 0.21473914 0.07066414
-0.11348912 0.21392596 0.06956935
-0.11424759 0.21305913 0.06956935
-0.11272973 0.21473914 0.06956935
-0.11129084 0.2164191 0.06956935
-0.111809134 0.21577293 0.06956935
-0.11012912 0.2164191 0.07104355
-0.10844913 0.21946907 0.06956935
-0.11012912 0.21809912 0.06985074
-0.11012912 0.21830708 0.06956935
-0.110322624 0.21809912 0.06956935
-0.106769115 0.22045016 0.06956935
-0.106769115 0.21977913 0.070387244
-0.10791677 0.21977913 0.06956935
-0.10508913 0.22140527 0.06956935
-0.10340911 0.22235078 0.06956935
-0.10340911 0.22145915 0.07071224
-0.10499561 0.22145915 0.06956935
-0.101980925 0.2231391 0.06956935
-0.101729125 0.2231391 0.06973854
-0.10004911 0.2231391 0.07087436
-0.09877658 0.2096991 0.08972934
-0.09836912 0.20998764 0.08972934
-0.09836912 0.21137911 0.088250965
-0.09863487 0.21137911 0.08804932
-0.096689135 0.21114475 0.08972934
-0.09836912 0.21157372 0.08804932
-0.10004911 0.21027255 0.08804932
-0.10071069 0.2096991 0.08804932
-0.10004911 0.2096991 0.08867231
-0.096423596 0.21305913 0.08804932
-0.096689135 0.21281987 0.08804932
-0.096689135 0.21137911 0.08947411
-0.09639597 0.21137911 0.08972934
-0.09500912 0.21268547 0.08972934
-0.09500912 0.21305913 0.08937362
-0.09332913 0.21394575 0.08972934
-0.09332913 0.21473914 0.08861455
-0.09399751 0.21473914 0.08804932
-0.09500912 0.21414739 0.08804932
-0.09332913 0.2150358 0.08804932
-0.091846555 0.21473914 0.08972934
-0.0945777 0.21305913 0.08972934
-0.08996913 0.21566051 0.08972934
-0.089265585 0.2164191 0.08804932
-0.08996913 0.21611476 0.08804932
-0.091649115 0.21557498 0.08804932
-0.08828911 0.2161982 0.08972934
-0.08828911 0.2164191 0.08915004
-0.091649115 0.21483207 0.08972934
-0.086609125 0.21705437 0.08972934
-0.086609125 0.21809912 0.08817312
-0.086723715 0.21809912 0.08804932
-0.08828911 0.21697551 0.08804932
-0.086609125 0.21818763 0.08804932
-0.08518168 0.21809912 0.08972934
-0.08776912 0.2164191 0.08972934
-0.08376369 0.21977913 0.08972934
-0.08324912 0.22058487 0.08972934
-0.08455041 0.21977913 0.08804932
-0.08492911 0.21941441 0.08804932
-0.08324912 0.22145915 0.088067085
-0.083256155 0.22145915 0.08804932
-0.08492911 0.21835142 0.08972934
-0.07988912 0.22282255 0.08804932
-0.081569105 0.2222507 0.08804932
-0.081569105 0.22180587 0.08972934
-0.082392484 0.22145915 0.08972934
-0.07988912 0.22205555 0.08972934
-0.07860291 0.2231391 0.08804932
-0.08324912 0.22146386 0.08804932
-0.076529115 0.22241491 0.08972934
-0.07484913 0.22272855 0.08972934
-0.07484913 0.2231391 0.08915809
-0.076529115 0.2231391 0.08865765
-0.0732536 0.2231391 0.08972934
-0.07820913 0.22219974 0.08972934
-0.07820913 0.2231391 0.08816877
-0.12524912 0.1794591 0.09732589
-0.121889114 0.18281913 0.09742233
-0.12356913 0.18113911 0.09790161
-0.12020913 0.18449914 0.09744784
-0.11852911 0.1861791 0.096763164
-0.116849124 0.18704724 0.09812936
-0.116849124 0.18785912 0.09654507
-0.115912855 0.18785912 0.09812936
-0.113725096 0.18953913 0.09812936
-0.11516911 0.18840235 0.09812936
-0.11348912 0.18973678 0.09812936
-0.111809134 0.19112939 0.09812936
-0.111809134 0.19121909 0.09802565
-0.11171314 0.19121909 0.09812936
-0.11012912 0.19289911 0.0979878
-0.10999018 0.19289911 0.09812936
-0.11012912 0.19277287 0.09812936
-0.10844913 0.19430119 0.09812936
-0.10844913 0.19457912 0.09788242
-0.10844913 0.19625914 0.09651622
-0.12807411 0.2164191 0.051089346
-0.12692913 0.2164191 0.052373797
-0.12692913 0.21809912 0.0514189
-0.1257137 0.21809912 0.052769333
-0.12524912 0.21891075 0.052769333
-0.12692913 0.21887314 0.051089346
-0.12524912 0.21977913 0.052277356
-0.12654638 0.21977913 0.051089346
-0.12660927 0.2164191 0.052769333
-0.12725851 0.21809912 0.051089346
-0.12524912 0.22145915 0.05138302
-0.12358278 0.22145915 0.052769333
-0.124702215 0.21977913 0.052769333
-0.12356913 0.22148079 0.052769333
-0.12524912 0.22196132 0.051089346
-0.12560752 0.22145915 0.051089346
-0.12356913 0.22481912 0.051143616
-0.12356913 0.2231391 0.0518775
-0.12260616 0.2231391 0.052769333
-0.123636335 0.22481912 0.051089346
-0.12445402 0.2231391 0.051089346
-0.12356913 0.22490478 0.051089346
-0.12191859 0.22481912 0.052769333
-0.12020913 0.2281776 0.051089346
-0.12164825 0.22649914 0.051089346
-0.1206575 0.22649914 0.052769333
-0.121889114 0.22625339 0.051089346
-0.11912137 0.2281791 0.052769333
-0.12020913 0.22693902 0.052769333
-0.121889114 0.22486621 0.052769333
-0.1177654 0.22985911 0.052769333
-0.11852911 0.22985911 0.05180362
-0.11852911 0.22897136 0.052769333
-0.11852911 0.23061532 0.051089346
-0.1190497 0.22985911 0.051089346
-0.117890835 0.23153913 0.051089346
-0.120207936 0.2281791 0.051089346
-0.11655012 0.23153913 0.052769333
-0.11516911 0.23237133 0.052769333
-0.116849124 0.23276049 0.051089346
-0.116849124 0.23153913 0.05258107
-0.11516911 0.23321915 0.052010536
-0.11624709 0.23321915 0.051089346
-0.116849124 0.23127472 0.052769333
-0.11348912 0.23339182 0.052769333
-0.113395125 0.2348991 0.051089346
-0.11348912 0.23484188 0.051089346
-0.11382595 0.23321915 0.052769333
-0.111809134 0.2340784 0.052769333
-0.111809134 0.2348991 0.052043468
-0.11516911 0.23380142 0.051089346
-0.111809134 0.23575145 0.051089346
-0.12403762 0.21809912 0.05444935
-0.12524912 0.21809912 0.05326256
-0.12524912 0.21645057 0.05444935
-0.12356913 0.21872479 0.05444935
-0.12526968 0.2164191 0.05444935
-0.12279582 0.21977913 0.05444935
-0.121889114 0.22103316 0.05444935
-0.12356913 0.21977913 0.05375731
-0.12356913 0.22145915 0.052781016
-0.121889114 0.22145915 0.054189444
-0.1205779 0.2231391 0.05444935
-0.121591985 0.22145915 0.05444935
-0.121889114 0.2231391 0.053425014
-0.121889114 0.22481912 0.05281353
-0.12020913 0.22541583 0.05444935
-0.12036693 0.22481912 0.05444935
-0.12020913 0.22649914 0.05377513
-0.11970204 0.22649914 0.05444935
-0.11852911 0.22772509 0.05444935
-0.11852911 0.2281791 0.053914398
-0.118100554 0.2281791 0.05444935
-0.116849124 0.22985911 0.053641587
-0.11528587 0.22985911 0.05444935
-0.116849124 0.22908586 0.05444935
-0.11516911 0.23153913 0.05328536
-0.11230683 0.23153913 0.05444935
-0.11348912 0.23153913 0.053860962
-0.11348912 0.23087531 0.05444935
-0.11348912 0.23321915 0.0529086
-0.11516911 0.22992283 0.05444935
-0.111809134 0.23321915 0.053431332
-0.11012912 0.23293775 0.05444935
-0.111809134 0.23187315 0.05444935
-0.10961938 0.23321915 0.05444935
-0.11012912 0.23321915 0.05417511
-0.11973485 0.19289911 0.086369365
-0.11852911 0.19385153 0.086369365
-0.12020913 0.19289911 0.08576885
-0.12020913 0.19364655 0.08468935
-0.121035546 0.19289911 0.08468935
-0.117634505 0.19457912 0.086369365
-0.116849124 0.19534093 0.086369365
-0.11852911 0.19457912 0.0852941
-0.116849124 0.19625914 0.085148245
-0.11852911 0.19502366 0.08468935
-0.119075626 0.19457912 0.08468935
-0.116051555 0.19625914 0.086369365
-0.11516911 0.1979391 0.085679024
-0.11574915 0.1979391 0.08468935
-0.116849124 0.19663167 0.08468935
-0.11516911 0.19868606 0.08468935
-0.11516911 0.1974135 0.086369365
-0.11719149 0.19625914 0.08468935
-0.11319122 0.19961911 0.086369365
-0.11348912 0.19961911 0.08602533
-0.11348912 0.1993388 0.086369365
-0.11476281 0.1979391 0.086369365
-0.111809134 0.20087528 0.086369365
-0.11348912 0.20116365 0.08468935
-0.11448243 0.19961911 0.08468935
-0.11134955 0.20129913 0.086369365
-0.11012912 0.20238924 0.086369365
-0.111809134 0.20129913 0.0858635
-0.11012912 0.20297915 0.085510224
-0.111809134 0.20220888 0.08468935
-0.11334455 0.20129913 0.08468935
-0.10844913 0.20398575 0.086369365
-0.10844913 0.2046591 0.08544806
-0.11012912 0.20357531 0.08468935
-0.10903609 0.2046591 0.08468935
-0.10950008 0.20297915 0.086369365
-0.11081895 0.20297915 0.08468935
-0.10581258 0.20633912 0.086369365
-0.106769115 0.20633912 0.085226506
-0.106769115 0.2055254 0.086369365
-0.10508913 0.20801914 0.085215956
-0.1077303 0.2046591 0.086369365
-0.10413447 0.20801914 0.086369365
-0.10508913 0.20701832 0.086369365
-0.10340911 0.20876414 0.086369365
-0.08774832 0.25505912 0.037649333
-0.086609125 0.25601357 0.035969347
-0.08324912 0.25573772 0.037649333
-0.08324912 0.25673914 0.036067516
-0.08354285 0.25673914 0.035969347
-0.08492911 0.2563842 0.035969347
-0.081569105 0.25673914 0.0364061
-0.081569105 0.25608093 0.037649333
-0.086609125 0.25530744 0.037649333
-0.08492911 0.25553042 0.037649333
-0.08324912 0.25680852 0.035969347
-0.081569105 0.2570001 0.035969347
-0.07988912 0.25723422 0.035969347
-0.07988912 0.25673914 0.037092954
-0.07988912 0.25651973 0.037649333
-0.07900819 0.25673914 0.037649333
-0.07484913 0.25772923 0.037649333
-0.076529115 0.25791538 0.035969347
-0.076529115 0.2573626 0.037649333
-0.07820913 0.2575714 0.035969347
-0.07316911 0.25809395 0.037649333
-0.07484913 0.25823718 0.035969347
-0.07820913 0.25694376 0.037649333
-0.06980911 0.2584191 0.037152886
-0.071489125 0.2584191 0.03656888
-0.071489125 0.25828856 0.037649333
-0.071489125 0.25862163 0.035969347
-0.0728941 0.2584191 0.035969347
-0.0686965 0.2584191 0.037649333
-0.06980911 0.25830537 0.037649333
-0.07316911 0.25838578 0.035969347
-0.066449106 0.25928432 0.035969347
-0.06812912 0.25903273 0.035969347
-0.06812912 0.2584923 0.037649333
-0.06476912 0.25967145 0.035969347
-0.066449106 0.25858462 0.037649333
-0.06980911 0.25884616 0.035969347
-0.061409116 0.2600991 0.03762108
-0.06308913 0.2600991 0.03639555
-0.061409116 0.26008636 0.037649333
-0.06308913 0.25950837 0.037649333
-0.06308913 0.26036394 0.035969347
-0.0636687 0.2600991 0.035969347
-0.06137523 0.2600991 0.037649333
-0.06476912 0.25886178 0.037649333
-0.05972913 0.2607925 0.037649333
-0.05946815 0.26177913 0.035969347
-0.05972913 0.26166344 0.035969347
-0.061409116 0.26099575 0.035969347
-0.058049113 0.26149154 0.037649333
-0.058049113 0.26177913 0.037065595
-0.05698818 0.26177913 0.037649333
-0.056369126 0.261931 0.037649333
-0.056369126 0.26287264 0.035969347
-0.058049113 0.26234865 0.035969347
-0.12356913 0.2348991 0.041817337
-0.12524912 0.23321915 0.04216194
-0.12491524 0.2348991 0.041009337
-0.121889114 0.23657912 0.04152018
-0.122567564 0.23657912 0.041009337
-0.12356913 0.23580319 0.041009337
-0.12020913 0.23825914 0.04147908
-0.12080169 0.23825914 0.041009337
-0.12020913 0.23873144 0.041009337
-0.121889114 0.23723227 0.041009337
-0.116849124 0.2399391 0.042627543
-0.11852911 0.2399391 0.041096866
-0.116849124 0.24108684 0.041009337
-0.11862758 0.2399391 0.041009337
-0.11852911 0.24000347 0.041009337
-0.11516911 0.24226213 0.041009337
-0.11609596 0.24161911 0.041009337
-0.11516911 0.24161911 0.042048275
-0.111809134 0.24443817 0.041009337
-0.11348912 0.24329913 0.041173965
-0.11348912 0.2433973 0.041009337
-0.1136353 0.24329913 0.041009337
-0.11012912 0.24497914 0.0419389
-0.11012912 0.24538928 0.041009337
-0.11087459 0.24497914 0.041009337
-0.10844913 0.24643236 0.041009337
-0.106769115 0.24746102 0.041009337
-0.106769115 0.2466591 0.042681962
-0.108117044 0.2466591 0.041009337
-0.11348912 0.22481912 0.059919953
-0.11348912 0.2231391 0.060942978
-0.11227557 0.22481912 0.061169326
-0.11326942 0.2231391 0.061169326
-0.11348912 0.2256155 0.05948934
-0.11380929 0.22481912 0.05948934
-0.11488646 0.2231391 0.05948934
-0.111809134 0.22829592 0.05948934
-0.111988574 0.2281791 0.05948934
-0.111809134 0.2281791 0.05975148
-0.113114536 0.22649914 0.05948934
-0.11163607 0.22649914 0.061169326
-0.111809134 0.22649914 0.061080784
-0.111809134 0.22620952 0.061169326
-0.11012912 0.22876155 0.05948934
-0.11012912 0.2281791 0.060343295
-0.10844913 0.22929883 0.05948934
-0.10844913 0.2281791 0.060809106
-0.11012912 0.22726208 0.061169326
-0.10844913 0.2277863 0.061169326
-0.10508913 0.2288692 0.061169326
-0.106769115 0.22985911 0.0595282
-0.106769115 0.22837734 0.061169326
-0.10736555 0.2281791 0.061169326
-0.106769115 0.22989428 0.05948934
-0.1068719 0.22985911 0.05948934
-0.10508913 0.22985911 0.06000772
-0.10340911 0.22922373 0.061169326
-0.101729125 0.2295152 0.061169326
-0.101729125 0.22985911 0.060751706
-0.10340911 0.22985911 0.060367435
-0.10340911 0.23059285 0.05948934
-0.10014358 0.22985911 0.061169326
-0.10508913 0.23032361 0.05948934
-0.10004911 0.22988105 0.061169326
-0.10004911 0.23123008 0.05948934
-0.101729125 0.23089325 0.05948934
-0.09836912 0.23028266 0.061169326
-0.09872207 0.23153913 0.05948934
-0.09500912 0.23153913 0.060786307
-0.096689135 0.23153913 0.060353756
-0.09500912 0.23125595 0.061169326
-0.096689135 0.2309103 0.061169326
-0.09836912 0.23162907 0.05948934
-0.09836912 0.23153913 0.05960551
-0.096689135 0.23207486 0.05948934
-0.09375161 0.23153913 0.061169326
-0.09332913 0.23165399 0.061169326
-0.09332913 0.2328121 0.05948934
-0.09500912 0.23241824 0.05948934
-0.09613201 0.23657912 0.05444935
-0.096689135 0.23636377 0.05444935
-0.09836912 0.2358684 0.05444935
-0.09836912 0.2348991 0.055501282
-0.096689135 0.2348991 0.056001127
-0.09500912 0.23708469 0.05444935
-0.09500912 0.23657912 0.054946095
-0.09332913 0.2380693 0.05444935
-0.09303254 0.23825914 0.05444935
-0.09332913 0.23657912 0.055728257
-0.08996913 0.23825914 0.056010097
-0.08996913 0.23973107 0.05444935
-0.091649115 0.23825914 0.055240273
-0.091649115 0.2389844 0.05444935
-0.08828911 0.24070674 0.05444935
-0.089583874 0.2399391 0.05444935
-0.08828911 0.2399391 0.05524674
-0.08515635 0.24329913 0.05444935
-0.086609125 0.24198186 0.05444935
-0.08702409 0.24161911 0.05444935
-0.086609125 0.24161911 0.0547747
-0.08492911 0.24350244 0.05444935
-0.08492911 0.24329913 0.054626316
-0.08324912 0.24491024 0.05444935
-0.08316788 0.24497914 0.05444935
-0.08324912 0.24329913 0.0559195
-0.081348 0.2466591 0.05444935
-0.081569105 0.2464382 0.05444935
-0.07988912 0.2466591 0.056066215
-0.081569105 0.24497914 0.055855185
-0.07820913 0.24833912 0.05451241
-0.07827869 0.24833912 0.05444935
-0.07820913 0.24837083 0.05444935
-0.07988912 0.24767905 0.05444935
-0.06980911 0.25085783 0.061169326
-0.06812912 0.25094086 0.061169326
-0.071489125 0.2509567 0.061169326
-0.07316911 0.25167483 0.061169326
-0.06476912 0.2504152 0.061169326
-0.06308913 0.25028896 0.061169326
-0.066449106 0.25075662 0.061169326
-0.05468911 0.25056714 0.061169326
-0.056369126 0.25054574 0.061169326
-0.058049113 0.2502908 0.061169326
-0.061409116 0.2500822 0.061169326
-0.051329106 0.25105262 0.061169326
-0.053009123 0.2507552 0.061169326
-0.10340911 0.22777581 0.06284934
-0.10340911 0.22649914 0.06439179
-0.10004911 0.22849548 0.06284934
-0.10136452 0.2281791 0.06284934
-0.10004911 0.2281791 0.06325582
-0.09836912 0.22889513 0.06284934
-0.09836912 0.2281791 0.06381455
-0.101729125 0.22809625 0.06284934
-0.096689135 0.22931993 0.06284934
-0.096689135 0.2281791 0.06433764
-0.09500912 0.2297672 0.06284934
-0.09332913 0.23020434 0.06284934
-0.094625056 0.22985911 0.06284934
-0.09332913 0.22985911 0.06322765
-0.091649115 0.23079842 0.06284934
-0.091649115 0.22985911 0.06390175
-0.08828911 0.23153913 0.063985586
-0.089904875 0.23153913 0.06284934
-0.08996913 0.23150468 0.06284934
-0.086609125 0.23321915 0.06347498
-0.086609125 0.23382032 0.06284934
-0.08733204 0.23321915 0.06284934
-0.08828911 0.23252183 0.06284934
-0.08324912 0.23657912 0.06308794
-0.08492911 0.2348991 0.06344786
-0.08492911 0.23533225 0.06284934
-0.08545357 0.2348991 0.06284934
-0.081569105 0.23824698 0.06284934
-0.081569105 0.23657912 0.06451407
-0.08324912 0.2368002 0.06284934
-0.083479434 0.23657912 0.06284934
-0.07820913 0.2399391 0.06398597
-0.07988912 0.23825914 0.06431517
-0.07988912 0.2397775 0.06284934
-0.081555724 0.23825914 0.06284934
-0.07820913 0.23657912 0.06790355
-0.07316911 0.2399391 0.06882501
-0.07484913 0.2399391 0.067893386
-0.071489125 0.2399391 0.069262594
-0.06980911 0.24161911 0.06826764
-0.06812912 0.24329913 0.068009704
-0.06812912 0.24161911 0.06902009
-0.066449106 0.24329913 0.06887567
-0.06476912 0.24329913 0.06943035
-0.066449106 0.24497914 0.06806365
-0.06476912 0.2466591 0.06807494
-0.06476912 0.24497914 0.06831989
-0.06308913 0.24497914 0.068255395
-0.061409116 0.24497914 0.06819138
-0.05972913 0.24497914 0.068544716
-0.058049113 0.24497914 0.06945208
-0.053009123 0.2466591 0.06918201
-0.05468911 0.2466591 0.06839368
-0.10844913 0.21137911 0.077706784
-0.10964003 0.21137911 0.076289326
-0.11012912 0.21092784 0.076289326
-0.10844913 0.21116698 0.07796934
-0.10632846 0.21305913 0.07796934
-0.106769115 0.21305913 0.077524036
-0.106769115 0.21270686 0.07796934
-0.106769115 0.21402061 0.076289326
-0.1079053 0.21305913 0.076289326
-0.10844913 0.21253985 0.076289326
-0.108228624 0.21137911 0.07796934
-0.10395995 0.21473914 0.07796934
-0.10508913 0.21522576 0.076289326
-0.10508913 0.21473914 0.07689667
-0.10340911 0.2151168 0.07796934
-0.10577273 0.21473914 0.076289326
-0.10508913 0.21395713 0.07796934
-0.10165912 0.2164191 0.07796934
-0.10004911 0.21788448 0.07796934
-0.101729125 0.2164191 0.07789275
-0.10004911 0.21809912 0.07770297
-0.101729125 0.21636075 0.07796934
-0.101729125 0.21778536 0.076289326
-0.103382975 0.2164191 0.076289326
-0.10340911 0.21639979 0.076289326
-0.09836912 0.21914697 0.07796934
-0.09878436 0.21977913 0.076289326
-0.10004911 0.21910655 0.076289326
-0.09836912 0.21977913 0.076692015
-0.09979814 0.21809912 0.07796934
-0.101377636 0.21809912 0.076289326
-0.09661451 0.21977913 0.07796934
-0.096689135 0.22066355 0.076289326
-0.096689135 0.21977913 0.0779396
-0.09500912 0.22012788 0.07796934
-0.09836912 0.21997517 0.076289326
-0.096689135 0.21976268 0.07796934
-0.09179935 0.22145915 0.07796934
-0.091649115 0.22276074 0.076289326
-0.09332913 0.22145915 0.076827675
-0.09332913 0.22188288 0.076289326
-0.09332913 0.22068948 0.07796934
-0.09436169 0.22145915 0.076289326
-0.09500912 0.22122598 0.076289326
-0.088793546 0.2231391 0.07796934
-0.08996913 0.2231391 0.07713118
-0.08996913 0.22256583 0.07796934
-0.091649115 0.22155172 0.07796934
-0.09101176 0.2231391 0.076289326
-0.13364911 0.21977913 0.045378566
-0.13512856 0.21977913 0.04436934
-0.13532913 0.21809912 0.04537207
-0.13532913 0.21957076 0.04436934
-0.13441893 0.21809912 0.046049327
-0.13364911 0.21890283 0.046049327
-0.13532913 0.2167697 0.046049327
-0.13364911 0.2222845 0.04436934
-0.13403559 0.22145915 0.04436934
-0.13364911 0.22145915 0.04462102
-0.13196912 0.2231391 0.04523456
-0.13196912 0.22145915 0.045860767
-0.13283867 0.21977913 0.046049327
-0.13321465 0.2231391 0.04436934
-0.056369126 0.25659764 0.04940933
-0.056369126 0.25673914 0.04911223
-0.055877864 0.25673914 0.04940933
-0.05468911 0.25777966 0.047729343
-0.056369126 0.25734842 0.047729343
-0.05468911 0.25701445 0.04940933
-0.058049113 0.25683206 0.047729343
-0.06308913 0.257048 0.047729343
-0.13028911 0.19646597 0.06788933
-0.12860912 0.1979391 0.06785336
-0.12860912 0.19790936 0.06788933
-0.13059667 0.19625914 0.06788933
-0.12706351 0.19961911 0.06788933
-0.12692913 0.19979054 0.06788933
-0.1258485 0.20129913 0.06788933
-0.12858066 0.1979391 0.06788933
-0.12524912 0.20207721 0.06788933
-0.07793948 0.23321915 0.07292935
-0.076529115 0.23411745 0.07292935
-0.07530734 0.2348991 0.07292935
-0.07484913 0.23521626 0.07292935
-0.07484913 0.23657912 0.07138032
-0.076529115 0.23543602 0.071249336
-0.076529115 0.2348991 0.0719198
-0.077359974 0.2348991 0.071249336
-0.07259002 0.23657912 0.07292935
-0.07316911 0.23657912 0.07258031
-0.071489125 0.23699617 0.07292935
-0.07316911 0.23630899 0.07292935
-0.06980911 0.23825914 0.071698755
-0.06812912 0.23825914 0.07287449
-0.06812912 0.23822975 0.07292935
-0.06980911 0.23751074 0.07292935
-0.065059096 0.2399391 0.07292935
-0.066449106 0.2399391 0.07168856
-0.066449106 0.23919171 0.07292935
-0.068074495 0.23825914 0.07292935
-0.06207025 0.24161911 0.07292935
-0.06308913 0.24161911 0.07220781
-0.06308913 0.24106878 0.07292935
-0.06476912 0.24011326 0.07292935
-0.058049113 0.24329913 0.072214186
-0.05972913 0.24329913 0.07131502
-0.05972913 0.24249262 0.07292935
-0.058049113 0.24293208 0.07292935
-0.061409116 0.24193144 0.07292935
-0.05640343 0.24329913 0.07292935
-0.056369126 0.24330664 0.07292935
-0.053009123 0.24497914 0.0716601
-0.051329106 0.24497914 0.07228252
-0.053009123 0.24403179 0.07292935
-0.051329106 0.24446249 0.07292935
-0.05468911 0.24368942 0.07292935
-0.116849124 0.19306844 0.08972934
-0.11516911 0.19344151 0.091409355
-0.11348912 0.19513232 0.091409355
-0.11367437 0.19625914 0.08972934
-0.11516911 0.19457912 0.08992764
-0.11516911 0.194727 0.08972934
-0.1140413 0.19457912 0.091409355
-0.115320176 0.19457912 0.08972934
-0.11237377 0.19625914 0.091409355
-0.111809134 0.1968323 0.091409355
-0.111809134 0.1979391 0.090032786
-0.111809134 0.19818509 0.08972934
-0.112060726 0.1979391 0.08972934
-0.11348912 0.19625914 0.08997187
-0.11348912 0.19646037 0.08972934
-0.11012912 0.1997925 0.08972934
-0.11029616 0.19961911 0.08972934
-0.11012912 0.19961911 0.08994743
-0.10912034 0.19961911 0.091409355
-0.10844913 0.20129913 0.090243906
-0.11012912 0.19854873 0.091409355
-0.11071217 0.1979391 0.091409355
-0.106769115 0.20200062 0.091409355
-0.10844913 0.20172477 0.08972934
-0.107174814 0.20297915 0.08972934
-0.1075927 0.20129913 0.091409355
-0.10844913 0.20039213 0.091409355
-0.10880223 0.20129913 0.08972934
-0.10344806 0.2046591 0.091409355
-0.10508913 0.20451283 0.08972934
-0.10508913 0.20328188 0.091409355
-0.10492346 0.2046591 0.08972934
-0.106769115 0.2032792 0.08972934
-0.106769115 0.20297915 0.090129405
-0.105487496 0.20297915 0.091409355
-0.101729125 0.20765471 0.08972934
-0.10313374 0.20633912 0.08972934
-0.101729125 0.20633912 0.09122452
-0.101534694 0.20633912 0.091409355
-0.10340911 0.2060942 0.08972934
-0.101729125 0.20617712 0.091409355
-0.10340911 0.20469457 0.091409355
-0.099208266 0.20801914 0.091409355
-0.10004911 0.20886356 0.08972934
-0.09836912 0.20845348 0.091409355
-0.10129261 0.20801914 0.08972934
-0.10004911 0.20801914 0.09086904
-0.10004911 0.20754933 0.091409355
-0.096689135 0.2096991 0.0913817
-0.09836912 0.2096991 0.09003165
-0.096689135 0.20967454 0.091409355
-0.09665915 0.2096991 0.091409355
-0.12692913 0.18953913 0.08165982
-0.12582669 0.18953913 0.08300933
-0.12524912 0.19008082 0.08300933
-0.12692913 0.18855411 0.08300933
-0.12356913 0.19289911 0.081426114
-0.123639435 0.19289911 0.081329316
-0.12524912 0.19121909 0.081347615
-0.12415409 0.19121909 0.08300933
-0.12046829 0.19457912 0.08300933
-0.121889114 0.19450295 0.081329316
-0.121889114 0.19333929 0.08300933
-0.12180427 0.19457912 0.081329316
-0.12356913 0.1929698 0.081329316
-0.12237811 0.19289911 0.08300933
-0.12356913 0.19179654 0.08300933
-0.11690676 0.1979391 0.08300933
-0.11852911 0.19789594 0.081329316
-0.11852911 0.19639337 0.08300933
-0.118481755 0.1979391 0.081329316
-0.12011284 0.19625914 0.081329316
-0.11866921 0.19625914 0.08300933
-0.12020913 0.19615763 0.081329316
-0.12020913 0.1948201 0.08300933
-0.11546102 0.19961911 0.08300933
-0.11516911 0.20001614 0.08300933
-0.116849124 0.19969189 0.081329316
-0.11540544 0.20129913 0.081329316
-0.11690506 0.19961911 0.081329316
-0.116849124 0.19961911 0.08138928
-0.116849124 0.19800061 0.08300933
-0.11219981 0.20297915 0.08300933
-0.11348912 0.20289403 0.081329316
-0.11348912 0.20198035 0.08300933
-0.11339462 0.20297915 0.081329316
-0.11516911 0.20129913 0.081585556
-0.11516911 0.20149243 0.081329316
-0.114234924 0.20129913 0.08300933
-0.11012912 0.20620173 0.081329316
-0.11012912 0.20482647 0.08300933
-0.11000034 0.20633912 0.081329316
-0.111626744 0.2046591 0.081329316
-0.11028862 0.2046591 0.08300933
-0.111809134 0.20448333 0.081329316
-0.111809134 0.20329362 0.08300933
-0.10872424 0.1979391 0.09476933
-0.11012912 0.19750065 0.09308931
-0.106637776 0.19961911 0.09476933
-0.106769115 0.19961911 0.09464905
-0.106769115 0.19953936 0.09476933
-0.106769115 0.20064443 0.09308931
-0.108003765 0.19961911 0.09308931
-0.10844913 0.19823915 0.09476933
-0.10844913 0.19925785 0.09308931
-0.109805465 0.1979391 0.09308931
-0.10407385 0.20129913 0.09476933
-0.10508913 0.20203406 0.09308931
-0.10508913 0.20129913 0.093933314
-0.10340911 0.20183665 0.09476933
-0.10600355 0.20129913 0.09308931
-0.10508913 0.20053363 0.09476933
-0.101777226 0.20297915 0.09476933
-0.101729125 0.2030127 0.09476933
-0.101729125 0.20455861 0.09308931
-0.10160452 0.2046591 0.09308931
-0.10340911 0.20297915 0.093491524
-0.10340911 0.20331317 0.09308931
-0.10383806 0.20297915 0.09308931
-0.09989348 0.2046591 0.09476933
-0.09836912 0.20633912 0.094572276
-0.09969401 0.20633912 0.09308931
-0.09836912 0.20615679 0.09476933
-0.10004911 0.20600748 0.09308931
-0.10004911 0.2046591 0.09460446
-0.10004911 0.20450467 0.09476933
-0.09556016 0.20801914 0.09476933
-0.096689135 0.20801914 0.093636304
-0.096689135 0.20728135 0.09476933
-0.096689135 0.2083435 0.09308931
-0.09727621 0.20801914 0.09308931
-0.09836912 0.20742196 0.09308931
-0.09813294 0.20633912 0.09476933
-0.092427164 0.2096991 0.09476933
-0.09332913 0.2096991 0.09419939
-0.09332913 0.20926201 0.09476933
-0.09332913 0.21059299 0.09308931
-0.09465352 0.2096991 0.09308931
-0.09500912 0.208354 0.09476933
-0.09500912 0.2094658 0.09308931
-0.09231511 0.21137911 0.09308931
-0.10648996 0.19625914 0.09812936
-0.106769115 0.19625914 0.09790924
-0.106769115 0.19596553 0.09812936
-0.10844913 0.19633794 0.096449345
-0.10812688 0.19457912 0.09812936
-0.106769115 0.19800854 0.096449345
-0.10685578 0.1979391 0.096449345
-0.106769115 0.1979391 0.09650859
-0.10508913 0.19894141 0.096449345
-0.10508913 0.1979391 0.09743944
-0.10508913 0.19731277 0.09812936
-0.10249543 0.19961911 0.09812936
-0.10340911 0.19961911 0.09709999
-0.10340911 0.19860524 0.09812936
-0.10340911 0.2002415 0.096449345
-0.10413864 0.19961911 0.096449345
-0.104186326 0.1979391 0.09812936
-0.10073811 0.20129913 0.09812936
-0.101729125 0.20179552 0.096449345
-0.101729125 0.20129913 0.09719679
-0.10004911 0.20175457 0.09812936
-0.10233879 0.20129913 0.096449345
-0.101729125 0.20050353 0.09812936
-0.09848505 0.20297915 0.09812936
-0.09836912 0.20307559 0.09812936
-0.09836912 0.20455611 0.096449345
-0.09823239 0.2046591 0.096449345
-0.10004911 0.20297915 0.09658113
-0.10004911 0.20308793 0.096449345
-0.10017112 0.20297915 0.096449345
-0.09578699 0.2046591 0.09812936
-0.09500912 0.2050991 0.09812936
-0.09560704 0.20633912 0.096449345
-0.09500912 0.20633912 0.096826404
-0.096689135 0.20572823 0.096449345
-0.096689135 0.2046591 0.09762636
-0.096689135 0.20417619 0.09812936
-0.09332913 0.20641482 0.09812936
-0.091649115 0.20801914 0.097949415
-0.093164116 0.20801914 0.096449345
-0.091649115 0.20784825 0.09812936
-0.09342176 0.20633912 0.09812936
-0.09332913 0.20788556 0.096449345
-0.09500912 0.20670062 0.096449345
-0.08996913 0.20899802 0.09812936
-0.08828911 0.20954144 0.09812936
-0.091649115 0.20899951 0.096449345
-0.09145731 0.20801914 0.09812936
-0.11348912 0.24709868 0.030929327
-0.11452672 0.2466591 0.030929327
-0.113621116 0.2466591 0.032609344
-0.11012912 0.24868566 0.030929327
-0.110884815 0.24833912 0.030929327
-0.11012912 0.24833912 0.032542467
-0.110094875 0.24833912 0.032609344
-0.11012912 0.24832201 0.032609344
-0.111809134 0.24753344 0.032609344
-0.111809134 0.2478885 0.030929327
-0.11348912 0.24672335 0.032609344
-0.10508913 0.25066805 0.030929327
-0.10673067 0.25001913 0.030929327
-0.10613927 0.25001913 0.032609344
-0.106769115 0.25000322 0.030929327
-0.106769115 0.2497608 0.032609344
-0.10844913 0.24934947 0.030929327
-0.10844913 0.24906719 0.032609344
-0.10004911 0.25273842 0.032609344
-0.101729125 0.25225264 0.030929327
-0.101729125 0.25202572 0.032609344
-0.102389336 0.25169915 0.032609344
-0.10286984 0.25169915 0.030929327
-0.10340911 0.2514271 0.030929327
-0.10340911 0.2511965 0.032609344
-0.10508913 0.2504431 0.032609344
-0.0951471 0.25505912 0.030929327
-0.096689135 0.2543099 0.030929327
-0.096689135 0.25429666 0.032609344
-0.09836912 0.2535602 0.030929327
-0.09836912 0.25344193 0.032609344
-0.09850252 0.2533791 0.032609344
-0.098834395 0.2533791 0.030929327
-0.10004911 0.25293207 0.030929327
-0.09332913 0.25609517 0.032609344
-0.091649115 0.25646037 0.032609344
-0.091649115 0.25673914 0.031444997
-0.09196293 0.25673914 0.030929327
-0.09332913 0.25597674 0.030929327
-0.09500912 0.25527197 0.032609344
-0.09500912 0.2551297 0.030929327
-0.095351994 0.25505912 0.032609344
-0.08828911 0.2574765 0.030929327
-0.08996913 0.25723243 0.030929327
-0.08996913 0.25673914 0.032082498
-0.0884735 0.25673914 0.032609344
-0.091649115 0.25691634 0.030929327
-0.08996913 0.25650936 0.032609344
-0.08543658 0.2584191 0.030929327
-0.086609125 0.2573108 0.032609344
-0.086609125 0.2579779 0.030929327
-0.08828911 0.2567802 0.032609344
-0.12588465 0.23825914 0.037649333
-0.12692913 0.23757482 0.037649333
-0.12524912 0.23862004 0.037649333
-0.12524912 0.23825914 0.038033247
-0.12356913 0.23959452 0.037649333
-0.12356913 0.23825914 0.039224595
-0.12341556 0.23825914 0.03932935
-0.12356913 0.23811513 0.03932935
-0.12524912 0.2367959 0.03932935
-0.121056795 0.2399391 0.03932935
-0.12020913 0.24121332 0.037649333
-0.121889114 0.24047285 0.037649333
-0.121889114 0.2399391 0.03880194
-0.12297207 0.2399391 0.037649333
-0.121889114 0.23953277 0.03932935
-0.116849124 0.24213398 0.03932935
-0.11852911 0.24161911 0.038401306
-0.11763337 0.24161911 0.03932935
-0.11852911 0.24108821 0.03932935
-0.119360775 0.24161911 0.037649333
-0.12020913 0.24022728 0.03932935
-0.11348912 0.24497914 0.038702816
-0.11348912 0.24457347 0.03932935
-0.11516911 0.24334747 0.03932935
-0.11522403 0.24329913 0.03932935
-0.11012912 0.2466591 0.037959784
-0.11012912 0.24608958 0.03932935
-0.111809134 0.24529088 0.03932935
-0.11265594 0.24497914 0.03932935
-0.10844913 0.24712288 0.03932935
-0.106769115 0.24816024 0.03932935
-0.106769115 0.24833912 0.038850427
-0.10916984 0.2466591 0.03932935
-0.10508913 0.24890459 0.03932935
-0.106432974 0.24833912 0.03932935
-0.13027298 0.20129913 0.061169326
-0.13028911 0.20129913 0.06113869
-0.13028911 0.20127869 0.061169326
-0.1313825 0.20129913 0.05948934
-0.13196912 0.20064998 0.05948934
-0.12866917 0.2046591 0.061169326
-0.12860912 0.20474827 0.061169326
-0.12860912 0.20486128 0.05948934
-0.12874487 0.2046591 0.05948934
-0.12948635 0.20297915 0.061169326
-0.13002357 0.20297915 0.05948934
-0.13028911 0.20263416 0.05948934
-0.12524912 0.2080214 0.061169326
-0.12524912 0.2096991 0.059981793
-0.12637597 0.20801914 0.05948934
-0.1252513 0.20801914 0.061169326
-0.12692913 0.20734698 0.05948934
-0.12692913 0.20685261 0.061169326
-0.12739432 0.20633912 0.061169326
-0.12768 0.20633912 0.05948934
-0.123004556 0.21137911 0.061169326
-0.12356913 0.21137911 0.060424328
-0.12356913 0.21054727 0.061169326
-0.12455037 0.21137911 0.05948934
-0.12524912 0.21053147 0.05948934
-0.12413892 0.2096991 0.061169326
-0.12570372 0.2096991 0.05948934
-0.12133154 0.21305913 0.061169326
-0.12020913 0.21424246 0.061169326
-0.121889114 0.21305913 0.06057051
-0.121889114 0.2143296 0.05948934
-0.12287539 0.21305913 0.05948934
-0.121889114 0.21254379 0.061169326
-0.12356913 0.21224898 0.05948934
-0.12020913 0.2164191 0.059699506
-0.12020913 0.21473914 0.06075436
-0.11877695 0.2164191 0.061169326
-0.11981425 0.21473914 0.061169326
-0.12042543 0.2164191 0.05948934
-0.12156734 0.21473914 0.05948934
-0.11748934 0.21809912 0.061169326
-0.116849124 0.21879095 0.061169326
-0.11852911 0.21809912 0.06017676
-0.11852911 0.21678662 0.061169326
-0.11852911 0.21882516 0.05948934
-0.11916879 0.21809912 0.05948934
-0.12020913 0.21671265 0.05948934
-0.11516911 0.22085679 0.061169326
-0.11635482 0.22145915 0.05948934
-0.116849124 0.22085685 0.05948934
-0.11603171 0.21977913 0.061169326
-0.116849124 0.21977913 0.060379684
-0.11772099 0.21977913 0.05948934
-0.11348912 0.22286862 0.061169326
-0.11468288 0.22145915 0.061169326
-0.11516911 0.22282004 0.05948934
-0.11516911 0.22145915 0.060684532
-0.04999444 0.24497914 0.07292935
-0.047969103 0.24652529 0.071249336
-0.047969103 0.24555075 0.07292935
-0.04964912 0.24511015 0.07292935
-0.10844913 0.1979391 0.095094055
-0.10340911 0.20129913 0.09535363
-0.10508913 0.19961911 0.09577128
-0.101729125 0.20297915 0.0948104
-0.09836912 0.2046591 0.096327394
-0.096689135 0.20633912 0.09577009
-0.09500912 0.20801914 0.095152825
-0.09332913 0.20801914 0.09630421
-0.091649115 0.2096991 0.09530231
-0.07820913 0.25673914 0.03828615
-0.071489125 0.2584191 0.038680255
-0.06476912 0.2584191 0.03905207
-0.066449106 0.2584191 0.038092762
-0.06812912 0.2584191 0.03785056
-0.056369126 0.26177913 0.037926555
-0.096689135 0.23321915 0.057938755
-0.09500912 0.23321915 0.058446527
-0.08996913 0.2348991 0.059125334
-0.091649115 0.2348991 0.05809495
-0.09332913 0.23321915 0.05899468
-0.08828911 0.23657912 0.058775216
-0.08492911 0.23825914 0.05936578
-0.086609125 0.23825914 0.058279008
-0.08324912 0.2399391 0.059228897
-0.081569105 0.24161911 0.05915889
-0.07988912 0.24329913 0.059016377
-0.10340911 0.21390611 0.07964936
-0.10508913 0.21305913 0.07914361
-0.1045745 0.21305913 0.07964936
-0.10508913 0.21260524 0.07964936
-0.1002436 0.2164191 0.07964936
-0.101729125 0.21509993 0.07964936
-0.10340911 0.21473914 0.078486055
-0.10219166 0.21473914 0.07964936
-0.098324 0.21809912 0.07964936
-0.09836912 0.21809912 0.07961193
-0.09836912 0.21807033 0.07964936
-0.10004911 0.21659333 0.07964936
-0.09500912 0.21977913 0.07862994
-0.09382594 0.21977913 0.07964936
-0.09500912 0.21931094 0.07964936
-0.096689135 0.21882868 0.07964936
-0.08996913 0.22145915 0.079601854
-0.091649115 0.22145915 0.07811394
-0.091649115 0.2206536 0.07964936
-0.09332913 0.21999949 0.07964936
-0.08828911 0.22223169 0.07964936
-0.08828911 0.2231391 0.07831749
-0.08990145 0.22145915 0.07964936
-0.08996913 0.22142762 0.07964936
-0.08656353 0.2231391 0.07964936
-0.086609125 0.2241931 0.07796934
-0.086609125 0.2231391 0.07960972
-0.08828911 0.22339422 0.07796934
-0.086609125 0.22311372 0.07964936
-0.08536294 0.22481912 0.07796934
-0.11012912 0.1979391 0.09245476
-0.111809134 0.19625914 0.09213135
-0.10844913 0.19961911 0.09246001
-0.10508913 0.20297915 0.09181169
-0.106769115 0.20129913 0.09229681
-0.101729125 0.2046591 0.0929822
-0.10340911 0.2046591 0.091450185
-0.10004911 0.20633912 0.09272203
-0.09836912 0.20801914 0.09207806
-0.09500912 0.2096991 0.092803925
-0.09332913 0.21137911 0.09221199
-0.09332913 0.21229804 0.091409355
-0.09443015 0.21137911 0.091409355
-0.09500912 0.21098 0.091409355
-0.091649115 0.21305913 0.09236047
-0.092543244 0.21305913 0.091409355
-0.08828911 0.21137911 0.0957717
-0.08492911 0.21305913 0.09557232
-0.086609125 0.21305913 0.09487805
-0.08324912 0.21305913 0.09621301
-0.07988912 0.21473914 0.096054524
-0.081569105 0.21473914 0.095259875
-0.07988912 0.2164191 0.09485319
-0.07820913 0.2164191 0.09541264
-0.07484913 0.21809912 0.09565428
-0.076529115 0.2164191 0.096000224
-0.07316911 0.21977913 0.0949159
-0.06980911 0.21977913 0.09514037
-0.071489125 0.21977913 0.095535725
-0.056369126 0.25580448 0.051089346
-0.05468911 0.25673914 0.04993084
-0.05468911 0.2560975 0.051089346
-0.053009123 0.25625372 0.051089346
-0.053009123 0.25673914 0.05022216
-0.053009123 0.25717908 0.04940933
-0.06476912 0.23825914 0.07653487
-0.066449106 0.23657912 0.07721844
-0.061409116 0.23880196 0.07796934
-0.0628103 0.23825914 0.07796934
-0.06308913 0.23825914 0.07781318
-0.06308913 0.23810422 0.07796934
-0.05972913 0.2399391 0.077241
-0.058049113 0.2399391 0.07781586
-0.05972913 0.23944676 0.07796934
-0.058049113 0.23979467 0.07796934
-0.05468911 0.23997688 0.07796934
-0.056369126 0.24020529 0.07796934
-0.057664096 0.2399391 0.07796934
-0.05261174 0.2399391 0.07796934
-0.053009123 0.2399391 0.0779092
-0.053009123 0.23987699 0.07796934
-0.053028315 0.2399391 0.07796934
-0.051329106 0.24161911 0.07639721
-0.051329106 0.24025732 0.07796934
-0.04964912 0.24161911 0.076960266
-0.047969103 0.24161911 0.07749179
-0.04964912 0.2407366 0.07796934
-0.047969103 0.24113935 0.07796934
-0.046289116 0.24161911 0.07780978
-0.046289116 0.24141353 0.07796934
-0.05468911 0.2533791 0.056476444
-0.053009123 0.2533791 0.05694738
-0.051329106 0.2533791 0.05718237
-0.100969434 0.21977913 0.07460934
-0.101729125 0.21977913 0.07405949
-0.10004911 0.22027493 0.07460934
-0.10004911 0.22145915 0.07307315
-0.09836912 0.22106183 0.07460934
-0.096689135 0.22182941 0.07460934
-0.09500912 0.22242475 0.07460934
-0.09500912 0.2231391 0.073452085
-0.09332913 0.22308618 0.07460934
-0.09332913 0.2231391 0.07452124
-0.09321001 0.2231391 0.07460934
-0.09836912 0.22145915 0.07405105
-0.09750983 0.22145915 0.07460934
-0.08996913 0.22481912 0.07460484
-0.08996487 0.22481912 0.07460934
-0.08828911 0.22599512 0.07460934
-0.08696669 0.22649914 0.07460934
-0.086609125 0.22659117 0.07460934
-0.091649115 0.22384298 0.07460934
-0.08996913 0.2248168 0.07460934
-0.08324912 0.22849697 0.07460934
-0.081569105 0.22985911 0.07426855
-0.081569105 0.22960788 0.07460934
-0.08112541 0.22985911 0.07460934
-0.07988912 0.23066711 0.07460934
-0.08492911 0.22734356 0.07460934
-0.08492911 0.2281791 0.07324007
-0.08366546 0.2281791 0.07460934
-0.07988912 0.23153913 0.07366192
-0.07852131 0.23153913 0.07460934
-0.07820913 0.2317161 0.07460934
-0.051329106 0.22985911 0.08989355
-0.04460913 0.22985911 0.09048954
-0.042929113 0.22985911 0.09098902
-0.04964912 0.22985911 0.08983126
-0.046289116 0.22985911 0.08994928
-0.13868913 0.23825914 0.025886148
-0.13868618 0.23825914 0.025889337
-0.13868913 0.23825717 0.025889337
-0.13700911 0.23929185 0.025889337
-0.13700911 0.2399391 0.024845064
-0.13586923 0.2399391 0.025889337
-0.13364911 0.24161911 0.025094569
-0.13278848 0.24161911 0.025889337
-0.13532913 0.24025232 0.025889337
-0.13364911 0.24117398 0.025889337
-0.11261585 0.2466591 0.03428933
-0.111809134 0.2470532 0.03428933
-0.11012912 0.2478593 0.03428933
-0.10919243 0.24833912 0.03428933
-0.10844913 0.24870288 0.03428933
-0.106769115 0.24945563 0.03428933
-0.11348912 0.2466591 0.032835394
-0.101732045 0.25169915 0.03428933
-0.101729125 0.25170082 0.03428933
-0.10004911 0.25254238 0.03428933
-0.09836912 0.2533791 0.03359765
-0.09836912 0.2533092 0.03428933
-0.10546702 0.25001913 0.03428933
-0.10508913 0.25018024 0.03428933
-0.10340911 0.25084114 0.03428933
-0.09500912 0.25559503 0.03428933
-0.09332913 0.25627518 0.03428933
-0.091649115 0.25649083 0.03428933
-0.08996913 0.2561018 0.03428933
-0.09823981 0.2533791 0.03428933
-0.096689135 0.25437975 0.03428933
-0.09583923 0.25505912 0.03428933
-0.086173356 0.25673914 0.03428933
-0.086609125 0.25673914 0.03393054
-0.08828911 0.25618982 0.03428933
-0.08828911 0.25673914 0.032707572
-0.086609125 0.25659668 0.03428933
-0.12356913 0.23657912 0.04035878
-0.121889114 0.23825914 0.04028967
-0.12020913 0.2399391 0.039737403
-0.11516911 0.24329913 0.039391845
-0.116849124 0.24161911 0.040179074
-0.10844913 0.2466591 0.040489167
-0.111809134 0.24497914 0.039952606
-0.10508913 0.24833912 0.04071653
-0.12825137 0.19457912 0.07292935
-0.12782797 0.19625914 0.071249336
-0.12860912 0.19457912 0.07245085
-0.12860912 0.19546878 0.071249336
-0.12692913 0.19625914 0.072672635
-0.12692913 0.19606924 0.07292935
-0.12672162 0.19625914 0.07292935
-0.12692913 0.19719756 0.071249336
-0.12524912 0.19735801 0.07292935
-0.12977427 0.19289911 0.07292935
-0.12860912 0.19419575 0.07292935
-0.12967947 0.19457912 0.071249336
-0.12312186 0.19961911 0.07292935
-0.12356913 0.19961911 0.07224649
-0.12356913 0.19900662 0.07292935
-0.12356913 0.20070946 0.071249336
-0.124429286 0.19961911 0.071249336
-0.121889114 0.20129913 0.07267529
-0.12309426 0.20129913 0.071249336
-0.121889114 0.20110756 0.07292935
-0.121889114 0.20283908 0.071249336
-0.121714115 0.20129913 0.07292935
-0.12524912 0.1979391 0.072157115
-0.12610897 0.1979391 0.071249336
-0.12524912 0.19874251 0.071249336
-0.124558836 0.1979391 0.07292935
-0.118870914 0.2046591 0.07292935
-0.12020913 0.2047472 0.071249336
-0.12020913 0.2046591 0.07132608
-0.120272875 0.20297915 0.07292935
-0.12178257 0.20297915 0.071249336
-0.12020913 0.20305377 0.07292935
-0.120272726 0.2046591 0.071249336
-0.08828911 0.22455668 0.076289326
-0.08996913 0.22371095 0.076289326
-0.087729216 0.22481912 0.076289326
-0.086609125 0.22481912 0.07702875
-0.086609125 0.22538936 0.076289326
-0.08492911 0.22641206 0.076289326
-0.08159104 0.2281791 0.076289326
-0.08324912 0.22735429 0.076289326
-0.081569105 0.2281791 0.076304674
-0.081569105 0.22819144 0.076289326
-0.07988912 0.2281791 0.07766798
-0.07988912 0.2290889 0.076289326
-0.08479008 0.22649914 0.076289326
-0.08324912 0.22649914 0.07751009
-0.076529115 0.23141277 0.076289326
-0.076362014 0.23153913 0.076289326
-0.07484913 0.23153913 0.07750425
-0.07484913 0.23270732 0.076289326
-0.074148566 0.23321915 0.076289326
-0.07863179 0.22985911 0.076289326
-0.07820913 0.22985911 0.07665673
-0.07820913 0.23017174 0.076289326
-0.071489125 0.23490435 0.076289326
-0.071498156 0.2348991 0.076289326
-0.071489125 0.2348991 0.07629523
-0.06980911 0.2348991 0.07724911
-0.06980911 0.23570782 0.076289326
-0.06812912 0.23645282 0.076289326
-0.07316911 0.23321915 0.077028185
-0.07316911 0.2338643 0.076289326
-0.101889074 0.25001913 0.03932935
-0.101729125 0.25007874 0.03932935
-0.10004911 0.25068557 0.03932935
-0.09836912 0.25169915 0.03823489
-0.09836912 0.25117135 0.03932935
-0.10340911 0.24947625 0.03932935
-0.09332913 0.25439703 0.03932935
-0.09500912 0.2536639 0.03932935
-0.091649115 0.25398302 0.03932935
-0.08996913 0.2537743 0.03932935
-0.08828911 0.25412506 0.03932935
-0.09722996 0.25169915 0.03932935
-0.096689135 0.25205123 0.03932935
-0.09527239 0.2533791 0.03932935
-0.08324912 0.25479764 0.03932935
-0.08492911 0.25505912 0.03849563
-0.08492911 0.25458175 0.03932935
-0.08324912 0.25505912 0.038837522
-0.08228603 0.25505912 0.03932935
-0.081569105 0.2553063 0.03932935
-0.086609125 0.25438935 0.03932935
-0.086609125 0.25505912 0.038105488
-0.07988912 0.2559623 0.03932935
-0.07820913 0.2564404 0.03932935
-0.10340911 0.2281791 0.062399387
-0.10508913 0.2281791 0.06195274
-0.101729125 0.2281791 0.06275079
-0.09500912 0.22985911 0.06274727
-0.096689135 0.22985911 0.06222284
-0.10004911 0.22985911 0.061195344
-0.09836912 0.22985911 0.061665058
-0.09332913 0.23153913 0.061323404
-0.091649115 0.23153913 0.062129825
-0.08996913 0.23153913 0.06281468
-0.086609125 0.2348991 0.061594427
-0.08828911 0.23321915 0.06212017
-0.081569105 0.23825914 0.062836885
-0.05972913 0.2466591 0.065983504
-0.06308913 0.24833912 0.06580719
-0.062023968 0.24833912 0.06452933
-0.061409116 0.24802047 0.06452933
-0.058049113 0.24791133 0.06452933
-0.056369126 0.2482441 0.06452933
-0.05593884 0.24833912 0.06452933
-0.05468911 0.24833912 0.06504792
-0.05468911 0.24862516 0.06452933
-0.06308913 0.24869281 0.06452933
-0.05972913 0.24775422 0.06452933
-0.053009123 0.24833912 0.06579262
-0.053009123 0.24899608 0.06452933
-0.12692913 0.19443041 0.07460934
-0.12345907 0.1979391 0.07460934
-0.12356913 0.19780535 0.07460934
-0.12250295 0.19961911 0.07460934
-0.121889114 0.19961911 0.07626438
-0.121889114 0.20032 0.07460934
-0.12677607 0.19457912 0.07460934
-0.12524912 0.19607246 0.07460934
-0.1250664 0.19625914 0.07460934
-0.11852911 0.20347804 0.07460934
-0.11899701 0.20297915 0.07460934
-0.11852911 0.20297915 0.07524666
-0.116849124 0.2046591 0.07532352
-0.117452234 0.2046591 0.07460934
-0.116849124 0.20534521 0.07460934
-0.12020913 0.20129913 0.07553357
-0.12079558 0.20129913 0.07460934
-0.12020913 0.20181435 0.07460934
-0.11451322 0.20801914 0.07460934
-0.11516911 0.20729655 0.07460934
-0.11516911 0.20633912 0.07555717
-0.11348912 0.20801914 0.07572368
-0.11348912 0.20904553 0.07460934
-0.112837374 0.2096991 0.07460934
-0.111809134 0.2096991 0.075764805
-0.11599043 0.20633912 0.07460934
-0.111809134 0.21076328 0.07460934
-0.056369126 0.22649914 0.093744844
-0.061409116 0.22481912 0.09328249
-0.05972913 0.22481912 0.094145924
-0.046289116 0.22698104 0.09476933
-0.04460913 0.22713757 0.09476933
-0.042929113 0.22745019 0.09476933
-0.042929113 0.2281791 0.093408674
-0.041249126 0.2281791 0.09430358
-0.041249126 0.22790742 0.09476933
-0.04040408 0.2281791 0.09476933
-0.03956911 0.22742528 0.096449345
-0.061409116 0.2651391 0.02515322
-0.06308913 0.2651391 0.024345905
-0.13868913 0.23530716 0.030929327
-0.13829586 0.23657912 0.02924934
-0.13868913 0.23635328 0.02924934
-0.13700911 0.23657912 0.03071016
-0.13700911 0.23645139 0.030929327
-0.13679725 0.23657912 0.030929327
-0.13700911 0.2373423 0.02924934
-0.13532913 0.23740315 0.030929327
-0.13364911 0.23831856 0.030929327
-0.13196912 0.23918533 0.030929327
-0.13364911 0.23936427 0.02924934
-0.1325613 0.2399391 0.02924934
-0.13196912 0.2399391 0.029759675
-0.13196912 0.24025673 0.02924934
-0.13060343 0.2399391 0.030929327
-0.13028911 0.24120134 0.02924934
-0.13028911 0.2401287 0.030929327
-0.13532913 0.23825914 0.029496342
-0.13555062 0.23825914 0.02924934
-0.13532913 0.23840368 0.02924934
-0.13375634 0.23825914 0.030929327
-0.12692913 0.24205756 0.030929327
-0.12524912 0.24329913 0.029792368
-0.12692913 0.2427643 0.02924934
-0.1256839 0.24329913 0.02924934
-0.12524912 0.24281901 0.030929327
-0.12432405 0.24329913 0.030929327
-0.12524912 0.2434839 0.02924934
-0.12356913 0.24422789 0.02924934
-0.12356913 0.24371463 0.030929327
-0.12953988 0.24161911 0.02924934
-0.12860912 0.24161911 0.030179113
-0.12860912 0.24118048 0.030929327
-0.12860912 0.2420609 0.02924934
-0.12784821 0.24161911 0.030929327
-0.1200186 0.24497914 0.030929327
-0.11852911 0.24546647 0.030929327
-0.12020913 0.2455445 0.02924934
-0.11852911 0.24604505 0.02924934
-0.116849124 0.24588674 0.030929327
-0.116849124 0.24628103 0.02924934
-0.11516911 0.2466591 0.029781729
-0.11548817 0.2466591 0.02924934
-0.11516911 0.24640357 0.030929327
-0.121889114 0.24485242 0.02924934
-0.121889114 0.2443108 0.030929327
-0.12156442 0.24497914 0.02924934
-0.12020913 0.24497914 0.030784965
-0.12020913 0.2449072 0.030929327
-0.07316911 0.2600991 0.044799954
-0.07484913 0.2593736 0.046049327
-0.0735957 0.2600991 0.046049327
-0.07316911 0.2602921 0.046049327
-0.071489125 0.26074946 0.046049327
-0.068234116 0.2600991 0.046049327
-0.076529115 0.25839967 0.046049327
-0.076503515 0.2584191 0.046049327
-0.06980911 0.2606548 0.046049327
-0.06308913 0.25751 0.046049327
-0.06476912 0.25798577 0.046049327
-0.061409116 0.25727838 0.046049327
-0.06812912 0.26002747 0.046049327
-0.06562325 0.2584191 0.046049327
-0.066449106 0.25893033 0.046049327
-0.058049113 0.2584191 0.044433564
-0.056369126 0.2584191 0.045345932
-0.05526343 0.2584191 0.046049327
-0.05468911 0.25858927 0.046049327
-0.05972913 0.25730395 0.046049327
-0.058049113 0.2576151 0.046049327
-0.056369126 0.25806862 0.046049327
-0.1268214 0.18449914 0.08804932
-0.12692913 0.18449914 0.08792308
-0.12692913 0.18439937 0.08804932
-0.125175 0.1861791 0.08804932
-0.12356913 0.1876986 0.08804932
-0.12356913 0.18785912 0.087845415
-0.1249257 0.18785912 0.086369365
-0.12524912 0.1875788 0.086369365
-0.12524912 0.1861791 0.08796516
-0.12356913 0.18906009 0.086369365
-0.12339622 0.18785912 0.08804932
-0.121889114 0.18953913 0.08781031
-0.121889114 0.18933684 0.08804932
-0.12308672 0.18953913 0.086369365
-0.12692913 0.1859622 0.086369365
-0.12524912 0.18610328 0.08804932
-0.12672758 0.1861791 0.086369365
-0.11852911 0.19289911 0.08775124
-0.12020913 0.19247746 0.086369365
-0.12020913 0.19121909 0.088020176
-0.120185524 0.19121909 0.08804932
-0.11852911 0.1926843 0.08804932
-0.121889114 0.19078183 0.086369365
-0.12169692 0.18953913 0.08804932
-0.121472895 0.19121909 0.086369365
-0.12020913 0.19119453 0.08804932
-0.09500912 0.21137911 0.090963215
-0.09332913 0.21305913 0.09071478
-0.08996913 0.21519536 0.091409355
-0.09054124 0.21473914 0.091409355
-0.08828911 0.2156114 0.091409355
-0.086609125 0.21613014 0.091409355
-0.086609125 0.2164191 0.090858966
-0.086055875 0.2164191 0.091409355
-0.091649115 0.2138322 0.091409355
-0.091649115 0.21473914 0.08992204
-0.08324912 0.21921825 0.091409355
-0.08324912 0.21977913 0.090869814
-0.083942115 0.21809912 0.091409355
-0.082859606 0.21977913 0.091409355
-0.081569105 0.22136045 0.091409355
-0.081569105 0.22145915 0.091260105
-0.08492911 0.21721941 0.091409355
-0.08492911 0.21809912 0.09007737
-0.076529115 0.22145915 0.09122786
-0.07820913 0.22145915 0.091121644
-0.07820913 0.22122121 0.091409355
-0.07918051 0.22145915 0.091409355
-0.07533324 0.22145915 0.091409355
-0.076529115 0.22130477 0.091409355
-0.08130291 0.22145915 0.091409355
-0.07988912 0.22157466 0.091409355
-0.07484913 0.22154021 0.091409355
-0.07316911 0.22197568 0.091409355
-0.07316911 0.2231391 0.08976695
-0.071489125 0.22255456 0.091409355
-0.071489125 0.2231391 0.090702266
-0.13868913 0.23657912 0.028849423
-0.13532913 0.23931378 0.027569324
-0.13700911 0.23831117 0.027569324
-0.13700911 0.23825914 0.027653575
-0.13364911 0.2399391 0.02819994
-0.13424042 0.2399391 0.027569324
-0.13364911 0.240287 0.027569324
-0.13868913 0.2372812 0.027569324
-0.13709038 0.23825914 0.027569324
-0.13028911 0.24161911 0.028419137
-0.121889114 0.24497914 0.027825683
-0.13364911 0.21809912 0.046629816
-0.13364911 0.2164191 0.047181934
-0.13532913 0.2164191 0.04622975
-0.13278696 0.2164191 0.047729343
-0.13202956 0.21809912 0.047729343
-0.13463128 0.21473914 0.047729343
-0.13364911 0.21545303 0.047729343
-0.12020913 0.2281791 0.051088005
-0.121889114 0.2281791 0.04943496
-0.12020913 0.22985911 0.049641192
-0.121889114 0.22649914 0.050869018
-0.11852911 0.23153913 0.049966425
-0.116849124 0.23321915 0.050211668
-0.11012912 0.23657912 0.050897628
-0.111809134 0.23657912 0.05019352
-0.10968113 0.23657912 0.051089346
-0.11012912 0.2363894 0.051089346
-0.11516911 0.2348991 0.049651116
-0.11348912 0.2348991 0.051018327
-0.106769115 0.23768878 0.051089346
-0.106769115 0.23825914 0.050531417
-0.10844913 0.23825914 0.0499326
-0.10844913 0.23708528 0.051089346
-0.08996913 0.2399391 0.054236352
-0.091649115 0.2399391 0.05339673
-0.08828911 0.24161911 0.053577185
-0.08492911 0.24497914 0.053057313
-0.086609125 0.24329913 0.053328276
-0.08324912 0.24497914 0.054382265
-0.081569105 0.2466591 0.054155827
-0.07988912 0.24833912 0.052933246
-0.07316911 0.2508031 0.05444935
-0.07316911 0.25169915 0.05297467
-0.07152718 0.25169915 0.05444935
-0.071489125 0.25178593 0.05444935
-0.071489125 0.2533791 0.054029644
-0.076529115 0.24925864 0.05444935
-0.07499695 0.25001913 0.05444935
-0.07484913 0.2500921 0.05444935
-0.07081205 0.2533791 0.05444935
-0.071489125 0.25505912 0.05372551
-0.07316911 0.25505912 0.05302477
-0.07316911 0.25673914 0.052973688
-0.071489125 0.25673914 0.05284071
-0.13196912 0.20129913 0.058733463
-0.12860912 0.20525438 0.057809323
-0.12913081 0.2046591 0.057809323
-0.13028911 0.2037341 0.057809323
-0.12778893 0.20633912 0.057809323
-0.12692913 0.20801914 0.058040053
-0.12700906 0.20801914 0.057809323
-0.1311486 0.20297915 0.057809323
-0.13196912 0.20210391 0.057809323
-0.13028911 0.20297915 0.05902514
-0.12524912 0.21137911 0.058452874
-0.12524912 0.21179914 0.057809323
-0.12550238 0.21137911 0.057809323
-0.12447742 0.21305913 0.057809323
-0.12356913 0.21305913 0.05876249
-0.12356913 0.21460515 0.057809323
-0.12692913 0.2083841 0.057809323
-0.1266166 0.2096991 0.057809323
-0.121889114 0.21707243 0.057809323
-0.122238606 0.2164191 0.057809323
-0.121889114 0.2164191 0.058140397
-0.12020913 0.21809912 0.058470875
-0.121123195 0.21809912 0.057809323
-0.12020913 0.21886015 0.057809323
-0.121889114 0.21473914 0.059213668
-0.12348691 0.21473914 0.057809323
-0.116849124 0.22145915 0.058991104
-0.11807197 0.22145915 0.057809323
-0.11852911 0.2208727 0.057809323
-0.116849124 0.22295141 0.057809323
-0.11516911 0.2231391 0.05921787
-0.11669195 0.2231391 0.057809323
-0.11852911 0.21977913 0.05864954
-0.11938104 0.21977913 0.057809323
-0.12860912 0.2046591 0.061487406
-0.1318832 0.19961911 0.061169326
-0.12692913 0.20633912 0.06261438
-0.12524912 0.20801914 0.061173886
-0.121889114 0.21137911 0.06276983
-0.12356913 0.2096991 0.061887056
-0.07988912 0.2231391 0.08752623
-0.07820913 0.22322023 0.08804932
-0.07484913 0.22406012 0.08804932
-0.07316911 0.224482 0.08804932
-0.07316911 0.22481912 0.08766344
-0.07484913 0.22481912 0.08716139
-0.072110265 0.22481912 0.08804932
-0.071489125 0.2250436 0.08804932
-0.076529115 0.22362947 0.08804932
-0.076529115 0.22481912 0.08644715
-0.06980911 0.22649914 0.08711621
-0.06812912 0.22649914 0.087913185
-0.071489125 0.22649914 0.086408645
-0.067851275 0.22649914 0.08804932
-0.066449106 0.2270186 0.08804932
-0.06476912 0.2281791 0.08738175
-0.066449106 0.2281791 0.08653185
-0.06980911 0.22570246 0.08804932
-0.06812912 0.2263872 0.08804932
-0.06308913 0.22832942 0.08804932
-0.061409116 0.2288838 0.08804932
-0.05972913 0.22928393 0.08804932
-0.061409116 0.22985911 0.08677927
-0.058049113 0.22985911 0.087828964
-0.05972913 0.22985911 0.08724907
-0.057448536 0.22985911 0.08804932
-0.058049113 0.22969872 0.08804932
-0.06476912 0.22763962 0.08804932
-0.06345472 0.2281791 0.08804932
-0.056369126 0.23014385 0.08804932
-0.05468911 0.23047394 0.08804932
-0.05468911 0.23153913 0.086576074
-0.053009123 0.23153913 0.08669624
-0.053009123 0.23068899 0.08804932
-0.051329106 0.23153913 0.08665523
-0.11516911 0.24677104 0.02924934
-0.11012912 0.24895543 0.02924934
-0.10734174 0.25001913 0.02924934
-0.10844913 0.24958515 0.02924934
-0.106769115 0.25001913 0.030826122
-0.106769115 0.25025314 0.02924934
-0.11348912 0.24743098 0.02924934
-0.111809134 0.24820828 0.02924934
-0.11154333 0.24833912 0.02924934
-0.10004911 0.2531525 0.02924934
-0.101729125 0.2524643 0.02924934
-0.09836912 0.25382537 0.02924934
-0.09949401 0.2533791 0.02924934
-0.10508913 0.25096184 0.02924934
-0.10340911 0.25169772 0.02924934
-0.10340631 0.25169915 0.02924934
-0.091649115 0.2570616 0.02924934
-0.09233749 0.25673914 0.02924934
-0.09332913 0.25620598 0.02924934
-0.08996913 0.25756204 0.02924934
-0.08828911 0.25808477 0.02924934
-0.08719006 0.2584191 0.02924934
-0.096689135 0.2545516 0.02924934
-0.09500912 0.25533354 0.02924934
-0.09558925 0.25505912 0.02924934
-0.08324912 0.25964957 0.02924934
-0.086609125 0.2584191 0.02974382
-0.086609125 0.2585976 0.02924934
-0.08492911 0.25911814 0.02924934
-0.13357958 0.21305913 0.04940933
-0.13364911 0.21305913 0.04936877
-0.13364911 0.21299183 0.04940933
-0.13196912 0.21809912 0.047768712
-0.13196912 0.21474504 0.04940933
-0.13028911 0.2162205 0.04940933
-0.13028911 0.2164191 0.049304783
-0.13196912 0.2164191 0.048322737
-0.13028911 0.21809912 0.048746377
-0.13013461 0.2164191 0.04940933
-0.12928918 0.21809912 0.04940933
-0.1319747 0.21473914 0.04940933
-0.13364911 0.21473914 0.048214644
-0.12860912 0.22145915 0.04854533
-0.12860912 0.21977913 0.049295932
-0.13028911 0.21977913 0.04806885
-0.1284681 0.21977913 0.04940933
-0.12759417 0.22145915 0.04940933
-0.12692913 0.22252423 0.04940933
-0.12860912 0.21946198 0.04940933
-0.12528402 0.22481912 0.04940933
-0.12692913 0.22481912 0.04776764
-0.12524912 0.22486019 0.04940933
-0.12385571 0.22649914 0.04940933
-0.12356913 0.22677016 0.04940933
-0.12692913 0.2231391 0.049059212
-0.12651363 0.2231391 0.04940933
-0.12191546 0.2281791 0.04940933
-0.13196912 0.20370048 0.056129336
-0.13259575 0.20297915 0.056129336
-0.13196912 0.20297915 0.05672857
-0.12020913 0.21305913 0.062373698
-0.11852911 0.2164191 0.061417848
-0.116849124 0.21809912 0.061745107
-0.11852911 0.21473914 0.062619805
-0.11348912 0.22145915 0.062374115
-0.111809134 0.2231391 0.06259334
-0.111809134 0.22481912 0.061532438
-0.11516911 0.21977913 0.062060207
-0.11012912 0.22649914 0.06169048
-0.11012912 0.22481912 0.0626502
-0.10844913 0.22649914 0.06223932
-0.106769115 0.2281791 0.061379224
-0.12860912 0.19289911 0.0744521
-0.12524912 0.19625914 0.07438505
-0.12356913 0.1979391 0.07440087
-0.12692913 0.19457912 0.07443887
-0.12020913 0.20297915 0.073009014
-0.11852911 0.2046591 0.073316574
-0.10493684 0.21137911 0.081329316
-0.10340911 0.21305913 0.080880195
-0.10508913 0.21137911 0.08114532
-0.10508913 0.21124548 0.081329316
-0.10059461 0.21473914 0.081329316
-0.10004911 0.21518779 0.081329316
-0.101729125 0.21473914 0.08012989
-0.101729125 0.21393132 0.081329316
-0.10004911 0.2164191 0.079867095
-0.098522276 0.2164191 0.081329316
-0.10297835 0.21305913 0.081329316
-0.10340911 0.21272415 0.081329316
-0.09572172 0.21809912 0.081329316
-0.09500912 0.21851796 0.081329316
-0.09332913 0.21977913 0.081300944
-0.09330666 0.21977913 0.081329316
-0.09332913 0.21977448 0.081329316
-0.091649115 0.21999109 0.081329316
-0.09836912 0.21654397 0.081329316
-0.096689135 0.21809912 0.08067605
-0.096689135 0.21760803 0.081329316
-0.08776736 0.22145915 0.081329316
-0.08828911 0.22145915 0.08086881
-0.08828911 0.22116458 0.081329316
-0.086609125 0.22211486 0.081329316
-0.08996913 0.2204004 0.081329316
-0.076529115 0.2584191 0.04607892
-0.061409116 0.25673914 0.04721296
-0.05972913 0.25673914 0.047162652
-0.05468911 0.2584191 0.046389103
-0.06476912 0.25337744 0.05444935
-0.066449106 0.2533791 0.0542821
-0.066449106 0.253237 0.05444935
-0.067827135 0.2533791 0.05444935
-0.06980911 0.25630772 0.052769333
-0.06980911 0.25505912 0.0537028
-0.06812912 0.25505912 0.053341925
-0.071075946 0.25673914 0.052769333
-0.06812912 0.25347638 0.05444935
-0.06812912 0.25570613 0.052769333
-0.06648928 0.25505912 0.052769333
-0.066449106 0.25504208 0.052769333
-0.06476912 0.2533791 0.054446787
-0.06980911 0.25382698 0.05444935
-0.06308913 0.25362617 0.05444935
-0.06308913 0.25435764 0.052769333
-0.06476912 0.25454372 0.052769333
-0.06475958 0.2533791 0.05444935
-0.061409116 0.2543429 0.052769333
-0.061409116 0.25369304 0.05444935
-0.05972913 0.25373304 0.05444935
-0.05972913 0.25441885 0.052769333
-0.058049113 0.25461495 0.052769333
-0.07316911 0.25719088 0.052769333
-0.071489125 0.25686598 0.052769333
-0.05468911 0.25527048 0.052769333
-0.05468911 0.25505912 0.053218395
-0.053009123 0.25549728 0.052769333
-0.053009123 0.25505912 0.053868234
-0.056369126 0.2549315 0.052769333
-0.055769473 0.25505912 0.052769333
-0.06308913 0.2323569 0.08300933
-0.06308913 0.23321915 0.08202335
-0.061409116 0.23292917 0.08300933
-0.061409116 0.23321915 0.082689494
-0.058049113 0.2348991 0.081918865
-0.05972913 0.2348991 0.08148673
-0.058049113 0.23389864 0.08300933
-0.05972913 0.23343217 0.08300933
-0.056369126 0.23433506 0.08300933
-0.05468911 0.23471886 0.08300933
-0.056369126 0.2348991 0.082327455
-0.060456276 0.23321915 0.08300933
-0.053009123 0.23491448 0.08300933
-0.05323404 0.2348991 0.08300933
-0.051329106 0.23491973 0.08300933
-0.047969103 0.23526418 0.08300933
-0.04964912 0.23499799 0.08300933
-0.05468911 0.2348991 0.08278498
-0.046289116 0.23559278 0.08300933
-0.04460913 0.23589402 0.08300933
-0.11516911 0.19598657 0.08804932
-0.11645138 0.19457912 0.08804932
-0.11492294 0.19625914 0.08804932
-0.11348912 0.19793195 0.08804932
-0.113482416 0.1979391 0.08804932
-0.116849124 0.19417089 0.08804932
-0.118270814 0.19289911 0.08804932
-0.10844913 0.20297915 0.08820912
-0.11005843 0.20129913 0.08804932
-0.108549535 0.20297915 0.08804932
-0.106769115 0.20442164 0.08804932
-0.10844913 0.20307559 0.08804932
-0.111809134 0.19949508 0.08804932
-0.11167252 0.19961911 0.08804932
-0.11012912 0.20121777 0.08804932
-0.10340911 0.20633912 0.08942726
-0.104557365 0.20633912 0.08804932
-0.10508913 0.20584458 0.08804932
-0.101729125 0.20801914 0.08924088
-0.10340911 0.20742822 0.08804932
-0.10273823 0.20801914 0.08804932
-0.101729125 0.2088657 0.08804932
-0.10508913 0.2046591 0.08954039
-0.10646218 0.2046591 0.08804932
-0.08996913 0.21473914 0.091902286
-0.08828911 0.21473914 0.09247264
-0.08492911 0.2164191 0.0924553
-0.08324912 0.21809912 0.0920631
-0.07988912 0.21977913 0.09249452
-0.081569105 0.21977913 0.09225407
-0.07820913 0.21977913 0.09261933
-0.07988912 0.22145915 0.09156969
-0.081569105 0.21809912 0.09301892
-0.076529115 0.21977913 0.09289518
-0.07484913 0.22145915 0.09151223
-0.06980911 0.22306776 0.091409355
-0.071489125 0.22145915 0.09274116
-0.07316911 0.22145915 0.09212068
-0.13532913 0.21977913 0.04424578
-0.13532913 0.2231391 0.04316297
-0.1360175 0.2231391 0.042689323
-0.13532913 0.22145915 0.043610096
-0.13364911 0.2231391 0.044100672
-0.13247487 0.22649914 0.042689323
-0.13364911 0.22549951 0.042689323
-0.13196912 0.22481912 0.04406756
-0.13364911 0.22481912 0.043170393
-0.1343981 0.22481912 0.042689323
-0.13196912 0.22649914 0.04299301
-0.13149479 0.22481912 0.04436934
-0.13028911 0.2260986 0.04436934
-0.13196912 0.22702879 0.042689323
-0.13196912 0.22437406 0.04436934
-0.13532913 0.22391856 0.042689323
-0.12880996 0.22985911 0.042689323
-0.13028911 0.22870624 0.042689323
-0.12860912 0.2281791 0.044068485
-0.13028911 0.2281791 0.04305026
-0.1308789 0.2281791 0.042689323
-0.12860912 0.22985911 0.042804807
-0.12810943 0.2281791 0.04436934
-0.12692913 0.22985911 0.04387772
-0.12692913 0.22917181 0.04436934
-0.12860912 0.22777653 0.04436934
-0.13028911 0.22649914 0.044109493
-0.12993488 0.22649914 0.04436934
-0.12446338 0.23153913 0.04436934
-0.12524912 0.23153913 0.04373771
-0.12524912 0.23265427 0.042689323
-0.12662625 0.23153913 0.042689323
-0.12524912 0.23073292 0.04436934
-0.12356913 0.23229975 0.04436934
-0.12692913 0.23129284 0.042689323
-0.12860912 0.2299943 0.042689323
-0.12617043 0.22985911 0.04436934
-0.11849722 0.2231391 0.056129336
-0.116849124 0.2231391 0.057664454
-0.116849124 0.22481912 0.05654919
-0.11741701 0.22481912 0.056129336
-0.11348912 0.2274406 0.057809323
-0.11348912 0.2281791 0.057120323
-0.11516911 0.22649914 0.05698636
-0.11485624 0.2281791 0.056129336
-0.11516911 0.22789866 0.056129336
-0.116503865 0.22649914 0.056129336
-0.11424515 0.22649914 0.057809323
-0.11348912 0.22917086 0.056129336
-0.11284304 0.2281791 0.057809323
-0.111809134 0.22898841 0.057809323
-0.116849124 0.22590417 0.056129336
-0.115335345 0.22481912 0.057809323
-0.11516911 0.2250678 0.057809323
-0.10844913 0.23072767 0.057809323
-0.10844913 0.23153913 0.05691299
-0.10983488 0.23153913 0.056129336
-0.10844913 0.2322678 0.056129336
-0.11012912 0.22993046 0.057809323
-0.11012912 0.23137587 0.056129336
-0.10624182 0.23153913 0.057809323
-0.106769115 0.23153913 0.057620913
-0.106769115 0.23137283 0.057809323
-0.106769115 0.23291141 0.056129336
-0.111809134 0.22985911 0.05671048
-0.11256865 0.22985911 0.056129336
-0.11025974 0.22985911 0.057809323
-0.111809134 0.23035908 0.056129336
-0.10004911 0.23257524 0.057809323
-0.101729125 0.23321915 0.056792855
-0.101729125 0.23234767 0.057809323
-0.10004911 0.23321915 0.05700949
-0.10340911 0.23321915 0.05660805
-0.10340911 0.23211074 0.057809323
-0.10340911 0.2336638 0.056129336
-0.10508913 0.23321915 0.05629751
-0.10508913 0.23337865 0.056129336
-0.10573915 0.23321915 0.056129336
-0.10508913 0.23183924 0.057809323
-0.10004911 0.23399931 0.056129336
-0.101729125 0.2337963 0.056129336
-0.091649115 0.2231391 0.075754285
-0.086609125 0.22649914 0.07475567
-0.08492911 0.22649914 0.07615715
-0.08828911 0.22481912 0.07589924
-0.08324912 0.2281791 0.07505369
-0.07988912 0.22985911 0.07537329
-0.076529115 0.2328335 0.07460934
-0.076013476 0.23321915 0.07460934
-0.07820913 0.23153913 0.07482153
-0.076529115 0.23153913 0.076150924
-0.07484913 0.23404258 0.07460934
-0.07484913 0.23321915 0.07571635
-0.071489125 0.23614055 0.07460934
-0.07316911 0.2348991 0.07497838
-0.07356772 0.2348991 0.07460934
-0.07316911 0.23517692 0.07460934
-0.12524912 0.18953913 0.08373001
-0.12450105 0.18953913 0.08468935
-0.12356913 0.19048452 0.08468935
-0.12356913 0.19121909 0.08378866
-0.122850835 0.19121909 0.08468935
-0.121889114 0.19212306 0.08468935
-0.12643307 0.18785912 0.08468935
-0.12524912 0.18886572 0.08468935
-0.12692913 0.18785912 0.084020406
-0.12692913 0.18740505 0.08468935
-0.12768164 0.18785912 0.08300933
-0.12020913 0.19457912 0.083342105
-0.11852911 0.19625914 0.08316204
-0.121889114 0.19289911 0.08362779
-0.11516911 0.19961911 0.083483964
-0.116849124 0.1979391 0.08308157
-0.11348912 0.20129913 0.08451906
-0.11012912 0.2046591 0.083218366
-0.111809134 0.20297915 0.08350566
-0.07316911 0.22316629 0.08972934
-0.071489125 0.22382212 0.08972934
-0.06862256 0.22481912 0.08972934
-0.06812912 0.22501034 0.08972934
-0.06980911 0.22481912 0.08915761
-0.06476912 0.22649914 0.08949974
-0.066449106 0.22649914 0.08872709
-0.066449106 0.2256599 0.08972934
-0.06476912 0.22630686 0.08972934
-0.071489125 0.22481912 0.088324755
-0.06980911 0.22439808 0.08972934
-0.06308913 0.2281791 0.088231534
-0.061409116 0.2281791 0.0889841
-0.061409116 0.22759324 0.08972934
-0.06308913 0.22697288 0.08972934
-0.05972913 0.2281791 0.08965543
-0.05972913 0.2281236 0.08972934
-0.059535503 0.2281791 0.08972934
-0.06429416 0.22649914 0.08972934
-0.053009123 0.22985911 0.08945492
-0.05468911 0.22985911 0.088970155
-0.05468911 0.22935712 0.08972934
-0.053009123 0.22967678 0.08972934
-0.056369126 0.22985911 0.08844283
-0.056369126 0.22898668 0.08972934
-0.052125752 0.22985911 0.08972934
-0.058049113 0.22856677 0.08972934
-0.12356913 0.18449914 0.09230897
-0.121889114 0.1861791 0.09199253
-0.11852911 0.18953913 0.09175536
-0.12020913 0.18785912 0.09176192
-0.11516911 0.19289911 0.09210876
-0.11348912 0.19457912 0.09211436
-0.116849124 0.19121909 0.092089444
-0.06308913 0.26657116 0.020849347
-0.06476912 0.26681912 0.019791335
-0.06476912 0.2662658 0.020849347
-0.06308913 0.26681912 0.02028054
-0.058049113 0.26751077 0.020849347
-0.05972913 0.26770264 0.01916933
-0.05972913 0.26724327 0.020849347
-0.061908484 0.26681912 0.020849347
-0.13196912 0.2089017 0.052769333
-0.13364911 0.20801914 0.052804112
-0.13196912 0.20801914 0.053824425
-0.13364911 0.2080403 0.052769333
-0.13369277 0.20801914 0.052769333
-0.12968472 0.20801914 0.05444935
-0.13028911 0.20801914 0.054161906
-0.13028911 0.20759118 0.05444935
-0.13028911 0.2096991 0.053420395
-0.13108271 0.2096991 0.052769333
-0.13196912 0.207353 0.05444935
-0.12860912 0.21057433 0.05444935
-0.12865156 0.21137911 0.05444935
-0.13028911 0.21137911 0.053369254
-0.13028911 0.21205163 0.052769333
-0.13078257 0.21137911 0.052769333
-0.12860912 0.2096991 0.054431945
-0.12860912 0.21305913 0.05320999
-0.1291253 0.21305913 0.052769333
-0.12860912 0.21142596 0.05444935
-0.12860912 0.20963073 0.05444935
-0.12858218 0.2096991 0.05444935
-0.12617114 0.21473914 0.05444935
-0.12692913 0.21568573 0.052769333
-0.12742618 0.21473914 0.052769333
-0.12692913 0.21473914 0.053350568
-0.12860912 0.2134611 0.052769333
-0.12731597 0.21305913 0.05444935
-0.12692913 0.21355319 0.05444935
-0.09836912 0.22481912 0.068739444
-0.10004911 0.22481912 0.06817195
-0.10004911 0.2238189 0.06956935
-0.09836912 0.22422057 0.06956935
-0.096689135 0.22468579 0.06956935
-0.10340911 0.2231391 0.06859779
-0.101729125 0.2232582 0.06956935
-0.091649115 0.22649914 0.06926817
-0.09332913 0.22649914 0.06803262
-0.09332913 0.22566551 0.06956935
-0.091649115 0.22632873 0.06956935
-0.0913367 0.22649914 0.06956935
-0.096689135 0.22481912 0.06937727
-0.0962418 0.22481912 0.06956935
-0.09500912 0.22518754 0.06956935
-0.086609125 0.22930741 0.06956935
-0.086609125 0.22985911 0.06866735
-0.08832654 0.2281791 0.06956935
-0.08828911 0.22820002 0.06956935
-0.08589864 0.22985911 0.06956935
-0.08492911 0.23067999 0.06956935
-0.08996913 0.22731751 0.06956935
-0.08996913 0.2281791 0.068080276
-0.0813947 0.23321915 0.06956935
-0.081569105 0.23321915 0.06933734
-0.081569105 0.23309815 0.06956935
-0.08324912 0.23200148 0.06956935
-0.07988912 0.23429269 0.06956935
-0.07988912 0.2348991 0.06853944
-0.08492911 0.23153913 0.06817019
-0.08390272 0.23153913 0.06956935
-0.07904068 0.2348991 0.06956935
-0.07820913 0.23548043 0.06956935
-0.09500912 0.22481912 0.07021698
-0.08996913 0.22649914 0.070901066
-0.09332913 0.22481912 0.07119417
-0.08492911 0.22985911 0.070601255
-0.08324912 0.23153913 0.07026413
-0.08828911 0.2281791 0.06960511
-0.07820913 0.2348991 0.070479214
-0.076529115 0.23321915 0.07411352
-0.07484913 0.2348991 0.07334995
-0.071489125 0.23657912 0.073773086
-0.066449106 0.23825914 0.0746021
-0.06476912 0.2399391 0.07317847
-0.061409116 0.24161911 0.0733999
-0.05972913 0.24161911 0.07438713
-0.056369126 0.24329913 0.07294163
-0.05468911 0.24329913 0.073485315
-0.053009123 0.24329913 0.07387522
-0.051329106 0.24329913 0.0743489
-0.1278351 0.19121909 0.07796934
-0.12692913 0.1920827 0.07796934
-0.12860912 0.19121909 0.07689074
-0.12860912 0.1905275 0.07796934
-0.12317282 0.19457912 0.07964936
-0.12356913 0.19457912 0.07912257
-0.12356913 0.19420904 0.07964936
-0.12485066 0.19289911 0.07964936
-0.121889114 0.19625914 0.07913074
-0.121889114 0.19582474 0.07964936
-0.12524912 0.19289911 0.0790858
-0.12020913 0.1979391 0.079402536
-0.12001276 0.1979391 0.07964936
-0.11852911 0.1995278 0.07964936
-0.11852911 0.19961911 0.0795472
-0.11844441 0.19961911 0.07964936
-0.11700389 0.20129913 0.07964936
-0.12147355 0.19625914 0.07964936
-0.12020913 0.19771492 0.07964936
-0.11348912 0.20420164 0.07964936
-0.11348912 0.2046591 0.07910457
-0.11491504 0.20297915 0.07964936
-0.11516911 0.20297915 0.07936928
-0.113043755 0.2046591 0.07964936
-0.111809134 0.2060988 0.07964936
-0.116849124 0.20144582 0.07964936
-0.11516911 0.20278537 0.07964936
-0.10998267 0.20801914 0.07964936
-0.10844913 0.20966727 0.07964936
-0.11012912 0.20801914 0.079486996
-0.10844913 0.2096991 0.07961562
-0.11012912 0.20785326 0.07964936
-0.108416796 0.2096991 0.07964936
-0.111809134 0.20633912 0.07943109
-0.11158165 0.20633912 0.07964936
-0.10653764 0.21137911 0.07964936
-0.106769115 0.21118987 0.07964936
-0.106769115 0.21137911 0.07944599
-0.06980911 0.2231391 0.091337115
-0.066449106 0.22481912 0.090670735
-0.06476912 0.22481912 0.091401964
-0.06812912 0.22481912 0.08996412
-0.06308913 0.22649914 0.09031978
-0.058049113 0.2281791 0.090295285
-0.056369126 0.2281791 0.09095618
-0.061409116 0.22649914 0.09115103
-0.13532913 0.2399391 0.026428998
-0.13766813 0.2348991 0.032609344
-0.13868913 0.2339077 0.032609344
-0.13700911 0.2348991 0.033259064
-0.13868913 0.23321915 0.033328027
-0.13364911 0.23717952 0.032609344
-0.13364911 0.23657912 0.03351429
-0.1347732 0.23657912 0.032609344
-0.13028911 0.23825914 0.034043074
-0.1316934 0.23825914 0.032609344
-0.13196912 0.2380969 0.032609344
-0.13532913 0.2362675 0.032609344
-0.13700911 0.23536634 0.032609344
-0.12692913 0.2412743 0.032609344
-0.12620476 0.24161911 0.032609344
-0.12860912 0.2399391 0.033194363
-0.12860912 0.24024242 0.032609344
-0.12524912 0.24201715 0.032609344
-0.12524912 0.24161911 0.033366323
-0.13028911 0.23908305 0.032609344
-0.12903458 0.2399391 0.032609344
-0.11852911 0.24461162 0.032609344
-0.12020913 0.24329913 0.033492
-0.12020913 0.24379998 0.032609344
-0.121566445 0.24329913 0.032609344
-0.116849124 0.24497914 0.033461183
-0.11777401 0.24497914 0.032609344
-0.116849124 0.24457693 0.03428933
-0.12356913 0.2426722 0.032609344
-0.121889114 0.24319339 0.032609344
-0.11348912 0.24622756 0.03428933
-0.11602041 0.24497914 0.03428933
-0.11516911 0.24596971 0.032609344
-0.116849124 0.24536449 0.032609344
-0.11516911 0.24539179 0.03428933
-0.08492911 0.25673914 0.03524691
-0.076529115 0.2584191 0.034908324
-0.07820913 0.2584191 0.034461856
-0.07484913 0.2584191 0.035510153
-0.066449106 0.2600991 0.034306705
-0.07316911 0.2584191 0.035879105
-0.061409116 0.26177913 0.034772307
-0.05972913 0.26177913 0.03577265
-0.06476912 0.2600991 0.035253316
-0.056369126 0.26345915 0.03496641
-0.10004911 0.24161911 0.049094945
-0.101729125 0.24161911 0.04849726
-0.101729125 0.24236101 0.047729343
-0.10340911 0.24161911 0.0478788
-0.10340911 0.2417745 0.047729343
-0.10004911 0.24302775 0.047729343
-0.09934667 0.24329913 0.047729343
-0.10407889 0.24161911 0.047729343
-0.09836912 0.24368018 0.047729343
-0.09836912 0.24329913 0.048061877
-0.096689135 0.24419564 0.047729343
-0.09500912 0.24474388 0.047729343
-0.096689135 0.24329913 0.048487008
-0.09500912 0.24329913 0.0489015
-0.094362885 0.24497914 0.047729343
-0.09332913 0.24497914 0.04805085
-0.08996913 0.2466591 0.048389316
-0.091649115 0.24497914 0.04880306
-0.08828911 0.24833912 0.047748566
-0.08828911 0.2466591 0.04925707
-0.09332913 0.24547249 0.047729343
-0.086609125 0.24833912 0.048609108
-0.13028911 0.20519346 0.056129336
-0.12860912 0.20633912 0.05659178
-0.13094807 0.2046591 0.056129336
-0.13028911 0.2046591 0.05659306
-0.12860912 0.20686138 0.056129336
-0.12906742 0.20633912 0.056129336
-0.12524912 0.21305913 0.056952685
-0.12596384 0.21305913 0.056129336
-0.12622675 0.21137911 0.056129336
-0.12524912 0.21453601 0.056129336
-0.12356913 0.21473914 0.05772844
-0.12692913 0.20952582 0.056129336
-0.12780422 0.20801914 0.056129336
-0.12685007 0.2096991 0.056129336
-0.121889114 0.21809912 0.057158202
-0.12266928 0.21809912 0.056129336
-0.121889114 0.21898216 0.056129336
-0.12356913 0.21681821 0.056129336
-0.12356913 0.2164191 0.05645135
-0.12020913 0.21977913 0.057008773
-0.12110728 0.21977913 0.056129336
-0.12512282 0.21473914 0.056129336
-0.12385219 0.2164191 0.056129336
-0.11852911 0.22309637 0.056129336
-0.11852911 0.22145915 0.057368517
-0.12020913 0.2208783 0.056129336
-0.11976698 0.22145915 0.056129336
-0.05972913 0.25001913 0.061139196
-0.051329106 0.25169915 0.059953034
-0.116849124 0.21137911 0.06807616
-0.11516911 0.21305913 0.06839752
-0.11852911 0.2096991 0.06805688
-0.111809134 0.2164191 0.06902018
-0.11348912 0.21473914 0.06882346
-0.106769115 0.22145915 0.06833345
-0.10508913 0.22145915 0.06950638
-0.10844913 0.21977913 0.069119394
-0.12860912 0.18953913 0.07951835
-0.12692913 0.19121909 0.07908115
-0.101729125 0.2096991 0.087080866
-0.10004911 0.21137911 0.08680132
-0.09836912 0.21305913 0.08661905
-0.096689135 0.21305913 0.087804645
-0.09500912 0.21473914 0.087055534
-0.08996913 0.2164191 0.08750358
-0.091649115 0.2164191 0.08656958
-0.08492911 0.21977913 0.08749148
-0.13532913 0.23657912 0.03216636
-0.13364911 0.23825914 0.031012535
-0.13196912 0.23825914 0.032358736
-0.13868913 0.2348991 0.031497955
-0.13028911 0.2399391 0.031211019
-0.12692913 0.24161911 0.03190452
-0.121889114 0.24329913 0.032436967
-0.12356913 0.24329913 0.03158599
-0.11852911 0.24497914 0.031932622
-0.13196912 0.21473914 0.049413085
-0.13098475 0.21305913 0.051089346
-0.13196912 0.21305913 0.05039823
-0.13196912 0.21169257 0.051089346
-0.13028911 0.21366626 0.051089346
-0.13028911 0.21473914 0.05029908
-0.12921515 0.21473914 0.051089346
-0.13348395 0.2096991 0.051089346
-0.13219506 0.21137911 0.051089346
-0.13364911 0.21137911 0.05030465
-0.13364911 0.2096991 0.051010996
-0.12860912 0.2164191 0.050580442
-0.12860912 0.21809912 0.049903005
-0.12692913 0.21977913 0.050740957
-0.12860912 0.21552658 0.051089346
-0.12524912 0.2231391 0.050443143
-0.12524912 0.22481912 0.049451083
-0.12692913 0.22145915 0.04998663
-0.12356913 0.22649914 0.049754024
-0.06980911 0.25673914 0.05242604
-0.066449106 0.25505912 0.052752525
-0.06476912 0.25505912 0.052052498
-0.06812912 0.25673914 0.051748157
-0.07484913 0.2584191 0.051242888
-0.07316911 0.2584191 0.05194959
-0.071489125 0.2584191 0.051721275
-0.06308913 0.25505912 0.051348597
-0.05972913 0.25505912 0.051274687
-0.056369126 0.25505912 0.052529335
-0.058049113 0.25505912 0.051874936
-0.11516911 0.19625914 0.08770141
-0.116849124 0.19457912 0.08743897
-0.111809134 0.19961911 0.087892026
-0.11348912 0.1979391 0.088041514
-0.11012912 0.20129913 0.087947935
-0.106769115 0.2046591 0.08766779
-0.10508913 0.20633912 0.08731565
-0.10340911 0.20801914 0.08729306
-0.13532913 0.23321915 0.036983043
-0.13700911 0.23321915 0.036067605
-0.13700911 0.23153913 0.03708154
-0.13364911 0.23321915 0.03763175
-0.13028911 0.23657912 0.036340564
-0.13196912 0.2348991 0.036949873
-0.12860912 0.23657912 0.03752747
-0.12692913 0.23825914 0.03700307
-0.12356913 0.2399391 0.03713137
-0.12524912 0.2399391 0.035981238
-0.12020913 0.24161911 0.036908597
-0.11012912 0.21137911 0.07571885
-0.11116499 0.21137911 0.07460934
-0.11012912 0.21240777 0.07460934
-0.106769115 0.21552712 0.07460934
-0.10772964 0.21473914 0.07460934
-0.106769115 0.21473914 0.07544616
-0.10844913 0.2141124 0.07460934
-0.10844913 0.21305913 0.07571286
-0.10508913 0.2164191 0.07496926
-0.105579674 0.2164191 0.07460934
-0.10950968 0.21305913 0.07460934
-0.101729125 0.21809912 0.07594296
-0.101729125 0.21928602 0.07460934
-0.10335025 0.21809912 0.07460934
-0.10004911 0.21977913 0.07533553
-0.10340911 0.2164191 0.07626659
-0.10508913 0.21678877 0.07460934
-0.10340911 0.21805304 0.07460934
-0.096689135 0.22145915 0.07511583
-0.09500912 0.22145915 0.07597059
-0.0771333 0.24833912 0.056129336
-0.06980911 0.25169915 0.05584714
-0.071489125 0.25169915 0.05448088
-0.071489125 0.25091624 0.056129336
-0.06980911 0.2533791 0.054687798
-0.06904921 0.25169915 0.056129336
-0.06980911 0.25152445 0.056129336
-0.07484913 0.25047642 0.056129336
-0.07595515 0.25001913 0.056129336
-0.076529115 0.24931031 0.056129336
-0.07316911 0.25072014 0.056129336
-0.06812912 0.2533791 0.054519564
-0.06476912 0.25235522 0.056129336
-0.06308913 0.25274223 0.056129336
-0.06308913 0.2533791 0.054955482
-0.06812912 0.25185746 0.056129336
-0.066449106 0.2520007 0.056129336
-0.05972913 0.2533791 0.055137932
-0.061409116 0.2533791 0.055116206
-0.056369126 0.25323296 0.056129336
-0.058049113 0.25299746 0.056129336
-0.05972913 0.25282037 0.056129336
-0.061409116 0.25284415 0.056129336
-0.11516911 0.22481912 0.057958692
-0.11348912 0.22649914 0.058866054
-0.10844913 0.22985911 0.058808416
-0.11012912 0.22985911 0.057897925
-0.10508913 0.23153913 0.058148593
-0.10340911 0.23153913 0.058434516
-0.101729125 0.23153913 0.05872661
-0.10004911 0.23153913 0.05910009
-0.12356913 0.20633912 0.065754056
-0.121889114 0.20801914 0.06614211
-0.12524912 0.2046591 0.06561369
-0.12020913 0.21137911 0.06453949
-0.11852911 0.21137911 0.06613001
-0.11516911 0.2164191 0.06516081
-0.11348912 0.21809912 0.065728694
-0.116849124 0.21473914 0.06471488
-0.11012912 0.22145915 0.065556765
-0.111809134 0.21977913 0.06573519
-0.12735686 0.1979391 0.06956935
-0.12692913 0.19961911 0.068081796
-0.12860912 0.19661146 0.06956935
-0.13028911 0.19625914 0.068169564
-0.12589595 0.19961911 0.06956935
-0.12692913 0.19841248 0.06956935
-0.13028911 0.1953404 0.06956935
-0.12901491 0.19625914 0.06956935
-0.12356913 0.20297915 0.069126636
-0.123227805 0.20297915 0.06956935
-0.12356913 0.2025739 0.06956935
-0.1246286 0.20129913 0.06956935
-0.121889114 0.20438504 0.06956935
-0.121889114 0.2046591 0.06919691
-0.12524912 0.20048708 0.06956935
-0.12524912 0.20129913 0.06875631
-0.11873913 0.20801914 0.06956935
-0.12020913 0.20633912 0.06935376
-0.12006804 0.20633912 0.06956935
-0.12160981 0.2046591 0.06956935
-0.12020913 0.20616674 0.06956935
-0.061409116 0.23825914 0.07867381
-0.05972913 0.23825914 0.079260916
-0.058049113 0.23825914 0.07922456
-0.056369126 0.23825914 0.07925823
-0.056369126 0.2399391 0.07824156
-0.05468911 0.23825914 0.07928261
-0.05468911 0.2399391 0.07801053
-0.051329106 0.2399391 0.07832363
-0.04964912 0.2399391 0.079042405
-0.053009123 0.23825914 0.079475135
-0.047969103 0.2399391 0.07924572
-0.046289116 0.2399391 0.07909271
-0.111809134 0.24833912 0.028342634
-0.10340911 0.25169915 0.029240668
-0.08828911 0.2584191 0.027952164
-0.101729125 0.25001913 0.03946042
-0.10004911 0.25001913 0.040479213
-0.09500912 0.2533791 0.03968203
-0.096689135 0.25169915 0.03974697
-0.09500912 0.25169915 0.04081273
-0.08996913 0.2533791 0.04009053
-0.091649115 0.2533791 0.040191174
-0.09332913 0.2533791 0.040572733
-0.081569105 0.25505912 0.039830655
-0.13364911 0.20959455 0.051089346
-0.13196912 0.2096991 0.05206135
-0.13196912 0.21137911 0.0512816
-0.12860912 0.21473914 0.05161327
-0.13028911 0.21305913 0.05170381
-0.11516911 0.20801914 0.07373002
-0.11348912 0.2096991 0.07389489
-0.116849124 0.20633912 0.073509395
-0.11012912 0.21305913 0.07402137
-0.10844913 0.21473914 0.07397148
-0.111809134 0.21137911 0.074002415
-0.10508913 0.21809912 0.07334703
-0.10340911 0.21809912 0.07456556
-0.106769115 0.2164191 0.0737499
-0.12860912 0.22649914 0.045318335
-0.13028911 0.22481912 0.04521811
-0.12356913 0.23153913 0.045135677
-0.12524912 0.22985911 0.045018524
-0.12692913 0.2281791 0.045101047
-0.12020913 0.2348991 0.0445877
-0.121889114 0.23321915 0.04474017
-0.111809134 0.2466591 0.03555286
-0.11516911 0.24497914 0.035485417
-0.10508913 0.25001913 0.035074234
-0.10844913 0.24833912 0.035630435
-0.09500912 0.25505912 0.035618693
-0.101729125 0.25169915 0.034294367
-0.13196912 0.2281791 0.042028874
-0.13364911 0.22649914 0.041973412
-0.13364911 0.2281791 0.041009903
-0.13532913 0.22481912 0.04206118
-0.12860912 0.23153913 0.04138401
-0.12692913 0.23153913 0.04245928
-0.13028911 0.22985911 0.041870564
-0.12692913 0.23321915 0.041073263
-0.10004911 0.24833912 0.042816848
-0.09836912 0.24833912 0.043638706
-0.10340911 0.2466591 0.043571055
-0.101729125 0.2466591 0.044041276
-0.09500912 0.25001913 0.042700112
-0.09332913 0.25001913 0.043523848
-0.096689135 0.24833912 0.044304997
-0.08996913 0.25169915 0.042814434
-0.086609125 0.25169915 0.044072688
-0.08828911 0.25169915 0.04346627
-0.1094833 0.2348991 0.052769333
-0.10844913 0.23532754 0.052769333
-0.10844913 0.23657912 0.051589936
-0.106769115 0.23599488 0.052769333
-0.106769115 0.23657912 0.052188396
-0.10508913 0.23649687 0.052769333
-0.11012912 0.2348991 0.05253637
-0.11012912 0.23465437 0.052769333
-0.10340911 0.23680526 0.052769333
-0.101729125 0.23694378 0.052769333
-0.101729125 0.23825914 0.051701903
-0.10340911 0.23825914 0.051409364
-0.104711115 0.23657912 0.052769333
-0.10508913 0.23657912 0.05268407
-0.09836912 0.23825914 0.052176863
-0.096689135 0.23825914 0.05252561
-0.095986694 0.23825914 0.052769333
-0.096689135 0.2399391 0.051160306
-0.09500912 0.2399391 0.051547587
-0.096689135 0.23802423 0.052769333
-0.09836912 0.23758501 0.052769333
-0.10004911 0.23825914 0.05191329
-0.10004911 0.2371825 0.052769333
-0.09276122 0.2399391 0.052769333
-0.09332913 0.2399391 0.052448124
-0.09500912 0.23865712 0.052769333
-0.09332913 0.23962492 0.052769333
-0.106769115 0.2344498 0.05444935
-0.10844913 0.2348991 0.05319652
-0.10844913 0.23378485 0.05444935
-0.106769115 0.2348991 0.05393532
-0.10515696 0.2348991 0.05444935
-0.10004911 0.23550874 0.05444935
-0.09836912 0.23657912 0.053696096
-0.096689135 0.23657912 0.05422643
-0.101729125 0.23657912 0.053081572
-0.10340911 0.23657912 0.052983552
-0.101729125 0.23532164 0.05444935
-0.10004911 0.23657912 0.05328828
-0.10508913 0.23491502 0.05444935
-0.10340911 0.23520482 0.05444935
-0.09500912 0.23825914 0.05320534
-0.09332913 0.23825914 0.054266363
-0.121889114 0.19457912 0.08122614
-0.12020913 0.19625914 0.081211895
-0.116849124 0.20129913 0.0798516
-0.11852911 0.1979391 0.08128402
-0.111809134 0.2046591 0.081119746
-0.11012912 0.20633912 0.08117679
-0.11348912 0.20297915 0.081210524
-0.10686496 0.2096991 0.081329316
-0.106769115 0.209786 0.081329316
-0.108475834 0.20801914 0.081329316
-0.10844913 0.2080478 0.081329316
-0.06476912 0.23153913 0.08331373
-0.06308913 0.23153913 0.08397189
-0.061409116 0.23153913 0.08458993
-0.051329106 0.23321915 0.08468369
-0.058049113 0.23321915 0.08377233
-0.056369126 0.23321915 0.084332615
-0.05972913 0.23321915 0.08324179
-0.04964912 0.23321915 0.08468762
-0.051329106 0.2348991 0.083030194
-0.04964912 0.2348991 0.0830991
-0.053009123 0.2348991 0.08302739
-0.047969103 0.2348991 0.08333138
-0.046289116 0.2348991 0.08366105
-0.04460913 0.2348991 0.083949596
-0.042929113 0.2348991 0.084263474
-0.09836912 0.20297915 0.09822145
-0.09332913 0.20633912 0.09820768
-0.09500912 0.2046591 0.09860554
-0.086609125 0.2096991 0.09854266
-0.10508913 0.25169915 0.02203679
-0.10508913 0.25123852 0.020849347
-0.106769115 0.2506463 0.020849347
-0.10390514 0.25169915 0.020849347
-0.10808253 0.25001913 0.020849347
-0.096689135 0.2550394 0.020849347
-0.09665638 0.25505912 0.020849347
-0.09500912 0.25598973 0.020849347
-0.099799246 0.2533791 0.020849347
-0.10004911 0.25326002 0.020849347
-0.09836912 0.2541092 0.020849347
-0.101729125 0.25259018 0.020849347
-0.10340911 0.2518983 0.020849347
-0.08996913 0.2584191 0.022460997
-0.09332913 0.25689018 0.020849347
-0.093611 0.25673914 0.020849347
-0.08324912 0.26177913 0.021101743
-0.086609125 0.2600991 0.021820009
-0.07820913 0.26345915 0.02248028
-0.056369126 0.26387632 0.03428933
-0.13196912 0.20633912 0.055054724
-0.13028911 0.20633912 0.055356085
-0.13196912 0.2046591 0.05562812
-0.12860912 0.21137911 0.05446866
-0.12692913 0.21137911 0.055358917
-0.12692913 0.2096991 0.055981785
-0.12860912 0.20801914 0.055262983
-0.12524912 0.21473914 0.055958807
-0.12524912 0.2164191 0.05447355
-0.12692913 0.21305913 0.054885477
-0.121889114 0.21977913 0.055333674
-0.12356913 0.21809912 0.054963678
-0.11852911 0.2231391 0.05609843
-0.12020913 0.2231391 0.05472219
-0.12020913 0.22145915 0.055690736
-0.076529115 0.24161911 0.06369457
-0.07316911 0.24497914 0.06395814
-0.07484913 0.2466591 0.06397116
-0.07484913 0.24497914 0.06308842
-0.07484913 0.24329913 0.06331831
-0.061409116 0.24833912 0.064029515
-0.066449106 0.24833912 0.06445268
-0.058049113 0.24833912 0.06387821
-0.056369126 0.24833912 0.0643726
-0.05972913 0.24833912 0.063710004
-0.04964912 0.24497914 0.073118895
-0.047969103 0.24497914 0.07397282
-0.12020913 0.22481912 0.054554403
-0.11852911 0.22481912 0.05539289
-0.11852911 0.22649914 0.055165887
-0.116849124 0.2281791 0.05534354
-0.11516911 0.2281791 0.05595523
-0.11516911 0.22985911 0.054500908
-0.116849124 0.22649914 0.05593866
-0.11012912 0.23153913 0.055934817
-0.111809134 0.23153913 0.054748595
-0.11348912 0.22985911 0.05546087
-0.10508913 0.2348991 0.054466605
-0.10844913 0.23321915 0.05508426
-0.106769115 0.23321915 0.0558044
-0.101729125 0.2348991 0.054920346
-0.10004911 0.2348991 0.055145323
-0.10340911 0.2348991 0.054786384
-0.076529115 0.25001913 0.056776166
-0.06476912 0.25169915 0.057231724
-0.066449106 0.25169915 0.056609422
-0.06812912 0.25169915 0.056343168
-0.10844913 0.20801914 0.08136031
-0.106769115 0.2096991 0.081445366
-0.101729125 0.21305913 0.08258209
-0.09836912 0.2164191 0.08146873
-0.10004911 0.21473914 0.08187738
-0.08996913 0.21977913 0.08243653
-0.091649115 0.21977913 0.08186409
-0.09500912 0.21809912 0.08199772
-0.086609125 0.22145915 0.08235428
-0.12692913 0.1861791 0.08615038
-0.12524912 0.18785912 0.08603105
-0.121889114 0.19121909 0.08585337
-0.12356913 0.18953913 0.085794955
-0.04964912 0.23153913 0.08666983
-0.047969103 0.23153913 0.08675036
-0.04460913 0.23153913 0.08764163
-0.046289116 0.23153913 0.087032646
-0.07442278 0.2651391 0.020849347
-0.07484913 0.26502663 0.020849347
-0.07316911 0.2651391 0.02161321
-0.06812912 0.2651391 0.02234748
-0.06812912 0.26591694 0.020849347
-0.06980911 0.26588154 0.020849347
-0.066449106 0.26600283 0.020849347
-0.071489125 0.2651391 0.022176743
-0.06980911 0.2651391 0.022455037
-0.071489125 0.2657258 0.020849347
-0.07316911 0.2654273 0.020849347
-0.061409116 0.26692665 0.020849347
-0.061409116 0.26681912 0.021140337
-0.05972913 0.26681912 0.022190034
-0.11516911 0.23825914 0.046210468
-0.11348912 0.23825914 0.047377795
-0.11012912 0.24161911 0.046154886
-0.11012912 0.2399391 0.04765442
-0.111809134 0.2399391 0.046823204
-0.10844913 0.24161911 0.04663074
-0.10508913 0.24161911 0.04753378
-0.10508913 0.24329913 0.046239197
-0.10340911 0.24329913 0.046457708
-0.106769115 0.24161911 0.047135174
-0.10004911 0.24329913 0.047455877
-0.09836912 0.24497914 0.04664436
-0.101729125 0.24329913 0.04678294
-0.096689135 0.24497914 0.04710281
-0.09500912 0.24497914 0.04755652
-0.12524912 0.19961911 0.07035211
-0.12692913 0.1979391 0.07020965
-0.12860912 0.19625914 0.070076704
-0.13028911 0.19457912 0.07065138
-0.121889114 0.20297915 0.07113466
-0.12356913 0.20129913 0.07076335
-0.076529115 0.22649914 0.08415136
-0.07988912 0.22481912 0.08361873
-0.06812912 0.22985911 0.083917886
-0.06980911 0.22985911 0.08332983
-0.066449106 0.22985911 0.08457008
-0.071489125 0.2281791 0.08447042
-0.07316911 0.2281791 0.08329114
POLYGONS 10080 40320
3 0 1 2
3 3 4 5
3 3 6 4
3 7 4 6
3 8 5 4
3 7 8 4
3 7 9 8
3 7 10 9
3 10 11 9
3 9 11 12
3 12 13 9
3 14 11 10
3 15 11 14
3 12 11 15
3 16 13 12
3 15 16 12
3 15 17 16
3 17 18 16
3 17 19 18
3 20 19 17
3 21 18 19
3 20 21 19
3 20 22 21
3 20 23 22
3 23 24 22
3 25 22 24
3 26 24 23
3 26 25 24
3 26 27 25
3 26 28 27
3 26 29 28
3 30 28 29
3 31 27 28
3 30 32 28
3 32 31 28
3 32 33 31
3 30 34 32
3 35 32 34
3 36 33 32
3 37 38 39
3 40 41 42
3 43 42 38
3 40 42 43
3 37 43 38
3 37 44 43
3 44 45 43
3 44 46 45
3 47 46 44
3 48 46 47
3 49 45 46
3 50 46 48
3 49 46 50
3 51 48 47
3 51 50 48
3 51 52 50
3 51 53 52
3 53 54 52
3 54 55 52
3 54 56 55
3 57 55 56
3 58 56 54
3 59 56 58
3 60 59 58
3 61 59 60
3 62 61 60
3 63 56 59
3 57 56 63
3 64 59 61
3 63 59 64
3 62 65 61
3 65 64 61
3 62 66 65
3 66 67 65
3 67 68 65
3 67 69 68
3 70 68 69
3 71 69 67
3 71 72 69
3 72 70 69
3 71 73 72
3 73 74 72
3 74 75 72
3 74 76 75
3 77 76 74
3 78 75 76
3 77 79 76
3 79 78 76
3 77 80 79
3 81 79 80
3 82 79 81
3 83 82 81
3 81 84 83
3 85 86 87
3 88 87 89
3 85 87 88
3 90 89 91
3 88 89 90
3 92 91 93
3 90 91 92
3 94 93 95
3 92 93 94
3 96 95 97
3 94 95 96
3 98 99 97
3 99 96 97
3 98 100 99
3 98 101 100
3 102 99 100
3 103 100 101
3 101 104 103
3 105 103 104
3 106 103 105
3 107 100 103
3 102 100 107
3 108 103 106
3 107 103 108
3 109 106 105
3 110 106 109
3 111 110 109
3 112 110 111
3 108 106 110
3 110 113 108
3 114 115 116
3 117 118 116
3 118 119 116
3 119 114 116
3 118 120 119
3 118 121 120
3 121 122 120
3 123 120 122
3 124 122 121
3 124 125 122
3 125 123 122
3 124 126 125
3 126 127 125
3 126 128 127
3 128 129 127
3 130 129 128
3 131 129 130
3 132 131 130
3 133 127 129
3 134 129 131
3 133 129 134
3 132 134 131
3 132 135 134
3 132 136 135
3 136 137 135
3 136 138 137
3 138 139 137
3 140 139 138
3 141 139 140
3 142 137 139
3 143 139 141
3 142 139 143
3 144 141 140
3 144 143 141
3 144 145 143
3 144 146 145
3 146 147 145
3 146 148 147
3 148 149 147
3 150 147 149
3 151 149 148
3 152 149 151
3 153 152 151
3 154 149 152
3 150 149 154
3 153 154 152
3 153 155 154
3 155 156 154
3 155 157 156
3 155 158 157
3 158 159 157
3 160 159 158
3 158 161 160
3 162 157 159
3 163 159 160
3 162 159 163
3 164 160 161
3 165 160 164
3 166 165 164
3 167 160 165
3 163 160 167
3 166 167 165
3 166 168 167
3 166 169 168
3 169 170 168
3 171 170 169
3 172 170 171
3 171 173 172
3 171 174 173
3 174 175 173
3 176 177 178
3 179 178 180
3 176 178 179
3 181 180 182
3 179 180 181
3 183 184 182
3 184 181 182
3 183 185 184
3 183 186 185
3 187 185 186
3 188 184 185
3 187 188 185
3 187 189 188
3 187 190 189
3 190 191 189
3 190 192 191
3 192 193 191
3 194 193 192
3 195 193 194
3 196 191 193
3 197 193 195
3 196 193 197
3 198 195 194
3 198 197 195
3 198 199 197
3 198 200 199
3 200 201 199
3 201 202 199
3 201 203 202
3 204 202 203
3 205 203 201
3 206 203 205
3 207 206 205
3 205 208 207
3 209 203 206
3 204 203 209
3 210 206 207
3 209 206 210
3 211 207 208
3 208 212 211
3 213 211 212
3 214 211 213
3 215 207 211
3 210 207 215
3 216 211 214
3 215 211 216
3 217 214 213
3 213 218 217
3 219 217 218
3 218 220 219
3 221 214 217
3 216 214 221
3 222 217 219
3 221 217 222
3 223 219 220
3 223 222 219
3 223 224 222
3 223 225 224
3 225 226 224
3 226 227 224
3 226 228 227
3 229 230 231
3 231 232 229
3 233 229 232
3 234 230 229
3 234 235 230
3 235 236 230
3 233 234 229
3 233 237 234
3 237 238 234
3 239 238 237
3 240 235 234
3 241 234 238
3 240 234 241
3 239 241 238
3 239 242 241
3 242 243 241
3 239 244 242
3 245 242 244
3 244 246 245
3 247 243 242
3 248 242 245
3 247 242 248
3 249 245 246
3 246 250 249
3 251 249 250
3 252 253 249
3 253 245 249
3 253 248 245
3 251 252 249
3 251 254 252
3 254 255 252
3 256 255 254
3 257 253 252
3 258 252 255
3 257 252 258
3 256 259 255
3 259 260 255
3 260 258 255
3 256 261 259
3 262 259 261
3 263 259 262
3 264 260 259
3 265 259 263
3 264 259 265
3 266 263 262
3 267 263 266
3 268 267 266
3 269 263 267
3 265 263 269
3 268 270 267
3 270 269 267
3 268 271 270
3 271 272 270
3 273 272 271
3 274 270 272
3 273 275 272
3 275 274 272
3 273 276 275
3 277 275 276
3 276 278 277
3 278 279 277
3 278 280 279
3 280 281 279
3 282 281 280
3 280 283 282
3 284 279 281
3 285 281 282
3 284 281 285
3 286 282 283
3 287 282 286
3 288 287 286
3 286 289 288
3 290 282 287
3 285 282 290
3 291 287 288
3 290 287 291
3 292 288 289
3 292 183 288
3 183 291 288
3 292 293 183
3 292 294 293
3 295 293 294
3 296 297 298
3 299 297 296
3 296 300 299
3 296 301 300
3 296 302 301
3 303 301 302
3 304 300 301
3 303 305 301
3 305 304 301
3 303 306 305
3 307 305 306
3 308 305 307
3 307 309 308
3 307 310 309
3 307 311 310
3 312 310 311
3 313 309 310
3 312 314 310
3 314 313 310
3 312 315 314
3 316 314 315
3 317 314 316
3 318 317 316
3 319 317 318
3 320 319 318
3 321 319 320
3 322 321 320
3 320 323 322
3 324 322 323
3 325 322 324
3 326 325 324
3 327 325 326
3 328 327 326
3 329 327 328
3 330 329 328
3 328 331 330
3 332 330 331
3 333 330 332
3 332 334 333
3 332 335 334
3 332 336 335
3 337 335 336
3 338 334 335
3 337 339 335
3 339 338 335
3 339 340 338
3 339 341 340
3 341 342 340
3 339 343 341
3 344 342 341
3 345 341 343
3 345 346 341
3 346 344 341
3 345 347 346
3 348 346 347
3 349 346 348
3 350 349 348
3 351 349 350
3 352 351 350
3 353 351 352
3 354 353 352
3 355 353 354
3 356 355 354
3 354 357 356
3 358 356 357
3 357 359 358
3 360 358 359
3 359 361 360
3 362 363 364
3 365 364 363
3 363 366 365
3 366 367 365
3 367 368 365
3 367 369 368
3 370 368 369
3 371 369 367
3 367 372 371
3 373 371 372
3 374 369 371
3 370 369 374
3 373 374 371
3 373 375 374
3 373 376 375
3 376 377 375
3 378 375 377
3 379 377 376
3 379 380 377
3 380 378 377
3 379 381 380
3 381 382 380
3 381 383 382
3 381 384 383
3 385 382 383
3 386 383 384
3 386 385 383
3 386 387 385
3 387 388 385
3 387 389 388
3 390 389 387
3 391 388 389
3 390 391 389
3 390 392 391
3 392 393 391
3 392 394 393
3 394 395 393
3 394 396 395
3 397 396 394
3 398 396 397
3 399 395 396
3 400 396 398
3 399 396 400
3 401 398 397
3 401 400 398
3 401 402 400
3 402 403 400
3 402 404 403
3 402 405 404
3 402 406 405
3 407 404 405
3 408 409 410
3 411 412 409
3 408 413 409
3 413 414 409
3 414 411 409
3 415 414 413
3 416 412 411
3 417 418 414
3 418 416 414
3 416 411 414
3 419 418 417
3 415 417 414
3 415 420 417
3 420 421 417
3 422 421 420
3 423 417 421
3 419 417 423
3 422 424 421
3 424 425 421
3 425 423 421
3 422 426 424
3 427 425 424
3 428 424 426
3 428 429 424
3 429 427 424
3 428 430 429
3 428 431 430
3 432 430 431
3 431 433 432
3 434 429 430
3 435 430 432
3 434 430 435
3 436 432 433
3 436 437 432
3 437 438 432
3 438 435 432
3 436 439 437
3 440 437 439
3 441 442 443
3 444 442 441
3 445 441 443
3 445 446 441
3 445 447 446
3 448 446 447
3 447 449 448
3 450 451 452
3 453 452 454
3 453 455 452
3 455 450 452
3 455 456 450
3 455 457 456
3 458 457 455
3 459 456 457
3 458 459 457
3 458 460 459
3 458 461 460
3 458 462 461
3 463 461 462
3 464 460 461
3 463 464 461
3 463 465 464
3 463 466 465
3 466 467 465
3 468 467 466
3 469 465 467
3 468 469 467
3 468 470 469
3 468 471 470
3 471 472 470
3 473 470 472
3 474 472 471
3 474 473 472
3 474 475 473
3 475 476 473
3 475 477 476
3 478 477 475
3 479 476 477
3 478 480 477
3 480 479 477
3 480 481 479
3 481 482 479
3 483 481 480
3 482 481 484
3 484 485 482
3 486 485 484
3 483 487 481
3 487 484 481
3 483 488 487
3 489 487 488
3 490 484 487
3 486 484 490
3 489 490 487
3 489 491 490
3 489 492 491
3 489 493 492
3 494 491 492
3 495 492 493
3 496 492 495
3 497 496 495
3 498 492 496
3 494 492 498
3 497 498 496
3 497 499 498
3 499 500 498
3 499 501 500
3 502 500 501
3 503 504 505
3 506 505 504
3 507 505 506
3 508 509 510
3 511 510 509
3 512 513 514
3 515 516 514
3 513 515 514
3 517 516 515
3 518 515 513
3 519 520 515
3 518 519 515
3 519 521 520
3 520 517 515
3 519 522 521
3 521 523 520
3 524 525 526
3 524 526 527
3 528 525 529
3 524 529 525
3 530 526 525
3 531 525 528
3 530 525 532
3 532 525 531
3 533 534 531
3 533 531 528
3 533 535 534
3 534 532 531
3 536 537 534
3 535 536 534
3 538 539 536
3 536 539 537
3 540 538 541
3 536 541 538
3 542 539 538
3 543 537 539
3 540 544 538
3 543 539 542
3 540 545 544
3 544 542 538
3 545 546 547
3 545 547 544
3 548 549 546
3 546 549 547
3 550 547 549
3 551 549 548
3 550 549 552
3 552 549 551
3 553 554 551
3 553 551 548
3 553 555 554
3 554 552 551
3 556 557 554
3 555 556 554
3 558 559 556
3 556 559 557
3 560 561 558
3 561 559 558
3 562 557 559
3 563 561 560
3 562 559 564
3 564 559 561
3 564 561 565
3 565 561 563
3 566 563 567
3 567 563 560
3 568 563 566
3 569 566 567
3 569 568 566
3 565 563 568
3 570 571 568
3 569 570 568
3 6 3 572
3 573 572 574
3 575 576 572
3 573 575 572
3 576 7 6
3 576 6 572
3 10 7 576
3 577 576 575
3 577 14 10
3 577 10 576
3 577 578 579
3 577 579 14
3 14 579 580
3 581 579 578
3 582 579 581
3 580 15 14
3 580 579 582
3 583 584 585
3 583 585 586
3 586 585 587
3 588 589 586
3 588 586 587
3 590 591 589
3 589 591 586
3 592 593 590
3 593 591 590
3 594 595 592
3 590 594 592
3 596 597 592
3 595 596 592
3 595 598 599
3 599 596 595
3 600 597 596
3 601 599 598
3 600 596 602
3 602 596 599
3 601 603 602
3 601 602 599
3 603 604 605
3 603 605 602
3 603 606 607
3 603 607 604
3 608 607 606
3 609 604 607
3 610 611 608
3 611 607 608
3 612 607 611
3 608 613 610
3 614 611 610
3 609 607 612
3 615 610 613
3 612 611 614
3 616 615 617
3 613 617 615
3 614 610 618
3 618 610 615
3 616 619 618
3 616 618 615
3 620 621 619
3 616 620 619
3 622 623 621
3 620 622 621
3 622 624 625
3 625 623 622
3 626 621 623
3 627 625 624
3 626 623 628
3 628 623 625
3 627 628 625
3 629 630 631
3 629 632 630
3 632 633 630
3 634 635 632
3 629 634 632
3 636 635 637
3 637 635 634
3 638 639 636
3 637 638 636
3 640 641 639
3 639 641 636
3 642 640 639
3 642 639 638
3 642 643 644
3 642 644 640
3 645 646 643
3 643 646 644
3 645 647 646
3 647 644 646
3 645 648 649
3 645 649 647
3 650 651 648
3 648 651 649
3 652 650 653
3 648 653 650
3 654 651 650
3 655 649 651
3 652 654 650
3 655 651 654
3 652 656 657
3 652 657 654
3 658 657 659
3 656 659 657
3 656 660 661
3 661 659 656
3 662 659 661
3 663 661 660
3 663 664 661
3 658 659 662
3 663 665 664
3 664 662 661
3 666 665 667
3 663 667 665
3 668 669 666
3 669 665 666
3 670 664 665
3 666 671 668
3 670 665 672
3 672 665 669
3 672 669 673
3 673 669 668
3 674 227 228
3 675 676 677
3 677 678 675
3 679 680 678
3 681 677 676
3 679 678 682
3 682 678 677
3 683 682 677
3 681 683 677
3 684 683 685
3 681 685 683
3 686 684 687
3 685 687 684
3 688 686 689
3 687 689 686
3 690 691 688
3 689 690 688
3 690 692 693
3 690 693 691
3 694 693 692
3 695 691 693
3 696 694 697
3 692 697 694
3 698 693 694
3 697 699 696
3 700 694 696
3 695 693 698
3 701 696 699
3 698 694 700
3 701 702 700
3 701 700 696
3 702 703 704
3 702 704 700
3 705 703 706
3 706 703 702
3 707 705 708
3 708 705 706
3 709 704 703
3 710 707 708
3 709 703 711
3 711 703 705
3 707 712 711
3 711 705 707
3 713 712 707
3 710 713 707
3 714 713 715
3 710 715 713
3 714 716 717
3 717 713 714
3 718 719 717
3 716 718 717
3 720 718 716
3 721 719 718
3 722 723 724
3 725 722 724
3 726 725 724
3 726 727 728
3 726 728 725
3 729 728 727
3 730 725 728
3 731 732 729
3 732 728 729
3 733 728 732
3 734 732 731
3 735 732 734
3 730 728 733
3 736 734 731
3 733 732 735
3 736 737 735
3 736 735 734
3 738 739 737
3 736 738 737
3 740 739 741
3 741 739 738
3 742 737 739
3 743 740 741
3 742 739 744
3 744 739 740
3 745 744 740
3 743 745 740
3 743 746 747
3 743 747 745
3 748 747 749
3 749 747 746
3 750 747 748
3 751 745 747
3 752 748 749
3 751 747 750
3 753 750 748
3 752 753 748
3 754 755 753
3 752 754 753
3 756 755 757
3 757 755 754
3 758 753 755
3 759 756 757
3 758 755 760
3 760 755 756
3 761 760 756
3 759 761 756
3 762 761 763
3 759 763 761
3 764 765 762
3 763 764 762
3 764 766 767
3 764 767 765
3 766 768 769
3 769 767 766
3 770 767 769
3 771 765 767
3 772 769 768
3 771 767 770
3 772 773 770
3 772 770 769
3 773 774 775
3 773 775 770
3 776 777 774
3 773 776 774
3 778 774 777
3 779 522 334
3 780 779 338
3 334 338 779
3 342 780 340
3 338 340 780
3 781 782 342
3 782 780 342
3 783 781 344
3 342 344 781
3 784 783 346
3 344 346 783
3 785 784 349
3 346 349 784
3 353 785 351
3 349 351 785
3 786 787 353
3 787 785 353
3 788 786 355
3 353 355 786
3 358 788 356
3 355 356 788
3 789 790 358
3 790 788 358
3 360 791 789
3 358 360 789
3 360 792 791
3 791 793 789
3 794 793 791
3 795 791 792
3 796 797 791
3 795 796 791
3 798 797 796
3 797 794 791
3 799 798 800
3 796 800 798
3 801 802 799
3 802 798 799
3 803 801 804
3 799 804 801
3 805 806 803
3 806 801 803
3 807 808 805
3 808 806 805
3 809 807 810
3 805 810 807
3 811 812 809
3 810 811 809
3 811 813 814
3 811 814 812
3 815 814 813
3 816 812 814
3 817 818 814
3 815 817 814
3 819 818 817
3 818 816 814
3 817 820 819
3 821 822 823
3 821 823 824
3 822 825 826
3 822 826 823
3 827 822 828
3 821 828 822
3 829 830 825
3 825 822 829
3 831 829 822
3 827 831 822
3 832 833 831
3 831 833 829
3 834 835 833
3 836 830 829
3 836 829 833
3 835 836 833
3 837 833 832
3 838 835 834
3 837 839 834
3 834 833 837
3 840 838 834
3 839 840 834
3 841 839 842
3 837 842 839
3 843 840 839
3 844 839 841
3 843 839 844
3 845 843 844
3 846 847 845
3 845 847 843
3 848 845 844
3 848 844 841
3 849 850 845
3 848 849 845
3 851 846 850
3 852 850 849
3 851 853 846
3 846 845 850
3 851 850 633
3 633 850 852
3 633 854 851
3 854 853 851
3 633 632 855
3 633 855 854
3 856 855 857
3 632 857 855
3 858 857 635
3 635 857 632
3 859 857 858
3 636 858 635
3 860 856 857
3 859 860 857
3 636 641 859
3 859 858 636
3 641 861 859
3 861 860 859
3 641 640 862
3 641 862 861
3 863 862 864
3 640 864 862
3 644 863 864
3 644 864 640
3 644 647 865
3 644 865 863
3 649 866 647
3 647 866 865
3 35 867 32
3 867 868 36
3 867 36 32
3 867 869 870
3 870 868 867
3 869 871 872
3 869 872 870
3 873 872 874
3 871 874 872
3 875 876 874
3 875 874 871
3 876 877 873
3 876 873 874
3 878 879 877
3 876 878 877
3 880 879 878
3 879 881 877
3 880 882 879
3 882 881 879
3 880 883 884
3 880 884 882
3 885 884 886
3 883 886 884
3 887 885 886
3 887 886 883
3 887 888 889
3 887 889 885
3 890 888 891
3 887 891 888
3 890 892 888
3 893 889 888
3 894 893 888
3 892 894 888
3 895 896 894
3 894 896 893
3 897 898 894
3 897 894 892
3 899 895 894
3 898 899 894
3 900 899 898
3 899 901 895
3 900 902 899
3 903 901 899
3 904 903 899
3 902 904 899
3 905 904 902
3 900 906 902
3 907 902 908
3 908 902 906
3 909 910 907
3 911 907 908
3 910 905 902
3 910 902 907
3 911 912 909
3 911 909 907
3 913 910 909
3 912 914 909
3 913 909 915
3 915 909 914
3 916 917 918
3 919 506 918
3 920 921 918
3 917 920 918
3 922 921 920
3 921 919 918
3 923 924 920
3 923 920 917
3 924 925 922
3 924 922 920
3 926 924 927
3 923 927 924
3 926 928 924
3 929 925 924
3 926 930 928
3 928 929 924
3 931 928 930
3 926 932 930
3 933 934 930
3 933 930 932
3 934 935 931
3 934 931 930
3 936 934 937
3 933 937 934
3 936 938 934
3 938 935 934
3 936 939 940
3 936 940 938
3 941 940 939
3 936 942 939
3 943 944 939
3 943 939 942
3 944 945 941
3 944 941 939
3 946 945 944
3 945 947 941
3 946 948 945
3 949 947 945
3 948 950 949
3 948 949 945
3 951 952 950
3 950 952 949
3 953 951 950
3 953 950 948
3 953 954 955
3 953 955 951
3 956 957 954
3 954 957 955
3 956 958 957
3 959 955 957
3 960 959 957
3 958 960 957
3 961 960 958
3 956 962 958
3 963 961 958
3 963 958 962
3 964 965 961
3 963 964 961
3 966 965 964
3 965 967 961
3 968 969 970
3 971 972 969
3 968 971 969
3 973 969 972
3 974 972 971
3 974 975 973
3 974 973 972
3 976 977 973
3 975 976 973
3 978 976 975
3 979 977 976
3 980 979 976
3 978 980 976
3 980 981 982
3 980 982 979
3 980 983 984
3 980 984 981
3 985 984 983
3 986 981 984
3 985 987 986
3 985 986 984
3 987 988 989
3 987 989 986
3 987 990 991
3 987 991 988
3 992 991 990
3 993 988 991
3 994 993 991
3 992 994 991
3 995 996 994
3 992 995 994
3 997 998 996
3 995 997 996
3 999 996 998
3 1000 998 997
3 1000 1001 999
3 1000 999 998
3 1002 1003 1001
3 1000 1002 1001
3 1004 1005 1003
3 1002 1004 1003
3 1006 1005 1004
3 1007 1003 1005
3 1008 1006 1009
3 1004 1009 1006
3 1007 1005 1010
3 1010 1005 1006
3 1008 1011 1010
3 1008 1010 1006
3 1008 1012 1011
3 1013 1014 1015
3 1016 1013 1015
3 1014 1017 1018
3 1014 1018 1015
3 1019 1014 1013
3 1020 1017 1014
3 1021 1022 1014
3 1019 1021 1014
3 1019 1023 1021
3 1022 1020 1014
3 1024 1022 1021
3 1025 1021 1023
3 1026 1027 1021
3 1025 1026 1021
3 1028 1024 1021
3 1027 1028 1021
3 1029 1027 1026
3 1030 1028 1027
3 1031 1032 1027
3 1029 1031 1027
3 1029 1033 1031
3 1032 1030 1027
3 1034 1032 1031
3 1035 1031 1033
3 1036 1034 1031
3 1035 1036 1031
3 1037 1038 1034
3 1036 1037 1034
3 1039 1037 1036
3 1040 1038 1037
3 1041 1042 1037
3 1039 1041 1037
3 1042 1043 1040
3 1042 1040 1037
3 1044 1042 1041
3 1045 1046 1047
3 1048 1047 1049
3 1050 1045 1047
3 1048 1050 1047
3 1051 1052 1050
3 1048 1051 1050
3 1051 1053 1054
3 1051 1054 1052
3 1055 1054 1053
3 1056 1052 1054
3 1055 1057 1056
3 1055 1056 1054
3 1058 1059 1056
3 1057 1058 1056
3 1060 1059 1058
3 1061 1058 1057
3 1062 1060 1058
3 1061 1062 1058
3 1061 1063 1062
3 1062 1064 1060
3 1065 1062 1063
3 1066 1064 1062
3 1067 1066 1062
3 1065 1067 1062
3 1065 1068 1069
3 1065 1069 1067
3 1070 1067 1069
3 1071 1069 1068
3 1072 1070 1069
3 1071 1072 1069
3 1073 1074 1070
3 1072 1073 1070
3 1075 1073 1072
3 1076 1074 1073
3 1077 1078 1073
3 1075 1077 1073
3 1078 1079 1076
3 1078 1076 1073
3 1080 1079 1078
3 1081 1078 1077
3 1082 1080 1078
3 1081 1082 1078
3 1083 1084 1080
3 1082 1083 1080
3 1085 1083 1082
3 1086 1084 1083
3 1087 1086 1083
3 1085 1087 1083
3 1085 1088 1089
3 1085 1089 1087
3 1090 1089 1088
3 283 1091 286
3 286 1091 1092
3 1093 289 286
3 1093 286 1092
3 1094 292 289
3 1093 1094 289
3 1095 1096 292
3 1094 1095 292
3 294 292 1096
3 1097 1096 1095
3 1097 1098 294
3 1097 294 1096
3 1098 1099 295
3 1098 295 294
3 1100 1099 1101
3 1101 1099 1098
3 1102 295 1099
3 1103 1100 1101
3 1102 1099 1104
3 1104 1099 1100
3 1103 1105 1104
3 1103 1104 1100
3 1105 1106 1107
3 1105 1107 1104
3 1108 1106 1105
3 1109 1107 1106
3 1110 1108 1111
3 1105 1111 1108
3 1109 1106 1112
3 1112 1106 1108
3 1110 1113 1112
3 1110 1112 1108
3 1113 1114 1115
3 1113 1115 1112
3 1116 1114 1117
3 1117 1114 1113
3 1118 1116 1119
3 1119 1116 1117
3 1120 1114 1116
3 1121 1115 1114
3 1120 1116 1118
3 1121 1114 1120
3 1122 1118 1119
3 1118 1123 1120
3 1124 1122 1125
3 1119 1125 1122
3 1126 1127 1124
3 1127 1122 1124
3 1128 1129 1126
3 1129 1127 1126
3 1123 1118 1122
3 1130 1129 1128
3 1131 1122 1127
3 1122 1131 1123
3 1127 1132 1131
3 1094 1093 1133
3 1094 1133 1095
3 1105 1103 1134
3 1113 1110 1135
3 1113 1135 1117
3 1136 570 1137
3 1138 1139 1140
3 1140 1141 1138
3 1136 1140 570
3 1140 1139 570
3 1141 1142 1143
3 1144 1143 1142
3 1141 1145 1138
3 1141 1143 1145
3 1146 1147 1143
3 1146 1148 1147
3 1147 1145 1143
3 1144 1146 1143
3 1149 1150 1151
3 1152 1150 1149
3 1150 1148 1146
3 1146 1151 1150
3 1153 1154 1155
3 1155 1156 1153
3 1155 1152 1149
3 1154 1152 1155
3 1157 1158 1159
3 1160 1161 1157
3 1162 1153 1156
3 1163 1153 1162
3 1164 1165 1166
3 1167 1168 1164
3 1161 1158 1157
3 1160 1169 1161
3 1169 1166 1161
3 1169 1164 1166
3 1168 1170 1164
3 1170 1165 1164
3 1162 1157 1163
3 1157 1159 1163
3 1169 1171 1164
3 1167 1164 1171
3 1168 1172 1170
3 1168 1173 1172
3 1162 1174 1157
3 1160 1157 1174
3 1175 1176 1177
3 1178 1172 1173
3 1168 1175 1173
3 1177 1173 1175
3 1179 1177 1176
3 1176 1180 1179
3 1181 1173 1177
3 1178 1173 1181
3 1181 1177 1182
3 1183 1184 1179
3 1183 1179 1180
3 1182 1177 1179
3 1185 1184 1186
3 1187 1184 1185
3 1184 1182 1179
3 1183 1186 1184
3 1188 1189 1190
3 1188 1187 1185
3 1190 1187 1188
3 1191 777 776
3 1192 777 1191
3 1193 777 1192
3 778 777 1193
3 1194 1195 1196
3 1197 1196 1195
3 1196 1198 1194
3 1199 1200 1201
3 1200 1202 1201
3 1201 1196 1197
3 1197 1199 1201
3 1203 1204 1200
3 1204 1205 1200
3 1205 1202 1200
3 1203 1200 1199
3 1206 1207 1208
3 1207 1209 1208
3 1203 1210 1204
3 1208 1209 1211
3 1208 1211 1204
3 1210 1212 1208
3 1206 1213 1207
3 1210 1208 1204
3 1214 1207 1215
3 1216 1214 1215
3 1206 1208 1212
3 1215 1207 1213
3 1217 1218 1219
3 1220 1217 1219
3 1218 1214 1216
3 1219 1218 1216
3 1221 1222 1223
3 1222 1224 1223
3 1219 1221 1220
3 1223 1220 1221
3 1225 1224 1226
3 1226 1227 1225
3 1224 1228 1223
3 1222 1226 1224
3 1229 1224 1230
3 1231 1225 1227
3 1229 1228 1224
3 1230 1224 1225
3 1232 1233 1230
3 1234 1233 1232
3 1231 1230 1225
3 1231 1232 1230
3 1235 1236 1237
3 1235 1238 1236
3 1236 1239 1237
3 1235 1237 83
3 1240 1241 1242
3 1243 1238 1241
3 1235 1242 1238
3 1242 1241 1238
3 1244 1245 1243
3 1244 1246 1245
3 1240 1244 1241
3 1244 1243 1241
3 1247 1248 1249
3 1250 1246 1248
3 1244 1248 1246
3 1244 1249 1248
3 1251 1252 1250
3 1252 1253 1250
3 1247 1251 1248
3 1251 1250 1248
3 1254 1255 1252
3 1254 1256 1255
3 1255 1253 1252
3 1254 1252 1251
3 1257 1258 1259
3 1260 1256 1258
3 1254 1259 1256
3 1259 1258 1256
3 1261 1262 1260
3 1257 1263 1261
3 1257 1261 1258
3 1261 1260 1258
3 1264 1265 1261
3 1264 1266 1265
3 1265 1262 1261
3 1264 1261 1263
3 1267 1268 1266
3 1266 1269 1267
3 1266 1270 1265
3 1266 1268 1270
3 1271 1272 1267
3 1272 1268 1267
3 1273 1267 1269
3 1274 1270 1268
3 1275 1272 1271
3 1275 1276 1272
3 1272 1274 1268
3 1277 1276 1278
3 1279 1280 1281
3 1282 1277 1278
3 1275 1278 1276
3 1280 1283 1281
3 1278 1275 1284
3 1284 1282 1278
3 1282 1283 1277
3 1282 1281 1283
3 1285 1282 1284
3 1284 1286 1285
3 1285 1281 1282
3 1279 1281 1285
3 1273 1287 1288
3 1289 1288 1287
3 1273 1288 1267
3 1288 1271 1267
3 1290 1288 1289
3 1291 1288 1290
3 1271 1288 1291
3 1291 1275 1271
3 1290 1292 1291
3 1292 1293 1291
3 1275 1291 1293
3 1293 1284 1275
3 1293 1294 1286
3 1294 1293 1292
3 1290 1295 1292
3 1286 1284 1293
3 1296 1297 1292
3 1297 1298 1292
3 1292 1299 1294
3 1295 1296 1292
3 1296 1300 1301
3 1292 1298 1299
3 1296 1302 1297
3 1296 1301 1302
3 1303 1302 1301
3 1304 1305 1306
3 1307 1306 1308
3 1309 1310 1307
3 1309 1311 1310
3 1304 1306 1307
3 1309 1307 1308
3 1311 1312 1313
3 1314 1310 1315
3 1311 1315 1310
3 1313 1315 1311
3 1316 1313 1312
3 1317 1313 1316
3 1318 1315 1313
3 1314 1315 1318
3 1318 1313 1319
3 1320 1319 1317
3 1320 1317 1316
3 1319 1313 1317
3 1321 1322 1323
3 1324 1322 1321
3 1320 1323 1319
3 1320 1321 1323
3 1325 1323 1322
3 1326 1322 1327
3 1327 1322 1324
3 1328 1327 1324
3 1328 1329 1326
3 1328 1330 1329
3 1325 1322 1326
3 1328 1326 1327
3 1331 1332 1330
3 1333 1332 1331
3 1330 1332 1329
3 1334 1329 1332
3 1334 1332 1335
3 1336 1337 1333
3 1336 1333 1331
3 1335 1332 1333
3 1336 1338 1339
3 1340 1339 1338
3 1337 1335 1333
3 1336 1339 1337
3 1341 1337 1339
3 1342 1343 1340
3 1338 1344 1340
3 1345 1340 1344
3 1345 1346 1340
3 1346 1342 1340
3 1343 1341 1340
3 1341 1339 1340
3 1347 1342 1346
3 1348 1342 1347
3 1345 1349 1346
3 1348 1343 1342
3 1350 1351 1352
3 1353 1351 1350
3 1347 1346 1351
3 1351 1353 1347
3 1350 1352 1354
3 792 360 361
3 795 792 1355
3 796 795 1355
3 361 1356 792
3 1355 792 1356
3 1357 1358 800
3 1359 800 1358
3 1355 1357 796
3 800 796 1357
3 1359 1360 804
3 803 804 1360
3 799 800 1359
3 804 799 1359
3 805 803 1361
3 810 805 1361
3 1360 1362 803
3 1361 803 1362
3 1363 1364 811
3 813 811 1364
3 1361 1363 810
3 811 810 1363
3 1365 1366 815
3 1365 1367 1366
3 1364 1365 813
3 1365 815 813
3 1368 817 1366
3 1368 1369 817
3 1368 1366 1367
3 817 815 1366
3 1369 1370 1371
3 1370 1372 1371
3 1369 820 817
3 1371 820 1369
3 1373 1374 1375
3 1375 1376 1373
3 1370 1374 1372
3 1370 1375 1374
3 1377 1374 1373
3 1378 1374 1377
3 1379 1373 1376
3 1378 1372 1374
3 1380 1381 1377
3 1382 1381 1380
3 1379 1377 1373
3 1379 1380 1377
3 1383 1384 1385
3 1386 1383 1385
3 1384 1381 1382
3 1385 1384 1382
3 1387 1388 1389
3 1388 1383 1386
3 1389 1388 1386
3 1390 361 1391
3 1356 361 1390
3 1357 1355 1392
3 1392 1393 1357
3 1392 1356 1390
3 1355 1356 1392
3 1394 1358 1395
3 1359 1358 1394
3 1358 1357 1393
3 1393 1395 1358
3 1362 1360 1396
3 1396 1397 1362
3 1360 1359 1394
3 1394 1396 1360
3 1398 1399 1361
3 1363 1361 1399
3 1397 1398 1362
3 1398 1361 1362
3 1364 1363 1399
3 1400 1401 1364
3 1400 1399 1398
3 1400 1364 1399
3 1367 1365 1402
3 1402 1403 1367
3 1365 1364 1401
3 1401 1402 1365
3 1403 1404 1405
3 1369 1368 1405
3 1403 1368 1367
3 1403 1405 1368
3 1370 1369 1405
3 1406 1407 1370
3 1406 1405 1404
3 1406 1370 1405
3 1376 1375 1408
3 1408 1409 1376
3 1375 1370 1407
3 1407 1408 1375
3 1409 1410 1411
3 1412 1411 1410
3 1409 1379 1376
3 1409 1411 1379
3 1413 1412 1414
3 1415 1413 1414
3 1410 1416 1412
3 1414 1412 1416
3 1412 1382 1380
3 1385 1412 1413
3 1380 1379 1411
3 1380 1411 1412
3 1386 1385 1413
3 1415 1417 1386
3 1382 1412 1385
3 1415 1386 1413
3 1418 1386 1417
3 1389 1386 1418
3 1419 1420 1421
3 1422 1423 1419
3 1420 1424 1421
3 1422 1419 1421
3 1425 1426 1427
3 1428 1426 1425
3 1423 1425 1419
3 1425 1427 1419
3 1429 1430 1426
3 1429 1431 1430
3 1430 1427 1426
3 1428 1429 1426
3 1432 1433 1434
3 1435 1436 1431
3 1431 1437 1430
3 1438 1431 1429
3 1436 1434 1433
3 1439 1434 1440
3 1436 1433 1431
3 1433 1437 1431
3 1440 1434 1441
3 1435 1431 1438
3 1432 1434 1439
3 1441 1434 1436
3 1442 1443 1444
3 1445 1439 1440
3 1442 1446 1447
3 1444 1446 1442
3 1448 1449 1445
3 1450 1449 1448
3 1441 1448 1440
3 1448 1445 1440
3 1451 1452 1453
3 1452 1454 1453
3 1448 1451 1450
3 1453 1450 1451
3 1455 1454 1456
3 1457 1458 1459
3 1452 1460 1454
3 1460 1456 1454
3 1460 1461 1456
3 1460 1462 1461
3 1463 1458 1457
3 1457 1464 1463
3 1462 1458 1463
3 1463 1465 1462
3 1460 1459 1462
3 1459 1458 1462
3 1464 1447 1466
3 1447 1446 1466
3 1464 1467 1463
3 1464 1466 1467
3 1463 1467 1465
3 1456 1461 1455
3 1466 1446 1444
3 1444 1468 1466
3 1443 1469 1470
3 1443 1471 1469
3 1472 1473 1474
3 1443 1470 1444
3 1474 1473 1475
3 1476 1473 1472
3 1471 1474 1469
3 1474 1475 1469
3 1476 1477 1478
3 1479 1478 1477
3 1476 1475 1473
3 1476 1478 1475
3 1477 1480 1479
3 1481 1482 1483
3 1484 1485 1481
3 1485 1486 1481
3 1483 1487 1481
3 1488 1481 1487
3 1488 1489 1484
3 1488 1490 1489
3 1486 1482 1481
3 1488 1484 1481
3 1491 1484 1489
3 1492 1484 1491
3 1493 1489 1490
3 1492 1485 1484
3 1493 1494 1495
3 1493 1496 1494
3 1493 1495 1489
3 1495 1491 1489
3 1497 1498 1494
3 1497 1499 1498
3 1497 1494 1496
3 1498 1495 1494
3 1500 1499 1501
3 1502 1501 1503
3 1497 1503 1499
3 1503 1501 1499
3 1504 1501 1505
3 1500 1501 1504
3 1505 1501 1502
3 1506 1505 1502
3 1507 1508 1504
3 1507 1509 1508
3 1506 1504 1505
3 1506 1507 1504
3 1510 1511 1509
3 1511 1512 1509
3 1512 1508 1509
3 1510 1509 1507
3 1513 1422 1511
3 1513 1514 1422
3 1510 1515 1511
3 1515 1513 1511
3 1516 1517 1518
3 1423 1422 1514
3 1518 1514 1513
3 1517 1514 1518
3 1516 1519 1517
3 1519 1425 1517
3 1425 1514 1517
3 1423 1514 1425
3 1429 1428 1520
3 1521 1520 1519
3 1519 1428 1425
3 1519 1520 1428
3 1522 1438 1429
3 1522 1523 1438
3 1521 1522 1520
3 1522 1429 1520
3 1441 1524 1525
3 1436 1524 1441
3 1526 1523 1522
3 1436 1435 1524
3 1524 1435 1438
3 1527 1528 1524
3 1527 1524 1523
3 1524 1438 1523
3 1528 1529 1525
3 1527 1523 1526
3 1525 1524 1528
3 1530 1531 1532
3 1533 1534 1535
3 1535 1536 1533
3 1537 1531 1530
3 1532 1538 1530
3 1539 1540 1541
3 1542 1543 1540
3 1541 1540 1544
3 820 1545 1546
3 820 1546 819
3 1372 1547 1545
3 1547 1546 1545
3 1372 1545 1371
3 820 1371 1545
3 1548 1549 1377
3 1377 1549 1378
3 1372 1378 1549
3 1372 1549 1547
3 1381 1384 1550
3 1550 1551 1381
3 1377 1381 1551
3 1551 1548 1377
3 1383 1388 1552
3 1383 1552 1553
3 1384 1383 1553
3 1553 1550 1384
3 1554 1552 1555
3 1388 1387 1556
3 1556 1555 1388
3 1388 1555 1552
3 1557 1558 1556
3 1557 1556 1387
3 1554 1555 1559
3 1559 1555 1556
3 1560 1561 1562
3 1562 1558 1560
3 1557 1560 1558
3 1558 1559 1556
3 1563 1564 1565
3 1563 1565 1566
3 1566 1562 1563
3 1563 1562 1561
3 1567 1565 1564
3 1563 1568 1564
3 1569 1570 1571
3 675 1572 1573
3 1569 1573 1572
3 1572 1574 1570
3 1569 1572 1570
3 1575 681 676
3 1576 1575 676
3 676 675 1576
3 1573 1576 675
3 1577 1578 1579
3 685 681 1578
3 1575 1579 1578
3 1575 1578 681
3 1580 1581 1582
3 1581 1577 1582
3 1582 1577 1583
3 1579 1583 1577
3 687 1578 1577
3 1584 1585 1586
3 1586 1580 1584
3 1582 1584 1580
3 690 1581 1580
3 1581 689 687
3 687 1577 1581
3 685 1578 687
3 1587 1586 1585
3 690 1580 692
3 692 1580 1586
3 689 1581 690
3 699 697 1588
3 1588 697 692
3 1587 1588 692
3 1587 692 1586
3 1589 1590 1591
3 1589 1591 701
3 1589 701 699
3 1588 1589 699
3 1592 706 1591
3 1593 1592 1591
3 702 701 1591
3 1593 1591 1590
3 1594 710 708
3 708 706 1594
3 1594 706 1592
3 706 702 1591
3 715 710 1595
3 1596 1595 1597
3 1597 1595 710
3 1594 1597 710
3 1 714 1598
3 1596 1598 714
3 714 715 1595
3 1596 714 1595
3 716 714 1
3 1599 1600 406
3 1601 1600 1602
3 1603 1602 1604
3 1599 1604 1602
3 1599 1602 1600
3 1605 1606 1607
3 1607 1606 1601
3 1607 1601 1602
3 1603 1607 1602
3 1608 1609 1610
3 1605 1610 1609
3 1609 1611 1605
3 1611 1606 1605
3 1612 1613 1614
3 1613 1608 1614
3 1614 1608 1615
3 1610 1615 1608
3 1616 1617 1618
3 1617 1612 1618
3 1618 1612 1619
3 1614 1619 1612
3 1620 1621 1622
3 1616 1622 1621
3 1621 1623 1616
3 1623 1617 1616
3 1624 1625 1626
3 1624 1626 1627
3 1624 1627 1620
3 1622 1624 1620
3 1628 1629 1626
3 1630 1628 1626
3 1629 1627 1626
3 1630 1626 1625
3 1628 1631 1632
3 1632 1633 1634
3 1628 1632 1634
3 1628 1634 1629
3 1635 1636 1632
3 1637 1635 1632
3 1636 1633 1632
3 1637 1632 1631
3 1638 1639 1635
3 1640 1638 1635
3 1641 1640 1635
3 1637 1641 1635
3 1642 1643 1638
3 1644 1642 1638
3 1645 1639 1638
3 1644 1638 1640
3 1642 1646 1647
3 1642 1647 1648
3 1642 1648 1643
3 1643 1645 1638
3 1649 1647 1650
3 1649 1648 1647
3 1650 1647 1651
3 1651 1647 1646
3 1652 1653 1654
3 1651 1654 1653
3 1653 1650 1651
3 1650 1655 1649
3 1656 1653 1657
3 1653 1658 1655
3 1655 1650 1653
3 1657 1653 1652
3 1658 1653 1656
3 1659 1660 1661
3 1662 1663 1660
3 1662 1660 1664
3 1664 1660 1659
3 1665 1659 1666
3 1661 1666 1659
3 1667 1668 1669
3 1665 1667 1669
3 1665 1669 1664
3 1665 1664 1659
3 1670 1671 1672
3 1670 1672 1668
3 1670 1668 1667
3 1672 1669 1668
3 1673 1674 1675
3 1675 1674 1676
3 1676 1674 1671
3 1670 1676 1671
3 1677 1674 1678
3 1678 1674 1673
3 1677 1671 1674
3 1679 1673 1675
3 1679 1680 1681
3 1682 1678 1673
3 1681 1682 1673
3 1679 1681 1673
3 1683 1684 1681
3 1685 1683 1681
3 1686 1682 1681
3 1685 1681 1680
3 1687 1684 1683
3 1688 1683 1689
3 1685 1689 1683
3 1684 1686 1681
3 1690 1691 1687
3 1690 1687 1683
3 1692 1690 1683
3 1688 1692 1683
3 1693 1694 1695
3 1693 1695 1690
3 1695 1691 1690
3 1693 1690 1692
3 1696 1697 1694
3 1694 1698 1696
3 1699 1698 1694
3 1693 1699 1694
3 1700 1701 1696
3 1696 1698 1700
3 1700 1698 1699
3 1702 1697 1696
3 1701 1703 1704
3 1704 1702 1696
3 1701 1704 1696
3 1705 582 1706
3 1707 1708 1709
3 1709 1710 1705
3 1707 1709 1705
3 1707 1705 1706
3 1711 1712 1709
3 1713 1711 1709
3 1714 1710 1709
3 1713 1709 1708
3 1715 1712 1711
3 1716 1711 1717
3 1713 1717 1711
3 1712 1714 1709
3 1718 1719 1715
3 1720 1718 1715
3 1720 1715 1711
3 1716 1720 1711
3 1721 1718 1722
3 1723 1724 1719
3 1719 1718 1723
3 1722 1718 1720
3 1725 1726 1723
3 1721 1725 1723
3 1726 1724 1723
3 1723 1718 1721
3 1727 1728 1729
3 1729 1725 1727
3 1727 1725 1730
3 1721 1730 1725
3 1731 1732 1728
3 1733 1728 1734
3 1727 1734 1728
3 1728 1732 1729
3 1735 1736 1737
3 1733 1735 1737
3 1733 1737 1731
3 1733 1731 1728
3 1738 1739 1736
3 1740 1738 1736
3 1740 1736 1735
3 1739 1737 1736
3 1741 1738 1742
3 1743 1742 1744
3 1744 1742 1738
3 1740 1744 1738
3 1745 1746 1747
3 1745 1747 1741
3 1743 1745 1741
3 1743 1741 1742
3 1748 1749 1750
3 1748 1750 1746
3 1748 1746 1745
3 1750 1747 1746
3 1751 1749 1752
3 1753 1752 1754
3 1754 1752 1749
3 1748 1754 1749
3 1755 1756 1757
3 1755 1757 1751
3 1755 1751 1752
3 1753 1755 1752
3 1758 41 1759
3 1758 1759 1756
3 1758 1756 1755
3 1759 1757 1756
3 1760 39 38
3 38 42 1760
3 1760 42 41
3 1758 1760 41
3 1761 1692 1762
3 1692 1688 1762
3 1699 1693 1763
3 1764 1763 1693
3 1764 1693 1692
3 1761 1764 1692
3 1765 1700 1699
3 1766 1765 1699
3 1766 1699 1763
3 1766 1763 1764
3 1767 1701 1700
3 1700 1765 1767
3 1768 1765 1769
3 1766 1769 1765
3 1770 1703 1701
3 1701 1767 1770
3 1768 1771 1767
3 1767 1765 1768
3 1703 1770 1772
3 1772 1770 1773
3 1770 1767 1774
3 1774 1767 1771
3 1772 1773 1775
3 1775 1773 1776
3 1773 1770 1777
3 1777 1770 1774
3 1778 1779 1780
3 1780 1779 1538
3 1776 1773 1781
3 1781 1773 1777
3 1782 1783 1784
3 1784 1783 1536
3 1534 1785 1778
3 1785 1779 1778
3 1786 1787 1788
3 1789 1788 1787
3 1787 1782 1789
3 1784 1789 1782
3 1790 1791 1792
3 1786 1790 1792
3 1786 1792 1793
3 1793 1787 1786
3 1794 1795 1796
3 1790 1796 1795
3 1790 1795 1797
3 1790 1797 1791
3 1798 1799 1800
3 1799 1801 1800
3 1800 1801 1794
3 1801 1795 1794
3 1781 1537 1776
3 1802 1775 1776
3 1543 1803 1798
3 1803 1799 1798
3 1537 1804 1802
3 1537 1802 1776
3 84 1805 83
3 1242 1235 1806
3 1807 1806 1805
3 1806 1235 83
3 1805 1806 83
3 1808 1240 1242
3 1809 1808 1242
3 1809 1242 1806
3 1807 1809 1806
3 1810 1244 1808
3 1811 1810 1808
3 1811 1808 1809
3 1244 1240 1808
3 1251 1247 1812
3 1247 1249 1812
3 1812 1249 1810
3 1810 1249 1244
3 1813 1254 1251
3 1814 1813 1251
3 1815 1814 1251
3 1812 1815 1251
3 1257 1259 1813
3 1816 1257 1813
3 1259 1254 1813
3 1816 1813 1814
3 1817 1818 1263
3 1819 1817 1263
3 1263 1257 1819
3 1816 1819 1257
3 1818 1820 1821
3 1821 1822 1818
3 1818 1822 1264
3 1818 1264 1263
3 1823 1821 1820
3 1266 1822 1269
3 1269 1822 1821
3 1266 1264 1822
3 1823 1824 1825
3 1823 1825 1273
3 1823 1273 1269
3 1823 1269 1821
3 1826 1827 1825
3 1828 1826 1825
3 1287 1273 1825
3 1828 1825 1824
3 1829 1290 1289
3 1289 1827 1829
3 1827 1289 1287
3 1827 1287 1825
3 1830 1831 1829
3 1830 1829 1827
3 1832 1830 1827
3 1832 1827 1826
3 1295 1829 1296
3 1296 1829 1831
3 1295 1290 1829
3 1833 1831 1830
3 1834 1300 1296
3 1833 1834 1296
3 1833 1296 1831
3 1835 1836 1837
3 1835 1837 1838
3 1839 1840 1841
3 1839 1841 1842
3 1835 1839 1842
3 1835 1842 1836
3 1840 1843 1844
3 1844 1845 1840
3 1846 1841 1845
3 1840 1845 1841
3 1847 1848 1844
3 1846 1845 1849
3 1849 1845 1844
3 1847 1844 1843
3 1850 1851 1852
3 1847 1852 1851
3 1847 1851 1848
3 1848 1849 1844
3 1853 1851 1854
3 1855 1848 1851
3 1856 1854 1850
3 1854 1851 1850
3 1856 1857 1858
3 1858 1853 1854
3 1856 1858 1854
3 1855 1851 1853
3 1859 1860 1857
3 1859 1857 1861
3 1860 1858 1857
3 1856 1861 1857
3 1862 1863 1864
3 1864 1863 1865
3 1859 1864 1865
3 1859 1865 1860
3 1866 1867 1862
3 1868 1866 1862
3 1867 1865 1863
3 1864 1869 1862
3 1870 1868 1862
3 1870 1862 1869
3 1871 1866 1868
3 1867 1863 1862
3 1872 1868 1873
3 1874 1873 1875
3 1870 1875 1873
3 1870 1873 1868
3 1874 1876 1877
3 1877 1872 1873
3 1874 1877 1873
3 1871 1868 1872
3 1878 1879 1876
3 1880 1877 1876
3 1878 1876 1881
3 1874 1881 1876
3 1882 1883 1879
3 1883 1884 1880
3 1883 1880 1876
3 1879 1883 1876
3 1885 1886 1883
3 1887 1885 1883
3 1882 1887 1883
3 1886 1884 1883
3 1888 1885 1887
3 1882 1889 1887
3 1890 1891 501
3 1890 501 499
3 1892 1893 1894
3 1891 1892 1894
3 1894 502 501
3 1891 1894 501
3 1895 1896 1897
3 1896 1898 1897
3 1897 1898 1892
3 1892 1898 1893
3 1895 1899 1896
3 1900 1898 1899
3 1899 1898 1896
3 1900 1893 1898
3 1901 1902 1903
3 1903 1902 1904
3 1895 1904 1902
3 1895 1902 1899
3 1905 1906 1907
3 1903 1908 1907
3 1903 1907 1906
3 1903 1906 1901
3 1909 1910 1905
3 1909 1905 1907
3 1911 1909 1907
3 1911 1907 1908
3 1912 1913 1914
3 1909 1914 1913
3 1909 1913 1915
3 1909 1915 1910
3 1916 1917 1918
3 1916 1918 1913
3 1912 1916 1913
3 1918 1915 1913
3 1919 1920 1917
3 1921 1922 1917
3 1919 1917 1916
3 1917 1922 1918
3 1923 1924 1925
3 1923 1925 1920
3 1919 1923 1920
3 1920 1921 1917
3 1926 1927 1924
3 1928 1925 1924
3 1926 1924 1929
3 1923 1929 1924
3 1930 1931 1932
3 1932 1931 1928
3 1927 1932 1928
3 1927 1928 1924
3 1933 1934 1930
3 1933 1930 1932
3 1935 1933 1932
3 1935 1932 1927
3 1936 1934 1937
3 1933 1938 1939
3 1939 1937 1933
3 1933 1937 1934
3 1936 1937 1940
3 1940 1937 1939
3 105 1941 1942
3 101 1943 104
3 104 1943 1941
3 111 1944 1945
3 105 1942 109
3 109 1942 1944
3 104 1941 105
3 109 1944 111
3 1946 1947 1948
3 1946 1949 1950
3 1950 1951 1947
3 1946 1950 1947
3 1951 1952 1947
3 1953 1954 1949
3 1954 1950 1949
3 1953 1949 1955
3 1946 1955 1949
3 1956 1957 1958
3 1959 1958 1957
3 1953 1959 1957
3 1953 1957 1954
3 1960 1961 1958
3 1962 1960 1958
3 1963 1962 1958
3 1963 1958 1959
3 1964 1965 1960
3 1966 1961 1960
3 1964 1960 1962
3 1961 1956 1958
3 1967 1965 1968
3 1968 1965 1969
3 1964 1969 1965
3 1965 1966 1960
3 1970 1971 1972
3 1973 1970 1972
3 1968 1973 1972
3 1972 1967 1968
3 1974 1975 1970
3 1974 1970 1976
3 1977 1971 1970
3 1973 1976 1970
3 1978 1979 1975
3 1979 1980 1977
3 1975 1979 1977
3 1975 1977 1970
3 1981 1979 1978
3 1982 1980 1979
3 1983 1978 1984
3 1975 1984 1978
3 1985 1986 1981
3 1983 1985 1981
3 1983 1981 1978
3 1982 1979 1981
3 1987 1988 1989
3 1990 1986 1989
3 1987 1989 1985
3 1985 1989 1986
3 1991 1992 1993
3 1993 1988 1991
3 1987 1991 1988
3 1988 1990 1989
3 1994 1995 1996
3 1996 1995 1997
3 1992 1996 1997
3 1992 1997 1993
3 1994 1998 1999
3 1999 2000 1995
3 1994 1999 1995
3 2000 1997 1995
3 968 2001 2002
3 1998 2003 2002
3 1998 2002 2001
3 1998 2001 1999
3 2004 2005 2006
3 2007 2008 2005
3 2009 2010 2008
3 2008 2010 2006
3 2005 2008 2006
3 2011 2012 2013
3 2007 2011 2013
3 2013 2009 2008
3 2007 2013 2008
3 2014 2015 2016
3 2017 2012 2015
3 2011 2016 2015
3 2011 2015 2012
3 2018 2019 2020
3 2014 2018 2020
3 2014 2020 2017
3 2014 2017 2015
3 299 2021 297
3 2022 2019 2021
3 297 2021 2019
3 2018 297 2019
3 2022 2021 2023
3 2023 2021 2024
3 300 2024 299
3 2024 2021 299
3 305 2025 304
3 304 2025 2023
3 300 304 2023
3 300 2023 2024
3 305 308 2026
3 2026 2027 2028
3 305 2026 2028
3 2028 2025 305
3 2029 2030 2026
3 309 2029 2026
3 309 2026 308
3 2030 2027 2026
3 317 2031 314
3 2031 2029 314
3 314 2029 313
3 309 313 2029
3 321 509 319
3 509 508 319
3 319 508 317
3 508 2031 317
3 325 2032 322
3 321 322 2032
3 2032 511 321
3 511 509 321
3 513 512 327
3 512 2033 327
3 327 2033 325
3 2033 2032 325
3 519 518 330
3 518 513 330
3 330 513 329
3 327 329 513
3 333 334 522
3 522 519 333
3 330 333 519
3 865 2034 2035
3 2036 2037 2035
3 2038 2039 2034
3 2039 2040 2036
3 2034 2039 2036
3 2034 2036 2035
3 2038 2041 2042
3 2038 2042 2043
3 2038 2043 2039
3 2043 2040 2039
3 2044 2045 2046
3 2041 2046 2045
3 2041 2045 2047
3 2041 2047 2042
3 2044 2048 2049
3 2044 2049 2050
3 2044 2050 2045
3 2050 2047 2045
3 2051 2052 2053
3 2051 2053 2048
3 2052 2049 2053
3 2048 2053 2049
3 2054 2055 2056
3 2051 2056 2055
3 2051 2055 2057
3 2051 2057 2052
3 2058 2059 2060
3 2059 2054 2060
3 2060 2054 2061
3 2056 2061 2054
3 2062 2054 2059
3 2063 2055 2064
3 2064 2055 2054
3 2063 2057 2055
3 2065 2062 2059
3 2058 2065 2059
3 2066 2064 2054
3 2062 2066 2054
3 2067 2062 2068
3 2068 2062 2065
3 2067 2066 2062
3 2058 2069 2065
3 2070 2071 2072
3 2072 2071 2073
3 2069 2073 2071
3 2071 2065 2069
3 2074 2071 2075
3 2075 2071 2070
3 2068 2065 2074
3 2074 2065 2071
3 2076 2077 2078
3 2079 2078 2080
3 2078 2070 2080
3 2080 2070 2072
3 2079 2081 2076
3 2079 2076 2078
3 2075 2070 2078
3 2077 2075 2078
3 2082 2076 2083
3 2083 2076 2084
3 2082 2077 2076
3 2081 2084 2076
3 2085 2084 2086
3 2087 2086 2088
3 2081 2088 2086
3 2086 2084 2081
3 2087 2089 2090
3 2090 2085 2086
3 2087 2090 2086
3 2083 2084 2085
3 2091 2090 2089
3 2087 2092 2089
3 2093 2094 2095
3 2096 2095 2094
3 2094 2097 2096
3 2097 2098 2096
3 2093 2099 2100
3 2100 2101 2093
3 2101 2094 2093
3 2102 2103 2104
3 2102 2104 2105
3 2106 296 2107
3 302 296 2106
3 2106 303 302
3 2106 2108 303
3 2109 2110 2111
3 2109 296 2110
3 296 298 2110
3 2109 2107 296
3 2112 306 2108
3 2112 307 306
3 2113 307 2112
3 311 307 2113
3 2106 2114 2108
3 2115 2108 2114
3 306 303 2108
3 2115 2112 2108
3 2116 315 2117
3 316 315 2116
3 2118 316 2116
3 318 316 2118
3 2119 311 2113
3 312 311 2119
3 315 312 2119
3 2119 2117 315
3 323 320 2120
3 2121 2122 2120
3 2122 324 2120
3 324 323 2120
3 2118 320 318
3 2118 2120 320
3 2118 2123 2120
3 2121 2120 2123
3 331 328 2124
3 2124 2125 331
3 332 331 2125
3 2125 2126 332
3 2127 324 2122
3 326 324 2127
3 2124 326 2127
3 328 326 2124
3 339 337 2128
3 2128 2129 339
3 2130 339 2129
3 343 339 2130
3 336 332 2126
3 2126 2131 336
3 2128 336 2131
3 337 336 2128
3 2132 347 2133
3 348 347 2132
3 2134 348 2132
3 350 348 2134
3 2135 343 2130
3 345 343 2135
3 347 345 2135
3 2135 2133 347
3 357 354 2136
3 2136 2137 357
3 2138 357 2137
3 359 357 2138
3 352 350 2134
3 2134 2139 352
3 2136 352 2139
3 354 352 2136
3 361 359 2138
3 2138 1391 361
3 1 720 716
3 2140 2141 2142
3 2143 2141 2140
3 2144 2141 2143
3 2143 2145 2144
3 2145 2146 2144
3 2146 413 2144
3 2144 2142 2141
3 2144 410 2142
3 2144 408 410
3 413 408 2144
3 420 415 2146
3 2147 2146 2148
3 2147 422 2146
3 422 420 2146
3 2146 415 413
3 2145 2149 2146
3 2150 2146 2149
3 2148 2146 2150
3 2151 2152 2147
3 2153 2152 2151
3 2154 428 2152
3 428 426 2152
3 426 422 2147
3 2155 2148 2150
3 2155 2147 2148
3 2155 2151 2147
3 2156 2157 2158
3 431 428 2154
3 433 2154 2157
3 431 2154 433
3 426 2147 2152
3 2153 2157 2152
3 2157 2154 2152
3 2153 2158 2157
3 2159 2160 2161
3 2162 2160 2159
3 439 436 2160
3 2163 440 2162
3 2156 2160 2157
3 2160 436 2157
3 436 433 2157
3 2156 2161 2160
3 440 439 2162
3 439 2160 2162
3 570 2164 571
3 2164 2165 571
3 570 1139 2164
3 1138 2164 1139
3 1194 2166 1145
3 1145 1147 1194
3 1148 1194 1147
3 1195 1194 1148
3 2167 2165 2164
3 1138 1145 2164
3 1145 2166 2164
3 2166 2167 2164
3 1199 1197 2168
3 1152 1154 2168
3 1154 1199 2168
3 1154 1203 1199
3 1148 1197 1195
3 1148 2168 1197
3 1148 1150 2168
3 1152 2168 1150
3 2169 1213 1206
3 1159 1210 2170
3 1159 1212 1210
3 1159 1158 1212
3 1154 1210 1203
3 1154 1153 1210
3 1153 2170 1210
3 1163 2170 1153
3 1215 1213 2169
3 1166 1165 1215
3 1216 1215 1165
3 1165 1170 1216
3 1158 1161 1212
3 1161 2169 1212
3 2169 1206 1212
3 1166 1215 2169
3 1221 1219 1172
3 1172 1178 1221
3 1222 1221 1178
3 1178 1181 1222
3 1166 2169 1161
3 1159 2170 1163
3 1172 1216 1170
3 1219 1216 1172
3 1184 1231 1227
3 1184 2171 1231
3 1184 1187 2171
3 1190 2171 1187
3 1226 1222 1181
3 1181 1182 1226
3 1227 1226 1182
3 1182 1184 1227
3 1232 2171 1234
3 1189 1234 2172
3 2172 2171 1190
3 1189 2172 1190
3 1232 1231 2171
3 1234 2171 2172
3 2173 2174 2175
3 2174 2176 2175
3 2177 2176 2174
3 2174 2178 2177
3 2173 2179 2180
3 2173 671 2179
3 2173 2175 671
3 2181 2175 2176
3 2182 2176 2177
3 2181 2176 2182
3 2183 2177 2184
3 2184 2177 2178
3 2178 2185 2184
3 2186 2184 2185
3 2185 2187 2186
3 2188 2189 2190
3 2191 2186 2187
3 2191 2190 2186
3 2191 2192 2190
3 2182 2177 2183
3 2190 2189 2186
3 2189 2184 2186
3 2189 2183 2184
3 2188 2190 2193
3 2194 2192 2195
3 2193 2192 2194
3 2196 2195 2197
3 2191 2198 2192
3 2197 2192 2198
3 2195 2192 2197
3 2193 2190 2192
3 2199 2194 2195
3 2200 2201 2202
3 2200 1486 2201
3 1486 2203 2201
3 2202 2195 2196
3 2200 2202 2196
3 2201 2199 2202
3 2199 2195 2202
3 1485 2204 2203
3 1485 2205 2204
3 1485 1492 2205
3 1492 2206 2205
3 2207 2199 2201
3 2204 2201 2203
3 2207 2201 2204
3 1485 2203 1486
3 2208 2206 2209
3 1495 2210 1491
3 1495 2211 2210
3 2211 2209 2210
3 1491 2206 1492
3 2210 2206 1491
3 2208 2205 2206
3 2209 2206 2210
3 1499 2212 2211
3 1499 2213 2212
3 1499 1500 2213
3 1500 2214 2213
3 2211 2215 2209
3 1495 1498 2211
3 1499 2211 1498
3 2212 2215 2211
3 2216 2214 2217
3 2218 2214 2216
3 1508 2216 2217
3 1508 2219 2216
3 2218 2213 2214
3 1504 2214 1500
3 2217 2214 1504
3 1508 2217 1504
3 1422 1421 1511
3 1508 1512 2219
3 1512 1424 2219
3 1512 1421 1424
3 1512 1511 1421
3 2220 2221 2222
3 2221 2223 2222
3 2221 2224 2223
3 2221 2225 2224
3 2226 2227 2228
3 2229 2227 2226
3 2226 2220 2229
3 2220 2222 2229
3 2230 2227 2229
3 2229 2231 2230
3 2229 2222 2231
3 2232 2224 2233
3 2225 2233 2224
3 1834 2228 1300
3 2228 2230 1300
3 2228 2227 2230
3 2232 2233 2234
3 2235 2234 2236
3 2235 2237 2234
3 2237 2238 2234
3 2236 2233 2225
3 2225 2239 2236
3 2235 2236 2239
3 2234 2233 2236
3 2240 2241 2242
3 2243 2242 2241
3 2244 2241 2240
3 2240 2245 2244
3 2246 2238 2237
3 2247 2238 2246
3 2246 2242 2247
3 2246 2240 2242
3 2248 2244 2245
3 2249 2241 2244
3 2243 2241 2249
3 2248 2249 2244
3 680 1402 2250
3 1402 1401 2250
3 680 679 1402
3 1403 1402 679
3 1401 1400 2250
3 683 684 1406
3 684 2251 1406
3 2252 2251 684
3 684 686 2252
3 679 682 1403
3 1404 1403 682
3 682 683 1404
3 683 1406 1404
3 686 688 2253
3 691 2253 688
3 1409 2252 2253
3 1408 2252 1409
3 1407 1406 2251
3 1408 2251 2252
3 1407 2251 1408
3 2253 2252 686
3 1416 1410 698
3 700 1416 698
3 1414 1416 700
3 704 1414 700
3 691 1409 2253
3 691 1410 1409
3 691 695 1410
3 698 1410 695
3 709 711 1418
3 712 1418 711
3 2254 1418 712
3 713 2254 712
3 1415 1414 704
3 1417 1415 704
3 704 709 1417
3 1418 1417 709
3 2255 2256 719
3 2257 2255 719
3 719 721 2257
3 2258 2254 713
3 2256 2258 713
3 713 717 2256
3 719 2256 717
3 2259 1569 1571
3 2259 2260 1569
3 1576 2261 2262
3 1573 2261 1576
3 2263 2262 2264
3 2264 2265 2263
3 2260 2261 1569
3 2262 2261 2260
3 2260 2264 2262
3 1573 1569 2261
3 2266 1579 1575
3 2266 2267 1579
3 2268 1579 2267
3 1583 1579 2268
3 2266 2263 2265
3 1575 2262 2263
3 1576 2262 1575
3 2266 1575 2263
3 1585 1584 2269
3 2269 2270 1585
3 2270 1587 1585
3 2270 2271 1587
3 1582 1583 2268
3 2268 2272 1582
3 2269 1582 2272
3 1584 1582 2269
3 1588 1587 2271
3 1589 2271 2273
3 1588 2271 1589
3 2274 1590 2273
3 2270 2275 2271
3 2273 2271 2275
3 2275 2276 2273
3 2274 2273 2276
3 2277 1593 1590
3 1592 1593 2277
3 2278 2277 2279
3 2280 2277 2278
3 1590 1589 2273
3 2274 2281 1590
3 2281 2279 1590
3 2279 2277 1590
3 2282 1597 1594
3 2282 2283 1597
3 2283 2284 1597
3 2284 1596 1597
3 2282 2280 2278
3 1594 2277 2280
3 1592 2277 1594
3 2282 1594 2280
3 1598 1596 2285
3 1 2285 2
3 1598 2285 1
3 2284 2285 1596
3 2 2285 2284
3 2284 2286 2
3 0 2 2286
3 2287 2288 2289
3 2288 2290 2289
3 2288 2291 2290
3 2291 2292 2290
3 2287 2293 2294
3 2287 2289 2293
3 2289 2295 2293
3 2296 2297 2298
3 2296 2299 2297
3 2296 2300 2299
3 2296 2301 2300
3 2302 2292 2291
3 2298 2290 2292
3 2302 2296 2292
3 2296 2298 2292
3 2303 2304 2305
3 2303 2306 2304
3 2307 2306 2303
3 2308 2304 2306
3 2305 2299 2300
3 2309 2300 2301
3 2309 2305 2300
3 2309 2303 2305
3 2310 2311 2312
3 2311 2313 2312
3 2314 2311 2310
3 2315 2313 2311
3 2307 2312 2306
3 2312 2308 2306
3 2307 2316 2312
3 2316 2310 2312
3 2317 2318 2319
3 2320 2319 2321
3 2322 2319 2320
3 2323 2322 2320
3 2314 2315 2311
3 2314 2318 2315
3 2314 2321 2318
3 2321 2319 2318
3 2323 2324 2325
3 2323 2326 2324
3 2327 2325 2324
3 2328 2324 2326
3 2329 2319 2322
3 2317 2319 2329
3 2323 2325 2322
3 2325 2329 2322
3 2330 2331 2328
3 2331 2332 2328
3 2330 2333 2331
3 2330 2334 2333
3 2326 2335 2328
3 2330 2328 2335
3 2332 2324 2328
3 2327 2324 2332
3 2336 2333 2334
3 2334 2337 2336
3 86 2336 2337
3 2338 2331 2333
3 2339 2340 1962
3 2340 2341 1962
3 2341 1964 1962
3 1969 1964 2341
3 1962 1963 2342
3 2339 1962 2342
3 2343 2344 2345
3 2346 2345 2344
3 1973 1968 2345
3 2346 1976 2345
3 2343 2341 2340
3 2343 2345 2341
3 2345 1969 2341
3 2345 1968 1969
3 2347 2348 2349
3 2350 2349 2348
3 1975 1974 2349
3 2350 1975 2349
3 1976 1973 2345
3 2346 2347 1976
3 2347 1974 1976
3 2347 2349 1974
3 2351 2352 2353
3 2354 2353 2352
3 1985 1983 2353
3 2354 2355 2353
3 2350 2351 1975
3 2351 1984 1975
3 2351 1983 1984
3 2351 2353 1983
3 2356 2355 2357
3 2358 2355 2356
3 2359 2358 2356
3 2360 2358 2359
3 2355 1987 2353
3 1987 1985 2353
3 2354 2357 2355
3 1991 1987 2355
3 2361 2360 2359
3 2361 1996 2360
3 2361 2362 1996
3 2362 2363 1996
3 1992 2355 2358
3 1991 2355 1992
3 1996 2358 2360
3 1992 2358 1996
3 2364 2003 2363
3 2003 1998 2363
3 2365 2003 2364
3 2366 2003 2365
3 2363 1994 1996
3 2367 2363 2362
3 1998 1994 2363
3 2367 2364 2363
3 116 115 2368
3 117 116 2369
3 2368 2366 2365
3 2365 2370 2368
3 2370 2369 2368
3 2369 116 2368
3 2371 2372 2373
3 2374 2375 2376
3 2377 2375 2374
3 2374 2378 2377
3 2373 2372 2378
3 2371 2379 2380
3 2381 2380 2379
3 2379 2382 2381
3 2382 2383 2381
3 2378 2384 2377
3 2378 2372 2384
3 2371 2384 2372
3 2371 2380 2384
3 2385 2383 2386
3 2382 2387 2383
3 2387 2386 2383
3 2388 2386 2387
3 2387 2389 2388
3 2390 2391 2392
3 2390 2393 2391
3 1049 2392 2391
3 2394 2395 1048
3 2396 2395 2394
3 1051 1048 2395
3 2396 2397 2395
3 2398 2391 2393
3 2398 1049 2391
3 2398 1048 1049
3 2398 2394 1048
3 1057 1055 2399
3 2399 2400 1057
3 2401 1057 2400
3 1061 1057 2401
3 2397 1051 2395
3 2397 1053 1051
3 2399 1053 2397
3 1055 1053 2399
3 1068 1065 2402
3 2402 2403 1068
3 2403 2404 1068
3 2404 1071 1068
3 1063 1061 2401
3 2401 2405 1063
3 2402 1063 2405
3 1065 1063 2402
3 2406 2407 2404
3 2407 1072 2404
3 2407 1075 1072
3 2408 2407 2406
3 2403 2409 2404
3 2410 2404 2409
3 1072 1071 2404
3 2410 2406 2404
3 2408 2411 2412
3 1082 1081 2412
3 2413 2412 2411
3 2413 1085 2412
3 1077 1075 2407
3 2408 1077 2407
3 2408 1081 1077
3 2408 2412 1081
3 1088 1085 2414
3 2415 2416 2414
3 2416 1088 2414
3 2416 1090 1088
3 1085 1082 2412
3 2413 2414 1085
3 2413 2417 2414
3 2415 2414 2417
3 2418 2419 2420
3 2092 2421 2422
3 2419 2422 2423
3 2419 2423 2420
3 2422 2421 2423
3 2424 2425 2426
3 2427 2426 2425
3 2428 2418 2429
3 2429 2418 2425
3 2427 2420 2430
3 2428 2419 2418
3 2427 2425 2418
3 2427 2418 2420
3 2431 2432 2433
3 2434 2431 2433
3 2431 2435 2436
3 2436 2432 2431
3 2437 2429 2425
3 2424 2437 2425
3 2434 2433 2437
3 2424 2434 2437
3 2438 2439 2440
3 2438 2440 2436
3 2439 2441 2442
3 2439 2442 2440
3 2443 2433 2432
3 2438 2436 2435
3 2443 2432 2440
3 2440 2432 2436
3 2444 2445 2446
3 2447 2444 2446
3 2448 2444 2449
3 2447 2449 2444
3 2450 2446 2441
3 2439 2450 2441
3 2447 2446 2450
3 2445 2441 2446
3 2451 2452 2453
3 2451 2453 2454
3 2455 2453 2452
3 2456 2454 2453
3 2451 2457 2448
3 2457 2444 2448
3 2451 2454 2458
3 2458 2457 2451
3 2450 2459 2460
3 2439 2438 2459
3 1424 2450 2460
3 2439 2459 2450
3 2449 2447 2461
3 1420 1419 2462
3 2448 2449 2462
3 2463 2448 2462
3 1420 2447 2450
3 1424 1420 2450
3 2462 2461 1420
3 1420 2461 2447
3 1427 1430 2462
3 1427 2462 1419
3 1430 2464 2463
3 1430 2463 2462
3 2451 2463 2465
3 2449 2461 2462
3 2452 2451 2465
3 2448 2463 2451
3 1432 1439 2465
3 1433 2464 1437
3 1439 2455 2452
3 1439 2452 2465
3 1433 2463 2464
3 1437 2464 1430
3 1433 1432 2465
3 1433 2465 2463
3 1449 2466 2467
3 2468 2469 2467
3 1449 1450 2466
3 2466 2468 2467
3 2467 2469 2455
3 1439 2467 2455
3 1449 2467 1445
3 1439 1445 2467
3 1454 2470 2471
3 2472 2473 2471
3 1454 1455 2470
3 2470 2472 2471
3 2471 2473 2466
3 1450 2471 2466
3 1454 2471 1453
3 1450 1453 2471
3 1466 2474 2475
3 1466 2475 1467
3 1466 1468 2474
3 2474 2476 2475
3 1462 2477 2478
3 1462 2478 1461
3 1465 2479 2477
3 1462 1465 2477
3 1461 2478 2470
3 1455 1461 2470
3 2478 2477 2480
3 2478 2480 2470
3 1467 2475 2479
3 1465 1467 2479
3 2475 2476 2481
3 2475 2481 2479
3 1475 1478 2482
3 2482 2483 1475
3 1478 1479 2484
3 1478 2484 2482
3 1469 1475 2485
3 1469 2485 1470
3 1475 2483 2486
3 1475 2486 2485
3 1479 2487 2484
3 2488 2489 2490
3 1704 2490 2489
3 2491 2492 2488
3 2492 2489 2488
3 2489 2493 1704
3 2494 2495 2496
3 2495 2497 2496
3 2498 2499 2494
3 2499 2495 2494
3 2500 2501 2491
3 2501 2492 2491
3 2496 2497 2500
3 2497 2501 2500
3 2502 2503 2504
3 2503 2505 2504
3 2506 2507 2502
3 2504 2506 2502
3 2505 2498 2508
3 2494 2508 2498
3 2504 2505 2509
3 2508 2509 2505
3 2510 2511 2512
3 2513 2507 2511
3 2514 2512 2515
3 2513 2511 2510
3 2516 2511 2507
3 2506 2516 2507
3 2516 2515 2512
3 2512 2511 2516
3 2517 2518 2519
3 2510 2512 2520
3 2521 2519 2522
3 2520 2518 2517
3 2522 2518 2514
3 2518 2512 2514
3 2520 2512 2518
3 2519 2518 2522
3 2523 2521 2524
3 2517 2519 2525
3 2526 2524 2527
3 2525 2521 2523
3 2524 2521 2528
3 2522 2528 2521
3 2525 2519 2521
3 2528 2527 2524
3 2529 2530 2531
3 2529 2531 2526
3 2530 2532 2531
3 2529 2526 2533
3 2527 2533 2526
3 2523 2524 2531
3 2531 2524 2526
3 906 900 2534
3 40 43 2535
3 40 2535 911
3 45 2535 43
3 912 911 2535
3 41 908 906
3 41 906 2534
3 40 911 908
3 41 40 908
3 50 2536 2537
3 49 50 2537
3 2538 2536 52
3 52 2536 50
3 45 2539 912
3 45 912 2535
3 49 2537 2539
3 45 49 2539
3 55 2540 2541
3 55 2541 2538
3 2542 2540 57
3 55 57 2540
3 2543 2537 2536
3 55 2538 52
3 2543 2536 2541
3 2541 2536 2538
3 2544 2545 64
3 2546 2547 2545
3 68 2544 65
3 64 65 2544
3 63 2547 2542
3 57 63 2542
3 64 2545 2547
3 63 64 2547
3 70 72 2548
3 68 70 2548
3 72 2549 2550
3 72 2550 2548
3 2546 2545 2551
3 2551 2545 2544
3 68 2548 2551
3 68 2551 2544
3 78 2552 2553
3 2553 2554 2549
3 79 2555 2552
3 78 79 2552
3 2554 2550 2549
3 75 2549 72
3 78 2553 2549
3 75 78 2549
3 1237 1239 2556
3 83 1237 2556
3 2556 2552 2555
3 82 2555 79
3 83 2556 2555
3 82 83 2555
3 977 2557 973
3 973 2557 2287
3 977 2291 2557
3 2288 2287 2557
3 969 973 2558
3 2287 2294 2558
3 973 2287 2558
3 981 2559 982
3 979 982 2559
3 981 2296 2559
3 2296 2302 2559
3 977 979 2291
3 2291 2288 2557
3 979 2559 2302
3 979 2302 2291
3 988 2560 989
3 986 989 2560
3 988 2303 2560
3 2303 2309 2560
3 986 2301 2296
3 981 986 2296
3 986 2560 2309
3 986 2309 2301
3 996 2561 994
3 993 994 2561
3 2310 2562 2561
3 2316 2307 2562
3 993 2307 2303
3 988 993 2303
3 2561 2562 993
3 993 2562 2307
3 2321 2314 2563
3 999 2563 2314
3 2564 2563 1001
3 1001 2563 999
3 996 2310 2561
3 2316 2562 2310
3 996 999 2314
3 996 2314 2310
3 1007 2323 2320
3 1003 1007 2320
3 2565 2566 1007
3 1007 2566 2323
3 2320 2563 2564
3 1003 2564 1001
3 1003 2320 2564
3 2321 2563 2320
3 2326 2566 2335
3 2335 2566 2565
3 2330 2565 2567
3 2568 2330 2567
3 2567 2565 1010
3 1007 1010 2565
3 2326 2323 2566
3 1010 1011 2567
3 2569 2570 2571
3 2569 2571 2568
3 2572 2571 2573
3 2573 2571 2570
3 2334 2330 2568
3 2330 2335 2565
3 2569 2568 2567
3 2569 2567 1011
3 2574 2572 2573
3 2337 2571 2572
3 89 87 2572
3 2574 89 2572
3 2334 2568 2337
3 2337 2568 2571
3 86 2337 2572
3 87 86 2572
3 2575 93 2576
3 93 91 2576
3 2577 95 2575
3 95 93 2575
3 2578 89 2579
3 2574 2579 89
3 2576 91 2578
3 91 89 2578
3 98 97 2577
3 97 95 2577
3 2580 170 172
3 2581 168 170
3 172 173 2580
3 2581 170 2580
3 2582 2583 2584
3 2585 2584 2583
3 2586 2587 2582
3 2587 2583 2582
3 2588 175 2585
3 2585 175 174
3 2585 2583 2589
3 2585 2589 2588
3 2590 2587 2591
3 2591 2587 2592
3 2593 2592 2594
3 2594 2592 2586
3 2595 2589 2583
3 2592 2587 2586
3 2595 2583 2590
3 2590 2583 2587
3 2596 2592 2593
3 2591 2592 2596
3 1418 2254 2597
3 2597 1389 1418
3 2254 2258 2598
3 2598 2597 2254
3 2255 2599 2600
3 2601 2602 2600
3 2255 2257 2599
3 2599 2601 2600
3 2258 2600 2602
3 2258 2602 2598
3 2255 2600 2256
3 2258 2256 2600
3 2603 2604 2605
3 2606 2605 2604
3 2607 2608 2605
3 2607 2605 2606
3 2609 2610 2611
3 2610 2612 2611
3 2609 2606 2604
3 2609 2604 2610
3 2037 2613 2614
3 2613 2615 2614
3 2036 2616 2613
3 2037 2036 2613
3 2614 2603 2605
3 2608 2614 2605
3 2037 2614 2608
3 2614 2615 2603
3 2043 2617 2618
3 2043 2618 2616
3 2043 2619 2620
3 2043 2620 2617
3 2618 2621 2616
3 2616 2621 2613
3 2040 2043 2616
3 2040 2616 2036
3 2047 2050 2622
3 2622 2623 2619
3 2049 2624 2050
3 2050 2624 2622
3 2047 2619 2042
3 2043 2042 2619
3 2047 2622 2619
3 2623 2620 2619
3 2057 2625 2052
3 2625 2626 2627
3 2057 2628 2625
3 2629 2626 2625
3 2049 2627 2624
3 2627 2622 2624
3 2052 2625 2627
3 2049 2052 2627
3 2630 2631 2632
3 2063 2064 2632
3 2066 2630 2632
3 2066 2632 2064
3 2057 2063 2628
3 2628 2629 2625
3 2063 2632 2631
3 2063 2631 2628
3 524 2633 2634
3 2067 2068 2634
3 2066 2067 2635
3 2066 2635 2630
3 2067 2634 2633
3 2067 2633 2635
3 2636 2089 2422
3 2422 2089 2092
3 2637 2089 2636
3 2419 2636 2422
3 2429 2638 2428
3 2419 2428 2638
3 2437 2639 2429
3 2639 2638 2429
3 2419 2638 2636
3 2091 2089 2637
3 2640 2637 2636
3 2638 2640 2636
3 2641 2639 2642
3 2643 2638 2644
3 2433 2641 2642
3 2644 2639 2641
3 2433 2642 2437
3 2642 2639 2437
3 2644 2638 2639
3 2643 2640 2638
3 2645 2646 2647
3 2440 2647 2646
3 2440 2442 2648
3 2648 2647 2440
3 2443 2649 2641
3 2433 2443 2641
3 2443 2440 2646
3 2443 2646 2649
3 2445 2650 2651
3 2441 2445 2651
3 2445 2652 1136
3 2445 1136 2650
3 2651 2647 2648
3 2441 2648 2442
3 2441 2651 2648
3 2645 2647 2651
3 2458 1141 1140
3 2458 1140 2652
3 2458 2454 1142
3 1142 1141 2458
3 2457 2652 2444
3 2445 2444 2652
3 2457 2458 2652
3 1140 1136 2652
3 1144 1142 2456
3 2456 1142 2454
3 2653 2654 2655
3 2656 2653 2655
3 460 2656 459
3 456 459 2656
3 456 2656 2655
3 456 2655 450
3 2657 2658 2659
3 460 464 2659
3 465 2660 2659
3 465 2659 464
3 460 2659 2656
3 2661 2653 2656
3 2658 2661 2656
3 2659 2658 2656
3 470 2662 2660
3 2663 2664 2660
3 2662 2665 2663
3 2662 2663 2660
3 2664 2657 2659
3 2660 2664 2659
3 470 2660 469
3 465 469 2660
3 476 479 2666
3 2666 2667 2662
3 482 2668 479
3 479 2668 2666
3 2667 2665 2662
3 470 473 2662
3 476 2666 2662
3 476 2662 473
3 485 2669 2670
3 2671 2672 2670
3 485 486 2669
3 2669 2671 2670
3 2670 2672 2666
3 2666 2668 2670
3 2670 2668 485
3 485 2668 482
3 491 2673 2674
3 2673 2675 2674
3 491 494 2676
3 491 2676 2673
3 486 490 2675
3 486 2675 2669
3 491 2674 490
3 490 2674 2675
3 500 2677 2678
3 2677 2679 2678
3 502 2680 2677
3 500 502 2677
3 494 2678 2679
3 494 2679 2676
3 500 2678 498
3 494 498 2678
3 1894 2681 502
3 502 2681 2680
3 1893 2682 1894
3 2682 2681 1894
3 2683 2684 2685
3 2683 2685 2686
3 2687 2685 2684
3 2688 2686 2685
3 2689 2690 2691
3 2683 2686 2689
3 2683 2689 2691
3 2692 2693 2694
3 2695 2692 2694
3 2696 2697 2692
3 2695 2696 2692
3 2695 2694 2687
3 2694 2685 2687
3 2688 2685 2693
3 2693 2685 2694
3 2698 2699 2700
3 2698 2700 2701
3 2702 2700 2699
3 2703 2699 2698
3 2701 2692 2697
3 2704 2697 2696
3 2704 2698 2701
3 2704 2701 2697
3 2705 2706 2707
3 2707 2708 2705
3 2705 2709 2710
3 2705 2710 2706
3 2708 2702 2699
3 2703 2708 2699
3 2705 2708 2711
3 2703 2711 2708
3 2712 2713 2714
3 2712 2714 2715
3 2716 2714 2713
3 2717 2713 2712
3 2715 2706 2710
3 2718 2710 2709
3 2712 2715 2710
3 2718 2712 2710
3 2719 2720 2721
3 2721 2722 2719
3 2720 2723 2724
3 2720 2724 2721
3 2722 2716 2713
3 2717 2722 2713
3 2719 2722 2725
3 2717 2725 2722
3 2726 2727 2728
3 2729 2728 2727
3 2730 2731 2726
3 2728 2730 2726
3 2732 2724 2723
3 2729 2723 2720
3 2727 2732 2723
3 2729 2727 2723
3 2733 2734 2735
3 2735 2736 2733
3 2737 2735 2734
3 2738 2739 2731
3 2730 2738 2731
3 2738 2733 2736
3 2736 2739 2738
3 2393 2390 2740
3 2398 2393 2740
3 2741 2396 2394
3 2741 2394 2742
3 2394 2398 2742
3 2743 2399 2397
3 2400 2399 2743
3 2397 2396 2741
3 2743 2397 2741
3 2405 2401 2744
3 2745 2746 2744
3 2744 2401 2400
3 2409 2403 2746
3 2747 2409 2746
3 2748 2409 2749
3 2747 2749 2409
3 2746 2402 2405
3 2746 2405 2744
3 2403 2402 2746
3 2747 2746 2745
3 2750 2751 2752
3 2750 2752 2408
3 2753 2752 2751
3 2411 2408 2752
3 2406 2410 2748
3 2410 2409 2748
3 2750 2408 2406
3 2748 2750 2406
3 2417 2413 2754
3 2755 2754 2756
3 2757 2417 2754
3 2755 2757 2754
3 2753 2413 2411
3 2753 2411 2752
3 2753 2756 2754
3 2753 2754 2413
3 2758 2415 2417
3 2757 2758 2417
3 2759 2416 2415
3 2415 2758 2759
3 2760 2761 2762
3 2763 2764 2765
3 2763 2765 2762
3 2766 2767 2765
3 2764 2766 2765
3 2763 2761 2768
3 2762 2769 2760
3 2765 2769 2762
3 2762 2761 2763
3 2770 2766 2771
3 2771 2766 2772
3 2771 2773 2774
3 2771 2774 2770
3 2770 2775 2767
3 2767 2766 2770
3 2772 2766 2764
3 2774 2775 2770
3 2776 2777 2778
3 2776 2779 2780
3 2781 2779 2776
3 2778 2782 2776
3 2777 2780 2774
3 2773 2777 2774
3 2780 2777 2776
3 2778 2777 2773
3 2783 2784 2785
3 2784 2786 2785
3 2787 2783 2788
3 2785 2788 2783
3 2789 2781 2776
3 2782 2789 2776
3 2785 2786 2789
3 2789 2786 2781
3 2790 2791 2792
3 2793 2794 2791
3 2790 2795 2793
3 2790 2793 2791
3 2787 2794 2796
3 2796 2783 2787
3 2787 2792 2791
3 2787 2791 2794
3 2797 2798 2799
3 2797 2799 2800
3 2798 2801 2802
3 2798 2802 2799
3 2803 2800 2795
3 2790 2803 2795
3 2799 2795 2800
3 2797 2800 2803
3 2804 2805 2806
3 2807 2804 2806
3 2804 2808 2809
3 2804 2809 2805
3 2810 2802 2801
3 2807 2801 2798
3 2807 2806 2810
3 2807 2810 2801
3 2811 2805 2809
3 2812 2813 2814
3 2764 2763 2813
3 2815 2764 2813
3 2812 2815 2813
3 2816 2814 2768
3 2813 2763 2768
3 2814 2813 2768
3 2817 2818 2819
3 2820 2771 2772
3 2818 2821 2820
3 2818 2820 2819
3 2819 2772 2764
3 2815 2819 2764
3 2772 2819 2820
3 2817 2819 2815
3 2822 2821 2823
3 2823 2821 2818
3 2778 2824 2825
3 2824 2821 2822
3 2824 2778 2821
3 2773 2771 2820
3 2773 2820 2821
3 2778 2773 2821
3 2826 2789 2825
3 2827 2826 2825
3 2826 2828 2785
3 2826 2785 2789
3 2789 2782 2825
3 2825 2782 2778
3 2822 2827 2825
3 2825 2824 2822
3 2829 2830 2831
3 2787 2788 2828
3 2832 2831 2830
3 2792 2787 2831
3 2788 2785 2828
3 2829 2828 2826
3 2831 2787 2828
3 2829 2831 2828
3 2803 2790 2833
3 2834 2833 2835
3 2836 2797 2833
3 2834 2836 2833
3 2835 2792 2831
3 2832 2835 2831
3 2833 2790 2792
3 2835 2833 2792
3 2837 2838 2839
3 2838 2836 2839
3 2807 2798 2838
3 2840 2807 2838
3 2834 2841 2836
3 2797 2803 2833
3 2839 2836 2841
3 2798 2797 2836
3 2808 2840 2842
3 2804 2807 2840
3 2843 2842 2844
3 2804 2840 2808
3 2837 2842 2838
3 2798 2836 2838
3 2837 2844 2842
3 2842 2840 2838
3 2845 2846 2843
3 2846 2842 2843
3 2847 2848 2849
3 2850 2851 2849
3 2852 2853 2854
3 2852 2854 2848
3 2855 2856 2854
3 2853 2855 2854
3 2848 2854 2850
3 2848 2850 2849
3 2856 2857 2854
3 2854 2857 2850
3 2858 2859 2860
3 2860 2861 2855
3 2862 2860 2859
3 2858 2863 2859
3 2858 2855 2853
3 2855 2864 2856
3 2858 2860 2855
3 2861 2864 2855
3 2865 2866 2867
3 2868 2867 2866
3 2865 2869 2866
3 2870 2871 2866
3 2868 2866 2859
3 2868 2859 2863
3 2871 2862 2859
3 2866 2871 2859
3 2872 2873 2874
3 2872 2874 2869
3 2873 2875 2876
3 2873 2876 2874
3 2874 2877 2866
3 2869 2874 2866
3 2876 2877 2874
3 2877 2870 2866
3 2878 2879 2880
3 2878 2880 2875
3 1948 2881 2879
3 2879 2881 2880
3 2882 2875 2873
3 2875 2883 2876
3 2882 2878 2875
3 2880 2883 2875
3 2884 2885 2886
3 2885 1946 1948
3 2884 2887 2885
3 1955 1946 2885
3 2888 2886 2879
3 2888 2879 2878
3 2886 2885 1948
3 2886 1948 2879
3 2889 1959 2887
3 2889 2887 2890
3 2891 2342 1959
3 2889 2891 1959
3 1953 1955 2885
3 2887 1953 2885
3 1959 1953 2887
3 2884 2890 2887
3 2339 2342 2891
3 2342 1963 1959
3 2892 1657 1652
3 2892 2893 1656
3 2892 1656 1657
3 2894 2895 2896
3 2894 2896 2897
3 2898 2895 2899
3 2899 2895 2894
3 2897 2893 2900
3 2892 2900 2893
3 2901 2894 2897
3 2900 2901 2897
3 2902 2895 2903
3 2903 2895 2898
3 2903 2898 2904
3 2904 2898 2905
3 2905 2898 2906
3 2906 2898 2899
3 2902 2896 2895
3 2907 2905 2906
3 2908 2909 2910
3 2909 2911 2910
3 2912 2913 2908
3 2913 2909 2908
3 2911 2904 2905
3 2907 2911 2905
3 2910 2911 2914
3 2907 2914 2911
3 2915 2916 2917
3 2918 2919 2916
3 2920 2915 2921
3 2917 2921 2915
3 2912 2919 2922
3 2922 2913 2912
3 2912 2917 2916
3 2912 2916 2919
3 2923 2924 2925
3 2920 2925 2924
3 2926 2923 2927
3 2925 2927 2923
3 2918 2916 2928
3 2928 2916 2915
3 2924 2928 2915
3 2920 2924 2915
3 2929 2930 2931
3 2931 2930 2932
3 2933 2934 2930
3 2935 2929 2931
3 2936 2934 2926
3 2927 2936 2926
3 2932 2930 2934
3 2936 2932 2934
3 2937 2938 2939
3 2937 2939 2940
3 2937 2941 2942
3 2937 2942 2938
3 2933 2930 2940
3 2940 2930 2929
3 2935 2937 2940
3 2935 2940 2929
3 2943 2944 2945
3 2943 2942 2941
3 2946 2938 2942
3 2943 2945 2946
3 2943 2946 2942
3 2612 2947 2948
3 2949 2159 2948
3 2947 2949 2948
3 2604 2950 2951
3 2951 2952 2947
3 2615 2950 2603
3 2604 2603 2950
3 2604 2947 2610
3 2612 2610 2947
3 2604 2951 2947
3 2952 2949 2947
3 2621 2953 2613
3 2613 2953 2954
3 2621 2955 2953
3 2955 2954 2953
3 2615 2956 2950
3 2956 2951 2950
3 2613 2954 2956
3 2615 2613 2956
3 2957 2958 2617
3 2617 2958 2618
3 2959 2958 2957
3 2620 2957 2617
3 2618 2960 2955
3 2621 2618 2955
3 2961 2960 2958
3 2618 2958 2960
3 2962 2963 2964
3 2964 2963 2959
3 2622 2627 2964
3 2622 2964 2623
3 2620 2959 2957
3 2961 2958 2959
3 2623 2964 2959
3 2620 2623 2959
3 2626 2965 2966
3 2967 2968 2966
3 2626 2629 2965
3 2965 2967 2966
3 2627 2968 2962
3 2627 2962 2964
3 2626 2966 2627
3 2627 2966 2968
3 2631 2630 2969
3 2970 2971 2969
3 2630 2972 2970
3 2630 2970 2969
3 2969 2971 2965
3 2629 2969 2965
3 2631 2969 2628
3 2629 2628 2969
3 2633 2973 2974
3 2973 2975 2974
3 524 527 2973
3 2633 524 2973
3 2630 2974 2975
3 2630 2975 2972
3 2633 2974 2635
3 2630 2635 2974
3 2976 2977 2978
3 2978 2977 2979
3 2978 2980 2976
3 2980 2981 2976
3 2976 2981 2982
3 2982 2977 2976
3 2983 2984 2985
3 2985 2984 2986
3 2987 2985 2988
3 2987 2988 2989
3 2989 2986 2980
3 2978 2989 2980
3 2986 2988 2985
3 2989 2988 2986
3 2983 2985 2990
3 2990 2985 2991
3 2990 2991 2992
3 2992 2991 2993
3 2994 2991 2985
3 2987 2994 2985
3 2993 2991 2995
3 2995 2991 2994
3 2996 2997 2998
3 2999 2998 2997
3 3000 3001 2997
3 3002 2997 2996
3 2999 2992 2993
3 2999 2993 2995
3 2999 2997 3001
3 2999 3001 2992
3 3003 3004 3005
3 3005 3006 3003
3 3007 3002 3006
3 3008 3005 3004
3 3000 2997 3009
3 3009 2997 3002
3 3006 3002 3003
3 3003 3002 2996
3 3008 3010 3011
3 3011 3012 3005
3 3013 3014 3011
3 3010 3013 3011
3 3012 3006 3005
3 3009 3002 3007
3 3008 3011 3005
3 3007 3006 3012
3 3015 3016 3017
3 3017 3016 3018
3 3019 3020 3021
3 3021 3020 3016
3 3019 3014 3020
3 3013 3020 3014
3 3016 3020 3018
3 3018 3020 3013
3 3022 3023 3024
3 3022 3024 3025
3 1661 1663 3024
3 3023 1661 3024
3 3021 3016 3025
3 3025 3016 3015
3 3022 3025 3015
3 3022 3015 3017
3 1661 1660 1663
3 1841 3026 3027
3 1841 1846 3026
3 3028 3029 3027
3 1841 3027 3030
3 1841 3030 1842
3 3027 3029 3030
3 3030 3029 1836
3 1836 1842 3030
3 3031 3032 3033
3 1848 3034 3035
3 3031 3026 3032
3 3033 3032 3035
3 1846 1849 3035
3 1848 3035 1849
3 1846 3032 3026
3 3035 3032 1846
3 1858 3036 1853
3 3037 3038 3036
3 1853 3038 1855
3 3036 3038 1853
3 1848 1855 3038
3 3039 3034 3038
3 3034 3033 3035
3 1848 3038 3034
3 3040 3041 3042
3 1865 3040 3042
3 1860 3042 3041
3 1865 3042 1860
3 1858 3041 3037
3 1858 1860 3041
3 3039 3038 3037
3 1858 3037 3036
3 1866 3043 3044
3 1866 1871 3043
3 3044 3045 3046
3 1866 3044 3046
3 1867 3046 3045
3 1866 3046 1867
3 1865 3045 3040
3 1865 1867 3045
3 3047 3048 3049
3 1877 3050 3051
3 3047 3043 3048
3 3049 3048 3051
3 3051 3048 1872
3 1877 3051 1872
3 1871 3048 3043
3 1872 3048 1871
3 1884 3052 3053
3 1884 3054 3052
3 1884 3055 1880
3 1884 3053 3055
3 1880 3055 3050
3 3053 3050 3055
3 3050 3049 3051
3 1877 1880 3050
3 1888 3056 3057
3 3058 3057 3056
3 1885 1888 3059
3 1888 3057 3059
3 3059 3052 3054
3 1885 3059 3054
3 1884 1886 3054
3 1885 3054 1886
3 1530 1804 1537
3 1534 3060 1785
3 1534 3061 3060
3 3062 1779 1785
3 1785 3060 3062
3 1530 1538 3062
3 1538 1779 3062
3 3063 1804 1530
3 1530 3062 3063
3 3064 1782 1787
3 1787 3065 3064
3 3066 1783 1782
3 1782 3064 3066
3 1536 3066 3061
3 1536 1783 3066
3 1534 1533 3061
3 1533 1536 3061
3 3067 1801 1799
3 3068 1801 3067
3 3068 1795 1801
3 3069 1795 3068
3 1793 1792 3070
3 3069 1797 1795
3 3065 1787 1793
3 1793 3070 3065
3 1543 1542 3071
3 1543 3072 1803
3 1543 3071 3072
3 3072 1799 1803
3 3067 1799 3072
3 2537 3073 3074
3 2537 2543 3073
3 3073 914 3074
3 915 914 3073
3 3074 914 2539
3 2537 3074 2539
3 2539 914 912
3 3075 3076 3077
3 3078 3077 3079
3 2540 3077 2541
3 3079 3077 2540
3 2543 2541 3076
3 2541 3077 3076
3 2543 3080 3073
3 2543 3076 3080
3 2547 3081 3082
3 2547 3083 3081
3 3081 3079 3082
3 3078 3079 3081
3 2540 2542 3082
3 2547 3082 2542
3 3075 3077 3078
3 3082 3079 2540
3 3084 3085 3086
3 3087 3086 3088
3 2548 3086 2551
3 3088 3086 2548
3 2546 2551 3085
3 2551 3086 3085
3 2547 2546 3083
3 2546 3085 3083
3 2554 3089 3090
3 2554 2553 3089
3 2550 2554 3091
3 2554 3090 3091
3 2550 3087 3088
3 2550 3091 3087
3 3084 3086 3087
3 2550 3088 2548
3 1239 3092 2556
3 3093 3094 3092
3 2556 3094 3095
3 2556 3092 3094
3 2552 3095 3089
3 2552 2556 3095
3 3095 3090 3089
3 2552 3089 2553
3 1238 3096 3097
3 3096 3098 3097
3 3098 3099 3097
3 1238 3097 1236
3 1236 3097 3093
3 3097 3099 3093
3 1239 1236 3092
3 1236 3093 3092
3 3100 3096 3101
3 3102 3096 3100
3 1246 3101 1245
3 3102 3103 3096
3 3101 3096 1243
3 1243 1245 3101
3 3096 3103 3098
3 1238 1243 3096
3 1253 3104 3105
3 3104 1761 3105
3 1253 3105 1250
3 3106 3107 3105
3 1250 3105 3100
3 3105 3107 3100
3 1246 3100 3101
3 1246 1250 3100
3 1761 3106 3105
3 1253 1255 3104
3 723 1814 3108
3 1814 1815 3108
3 3109 3110 730
3 730 733 3109
3 730 1819 1816
3 730 3110 1819
3 1816 1814 725
3 725 730 1816
3 723 722 1814
3 725 1814 722
3 1818 3109 1820
3 737 3111 735
3 1817 3110 1818
3 1820 3109 3111
3 1817 1819 3110
3 1818 3110 3109
3 3111 3109 733
3 733 735 3111
3 1824 1823 3112
3 3113 1828 3114
3 3114 3112 742
3 742 744 3114
3 737 3112 1823
3 737 742 3112
3 737 1823 3111
3 1823 1820 3111
3 750 3115 751
3 3116 3115 750
3 751 3115 3114
3 3115 3113 3114
3 745 3114 744
3 745 751 3114
3 1828 1824 3114
3 1824 3112 3114
3 1830 1832 3117
3 3118 1830 3119
3 3115 3116 3119
3 3119 3117 3115
3 1832 1826 3115
3 1826 3113 3115
3 1826 1828 3113
3 3117 1832 3115
3 758 3120 3119
3 760 3120 758
3 753 3119 3116
3 753 758 3119
3 1834 1833 3118
3 753 3116 750
3 1830 3117 3119
3 3118 1833 1830
3 761 3121 760
3 3122 3121 761
3 2226 3120 3121
3 3121 2220 2226
3 3119 3120 2226
3 2228 3118 3119
3 3121 3120 760
3 2228 3119 2226
3 3118 2228 1834
3 765 3123 762
3 2225 3122 3123
3 2221 3122 2225
3 2221 3121 3122
3 2220 3121 2221
3 3123 3122 761
3 761 762 3123
3 3124 3125 770
3 770 775 3124
3 771 3125 2235
3 771 770 3125
3 771 2239 2225
3 771 2235 2239
3 765 2225 3123
3 765 771 2225
3 774 778 2240
3 774 2246 3124
3 774 2240 2246
3 2246 3125 3124
3 2237 3125 2246
3 774 3124 775
3 2237 2235 3125
3 3126 3127 965
3 3127 3128 965
3 966 3129 965
3 3129 3126 965
3 3128 967 965
3 3130 3131 3132
3 3133 3134 3131
3 3131 3134 3135
3 3136 3132 3131
3 3136 3131 3126
3 3131 3135 3126
3 3135 3127 3126
3 3136 3126 3129
3 3137 3138 3139
3 3137 3140 3138
3 3138 3141 3139
3 3137 3139 3142
3 3142 3141 3133
3 3142 3139 3141
3 3130 3142 3131
3 3142 3133 3131
3 3143 3144 3145
3 3144 3146 3145
3 3143 3145 3147
3 3148 3149 3145
3 3147 3149 3150
3 3147 3145 3149
3 3140 3150 3138
3 3140 3147 3150
3 3151 3152 3153
3 3151 3154 3152
3 3155 3151 3146
3 3151 3153 3146
3 3155 3146 3144
3 3153 3156 3146
3 3146 3156 3145
3 3156 3148 3145
3 3157 3158 3159
3 3157 3160 3158
3 3158 3154 3159
3 3161 3154 3158
3 3151 3162 3159
3 3157 3159 3162
3 3161 3152 3154
3 3159 3154 3151
3 3163 3164 3165
3 3164 3166 3165
3 3163 3165 3167
3 3166 3168 3165
3 3160 3167 3168
3 3167 3165 3168
3 3160 3169 3158
3 3160 3168 3169
3 3170 3171 3172
3 3173 3172 3174
3 3172 3171 3174
3 3163 3173 3164
3 3173 3174 3164
3 3175 3176 3177
3 3176 3178 3177
3 3179 3180 3177
3 3180 3175 3177
3 3179 3177 3181
3 3182 3183 3184
3 3185 3182 3186
3 3187 3186 3184
3 3187 826 3186
3 3184 3183 3176
3 3187 3184 3175
3 3187 3175 3180
3 3176 3175 3184
3 3182 3184 3186
3 3185 3188 3182
3 1468 1470 2474
3 1470 2485 2474
3 1479 3189 3190
3 3191 3190 3189
3 3190 2487 1479
3 3191 3192 3193
3 3191 3194 3192
3 3195 2487 3193
3 3191 3193 3190
3 3195 2484 2487
3 3193 2487 3190
3 2485 3196 2474
3 2485 2486 3196
3 3197 3198 573
3 3197 3199 3198
3 3200 3197 574
3 3197 573 574
3 3201 3202 578
3 3203 578 3202
3 3201 577 575
3 578 577 3201
3 3204 3201 3198
3 3201 575 3198
3 575 573 3198
3 3204 3198 3199
3 1707 1706 3205
3 3203 1706 582
3 3203 3205 1706
3 581 578 3203
3 3203 582 581
3 3206 1940 1939
3 3206 3207 1940
3 3206 1939 1938
3 3208 3209 726
3 3209 3210 726
3 3208 3211 3212
3 3208 726 3211
3 3208 3212 3207
3 3211 3213 3212
3 3207 3213 1940
3 3207 3212 3213
3 3214 729 3215
3 3214 3216 729
3 729 3210 3215
3 727 3210 729
3 3214 3215 3217
3 727 726 3210
3 3217 3210 3209
3 3215 3210 3217
3 738 736 3218
3 741 3218 3219
3 3220 3218 3221
3 3219 3218 3220
3 3216 3221 736
3 3221 3218 736
3 3216 731 729
3 3216 736 731
3 3222 3223 3224
3 746 743 3223
3 3224 743 741
3 3224 3223 743
3 3225 3224 3219
3 3224 741 3219
3 738 3218 741
3 3225 3219 3220
3 3226 3227 3228
3 754 752 3227
3 3229 3227 752
3 3229 3228 3227
3 3222 3229 749
3 3229 752 749
3 3222 749 3223
3 749 746 3223
3 3230 3231 3232
3 3232 3233 3230
3 3232 759 757
3 3232 3231 759
3 3226 3234 757
3 3234 3232 757
3 3226 754 3227
3 3226 757 754
3 3235 3236 766
3 768 766 3236
3 3235 766 3230
3 766 764 3230
3 764 3231 3230
3 763 3231 764
3 3235 3230 3233
3 763 759 3231
3 773 772 3237
3 776 3237 3238
3 3238 3237 3239
3 3239 3240 3238
3 3241 3239 772
3 3239 3237 772
3 3236 3241 768
3 3241 772 768
3 773 3237 776
3 3242 1043 1042
3 1044 3243 1042
3 3244 3245 3246
3 3245 3247 3246
3 3248 3246 3243
3 3248 3244 3246
3 3246 3249 3242
3 3247 3249 3246
3 3243 3246 1042
3 3246 3242 1042
3 3250 3251 3252
3 3253 3254 3252
3 3252 3254 3255
3 3254 3256 3255
3 3256 3245 3255
3 3250 3252 3255
3 3244 3255 3245
3 3250 3255 3244
3 3257 3258 3259
3 3260 3261 3259
3 3259 3258 3253
3 3260 3259 3262
3 3262 3259 3252
3 3259 3253 3252
3 3263 3252 3251
3 3263 3262 3252
3 3264 3265 3261
3 3264 3266 3265
3 3267 3261 3268
3 3267 3264 3261
3 3260 3268 3261
3 3265 3269 3261
3 3261 3269 3259
3 3269 3257 3259
3 3270 3271 3272
3 3273 3271 3270
3 3271 3274 3275
3 3276 3272 3271
3 3274 3266 3275
3 3276 3271 3275
3 3264 3275 3266
3 3276 3275 3264
3 3277 3278 3279
3 3280 3277 3279
3 3279 3278 3281
3 3280 3279 3282
3 3283 3282 3281
3 3282 3279 3281
3 3281 3273 3270
3 3270 3283 3281
3 3284 2683 3285
3 3284 3286 2683
3 3285 3287 3288
3 3284 3285 3288
3 3288 3287 3277
3 3284 3288 3289
3 3280 3289 3277
3 3289 3288 3277
3 3290 3291 3292
3 3293 3290 3292
3 3286 3291 2683
3 3292 3291 3286
3 2095 2096 3294
3 3295 3296 3294
3 3297 3294 2096
3 3295 3294 3297
3 3298 3299 3300
3 3299 2099 3300
3 3301 3300 3296
3 3301 3298 3300
3 2093 2095 3294
3 2099 2093 3300
3 3296 3300 3294
3 3300 2093 3294
3 3302 3303 3304
3 3305 3303 3302
3 3303 3306 3298
3 3307 3304 3303
3 3306 3299 3298
3 3307 3303 3298
3 3301 3308 3298
3 3307 3298 3308
3 3309 3310 3311
3 3312 3310 3309
3 3310 3313 3314
3 3314 3311 3310
3 3314 3315 3316
3 3313 3315 3314
3 3315 3305 3302
3 3302 3316 3315
3 3317 3318 3319
3 3318 3320 3319
3 3319 3321 3322
3 3317 3319 3322
3 3322 3321 3312
3 3317 3322 3323
3 3309 3323 3312
3 3323 3322 3312
3 3324 3325 3326
3 3327 3325 3324
3 3326 3325 3328
3 3325 3329 3328
3 3330 3328 3318
3 3330 3326 3328
3 3318 3328 3320
3 3329 3320 3328
3 1952 3331 3332
3 3333 3331 1952
3 3331 3334 3335
3 3335 3332 3331
3 3335 3336 3337
3 3334 3336 3335
3 3336 3327 3324
3 3324 3337 3336
3 1090 3338 1089
3 3338 3339 1089
3 3339 1087 1089
3 3340 3341 3342
3 3343 3344 3341
3 3345 3341 3344
3 3345 3342 3341
3 3338 3345 3346
3 3345 3344 3346
3 3338 3347 3339
3 3346 3347 3338
3 3348 3349 3350
3 3348 3351 3349
3 3349 3352 3350
3 3348 3350 3353
3 3353 3350 3343
3 3350 3352 3343
3 3340 3343 3341
3 3340 3353 3343
3 3354 3355 3356
3 3355 3357 3356
3 3354 3356 3358
3 3356 3359 3358
3 3354 3358 3351
3 3359 3360 3358
3 3351 3360 3349
3 3351 3358 3360
3 3361 3362 3363
3 3361 3364 3362
3 3361 3365 3366
3 3361 3363 3365
3 3361 3366 3367
3 3365 3357 3366
3 3355 3367 3357
3 3367 3366 3357
3 3368 3369 3370
3 3371 3372 3369
3 3370 3372 3373
3 3370 3369 3372
3 3374 3373 3362
3 3374 3370 3373
3 3373 3363 3362
3 3374 3362 3364
3 3375 3376 3377
3 3378 3379 3376
3 3380 3376 3379
3 3380 3377 3376
3 3368 3380 3381
3 3380 3379 3381
3 3368 3381 3369
3 3381 3371 3369
3 236 3382 230
3 3375 230 3382
3 3375 231 230
3 3375 3378 3376
3 3375 3382 3378
3 3383 3384 3385
3 3386 2416 2759
3 3387 3385 2759
3 3385 3384 2759
3 3387 2758 2757
3 3387 2759 2758
3 3388 3389 3390
3 3391 3390 3392
3 3392 3390 3384
3 3383 3393 3392
3 3389 3386 2759
3 3383 3392 3384
3 3390 3389 3384
3 3389 2759 3384
3 3394 3395 3396
3 3397 3398 3395
3 3399 3396 3398
3 3396 3395 3398
3 3399 3391 3392
3 3399 3398 3391
3 3388 3390 3391
3 3399 3392 3393
3 3400 3401 3402
3 3400 3403 3401
3 3401 3404 3402
3 3400 3402 3405
3 3402 3404 3397
3 3394 3405 3402
3 3394 3402 3395
3 3402 3397 3395
3 3406 3407 3408
3 3407 3409 3408
3 3406 3408 3410
3 3408 3411 3410
3 3406 3410 3403
3 3411 3412 3410
3 3403 3410 3401
3 3410 3412 3401
3 3413 3414 3415
3 3414 3416 3415
3 3413 3417 3418
3 3413 3415 3417
3 3413 3418 3419
3 3417 3409 3418
3 3407 3418 3409
3 3407 3419 3418
3 3420 3421 3422
3 3420 3423 3421
3 3424 3420 3425
3 3420 3422 3425
3 3424 3425 3416
3 3425 3426 3416
3 3424 3416 3414
3 3426 3415 3416
3 1308 1306 3427
3 3427 3428 1308
3 3427 1306 3429
3 1306 1305 3429
3 3430 3429 3421
3 3430 3427 3429
3 3429 3422 3421
3 3430 3421 3423
3 1309 1308 3428
3 3431 3432 3433
3 3434 3435 3436
3 3437 3436 3438
3 3439 3438 3436
3 3439 3436 3435
3 3439 3435 3440
3 3440 3431 3439
3 3439 3431 3441
3 3433 3441 3431
3 3442 3443 3444
3 3443 3445 3444
3 3444 3445 3446
3 3445 3447 3446
3 3446 3447 3448
3 3448 3447 3434
3 3448 3434 3436
3 3437 3448 3436
3 3449 3450 3451
3 3452 3451 3450
3 3450 3453 3452
3 3453 3454 3452
3 3452 3454 3455
3 3456 3455 3454
3 3454 3442 3456
3 3444 3456 3442
3 3457 3458 3459
3 3458 3460 3459
3 3459 3460 3461
3 3462 3461 3460
3 3460 3463 3462
3 3463 3464 3462
3 3462 3464 3449
3 3464 3450 3449
3 3465 3466 3467
3 3467 3468 3469
3 3465 3467 3469
3 3470 3465 3469
3 3469 3471 3470
3 3471 3457 3470
3 3470 3457 3472
3 3459 3472 3457
3 3473 3474 3475
3 3476 3473 3475
3 3477 3467 3474
3 3474 3467 3475
3 3476 3475 3478
3 3466 3478 3475
3 3475 3467 3466
3 3477 3468 3467
3 1574 3479 1570
3 3480 1571 1570
3 1570 3479 3481
3 3480 1570 3481
3 3481 3473 3480
3 3480 3473 3482
3 3476 3482 3473
3 3483 3484 437
3 440 3483 437
3 3484 438 437
3 3485 3486 3487
3 3487 3486 3488
3 3489 3488 3490
3 3491 3490 3488
3 3488 3486 3491
3 3485 3483 3486
3 440 3491 3486
3 440 3486 3483
3 3492 3493 3494
3 3492 3494 3495
3 3494 3496 3495
3 3492 3495 3497
3 3497 3495 3496
3 3489 3497 3496
3 3496 3487 3488
3 3489 3496 3488
3 3498 1604 3499
3 3500 3498 3499
3 3500 3499 3501
3 1599 3502 3499
3 3503 3501 3499
3 3503 3499 3502
3 3503 3502 3493
3 3492 3503 3493
3 3504 1605 1607
3 3505 3504 1607
3 3506 3505 1607
3 3507 3506 1607
3 1607 1603 3507
3 1603 1604 3507
3 3507 1604 3498
3 1604 1599 3499
3 3508 1614 1615
3 3509 3508 1615
3 3510 3509 1615
3 3511 3510 1615
3 1615 1610 3504
3 3511 1615 3504
3 1610 1605 3504
3 3511 3504 3505
3 3512 3513 3514
3 3512 3514 1616
3 3512 1616 1618
3 3515 3512 1618
3 1618 1619 3508
3 3515 1618 3508
3 1619 1614 3508
3 3515 3508 3509
3 1624 1622 3514
3 3516 1624 3514
3 3517 3516 3514
3 1622 1616 3514
3 3517 3514 3513
3 3518 3519 3520
3 3519 3521 3522
3 3520 3519 3522
3 3523 3524 3525
3 3525 3526 3523
3 3527 3523 3526
3 3526 3528 3527
3 3527 3528 3529
3 3527 3529 3519
3 3518 3527 3519
3 3529 3521 3519
3 3530 3531 3532
3 3533 3530 3532
3 3532 3534 3533
3 3533 3534 3535
3 3536 3535 3534
3 3534 3537 3536
3 3537 3525 3536
3 3536 3525 3524
3 3538 3539 3540
3 3539 3541 3542
3 3540 3539 3542
3 3543 3540 3542
3 3543 3542 3531
3 3542 3544 3531
3 3543 3531 3530
3 3531 3544 3532
3 3545 3546 3547
3 3548 3549 3547
3 3545 3547 3550
3 3538 3550 3547
3 3549 3551 3539
3 3547 3549 3539
3 3538 3547 3539
3 3551 3541 3539
3 3552 3553 3554
3 3554 3553 3555
3 3552 3556 3557
3 3557 3553 3552
3 3555 3553 3546
3 3553 3557 3548
3 3546 3553 3548
3 3546 3548 3547
3 3558 3559 3560
3 3558 3560 3561
3 3562 3563 3560
3 3561 3560 3563
3 3561 3563 3564
3 3554 3561 3564
3 3554 3564 3552
3 3564 3556 3552
3 3565 3566 3567
3 3568 3565 3567
3 3568 3567 3569
3 3567 3570 3569
3 3568 3569 3559
3 3559 3569 3570
3 3559 3570 3562
3 3559 3562 3560
3 2979 2977 3571
3 3571 2977 2982
3 3572 3571 2982
3 3572 2982 3573
3 3572 3573 3574
3 3572 3574 3565
3 3573 3566 3574
3 3565 3574 3566
3 1193 2248 2245
3 778 1193 2245
3 2245 2240 778
3 1191 776 3238
3 3575 1191 3238
3 3575 3238 3240
3 3576 1191 3577
3 3577 1191 3578
3 3575 3578 1191
3 3389 3388 3342
3 3342 3345 3579
3 3389 3342 3579
3 3389 3579 3386
3 3345 3338 3579
3 3579 3338 1090
3 3386 3579 1090
3 2416 3386 1090
3 3398 3580 3348
3 3398 3348 3353
3 3398 3353 3581
3 3398 3581 3391
3 3353 3340 3581
3 3388 3391 3581
3 3388 3581 3340
3 3388 3340 3342
3 3412 3582 3401
3 3401 3582 3354
3 3401 3354 3351
3 3404 3401 3351
3 3404 3351 3580
3 3351 3348 3580
3 3404 3580 3397
3 3398 3397 3580
3 3364 3361 3583
3 3411 3408 3583
3 3411 3583 3361
3 3411 3361 3367
3 3412 3411 3367
3 3367 3355 3582
3 3412 3367 3582
3 3355 3354 3582
3 3415 3370 3584
3 3370 3374 3584
3 3415 3584 3417
3 3417 3584 3374
3 3374 3364 3583
3 3417 3374 3583
3 3409 3417 3583
3 3409 3583 3408
3 3377 3585 3586
3 3422 3586 3425
3 3586 3585 3425
3 3425 3585 3426
3 3380 3368 3585
3 3415 3426 3585
3 3415 3585 3368
3 3415 3368 3370
3 1305 3587 3429
3 3429 3587 3375
3 3429 3375 3377
3 3422 3429 3377
3 3422 3377 3586
3 3380 3585 3377
3 2912 2908 1202
3 1202 2908 1201
3 2908 2910 1201
3 1201 2910 1196
3 1198 1196 2910
3 2910 2914 3588
3 1198 2910 3588
3 1209 2920 2921
3 1211 1209 2921
3 2921 2917 3589
3 1211 2921 3589
3 1204 3589 1205
3 3589 2917 2912
3 1205 3589 2912
3 1202 1205 2912
3 3590 3591 1218
3 1218 3591 1214
3 1207 1214 3591
3 3591 3592 1207
3 2925 2920 3592
3 1211 3589 1204
3 1207 3592 2920
3 1209 1207 2920
3 2932 2936 3590
3 1220 2932 3590
3 1217 1220 3590
3 1217 3590 1218
3 2927 3591 2936
3 2936 3591 3590
3 2925 3592 2927
3 2927 3592 3591
3 1229 1230 2941
3 2941 2937 1229
3 1228 1229 2937
3 2937 2935 1228
3 2935 2931 1228
3 1228 2931 1223
3 1220 1223 2931
3 2931 2932 1220
3 2944 2943 3593
3 1233 3593 2943
3 1230 1233 2943
3 1230 2943 2941
3 1839 3594 1840
3 1840 3594 3595
3 1839 1835 3594
3 3596 3597 1662
3 1852 1847 3597
3 1662 3597 1847
3 1663 1662 1847
3 1663 1847 1843
3 1663 1843 3598
3 1840 3595 1843
3 1843 3595 3598
3 1669 1672 3599
3 1669 3599 1856
3 1856 1850 3596
3 1669 1856 3596
3 1852 3597 1850
3 1850 3597 3596
3 1669 3596 1664
3 1662 1664 3596
3 3600 3601 1678
3 1678 3601 1677
3 1671 1677 3601
3 1859 1861 3599
3 3601 1859 3599
3 1671 3601 3599
3 1861 1856 3599
3 1671 3599 1672
3 1682 1686 3602
3 1682 3602 1870
3 1682 1870 1869
3 1682 1869 3600
3 1682 3600 1678
3 1864 3601 1869
3 1869 3601 3600
3 1864 1859 3601
3 1691 3603 1687
3 1881 1874 3603
3 1684 1687 3603
3 1684 3603 1874
3 1684 1874 1875
3 1684 1875 3602
3 1875 1870 3602
3 1684 3602 1686
3 1697 1879 3604
3 1694 1697 3604
3 1879 1878 3604
3 1694 3604 1695
3 1695 3604 1878
3 1695 1878 1881
3 1691 1695 1881
3 1691 1881 3603
3 2493 1889 1704
3 1704 1889 1702
3 1697 1702 1889
3 1889 1882 1697
3 1697 1882 1879
3 3605 3142 3606
3 3607 3605 3606
3 3607 3606 3608
3 3142 3130 3606
3 3609 3147 3610
3 3610 3147 3140
3 3610 3140 3611
3 3612 3610 3611
3 3140 3137 3611
3 3612 3611 3605
3 3605 3611 3137
3 3605 3137 3142
3 3613 3614 3615
3 3151 3155 3614
3 3615 3614 3155
3 3616 3615 3155
3 3616 3155 3144
3 3609 3616 3144
3 3144 3143 3609
3 3143 3147 3609
3 3160 3157 3617
3 3618 3617 3619
3 3620 3619 3617
3 3620 3617 3157
3 3620 3157 3162
3 3620 3162 3151
3 3613 3620 3151
3 3613 3151 3614
3 3621 3622 3623
3 3173 3163 3622
3 3623 3622 3163
3 3623 3163 3167
3 3624 3623 3167
3 3618 3624 3167
3 3167 3160 3617
3 3618 3167 3617
3 3625 3626 3170
3 3625 3170 3172
3 3627 3625 3172
3 3627 3172 3621
3 3173 3622 3172
3 3172 3622 3621
3 3627 3621 3628
3 3623 3628 3621
3 3629 2294 3630
3 3629 3630 3631
3 3632 3626 3630
3 3630 3626 3631
3 3632 3170 3626
3 3629 3631 3633
3 3631 3626 3633
3 3633 3626 3625
3 2295 3634 2293
3 2293 3634 3630
3 2294 2293 3630
3 3347 3635 3339
3 1087 3339 3635
3 3263 3251 3636
3 3635 3263 3636
3 1087 3635 3636
3 3251 3250 3636
3 3344 3343 3637
3 3268 3260 3637
3 3344 3637 3346
3 3260 3262 3635
3 3637 3260 3635
3 3346 3637 3635
3 3347 3346 3635
3 3262 3263 3635
3 3349 3638 3264
3 3349 3264 3639
3 3352 3349 3639
3 3264 3267 3639
3 3352 3639 3343
3 3639 3267 3268
3 3639 3268 3637
3 3343 3639 3637
3 3640 3641 3359
3 3359 3641 3270
3 3359 3270 3272
3 3360 3359 3272
3 3360 3272 3638
3 3360 3638 3349
3 3272 3276 3638
3 3638 3276 3264
3 3357 3642 3280
3 3280 3282 3640
3 3357 3280 3640
3 3357 3640 3356
3 3283 3641 3282
3 3282 3641 3640
3 3283 3270 3641
3 3359 3356 3640
3 3286 3284 3643
3 3373 3643 3284
3 3284 3289 3642
3 3373 3284 3642
3 3363 3373 3642
3 3289 3280 3642
3 3363 3642 3365
3 3357 3365 3642
3 3379 3644 3381
3 3371 3381 3644
3 3371 3644 3293
3 3371 3293 3292
3 3372 3371 3292
3 3372 3292 3286
3 3372 3286 3643
3 3372 3643 3373
3 3382 236 3645
3 3646 3647 3645
3 3382 3645 3378
3 3378 3645 3647
3 3379 3378 3647
3 3379 3647 3648
3 3379 3648 3644
3 3648 3293 3644
3 236 3649 3650
3 3650 3646 3645
3 236 3650 3645
3 1304 1307 3651
3 1304 3651 233
3 1304 233 232
3 1305 1304 232
3 1305 232 231
3 1305 231 3587
3 231 3375 3587
3 1314 1318 3652
3 3652 3653 1314
3 1314 3653 239
3 1310 1314 239
3 1310 239 237
3 1310 237 3651
3 1310 3651 1307
3 237 233 3651
3 246 3652 250
3 250 3652 3654
3 1323 3654 1319
3 3654 3652 1319
3 1319 3652 1318
3 244 3653 246
3 246 3653 3652
3 244 239 3653
3 1329 3655 1326
3 1325 1326 3655
3 3655 3656 1325
3 254 251 3656
3 1323 1325 3656
3 1323 3656 251
3 251 250 3654
3 1323 251 3654
3 262 3657 3658
3 261 256 3657
3 1329 1334 3658
3 3658 3657 3655
3 1329 3658 3655
3 254 3656 3655
3 256 254 3655
3 3657 256 3655
3 3659 268 3660
3 1337 3659 3660
3 262 3658 266
3 266 3658 3660
3 1337 3660 1335
3 3660 3658 1335
3 1335 3658 1334
3 261 3657 262
3 3661 273 271
3 1348 3661 271
3 1348 271 3659
3 1343 1348 3659
3 1343 3659 1341
3 271 268 3659
3 1337 1341 3659
3 268 266 3660
3 1091 3662 1353
3 1347 1353 3662
3 3662 3663 1347
3 276 3661 278
3 278 3661 3663
3 276 273 3661
3 1348 1347 3663
3 3663 3661 1348
3 280 3662 283
3 283 3662 1091
3 3662 280 278
3 278 3663 3662
3 1093 1092 1354
3 1092 1091 1354
3 1354 1091 1350
3 1353 1350 1091
3 3664 3191 3189
3 1480 3664 3189
3 3189 1479 1480
3 3194 3191 3665
3 1444 1470 1468
3 3666 3667 3668
3 3668 3665 3666
3 3664 3666 3665
3 3664 3665 3191
3 3194 3665 3669
3 3669 3665 3668
3 594 590 3670
3 3670 590 589
3 2338 3670 589
3 2331 2338 589
3 2331 589 3671
3 589 588 3671
3 3672 598 595
3 3673 3672 595
3 3673 595 3674
3 594 3670 595
3 595 3670 3674
3 3673 3674 3675
3 2338 3675 3674
3 3674 3670 2338
3 603 3676 606
3 606 3676 3677
3 603 601 3676
3 3678 3679 3677
3 3677 3676 3678
3 3672 3678 3676
3 3672 3676 601
3 3672 601 598
3 613 608 3680
3 3680 608 3681
3 3681 608 606
3 3682 3681 606
3 3682 606 3677
3 3683 3684 3685
3 3685 3684 3686
3 3682 3677 3679
3 620 616 3687
3 3688 3687 616
3 3683 3688 616
3 3683 616 617
3 3683 617 3684
3 3680 3686 3684
3 3684 617 613
3 3680 3684 613
3 622 3689 624
3 624 3689 3690
3 620 3687 622
3 622 3687 3689
3 3691 3692 3690
3 3690 3689 3691
3 3688 3691 3689
3 3689 3687 3688
3 627 624 3690
3 627 3690 3693
3 3692 3694 3693
3 3693 3690 3692
3 449 3695 3696
3 447 445 3695
3 3697 3696 2532
3 2532 3696 2531
3 2523 2531 3696
3 3696 3695 2523
3 447 3695 449
3 3698 499 3699
3 3698 3700 499
3 3700 1890 499
3 3700 3701 1890
3 3702 3701 3700
3 3703 1895 1897
3 3703 3704 1895
3 3704 3705 1895
3 3706 3705 3704
3 3707 3705 3706
3 3708 3707 3706
3 1904 1895 3705
3 1903 3705 3707
3 3709 3701 3702
3 1891 1890 3701
3 1892 3701 3709
3 1891 3701 1892
3 3710 3709 3702
3 3710 1892 3709
3 3710 1897 1892
3 3710 3703 1897
3 1909 1911 3711
3 3712 1909 3711
3 3712 3713 1909
3 3713 1914 1909
3 3714 1914 3713
3 1912 1914 3714
3 1916 1912 3714
3 3714 3715 1916
3 1904 3705 1903
3 3708 1903 3707
3 3708 3716 1903
3 3716 1908 1903
3 3716 1911 1908
3 3716 3711 1911
3 3716 3717 3711
3 3712 3711 3717
3 3718 1926 1929
3 3718 3719 1926
3 3718 3720 3719
3 3721 3719 3720
3 1927 1926 3719
3 3721 1927 3719
3 3721 3722 1927
3 3722 1935 1927
3 3715 3723 1916
3 3723 1919 1916
3 3723 3724 1919
3 1923 1919 3724
3 3725 3724 3723
3 3725 1929 3724
3 1929 1923 3724
3 3725 3718 1929
3 3722 3726 1935
3 3727 3726 3722
3 1933 1935 3726
3 3727 1938 3726
3 1938 1933 3726
3 3727 3728 1938
3 215 3729 210
3 221 222 3730
3 3731 3730 222
3 222 224 3731
3 227 3731 224
3 2376 3729 3732
3 3732 2374 2376
3 3732 2378 2374
3 2379 2371 3733
3 3732 3729 215
3 215 2378 3732
3 215 216 2378
3 216 2373 2378
3 216 2371 2373
3 216 221 2371
3 221 3733 2371
3 3730 3733 221
3 2382 3733 3730
3 2379 3733 2382
3 2387 3730 3731
3 2382 3730 2387
3 227 2387 3731
3 227 2389 2387
3 227 674 2389
3 2005 2004 3734
3 3735 3734 3736
3 3735 3737 3734
3 3737 2005 3734
3 3737 2007 2005
3 3737 3738 2007
3 3739 3738 3737
3 2018 2014 3740
3 3741 297 3740
3 297 2018 3740
3 3741 298 297
3 2011 2007 3738
3 3739 2016 3738
3 2016 2011 3738
3 3739 3742 2016
3 3742 2014 2016
3 3742 3740 2014
3 3742 3743 3740
3 3741 3740 3743
3 3744 3745 3439
3 3746 3439 3745
3 3438 3439 3746
3 3747 3438 3746
3 3437 3438 3747
3 3448 3437 3747
3 3747 3748 3448
3 3749 3448 3748
3 3441 3433 3750
3 3744 3439 3750
3 3439 3441 3750
3 3452 3455 3751
3 3451 3452 3751
3 3751 3752 3451
3 3753 3451 3752
3 3449 3451 3753
3 3753 3754 3449
3 3754 3462 3449
3 3753 3755 3754
3 3446 3448 3749
3 3756 3446 3749
3 3444 3446 3756
3 3456 3444 3756
3 3756 3757 3456
3 3455 3456 3757
3 3757 3758 3455
3 3751 3455 3758
3 3470 3472 3759
3 3465 3470 3759
3 3759 3760 3465
3 3466 3465 3760
3 3760 3761 3466
3 3762 3466 3761
3 3478 3466 3762
3 3762 3476 3478
3 3461 3462 3754
3 3763 3754 3755
3 3763 3764 3754
3 3764 3459 3754
3 3459 3461 3754
3 3472 3459 3764
3 3764 3765 3472
3 3759 3472 3765
3 3766 3480 3767
3 3766 2259 3480
3 2259 1571 3480
3 3762 3768 3476
3 3768 3769 3476
3 3767 3769 3768
3 3768 3770 3767
3 3766 3767 3770
3 3482 3476 3769
3 3480 3769 3767
3 3482 3769 3480
3 2949 2162 2159
3 2949 2163 2162
3 2949 2952 2163
3 2952 3771 2163
3 2951 3771 2952
3 3491 440 2163
3 2954 3492 3772
3 3492 3497 3772
3 2954 2955 3492
3 2955 3773 3492
3 2960 3773 2955
3 3503 3492 3773
3 2960 3501 3773
3 3501 3503 3773
3 3490 2163 3771
3 3491 2163 3490
3 2951 3772 3771
3 3772 3490 3771
3 3772 3489 3490
3 2951 2956 3772
3 3497 3489 3772
3 2954 3772 2956
3 2962 3507 3498
3 2962 3774 3507
3 2968 3774 2962
3 3506 3507 3774
3 2968 3505 3774
3 3505 3506 3774
3 2968 2967 3505
3 2967 2965 3505
3 2960 2961 3501
3 2961 2959 3501
3 2959 3775 3501
3 3775 3500 3501
3 2963 3775 2959
3 3498 3500 3775
3 2963 2962 3775
3 2962 3498 3775
3 2970 3776 3515
3 2970 2972 3776
3 2975 3776 2972
3 3512 3515 3776
3 2975 2973 3776
3 2973 3512 3776
3 2973 3513 3512
3 2973 3517 3513
3 2965 3511 3505
3 2965 3777 3511
3 3510 3511 3777
3 2971 3777 2965
3 2971 3509 3777
3 3509 3510 3777
3 2971 2970 3509
3 2970 3515 3509
3 2973 3778 3517
3 2973 527 3778
3 3516 3517 3778
3 3779 3780 3781
3 3780 3782 3781
3 3779 3783 3780
3 3779 3784 3783
3 3785 3783 3784
3 3786 3780 3783
3 3785 3787 3783
3 3787 3786 3783
3 3788 3789 3781
3 3782 3790 3781
3 3779 3781 3789
3 3791 3792 3793
3 3794 3795 3792
3 3791 3796 3792
3 3796 3797 3792
3 3797 3794 3792
3 3791 3798 3796
3 3799 3797 3796
3 3800 3796 3798
3 3787 3801 3786
3 3801 3802 3786
3 3803 3802 3801
3 3804 3801 3787
3 3804 3795 3801
3 3795 3803 3801
3 3804 3792 3795
3 3804 3793 3792
3 3805 3806 3807
3 3805 451 3806
3 3805 454 451
3 454 452 451
3 3800 3808 3796
3 3808 3799 3796
3 3808 3809 3799
3 3808 3810 3809
3 3810 3807 3809
3 3807 3811 3809
3 3805 3807 3810
3 3806 3811 3807
3 3632 3812 3813
3 3632 3814 3812
3 3632 3630 3814
3 3630 3815 3814
3 3634 3815 3630
3 3816 3814 3815
3 3634 3816 3815
3 3634 3817 3816
3 3813 3174 3171
3 3170 3813 3171
3 3170 3632 3813
3 2298 3818 3819
3 2298 3820 3818
3 3821 3818 3820
3 2297 3820 2298
3 3822 3820 2297
3 2299 3822 2297
3 3823 3820 3822
3 3821 3820 3823
3 3634 2295 3817
3 2295 3824 3817
3 2295 3825 3824
3 2295 2289 3825
3 2290 3825 2289
3 3819 3824 3825
3 2290 3819 3825
3 2290 2298 3819
3 2304 2308 3826
3 2308 3827 3826
3 2308 3828 3827
3 2308 2312 3828
3 3829 3827 3828
3 2313 3828 2312
3 2313 3829 3828
3 2313 3830 3829
3 2299 3823 3822
3 2299 2305 3823
3 2305 3831 3823
3 2305 3832 3831
3 3833 3831 3832
3 2304 3832 2305
3 2304 3826 3832
3 3826 3833 3832
3 3834 3835 3836
3 3837 3836 2317
3 2317 2329 3837
3 2325 3837 2329
3 3838 3836 3837
3 3834 3836 3838
3 2325 3838 3837
3 2325 3839 3838
3 2313 2315 3830
3 2315 3840 3830
3 2318 3840 2315
3 3841 3830 3840
3 2318 3841 3840
3 2318 3836 3841
3 3836 3835 3841
3 2318 2317 3836
3 2325 2327 3839
3 2327 588 3839
3 2327 3671 588
3 2327 2332 3671
3 2331 3671 2332
3 1628 1630 3842
3 3842 3843 1628
3 1631 1628 3843
3 3843 3844 1631
3 3844 1637 1631
3 3844 3845 1637
3 3844 3846 3845
3 1641 1637 3845
3 3847 1624 3516
3 1625 1624 3847
3 3842 1625 3847
3 1630 1625 3842
3 3848 1642 3849
3 1646 1642 3848
3 3850 1646 3848
3 1651 1646 3850
3 3851 1651 3850
3 1654 1651 3851
3 1652 1654 3851
3 3851 3852 1652
3 3853 3845 3846
3 3853 1640 3845
3 1640 1641 3845
3 3853 3854 1640
3 3855 1640 3854
3 1644 1640 3855
3 1642 1644 3855
3 3855 3849 1642
3 3856 3857 3858
3 3859 3857 3856
3 3860 3859 3856
3 2894 3857 3859
3 2901 3857 2894
3 3860 2894 3859
3 3860 2899 2894
3 3860 3861 2899
3 3852 2892 1652
3 3852 3862 2892
3 3862 3863 2892
3 3857 3863 3862
3 3862 3858 3857
3 2900 2892 3863
3 2901 3863 3857
3 2900 3863 2901
3 3864 2899 3861
3 2906 2899 3864
3 3864 2907 2906
3 3864 3588 2907
3 3864 3865 3588
3 2914 2907 3588
3 1198 3588 3865
3 3866 3867 3073
3 3080 3866 3073
3 3868 3866 3080
3 3003 3867 3866
3 2996 3867 3003
3 3004 3866 3868
3 3003 3866 3004
3 3076 3868 3080
3 3073 3867 915
3 3869 3870 3081
3 3081 3083 3869
3 3085 3869 3083
3 3010 3008 3871
3 3013 3871 3872
3 3010 3871 3013
3 3018 3872 3870
3 3013 3872 3018
3 3076 3004 3868
3 3076 3075 3004
3 3075 3008 3004
3 3075 3871 3008
3 3078 3871 3075
3 3872 3871 3078
3 3870 3872 3078
3 3078 3081 3870
3 3023 3022 3873
3 1661 3873 3874
3 3023 3873 1661
3 3091 3874 3087
3 3875 3874 3091
3 3090 3875 3091
3 1666 3874 3875
3 1661 3874 1666
3 3017 3870 3869
3 3018 3870 3017
3 3085 3017 3869
3 3085 3022 3017
3 3085 3084 3022
3 3084 3873 3022
3 3874 3873 3084
3 3084 3087 3874
3 3093 1670 1667
3 3093 3876 1670
3 3099 3876 3093
3 1676 1670 3876
3 3099 1675 3876
3 1675 1676 3876
3 3099 3098 1675
3 3103 1675 3098
3 3090 1665 3875
3 1665 1666 3875
3 3090 3095 1665
3 3095 3877 1665
3 3094 3877 3095
3 1667 1665 3877
3 3094 1667 3877
3 3094 3093 1667
3 3107 1689 3878
3 3107 3106 1689
3 3106 1762 1689
3 1762 1688 1689
3 1761 1762 3106
3 1679 1675 3103
3 1680 1679 3103
3 3103 3102 1680
3 3102 1685 1680
3 3102 3878 1685
3 3102 3100 3878
3 1689 1685 3878
3 3107 3878 3100
3 2223 3879 2222
3 2224 3879 2223
3 3880 1301 1300
3 1300 2230 3880
3 2230 2231 3880
3 2231 3881 3880
3 2231 3882 3881
3 2224 2232 3883
3 2234 3883 2232
3 3884 3883 2234
3 2234 3885 3884
3 2234 3886 3885
3 2234 2238 3886
3 3887 3885 3886
3 2247 3886 2238
3 3888 1301 3880
3 1303 1301 3888
3 3880 3881 3888
3 2231 2222 3882
3 2222 3889 3882
3 2222 3879 3889
3 2224 3889 3879
3 2224 3883 3889
3 1541 1544 2249
3 3890 3886 2247
3 2242 3890 2247
3 3891 3886 3890
3 3887 3886 3891
3 2242 3891 3890
3 2242 1544 3891
3 2242 2243 1544
3 2249 1544 2243
3 3892 507 506
3 506 919 3892
3 921 3892 919
3 3893 3894 928
3 928 3895 3893
3 928 931 3895
3 931 3896 3895
3 935 3896 931
3 3897 3895 3896
3 935 938 3896
3 938 3897 3896
3 3898 3892 921
3 3899 3898 921
3 921 922 3899
3 925 3899 922
3 3900 3899 925
3 3894 3900 925
3 925 929 3894
3 928 3894 929
3 3901 3902 3903
3 947 3903 941
3 947 3904 3903
3 3904 3905 3903
3 3905 3901 3903
3 947 949 3904
3 952 3904 949
3 3906 3905 3904
3 938 3907 3897
3 3907 3908 3897
3 940 3907 938
3 3909 3908 3907
3 940 941 3907
3 941 3903 3907
3 3903 3909 3907
3 3903 3902 3909
3 3910 3911 3912
3 955 959 3913
3 960 3913 959
3 3914 3910 3913
3 960 3915 3913
3 3915 3914 3913
3 960 3916 3915
3 960 961 3916
3 952 3917 3904
3 3917 3906 3904
3 952 951 3917
3 951 3912 3917
3 955 3912 951
3 3911 3917 3912
3 955 3913 3912
3 3913 3910 3912
3 967 3916 961
3 3918 3915 3916
3 186 183 293
3 295 186 293
3 295 187 186
3 295 1102 187
3 1107 194 192
3 1107 1109 194
3 1109 198 194
3 1109 1112 198
3 1112 3919 198
3 1115 3919 1112
3 200 198 3919
3 1115 201 3919
3 1102 3920 187
3 190 187 3920
3 1104 3920 1102
3 3921 3920 1104
3 1107 3921 1104
3 192 3920 3921
3 190 3920 192
3 1107 192 3921
3 213 212 1131
3 1131 1132 213
3 218 213 1132
3 1132 3922 218
3 3923 218 3922
3 220 218 3923
3 3923 223 220
3 3923 3924 223
3 201 200 3919
3 1115 1121 201
3 1120 201 1121
3 205 201 1120
3 1123 205 1120
3 208 205 1123
3 1131 208 1123
3 212 208 1131
3 3924 3925 223
3 3926 3925 3924
3 3924 3927 3926
3 225 223 3925
3 226 3925 3926
3 225 3925 226
3 3928 3926 3927
3 3928 226 3926
3 3922 1127 1129
3 2102 2105 3927
3 2105 3928 3927
3 2105 3929 3928
3 1132 1127 3922
3 3923 1129 1130
3 3922 1129 3923
3 2103 1130 1128
3 2103 3924 1130
3 3924 3923 1130
3 2103 2102 3924
3 3927 3924 2102
3 2602 3930 2598
3 2602 1563 3930
3 1563 1561 3930
3 2602 2601 1563
3 2599 1563 2601
3 1568 1563 2599
3 1389 1557 1387
3 1389 2597 1557
3 2597 3931 1557
3 3930 3931 2597
3 2597 2598 3930
3 1560 1557 3931
3 1561 3931 3930
3 1560 3931 1561
3 3932 3933 3934
3 3932 3935 3933
3 3932 3936 3935
3 3937 3935 3936
3 3938 3933 3935
3 3937 3939 3935
3 3940 3941 3942
3 3941 3943 3942
3 3941 3944 3943
3 3945 3943 3944
3 3946 3944 3941
3 3946 3947 3944
3 3947 3945 3944
3 3946 3948 3947
3 3939 3938 3935
3 3939 3949 3938
3 3949 3950 3938
3 3951 3950 3949
3 3952 3949 3939
3 3952 3940 3949
3 3940 3942 3949
3 3942 3951 3949
3 3953 3954 3955
3 3954 3956 3955
3 3953 3957 3954
3 3958 3954 3957
3 3959 3956 3954
3 3958 3960 3954
3 3960 3959 3954
3 3958 3961 3960
3 3948 3962 3947
3 3948 3963 3962
3 3948 3964 3963
3 3965 3962 3963
3 3966 3963 3964
3 3966 3955 3963
3 3955 3965 3963
3 3966 3953 3955
3 3967 3968 3969
3 3968 3970 3969
3 3971 3970 3968
3 3972 3970 3971
3 3971 3973 3972
3 3973 3974 3972
3 3971 3975 3973
3 3432 3973 3975
3 3976 3960 3961
3 3961 3977 3976
3 3977 3978 3976
3 3977 3979 3978
3 3977 3980 3979
3 3967 3979 3980
3 3969 3978 3979
3 3967 3969 3979
3 3981 1155 1149
3 3982 3983 3981
3 1156 1155 3981
3 3984 3981 3983
3 3984 3985 3981
3 3985 1162 3981
3 1162 1156 3981
3 1169 1160 3986
3 3987 1144 2456
3 1146 1144 3987
3 1151 1146 3987
3 3987 3988 1151
3 3982 1151 3988
3 1149 1151 3982
3 3982 3981 1149
3 1174 1162 3989
3 3986 1174 3989
3 1160 1174 3986
3 3990 1168 3991
3 1175 1168 3990
3 3992 1175 3990
3 1176 1175 3992
3 1180 1176 3992
3 3986 3993 1169
3 1168 1167 3994
3 3994 3991 1168
3 1171 1169 3993
3 3993 3995 1171
3 3994 1171 3995
3 1167 1171 3994
3 3989 1162 3985
3 1185 3996 3997
3 1186 3996 1185
3 3998 1188 3997
3 1188 1185 3997
3 3998 3999 1188
3 3992 4000 1180
3 4000 1183 1180
3 4000 4001 1183
3 4001 3996 1183
3 1186 1183 3996
3 3997 3996 4001
3 4001 4002 3997
3 3998 3997 4002
3 4003 4004 4005
3 4006 4007 4008
3 4009 4010 4011
3 4012 4009 4008
3 4013 4008 4007
3 4014 4012 4008
3 4013 4014 4008
3 4013 4015 4014
3 4014 4016 4012
3 4011 4017 4004
3 4003 4011 4004
3 4003 4018 4011
3 4011 4019 4017
3 4006 4011 4018
3 4010 4019 4011
3 4008 4009 4011
3 4006 4008 4011
3 4020 4021 4022
3 4023 4020 4022
3 4023 4024 4020
3 4020 2847 4021
3 4025 4016 4014
3 4026 4014 4015
3 4027 4025 4014
3 4026 4027 4014
3 4026 4028 4022
3 4026 4022 4027
3 4021 4027 4022
3 4023 4022 4028
3 3647 4029 3648
3 2696 2695 4029
3 2704 2696 4029
3 3647 2704 4029
3 3647 3646 4030
3 3647 4030 2704
3 2698 2704 4030
3 3650 4030 3646
3 2684 2683 3291
3 2684 3291 2687
3 2687 3291 3290
3 2695 2687 3290
3 3293 2695 3290
3 3648 4029 2695
3 3293 3648 2695
3 2709 2705 4031
3 4032 4031 2705
3 4033 2718 2709
3 4031 4033 2709
3 4033 4034 4035
3 4033 4035 2718
3 2712 2718 4035
3 4036 4035 4034
3 3650 4037 2698
3 3650 2698 4030
3 4037 4038 2703
3 4037 2703 2698
3 4032 4038 4037
3 2711 2703 4038
3 2705 2711 4038
3 4032 2705 4038
3 4039 4040 2719
3 4041 4039 2719
3 2720 2719 4040
3 4042 4040 4039
3 2729 2720 4040
3 4042 2729 4040
3 4043 4044 2729
3 4042 4043 2729
3 4045 2712 4035
3 4036 4045 4035
3 4046 2717 2712
3 4045 4046 2712
3 4041 4046 4045
3 2725 2717 4046
3 2719 2725 4046
3 4041 2719 4046
3 4047 4048 4049
3 4050 4048 2738
3 4051 4047 4052
3 4049 4052 4047
3 2738 4048 2733
3 2733 4048 4047
3 4051 2734 2733
3 4051 2733 4047
3 4053 4044 4043
3 2728 2729 4044
3 4053 2728 4044
3 4049 4048 4050
3 4053 4054 2730
3 4053 2730 2728
3 4050 2738 2730
3 4054 4050 2730
3 4055 4056 2734
3 4051 4055 2734
3 4056 4057 2737
3 4056 2737 2734
3 4056 4058 4059
3 4059 4057 4056
3 3933 4060 3934
3 3950 3951 4061
3 4061 4062 4063
3 3942 4064 4061
3 3951 3942 4061
3 3943 4064 3942
3 4064 4065 4061
3 3943 4066 4064
3 4066 4065 4064
3 3933 3938 4060
3 3938 4063 4067
3 3938 4067 4060
3 3950 4063 3938
3 4063 4068 4067
3 3950 4061 4063
3 4062 4068 4063
3 3962 3965 2106
3 2106 2107 4069
3 2114 2106 3955
3 3955 2106 3965
3 2115 2114 3956
3 3956 2114 3955
3 3956 3959 2112
3 2112 2115 3956
3 3943 3945 2111
3 3943 2111 4066
3 3945 4069 2109
3 3945 2109 2111
3 3962 4069 3947
3 3945 3947 4069
3 3962 2106 4069
3 2107 2109 4069
3 3978 3969 2116
3 2116 2117 4070
3 3969 3970 2118
3 2118 2116 3969
3 3970 3972 2123
3 2123 2118 3970
3 2121 2123 3974
3 3974 2123 3972
3 2113 2112 3960
3 3960 2112 3959
3 4070 2119 2113
3 3960 4070 2113
3 2117 2119 4070
3 3960 3976 4070
3 3978 2116 4070
3 3978 4070 3976
3 4071 3179 4072
3 3181 4073 4072
3 3179 3181 4072
3 4074 4075 4071
3 4071 4072 4074
3 4075 824 4071
3 3180 3179 4071
3 4076 4072 4073
3 4074 4072 4077
3 4076 4077 4072
3 823 3180 4071
3 824 823 4071
3 826 3187 823
3 823 3187 3180
3 2784 2783 4078
3 2784 4078 4079
3 4080 4079 4078
3 2796 4078 2783
3 629 631 4079
3 4080 629 4079
3 2796 2794 4080
3 4080 4078 2796
3 2784 4079 4081
3 642 638 4082
3 4083 642 4082
3 2802 4083 2799
3 2795 2799 4083
3 2802 2810 4083
3 643 642 4083
3 645 643 4083
3 2810 645 4083
3 2794 4082 4080
3 634 629 4080
3 4082 637 634
3 4082 634 4080
3 638 637 4082
3 2794 2793 4082
3 2795 4083 4082
3 2795 4082 2793
3 2805 2811 652
3 2805 652 653
3 4084 4085 2811
3 2811 4085 652
3 4086 4084 4087
3 2811 4087 4084
3 660 4085 4084
3 656 652 4085
3 648 645 4088
3 2810 4088 645
3 2810 2806 4089
3 4089 4088 2810
3 653 4088 4089
3 2805 4089 2806
3 2805 653 4089
3 648 4088 653
3 4090 2180 2179
3 2179 4091 4090
3 667 4092 666
3 666 4092 4091
3 666 4091 671
3 671 4091 2179
3 4086 663 4084
3 656 4085 660
3 4086 4092 663
3 663 660 4084
3 667 663 4092
3 4086 4093 4092
3 4093 4090 4091
3 4091 4092 4093
3 3041 4094 3037
3 3039 3037 4094
3 1483 4095 1487
3 1487 4095 4094
3 3041 1488 1487
3 3041 1487 4094
3 3041 3040 4096
3 3041 4096 1488
3 4094 4095 3039
3 4097 1497 4098
3 3043 4097 4098
3 3043 3047 4097
3 1497 1496 4098
3 3049 4097 3047
3 1503 1497 4097
3 3050 4099 3049
3 4099 4097 3049
3 3045 4096 3040
3 1490 1488 4096
3 4098 1493 4096
3 3045 4098 4096
3 3045 3044 4098
3 1493 1490 4096
3 1496 1493 4098
3 3043 4098 3044
3 3059 1507 4100
3 3052 3059 4100
3 4101 1510 1507
3 3059 4101 1507
3 1515 1510 4101
3 3057 4101 3059
3 1513 1515 4101
3 3057 1513 4101
3 1503 4097 1502
3 1502 4097 4099
3 3050 1506 1502
3 3050 1502 4099
3 3050 3053 4100
3 3050 4100 1506
3 1507 1506 4100
3 3052 4100 3053
3 4102 4103 1521
3 4102 1521 1519
3 1522 1521 4103
3 4104 4103 4102
3 4105 1522 4103
3 4104 4105 4103
3 4106 1526 1522
3 4105 4106 1522
3 4107 1513 3058
3 3057 3058 1513
3 4108 1518 4107
3 1518 1513 4107
3 1519 1516 4108
3 1516 1518 4108
3 4109 4102 1519
3 4108 4109 1519
3 4110 4106 4105
3 4111 1526 4106
3 1528 1527 4112
3 4111 4112 1527
3 4111 1527 1526
3 1528 4112 1529
3 1529 4112 4113
3 4114 4113 4112
3 4112 4111 4114
3 3521 4115 3522
3 4116 4117 3526
3 3526 4117 4118
3 3537 4116 3525
3 3526 3525 4116
3 3537 3534 4119
3 4119 4116 3537
3 4120 4121 4119
3 3534 4120 4119
3 4122 4123 4115
3 3521 4122 4115
3 3521 3529 4124
3 3521 4124 4122
3 4118 4122 4124
3 3528 4124 3529
3 3526 4118 4124
3 3528 3526 4124
3 3541 4125 3542
3 4126 4127 4125
3 4128 4126 4125
3 3541 4128 4125
3 3551 4129 4128
3 3541 3551 4128
3 4130 4128 4129
3 3549 4129 3551
3 4131 4121 4120
3 3532 4120 3534
3 3532 4132 4131
3 3532 4131 4120
3 3544 3542 4132
3 3532 3544 4132
3 4125 4127 4132
3 3542 4125 4132
3 4133 4134 4135
3 3557 3556 4135
3 3564 4133 4135
3 3556 3564 4135
3 4136 4137 4133
3 3564 4136 4133
3 4138 4137 4136
3 3563 4136 3564
3 3548 4130 4129
3 3549 3548 4129
3 4139 4140 4130
3 3548 4139 4130
3 4135 4134 4140
3 4140 4139 4135
3 4135 4139 3557
3 3557 4139 3548
3 4141 4142 4143
3 3567 4141 4143
3 4144 4142 4141
3 3566 4141 3567
3 4145 4146 4141
3 3566 4145 4141
3 3566 3573 4145
3 4146 4144 4141
3 3562 4147 4136
3 3563 3562 4136
3 4148 4138 4136
3 4147 4148 4136
3 3570 4147 3562
3 4143 4148 4147
3 3570 3567 4143
3 3570 4143 4147
3 2982 4145 3573
3 9 3520 8
3 5 8 3520
3 3527 3518 9
3 3518 3520 9
3 13 16 3527
3 9 13 3527
3 4149 3523 3527
3 16 4149 3527
3 3520 4150 5
3 25 3535 4151
3 22 25 4151
3 25 4152 3533
3 25 3533 3535
3 27 4152 25
3 3530 3533 4152
3 3543 3530 4152
3 27 3543 4152
3 18 4149 16
3 3524 3523 4149
3 3536 3524 4149
3 18 3536 4149
3 18 21 4151
3 18 4151 3536
3 3535 3536 4151
3 22 4151 21
3 3550 3538 4153
3 27 31 4154
3 27 4154 3543
3 3540 3543 4154
3 33 4154 31
3 33 3538 3540
3 33 3540 4154
3 36 4153 3538
3 33 36 3538
3 2731 121 4155
3 118 117 4155
3 2731 4156 121
3 121 118 4155
3 4157 4158 4159
3 4159 4160 4157
3 130 4160 4159
3 4161 4159 4158
3 4161 130 4159
3 128 4160 130
3 4161 4162 132
3 4161 132 130
3 4163 124 121
3 4156 4163 121
3 4160 4164 4163
3 4163 4164 124
3 126 124 4164
3 4163 4157 4160
3 126 4164 128
3 128 4164 4160
3 140 4165 4166
3 136 4167 138
3 4168 140 4166
3 138 4165 140
3 4169 144 140
3 4168 4169 140
3 4170 4171 4169
3 4169 4171 144
3 136 132 4167
3 4162 4167 132
3 4165 4167 4172
3 4172 4167 4162
3 4166 4165 4173
3 4173 4165 4172
3 138 4167 4165
3 4168 4166 4173
3 4174 4175 153
3 4174 153 151
3 4176 4177 4175
3 4175 4177 153
3 4178 4179 4176
3 4179 4177 4176
3 4180 4178 4181
3 4176 4181 4178
3 146 144 4171
3 4169 4182 4170
3 146 4171 148
3 148 4171 4170
3 4183 148 4170
3 4183 4170 4182
3 4183 4174 151
3 4183 151 148
3 4184 4185 166
3 4184 166 164
3 169 166 4186
3 4185 4186 166
3 4187 4186 4188
3 4188 4186 4185
3 4189 4187 2375
3 2375 4187 4188
3 158 4177 4179
3 155 153 4177
3 161 4179 4178
3 155 4177 158
3 4180 161 4178
3 158 4179 161
3 4184 164 161
3 4180 4184 161
3 169 4186 171
3 171 4186 4187
3 4189 174 171
3 171 4187 4189
3 4190 3974 3973
3 3447 4191 3434
3 3435 3434 4191
3 3447 4192 4193
3 4193 4191 3447
3 3447 3445 4194
3 3447 4194 4192
3 4195 4192 4194
3 3443 4194 3445
3 4196 4190 3973
3 3432 4196 3973
3 3440 4196 3431
3 3432 3431 4196
3 3435 4197 3440
3 4197 4196 3440
3 4191 4198 3435
3 4198 4197 3435
3 4199 4200 3450
3 3453 3450 4200
3 3463 4199 3464
3 3450 3464 4199
3 4201 4202 3463
3 4202 4199 3463
3 3458 4201 3460
3 3463 3460 4201
3 3443 3442 4195
3 3443 4195 4194
3 3454 4203 3442
3 3442 4203 4195
3 3453 4204 3454
3 4204 4203 3454
3 4200 4205 3453
3 4205 4204 3453
3 4206 4207 3468
3 4207 4208 3468
3 4209 4206 3477
3 3468 3477 4206
3 4210 4209 3474
3 3477 3474 4209
3 3473 4211 4210
3 3474 3473 4210
3 3457 4212 3458
3 4212 4201 3458
3 4213 4214 3457
3 4214 4212 3457
3 4208 4213 3471
3 3457 3471 4213
3 3468 4208 3469
3 3471 3469 4208
3 1572 675 4215
3 1574 1572 4215
3 675 678 680
3 675 680 4215
3 3473 3481 4216
3 3473 4216 4211
3 4217 4211 4216
3 3479 4216 3481
3 4218 4217 4216
3 3479 4218 4216
3 4215 4218 1574
3 3479 1574 4218
3 4219 4220 4221
3 824 4075 4222
3 4222 4075 4074
3 4223 4224 4225
3 4225 4226 4223
3 4226 4225 4227
3 4228 4225 4224
3 4229 4225 4228
3 4227 4222 4226
3 4219 4230 4231
3 4231 4220 4219
3 4230 4226 4231
3 4077 4076 4231
3 4226 4074 4077
3 4226 4077 4231
3 4074 4226 4222
3 4230 4223 4226
3 4232 828 4233
3 828 821 4234
3 4232 827 828
3 828 4234 4233
3 4232 4233 4235
3 831 827 4232
3 4236 4237 4232
3 4235 4236 4232
3 4234 821 4227
3 4227 4225 4229
3 824 4222 4227
3 821 824 4227
3 4229 4238 4234
3 4229 4234 4227
3 4235 4233 4238
3 4238 4233 4234
3 4239 842 4240
3 842 837 4240
3 4241 841 842
3 4239 4241 842
3 848 841 4242
3 4242 841 4241
3 4242 4243 849
3 849 848 4242
3 4237 4244 831
3 4237 831 4232
3 4245 4244 4237
3 4244 832 831
3 4240 837 832
3 832 4244 4240
3 4245 4239 4240
3 4240 4244 4245
3 852 849 4246
3 4246 849 4243
3 4246 631 633
3 4246 633 852
3 631 630 633
3 4247 4248 4249
3 4123 4249 4248
3 870 3550 4153
3 868 870 4153
3 4250 3545 3550
3 870 4250 3550
3 3546 3545 4250
3 872 4250 870
3 873 3546 4250
3 872 873 4250
3 868 4153 36
3 881 3558 3561
3 881 3561 4251
3 882 4252 3558
3 881 882 3558
3 3559 3558 4252
3 884 4252 882
3 884 885 3559
3 884 3559 4252
3 873 4253 3555
3 873 3555 3546
3 4251 3554 3555
3 3555 4253 4251
3 877 4253 873
3 3561 3554 4251
3 4251 4253 881
3 881 4253 877
3 3571 3572 4254
3 896 4254 893
3 896 895 3571
3 896 3571 4254
3 4255 2979 3571
3 895 4255 3571
3 2979 4255 4256
3 901 4255 895
3 885 4257 3568
3 885 3568 3559
3 3565 3568 4257
3 889 4257 885
3 889 4254 3565
3 889 3565 4257
3 889 893 4254
3 4254 3572 3565
3 904 4258 4259
3 4258 2987 2989
3 905 4260 4258
3 904 905 4258
3 2994 2987 4258
3 910 4260 905
3 2994 4258 2995
3 2995 4258 4260
3 2989 2978 4256
3 4256 2978 2979
3 901 903 4256
3 901 4256 4255
3 904 4259 903
3 903 4259 4256
3 4258 2989 4256
3 4258 4256 4259
3 2998 4261 2996
3 2999 2995 4260
3 910 2999 4260
3 910 913 4261
3 910 4261 2999
3 3867 4261 915
3 915 4261 913
3 2996 4261 3867
3 2998 2999 4261
3 507 4262 505
3 507 3892 4262
3 3789 3788 4262
3 3900 4263 3899
3 3898 3899 4263
3 3900 4264 4263
3 3787 3785 4263
3 3804 3787 4263
3 4264 3804 4263
3 3893 4264 3894
3 3900 3894 4264
3 4265 3789 4262
3 3892 4265 4262
3 3898 4265 3892
3 4265 3779 3789
3 3898 4263 4265
3 3784 3779 4265
3 3785 3784 4265
3 4263 3785 4265
3 3909 4266 3800
3 3908 3909 3800
3 3902 4266 3909
3 4266 3808 3800
3 3902 3805 4266
3 3810 3808 4266
3 3902 4267 3805
3 3805 3810 4266
3 3893 3895 4264
3 3793 3804 4264
3 3895 3791 3793
3 3895 3793 4264
3 3895 3897 3798
3 3798 3791 3895
3 3800 3798 3908
3 3908 3798 3897
3 454 3805 4267
3 3902 3901 4267
3 4268 4269 4270
3 4268 4270 4271
3 4269 3607 3608
3 4269 3608 4270
3 4272 4273 4274
3 4272 4274 4275
3 4276 3610 4274
3 4273 4276 4274
3 4277 4276 4273
3 4276 3609 3610
3 4277 3615 4276
3 3616 3609 4276
3 4278 4269 4279
3 4268 4279 4269
3 4278 4275 4269
3 3605 3607 4269
3 4275 3612 3605
3 4275 3605 4269
3 3610 3612 4274
3 4275 4274 3612
3 4280 4281 3619
3 4280 3619 3620
3 4281 4282 3618
3 4281 3618 3619
3 4283 4282 4284
3 4281 4284 4282
3 4283 4285 4282
3 3624 3618 4282
3 4277 4286 3615
3 3615 3616 4276
3 4286 4287 3613
3 4286 3613 3615
3 4280 4287 4288
3 4286 4288 4287
3 4280 3620 4287
3 3620 3613 4287
3 4289 3625 4290
3 4289 4290 4291
3 4292 3633 3625
3 4289 4292 3625
3 970 2558 3633
3 4292 970 3633
3 969 2558 970
3 2558 3629 3633
3 4285 3623 3624
3 4285 3624 4282
3 4285 4293 3628
3 3628 3623 4285
3 4293 4290 3627
3 4293 3627 3628
3 3625 3627 4290
3 4293 4291 4290
3 2294 3629 2558
3 4294 3987 2456
3 2469 4294 2456
3 2468 4294 2469
3 3988 3987 4294
3 3982 3988 4294
3 2468 3982 4294
3 2473 3982 2466
3 2468 2466 3982
3 2469 2456 2453
3 2455 2469 2453
3 3995 3993 2479
3 3991 3994 2474
3 3994 3995 2481
3 2479 2481 3995
3 2480 3985 2470
3 2481 2476 3994
3 3986 3989 2480
3 3989 3985 2480
3 3984 3983 2473
3 3983 3982 2473
3 3985 3984 2472
3 2473 2472 3984
3 2479 3986 2477
3 2472 2470 3985
3 2474 3994 2476
3 3993 3986 2479
3 4295 3992 3990
3 2486 4295 3990
3 4296 4000 3992
3 3992 4295 4296
3 4001 4000 4296
3 2484 4001 4296
3 3193 4001 3195
3 2484 3195 4001
3 2483 4295 2486
3 2480 2477 3986
3 4296 4295 2482
3 2482 4295 2483
3 3196 3991 2474
3 2484 4296 2482
3 3196 2486 3990
3 3990 3991 3196
3 3193 3998 4002
3 4002 4001 3193
3 3192 4297 3998
3 3193 3192 3998
3 3999 3998 4297
3 4298 4299 4300
3 4300 4299 4301
3 4302 4303 4304
3 4305 4114 4111
3 4306 4301 4304
3 4304 4307 4302
3 4299 4308 4304
3 4301 4299 4304
3 4309 4299 4310
3 4299 4309 4308
3 4110 4111 4106
3 4310 4299 4298
3 4311 4303 4111
3 4110 4311 4111
3 4311 4306 4304
3 4304 4303 4311
3 4111 4303 4302
3 4305 4111 4302
3 4312 4313 4314
3 4315 4312 4314
3 4316 4313 4317
3 4317 4313 4312
3 4317 4318 4319
3 4319 4316 4317
3 4318 444 4320
3 4320 4319 4318
3 4304 4308 4307
3 4310 4314 4309
3 4321 4113 4114
3 4321 1529 4113
3 4114 4305 4322
3 4114 4322 4321
3 4315 4314 4310
3 4315 4310 4298
3 4323 4324 4325
3 4325 4324 4326
3 444 441 4327
3 4327 4320 444
3 441 446 4328
3 441 4328 4327
3 4323 4328 4324
3 446 4324 4328
3 4326 4324 448
3 448 4324 446
3 1012 2569 1011
3 1012 4329 4330
3 1012 4330 2569
3 4329 4331 4332
3 4332 4330 4329
3 4333 4334 4335
3 4335 4334 4336
3 2578 4334 4333
3 2579 2574 4334
3 4337 4333 4335
3 2579 4334 2578
3 4338 4339 4337
3 4339 4333 4337
3 2570 2569 4330
3 4340 4332 4331
3 2570 4330 2573
3 2573 4330 4332
3 4340 2574 2573
3 4340 2573 4332
3 4336 4334 2574
3 4340 4336 2574
3 4341 98 2577
3 4342 4341 2577
3 4343 1943 98
3 4341 4343 98
3 1941 1943 4343
3 101 98 1943
3 4344 1941 4345
3 4343 4345 1941
3 2576 4333 4339
3 4346 4339 4338
3 2575 4339 4346
3 2578 4333 2576
3 4342 4346 4338
3 2576 4339 2575
3 2577 2575 4346
3 4342 2577 4346
3 4347 1942 4344
3 1942 1941 4344
3 4348 1944 4347
3 1944 1942 4347
3 1945 1944 4348
3 3249 3247 4349
3 4349 4350 3249
3 4351 4349 3245
3 3245 4349 3247
3 3245 3256 4352
3 4352 4351 3245
3 4353 4352 3254
3 3254 4352 3256
3 1043 3242 4354
3 4354 4355 1043
3 4350 4354 3249
3 3249 4354 3242
3 3265 4356 4357
3 3269 3265 4357
3 3266 4356 3265
3 4356 4358 4357
3 3266 4359 4356
3 4360 4358 4356
3 3266 3274 4359
3 4359 4360 4356
3 3254 3253 4361
3 4361 4353 3254
3 4362 4361 3258
3 3258 4361 3253
3 3258 3257 4363
3 4363 4362 3258
3 4357 4363 3269
3 3269 4363 3257
3 3278 4364 3281
3 4364 4365 4366
3 3278 4367 4364
3 4368 4365 4364
3 4367 4369 4368
3 4367 4368 4364
3 4370 4369 4367
3 3278 3277 4367
3 3274 4371 4372
3 3274 4372 4359
3 4366 4372 4371
3 3274 3271 4371
3 3273 4366 4371
3 3273 4371 3271
3 3281 4364 4366
3 3273 3281 4366
3 3287 3285 4367
3 3287 4367 3277
3 3285 2690 4370
3 3285 4370 4367
3 2683 2691 3285
3 3285 2691 2690
3 235 3649 236
3 4037 3650 3649
3 235 4032 4037
3 235 4037 3649
3 235 240 4373
3 235 4373 4032
3 4374 4373 241
3 241 4373 240
3 248 4375 4036
3 247 248 4036
3 4045 4036 4375
3 253 4375 248
3 253 4376 4045
3 253 4045 4375
3 253 257 4376
3 4376 4041 4045
3 4033 4373 4374
3 4031 4032 4373
3 243 4374 241
3 4031 4373 4033
3 4034 4033 4374
3 243 4034 4374
3 247 4036 4034
3 243 247 4034
3 264 4377 4378
3 260 264 4378
3 4379 4377 265
3 265 4377 264
3 4380 4053 4377
3 4043 4042 4378
3 4053 4043 4378
3 4053 4378 4377
3 257 258 4381
3 4381 4376 257
3 4378 4376 4381
3 4039 4041 4376
3 4378 4042 4039
3 4378 4039 4376
3 260 4378 4381
3 260 4381 258
3 4049 4379 4052
3 4052 4379 4382
3 270 4051 4052
3 270 4052 4382
3 274 4383 4051
3 270 274 4051
3 275 4383 274
3 4055 4051 4383
3 4050 4377 4379
3 4050 4379 4049
3 4054 4053 4380
3 4050 4380 4377
3 269 4379 265
3 4380 4050 4054
3 270 4382 269
3 4382 4379 269
3 279 4384 4058
3 279 4058 4385
3 284 177 4384
3 279 284 4384
3 285 178 177
3 284 285 177
3 285 290 180
3 180 178 285
3 277 4386 275
3 4386 4383 275
3 4056 4383 4386
3 4385 4386 277
3 4058 4386 4385
3 4055 4383 4056
3 279 4385 277
3 4056 4386 4058
3 182 180 291
3 291 180 290
3 183 182 291
3 3183 4387 3176
3 4388 4389 4390
3 3182 4388 4390
3 3182 4391 4388
3 4390 4387 3183
3 3183 3182 4390
3 3176 4387 3178
3 4392 4393 4394
3 4393 4395 4394
3 4393 4396 4395
3 4397 4392 4394
3 4398 4397 4394
3 4398 4399 4397
3 4400 4392 4397
3 4398 4394 4401
3 4395 4396 4391
3 4396 4402 4391
3 3188 4391 3182
3 4402 4389 4388
3 3188 4401 4395
3 4401 4394 4395
3 4402 4388 4391
3 3188 4395 4391
3 4403 4404 4405
3 4404 4406 4405
3 4404 4407 4406
3 4408 4403 4405
3 4409 4410 4408
3 4409 4411 4410
3 4409 4405 4412
3 4409 4408 4405
3 4406 4407 4413
3 4407 4400 4413
3 4399 4413 4397
3 4414 4413 4399
3 4414 4412 4406
3 4412 4405 4406
3 4400 4397 4413
3 4414 4406 4413
3 4415 2612 4416
3 2612 4417 4416
3 4417 4418 4416
3 4415 4416 4419
3 2609 2611 4420
3 4415 2611 2612
3 4415 4420 2611
3 4421 4408 4410
3 4422 4408 4421
3 4423 4410 4411
3 4422 4403 4408
3 4418 4421 4410
3 4423 4419 4416
3 4423 4416 4410
3 4416 4418 4410
3 4424 4425 4426
3 4426 4427 4424
3 4428 4429 4430
3 4429 4431 4430
3 4432 4433 4430
3 4434 4428 4430
3 4435 4431 4429
3 4436 4437 4429
3 4431 4432 4430
3 4436 4429 4428
3 4438 4427 4426
3 4439 4440 4426
3 4439 4425 4146
3 4426 4425 4439
3 4430 4433 4438
3 4434 4430 4440
3 4440 4430 4426
3 4430 4438 4426
3 4441 4442 4443
3 4444 4443 4442
3 4445 4443 4446
3 4445 4441 4443
3 4447 4448 4449
3 4450 4442 4448
3 4449 4442 4441
3 4448 4442 4449
3 4437 4451 4452
3 4453 4451 4437
3 4437 4452 4429
3 4452 4435 4429
3 4446 4454 4451
3 4453 4445 4446
3 4454 4452 4451
3 4453 4446 4451
3 4455 4456 4457
3 4458 4456 4455
3 4457 4459 4460
3 4456 4459 4457
3 4461 4462 4459
3 4463 4462 4461
3 1838 4458 4455
3 1837 4458 1838
3 4447 4464 4450
3 4447 4465 4464
3 4444 4442 4450
3 4447 4450 4448
3 4459 4462 4465
3 4465 4460 4459
3 4465 4462 4464
3 4463 4464 4462
3 4466 4456 4458
3 4467 4456 4466
3 4467 4459 4456
3 4461 4459 4467
3 1836 4458 1837
3 4466 4458 1836
3 3716 3708 4468
3 3174 3716 4468
3 3816 4469 3714
3 3817 4469 3816
3 3814 3816 3713
3 3816 3714 3713
3 3723 4469 4470
3 3715 4469 3723
3 4470 4469 3817
3 3715 3714 4469
3 3813 3712 3717
3 3813 4471 3712
3 3174 3813 3716
3 3813 3717 3716
3 3814 4471 3812
3 3814 3713 4471
3 3813 3812 4471
3 3713 3712 4471
3 3821 3721 3720
3 3821 3823 3721
3 3720 3718 4472
3 3818 3821 3720
3 3722 3721 4473
3 3831 3722 4473
3 3823 4473 3721
3 3831 4473 3823
3 3824 3819 3723
3 3819 4472 3723
3 3824 4470 3817
3 3824 3723 4470
3 3718 3725 4472
3 3818 3720 4472
3 4472 3725 3723
3 3818 4472 3819
3 3827 3829 4474
3 3829 4475 4474
3 3728 4476 4474
3 3827 4474 4477
3 4478 4475 4479
3 3830 4478 4479
3 3829 4479 4475
3 3830 4479 3829
3 3833 4476 3727
3 3728 3727 4476
3 3831 3727 3722
3 3831 3833 3727
3 3827 4477 3826
3 4474 4476 4477
3 3826 4476 3833
3 4477 4476 3826
3 3838 585 584
3 587 585 3838
3 3834 3838 4480
3 3838 584 4480
3 3838 3839 587
3 588 587 3839
3 3841 4481 4482
3 3835 4481 3841
3 3830 3841 4478
3 3841 4482 4478
3 3834 4480 4481
3 4480 4483 4481
3 4483 4482 4481
3 3835 3834 4481
3 3301 3296 4484
3 4485 4486 4487
3 4485 4487 4484
3 4487 3301 4484
3 4488 3308 4487
3 4488 4489 3308
3 4488 4487 4486
3 3308 3301 4487
3 4490 4491 4492
3 4491 3297 4492
3 4490 4492 4493
3 3297 4494 4492
3 4485 4484 4491
3 3296 3295 4484
3 4491 4484 3297
3 4484 3295 3297
3 2857 2856 4495
3 2856 3314 4495
3 2857 4495 2850
3 3316 3302 4495
3 2864 4496 2856
3 3311 3314 4496
3 3314 3316 4495
3 2856 4496 3314
3 2851 4497 4489
3 3304 3307 4497
3 4489 3307 3308
3 4489 4497 3307
3 2850 4495 3304
3 4495 3302 3304
3 2851 2850 4497
3 2850 3304 4497
3 2871 4498 2862
3 3318 3317 4498
3 3317 3323 4499
3 2860 2862 4498
3 2871 4500 3330
3 2871 2870 4500
3 2871 3330 4498
3 3330 3318 4498
3 2861 4499 3311
3 4499 3309 3311
3 2864 2861 4496
3 2861 3311 4496
3 2860 4498 4499
3 4498 3317 4499
3 2860 4499 2861
3 3323 3309 4499
3 4501 3337 4502
3 4501 3335 3337
3 2883 2880 4502
3 2880 4501 4502
3 2881 1947 4501
3 1947 1952 4501
3 2881 4501 2880
3 3332 3335 4501
3 2877 2876 4500
3 2876 3326 4500
3 2877 4500 2870
3 3326 3330 4500
3 2883 4502 2876
3 3337 3324 4502
3 2876 4502 3326
3 4502 3324 3326
3 1952 3332 4501
3 2881 1948 1947
3 4157 2736 2735
3 4163 2736 4157
3 4163 2739 2736
3 4156 2739 4163
3 2737 4503 4158
3 4503 4504 4158
3 2737 4158 2735
3 4158 4157 2735
3 4156 2731 2739
3 4505 4506 4173
3 4506 4168 4173
3 4505 4172 4507
3 4505 4173 4172
3 4508 4509 4510
3 4510 4511 4508
3 4506 4510 4168
3 4510 4509 4168
3 4162 4161 4512
3 4507 4512 4504
3 4504 4161 4158
3 4504 4512 4161
3 4172 4512 4507
3 4162 4512 4172
3 4504 4513 4507
3 4505 4507 4513
3 4174 4183 4514
3 4175 4514 4515
3 4516 4514 4517
3 4515 4514 4516
3 4518 4515 4519
3 4520 4518 4519
3 4174 4514 4175
3 4519 4515 4516
3 4169 4509 4182
3 4521 4508 4511
3 4169 4168 4509
3 4182 4509 4508
3 4517 4183 4182
3 4517 4514 4183
3 4521 4182 4508
3 4521 4517 4182
3 4522 4523 4524
3 4524 4525 4522
3 4524 4526 4527
3 4523 4526 4524
3 4185 4526 4523
3 4184 4526 4185
3 4528 4522 4525
3 4184 4180 4526
3 4520 4176 4518
3 4520 4529 4176
3 4176 4515 4518
3 4175 4515 4176
3 4529 4526 4180
3 4529 4527 4526
3 4529 4181 4176
3 4529 4180 4181
3 4528 4188 4522
3 4528 2375 4188
3 4188 4523 4522
3 4185 4523 4188
3 4528 2376 2375
3 4530 1019 1013
3 1052 4530 1050
3 1045 1050 1013
3 1050 4530 1013
3 1056 4531 4530
3 4531 1023 4530
3 1023 1019 4530
3 1052 1056 4530
3 1013 1016 1046
3 1046 1045 1013
3 1066 4532 4533
3 4532 1033 4533
3 1033 1029 4533
3 1064 1066 4533
3 1067 4532 1066
3 1067 1039 4532
3 4532 1035 1033
3 1036 1035 4532
3 1026 1025 4531
3 1059 1060 4531
3 4531 1025 1023
3 1059 4531 1056
3 4533 1029 1026
3 1064 4533 1060
3 1060 1026 4531
3 1060 4533 1026
3 3243 1044 4534
3 1079 1080 4534
3 1074 1076 4534
3 1079 4534 1076
3 3248 3243 4534
3 1084 4535 1080
3 1080 4535 4534
3 4535 3248 4534
3 1067 1070 4536
3 1074 4536 1070
3 1039 1036 4532
3 1067 4536 1039
3 4534 1041 4536
3 4534 1044 1041
3 1041 1039 4536
3 1074 4534 4536
3 3636 3244 4535
3 3636 3250 3244
3 3244 3248 4535
3 1084 3636 4535
3 1084 1086 3636
3 1087 3636 1086
3 4537 4538 4539
3 4540 4538 4537
3 4541 4542 4543
3 4544 4540 4537
3 4545 4546 4547
3 4548 4546 4545
3 4548 4549 4546
3 4550 4551 4552
3 4553 4554 4551
3 4551 4547 4555
3 4555 4552 4551
3 4556 4557 4558
3 4559 4560 4558
3 4556 4553 4561
3 4556 4558 4553
3 4562 4563 4558
3 4563 4559 4558
3 4557 4564 4558
3 4564 4562 4558
3 4550 4553 4551
3 4550 4565 4553
3 4554 4545 4551
3 4545 4547 4551
3 4554 4553 4558
3 4558 4560 4554
3 4565 4561 4553
3 4566 4561 4565
3 4567 2768 4568
3 4567 2816 2768
3 4568 4569 4570
3 4567 4568 4570
3 4571 4563 4562
3 4572 4573 4562
3 4556 4561 4566
3 4572 4562 4564
3 4569 4571 4562
3 4567 4570 4573
3 4573 4570 4562
3 4570 4569 4562
3 4574 4575 4576
3 4576 4577 4574
3 4576 51 47
3 4576 4575 51
3 53 4575 54
3 4578 4574 4577
3 53 51 4575
3 54 4575 4574
3 44 37 4579
3 2680 4580 47
3 4580 4576 47
3 2680 47 4579
3 47 44 4579
3 4581 4582 4583
3 4583 4584 4581
3 4583 62 60
3 4583 4582 62
3 66 4582 67
3 4585 4581 4584
3 66 62 4582
3 67 4582 4581
3 58 4574 4586
3 54 4574 58
3 4586 4574 4578
3 4587 4586 4578
3 4588 60 58
3 4588 4583 60
3 4587 58 4586
3 4587 4588 58
3 4589 4590 74
3 4590 77 74
3 4591 4592 74
3 4592 4589 74
3 4593 4594 4590
3 4594 80 4590
3 4593 4590 4589
3 80 77 4590
3 4595 71 67
3 4595 4596 71
3 4585 67 4581
3 4585 4595 67
3 4591 74 4596
3 74 73 4596
3 4591 4596 4595
3 73 71 4596
3 4597 4598 4599
3 1809 1807 4598
3 4600 4598 1807
3 4600 4599 4598
3 4601 4602 1809
3 4602 1811 1809
3 4597 4601 4598
3 4601 1809 4598
3 84 81 4603
3 4604 4603 4594
3 4594 4603 80
3 4603 81 80
3 4604 4600 1805
3 4600 1807 1805
3 4604 1805 4603
3 1805 84 4603
3 4605 4606 4602
3 4606 1810 4602
3 4605 4602 4601
3 1810 1811 4602
3 1815 1812 3108
3 723 3108 4606
3 4606 3108 1810
3 3108 1812 1810
3 1893 1900 4577
3 1899 4577 1900
3 1893 4576 2682
3 1893 4577 4576
3 1899 4607 4587
3 1899 1902 4607
3 4578 4577 1899
3 1899 4587 4578
3 4576 2681 2682
3 4580 2681 4576
3 4580 2680 2681
3 1905 4608 4585
3 1905 1910 4608
3 1905 4584 4583
3 1905 4585 4584
3 1915 4595 4608
3 1915 1918 4595
3 1915 4608 1910
3 4595 4585 4608
3 1902 1901 4609
3 1906 4609 1901
3 4588 4587 4607
3 4609 4607 1902
3 1906 4583 4609
3 1906 1905 4583
3 4583 4607 4609
3 4588 4607 4583
3 1925 4610 1920
3 4594 4593 4610
3 1920 4610 4589
3 4610 4593 4589
3 1928 4611 4594
3 4611 4604 4594
3 1925 4594 4610
3 1925 1928 4594
3 4592 4591 4612
3 1922 4612 1918
3 1918 4591 4595
3 1918 4612 4591
3 1922 1921 4589
3 1921 1920 4589
3 1922 4589 4612
3 4589 4592 4612
3 1940 4613 4601
3 4613 4605 4601
3 1934 1936 4601
3 1936 1940 4601
3 3213 4606 4613
3 3213 3211 4606
3 4606 4605 4613
3 3213 4613 1940
3 1931 1930 4611
3 1930 4600 4611
3 1931 4611 1928
3 4600 4604 4611
3 4597 4599 1934
3 4601 4597 1934
3 1930 4599 4600
3 1934 4599 1930
3 726 724 3211
3 3211 724 4606
3 724 723 4606
3 3728 4614 3206
3 3728 4474 4614
3 3728 3206 1938
3 4482 4483 3217
3 4483 3214 3217
3 4482 3217 4615
3 3217 3209 4615
3 584 4616 4480
3 3216 3214 4616
3 4483 4616 3214
3 4483 4480 4616
3 4475 3207 4614
3 4475 4478 3207
3 4475 4614 4474
3 3207 3206 4614
3 3209 3208 4615
3 4482 4615 4478
3 4478 3208 3207
3 4478 4615 3208
3 593 3224 4617
3 593 592 3224
3 593 4617 591
3 3224 3225 4617
3 3229 3222 4618
3 597 4618 592
3 592 3222 3224
3 592 4618 3222
3 584 583 3221
3 586 3221 583
3 584 3221 4616
3 3221 3216 4616
3 586 591 3225
3 591 4617 3225
3 3220 3221 586
3 586 3225 3220
3 3232 4619 4620
3 3234 4619 3232
3 602 605 4620
3 604 4620 605
3 609 3233 3232
3 609 612 3233
3 604 3232 4620
3 604 609 3232
3 3228 3229 4618
3 600 602 3228
3 597 600 4618
3 600 3228 4618
3 3234 3226 4619
3 4620 4619 602
3 602 3226 3228
3 602 4619 3226
3 3236 4621 3241
3 3239 4622 4623
3 3236 3235 4621
3 3241 4621 4622
3 3239 4623 3240
3 3241 4622 3239
3 3240 4623 4624
3 4622 4621 612
3 612 614 4622
3 612 4621 3233
3 4621 3235 3233
3 4624 4623 618
3 618 619 4624
3 4623 4622 614
3 614 618 4623
3 4625 4626 4627
3 4626 918 4627
3 504 503 4627
3 4625 4627 4628
3 916 918 4626
3 918 504 4627
3 918 506 504
3 4629 4630 4631
3 927 923 4630
3 4632 4630 923
3 4632 4631 4630
3 4633 926 4630
3 926 927 4630
3 4629 4634 4630
3 4634 4633 4630
3 4632 923 4635
3 923 917 4635
3 917 916 4635
3 4632 4635 2100
3 936 937 4636
3 4637 4638 4639
3 4637 4639 4636
3 4639 936 4636
3 4640 4641 4639
3 4641 942 4639
3 942 936 4639
3 4640 4639 4638
3 4642 933 4633
3 933 932 4633
3 4642 4633 4634
3 932 926 4633
3 4637 4636 4643
3 937 933 4636
3 4642 4643 933
3 4643 4636 933
3 4644 4645 948
3 4645 953 948
3 4646 4644 4647
3 4644 948 4647
3 4648 954 4645
3 4648 4649 954
3 4648 4645 4644
3 954 953 4645
3 4641 4650 944
3 4650 946 944
3 4641 943 942
3 944 943 4641
3 4646 4647 4651
3 948 946 4647
3 4650 4647 946
3 4650 4651 4647
3 4652 4653 4654
3 4653 4655 4654
3 4652 4654 4656
3 964 963 4654
3 4657 4655 4653
3 3129 966 4655
3 4655 964 4654
3 4655 966 964
3 962 956 4658
3 4659 4658 4649
3 4649 4658 954
3 4658 956 954
3 4659 4654 963
3 4659 4656 4654
3 4659 962 4658
3 4659 963 962
3 4660 3606 3130
3 4660 3608 3606
3 4661 4662 3129
3 4662 3136 3129
3 4657 3129 4655
3 4657 4661 3129
3 4660 3132 4662
3 4660 3130 3132
3 4660 4662 4661
3 3132 3136 4662
3 4504 4057 4059
3 4503 4057 4504
3 177 4663 4384
3 4503 2737 4057
3 177 4513 4663
3 177 176 4513
3 4513 4059 4663
3 4504 4059 4513
3 4663 4059 4058
3 4058 4384 4663
3 4510 4664 4511
3 184 4665 181
3 4506 4666 4510
3 4511 4664 4665
3 184 188 4521
3 188 4667 4521
3 184 4511 4665
3 184 4521 4511
3 4506 4505 4666
3 4664 4666 176
3 176 4505 4513
3 176 4666 4505
3 4665 4664 181
3 4510 4666 4664
3 176 179 4664
3 181 4664 179
3 196 4668 4520
3 196 197 4668
3 196 4519 4516
3 196 4520 4519
3 4669 4668 199
3 202 4669 199
3 4529 4520 4668
3 199 4668 197
3 191 4670 189
3 4517 4521 4667
3 189 4667 188
3 4670 4667 189
3 191 4516 4670
3 191 196 4516
3 4516 4667 4670
3 4517 4667 4516
3 2376 4528 3729
3 209 210 4528
3 210 3729 4528
3 202 4527 4669
3 202 4524 4527
3 4527 4668 4669
3 4529 4668 4527
3 204 209 4525
3 209 4528 4525
3 202 204 4524
3 4525 4524 204
3 4068 3736 4067
3 4068 4062 3737
3 4062 4061 3737
3 3735 3736 4068
3 3737 3735 4068
3 298 3741 2110
3 4066 2110 3741
3 4066 2111 2110
3 4065 4671 4061
3 3742 3739 4671
3 4061 3739 3737
3 4061 4671 3739
3 4065 4066 3743
3 4066 3741 3743
3 4065 3743 4671
3 3743 3742 4671
3 365 4672 4673
3 365 4674 4672
3 364 365 4675
3 365 4673 4675
3 375 4676 4677
3 375 378 4676
3 375 4677 374
3 4676 4678 4677
3 378 4679 4680
3 378 380 4679
3 378 4681 4676
3 378 4680 4681
3 368 4682 4674
3 4682 4683 4674
3 368 4674 365
3 4683 4672 4674
3 370 374 4678
3 374 4677 4678
3 368 370 4682
3 370 4678 4682
3 388 391 4684
3 391 4685 4684
3 388 4684 4686
3 4684 4687 4686
3 4688 4685 4689
3 395 4689 393
3 391 4689 4685
3 391 393 4689
3 382 385 4679
3 385 4690 4679
3 382 4679 380
3 4690 4680 4679
3 388 4686 385
3 4687 4691 4686
3 385 4686 4690
3 4686 4691 4690
3 404 4692 4693
3 4692 4694 4693
3 404 4693 403
3 4694 4695 4693
3 407 4696 4697
3 407 4698 4696
3 404 407 4692
3 407 4697 4692
3 395 399 4699
3 400 4699 399
3 395 4699 4689
3 4699 4688 4689
3 400 4693 4695
3 400 403 4693
3 4700 4699 400
3 400 4695 4700
3 3744 3750 4701
3 4702 4703 4696
3 4703 4704 4696
3 4702 4696 4698
3 4704 4697 4696
3 4701 3750 4703
3 3750 3433 4703
3 4702 4705 4703
3 4705 4701 4703
3 2893 4706 3766
3 2893 2897 4706
3 1656 2893 3770
3 2893 3766 3770
3 2896 2260 4706
3 2260 2259 4706
3 2896 4706 2897
3 2259 3766 4706
3 3770 3768 1656
3 4707 4708 2909
3 2913 4707 2909
3 2267 2266 4708
3 2909 4708 2911
3 2267 4708 2268
3 2272 4707 4709
3 4709 4707 2913
3 2268 4708 4707
3 2902 2903 2264
3 2904 2264 2903
3 2896 2902 2260
3 2264 2260 2902
3 2904 2911 2266
3 2911 4708 2266
3 2265 2264 2904
3 2904 2266 2265
3 2918 2928 2275
3 2276 2275 2928
3 2919 2918 2270
3 2275 2270 2918
3 2923 2274 2276
3 2923 4710 2274
3 2928 2924 2276
3 2924 2923 2276
3 4711 4709 2922
3 2919 4711 2922
3 2268 4707 2272
3 2922 4709 2913
3 2919 2269 4711
3 2919 2270 2269
3 2269 4709 4711
3 2272 4709 2269
3 2933 2940 2282
3 2940 4712 2282
3 2934 2933 2278
3 2933 2282 2278
3 4713 4712 2939
3 2938 4713 2939
3 2283 2282 4712
3 2939 4712 2940
3 2281 2274 4710
3 2279 4710 4714
3 4714 4710 2923
3 2923 2926 4714
3 2934 2279 4714
3 2934 2278 2279
3 2281 4710 2279
3 2934 4714 2926
3 2938 2284 4713
3 2938 2946 2284
3 2284 4712 4713
3 2283 4712 2284
3 2946 4715 0
3 2946 2945 4715
3 2946 2286 2284
3 2946 0 2286
3 4716 4717 2182
3 2182 2183 4716
3 4718 4719 4717
3 4720 4719 4718
3 4718 4717 4721
3 2189 4722 4716
3 2189 4716 2183
3 4721 4717 4716
3 2175 4723 673
3 2175 2181 4723
3 2175 668 671
3 2175 673 668
3 2181 2182 4717
3 4720 4723 4719
3 2181 4719 4723
3 4717 4719 2181
3 4724 4725 4726
3 4727 4728 4729
3 4724 4722 4725
3 4726 4725 4728
3 4730 4727 4729
3 2199 4731 4730
3 4726 4728 4727
3 2199 4730 4729
3 2189 2188 4725
3 4728 4725 2188
3 4722 4721 4716
3 2189 4725 4722
3 2193 2194 4729
3 2199 4729 2194
3 2188 2193 4728
3 4729 4728 2193
3 2205 2208 4732
3 2209 4732 2208
3 4732 2427 4733
3 2427 2430 4733
3 2426 2427 4732
3 4734 2426 4735
3 4735 4732 2209
3 2215 4735 2209
3 2207 2204 4733
3 4736 4730 4731
3 2199 2207 4731
3 4733 4731 2207
3 2205 4733 2204
3 2205 4732 4733
3 2430 4731 4733
3 4736 4731 2430
3 2435 2431 4737
3 2213 2218 2435
3 2434 4734 2431
3 2213 2435 4737
3 2216 2459 2438
3 2219 2459 2216
3 2218 2438 2435
3 2218 2216 2438
3 2434 2424 4734
3 2215 4734 4735
3 2426 4732 4735
3 4734 2424 2426
3 2213 4737 2212
3 2431 4734 4737
3 2215 4737 4734
3 2215 2212 4737
3 2460 2459 2219
3 1424 2460 2219
3 4117 4116 4738
3 4116 4739 4738
3 4738 4740 4741
3 4117 4738 4741
3 4742 4743 4739
3 4119 4742 4739
3 4739 4743 4738
3 4119 4739 4116
3 4122 4249 4123
3 4122 4247 4249
3 4118 4741 4740
3 4117 4741 4118
3 4122 4118 4247
3 4118 4740 4247
3 4744 4745 4746
3 4747 4745 4744
3 4127 4126 4746
3 4126 4744 4746
3 4128 4130 4747
3 4130 4748 4747
3 4128 4744 4126
3 4128 4747 4744
3 4749 4750 4121
3 4121 4131 4749
3 4119 4750 4742
3 4119 4121 4750
3 4127 4751 4132
3 4746 4751 4127
3 4132 4749 4131
3 4751 4749 4132
3 4133 4752 4753
3 4754 4753 4752
3 4133 4755 4756
3 4133 4753 4755
3 4137 4757 4754
3 4757 4758 4754
3 4137 4752 4133
3 4137 4754 4752
3 4759 4748 4756
3 4756 4760 4759
3 4748 4759 4747
3 4140 4748 4130
3 4755 4760 4756
3 4134 4133 4756
3 4756 4748 4140
3 4140 4134 4756
3 4425 4761 4762
3 4425 4424 4761
3 4142 4762 4143
3 4142 4425 4762
3 4142 4144 4425
3 4146 4425 4144
3 4763 4758 4757
3 4148 4143 4757
3 4137 4138 4757
3 4148 4757 4138
3 4143 4762 4764
3 4761 4764 4762
3 4143 4763 4757
3 4143 4764 4763
3 1804 2491 1802
3 2500 2491 1804
3 2491 2488 1775
3 1775 1802 2491
3 3062 2496 3063
3 2494 2496 3062
3 2496 2500 1804
3 1804 3063 2496
3 1772 1704 1703
3 2490 1704 1772
3 1791 4765 1792
3 1797 4765 1791
3 2488 2490 1772
3 1772 1775 2488
3 3070 2516 3065
3 2515 2516 3070
3 3065 2506 3064
3 2516 2506 3065
3 1792 4765 2514
3 1797 2514 4765
3 3070 1792 2515
3 1792 2514 2515
3 3061 2508 3060
3 2509 2508 3061
3 3060 2494 3062
3 2508 2494 3060
3 3064 2504 3066
3 2506 2504 3064
3 3066 2509 3061
3 2504 2509 3066
3 3072 3071 4766
3 2530 2529 4766
3 3072 2529 2533
3 3072 4766 2529
3 3068 2522 3069
3 2528 2522 3068
3 1797 3069 2514
3 3069 2522 2514
3 3072 2527 3067
3 2533 2527 3072
3 2527 2528 3068
3 3068 3067 2527
3 1733 1734 4767
3 2658 2657 4768
3 2658 4768 4767
3 4768 1733 4767
3 2664 1735 4768
3 2664 1740 1735
3 2664 4768 2657
3 1735 1733 4768
3 2653 1730 4769
3 2653 2661 1730
3 2653 4769 2654
3 1730 1721 4769
3 2658 4767 2661
3 1734 1727 4767
3 2661 4767 1730
3 4767 1727 1730
3 2666 2672 4770
3 2672 1745 4770
3 2666 4770 2667
3 1745 1743 4770
3 2672 2671 1754
3 2671 1753 1754
3 2672 1748 1745
3 1754 1748 2672
3 2665 4771 2663
3 1744 1740 4771
3 2664 4771 1740
3 2664 2663 4771
3 2667 1743 1744
3 2667 4770 1743
3 2665 1744 4771
3 2665 2667 1744
3 1760 1758 4772
3 39 4772 4773
3 4773 4772 2673
3 2673 2676 4773
3 2679 39 4773
3 2679 37 39
3 1760 4772 39
3 2679 4773 2676
3 2675 4774 2669
3 1755 1753 4774
3 2671 4774 1753
3 2671 2669 4774
3 2673 1758 1755
3 2673 4772 1758
3 2675 1755 4774
3 2675 2673 1755
3 2680 4579 2677
3 2679 2677 37
3 2677 4579 37
3 2097 4775 2098
3 4635 916 4626
3 2101 2100 4635
3 2094 4776 4628
3 4776 4625 4628
3 2097 2094 4775
3 2094 4628 4775
3 2101 4626 4776
3 2101 4635 4626
3 2101 4776 2094
3 4626 4625 4776
3 2340 2339 4777
3 2690 2689 2343
3 2689 4778 2343
3 2690 2340 4777
3 2690 2343 2340
3 2348 4779 4780
3 2347 4779 2348
3 4780 4779 2693
3 2692 4780 2693
3 2701 2350 2348
3 2701 4781 2350
3 2692 2348 4780
3 2692 2701 2348
3 2686 2344 4778
3 2686 2346 2344
3 2686 4778 2689
3 2344 2343 4778
3 2347 2346 4779
3 2693 4779 2688
3 2686 2688 2346
3 2688 4779 2346
3 4782 4783 2707
3 2706 4782 2707
3 2357 2354 4783
3 2707 4783 2708
3 2706 2356 4782
3 2706 2715 2356
3 2356 4783 4782
3 2357 4783 2356
3 2700 2352 4781
3 2352 2351 4781
3 2351 2350 4781
3 2700 4781 2701
3 2708 2354 2352
3 2708 4783 2354
3 2700 2702 2352
3 2702 2708 2352
3 2721 2365 4784
3 2365 2364 4784
3 2364 2367 4784
3 2721 4784 2722
3 2724 2732 2370
3 2369 2370 2732
3 2721 2724 2365
3 2370 2365 2724
3 2361 2359 2714
3 2362 2361 2714
3 2715 2359 2356
3 2714 2359 2715
3 2722 4784 2362
3 4784 2367 2362
3 2714 2716 2362
3 2716 2722 2362
3 2727 4155 117
3 2727 2726 4155
3 2732 2727 2369
3 2727 117 2369
3 2731 4155 2726
3 4678 3939 4785
3 4678 4676 3939
3 4678 4785 4682
3 3939 3937 4785
3 4681 4786 4676
3 4787 4786 4681
3 4676 3952 3939
3 4676 4786 3952
3 4672 4683 4788
3 4683 3932 4788
3 4672 4788 4673
3 4683 4785 3937
3 4683 4682 4785
3 4683 3936 3932
3 4683 3937 3936
3 4691 3964 4789
3 3964 3948 4789
3 4691 4789 4690
3 3948 3946 4789
3 4687 4790 3966
3 4687 4684 4790
3 4691 4687 3964
3 4687 3966 3964
3 3940 4786 3941
3 4680 4787 4681
3 3940 3952 4786
3 3941 4786 4787
3 4690 3946 3941
3 4690 4789 3946
3 4680 3941 4787
3 4680 4690 3941
3 4695 4791 4700
3 3961 3958 4792
3 4791 4792 4699
3 4699 4700 4791
3 4695 3977 4791
3 4695 4694 3977
3 3977 4792 4791
3 3961 4792 3977
3 4685 3957 4790
3 3957 3953 4790
3 4685 4790 4684
3 3953 3966 4790
3 4688 4699 3958
3 4699 4792 3958
3 4685 4688 3957
3 4688 3958 3957
3 3975 3971 4703
3 3433 3975 4703
3 4697 4704 3971
3 4703 3971 4704
3 3432 3975 3433
3 4694 4793 3967
3 4694 4692 4793
3 4694 3980 3977
3 4694 3967 3980
3 4697 3971 4793
3 3971 3968 4793
3 3968 3967 4793
3 4697 4793 4692
3 4223 4230 4794
3 4795 4796 4797
3 4219 4796 4794
3 4794 4230 4219
3 4795 4798 4799
3 4800 4799 4798
3 4795 4799 4796
3 4799 4794 4796
3 4801 4802 4803
3 4803 4804 4801
3 4796 4219 4803
3 4219 4221 4803
3 4802 4797 4803
3 4797 4796 4803
3 2769 4805 2760
3 4806 4805 2769
3 4806 4229 4228
3 4238 4229 4806
3 2765 4235 4238
3 2765 4807 4235
3 2769 2765 4806
3 2765 4238 4806
3 4800 4808 4799
3 4808 4805 4799
3 4224 4794 4799
3 4223 4794 4224
3 2760 4805 4808
3 4228 4805 4806
3 4805 4224 4799
3 4805 4228 4224
3 2780 4809 2774
3 4245 4809 4810
3 2774 4809 4237
3 4809 4245 4237
3 4810 4809 2780
3 2780 2779 4810
3 4810 4239 4245
3 4241 4239 4810
3 4811 4236 4235
3 2775 4807 2767
3 2767 4807 2765
3 4235 4807 4811
3 2775 2774 4811
3 2774 4237 4811
3 4811 4807 2775
3 4237 4236 4811
3 4243 4812 4081
3 631 4246 4079
3 4079 4246 4081
3 4246 4243 4081
3 4812 4241 4810
3 4812 4242 4241
3 2779 2781 4810
3 2781 4812 4810
3 2784 4081 2786
3 4243 4242 4812
3 2786 4812 2781
3 4081 4812 2786
3 4302 4813 4305
3 4309 4814 4308
3 4815 4814 4309
3 4816 4813 4302
3 4302 4307 4816
3 1529 4817 1525
3 1529 4818 4817
3 4817 1448 1441
3 1451 1448 4817
3 4321 4322 4819
3 1452 4817 4818
3 1529 4321 4818
3 4819 4818 4321
3 4307 4308 1447
3 4308 4814 1447
3 4309 4314 4815
3 4307 1447 4816
3 4815 1443 1442
3 1441 1525 4817
3 4814 1442 1447
3 1442 4814 4815
3 4816 1447 1464
3 4820 4815 4314
3 4816 1464 1457
3 4819 1459 1460
3 4313 4316 1474
3 4316 1472 1474
3 4314 4313 4820
3 4313 1474 4820
3 4819 1460 1452
3 4322 4305 4819
3 1451 4817 1452
3 1452 4818 4819
3 4813 1457 1459
3 1457 4813 4816
3 4305 4813 4819
3 4813 1459 4819
3 1477 4821 1480
3 4822 4823 4320
3 1477 1476 4821
3 1480 4821 4823
3 3664 4823 4822
3 1480 4823 3664
3 4320 4327 4822
3 4328 4822 4327
3 4820 1474 1471
3 4316 1476 1472
3 1443 4815 4820
3 4820 1471 1443
3 4823 4821 4319
3 4319 4320 4823
3 4316 4319 1476
3 4319 4821 1476
3 4328 4323 3666
3 4325 3666 4323
3 4328 3664 4822
3 4328 3666 3664
3 3667 3666 4325
3 4350 4824 4825
3 4824 2858 4825
3 4350 4825 4354
3 2853 2852 4825
3 4351 4824 4349
3 2863 2858 4824
3 2858 2853 4825
3 4350 4349 4824
3 2848 2847 4020
3 4355 4020 4024
3 4354 4825 2848
3 4825 2852 2848
3 4355 4354 4020
3 4354 2848 4020
3 2869 2865 4826
3 4362 4826 4361
3 4826 2865 4827
3 2865 2867 4827
3 4362 4363 2872
3 4363 4828 2872
3 4362 2869 4826
3 4362 2872 2869
3 2868 2863 4824
3 4352 4827 2868
3 4351 4352 4824
3 4352 2868 4824
3 4353 4361 4827
3 4361 4826 4827
3 4353 4827 4352
3 2867 2868 4827
3 4372 4829 4359
3 2886 2888 4829
3 4829 2888 2878
3 4360 4359 4829
3 4366 4830 2886
3 4830 2884 2886
3 4372 4366 4829
3 4366 2886 4829
3 4357 4358 4828
3 4358 2873 4828
3 4357 4828 4363
3 2873 2872 4828
3 4358 4360 2878
3 4360 4829 2878
3 4358 2882 2873
3 2878 2882 4358
3 4370 2339 2891
3 4370 4777 2339
3 4369 4370 4831
3 4370 2891 4831
3 2690 4777 4370
3 4365 4368 4830
3 4368 2889 4830
3 2890 2884 4830
3 4365 4830 4366
3 4369 4831 4368
3 2891 2889 4831
3 2889 2890 4830
3 4368 4831 2889
3 423 4832 419
3 4832 4833 4834
3 419 4832 4834
3 418 419 4834
3 367 4833 4832
3 366 363 4833
3 425 4835 423
3 4835 4832 423
3 4833 363 362
3 362 4834 4833
3 418 4834 416
3 412 416 4834
3 429 4836 379
3 429 379 376
3 429 376 4837
3 429 4837 427
3 438 4838 435
3 434 435 4838
3 4838 4836 434
3 429 434 4836
3 425 372 4835
3 367 4832 372
3 372 4832 4835
3 366 4833 367
3 376 373 4837
3 427 4837 373
3 425 427 373
3 425 373 372
3 3485 390 387
3 3483 3485 387
3 3483 387 4839
3 387 386 4839
3 4840 4841 3487
3 3487 4841 3485
3 392 390 4841
3 3485 4841 390
3 438 384 4838
3 381 4836 384
3 384 4836 4838
3 381 379 4836
3 3483 4839 3484
3 438 3484 4839
3 438 4839 386
3 438 386 384
3 3502 402 4842
3 402 401 4842
3 3502 4842 3493
3 3494 3493 4842
3 3502 1599 406
3 3502 406 402
3 3496 394 4840
3 392 4841 394
3 394 4841 4840
3 3496 4840 3487
3 3494 4842 401
3 3494 401 397
3 3494 397 394
3 3496 3494 394
3 4843 4844 3916
3 967 4843 3916
3 4845 4844 4843
3 3127 4843 3128
3 967 3128 4843
3 4844 3918 3916
3 4846 4847 4848
3 3141 4848 3133
3 3133 4848 4847
3 4847 4849 4850
3 3138 4851 4852
3 3141 3138 4852
3 3141 4852 4846
3 3141 4846 4848
3 4850 4853 4845
3 4850 4845 4843
3 3135 4850 4843
3 3127 3135 4843
3 3133 4847 4850
3 3134 3133 4850
3 4849 4853 4850
3 3134 4850 3135
3 3156 4854 3148
3 4855 4856 4854
3 3149 3148 4854
3 3149 4854 4856
3 3153 4857 3698
3 3153 3698 4855
3 3153 4855 4854
3 3156 3153 4854
3 3149 4858 3150
3 4858 4851 3150
3 3150 4851 3138
3 4859 4852 4851
3 3149 4856 4860
3 3149 4860 4858
3 4859 4851 4860
3 4860 4851 4858
3 3704 4861 4862
3 3703 3710 4861
3 3158 3169 4862
3 4862 4861 3158
3 3168 3166 3704
3 3168 3704 4862
3 3168 4862 3169
3 3703 4861 3704
3 3702 3700 4857
3 3152 3702 4857
3 3700 3698 4857
3 3152 4857 3153
3 3158 4861 3710
3 3158 3710 3702
3 3161 3158 3702
3 3152 3161 3702
3 3166 3164 4468
3 3166 4468 3708
3 3166 3708 3706
3 3166 3706 3704
3 3174 4468 3164
3 4107 3058 3056
3 4863 4107 3056
3 4863 3056 1888
3 4864 4865 4866
3 4105 4104 4865
3 4866 4865 4104
3 4866 4104 4102
3 4110 4105 4864
3 4867 4110 4864
3 4868 4864 4869
3 4866 4869 4864
3 4870 4108 4871
3 4872 4871 4108
3 4108 4107 4872
3 4863 4872 4107
3 4873 4866 4102
3 4870 4873 4102
3 4102 4109 4870
3 4109 4108 4870
3 4874 4306 4311
3 4311 4867 4874
3 4311 4110 4867
3 4298 4300 4875
3 4875 4876 4877
3 4875 4877 4315
3 4875 4315 4298
3 4874 4301 4306
3 4868 4878 4874
3 4868 4874 4867
3 4868 4867 4864
3 4105 4865 4864
3 4875 4300 4879
3 4879 4300 4301
3 4878 4879 4301
3 4878 4301 4874
3 444 4880 442
3 4317 4881 4318
3 4318 4881 4880
3 4312 4877 4317
3 445 443 4882
3 443 442 4882
3 4882 442 4883
3 4318 4880 444
3 4880 4881 4884
3 4884 4881 4885
3 4881 4877 4885
3 4885 4877 4876
3 4317 4877 4881
3 4312 4315 4877
3 4884 4883 442
3 442 4880 4884
3 4146 4145 4886
3 2982 2981 4886
3 4886 4145 2982
3 4440 4439 4886
3 4886 4439 4146
3 2983 2990 4437
3 2984 2983 4437
3 4437 4436 2984
3 4436 4428 4887
3 2990 2992 4888
3 4888 4889 2990
3 2990 4889 4453
3 2990 4453 4437
3 2980 4887 4434
3 2980 4434 4440
3 2981 2980 4440
3 2981 4440 4886
3 2984 4436 4887
3 2986 2984 4887
3 4428 4434 4887
3 2986 4887 2980
3 3007 4890 3009
3 4465 4447 4890
3 3009 4890 4447
3 3000 3009 4447
3 4460 4890 4891
3 4892 4891 3012
3 3012 4891 3007
3 4891 4890 3007
3 4445 4889 4441
3 4441 4889 4888
3 4445 4453 4889
3 3001 4888 2992
3 3000 4447 4449
3 3001 3000 4449
3 3001 4449 4441
3 3001 4441 4888
3 3019 3021 1838
3 3014 3019 1838
3 3014 1838 4455
3 3014 4455 4893
3 3021 3025 3595
3 3595 3594 3021
3 3021 3594 1835
3 3021 1835 1838
3 3011 4892 3012
3 4460 4891 4457
3 4457 4891 4892
3 4465 4890 4460
3 4457 4892 4455
3 4455 4892 4893
3 3014 4893 3011
3 4893 4892 3011
3 1663 3598 3024
3 3025 3024 3598
3 3598 3595 3025
3 17 15 580
3 29 26 4894
3 1712 4894 1714
3 4894 26 23
3 1714 4894 23
3 1715 4895 30
3 1712 1715 30
3 1712 30 29
3 1712 29 4894
3 4896 20 17
3 1705 4896 17
3 582 1705 17
3 582 17 580
3 1714 23 4896
3 1710 1714 4896
3 1710 4896 1705
3 23 20 4896
3 871 4897 4898
3 869 867 4897
3 4898 4897 1725
3 1725 4897 1726
3 1732 871 4898
3 1729 1732 4898
3 1729 4898 1725
3 869 4897 871
3 1724 34 4895
3 1719 1724 4895
3 1719 4895 1715
3 34 30 4895
3 1726 4897 867
3 1726 867 35
3 1724 1726 35
3 1724 35 34
3 883 880 4899
3 1738 4899 1739
3 1739 4899 880
3 1737 1739 880
3 1741 4900 887
3 1738 1741 887
3 1738 887 883
3 1738 883 4899
3 4901 876 875
3 1731 4901 875
3 1732 1731 875
3 1732 875 871
3 1737 880 878
3 1737 878 4901
3 878 876 4901
3 1737 4901 1731
3 4902 897 892
3 1751 4902 892
3 1751 892 4903
3 1749 1751 4903
3 900 898 4902
3 1757 900 4902
3 898 897 4902
3 1757 4902 1751
3 1750 4903 4900
3 1747 1750 4900
3 891 887 4900
3 1747 4900 1741
3 1749 4903 1750
3 892 890 4903
3 890 891 4900
3 4903 890 4900
3 41 2534 1759
3 1759 2534 900
3 1757 1759 900
3 4904 4905 3204
3 3204 3199 4904
3 4904 3199 4906
3 3199 3197 4907
3 3202 3201 4905
3 4908 4905 4909
3 4904 4909 4905
3 4905 3201 3204
3 4910 4907 3200
3 4906 3199 4907
3 4911 4906 4907
3 3197 3200 4907
3 4911 4907 4910
3 1708 1707 4912
3 4913 4912 4914
3 4914 4912 1707
3 4915 4914 1707
3 4913 4916 4917
3 1713 1708 4912
3 4917 1713 4912
3 4913 4917 4912
3 4908 4918 4919
3 4908 4919 3203
3 3203 3202 4905
3 4908 3203 4905
3 1707 3205 4919
3 4915 1707 4919
3 4915 4919 4918
3 3205 3203 4919
3 4920 2654 1722
3 4920 1722 1720
3 4920 1720 4921
3 4922 4920 4921
3 4769 1721 1722
3 2654 4769 1722
3 4921 1716 4917
3 4923 4921 4917
3 4923 4917 4916
3 1717 1713 4917
3 1720 1716 4921
3 4922 4921 4924
3 4923 4924 4921
3 1716 1717 4917
3 3673 3675 2336
3 4925 3673 2336
3 86 4925 2336
3 2338 2333 3675
3 85 88 4926
3 4926 4925 85
3 3672 3673 4925
3 86 85 4925
3 3675 2333 2336
3 3682 4927 4928
3 4929 3682 4928
3 4930 4928 94
3 94 4928 92
3 96 4930 94
3 4928 4930 4929
3 4929 4930 4931
3 3682 3679 4927
3 3672 4925 3678
3 3678 4925 4926
3 88 90 4927
3 4927 4926 88
3 4928 4927 92
3 92 4927 90
3 3678 4926 3679
3 3679 4926 4927
3 4931 3680 3681
3 3681 4929 4931
3 3681 3682 4929
3 99 102 4932
3 4933 4932 107
3 107 4932 102
3 3688 3683 4932
3 4931 3686 3680
3 4931 4930 3685
3 3686 4931 3685
3 99 4934 96
3 4934 4930 96
3 99 4932 3683
3 3683 3685 4934
3 99 3683 4934
3 4930 4934 3685
3 3692 4935 3694
3 3694 4935 4936
3 3691 4933 3692
3 3692 4933 4935
3 4936 4935 113
3 113 4935 108
3 107 108 4935
3 4935 4933 107
3 3688 4932 3691
3 3691 4932 4933
3 1022 1024 4007
3 4007 4006 1022
3 4006 4018 1022
3 1022 4018 1020
3 1028 1030 4015
3 4015 4013 1028
3 4013 4007 1028
3 1028 4007 1024
3 1017 1020 4018
3 4018 4003 1017
3 4003 4005 1017
3 1017 4005 1018
3 4355 4024 1043
3 1043 4024 1040
3 1032 1034 4028
3 4028 4026 1032
3 4026 4015 1032
3 1032 4015 1030
3 1038 1040 4024
3 4024 4023 1038
3 4023 4028 1038
3 1038 4028 1034
3 2127 2122 4196
3 4196 2122 4190
3 3974 4190 2122
3 2122 2121 3974
3 2125 2124 4937
3 4196 4197 4937
3 4937 2124 2127
3 4196 4937 2127
3 4195 4203 2130
3 2130 2129 4195
3 4192 4195 2129
3 2129 2128 4192
3 4205 4938 4204
3 4204 4938 2135
3 4203 4204 2135
3 4203 2135 2130
3 2126 2125 4937
3 4191 2126 4937
3 4198 4191 4937
3 4198 4937 4197
3 2128 2131 4192
3 4192 2131 4193
3 4191 4193 2131
3 2131 2126 4191
3 4201 4212 2137
3 2137 2136 4201
3 4202 4201 2136
3 2136 2139 4202
3 4214 4213 1391
3 1391 2138 4214
3 2138 2137 4214
3 4214 2137 4212
3 4200 2132 2133
3 4200 2133 4938
3 4205 4200 4938
3 2133 2135 4938
3 2139 2134 4202
3 4202 2134 4199
3 2134 2132 4199
3 4199 2132 4200
3 1396 1394 4939
3 4209 4210 4939
3 4939 1394 1395
3 4209 4939 1395
3 4211 4217 1397
3 1397 1396 4939
3 4211 1397 4939
3 4211 4939 4210
3 1392 1390 4207
3 4207 1390 4208
3 1390 1391 4208
3 4208 1391 4213
3 4206 4209 1395
3 1395 1393 4206
3 4207 4206 1393
3 1393 1392 4207
3 4215 1400 1398
3 4218 4215 1398
3 4217 4218 1398
3 1398 1397 4217
3 680 2250 4215
3 4215 2250 1400
3 532 4940 3842
3 532 3842 3847
3 530 532 3847
3 526 530 3847
3 3843 3842 4940
3 537 4941 534
3 532 534 4941
3 4941 4940 532
3 526 3847 3516
3 526 3516 3778
3 526 3778 527
3 4942 4943 4944
3 3854 3853 4943
3 542 544 4944
3 4944 4943 542
3 547 4942 4944
3 547 4944 544
3 4942 3855 3854
3 4942 3854 4943
3 537 3846 3844
3 537 3844 4941
3 3843 4940 3844
3 3844 4940 4941
3 542 4943 3853
3 542 3853 3846
3 543 542 3846
3 537 543 3846
3 557 4945 554
3 4945 4946 554
3 554 4946 552
3 4946 3850 3848
3 3852 3851 4945
3 557 3852 4945
3 4945 3851 3850
3 3850 4946 4945
3 550 552 4946
3 4946 4947 550
3 550 4947 4942
3 547 550 4942
3 3848 4947 4946
3 3849 4942 3848
3 3848 4942 4947
3 3849 3855 4942
3 2165 4948 571
3 3861 3860 4948
3 571 4948 3860
3 568 571 3860
3 2166 3864 2167
3 2165 2167 3864
3 3864 3861 4948
3 2165 3864 4948
3 3858 3862 564
3 562 564 3862
3 3862 3852 562
3 557 562 3852
3 568 3860 3856
3 3856 3858 568
3 568 3858 565
3 564 565 3858
3 1198 3865 1194
3 1194 3865 2166
3 3865 3864 2166
3 4801 4804 4949
3 4545 4950 4801
3 4801 4950 4951
3 4951 4802 4801
3 4797 4802 4951
3 4548 4801 4949
3 4548 4545 4801
3 4563 4571 4952
3 4808 4800 4952
3 4569 4952 4571
3 4569 4568 4952
3 4798 4795 4953
3 4563 4800 4953
3 4800 4798 4953
3 4563 4952 4800
3 4560 4559 4797
3 4559 4795 4797
3 4559 4953 4795
3 4563 4953 4559
3 4554 4950 4545
3 4951 4950 4554
3 4554 4560 4951
3 4560 4797 4951
3 4568 4808 4952
3 4568 2760 4808
3 4568 2761 2760
3 2768 2761 4568
3 3905 4267 3901
3 3910 3914 4954
3 3914 463 4954
3 463 462 4954
3 3914 4955 463
3 458 455 4956
3 3917 3911 4954
3 462 458 4954
3 3910 4954 3911
3 3917 4956 3906
3 455 453 4956
3 3917 4954 4956
3 4954 458 4956
3 3905 454 4267
3 3905 453 454
3 3905 3906 453
3 3906 4956 453
3 4853 4957 4845
3 475 474 4957
3 4853 4958 4957
3 4958 478 4957
3 4844 4957 4959
3 4957 474 4959
3 474 471 4959
3 4844 4845 4957
3 4959 466 4955
3 4959 468 466
3 471 468 4959
3 4844 4959 3918
3 3915 4955 3914
3 466 463 4955
3 3915 3918 4955
3 3918 4959 4955
3 4852 4960 489
3 4852 4859 4960
3 493 489 4960
3 4961 4960 4859
3 4852 4962 4846
3 488 483 4962
3 4852 489 4962
3 489 488 4962
3 4847 4962 4958
3 4962 483 4958
3 483 480 4958
3 4847 4846 4962
3 478 475 4957
3 4853 4849 4958
3 480 478 4958
3 4847 4958 4849
3 3698 3699 4855
3 499 497 3699
3 4856 495 4961
3 4856 497 495
3 4856 4855 497
3 4855 3699 497
3 4859 4860 4961
3 4856 4961 4860
3 495 4960 4961
3 493 4960 495
3 825 3186 826
3 4963 4414 4399
3 840 4963 838
3 4412 4414 4963
3 840 843 4963
3 4399 4398 4964
3 835 838 4964
3 838 4963 4964
3 4963 4399 4964
3 836 4964 3185
3 4964 4398 3185
3 4398 4401 3185
3 835 4964 836
3 830 3186 825
3 3185 3186 830
3 4401 3188 3185
3 830 836 3185
3 854 4965 4966
3 4965 4419 4966
3 4965 4415 4419
3 855 4965 854
3 4423 4411 4967
3 853 4966 846
3 4419 4423 4966
3 853 854 4966
3 4411 4409 4967
3 847 846 4967
3 846 4966 4967
3 4966 4423 4967
3 843 4967 4963
3 4967 4409 4963
3 4409 4412 4963
3 847 4967 843
3 2608 2607 4968
3 862 863 4968
3 863 2035 4968
3 2035 2608 4968
3 4968 2606 4969
3 4968 2607 2606
3 860 861 4968
3 862 4968 861
3 855 856 4969
3 860 4969 856
3 2606 2609 4969
3 860 4968 4969
3 4420 4415 4965
3 855 4420 4965
3 855 2609 4420
3 855 4969 2609
3 2035 2037 2608
3 865 2035 863
3 1600 405 406
3 1600 1601 405
3 1601 4698 405
3 4698 407 405
3 1613 4970 1608
3 1613 3745 4970
3 1613 1612 3745
3 1612 3746 3745
3 1609 3744 4701
3 1609 4970 3744
3 1609 1608 4970
3 3745 3744 4970
3 1611 4971 1606
3 1611 1609 4971
3 1609 4705 4971
3 1609 4701 4705
3 1601 4702 4698
3 1601 4971 4702
3 1601 1606 4971
3 4705 4702 4971
3 1627 4972 1620
3 1627 3758 4972
3 3758 3757 4972
3 1627 1629 3758
3 1621 4972 3749
3 4972 3756 3749
3 1621 1620 4972
3 3757 3756 4972
3 1623 4973 1617
3 1623 1621 4973
3 1621 3748 4973
3 1621 3749 3748
3 1612 3747 3746
3 1612 4973 3747
3 1612 1617 4973
3 3748 3747 4973
3 3764 3763 1639
3 1639 1645 3764
3 1645 3765 3764
3 1645 4974 3765
3 1635 3753 1636
3 3755 3753 1635
3 1639 3755 1635
3 3763 3755 1639
3 1633 4975 1634
3 1633 3753 4975
3 3753 3752 4975
3 1633 1636 3753
3 1629 1634 3758
3 1634 4975 3758
3 4975 3751 3758
3 3752 3751 4975
3 3762 3761 1655
3 1655 1658 3762
3 1656 3762 1658
3 3768 3762 1656
3 1648 1649 3759
3 1649 3760 3759
3 3761 3760 1649
3 1649 1655 3761
3 1645 1643 4974
3 3759 3765 4974
3 1648 4974 1643
3 1648 3759 4974
3 4392 4976 4977
3 4976 4978 4977
3 4392 4400 4976
3 2149 2145 4978
3 4396 4393 4977
3 4392 4977 4393
3 2143 4977 4978
3 4978 2145 2143
3 4396 4979 4402
3 4396 4977 4979
3 4977 2140 4979
3 4977 2143 2140
3 4403 4422 4980
3 2158 2153 4980
3 4421 4980 4422
3 4981 4980 4421
3 2151 2155 4982
3 4403 4980 4982
3 4980 2153 4982
3 2153 2151 4982
3 4982 2155 4976
3 2155 2150 4976
3 4407 4404 4982
3 4403 4982 4404
3 2150 4978 4976
3 2149 4978 2150
3 4407 4976 4400
3 4407 4982 4976
3 2159 4983 2948
3 2161 4983 2159
3 2612 2948 4417
3 4418 4983 4981
3 4418 2948 4983
3 4418 4417 2948
3 2161 2156 4983
3 4418 4981 4421
3 4983 2156 4981
3 2156 2158 4981
3 2158 4980 4981
3 2077 2082 533
3 2082 4984 533
3 4985 4984 2082
3 2082 2083 4985
3 528 4986 4987
3 529 4986 528
3 2077 528 4987
3 2077 533 528
3 2074 2075 4987
3 2077 4987 2075
3 529 2634 4986
3 524 2634 529
3 2074 2634 2068
3 4986 2634 2074
3 4987 4986 2074
3 2637 4988 2091
3 4989 4988 2637
3 2640 4989 2637
3 545 540 4988
3 2090 541 4990
3 2090 540 541
3 2090 4988 540
3 2090 2091 4988
3 2083 2085 4990
3 2090 4990 2085
3 541 4985 4990
3 536 4985 541
3 535 533 4984
3 536 4984 4985
3 535 4984 536
3 4990 4985 2083
3 555 4991 556
3 4992 4993 2641
3 2641 2649 4992
3 2646 4992 2649
3 4993 4991 2644
3 2644 2641 4993
3 555 553 4991
3 556 4991 4993
3 2640 2643 548
3 2643 2644 548
3 2644 553 548
3 2644 4991 553
3 546 4988 4989
3 545 4988 546
3 2640 548 4989
3 548 546 4989
3 2651 1137 569
3 2651 2650 1137
3 1136 1137 2650
3 570 569 1137
3 2646 2645 560
3 567 560 2645
3 2645 2651 567
3 2651 569 567
3 558 4993 4992
3 556 4993 558
3 2646 558 4992
3 2646 560 558
3 4994 4995 4996
3 4997 4996 4995
3 4998 4996 4997
3 4999 4998 4997
3 2811 2809 4087
3 4994 4086 5000
3 4086 4087 5000
3 4994 4996 4086
3 5001 2809 2808
3 5000 2809 5001
3 4994 5000 5001
3 4087 2809 5000
3 5002 5003 5004
3 2174 2173 5005
3 2178 5005 5004
3 2174 5005 2178
3 5006 2173 2180
3 5006 5005 2173
3 5006 5002 5005
3 5004 5005 5002
3 2180 4998 5007
3 4090 4998 2180
3 5006 5007 4999
3 5006 2180 5007
3 5007 4998 4999
3 4093 4086 4996
3 4090 4996 4998
3 4093 4996 4090
3 2191 5008 5009
3 2191 2187 5008
3 5010 5011 5009
3 5010 5012 5011
3 5013 5008 5014
3 5009 5008 5013
3 5010 5009 5013
3 5011 2191 5009
3 2185 5004 5015
3 2178 5004 2185
3 2187 5015 5008
3 2185 5015 2187
3 5015 5004 5003
3 5003 5016 5015
3 5014 5015 5016
3 5008 5015 5014
3 5017 1483 1482
3 1486 2200 1482
3 2197 5012 2196
3 5017 2200 5018
3 2200 2196 5018
3 5017 1482 2200
3 2198 2191 5011
3 2197 5011 5012
3 2198 5011 2197
3 2196 5012 5018
3 5010 5019 5012
3 5020 5012 5019
3 5018 5012 5020
3 5017 5018 5020
3 5021 5022 5023
3 5024 5022 5021
3 5025 5024 5021
3 4997 5022 5024
3 4994 5001 2846
3 2845 5023 4994
3 5023 5022 4994
3 4995 4994 5022
3 5001 2842 2846
3 2808 2842 5001
3 2845 4994 2846
3 5026 3028 5027
3 5028 5027 3028
3 3028 3027 5028
3 3026 5028 3027
3 5029 5030 5031
3 5032 5029 5031
3 5031 5026 5032
3 5027 5032 5026
3 5033 5006 4999
3 5033 5034 5006
3 5034 5030 5006
3 5031 5030 5034
3 4995 5022 4997
3 5025 4997 5024
3 5025 4999 4997
3 5025 5033 4999
3 3031 5035 5010
3 5019 5010 5035
3 5036 5035 3031
3 3031 3033 5036
3 5014 5027 5013
3 3026 5013 5028
3 3026 5010 5013
3 3026 3031 5010
3 5003 5029 5016
3 5014 5032 5027
3 5016 5032 5014
3 5013 5027 5028
3 5002 5006 5030
3 5003 5030 5029
3 5002 5030 5003
3 5016 5029 5032
3 3034 5017 5020
3 3034 3039 5017
3 3039 4095 5017
3 1483 5017 4095
3 3034 5036 3033
3 5020 5035 5036
3 5019 5035 5020
3 3034 5020 5036
3 3305 4634 5037
3 3305 5038 4634
3 5038 4642 4634
3 3305 3315 5038
3 3306 3303 4629
3 3303 5037 4629
3 4634 4629 5037
3 3305 5037 3303
3 4632 2100 3299
3 4631 4632 3299
3 3299 3306 4631
3 3306 4629 4631
3 3299 2100 2099
3 3319 5039 4640
3 5039 4641 4640
3 3320 5039 3319
3 4650 4641 5039
3 3312 4638 5040
3 3312 3321 4638
3 3321 4640 4638
3 3321 3319 4640
3 3310 5040 4643
3 5040 4637 4643
3 4638 4637 5040
3 3312 5040 3310
3 3313 5038 3315
3 4643 4642 5038
3 3313 3310 5038
3 3310 4643 5038
3 4649 4648 5041
3 3334 5041 3336
3 3334 3331 5041
3 3331 5042 5041
3 3327 3336 5043
3 3336 4644 5043
3 3336 5041 4644
3 5041 4648 4644
3 3329 5043 4646
3 3329 3325 5043
3 3327 5043 3325
3 4644 4646 5043
3 3320 4651 5039
3 4651 4650 5039
3 3320 3329 4651
3 3329 4646 4651
3 5044 5045 4661
3 5045 4660 4661
3 5045 4270 4660
3 5045 4271 4270
3 5046 5047 4653
3 5044 4653 5047
3 4657 4653 5044
3 4661 4657 5044
3 3333 5046 5042
3 5046 4656 5042
3 5046 4652 4656
3 4653 4652 5046
3 5042 4649 5041
3 5042 4659 4649
3 3333 5042 3331
3 4656 4659 5042
3 3608 4660 4270
3 1012 5048 4329
3 4331 5049 5050
3 4329 5049 4331
3 157 5050 156
3 5049 5048 154
3 5050 5049 154
3 154 156 5050
3 4329 5048 5049
3 154 5048 150
3 175 5051 173
3 4337 5052 5053
3 4335 5052 4337
3 168 4337 5053
3 4336 5054 4335
3 5053 5052 163
3 163 167 5053
3 168 5053 167
3 5052 5054 162
3 162 163 5052
3 4336 4340 5054
3 4335 5054 5052
3 157 4331 5050
3 157 4340 4331
3 157 162 4340
3 162 5054 4340
3 175 2588 5055
3 2589 5055 2588
3 5056 5055 5057
3 5051 5055 5056
3 4341 4342 5058
3 4343 5058 5056
3 4341 5058 4343
3 5055 5051 175
3 2580 5058 4342
3 2580 173 5058
3 173 5056 5058
3 173 5051 5056
3 168 4338 4337
3 168 2581 4338
3 2581 4342 4338
3 2581 2580 4342
3 4344 5059 4347
3 4348 5060 5061
3 4347 5060 4348
3 2596 5061 2591
3 2595 2590 5060
3 2591 5060 2590
3 5061 5060 2591
3 4347 5059 5060
3 4343 5056 4345
3 4344 5057 5059
3 4345 5057 4344
3 5060 5059 2595
3 2589 5057 5055
3 2589 5059 5057
3 2589 2595 5059
3 4345 5056 5057
3 5062 5061 2596
3 3407 3406 5063
3 3407 5063 3419
3 3420 3424 5064
3 3420 5064 3423
3 3414 3413 5065
3 1311 1309 5066
3 1311 5066 1312
3 5067 5068 5069
3 780 782 5067
3 781 5067 782
3 5070 5068 5067
3 779 780 521
3 780 5069 521
3 5069 5071 521
3 780 5067 5069
3 5071 523 521
3 779 521 522
3 786 788 5072
3 790 5072 788
3 5073 5072 790
3 5074 5073 790
3 5075 5076 787
3 5077 5075 787
3 787 786 5077
3 5072 5077 786
3 783 784 5078
3 5076 5078 784
3 784 785 5076
3 787 5076 785
3 781 783 5067
3 783 5070 5067
3 783 5079 5070
3 5078 5079 783
3 802 801 5080
3 797 798 5080
3 802 5080 798
3 793 794 5081
3 790 789 5074
3 793 5074 789
3 5082 5074 793
3 5081 5082 793
3 812 5083 809
3 808 807 5084
3 801 806 5084
3 808 5084 806
3 818 819 5085
3 5086 0 4715
3 4740 4738 5087
3 4738 5088 5087
3 4743 5088 4738
3 4552 5087 5088
3 4740 5089 4247
3 4740 5087 5089
3 4557 4556 5090
3 4564 4557 5090
3 5091 4556 5092
3 4556 4566 5092
3 5092 4565 5093
3 5092 4566 4565
3 4750 4749 5092
3 4751 5092 4749
3 4550 4552 5088
3 4565 4550 5093
3 4750 5093 4742
3 4750 5092 5093
3 4555 5087 4552
3 4743 4742 5088
3 4742 5093 5088
3 5093 4550 5088
3 4747 5094 4567
3 4567 5094 5095
3 5095 2816 4567
3 4759 5094 4747
3 4573 4572 5096
3 4745 4573 5096
3 4745 4567 4573
3 4745 4747 4567
3 4572 4564 5091
3 4564 5090 5091
3 5096 5091 4746
3 4746 4745 5096
3 5091 5090 4556
3 4746 5092 4751
3 5091 5092 4746
3 5096 4572 5091
3 4754 5097 2817
3 4758 5097 4754
3 2818 2817 5097
3 4758 4763 5097
3 2815 2812 5098
3 4753 2815 5098
3 4753 2817 2815
3 4753 4754 2817
3 4760 2812 2814
3 4760 4755 2812
3 4755 5098 2812
3 4753 5098 4755
3 4760 5094 4759
3 5095 5094 4760
3 2814 2816 5095
3 4760 2814 5095
3 4761 5099 5100
3 4424 5099 4761
3 2823 5101 5100
3 5100 2822 2823
3 4764 5100 5101
3 4764 4761 5100
3 4763 2818 5097
3 4763 5101 2818
3 5101 2823 2818
3 4764 5101 4763
3 1260 5102 1766
3 1262 5102 1260
3 1769 1766 5102
3 1262 1769 5102
3 1256 3104 1255
3 1256 1764 3104
3 1256 1260 1764
3 1260 1766 1764
3 1764 1761 3104
3 1276 1277 5103
3 1277 5104 5103
3 5104 5105 5103
3 1276 5103 1272
3 1270 1274 5106
3 1274 5103 5106
3 5103 5105 5106
3 1272 5103 1274
3 1768 5106 5105
3 5105 1771 1768
3 1774 5105 5104
3 1771 5105 1774
3 1262 1768 1769
3 1262 1265 1768
3 1265 5106 1768
3 1270 5106 1265
3 1294 1780 1286
3 1778 1780 1294
3 1294 1534 1778
3 1294 1299 1534
3 1532 1531 1285
3 1285 1286 1532
3 1286 1538 1532
3 1286 1780 1538
3 1279 1531 1777
3 1531 1781 1777
3 1283 5104 1277
3 1285 1531 1279
3 1283 1280 5104
3 1280 1774 5104
3 1280 1777 1774
3 1280 1279 1777
3 1303 3888 1788
3 3888 3881 1788
3 3881 1786 1788
3 3881 5107 1786
3 1302 1789 1784
3 1302 1303 1789
3 3882 5107 3881
3 1788 1789 1303
3 1299 5108 1536
3 5108 1784 1536
3 1299 1298 5108
3 1302 1784 5108
3 1299 1535 1534
3 1297 5108 1298
3 1302 5108 1297
3 1299 1536 1535
3 1796 5109 1794
3 3885 1794 5110
3 3885 1800 1794
3 3885 3887 1800
3 3884 5109 3883
3 5110 5109 3884
3 3885 5110 3884
3 1794 5109 5110
3 1786 5107 5111
3 5111 1790 1786
3 1796 5111 5109
3 1790 5111 1796
3 3889 5107 3882
3 5111 5107 3889
3 3883 5111 3889
3 5109 5111 3883
3 1544 1540 1543
3 1537 1781 1531
3 3891 1800 3887
3 1798 1800 3891
3 3891 1543 1798
3 3891 1544 1543
3 3578 3575 5112
3 3577 5112 5113
3 3578 5112 3577
3 621 626 3575
3 626 5112 3575
3 628 5112 626
3 5113 5112 628
3 621 4624 619
3 621 3240 4624
3 621 3575 3240
3 2826 5114 5115
3 2829 2826 5115
3 4427 5099 4424
3 2830 2829 5116
3 5115 5114 5100
3 5100 5099 5115
3 5116 2829 5115
3 2826 2827 5114
3 5114 2827 2822
3 2822 5100 5114
3 2835 5117 5118
3 5119 2835 5118
3 4431 5118 4432
3 5119 2834 2835
3 4433 4432 5117
3 4433 5117 5120
3 2835 2832 5117
3 4432 5118 5117
3 5117 5116 5120
3 4433 5120 4438
3 5117 2832 2830
3 5117 2830 5116
3 4427 5116 5115
3 5115 5099 4427
3 4438 5120 5116
3 4427 4438 5116
3 5121 5122 4446
3 4446 5122 4454
3 2843 5122 5121
3 4443 5121 4446
3 4452 4454 2837
3 4452 2837 2839
3 2844 2837 5122
3 4454 5122 2837
3 2839 5119 5123
3 2841 2834 5119
3 4452 2839 5123
3 2841 5119 2839
3 4431 5123 5119
3 4431 5119 5118
3 4452 5123 4435
3 4431 4435 5123
3 4464 4463 5025
3 4464 5025 5021
3 5033 5025 5124
3 4463 5124 5025
3 5021 5125 5126
3 5023 2845 5125
3 4464 5021 5126
3 5023 5125 5021
3 5126 5125 4444
3 4444 5125 2845
3 4464 5126 4450
3 4444 4450 5126
3 4443 2843 5121
3 2844 5122 2843
3 4443 4444 2845
3 4443 2845 2843
3 5031 5127 5026
3 5026 5127 5128
3 5026 5128 3028
3 3028 5128 3029
3 4467 4466 5128
3 5128 5127 4467
3 4466 1836 3029
3 3029 5128 4466
3 5033 5124 5034
3 5034 5124 5129
3 5034 5129 5031
3 5031 5129 5127
3 4463 4461 5129
3 5129 5124 4463
3 5127 5129 4467
3 4467 5129 4461
3 2501 2497 5130
3 2501 5130 2492
3 2497 4870 4871
3 2497 4871 5130
3 2489 5130 4872
3 2489 4872 4863
3 4871 4872 5130
3 2489 2492 5130
3 2493 2489 1887
3 2493 1887 1889
3 2489 4863 1888
3 2489 1888 1887
3 2503 2502 5131
3 5131 5132 2503
3 4878 5133 4879
3 4879 5133 5132
3 4878 4868 5133
3 2505 5133 4868
3 2505 2503 5132
3 5132 5133 2505
3 2499 2498 4869
3 4869 4866 2499
3 2498 2505 4868
3 2498 4868 4869
3 2497 2495 4873
3 4873 4870 2497
3 2495 2499 4866
3 4866 4873 2495
3 4882 4883 2525
3 2525 4883 2517
3 2525 2523 445
3 2525 445 4882
3 2510 2520 4884
3 4884 4885 2510
3 4883 4884 2517
3 2517 4884 2520
3 2507 2513 4876
3 4876 4875 5131
3 4885 4876 2510
3 2510 4876 2513
3 4879 5132 4875
3 4875 5132 5131
3 2507 4876 5131
3 2507 5131 2502
3 2523 3695 445
3 1950 5134 1951
3 5047 5046 5134
3 1954 5135 5134
3 1950 1954 5134
3 1952 1951 3333
3 1951 5134 5046
3 1951 5046 3333
3 5136 4278 4279
3 1965 5136 4279
3 4275 4278 5136
3 1967 5136 1965
3 4279 4268 1961
3 4268 4271 1961
3 1966 1965 4279
3 1961 1966 4279
3 4271 5045 5135
3 1957 4271 5135
3 1961 4271 1956
3 1957 1956 4271
3 5135 5044 5047
3 5135 5047 5134
3 5045 5044 5135
3 1957 5135 1954
3 4288 4286 5137
3 1980 4288 5137
3 1982 1981 4288
3 1980 1982 4288
3 1977 5137 4277
3 1977 4277 4273
3 4286 4277 5137
3 1980 5137 1977
3 4273 4272 5138
3 1971 5138 1972
3 1971 1977 4273
3 1971 4273 5138
3 1967 1972 4275
3 1967 4275 5136
3 5138 4272 4275
3 1972 5138 4275
3 1997 5139 1993
3 1988 1993 5139
3 4285 5140 4293
3 4293 5140 5139
3 1990 1988 5140
3 1990 5140 4283
3 5139 5140 1988
3 4285 4283 5140
3 1990 4281 5141
3 1986 1990 5141
3 1990 4283 4284
3 1990 4284 4281
3 1981 5141 4280
3 1981 4280 4288
3 1986 5141 1981
3 4281 4280 5141
3 2001 968 4292
3 2001 4292 5142
3 968 970 4292
3 2000 1999 5142
3 2000 5142 4289
3 4292 4289 5142
3 2001 5142 1999
3 1997 4291 4293
3 1997 4293 5139
3 2000 4289 4291
3 1997 2000 4291
3 4019 4010 5143
3 5144 4490 5143
3 4010 5144 5143
3 4019 5143 4017
3 4489 4488 5145
3 4016 4025 5145
3 4027 4489 5145
3 4027 5145 4025
3 4016 4486 5146
3 4486 4485 5146
3 4016 5145 4488
3 4016 4488 4486
3 4012 5146 4491
3 4009 4012 4491
3 4016 5146 4012
3 5146 4485 4491
3 4491 4490 5144
3 4490 4493 5143
3 4009 4491 5144
3 4009 5144 4010
3 2849 2851 4489
3 4027 2849 4489
3 2847 2849 4021
3 4027 4021 2849
3 2585 4189 5147
3 2377 2384 5148
3 2584 5147 5148
3 174 4189 2585
3 2377 4189 2375
3 5148 5147 2377
3 5147 4189 2377
3 2383 2385 2594
3 2383 5149 2381
3 2582 5150 2586
3 2383 2594 2586
3 2383 2586 5149
3 2582 5148 5150
3 2380 2381 5149
3 2586 5150 5149
3 2584 5148 2582
3 2380 5148 2384
3 2585 5147 2584
3 5149 5150 2380
3 5150 5148 2380
3 1549 5151 5152
3 1547 1549 5152
3 1549 1548 5153
3 1549 5153 5151
3 1546 5085 819
3 1552 5154 1553
3 5154 5155 5156
3 1552 5157 5155
3 1552 5155 5154
3 5156 5158 5159
3 5154 5159 1553
3 5156 5159 5154
3 5160 5158 5156
3 5159 5158 1551
3 5161 5153 5160
3 1553 5159 1550
3 1551 1550 5159
3 1548 1551 5158
3 5158 5153 1548
3 5160 5153 5158
3 5161 5151 5153
3 5162 5163 4543
3 4543 5163 5164
3 1565 4541 4543
3 1565 4543 5164
3 5164 5163 1566
3 1566 5163 1562
3 5162 4544 5163
3 1565 5164 1566
3 1558 4544 4537
3 4537 4539 1558
3 1562 5163 4544
3 1558 1562 4544
3 1559 5157 1554
3 1552 1554 5157
3 1558 4539 1559
3 4539 5157 1559
3 1565 1567 4541
3 654 5165 655
3 2041 2038 5165
3 657 5166 654
3 5166 5165 654
3 649 655 2034
3 649 2034 866
3 655 5165 2038
3 655 2038 2034
3 2034 865 866
3 664 5167 5168
3 2051 2048 5169
3 664 670 5170
3 664 5170 5167
3 664 5168 662
3 5168 5169 662
3 2051 5169 5168
3 5167 2051 5168
3 657 658 5169
3 657 5169 2044
3 662 5169 658
3 2048 2044 5169
3 2041 5165 2046
3 2046 5165 5166
3 2044 2046 5166
3 657 2044 5166
3 4723 5171 673
3 2069 2058 5172
3 4723 5173 5172
3 4723 5172 5171
3 5172 2058 5171
3 2061 5170 2060
3 2058 2060 5174
3 2058 5174 5171
3 673 5174 672
3 5174 5170 672
3 2060 5170 5174
3 5171 5174 673
3 2061 5167 5170
3 2056 2051 5167
3 672 5170 670
3 2056 5167 2061
3 2079 2080 5175
3 4722 2079 5175
3 4722 4724 5176
3 4722 5176 2079
3 2073 5173 2072
3 2072 5173 5177
3 2072 5177 2080
3 2080 5177 5175
3 4722 5175 4721
3 4718 4721 5175
3 2069 5172 2073
3 2073 5172 5173
3 4718 5173 4720
3 4723 4720 5173
3 5175 5177 4718
3 5177 5173 4718
3 4730 4736 2423
3 4730 2423 2421
3 2420 2423 2430
3 2430 2423 4736
3 2087 2088 5178
3 2421 2087 5178
3 4730 2421 5179
3 4730 5179 4727
3 2088 5176 5178
3 4726 4727 5179
3 2421 5178 5179
3 2081 5176 2088
3 5178 5176 4724
3 2081 2079 5176
3 5179 5178 4726
3 4724 4726 5178
3 2092 2087 2421
3 3802 5180 5181
3 4909 4904 5181
3 4908 4909 5181
3 5180 4908 5181
3 3780 5181 4904
3 4904 4906 5182
3 3802 5181 3786
3 3780 3786 5181
3 3780 5182 3782
3 5182 4911 4910
3 3780 4904 5182
3 4906 4911 5182
3 3790 4910 5183
3 3782 5182 4910
3 3790 3782 4910
3 3809 5184 3799
3 3799 5184 4913
3 3809 4916 5184
3 4916 4913 5184
3 3797 4914 5185
3 4914 4915 5185
3 3797 3799 4913
3 3797 4913 4914
3 3794 4915 4918
3 3795 3794 4918
3 3797 5185 3794
3 3794 5185 4915
3 4918 4908 5180
3 3802 3803 5180
3 3795 4918 5180
3 3795 5180 3803
3 2654 4920 2655
3 451 450 2655
3 4922 4924 451
3 451 4924 3806
3 2655 4920 4922
3 451 2655 4922
3 3809 3811 4923
3 3809 4923 4916
3 3811 3806 4924
3 4924 4923 3811
3 975 974 115
3 974 971 115
3 114 119 975
3 115 114 975
3 2368 968 2002
3 2366 2368 2002
3 115 971 2368
3 2368 971 968
3 2366 2002 2003
3 127 990 987
3 127 987 5186
3 133 134 990
3 127 133 990
3 123 125 5186
3 123 5186 985
3 987 985 5186
3 127 5186 125
3 983 980 5187
3 120 983 5187
3 123 985 983
3 120 123 983
3 5187 978 975
3 119 5187 975
3 980 978 5187
3 120 5187 119
3 142 143 5188
3 5188 5189 142
3 143 145 5190
3 5190 5188 143
3 137 142 997
3 137 997 5191
3 142 5189 1000
3 142 1000 997
3 997 5192 5191
3 995 992 5192
3 137 5191 135
3 995 5192 997
3 134 5192 992
3 134 992 990
3 134 135 5191
3 5191 5192 134
3 150 5048 1008
3 147 150 1008
3 1012 1008 5048
3 1004 5188 1009
3 1009 5188 5190
3 147 1008 1009
3 147 1009 5190
3 1002 1000 5189
3 147 5190 145
3 1002 5189 1004
3 1004 5189 5188

CELL_DATA 10080
SCALARS longitude float 1
LOOKUP_TABLE default
102.38099670410156
123.32099914550781
123.2959976196289
123.12000274658203
123.14800262451172
123.05899810791016
122.93299865722656
122.80500030517578
122.65799713134766
122.56199645996094
122.5009994506836
122.56999969482422
122.38099670410156
122.33699798583984
122.3479995727539
122.24500274658203
122.08999633789062
122.08100128173828
121.91799926757812
121.81800079345703
121.822998046875
121.7239990234375
121.6449966430664
121.53700256347656
121.37300109863281
121.31500244140625
121.25299835205078
121.19599914550781
121.08200073242188
120.9469985961914
120.88899993896484
120.70500183105469
120.74400329589844
120.51200103759766
120.49299621582031
120.3740005493164
120.34100341796875
120.16200256347656
120.16699981689453
115.18900299072266
115.58000183105469
115.29900360107422
115.41200256347656
115.14199829101562
115.00599670410156
114.9010009765625
114.76499938964844
114.63200378417969
114.47699737548828
114.7239990234375
114.43900299072266
114.5510025024414
114.28500366210938
114.24700164794922
114.08599853515625
113.98600006103516
113.8010025024414
113.6729965209961
113.54399871826172
113.50800323486328
113.40799713134766
113.25700378417969
113.02799987792969
112.88800048828125
112.66600036621094
113.2239990234375
113.33899688720703
112.85399627685547
112.96199798583984
112.49800109863281
112.5770034790039
112.3740005493164
112.20899963378906
112.08899688720703
111.95500183105469
111.9219970703125
111.80000305175781
111.6240005493164
111.72200012207031
111.4990005493164
111.33499908447266
111.20099639892578
111.06199645996094
110.9530029296875
111.03600311279297
110.77400207519531
110.84600067138672
110.63899993896484
110.44200134277344
110.37699890136719
110.22200012207031
110.12899780273438
104.5770034790039
104.2760009765625
104.39700317382812
103.89299774169922
104.0
103.50800323486328
103.61499786376953
103.12200164794922
103.22799682617188
102.73200225830078
102.83899688720703
102.45600128173828
102.52100372314453
102.29900360107422
102.2509994506836
102.22699737548828
102.05500030517578
101.94599914550781
101.67900085449219
101.52899932861328
101.88300323486328
102.00599670410156
101.49400329589844
101.60600280761719
101.28500366210938
101.13899993896484
100.89099884033203
100.74700164794922
101.23600006103516
101.09200286865234
110.08899688720703
109.90499877929688
109.78099822998047
109.9209976196289
109.52400207519531
109.39800262451172
109.24099731445312
109.21600341796875
109.08000183105469
108.9000015258789
109.01000213623047
108.77100372314453
108.66899871826172
108.55799865722656
108.38899993896484
108.19599914550781
108.04399871826172
107.79499816894531
108.35600280761719
108.01200103759766
108.13099670410156
107.76300048828125
107.5979995727539
107.48699951171875
107.41100311279297
107.302001953125
107.13400268554688
106.91600036621094
106.76300048828125
107.0979995727539
106.7300033569336
106.84600067138672
106.53399658203125
106.5009994506836
106.33599853515625
106.22699737548828
106.14099884033203
106.0270004272461
105.86399841308594
105.83399963378906
105.62799835205078
105.4800033569336
105.31900024414062
105.4540023803711
105.57099914550781
105.29199981689453
105.15599822998047
105.0250015258789
104.86199951171875
104.7509994506836
104.59300231933594
104.3550033569336
104.23500061035156
104.56500244140625
104.18800354003906
104.30899810791016
103.95700073242188
103.81600189208984
103.63899993896484
103.78800201416016
103.9010009765625
103.61100006103516
103.46600341796875
103.35700225830078
103.24099731445312
103.12000274658203
102.96199798583984
102.71199798583984
102.60600280761719
102.44999694824219
107.08200073242188
106.69300079345703
106.81500244140625
106.27999877929688
106.39099884033203
106.14399719238281
106.10800170898438
105.9739990234375
105.85900115966797
105.58499908447266
105.78900146484375
105.552001953125
105.38800048828125
105.26899719238281
105.16400146484375
105.04499816894531
104.87999725341797
104.66400146484375
104.51300048828125
104.85399627685547
104.48899841308594
104.61399841308594
104.32499694824219
104.302001953125
104.14099884033203
104.01899719238281
103.78800201416016
103.66100311279297
103.52200317382812
103.50700378417969
103.36599731445312
103.22000122070312
102.9530029296875
102.8280029296875
103.20600128173828
103.33699798583984
102.8010025024414
102.9280014038086
102.5530014038086
102.4260025024414
102.15399932861328
102.01200103759766
102.39700317382812
102.52100372314453
101.99400329589844
102.11699676513672
101.74299621582031
101.61100006103516
101.33599853515625
101.2030029296875
101.58799743652344
101.71099853515625
101.18000030517578
101.3010025024414
100.99400329589844
100.9749984741211
100.81900024414062
100.6969985961914
100.48400115966797
100.37799835205078
100.23799896240234
113.35199737548828
113.2249984741211
113.05400085449219
113.12999725341797
113.13099670410156
113.28600311279297
112.9990005493164
112.83899688720703
112.65899658203125
112.41899871826172
112.93499755859375
112.60399627685547
112.71800231933594
112.36399841308594
112.18299865722656
112.1259994506836
112.08300018310547
111.88500213623047
111.78299713134766
111.9749984741211
111.67400360107422
111.8010025024414
111.4749984741211
111.3489990234375
111.1709976196289
111.13999938964844
111.31999969482422
111.41600036621094
111.11699676513672
110.96600341796875
110.80999755859375
110.56600189208984
111.0790023803711
110.73500061035156
110.85299682617188
110.35900115966797
110.41100311279297
110.54299926757812
110.22599792480469
110.05799865722656
109.88400268554688
110.21299743652344
109.8270034790039
109.93699645996094
109.62899780273438
109.4729995727539
109.30699920654297
109.4260025024414
109.5260009765625
109.19499969482422
109.19000244140625
109.0459976196289
108.90499877929688
108.70999908447266
108.87100219726562
108.5270004272461
108.64199829101562
108.39399719238281
108.21800231933594
108.10099792480469
107.80999755859375
107.70600128173828
107.54299926757812
107.39800262451172
107.29499816894531
107.50800323486328
107.22200012207031
107.35299682617188
107.01499938964844
106.85299682617188
106.58699798583984
106.45700073242188
106.81400299072266
106.93599700927734
106.39700317382812
106.51000213623047
106.28600311279297
106.24299621582031
106.2229995727539
106.07099914550781
105.95700073242188
105.71199798583984
118.45800018310547
118.31400299072266
118.18499755859375
118.08100128173828
117.99299621582031
117.83399963378906
117.94300079345703
117.697998046875
117.71800231933594
117.58200073242188
117.37799835205078
117.24299621582031
117.04399871826172
116.93000030517578
116.9010009765625
116.73400115966797
116.7969970703125
116.60299682617188
116.63700103759766
116.48699951171875
116.28900146484375
116.16100311279297
115.9280014038086
115.80400085449219
115.60600280761719
115.55500030517578
115.43599700927734
115.36699676513672
115.21199798583984
115.08899688720703
114.8479995727539
114.7249984741211
114.51000213623047
114.41899871826172
114.29199981689453
114.25499725341797
114.09300231933594
113.96399688720703
113.7229995727539
113.59400177001953
113.5790023803711
113.4489974975586
113.46099853515625
113.31900024414062
113.31600189208984
113.1760025024414
112.91699981689453
112.81300354003906
112.80000305175781
112.68599700927734
112.62799835205078
112.5009994506836
112.53600311279297
112.38300323486328
112.18099975585938
112.05699920654297
111.81300354003906
111.68699645996094
111.52999877929688
111.4990005493164
111.36799621582031
111.26899719238281
111.03800201416016
110.90499877929688
110.74600219726562
110.71900177001953
110.58699798583984
110.48500061035156
120.625
120.46299743652344
120.40299987792969
120.27300262451172
120.13200378417969
120.00199890136719
119.96099853515625
119.87999725341797
119.78399658203125
119.625
119.7030029296875
119.80000305175781
119.5790023803711
119.46499633789062
119.37100219726562
119.22899627685547
119.18499755859375
119.10700225830078
118.9219970703125
118.98200225830078
118.80699920654297
118.70899963378906
118.5999984741211
118.51300048828125
118.41500091552734
118.35299682617188
118.31300354003906
118.1780014038086
118.0790023803711
117.95500183105469
117.8010025024414
117.91400146484375
117.76000213623047
117.65499877929688
117.61699676513672
117.4000015258789
117.2490005493164
117.1259994506836
117.0199966430664
116.88300323486328
117.09300231933594
116.8550033569336
116.95899963378906
116.74199676513672
116.71399688720703
116.59200286865234
116.48100280761719
116.29000091552734
116.1709976196289
116.12899780273438
116.01399993896484
120.95800018310547
120.88400268554688
120.78800201416016
120.68699645996094
120.75599670410156
120.47000122070312
120.81199645996094
120.40799713134766
120.56099700927734
120.68299865722656
120.32099914550781
120.375
120.23600006103516
120.12300109863281
119.97200012207031
120.03900146484375
120.11699676513672
119.78299713134766
119.76899719238281
119.8740005493164
119.6520004272461
119.56999969482422
119.45899963378906
119.302001953125
119.34300231933594
119.13899993896484
119.1500015258789
118.95999908447266
118.87300109863281
119.04000091552734
118.75299835205078
118.84400177001953
118.6719970703125
118.49199676513672
118.46900177001953
118.5790023803711
118.36299896240234
118.16300201416016
102.6510009765625
102.76300048828125
102.47699737548828
102.33899688720703
102.22699737548828
102.01799774169922
101.90599822998047
119.88999938964844
119.84400177001953
119.65799713134766
119.72100067138672
119.55899810791016
119.39299774169922
119.29199981689453
119.33300018310547
119.23200225830078
119.08399963378906
118.91400146484375
118.91899871826172
118.75499725341797
118.78900146484375
118.69300079345703
118.56600189208984
118.43299865722656
118.31300354003906
118.21499633789062
118.2490005493164
118.1510009765625
118.0510025024414
117.9219970703125
117.78399658203125
117.7249984741211
117.6780014038086
117.62000274658203
117.45700073242188
117.38800048828125
117.25299835205078
117.13300323486328
117.18399810791016
116.95600128173828
116.93800354003906
116.76000213623047
116.8479995727539
116.59500122070312
116.66200256347656
116.61000061035156
116.44300079345703
116.4000015258789
116.37899780273438
116.24800109863281
116.03500366210938
116.16999816894531
116.28600311279297
115.97699737548828
115.82599639892578
115.68199920654297
115.69999694824219
115.5739974975586
115.48300170898438
115.31999969482422
115.19000244140625
115.2750015258789
115.38600158691406
115.1449966430664
114.99400329589844
114.9010009765625
114.76799774169922
114.7239990234375
123.86199951171875
123.66600036621094
123.5989990234375
115.79000091552734
115.64199829101562
114.48799896240234
114.36000061035156
114.36699676513672
114.23799896240234
114.24500274658203
113.98200225830078
114.10700225830078
113.71800231933594
114.11199951171875
113.5979995727539
113.58999633789062
112.83200073242188
112.94599914550781
112.53700256347656
112.77799987792969
112.6780014038086
112.4000015258789
112.46499633789062
112.36499786376953
112.03700256347656
112.19599914550781
111.9229965209961
112.10900115966797
111.6510009765625
111.7770004272461
111.39199829101562
111.52999877929688
111.04499816894531
111.29199981689453
111.23500061035156
111.5009994506836
110.88300323486328
111.34400177001953
110.77100372314453
110.9739990234375
110.60600280761719
110.69400024414062
110.27300262451172
110.4530029296875
110.40399932861328
110.13200378417969
110.19000244140625
110.0979995727539
109.76799774169922
109.91999816894531
109.65399932861328
109.84500122070312
109.37000274658203
109.51599884033203
109.14600372314453
109.24400329589844
108.79100036621094
109.00499725341797
109.21499633789062
108.65699768066406
109.09500122070312
108.98200225830078
108.7490005493164
108.63800048828125
108.3030014038086
108.43000030517578
108.28800201416016
108.18499755859375
108.16999816894531
108.39600372314453
107.90599822998047
108.04299926757812
123.37000274658203
123.34300231933594
122.99800109863281
123.16000366210938
123.00700378417969
123.11900329589844
122.81800079345703
122.78399658203125
122.61599731445312
122.71700286865234
122.39800262451172
122.47899627685547
122.24700164794922
122.23300170898438
122.07599639892578
122.19599914550781
122.01100158691406
106.47699737548828
106.29100036621094
106.16999816894531
105.88500213623047
106.0250015258789
105.49299621582031
105.74400329589844
105.33000183105469
105.47200012207031
105.0459976196289
105.2030029296875
104.875
104.88999938964844
104.5
104.62300109863281
104.73300170898438
104.33200073242188
104.58999633789062
104.46600341796875
104.17900085449219
104.31400299072266
103.88099670410156
104.0510025024414
103.66799926757812
103.75199890136719
103.4020004272461
103.5979995727539
103.01200103759766
103.26399993896484
103.24600219726562
102.89199829101562
102.86499786376953
103.36499786376953
102.63300323486328
102.97899627685547
102.27799987792969
102.51100158691406
102.59400177001953
102.48200225830078
102.1050033569336
102.25599670410156
101.89099884033203
101.99500274658203
101.6259994506836
101.77799987792969
101.3030014038086
101.4229965209961
101.60299682617188
101.06800079345703
101.38300323486328
101.26200103759766
101.04399871826172
117.89700317382812
117.8280029296875
117.947998046875
117.64199829101562
117.71199798583984
117.3489990234375
117.39900207519531
117.1500015258789
117.22799682617188
116.94100189208984
117.10600280761719
116.85900115966797
116.90299987792969
116.58399963378906
116.70700073242188
116.39700317382812
116.50199890136719
116.3479995727539
116.4530029296875
116.09100341796875
116.19999694824219
115.89299774169922
116.01899719238281
115.61599731445312
115.78800201416016
115.69499969482422
115.96700286865234
115.56800079345703
115.79900360107422
115.39099884033203
115.48300170898438
115.19400024414062
115.24500274658203
114.9489974975586
115.05599975585938
114.86900329589844
114.79199981689453
114.7239990234375
114.95600128173828
114.56300354003906
114.69499969482422
114.26399993896484
114.4990005493164
113.89399719238281
114.11799621582031
114.40499877929688
113.78700256347656
114.16500091552734
114.06900024414062
113.802001953125
113.72100067138672
100.22200012207031
107.2020034790039
107.30999755859375
107.4260025024414
107.00900268554688
107.28900146484375
107.1780014038086
106.93800354003906
106.87799835205078
106.58399963378906
106.76200103759766
106.22799682617188
106.47699737548828
105.87699890136719
106.1259994506836
105.60800170898438
105.7760009765625
105.42400360107422
105.49199676513672
105.17500305175781
105.35099792480469
104.82599639892578
105.06999969482422
105.03399658203125
104.71399688720703
104.68099975585938
105.14199829101562
104.56700134277344
104.78399658203125
104.41400146484375
104.54399871826172
104.22000122070312
104.34300231933594
103.93399810791016
104.06199645996094
103.58699798583984
103.70899963378906
104.20099639892578
103.39299774169922
104.02300262451172
103.91400146484375
103.56099700927734
103.68499755859375
103.33100128173828
103.26000213623047
102.97799682617188
103.14199829101562
102.60800170898438
102.84700012207031
102.47599792480469
102.47899627685547
102.2969970703125
102.35299682617188
107.93199920654297
107.78800201416016
107.68000030517578
107.5250015258789
107.51899719238281
107.36299896240234
107.46099853515625
106.96099853515625
107.20500183105469
107.1709976196289
106.8270034790039
106.79399871826172
107.28600311279297
106.66999816894531
106.89399719238281
106.51000213623047
106.63700103759766
106.28399658203125
106.41000366210938
105.98899841308594
106.14099884033203
106.25199890136719
105.77799987792969
106.07499694824219
105.95500183105469
105.72200012207031
105.65499877929688
105.4749984741211
105.49700164794922
105.13300323486328
105.28399658203125
105.0989990234375
105.41500091552734
104.98899841308594
105.21099853515625
104.91799926757812
104.9280014038086
104.65299987792969
104.78900146484375
104.2959976196289
104.43699645996094
104.62699890136719
104.05999755859375
104.38999938964844
104.2750015258789
104.00800323486328
103.91000366210938
103.62000274658203
103.78500366210938
103.33699798583984
103.50599670410156
103.11299896240234
103.21099853515625
102.72200012207031
102.84400177001953
102.69300079345703
103.05699920654297
102.54900360107422
102.80799865722656
102.4010009765625
102.53099822998047
102.06900024414062
102.29100036621094
101.80899810791016
101.95500183105469
101.79299926757812
113.47599792480469
113.29900360107422
113.45600128173828
112.93399810791016
113.16400146484375
112.71700286865234
112.84100341796875
112.53299713134766
112.68299865722656
112.1760025024414
112.41500091552734
111.80899810791016
112.05599975585938
111.52899932861328
111.68499755859375
111.375
111.50499725341797
111.03700256347656
111.26899719238281
110.74600219726562
110.90599822998047
110.58899688720703
110.7229995727539
110.24199676513672
110.47899627685547
110.11299896240234
110.11000061035156
109.97799682617188
109.96700286865234
109.72100067138672
109.83899688720703
109.46099853515625
109.84700012207031
109.16799926757812
109.33599853515625
109.02999877929688
109.16100311279297
108.69100189208984
108.90799713134766
108.3759994506836
108.55699920654297
108.2249984741211
108.35199737548828
107.9219970703125
108.12200164794922
107.61399841308594
107.8030014038086
107.43599700927734
107.49500274658203
107.28600311279297
107.36000061035156
107.052001953125
107.16100311279297
106.79499816894531
107.16500091552734
106.68299865722656
120.73500061035156
120.96800231933594
120.68099975585938
120.76200103759766
120.45999908447266
120.6050033569336
120.44599914550781
120.49600219726562
120.25
120.26300048828125
119.95500183105469
120.08000183105469
119.87000274658203
120.28600311279297
120.16500091552734
120.03199768066406
119.77400207519531
119.78600311279297
119.49800109863281
119.72899627685547
119.61499786376953
119.46900177001953
119.22000122070312
119.38899993896484
119.28399658203125
119.0530014038086
119.14199829101562
118.9739990234375
118.77100372314453
118.93199920654297
118.8759994506836
118.93900299072266
118.5469970703125
118.70899963378906
118.47799682617188
118.43699645996094
118.447998046875
118.6449966430664
118.23600006103516
118.29199981689453
118.15899658203125
118.27200317382812
117.92500305175781
118.0270004272461
117.78500366210938
117.84400177001953
117.5459976196289
117.70099639892578
117.48999786376953
117.43699645996094
117.58699798583984
117.43499755859375
117.21600341796875
117.37999725341797
117.15899658203125
117.26899719238281
116.89199829101562
117.0
116.7770004272461
116.83599853515625
116.6760025024414
116.73500061035156
116.43199920654297
116.54499816894531
116.23799896240234
116.36399841308594
119.97200012207031
119.85600280761719
119.9260025024414
119.57599639892578
119.68699645996094
119.36000061035156
119.48200225830078
119.12000274658203
119.18199920654297
118.91000366210938
119.08499908447266
118.78900146484375
118.86599731445312
118.58399963378906
118.65699768066406
118.34400177001953
118.55500030517578
118.27200317382812
118.3740005493164
118.01499938964844
118.13999938964844
117.85199737548828
117.91500091552734
117.76000213623047
117.822998046875
117.50299835205078
117.6500015258789
117.29199981689453
117.45899963378906
117.11499786376953
117.33599853515625
117.09700012207031
116.9800033569336
116.8219985961914
117.00399780273438
116.5979995727539
116.77100372314453
116.56700134277344
116.45999908447266
116.23400115966797
116.48999786376953
116.04299926757812
116.31600189208984
116.14099884033203
116.01699829101562
115.81500244140625
115.90699768066406
115.52100372314453
115.6729965209961
115.30599975585938
115.4010009765625
115.56300354003906
115.47699737548828
115.19999694824219
115.34500122070312
115.24800109863281
115.03199768066406
115.09400177001953
114.9800033569336
123.13400268554688
123.3550033569336
122.97899627685547
123.0
122.7760009765625
123.15499877929688
122.51699829101562
122.74700164794922
122.39600372314453
122.56600189208984
122.177001953125
122.36299896240234
121.99299621582031
122.2020034790039
121.802001953125
122.03399658203125
121.59700012207031
121.78800201416016
121.3949966430664
121.61399841308594
121.29100036621094
121.36399841308594
121.04900360107422
121.21800231933594
120.98500061035156
121.12100219726562
120.73999786376953
120.87699890136719
120.52999877929688
120.6719970703125
120.29900360107422
120.48200225830078
120.09200286865234
120.27899932861328
119.91100311279297
120.13700103759766
119.73300170898438
119.95600128173828
119.5459976196289
119.73200225830078
119.38999938964844
119.5780029296875
119.28299713134766
119.34400177001953
119.03900146484375
119.16799926757812
118.80400085449219
118.90299987792969
118.5989990234375
118.83899688720703
118.66699981689453
118.5260009765625
118.29499816894531
118.41999816894531
118.20099639892578
118.25299835205078
117.85299682617188
118.0260009765625
117.70099639892578
117.93299865722656
110.86599731445312
110.58599853515625
110.73999786376953
110.55899810791016
110.45899963378906
110.27899932861328
110.43199920654297
110.11499786376953
110.10800170898438
109.87899780273438
109.96099853515625
109.7959976196289
109.72100067138672
109.45500183105469
109.6259994506836
109.21499633789062
109.3270034790039
109.01499938964844
109.1520004272461
108.85199737548828
108.99199676513672
108.53900146484375
108.7300033569336
108.3280029296875
108.40599822998047
108.0790023803711
108.23600006103516
107.98799896240234
107.90899658203125
107.64700317382812
107.7770004272461
107.36199951171875
107.5250015258789
107.33499908447266
107.20600128173828
107.01899719238281
107.18000030517578
106.77300262451172
106.89800262451172
106.5009994506836
106.66200256347656
106.28900146484375
106.47100067138672
105.9469985961914
106.16899871826172
106.23699951171875
106.11799621582031
105.75299835205078
105.91699981689453
105.64199829101562
124.41300201416016
124.55899810791016
124.36799621582031
124.55400085449219
124.13899993896484
124.1760025024414
123.78500366210938
123.89700317382812
123.75
123.9749984741211
123.5770034790039
123.53900146484375
123.23300170898438
123.34500122070312
123.375
123.18499755859375
122.93599700927734
122.9800033569336
122.58799743652344
122.68099975585938
122.5469970703125
122.77999877929688
122.38600158691406
122.34400177001953
122.24500274658203
122.14700317382812
121.99800109863281
122.0479965209961
121.77100372314453
121.79900360107422
121.44999694824219
121.56199645996094
121.40499877929688
121.58899688720703
121.17400360107422
124.41999816894531
124.39800262451172
124.2249984741211
124.1709976196289
123.85299682617188
124.03099822998047
123.63400268554688
123.71299743652344
123.4489974975586
123.48699951171875
123.21600341796875
123.4010009765625
123.06700134277344
123.0199966430664
122.8759994506836
122.83699798583984
122.61399841308594
122.62200164794922
122.44400024414062
122.46199798583984
122.23699951171875
122.26399993896484
122.08300018310547
122.08100128173828
121.83000183105469
121.88300323486328
121.6760025024414
121.64600372314453
121.42900085449219
121.45099639892578
121.28299713134766
121.23100280761719
121.05000305175781
121.08699798583984
120.68299865722656
120.8550033569336
120.69499969482422
120.8219985961914
120.5
120.4530029296875
120.25900268554688
120.26499938964844
120.10299682617188
120.06300354003906
119.86499786376953
119.91000366210938
119.72000122070312
119.71499633789062
119.46800231933594
119.52100372314453
119.29100036621094
107.05599975585938
106.93399810791016
106.51300048828125
106.68399810791016
106.3239974975586
106.39800262451172
106.02999877929688
106.20099639892578
105.99600219726562
105.85099792480469
105.66799926757812
105.81700134277344
105.45099639892578
105.60199737548828
105.12100219726562
105.2770004272461
105.4219970703125
104.97699737548828
105.22100067138672
105.09400177001953
104.8010025024414
104.95099639892578
104.53500366210938
104.68000030517578
104.36299896240234
104.51200103759766
104.05000305175781
104.23300170898438
104.31900024414062
104.18900299072266
103.87699890136719
104.0260009765625
103.63700103759766
103.78399658203125
103.30799865722656
103.46099853515625
102.90399932861328
103.04000091552734
103.28600311279297
103.61100006103516
103.01799774169922
103.41300201416016
102.63500213623047
102.87100219726562
102.24600219726562
102.50700378417969
101.83999633789062
102.10299682617188
101.427001953125
101.69499969482422
102.62100219726562
101.28199768066406
102.22200012207031
102.47899627685547
102.0790023803711
106.43499755859375
106.25900268554688
104.69200134277344
103.76300048828125
103.49299621582031
107.81300354003906
107.38300323486328
107.37200164794922
107.66600036621094
107.53700256347656
107.08899688720703
106.94599914550781
107.22899627685547
107.09500122070312
106.75499725341797
106.62699890136719
106.90499877929688
106.802001953125
106.21499633789062
106.14900207519531
106.41999816894531
106.35099792480469
105.63400268554688
105.60600280761719
105.99600219726562
105.87200164794922
105.02899932861328
104.84600067138672
105.4800033569336
105.37899780273438
104.50399780273438
104.30599975585938
104.93299865722656
104.73799896240234
104.697998046875
104.58999633789062
104.20099639892578
104.31600189208984
105.24299621582031
105.14099884033203
104.51300048828125
104.41300201416016
104.00199890136719
103.87899780273438
105.12100219726562
104.93000030517578
103.4990005493164
103.7509994506836
103.85299682617188
103.61000061035156
103.25599670410156
103.14299774169922
103.47699737548828
103.59100341796875
103.23100280761719
102.77400207519531
102.91100311279297
103.12200164794922
102.5199966430664
102.38400268554688
102.87200164794922
102.65599822998047
101.86000061035156
102.14700317382812
102.01200103759766
101.6520004272461
101.51300048828125
101.49700164794922
101.62100219726562
106.61100006103516
106.45099639892578
106.65499877929688
106.0
105.94000244140625
106.3219985961914
106.1240005493164
105.68099975585938
105.67900085449219
105.80000305175781
105.86199951171875
104.927001953125
105.00900268554688
105.54900360107422
105.14199829101562
105.2509994506836
105.20500183105469
104.81400299072266
105.3270034790039
104.55599975585938
104.31999969482422
105.0260009765625
104.66999816894531
104.02200317382812
103.89399719238281
104.19599914550781
104.03700256347656
103.44400024414062
103.18900299072266
103.78299713134766
103.56700134277344
102.82099914550781
102.70500183105469
103.0719985961914
103.06900024414062
102.802001953125
102.56600189208984
102.94499969482422
102.68599700927734
102.31400299072266
102.08200073242188
102.5530014038086
102.43199920654297
109.9209976196289
109.7959976196289
110.03700256347656
109.95800018310547
109.4469985961914
109.54399871826172
109.67500305175781
109.58200073242188
109.21199798583984
109.05699920654297
109.29100036621094
109.375
108.65799713134766
108.74400329589844
108.93499755859375
108.81600189208984
108.30899810791016
108.40299987792969
108.50499725341797
108.47100067138672
108.10299682617188
108.0199966430664
108.24800109863281
108.14099884033203
107.66799926757812
107.74700164794922
107.9000015258789
107.78099822998047
107.4010009765625
107.34600067138672
107.49500274658203
107.50900268554688
107.13899993896484
107.01000213623047
107.25199890136719
107.16000366210938
106.64600372314453
106.53399658203125
106.91699981689453
106.7699966430664
106.32099914550781
106.47699737548828
106.33200073242188
106.73999786376953
106.25
106.33699798583984
106.59700012207031
106.53800201416016
106.78099822998047
106.5009994506836
106.40399932861328
106.81700134277344
106.24800109863281
106.33300018310547
106.61599731445312
106.68499755859375
106.28500366210938
106.15599822998047
106.52200317382812
106.63600158691406
106.02799987792969
105.86000061035156
106.16600036621094
106.18199920654297
105.68699645996094
105.71700286865234
105.99199676513672
106.0780029296875
105.52899932861328
105.61499786376953
105.88899993896484
105.9739990234375
105.80500030517578
105.57499694824219
105.40799713134766
105.93099975585938
105.11599731445312
105.22000122070312
105.4540023803711
105.26799774169922
104.75599670410156
105.33899688720703
104.97599792480469
104.85399627685547
104.71399688720703
113.23799896240234
112.927001953125
112.62200164794922
112.51499938964844
113.0510025024414
112.75599670410156
112.08799743652344
112.31999969482422
112.37200164794922
112.19200134277344
111.78900146484375
111.63200378417969
111.99400329589844
112.11399841308594
111.68800354003906
111.43299865722656
111.48100280761719
111.58300018310547
111.06600189208984
110.85600280761719
111.33699798583984
111.22899627685547
111.02300262451172
110.64900207519531
110.69599914550781
110.50599670410156
110.34200286865234
110.23300170898438
110.76799774169922
110.45999908447266
109.93099975585938
109.76300048828125
110.11000061035156
110.06300354003906
109.83599853515625
109.38999938964844
109.53099822998047
109.71499633789062
109.1969985961914
108.98500061035156
109.45700073242188
109.21099853515625
109.11599731445312
108.63700103759766
108.86799621582031
108.58300018310547
108.38999938964844
108.45800018310547
108.79900360107422
108.93000030517578
108.25800323486328
108.375
108.25399780273438
108.5770034790039
107.46299743652344
107.58000183105469
107.99199676513672
107.84300231933594
107.16500091552734
110.24800109863281
109.93499755859375
109.80599975585938
110.12000274658203
109.9520034790039
109.3489990234375
109.14299774169922
109.69599914550781
109.4729995727539
108.88700103759766
108.7030029296875
109.0999984741211
108.97000122070312
108.26699829101562
108.13999938964844
108.58200073242188
108.33300018310547
107.8270034790039
107.5719985961914
108.0790023803711
107.94200134277344
107.18299865722656
107.09500122070312
107.45700073242188
107.2979965209961
106.95600128173828
106.83599853515625
106.96600341796875
107.05000305175781
106.35399627685547
106.19499969482422
106.70800018310547
106.46199798583984
105.75599670410156
105.64299774169922
106.08100128173828
105.99800109863281
105.62100219726562
105.72599792480469
105.51899719238281
105.94400024414062
105.26200103759766
105.0479965209961
105.50499725341797
105.38899993896484
104.5780029296875
104.3550033569336
104.9219970703125
104.70700073242188
103.86799621582031
104.22599792480469
103.99600219726562
110.26000213623047
110.1259994506836
109.76899719238281
109.68199920654297
109.93800354003906
109.89700317382812
109.12100219726562
109.03900146484375
109.48400115966797
109.36100006103516
108.72100067138672
108.60099792480469
108.91100311279297
108.86699676513672
108.0979995727539
108.08699798583984
108.35299682617188
108.2239990234375
107.95899963378906
107.7490005493164
107.99600219726562
107.86199951171875
107.22899627685547
107.11900329589844
107.5989990234375
107.48600006103516
106.76599884033203
106.73300170898438
106.97899627685547
106.86599731445312
106.49800109863281
106.30699920654297
106.55599975585938
106.4219970703125
105.77999877929688
105.67400360107422
106.14099884033203
106.03600311279297
105.31999969482422
105.0770034790039
105.53500366210938
105.4209976196289
104.61599731445312
104.46299743652344
104.97100067138672
104.73699951171875
104.95099639892578
104.60900115966797
105.28900146484375
105.06500244140625
104.37000274658203
104.21299743652344
104.72200012207031
104.33499908447266
104.00700378417969
103.88300323486328
107.56400299072266
107.36799621582031
107.80999755859375
107.48899841308594
106.98200225830078
106.83999633789062
107.20099639892578
107.10700225830078
106.76399993896484
106.61299896240234
106.9469985961914
106.6969985961914
106.76899719238281
106.4520034790039
106.68900299072266
106.44999694824219
106.65299987792969
106.69400024414062
106.5719985961914
106.65399932861328
106.62300109863281
106.40399932861328
106.77999877929688
106.59300231933594
104.2959976196289
106.63700103759766
104.53900146484375
104.39700317382812
106.36100006103516
106.22200012207031
106.44999694824219
106.43699645996094
105.88200378417969
105.65699768066406
106.14900207519531
105.99700164794922
105.40299987792969
105.13500213623047
105.55899810791016
105.42500305175781
105.38899993896484
105.28500366210938
105.00399780273438
104.90699768066406
104.98100280761719
104.85900115966797
105.21800231933594
105.11199951171875
104.62100219726562
104.51599884033203
104.73899841308594
104.63300323486328
104.71399688720703
105.36799621582031
104.3740005493164
104.25199890136719
104.02899932861328
103.97599792480469
103.5979995727539
104.13700103759766
103.58399963378906
103.46299743652344
103.81199645996094
103.68299865722656
103.20999908447266
103.02899932861328
103.44999694824219
103.31800079345703
102.91600036621094
110.68399810791016
110.34700012207031
110.48600006103516
110.56999969482422
110.41300201416016
110.20700073242188
110.10900115966797
110.63600158691406
110.36699676513672
110.03099822998047
110.1449966430664
109.9010009765625
110.302001953125
109.63600158691406
109.59200286865234
109.79399871826172
109.82599639892578
109.36100006103516
109.2239990234375
109.40499877929688
109.52100372314453
109.01499938964844
108.92400360107422
109.12000274658203
109.0530014038086
108.73999786376953
108.85199737548828
108.77400207519531
108.6259994506836
108.37699890136719
108.24800109863281
108.59300231933594
108.45800018310547
107.93499755859375
108.03399658203125
108.22000122070312
108.09700012207031
107.54499816894531
107.41600036621094
107.81600189208984
107.66899871826172
107.01799774169922
107.3949966430664
107.2699966430664
107.13600158691406
106.88300323486328
106.86399841308594
107.11499786376953
107.22799682617188
106.58000183105469
106.47799682617188
106.74199676513672
106.61000061035156
106.35900115966797
106.21900177001953
106.33399963378906
106.4229965209961
106.39299774169922
106.47799682617188
106.11000061035156
106.41699981689453
106.37000274658203
106.15799713134766
106.16500091552734
106.2770004272461
106.14900207519531
106.05999755859375
106.23100280761719
106.41500091552734
105.2699966430664
105.14399719238281
106.51899719238281
106.20099639892578
101.36299896240234
101.68099975585938
101.49700164794922
106.43199920654297
106.54399871826172
106.16500091552734
106.2959976196289
106.1780014038086
106.3239974975586
105.5770034790039
105.70700073242188
105.92500305175781
106.03299713134766
104.89299774169922
104.99500274658203
105.23699951171875
105.34200286865234
104.23600006103516
104.34100341796875
104.55400085449219
104.65399932861328
104.09700012207031
103.85700225830078
103.96600341796875
104.10800170898438
103.50399780273438
103.63600158691406
103.947998046875
103.83499908447266
103.12899780273438
103.23799896240234
103.38899993896484
103.59400177001953
102.48400115966797
102.60099792480469
102.75599670410156
102.88800048828125
102.35199737548828
102.40799713134766
108.12999725341797
107.6989974975586
107.87799835205078
108.06099700927734
107.99400329589844
107.0260009765625
107.23100280761719
107.33699798583984
107.58999633789062
106.6259994506836
106.7760009765625
106.87000274658203
106.90899658203125
105.947998046875
106.1760025024414
106.29299926757812
106.51599884033203
106.5
105.48999786376953
105.60399627685547
105.83999633789062
105.81500244140625
106.1510009765625
106.27300262451172
106.61100006103516
105.35199737548828
105.56999969482422
105.46700286865234
105.91999816894531
104.85299682617188
105.09500122070312
105.21399688720703
105.33499908447266
104.38800048828125
104.46900177001953
104.58599853515625
104.74800109863281
103.99099731445312
104.01599884033203
104.31999969482422
104.14199829101562
103.41100311279297
103.61199951171875
103.75
104.09100341796875
103.15399932861328
103.02400207519531
103.16600036621094
103.30000305175781
102.63500213623047
102.77100372314453
102.98999786376953
102.88700103759766
102.5
115.98300170898438
115.7020034790039
115.63999938964844
115.80599975585938
115.86499786376953
115.14600372314453
115.34400177001953
115.49800109863281
115.49400329589844
114.66699981689453
114.87100219726562
114.9749984741211
115.11100006103516
114.14700317382812
114.27899932861328
114.31500244140625
114.552001953125
113.54499816894531
113.74800109863281
113.89800262451172
114.0530014038086
113.08399963378906
113.2770004272461
113.38300323486328
113.51599884033203
112.5989990234375
112.66799926757812
112.78299713134766
112.96700286865234
112.33599853515625
112.33200073242188
112.53099822998047
112.45899963378906
111.83000183105469
111.83200073242188
111.94400024414062
112.197998046875
111.53500366210938
111.46600341796875
111.69999694824219
111.61599731445312
111.04499816894531
111.02400207519531
111.16999816894531
111.3489990234375
110.61000061035156
110.72000122070312
110.91000366210938
110.86000061035156
110.23600006103516
110.31600189208984
110.43299865722656
110.73300170898438
109.9729995727539
110.16999816894531
109.88500213623047
110.00199890136719
109.33399963378906
109.56400299072266
109.66200256347656
109.8479995727539
109.19200134277344
109.5199966430664
109.63899993896484
109.20899963378906
109.2959976196289
111.35900115966797
111.49099731445312
111.28800201416016
111.1780014038086
111.08300018310547
111.24299621582031
110.70099639892578
110.85099792480469
110.95899963378906
111.04299926757812
110.34300231933594
110.49199676513672
110.53600311279297
110.65799713134766
109.87100219726562
110.0260009765625
110.15799713134766
110.23699951171875
109.94400024414062
109.8280029296875
110.11900329589844
109.74099731445312
109.41400146484375
109.65499877929688
109.53099822998047
109.5739974975586
109.03600311279297
109.09100341796875
109.33300018310547
109.25499725341797
108.84200286865234
108.76699829101562
108.93399810791016
109.16200256347656
108.5199966430664
108.58300018310547
108.46499633789062
108.61199951171875
108.15699768066406
108.23200225830078
108.36299896240234
108.2699966430664
107.83999633789062
107.86499786376953
107.91799926757812
108.04100036621094
107.62699890136719
107.73899841308594
107.79100036621094
107.71299743652344
107.37999725341797
107.59400177001953
107.5260009765625
121.6760025024414
121.28500366210938
121.34400177001953
121.40599822998047
121.59100341796875
120.83100128173828
120.88999938964844
121.1500015258789
121.10299682617188
120.58300018310547
120.55599975585938
120.73500061035156
120.97000122070312
120.25299835205078
120.14700317382812
120.33000183105469
120.3499984741211
119.84600067138672
120.00900268554688
120.06700134277344
120.02200317382812
119.63999938964844
119.54100036621094
119.8280029296875
119.78500366210938
118.99199676513672
119.17500305175781
119.23799896240234
119.41899871826172
118.74500274658203
118.70899963378906
118.8740005493164
118.92500305175781
118.27799987792969
118.36699676513672
118.49800109863281
118.64700317382812
118.06300354003906
118.02899932861328
118.19200134277344
118.21499633789062
117.68699645996094
117.65799713134766
117.75199890136719
117.8740005493164
117.24099731445312
117.3759994506836
117.427001953125
117.59400177001953
116.98500061035156
117.0790023803711
117.13400268554688
117.18599700927734
116.66200256347656
116.59400177001953
116.71299743652344
116.87000274658203
116.17900085449219
116.31900024414062
116.43199920654297
116.43000030517578
115.83000183105469
115.99099731445312
116.03900146484375
116.12999725341797
115.38899993896484
115.49700164794922
115.62699890136719
115.7229995727539
108.37000274658203
108.49199676513672
107.99600219726562
108.03500366210938
108.16400146484375
108.2239990234375
107.6719970703125
107.7020034790039
107.86100006103516
107.9000015258789
107.50700378417969
107.5
107.40699768066406
107.58799743652344
107.3290023803711
107.35600280761719
107.21800231933594
107.3499984741211
107.23699951171875
107.19000244140625
107.22699737548828
107.16999816894531
107.1719970703125
107.11000061035156
107.1520004272461
107.14099884033203
105.84600067138672
105.98100280761719
107.01300048828125
107.03700256347656
104.76599884033203
104.90799713134766
105.51499938964844
105.7239990234375
104.06900024414062
104.30400085449219
104.41300201416016
104.65499877929688
103.55699920654297
103.69499969482422
103.7969970703125
103.93800354003906
102.97699737548828
103.22799682617188
103.31900024414062
103.44100189208984
102.2249984741211
102.46800231933594
102.60199737548828
102.83899688720703
106.84500122070312
107.05599975585938
101.93299865722656
102.09500122070312
106.71700286865234
106.86900329589844
109.96099853515625
109.6780014038086
109.60700225830078
109.83599853515625
109.79900360107422
109.32499694824219
109.32099914550781
109.48600006103516
109.4530029296875
109.00900268554688
108.93299865722656
109.08899688720703
109.16899871826172
108.38400268554688
108.53700256347656
108.56900024414062
108.84600067138672
108.01899719238281
107.94599914550781
108.10700225830078
108.26300048828125
107.70700073242188
107.71199798583984
107.86199951171875
107.79399871826172
107.16000366210938
107.29900360107422
107.38500213623047
107.552001953125
106.63200378417969
106.74700164794922
106.927001953125
107.05999755859375
106.43099975585938
106.69200134277344
106.5770034790039
106.89900207519531
106.13400268554688
106.1780014038086
106.30999755859375
106.39800262451172
105.72799682617188
105.77400207519531
106.06300354003906
105.9260025024414
105.53199768066406
105.56400299072266
105.73799896240234
105.83699798583984
105.20899963378906
105.36299896240234
105.3030014038086
105.47799682617188
105.3010025024414
105.18000030517578
105.44200134277344
105.06800079345703
104.78399658203125
104.91400146484375
105.04000091552734
112.74600219726562
112.78800201416016
112.30599975585938
112.39399719238281
112.49600219726562
112.58399963378906
111.83399963378906
111.93599700927734
112.0979995727539
112.14299774169922
111.48600006103516
111.85700225830078
111.75299835205078
111.6050033569336
111.0999984741211
111.2979965209961
111.3219985961914
111.53199768066406
110.89800262451172
111.22100067138672
110.80999755859375
110.94499969482422
110.58399963378906
110.72100067138672
110.74700164794922
111.0
110.24199676513672
110.28199768066406
110.41400146484375
110.49600219726562
109.76000213623047
109.91000366210938
110.00399780273438
110.11199951171875
109.56099700927734
109.40899658203125
109.87100219726562
109.64299774169922
109.44599914550781
109.48899841308594
109.36699676513672
109.72100067138672
109.09400177001953
108.99800109863281
109.1729965209961
109.28600311279297
108.77200317382812
108.91600036621094
108.93099975585938
109.21199798583984
108.3479995727539
108.60099792480469
108.51000213623047
108.68399810791016
108.0510025024414
108.28500366210938
108.34500122070312
108.22599792480469
107.9800033569336
107.86100006103516
107.88800048828125
108.12200164794922
107.68399810791016
107.73799896240234
114.44599914550781
114.59400177001953
113.97599792480469
114.11599731445312
114.48600006103516
114.38099670410156
113.37699890136719
113.55799865722656
113.70800018310547
113.8479995727539
113.3489990234375
113.64900207519531
113.52999877929688
113.81800079345703
112.70899963378906
112.87200164794922
113.08000183105469
113.19300079345703
112.2770004272461
112.33300018310547
112.44200134277344
112.56500244140625
111.85099792480469
112.01699829101562
112.00199890136719
112.15299987792969
111.29000091552734
111.447998046875
111.54100036621094
111.66999816894531
110.95600128173828
111.1259994506836
111.13999938964844
111.36900329589844
110.52799987792969
110.79499816894531
110.70700073242188
110.947998046875
110.14700317382812
110.28199768066406
110.39900207519531
110.6240005493164
109.72100067138672
109.96199798583984
109.88200378417969
110.08200073242188
109.44100189208984
109.5979995727539
109.56900024414062
109.73600006103516
109.09500122070312
109.25800323486328
109.20800018310547
109.36100006103516
108.91100311279297
108.69599914550781
108.81500244140625
108.94100189208984
108.75599670410156
108.63400268554688
101.58200073242188
102.10299682617188
101.9749984741211
100.7959976196289
101.31099700927734
101.19000244140625
101.70600128173828
100.91600036621094
117.67900085449219
117.28600311279297
117.5510025024414
117.47100067138672
117.73300170898438
117.06999969482422
117.1780014038086
117.12799835205078
117.31300354003906
116.63200378417969
116.68699645996094
116.78299713134766
116.91200256347656
116.25299835205078
116.29900360107422
116.38999938964844
116.56800079345703
115.79000091552734
116.06900024414062
116.00800323486328
116.42400360107422
115.39600372314453
115.47899627685547
115.66000366210938
115.89700317382812
114.80599975585938
114.93499755859375
115.13200378417969
115.23100280761719
114.43000030517578
114.58699798583984
114.64199829101562
114.79499816894531
113.98200225830078
114.24099731445312
114.2699966430664
114.4489974975586
113.79000091552734
114.07599639892578
113.69300079345703
113.86000061035156
113.39900207519531
113.49800109863281
113.65499877929688
113.91300201416016
112.94400024414062
113.20999908447266
113.12699890136719
113.25599670410156
112.47200012207031
112.57599639892578
112.80699920654297
112.9800033569336
111.80999755859375
111.95999908447266
112.12100219726562
112.23500061035156
111.49299621582031
111.71299743652344
111.62699890136719
111.93000030517578
111.03700256347656
111.15299987792969
111.2239990234375
111.36299896240234
120.322998046875
119.99199676513672
120.052001953125
120.18900299072266
120.17400360107422
119.5719985961914
119.70899963378906
119.87000274658203
119.8239974975586
119.22799682617188
119.29900360107422
119.40599822998047
119.45999908447266
118.76499938964844
118.95800018310547
119.05699920654297
119.19999694824219
118.39299774169922
118.50199890136719
118.5250015258789
118.66600036621094
118.3489990234375
118.25299835205078
118.16200256347656
118.27300262451172
117.69000244140625
117.90399932861328
118.0270004272461
118.14199829101562
117.22000122070312
117.21299743652344
117.32499694824219
117.55799865722656
116.95899963378906
116.89299774169922
117.02100372314453
117.09400177001953
116.26899719238281
116.4990005493164
116.62300109863281
116.78299713134766
115.63300323486328
115.79499816894531
115.91500091552734
116.14600372314453
115.2040023803711
115.39600372314453
115.48200225830078
115.60099792480469
114.48799896240234
114.72200012207031
114.84400177001953
115.08399963378906
114.10099792480469
114.23799896240234
114.27100372314453
114.39800262451172
113.61000061035156
113.72699737548828
113.96800231933594
116.40899658203125
116.6240005493164
116.06800079345703
116.31400299072266
116.2979965209961
116.45999908447266
115.75800323486328
115.8550033569336
116.01599884033203
116.15899658203125
115.29299926757812
115.4800033569336
115.57599639892578
115.68599700927734
115.05699920654297
115.15399932861328
115.24400329589844
115.38200378417969
114.71700286865234
114.76399993896484
114.88099670410156
114.9280014038086
114.29000091552734
114.46499633789062
114.43599700927734
114.57499694824219
113.63899993896484
113.81500244140625
113.9520034790039
114.20600128173828
113.75599670410156
114.2020034790039
114.09700012207031
114.36599731445312
113.48699951171875
113.46900177001953
113.8290023803711
113.70800018310547
113.42400360107422
113.31300354003906
113.54900360107422
113.35099792480469
112.68299865722656
112.822998046875
113.06600189208984
113.14700317382812
112.70999908447266
112.625
113.06500244140625
112.96900177001953
112.1709976196289
112.20999908447266
112.3280029296875
112.45999908447266
112.02999877929688
112.16400146484375
112.4020004272461
112.29100036621094
111.93199920654297
111.8280029296875
112.11799621582031
111.87799835205078
111.4749984741211
111.37799835205078
111.5459976196289
111.65399932861328
111.16000366210938
111.30599975585938
111.31600189208984
111.56099700927734
111.0250015258789
111.09100341796875
123.54499816894531
123.75700378417969
123.87699890136719
124.05799865722656
123.16799926757812
123.25499725341797
123.4469985961914
100.76100158691406
100.58599853515625
118.15499877929688
118.01499938964844
117.85600280761719
117.74700164794922
118.60299682617188
118.4530029296875
118.49600219726562
118.33899688720703
117.41600036621094
117.28199768066406
117.0510025024414
116.91899871826172
117.677001953125
117.5469970703125
117.60900115966797
117.4229965209961
116.31500244140625
116.18199920654297
115.94499969482422
115.81900024414062
116.69000244140625
116.63200378417969
116.51000213623047
116.44400024414062
115.375
115.21299743652344
115.10399627685547
115.21900177001953
115.61499786376953
115.5
115.47100067138672
115.33399963378906
114.27300262451172
114.24199676513672
114.09600067138672
113.97200012207031
114.86000061035156
114.73100280761719
114.49800109863281
114.4010009765625
113.28399658203125
113.16400146484375
112.9489974975586
112.81300354003906
113.71099853515625
113.58899688720703
113.4219970703125
113.41400146484375
112.18800354003906
112.06099700927734
111.81099700927734
111.68599700927734
112.6050033569336
112.552001953125
112.42900085449219
112.35299682617188
111.03600311279297
110.90699768066406
110.73300170898438
110.7040023803711
111.52899932861328
111.50499725341797
111.375
111.26699829101562
110.5739974975586
110.4729995727539
102.31199645996094
120.96700286865234
120.85399627685547
120.78700256347656
120.62000274658203
120.4020004272461
120.47899627685547
120.89900207519531
120.98100280761719
120.8550033569336
120.68399810791016
120.19200134277344
119.90599822998047
119.90299987792969
120.03199768066406
120.36699676513672
120.2969970703125
120.13300323486328
119.96700286865234
119.49199676513672
119.33000183105469
119.2760009765625
119.41300201416016
119.71199798583984
119.86000061035156
119.79900360107422
119.65399932861328
118.81600189208984
119.20800018310547
118.94000244140625
119.03600311279297
119.55000305175781
119.14600372314453
119.14399719238281
119.02100372314453
118.34100341796875
118.18099975585938
118.41999816894531
117.9739990234375
118.61299896240234
118.60600280761719
118.72899627685547
118.50399780273438
118.11299896240234
118.25599670410156
107.65499877929688
107.54299926757812
107.53299713134766
107.37899780273438
106.8740005493164
106.81099700927734
106.6719970703125
106.60099792480469
107.41300201416016
107.23699951171875
107.11699676513672
107.25199890136719
106.10900115966797
106.01699829101562
105.96499633789062
105.84200286865234
106.44200134277344
106.2969970703125
106.2959976196289
106.16000366210938
104.80799865722656
105.27200317382812
105.1780014038086
105.04900360107422
105.64800262451172
105.53199768066406
105.40499877929688
105.38800048828125
104.66400146484375
104.51100158691406
104.32099914550781
104.2020034790039
104.9530029296875
104.86699676513672
104.91100311279297
104.62100219726562
103.82599639892578
103.74400329589844
103.5770034790039
103.45899963378906
104.72200012207031
105.25599670410156
103.99600219726562
103.9530029296875
102.5790023803711
102.46099853515625
102.36599731445312
102.11900329589844
103.20500183105469
103.09200286865234
102.83899688720703
102.72899627685547
102.0979995727539
101.83999633789062
101.99400329589844
101.8489990234375
102.32599639892578
101.98400115966797
113.56400299072266
113.4260025024414
113.24199676513672
113.15699768066406
113.77999877929688
113.73200225830078
113.64199829101562
113.37899780273438
113.06700134277344
113.1729965209961
112.71099853515625
112.89099884033203
112.79299926757812
112.53700256347656
112.42400360107422
112.197998046875
112.24800109863281
112.1989974975586
112.03800201416016
112.8030014038086
112.25199890136719
112.41300201416016
112.48899841308594
112.01300048828125
111.5510025024414
111.64800262451172
111.38200378417969
111.96700286865234
111.76699829101562
111.60900115966797
111.90599822998047
111.30599975585938
111.05799865722656
110.9219970703125
110.77999877929688
111.23899841308594
111.10600280761719
111.06099700927734
111.22000122070312
110.51000213623047
110.38400268554688
110.29199981689453
110.23899841308594
111.01100158691406
110.7300033569336
110.83999633789062
110.55899810791016
110.00499725341797
109.78399658203125
109.61399841308594
109.625
110.10299682617188
109.9469985961914
110.19000244140625
109.89800262451172
109.23100280761719
109.08699798583984
108.98799896240234
108.9280014038086
109.56500244140625
109.4800033569336
109.27400207519531
109.42400360107422
108.62699890136719
108.74099731445312
108.43900299072266
108.28700256347656
108.88999938964844
108.81300354003906
108.66100311279297
108.4729995727539
107.6449966430664
108.18399810791016
108.08799743652344
107.96900177001953
107.87999725341797
103.88400268554688
103.73799896240234
103.55699920654297
103.44000244140625
104.41300201416016
104.23999786376953
104.14299774169922
103.98400115966797
104.197998046875
104.072998046875
103.95500183105469
103.28299713134766
103.29499816894531
104.61000061035156
104.46499633789062
104.37100219726562
103.1050033569336
102.84600067138672
102.71700286865234
102.59100341796875
103.12899780273438
103.00599670410156
102.85800170898438
102.98400115966797
101.73999786376953
101.72699737548828
101.56400299072266
101.44100189208984
102.34300231933594
102.19999694824219
101.99500274658203
101.87799835205078
101.2959976196289
101.41999816894531
101.54199981689453
101.28600311279297
107.5270004272461
107.62200164794922
107.41400146484375
107.26399993896484
107.76100158691406
106.46900177001953
106.33699798583984
106.19499969482422
106.08999633789062
107.15499877929688
106.90399932861328
106.7979965209961
106.57599639892578
105.73999786376953
105.58699798583984
105.71399688720703
105.81900024414062
106.322998046875
106.06099700927734
106.1719970703125
105.85099792480469
104.98899841308594
104.76100158691406
104.63200378417969
104.4469985961914
105.56900024414062
105.43399810791016
105.3290023803711
105.12000274658203
103.89199829101562
103.66000366210938
103.54199981689453
103.31600189208984
104.39900207519531
104.2750015258789
104.19300079345703
104.01100158691406
102.54000091552734
102.41699981689453
102.3489990234375
103.19200134277344
102.9530029296875
102.83599853515625
102.59500122070312
108.15699768066406
108.0479965209961
107.61799621582031
107.72699737548828
107.41300201416016
107.30500030517578
107.91000366210938
107.75599670410156
107.6510009765625
107.89299774169922
106.93699645996094
106.83799743652344
106.68199920654297
106.54000091552734
107.10399627685547
107.27400207519531
107.375
107.08100128173828
105.6240005493164
105.51799774169922
105.36699676513672
105.2509994506836
106.31700134277344
106.2229995727539
105.98999786376953
105.86000061035156
105.11599731445312
104.78199768066406
104.89199829101562
104.43099975585938
105.16400146484375
104.91899871826172
104.80999755859375
104.57099914550781
104.0270004272461
103.9000015258789
103.80400085449219
103.6709976196289
104.53299713134766
104.31500244140625
104.18599700927734
104.04100036621094
103.35199737548828
103.24099731445312
103.04900360107422
102.9209976196289
103.5009994506836
103.65599822998047
103.77100372314453
103.48600006103516
102.78299713134766
102.53099822998047
102.64600372314453
102.7969970703125
102.6709976196289
102.55699920654297
102.3949966430664
110.31800079345703
110.18499755859375
110.06199645996094
109.89900207519531
110.63099670410156
110.4520034790039
110.5250015258789
109.48100280761719
109.30400085449219
109.17400360107422
109.07499694824219
109.77300262451172
109.87200164794922
109.61799621582031
109.64600372314453
108.6050033569336
108.45700073242188
108.3219985961914
108.43099975585938
109.0009994506836
108.9010009765625
108.8759994506836
108.7300033569336
107.69000244140625
107.75299835205078
107.45999908447266
107.5989990234375
108.14299774169922
108.25199890136719
108.01499938964844
107.85399627685547
107.06099700927734
106.96299743652344
106.80400085449219
106.56900024414062
107.42400360107422
107.28199768066406
107.16799926757812
107.0979995727539
106.25599670410156
106.26200103759766
106.197998046875
106.08200073242188
106.76699829101562
106.88899993896484
106.41999816894531
106.50599670410156
105.56099700927734
105.65499877929688
105.39900207519531
105.38899993896484
105.97100067138672
105.69400024414062
105.89900207519531
106.02200317382812
105.21800231933594
105.10700225830078
104.85199737548828
105.34500122070312
116.01799774169922
115.90799713134766
115.88500213623047
115.70800018310547
116.26699829101562
116.16300201416016
115.28700256347656
115.0999984741211
115.16300201416016
114.88600158691406
115.64600372314453
115.427001953125
115.51000213623047
115.34400177001953
114.4260025024414
114.19100189208984
114.30599975585938
114.1520004272461
114.97599792480469
114.75299835205078
114.63400268554688
114.5
113.51399993896484
113.24600219726562
113.40899658203125
113.0479965209961
114.01499938964844
113.9020004272461
113.73500061035156
113.60800170898438
112.73699951171875
112.56600189208984
112.31400299072266
112.16500091552734
113.03500366210938
113.18000030517578
112.91600036621094
112.84500122070312
112.03800201416016
112.00599670410156
111.8479995727539
111.6729965209961
112.5260009765625
112.63999938964844
112.13400268554688
112.24400329589844
111.18900299072266
111.3280029296875
110.927001953125
110.88500213623047
111.68399810791016
111.45999908447266
111.52999877929688
111.29499816894531
110.23999786376953
110.05400085449219
110.72899627685547
110.60600280761719
110.39900207519531
110.23500061035156
101.71199798583984
102.43699645996094
102.29100036621094
102.15599822998047
101.90599822998047
101.42400360107422
101.20999908447266
101.08599853515625
100.8499984741211
102.00900268554688
101.88999938964844
101.69599914550781
101.54499816894531
100.55699920654297
100.7249984741211
100.572998046875
100.38200378417969
100.25199890136719
124.80799865722656
124.83000183105469
124.65399932861328
124.1520004272461
124.02400207519531
124.09300231933594
123.83499908447266
124.65599822998047
124.56700134277344
124.4219970703125
124.2959976196289
123.177001953125
123.03800201416016
122.81199645996094
122.72799682617188
123.88600158691406
123.68699645996094
123.4209976196289
123.36499786376953
121.91000366210938
121.81999969482422
121.61699676513672
121.52300262451172
122.53500366210938
122.43199920654297
122.2229995727539
122.11799621582031
120.8949966430664
121.0270004272461
120.927001953125
120.68299865722656
121.48600006103516
121.27899932861328
121.3280029296875
121.08399963378906
120.29299926757812
120.14099884033203
120.08699798583984
119.95999908447266
120.73100280761719
120.61799621582031
120.51100158691406
120.37000274658203
119.53800201416016
119.3030014038086
119.26499938964844
119.1709976196289
119.93699645996094
119.76399993896484
119.69100189208984
119.50399780273438
110.31800079345703
110.91500091552734
110.56199645996094
110.4739990234375
110.81300354003906
109.82499694824219
110.0770034790039
110.11199951171875
110.00299835205078
110.37100219726562
110.27100372314453
110.16899871826172
110.32599639892578
109.2300033569336
109.38400268554688
108.9010009765625
109.01300048828125
109.73500061035156
109.64900207519531
109.47899627685547
109.53399658203125
108.59500122070312
108.72200012207031
108.28700256347656
108.46299743652344
109.197998046875
108.7490005493164
108.95700073242188
108.85299682617188
107.7969970703125
107.6989974975586
107.42900085449219
107.58200073242188
108.04000091552734
108.18199920654297
107.86399841308594
108.01599884033203
107.01000213623047
107.03399658203125
106.94100189208984
106.95999908447266
107.26499938964844
107.38700103759766
107.15599822998047
107.30899810791016
108.16200256347656
108.50399780273438
108.03199768066406
108.26599884033203
107.61599731445312
107.41100311279297
107.34700012207031
107.1969985961914
107.77300262451172
107.90299987792969
107.51799774169922
107.64199829101562
107.06400299072266
107.20899963378906
106.93800354003906
107.08999633789062
107.11499786376953
107.49199676513672
107.0459976196289
107.15699768066406
106.8949966430664
106.7699966430664
106.88800048828125
106.92500305175781
106.90299987792969
106.80500030517578
106.88500213623047
106.98300170898438
106.31999969482422
106.4990005493164
106.19300079345703
106.36199951171875
106.6449966430664
106.73699951171875
106.46499633789062
106.60299682617188
105.50900268554688
105.73400115966797
105.39399719238281
105.58599853515625
105.86499786376953
105.9739990234375
105.63800048828125
105.85099792480469
104.32599639892578
104.49700164794922
104.23400115966797
104.27799987792969
104.98699951171875
105.14900207519531
104.77899932861328
104.89600372314453
105.24400329589844
105.35900115966797
104.97100067138672
105.125
104.58300018310547
104.69200134277344
104.37699890136719
104.51000213623047
103.25
103.35700225830078
102.90599822998047
103.01899719238281
103.71299743652344
103.89399719238281
103.53399658203125
103.64800262451172
102.77200317382812
107.28500366210938
107.3219985961914
107.13700103759766
107.25
107.4010009765625
106.12699890136719
106.36499786376953
105.77899932861328
106.01699829101562
106.83300018310547
107.03600311279297
106.47100067138672
106.71800231933594
104.6989974975586
104.94200134277344
104.3479995727539
104.58599853515625
105.41799926757812
105.65599822998047
105.06300354003906
105.2979965209961
103.8290023803711
104.08599853515625
103.61799621582031
103.947998046875
104.10199737548828
104.23699951171875
103.86000061035156
103.96600341796875
103.10199737548828
103.58499908447266
102.8740005493164
103.22000122070312
103.2490005493164
103.48300170898438
103.46800231933594
103.11599731445312
102.36599731445312
102.8489990234375
102.13899993896484
102.47699737548828
102.50599670410156
102.75599670410156
102.73400115966797
102.38700103759766
101.73699951171875
101.86299896240234
101.60900115966797
101.88099670410156
102.01799774169922
102.1050033569336
101.99800109863281
115.96299743652344
115.23899841308594
115.33499908447266
114.98200225830078
115.13800048828125
115.6259994506836
115.7969970703125
115.4520034790039
115.5250015258789
114.30400085449219
114.47000122070312
113.95999908447266
114.10600280761719
114.76699829101562
114.93499755859375
114.56300354003906
114.6729965209961
113.56999969482422
113.72599792480469
113.26899719238281
113.47100067138672
114.26599884033203
113.75900268554688
114.03399658203125
113.9260025024414
112.51399993896484
112.6709976196289
112.18499755859375
112.40599822998047
112.95899963378906
113.1729965209961
112.70700073242188
112.86399841308594
111.68599700927734
111.88400268554688
111.43900299072266
111.57099914550781
112.45700073242188
112.34400177001953
111.99199676513672
112.1500015258789
110.88099670410156
111.20999908447266
110.59700012207031
110.75800323486328
111.41300201416016
111.3030014038086
111.09100341796875
111.15799713134766
110.197998046875
110.17400360107422
110.56600189208984
110.48500061035156
110.33999633789062
110.33000183105469
110.24099731445312
110.38500213623047
110.05999755859375
110.35600280761719
110.68499755859375
110.67900085449219
110.55699920654297
109.4219970703125
109.59300231933594
109.40299987792969
109.49299621582031
109.9260025024414
110.1510009765625
109.6729965209961
109.80999755859375
108.51000213623047
108.69999694824219
108.48400115966797
108.625
109.10299682617188
109.26100158691406
108.7979965209961
108.9280014038086
107.61100006103516
107.81999969482422
107.76100158691406
108.0459976196289
108.2239990234375
108.34300231933594
107.93699645996094
108.07599639892578
107.18399810791016
107.21600341796875
106.91000366210938
107.06300354003906
107.58000183105469
107.88500213623047
107.3270034790039
107.44499969482422
106.47000122070312
106.5739974975586
106.18499755859375
106.33000183105469
106.87999725341797
106.73999786376953
106.71099853515625
107.0009994506836
106.13400268554688
106.01000213623047
105.62300109863281
105.45999908447266
105.79000091552734
106.072998046875
106.29900360107422
105.66300201416016
105.21499633789062
105.32099914550781
104.78600311279297
104.93499755859375
105.42400360107422
105.7300033569336
105.48400115966797
105.51899719238281
104.5719985961914
104.88800048828125
104.45700073242188
104.40299987792969
105.26799774169922
105.14199829101562
104.75800323486328
104.61599731445312
103.29199981689453
103.54199981689453
102.89700317382812
103.1520004272461
104.08899688720703
104.27200317382812
103.68900299072266
103.93299865722656
102.54199981689453
102.76100158691406
102.93499755859375
103.21299743652344
102.68599700927734
103.06500244140625
101.53099822998047
101.8010025024414
101.1240005493164
101.37699890136719
102.17400360107422
102.33100128173828
101.90799713134766
102.04000091552734
101.07499694824219
100.9489974975586
100.56800079345703
100.71199798583984
101.75
100.9729995727539
101.48100280761719
101.35199737548828
100.54499816894531
100.66600036621094
103.53099822998047
103.6449966430664
103.18199920654297
103.29399871826172
102.52300262451172
102.73699951171875
102.40299987792969
102.56600189208984
102.86599731445312
102.98500061035156
102.6510009765625
102.822998046875
117.44300079345703
117.5009994506836
117.21600341796875
117.3759994506836
117.81400299072266
117.9520034790039
117.58799743652344
117.68299865722656
116.8499984741211
116.9489974975586
116.6259994506836
116.71700286865234
117.24700164794922
117.1449966430664
116.91100311279297
117.11299896240234
116.14900207519531
116.30899810791016
115.88999938964844
115.9990005493164
116.47000122070312
116.63200378417969
116.26699829101562
116.4219970703125
115.40299987792969
115.51300048828125
115.13400268554688
115.24500274658203
115.63899993896484
115.78600311279297
115.54900360107422
115.70700073242188
114.61900329589844
114.84200286865234
114.44200134277344
114.697998046875
115.09700012207031
115.20800018310547
114.84700012207031
114.96700286865234
113.92900085449219
114.04299926757812
113.7509994506836
113.78099822998047
114.3270034790039
114.5260009765625
114.0999984741211
114.22000122070312
113.17400360107422
113.26599884033203
113.50199890136719
113.59400177001953
113.34300231933594
113.4530029296875
110.72699737548828
110.87200164794922
110.68299865722656
110.5199966430664
110.06999969482422
110.22899627685547
109.69400024414062
109.91999816894531
110.34700012207031
110.78500366210938
110.46900177001953
110.34100341796875
109.53500366210938
109.98300170898438
109.40899658203125
109.62699890136719
109.43900299072266
109.56500244140625
109.88200378417969
110.17400360107422
108.7030029296875
108.7229995727539
108.43599700927734
108.5459976196289
109.14700317382812
109.28399658203125
108.86599731445312
108.96900177001953
108.01000213623047
108.11299896240234
107.73899841308594
107.85700225830078
108.39900207519531
108.26100158691406
108.23799896240234
108.50800323486328
107.36000061035156
107.40299987792969
107.09300231933594
107.21099853515625
107.49500274658203
107.6449966430664
107.4280014038086
107.56400299072266
106.93800354003906
106.96399688720703
119.50499725341797
119.33200073242188
119.0979995727539
119.26699829101562
119.39700317382812
119.62799835205078
118.59400177001953
118.7239990234375
118.34100341796875
118.56300354003906
118.86399841308594
119.13700103759766
118.96499633789062
118.7959976196289
117.82599639892578
118.06300354003906
117.71600341796875
117.83100128173828
118.43499755859375
118.2760009765625
118.03099822998047
118.18599700927734
117.20500183105469
117.37000274658203
116.96600341796875
117.05999755859375
117.53199768066406
117.66400146484375
117.375
117.48899841308594
116.51599884033203
116.7979965209961
116.39600372314453
116.61900329589844
116.94499969482422
116.99199676513672
116.73999786376953
116.78700256347656
115.79499816894531
115.96800231933594
115.51899719238281
115.62200164794922
116.19000244140625
116.29299926757812
115.84300231933594
116.01699829101562
114.9520034790039
115.11299896240234
114.70600128173828
114.81400299072266
115.30999755859375
115.43000030517578
114.99600219726562
115.21099853515625
114.43199920654297
114.56199645996094
114.06700134277344
114.2770004272461
115.09300231933594
115.06400299072266
114.88700103759766
114.96900177001953
115.53500366210938
115.22699737548828
115.39099884033203
114.4540023803711
114.48100280761719
114.1520004272461
114.31199645996094
114.56600189208984
114.71399688720703
114.7750015258789
114.65599822998047
113.56600189208984
113.71099853515625
113.53099822998047
113.40499877929688
114.10299682617188
114.01399993896484
113.80999755859375
113.96499633789062
112.55400085449219
112.76000213623047
112.35099792480469
112.41799926757812
113.3280029296875
113.22699737548828
112.927001953125
113.09700012207031
111.6989974975586
111.86000061035156
111.66400146484375
111.58200073242188
112.25
112.16100311279297
112.02899932861328
112.00700378417969
110.86100006103516
111.02200317382812
110.62699890136719
110.77400207519531
111.48899841308594
111.38400268554688
111.09200286865234
111.2490005493164
110.02300262451172
110.2509994506836
109.63899993896484
109.9010009765625
110.60199737548828
110.56199645996094
110.4520034790039
110.38800048828125
108.7020034790039
108.81999969482422
108.43099975585938
109.37000274658203
109.52799987792969
109.10299682617188
109.21199798583984
124.91400146484375
124.73899841308594
123.90299987792969
124.05500030517578
124.32099914550781
123.2969970703125
123.10199737548828
123.71399688720703
123.46199798583984
122.48799896240234
122.11900329589844
122.67500305175781
121.68499755859375
121.61900329589844
121.23400115966797
121.47100067138672
122.0780029296875
122.2750015258789
121.88300323486328
121.8499984741211
120.50900268554688
120.61499786376953
120.31199645996094
120.36599731445312
120.97699737548828
121.1729965209961
120.74800109863281
120.85399627685547
119.76300048828125
119.71800231933594
119.47599792480469
119.5270004272461
120.15299987792969
120.2490005493164
119.91799926757812
120.01499938964844
119.37899780273438
119.27999877929688
119.10800170898438
119.1729965209961
120.4020004272461
119.9489974975586
120.08999633789062
119.90699768066406
119.8550033569336
120.22599792480469
120.35900115966797
120.19100189208984
120.18299865722656
119.44400024414062
119.47000122070312
119.25299835205078
119.36299896240234
119.66100311279297
119.69999694824219
119.67500305175781
119.49600219726562
118.85299682617188
118.91699981689453
118.7959976196289
118.68399810791016
119.18699645996094
119.19000244140625
118.9739990234375
118.9739990234375
118.02100372314453
118.1989974975586
117.75299835205078
117.91200256347656
118.68000030517578
118.57499694824219
118.27200317382812
118.51899719238281
117.25800323486328
117.28700256347656
117.10399627685547
117.2030029296875
117.57599639892578
117.70999908447266
117.40399932861328
117.40799713134766
116.58000183105469
116.71800231933594
116.37999725341797
116.50499725341797
116.85600280761719
116.97200012207031
116.80599975585938
116.76699829101562
115.83100128173828
115.91300201416016
115.63899993896484
115.71800231933594
116.33300018310547
116.22000122070312
116.01100158691406
116.17400360107422
115.53199768066406
119.8499984741211
119.86799621582031
119.7030029296875
119.65299987792969
120.14900207519531
120.052001953125
120.08399963378906
119.13800048828125
119.2979965209961
118.95500183105469
119.12699890136719
119.56400299072266
119.52899932861328
119.35900115966797
119.33499908447266
118.66000366210938
118.8239974975586
118.63200378417969
118.61900329589844
118.75299835205078
119.16100311279297
119.04900360107422
118.92400360107422
118.33200073242188
118.23300170898438
118.02300262451172
118.19100189208984
118.46499633789062
118.5739974975586
118.33799743652344
118.4990005493164
117.60099792480469
117.81099700927734
117.43699645996094
117.46199798583984
117.97000122070312
117.96099853515625
117.65699768066406
117.75399780273438
116.95999908447266
116.86900329589844
116.7040023803711
116.6760025024414
117.28099822998047
117.27999877929688
117.14800262451172
117.11299896240234
116.05500030517578
116.24500274658203
116.16400146484375
116.0250015258789
116.56300354003906
116.822998046875
116.41000366210938
116.51000213623047
115.697998046875
115.96499633789062
115.55400085449219
115.80400085449219
115.86699676513672
116.30799865722656
115.74400329589844
115.89099884033203
115.25199890136719
115.39900207519531
121.73400115966797
121.95600128173828
121.12999725341797
121.31600189208984
121.13500213623047
121.0009994506836
121.54100036621094
121.73500061035156
121.36799621582031
121.5479965209961
120.36900329589844
120.60199737548828
120.2030029296875
120.3489990234375
120.7509994506836
120.96700286865234
120.56099700927734
120.7770004272461
119.60900115966797
119.79199981689453
119.42500305175781
119.62799835205078
119.97200012207031
120.18499755859375
120.04199981689453
119.88200378417969
118.8499984741211
119.03299713134766
118.65899658203125
118.84700012207031
119.3499984741211
119.25599670410156
119.1240005493164
119.47699737548828
118.11000061035156
118.2969970703125
117.93900299072266
118.1259994506836
118.45999908447266
118.68499755859375
118.2750015258789
118.50900268554688
117.31999969482422
117.55699920654297
117.10299682617188
117.37699890136719
117.71099853515625
117.89299774169922
117.55400085449219
117.74099731445312
116.71499633789062
116.7699966430664
116.44999694824219
116.56400299072266
117.19100189208984
117.02100372314453
116.81800079345703
116.95500183105469
116.20999908447266
116.44599914550781
109.05999755859375
108.90899658203125
109.04399871826172
108.00700378417969
108.12799835205078
107.75299835205078
107.88899993896484
108.58599853515625
108.80500030517578
108.24800109863281
108.48400115966797
107.84500122070312
107.73300170898438
107.49600219726562
107.38800048828125
107.40299987792969
107.53099822998047
107.98400115966797
107.22899627685547
106.427001953125
106.65899658203125
106.06199645996094
106.29499816894531
107.14299774169922
107.09300231933594
106.79299926757812
106.9749984741211
105.35099792480469
105.55599975585938
105.04199981689453
105.23699951171875
105.7969970703125
105.93399810791016
105.58799743652344
105.68099975585938
104.625
104.7959976196289
104.26399993896484
104.51699829101562
105.33599853515625
105.2249984741211
104.98200225830078
104.91300201416016
103.4010009765625
103.52799987792969
103.66999816894531
103.28199768066406
103.93599700927734
104.15499877929688
103.68399810791016
103.8219985961914
102.85199737548828
103.0
102.63999938964844
102.73400115966797
103.49800109863281
103.38600158691406
103.13899993896484
103.26699829101562
102.1760025024414
102.43399810791016
102.59300231933594
102.28700256347656
102.41999816894531
118.02799987792969
118.11100006103516
117.99600219726562
117.38899993896484
117.59700012207031
117.22000122070312
117.38700103759766
117.7030029296875
117.89600372314453
117.552001953125
117.802001953125
116.73999786376953
116.8489990234375
116.68599700927734
116.79499816894531
117.15799713134766
117.27999877929688
116.98999786376953
117.03500366210938
116.07499694824219
116.22000122070312
116.03800201416016
115.96299743652344
116.47899627685547
116.56300354003906
116.29299926757812
116.33300018310547
115.5250015258789
115.66899871826172
115.31700134277344
115.46099853515625
115.9260025024414
116.14299774169922
115.62300109863281
115.77899932861328
114.78099822998047
115.01399993896484
114.66400146484375
114.86199951171875
115.18399810791016
115.33399963378906
114.95099639892578
115.04399871826172
114.03900146484375
114.24199676513672
113.91600036621094
114.06700134277344
114.37899780273438
114.48100280761719
114.177001953125
114.36699676513672
113.38200378417969
113.47100067138672
113.11000061035156
113.26100158691406
113.63300323486328
113.7490005493164
113.40499877929688
113.5459976196289
116.76000213623047
116.8030014038086
116.67500305175781
116.77899932861328
116.95899963378906
116.99500274658203
116.11299896240234
116.26100158691406
116.20500183105469
116.27100372314453
116.51399993896484
116.51399993896484
116.30500030517578
116.37100219726562
115.96900177001953
115.85900115966797
115.59400177001953
115.4990005493164
115.90799713134766
116.06600189208984
115.5479965209961
115.69300079345703
114.87799835205078
115.05599975585938
114.9209976196289
114.71600341796875
115.31099700927734
115.36000061035156
115.01599884033203
115.14900207519531
114.0199966430664
114.1259994506836
114.31500244140625
113.77300262451172
114.78399658203125
114.66999816894531
114.35800170898438
114.50499725341797
113.48600006103516
113.68299865722656
113.20700073242188
113.3489990234375
113.95800018310547
114.41600036621094
113.60399627685547
114.0510025024414
112.43699645996094
112.5739974975586
112.88200378417969
112.76699829101562
113.04000091552734
113.08000183105469
112.802001953125
112.95700073242188
111.94400024414062
112.04100036621094
111.65499877929688
111.77200317382812
112.50599670410156
112.40299987792969
112.19599914550781
112.2300033569336
111.5250015258789
112.21700286865234
112.12899780273438
112.53600311279297
112.3030014038086
112.3489990234375
112.447998046875
112.62300109863281
112.51000213623047
111.70800018310547
111.40599822998047
111.94400024414062
111.6050033569336
111.69300079345703
111.48500061035156
111.99299621582031
111.7969970703125
110.677001953125
110.76599884033203
110.95500183105469
110.80799865722656
111.1760025024414
111.11699676513672
111.4209976196289
111.24299621582031
110.27300262451172
110.09500122070312
110.31300354003906
110.13600158691406
110.56300354003906
110.46099853515625
110.86399841308594
110.63400268554688
109.44999694824219
109.34100341796875
109.73999786376953
109.59400177001953
109.78299713134766
109.63700103759766
109.96399688720703
109.85700225830078
109.08100128173828
108.8239974975586
109.25399780273438
108.96800231933594
109.01300048828125
108.875
109.30000305175781
109.1709976196289
108.30699920654297
108.18399810791016
108.40299987792969
108.36100006103516
108.53600311279297
108.49400329589844
108.80500030517578
108.67400360107422
107.50299835205078
107.48500061035156
107.77899932861328
107.63500213623047
108.0250015258789
107.91699981689453
108.08399963378906
107.94200134277344
106.48400115966797
105.49400329589844
105.35700225830078
105.81999969482422
105.68399810791016
106.06400299072266
105.95999908447266
106.34700012207031
106.1259994506836
104.39600372314453
104.27100372314453
104.75
104.62300109863281
104.99400329589844
104.89199829101562
105.25199890136719
105.1259994506836
102.4520034790039
102.56600189208984
102.81900024414062
102.93599700927734
103.77899932861328
103.17500305175781
104.03700256347656
103.91500091552734
101.66600036621094
101.91899871826172
101.78099822998047
102.08200073242188
102.19599914550781
114.47100067138672
114.34300231933594
114.61599731445312
114.70700073242188
114.66000366210938
114.51499938964844
114.802001953125
113.75800323486328
113.41799926757812
113.60099792480469
113.4540023803711
113.95600128173828
113.7959976196289
114.2040023803711
114.0479965209961
112.88300323486328
112.71700286865234
113.04900360107422
113.14600372314453
113.10199737548828
112.9219970703125
113.5260009765625
113.21700286865234
112.18099975585938
111.83100128173828
112.01699829101562
111.87000274658203
112.37999725341797
112.21800231933594
112.6240005493164
112.4749984741211
111.14800262451172
111.04199981689453
111.36699676513672
111.26899719238281
111.63700103759766
111.47000122070312
111.94200134277344
111.67500305175781
110.31900024414062
110.40899658203125
110.58799743652344
110.447998046875
110.80400085449219
110.66000366210938
110.96199798583984
110.84200286865234
109.63300323486328
109.7020034790039
109.90399932861328
109.8239974975586
110.05400085449219
110.06400299072266
110.15799713134766
110.21900177001953
109.10299682617188
109.21800231933594
109.02300262451172
109.39700317382812
109.2969970703125
109.177001953125
109.55500030517578
109.5009994506836
108.35700225830078
108.31999969482422
108.52400207519531
108.62000274658203
108.66300201416016
108.77799987792969
108.98100280761719
108.8239974975586
108.44400024414062
108.20800018310547
108.0250015258789
108.13700103759766
107.23300170898438
107.125
107.49600219726562
107.35600280761719
107.69999694824219
107.56300354003906
107.89900207519531
107.75499725341797
106.79100036621094
106.50800323486328
107.18699645996094
106.68499755859375
107.32599639892578
107.06500244140625
106.85099792480469
106.73400115966797
106.16999816894531
105.69000244140625
106.0250015258789
105.91699981689453
106.24800109863281
106.21600341796875
106.40699768066406
106.46800231933594
105.1780014038086
105.03299713134766
105.45500183105469
105.55500030517578
105.68800354003906
105.53800201416016
105.83799743652344
105.98300170898438
105.18199920654297
104.87699890136719
104.99700164794922
105.08699798583984
105.38899993896484
105.51699829101562
105.6520004272461
105.23699951171875
104.58799743652344
104.35900115966797
104.8499984741211
104.71800231933594
104.80999755859375
104.88500213623047
105.03199768066406
104.9469985961914
103.97699737548828
103.83699798583984
104.302001953125
104.17400360107422
104.5469970703125
104.67400360107422
104.21199798583984
104.56700134277344
104.63800048828125
103.31600189208984
103.43399810791016
103.55000305175781
103.81800079345703
103.93599700927734
103.58999633789062
103.46700286865234
102.38899993896484
102.26899719238281
102.75299835205078
102.65599822998047
103.0250015258789
102.87699890136719
103.29499816894531
103.16100311279297
101.7770004272461
102.03199768066406
101.89199829101562
102.24099731445312
102.36100006103516
102.0479965209961
102.6050033569336
117.427001953125
117.56400299072266
117.51799774169922
117.3499984741211
117.75
116.5979995727539
116.66300201416016
116.83699798583984
116.79399871826172
116.96299743652344
116.93599700927734
117.2030029296875
117.1520004272461
115.97799682617188
115.84400177001953
116.10800170898438
116.02300262451172
116.29900360107422
116.15299987792969
116.43199920654297
116.43000030517578
115.0
114.8270034790039
115.1729965209961
115.2490005493164
115.41899871826172
115.2979965209961
115.74700164794922
115.46600341796875
114.30599975585938
114.16300201416016
114.46800231933594
114.4530029296875
114.63099670410156
114.70500183105469
114.91600036621094
115.0479965209961
113.71299743652344
113.5790023803711
113.83999633789062
113.95600128173828
113.88999938964844
113.74199676513672
114.13600158691406
114.01100158691406
112.5770034790039
112.6760025024414
112.76300048828125
112.91400146484375
113.11599731445312
112.95099639892578
113.41699981689453
113.22200012207031
111.88999938964844
112.2239990234375
112.0530014038086
112.44999694824219
112.34200286865234
121.56900024414062
121.68299865722656
121.6240005493164
121.51000213623047
121.81400299072266
121.10399627685547
120.8030014038086
121.01699829101562
120.92500305175781
121.29299926757812
121.18800354003906
121.28600311279297
121.33300018310547
120.9729995727539
120.81800079345703
104.0979995727539
103.98500061035156
102.51399993896484
102.35099792480469
102.63099670410156
102.2040023803711
102.08999633789062
102.61000061035156
102.33899688720703
102.76100158691406
102.49299621582031
103.9010009765625
103.74500274658203
123.28099822998047
123.19400024414062
123.52899932861328
123.40899658203125
122.38500213623047
122.2300033569336
122.67900085449219
122.47899627685547
122.83300018310547
122.77899932861328
123.0469970703125
123.01300048828125
121.66400146484375
121.822998046875
121.8270034790039
122.15899658203125
122.00299835205078
108.48999786376953
108.34500122070312
108.52300262451172
107.6729965209961
107.5999984741211
107.94300079345703
107.79100036621094
107.9739990234375
108.09400177001953
108.26100158691406
108.125
107.11599731445312
106.98300170898438
107.28199768066406
107.4020004272461
107.14900207519531
107.56400299072266
107.47100067138672
107.31600189208984
106.41300201416016
106.05999755859375
106.2229995727539
106.08300018310547
106.58799743652344
106.43599700927734
106.86599731445312
106.697998046875
105.39199829101562
105.50900268554688
105.66899871826172
105.53199768066406
105.80899810791016
105.79199981689453
106.177001953125
105.9540023803711
104.56900024414062
104.72200012207031
104.89099884033203
104.7979965209961
105.09400177001953
105.01899719238281
105.22200012207031
105.31800079345703
103.68299865722656
103.56500244140625
103.94999694824219
103.81999969482422
104.27799987792969
104.08799743652344
104.54399871826172
104.39399719238281
103.02899932861328
102.875
103.15399932861328
103.26699829101562
103.53500366210938
103.65899658203125
103.30400085449219
103.80400085449219
102.29199981689453
101.9469985961914
102.0999984741211
101.98200225830078
102.45899963378906
102.31300354003906
102.76100158691406
102.57099914550781
102.06700134277344
121.20999908447266
120.9800033569336
120.29399871826172
120.43399810791016
120.58799743652344
120.39299774169922
120.81900024414062
120.625
120.86499786376953
121.00299835205078
119.61799621582031
119.46900177001953
119.6719970703125
119.85600280761719
120.04399871826172
119.76399993896484
120.0999984741211
120.00499725341797
118.89099884033203
118.62000274658203
119.0790023803711
118.8550033569336
119.12000274658203
119.25800323486328
119.4260025024414
119.23200225830078
118.1449966430664
117.98500061035156
118.28600311279297
118.0989990234375
118.46600341796875
118.3219985961914
118.52999877929688
118.71299743652344
117.11599731445312
117.052001953125
117.55000305175781
117.33100128173828
117.76300048828125
117.46700286865234
117.81300354003906
117.68800354003906
116.30000305175781
116.18199920654297
116.48200225830078
116.23600006103516
116.56999969482422
116.38400268554688
116.86799621582031
116.75399780273438
115.43800354003906
115.3270034790039
115.74800109863281
115.59300231933594
115.91600036621094
115.63999938964844
116.01200103759766
115.84100341796875
114.88099670410156
114.75199890136719
115.20500183105469
115.05000305175781
123.81700134277344
123.58999633789062
123.8740005493164
123.77799987792969
122.84200286865234
123.03500366210938
123.19999694824219
122.9540023803711
123.6050033569336
123.2249984741211
123.47200012207031
123.41999816894531
122.02200317382812
121.96099853515625
122.44999694824219
122.23100280761719
122.6449966430664
122.36900329589844
122.80999755859375
122.60900115966797
120.86599731445312
120.7969970703125
121.18199920654297
121.06300354003906
121.44499969482422
121.3759994506836
121.7699966430664
121.64600372314453
120.10399627685547
120.03099822998047
120.34400177001953
120.24099731445312
120.53399658203125
120.31199645996094
120.6729965209961
120.5979995727539
119.16100311279297
119.11399841308594
119.44200134277344
119.58200073242188
119.76100158691406
119.55999755859375
119.84500122070312
119.78399658203125
118.0479965209961
117.98100280761719
118.34500122070312
118.2300033569336
118.5999984741211
118.53299713134766
118.93000030517578
118.80400085449219
119.10099792480469
119.0739974975586
119.31700134277344
118.13400268554688
118.19200134277344
118.41200256347656
118.3239974975586
118.6729965209961
118.5510025024414
118.98100280761719
118.78500366210938
117.46299743652344
117.31600189208984
117.60700225830078
117.52100372314453
117.74800109863281
117.78600311279297
118.08999633789062
117.92900085449219
116.56199645996094
116.48600006103516
116.68900299072266
116.79900360107422
116.91799926757812
117.01599884033203
117.23400115966797
117.0719985961914
115.76399993896484
115.6709976196289
115.99099731445312
115.90299987792969
116.0459976196289
116.11900329589844
116.36199951171875
116.17500305175781
114.87000274658203
114.96199798583984
115.14800262451172
115.0
115.43199920654297
115.27200317382812
115.55000305175781
115.47799682617188
113.93800354003906
114.06199645996094
114.26599884033203
114.18000030517578
114.52799987792969
114.4010009765625
114.66699981689453
114.74099731445312
113.46399688720703
113.60600280761719
113.59600067138672
113.89299774169922
113.76000213623047
118.53800201416016
118.9260025024414
118.85600280761719
118.68499755859375
119.12100219726562
119.03900146484375
118.34600067138672
118.0510025024414
118.28500366210938
118.16300201416016
118.73300170898438
118.33200073242188
118.41699981689453
118.61100006103516
117.35600280761719
117.41600036621094
117.6050033569336
117.4800033569336
117.85700225830078
117.71800231933594
118.17400360107422
117.9219970703125
116.71600341796875
116.5719985961914
116.83699798583984
116.76599884033203
117.02400207519531
116.96299743652344
117.1240005493164
117.16899871826172
115.8030014038086
115.72200012207031
115.93399810791016
116.04900360107422
116.16600036621094
116.24400329589844
116.45600128173828
116.41899871826172
114.93199920654297
114.81300354003906
115.18099975585938
115.03800201416016
115.23600006103516
115.36699676513672
115.59100341796875
115.49099731445312
114.0770034790039
113.96700286865234
114.28900146484375
114.21099853515625
114.41999816894531
114.52899932861328
114.64600372314453
114.75700378417969
113.11499786376953
112.98999786376953
113.39700317382812
113.3949966430664
113.72899627685547
113.56700134277344
113.86000061035156
113.76799774169922
112.7959976196289
114.76899719238281
113.9540023803711
113.91400146484375
114.0469970703125
114.09500122070312
114.21600341796875
114.41799926757812
114.55999755859375
114.70099639892578
112.95500183105469
113.08200073242188
113.09100341796875
113.25900268554688
113.39399719238281
113.63999938964844
113.7770004272461
113.78500366210938
111.84700012207031
112.0270004272461
112.11000061035156
112.24099731445312
112.28900146484375
112.49800109863281
112.62200164794922
112.83699798583984
110.6969985961914
110.94599914550781
111.0780029296875
111.22000122070312
111.25199890136719
111.37799835205078
111.4739990234375
111.71399688720703
109.77799987792969
109.79499816894531
109.9000015258789
110.15699768066406
110.29000091552734
110.43199920654297
110.45700073242188
110.59100341796875
109.1719970703125
109.08399963378906
109.51899719238281
109.41200256347656
109.21800231933594
109.43499755859375
109.54100036621094
109.66200256347656
108.2229995727539
108.33799743652344
108.3489990234375
108.45099639892578
108.69599914550781
108.83499908447266
108.97200012207031
118.05899810791016
118.00800323486328
118.27400207519531
117.56900024414062
117.4749984741211
117.40799713134766
117.5719985961914
117.6729965209961
117.75800323486328
117.8550033569336
117.84600067138672
116.71399688720703
116.86100006103516
116.98200225830078
116.89099884033203
117.01200103759766
117.16300201416016
117.2770004272461
117.30999755859375
115.8550033569336
115.94999694824219
116.08999633789062
116.16999816894531
116.2979965209961
116.33399963378906
116.4540023803711
116.61499786376953
115.03399658203125
114.99500274658203
115.1520004272461
115.302001953125
115.38999938964844
115.53600311279297
115.59200286865234
115.96499633789062
114.2030029296875
114.2030029296875
114.35199737548828
114.5469970703125
114.70500183105469
114.66400146484375
114.8949966430664
114.81500244140625
113.41300201416016
113.44999694824219
113.5770034790039
113.73699951171875
113.91699981689453
113.85900115966797
114.0719985961914
114.01399993896484
113.11699676513672
113.00199890136719
113.11799621582031
113.2969970703125
113.24800109863281
122.91200256347656
123.1259994506836
123.05400085449219
122.13700103759766
122.1500015258789
122.28800201416016
122.44999694824219
122.63899993896484
122.72899627685547
122.78500366210938
122.9280014038086
121.05999755859375
121.12799835205078
121.26899719238281
121.35299682617188
121.56600189208984
121.63800048828125
121.85299682617188
121.98200225830078
120.30500030517578
120.52200317382812
120.48899841308594
120.59400177001953
120.74099731445312
120.84600067138672
120.84200286865234
121.02300262451172
119.5770034790039
119.79100036621094
119.75599670410156
119.93399810791016
120.16300201416016
120.01799774169922
120.09300231933594
120.34200286865234
119.01599884033203
119.052001953125
119.21900177001953
119.26799774169922
119.23200225830078
119.46099853515625
119.38800048828125
119.56600189208984
118.31300354003906
118.5
118.53900146484375
118.61399841308594
118.77899932861328
118.81500244140625
118.94200134277344
119.0530014038086
117.71399688720703
117.7509994506836
117.90399932861328
118.01799774169922
117.97799682617188
118.09300231933594
118.24099731445312
118.35700225830078
116.9520034790039
117.06199645996094
117.2020034790039
117.31700134277344
117.39600372314453
117.46499633789062
117.50900268554688
117.5780029296875
101.31300354003906
101.47100067138672
101.58899688720703
101.6780014038086
101.58999633789062
101.74199676513672
101.15599822998047
101.302001953125
101.46199798583984
118.28199768066406
118.51599884033203
118.41000366210938
118.66500091552734
118.72599792480469
118.90699768066406
118.9520034790039
119.0260009765625
117.36000061035156
117.51499938964844
117.65699768066406
117.72000122070312
117.84400177001953
117.98100280761719
118.06999969482422
118.197998046875
116.5459976196289
116.66699981689453
116.83699798583984
116.94400024414062
117.08899688720703
117.21900177001953
117.1500015258789
117.35099792480469
115.73200225830078
115.86000061035156
115.97100067138672
116.10399627685547
116.18699645996094
116.43399810791016
116.31800079345703
116.62100219726562
114.99199676513672
115.18299865722656
115.0469970703125
115.23899841308594
115.53800201416016
115.4260025024414
115.49500274658203
115.66500091552734
114.2490005493164
114.15599822998047
114.2969970703125
114.47000122070312
114.5780029296875
114.697998046875
114.69400024414062
114.84700012207031
113.52400207519531
113.69100189208984
113.83399963378906
113.9469985961914
114.10900115966797
114.36599731445312
105.94499969482422
106.06800079345703
106.31800079345703
106.4489974975586
106.62200164794922
106.81099700927734
106.73999786376953
105.04499816894531
105.14399719238281
105.35299682617188
105.25800323486328
105.56400299072266
105.58799743652344
105.69000244140625
105.80599975585938
104.18800354003906
104.30999755859375
104.5479965209961
104.65899658203125
104.80699920654297
105.36599731445312
104.81400299072266
104.93199920654297
103.927001953125
103.80799865722656
103.93199920654297
104.05899810791016
104.29299926757812
104.18000030517578
104.64900207519531
104.53399658203125
102.66300201416016
102.78199768066406
102.93399810791016
103.05000305175781
103.1780014038086
103.19000244140625
103.42900085449219
103.5459976196289
102.19300079345703
102.20500183105469
102.33599853515625
102.4469985961914
112.38200378417969
112.26699829101562
112.54100036621094
111.23200225830078
111.34400177001953
111.38999938964844
111.48300170898438
111.5790023803711
111.70500183105469
111.9990005493164
111.89600372314453
110.61299896240234
110.69400024414062
110.85600280761719
110.85800170898438
111.14600372314453
111.03600311279297
110.92900085449219
111.12300109863281
109.74199676513672
109.9010009765625
110.07499694824219
110.32499694824219
110.19000244140625
110.197998046875
110.54000091552734
110.38300323486328
109.29199981689453
109.4000015258789
109.5199966430664
109.56700134277344
109.61199951171875
109.80400085449219
109.6969985961914
110.01599884033203
108.63899993896484
108.7239990234375
108.802001953125
108.89299774169922
109.01799774169922
109.0790023803711
109.21399688720703
109.12100219726562
108.0009994506836
107.99700164794922
108.2300033569336
108.15299987792969
108.27200317382812
108.4020004272461
108.4540023803711
108.60199737548828
107.51000213623047
107.56300354003906
107.68199920654297
107.78900146484375
107.94499969482422
116.07099914550781
116.06600189208984
116.23300170898438
116.31199645996094
115.11499786376953
115.38899993896484
115.56600189208984
115.49099731445312
115.73999786376953
115.65399932861328
115.78199768066406
115.93099975585938
114.27400207519531
114.34600067138672
114.38200378417969
114.5530014038086
114.68099975585938
114.7699966430664
114.89199829101562
115.06600189208984
113.48500061035156
113.30699920654297
113.5469970703125
113.64900207519531
113.77200317382812
113.91999816894531
114.09300231933594
114.23899841308594
112.38200378417969
112.48999786376953
112.51699829101562
112.66500091552734
112.8219985961914
113.01000213623047
113.21600341796875
113.13999938964844
111.6510009765625
111.79199981689453
111.92400360107422
112.0719985961914
112.3219985961914
112.20099639892578
112.10600280761719
112.25900268554688
111.02400207519531
111.17900085449219
111.42500305175781
111.30799865722656
111.61699676513672
111.21099853515625
111.33899688720703
111.48999786376953
110.72000122070312
110.87000274658203
110.8550033569336
119.08499908447266
119.24700164794922
119.49600219726562
119.32599639892578
119.4229965209961
119.68800354003906
118.31600189208984
118.53299713134766
118.49600219726562
118.9229965209961
118.75599670410156
118.72100067138672
118.88899993896484
119.10900115966797
117.57099914550781
117.76100158691406
117.73100280761719
117.9749984741211
117.91000366210938
118.16200256347656
118.29199981689453
118.15799713134766
116.73200225830078
116.86000061035156
117.03700256347656
117.12999725341797
117.26799774169922
117.31500244140625
117.38999938964844
117.56400299072266
116.15699768066406
116.2969970703125
116.34400177001953
116.42500305175781
116.62300109863281
116.4990005493164
116.80799865722656
116.61000061035156
115.35600280761719
115.39299774169922
115.69999694824219
115.5790023803711
115.6760025024414
115.93499755859375
115.85299682617188
116.05799865722656
114.3550033569336
114.55599975585938
114.6719970703125
114.79900360107422
114.90399932861328
115.0270004272461
115.21099853515625
115.24800109863281
113.59100341796875
113.875
113.77200317382812
113.93199920654297
114.08899688720703
114.2030029296875
114.3030014038086
114.45500183105469
113.37100219726562
113.677001953125
113.5530014038086
112.86699676513672
112.9739990234375
113.10399627685547
113.18299865722656
113.302001953125
113.48500061035156
113.6520004272461
111.93199920654297
112.03500366210938
112.18199920654297
112.28399658203125
112.39299774169922
112.55799865722656
112.60900115966797
112.76399993896484
111.52999877929688
111.42500305175781
111.30500030517578
111.4800033569336
111.63600158691406
111.96399688720703
111.83799743652344
112.13600158691406
110.35099792480469
110.58699798583984
110.70500183105469
110.88600158691406
110.9729995727539
111.04399871826172
111.22100067138672
111.2249984741211
109.97799682617188
110.27400207519531
110.01499938964844
110.17900085449219
110.15799713134766
110.64800262451172
110.48400115966797
110.32499694824219
109.21499633789062
109.21800231933594
109.6760025024414
109.56600189208984
109.41100311279297
109.62100219726562
109.78800201416016
110.10600280761719
108.5790023803711
108.5999984741211
108.7760009765625
108.70899963378906
108.88600158691406
109.01899719238281
109.06999969482422
109.35299682617188
107.51399993896484
107.80000305175781
107.90599822998047
108.2699966430664
108.13899993896484
108.41999816894531
108.1989974975586
108.31099700927734
107.46900177001953
107.34400177001953
107.73600006103516
107.875
106.71700286865234
106.96700286865234
107.1240005493164
107.40499877929688
102.36499786376953
102.54000091552734
102.65399932861328
102.1050033569336
104.11599731445312
101.8030014038086
101.91500091552734
102.16899871826172
102.24299621582031
101.8949966430664
101.77899932861328
105.22000122070312
105.36699676513672
105.37799835205078
105.45600128173828
105.59200286865234
105.77899932861328
104.52200317382812
104.65699768066406
104.79299926757812
105.06300354003906
104.94000244140625
104.81300354003906
104.98400115966797
105.10700225830078
103.82499694824219
103.70800018310547
104.06900024414062
103.73799896240234
103.86199951171875
104.13500213623047
104.2249984741211
104.35399627685547
102.91999816894531
103.06600189208984
103.3010025024414
103.4219970703125
103.5530014038086
102.42900085449219
102.46099853515625
103.5739974975586
102.01899719238281
102.04199981689453
102.16699981689453
102.2760009765625
102.40399932861328
102.58599853515625
102.53900146484375
102.68900299072266
101.45600128173828
101.33799743652344
101.8550033569336
101.7300033569336
101.37799835205078
101.49800109863281
101.7750015258789
101.88800048828125
101.09300231933594
100.98400115966797
100.98300170898438
101.10800170898438
101.93000030517578
102.24400329589844
101.5790023803711
101.70899963378906
101.95800018310547
102.07099914550781
102.0479965209961
114.75299835205078
114.61599731445312
114.51300048828125
114.36799621582031
114.24299621582031
113.41799926757812
113.30899810791016
113.14700317382812
112.96499633789062
112.82099914550781
112.69000244140625
113.11499786376953
112.79399871826172
114.08399963378906
114.32599639892578
114.0469970703125
114.16300201416016
113.9010009765625
113.86399841308594
113.6989974975586
113.59100341796875
111.87999725341797
111.78900146484375
111.63200378417969
111.46199798583984
111.21499633789062
111.19300079345703
111.04299926757812
110.92400360107422
112.90699768066406
112.66400146484375
112.5199966430664
112.36199951171875
112.18199920654297
112.0530014038086
111.96199798583984
111.80999755859375
109.91799926757812
109.78500366210938
109.7040023803711
109.51200103759766
109.59700012207031
109.47799682617188
109.33300018310547
109.26000213623047
110.7509994506836
110.60700225830078
110.46199798583984
110.43299865722656
110.34500122070312
110.16300201416016
110.2509994506836
110.03099822998047
109.12000274658203
108.95700073242188
109.08499908447266
108.77300262451172
108.86100006103516
108.6449966430664
102.49099731445312
101.13999938964844
100.85800170898438
100.72699737548828
100.4990005493164
102.4530029296875
102.31900024414062
102.16999816894531
101.44100189208984
102.33899688720703
102.18800354003906
102.07099914550781
101.9219970703125
101.72799682617188
101.60600280761719
101.45600128173828
101.26499938964844
101.11000061035156
101.24199676513672
100.70099639892578
100.8280029296875
100.48200225830078
100.3280029296875
100.2020034790039
120.25599670410156
120.2030029296875
120.06700134277344
120.02999877929688
119.91300201416016
119.79199981689453
119.68099975585938
118.9990005493164
118.75700378417969
118.79299926757812
118.64199829101562
119.75399780273438
119.51000213623047
119.56400299072266
119.39900207519531
119.27400207519531
119.16200256347656
119.11100006103516
118.91100311279297
114.39900207519531
114.20500183105469
114.06099700927734
113.86900329589844
113.85399627685547
113.7239990234375
113.60800170898438
113.41999816894531
114.71399688720703
114.51799774169922
114.5719985961914
112.1729965209961
112.04199981689453
111.9990005493164
111.86699676513672
111.7300033569336
111.4749984741211
111.35299682617188
111.35099792480469
113.28199768066406
113.06300354003906
113.00700378417969
112.87899780273438
112.80699920654297
112.64099884033203
112.52100372314453
112.26200103759766
110.43399810791016
110.2760009765625
110.14199829101562
109.9000015258789
109.77899932861328
109.56199645996094
109.44999694824219
109.23300170898438
111.2249984741211
111.21099853515625
111.0739974975586
110.9489974975586
111.08300018310547
110.70899963378906
110.63400268554688
110.49400329589844
108.5989990234375
108.47699737548828
108.36499786376953
109.12899780273438
109.00199890136719
108.87799835205078
108.76899719238281
108.61599731445312
108.98899841308594
108.74099731445312
108.85199737548828
118.05400085449219
117.98899841308594
117.85199737548828
117.71099853515625
117.54100036621094
117.91100311279297
116.91699981689453
116.94499969482422
116.79499816894531
116.7030029296875
116.54900360107422
116.65599822998047
116.36699676513672
116.45800018310547
117.63400268554688
117.73300170898438
117.35299682617188
117.36599731445312
117.302001953125
117.2249984741211
117.14900207519531
117.05799865722656
115.51000213623047
115.36599731445312
115.26399993896484
115.33300018310547
115.08599853515625
115.18299865722656
114.9749984741211
114.8239974975586
116.25700378417969
116.10700225830078
115.9489974975586
115.98300170898438
115.7770004272461
115.84300231933594
115.63300323486328
115.66500091552734
113.9260025024414
113.88600158691406
113.71900177001953
113.76699829101562
113.58000183105469
113.58899688720703
113.43699645996094
113.27200317382812
114.7229995727539
114.60299682617188
114.5780029296875
114.48799896240234
114.33100128173828
114.38200378417969
114.20999908447266
114.0510025024414
113.15799713134766
113.07499694824219
113.00800323486328
123.30999755859375
123.29399871826172
123.11900329589844
123.06600189208984
122.88700103759766
122.91200256347656
122.71399688720703
122.68699645996094
123.63600158691406
123.49600219726562
123.45600128173828
121.75399780273438
121.77100372314453
121.54000091552734
121.46600341796875
121.60800170898438
121.36000061035156
121.21399688720703
121.19100189208984
122.49800109863281
122.53099822998047
122.3479995727539
122.302001953125
122.14700317382812
122.16000366210938
121.95899963378906
121.92500305175781
120.33200073242188
120.18000030517578
120.05000305175781
119.95800018310547
121.0009994506836
120.9489974975586
120.87100219726562
120.74600219726562
120.6719970703125
120.61100006103516
120.4010009765625
120.42900085449219
111.64600372314453
111.447998046875
111.33499908447266
111.16899871826172
110.99400329589844
111.13500213623047
110.95999908447266
110.79100036621094
112.01899719238281
111.85600280761719
111.7239990234375
109.8479995727539
109.70099639892578
109.6719970703125
109.5790023803711
109.4260025024414
109.27799987792969
109.39700317382812
109.52200317382812
110.67500305175781
110.58599853515625
110.45899963378906
110.35299682617188
110.14700317382812
110.27200317382812
110.11499786376953
109.9739990234375
108.39199829101562
108.31700134277344
108.18900299072266
108.08499908447266
107.9990005493164
107.87899780273438
107.84100341796875
107.7490005493164
109.2490005493164
109.10299682617188
108.98899841308594
108.84400177001953
108.81400299072266
108.70800018310547
108.52200317382812
108.61900329589844
106.9280014038086
106.83599853515625
106.72599792480469
106.46900177001953
106.65899658203125
106.78399658203125
106.43599700927734
106.2760009765625
107.63300323486328
107.51200103759766
107.33699798583984
107.47599792480469
107.3010025024414
107.13700103759766
107.07599639892578
107.02300262451172
106.16500091552734
106.08000183105469
105.9520034790039
105.86000061035156
105.62000274658203
112.23300170898438
112.13500213623047
111.98300170898438
111.87000274658203
111.64199829101562
111.51899719238281
111.49700164794922
111.375
112.75199890136719
112.61399841308594
112.38800048828125
112.35900115966797
110.39199829101562
110.25199890136719
110.03399658203125
109.91600036621094
109.71900177001953
109.59400177001953
109.36399841308594
109.26100158691406
111.28500366210938
111.12799835205078
111.19599914550781
111.00800323486328
110.83699798583984
110.76699829101562
110.6259994506836
110.54499816894531
108.31999969482422
108.19599914550781
108.01699829101562
108.17500305175781
108.27799987792969
107.99600219726562
107.86000061035156
107.75599670410156
109.08200073242188
108.98200225830078
108.84700012207031
108.65799713134766
108.55599975585938
108.82599639892578
108.51899719238281
108.62699890136719
107.5739974975586
107.43399810791016
107.24600219726562
107.12699890136719
107.0790023803711
106.99199676513672
106.8740005493164
114.50900268554688
114.27799987792969
114.14900207519531
114.46299743652344
114.55799865722656
114.10399627685547
114.18800354003906
114.00599670410156
114.65299987792969
112.71099853515625
112.59500122070312
112.43299865722656
113.52799987792969
113.27400207519531
113.39099884033203
112.9010009765625
113.00700378417969
113.96199798583984
113.83499908447266
113.697998046875
113.56999969482422
113.4749984741211
113.31600189208984
113.08000183105469
112.97699737548828
111.9800033569336
111.69200134277344
111.80799865722656
111.49700164794922
111.35600280761719
111.23100280761719
111.31099700927734
111.40899658203125
112.53500366210938
112.62300109863281
112.38899993896484
112.2509994506836
112.16200256347656
112.02200317382812
111.87200164794922
111.77400207519531
110.44499969482422
110.3030014038086
110.18499755859375
110.26699829101562
109.99600219726562
110.06999969482422
109.86399841308594
109.67900085449219
111.16799926757812
111.12899780273438
111.02100372314453
110.85900115966797
110.68499755859375
110.81600189208984
110.64199829101562
110.50599670410156
108.86100006103516
108.7040023803711
108.54399871826172
108.64700317382812
108.40399932861328
109.63700103759766
109.4729995727539
109.35700225830078
109.29199981689453
109.16899871826172
109.05599975585938
108.9749984741211
108.89800262451172
103.71600341796875
103.53500366210938
104.5009994506836
104.38300323486328
104.16400146484375
104.08300018310547
103.96700286865234
103.26100158691406
103.08300018310547
102.93599700927734
102.7750015258789
102.6500015258789
102.56800079345703
102.50599670410156
102.30899810791016
104.36900329589844
104.48500061035156
104.1709976196289
103.93099975585938
103.79199981689453
103.69300079345703
103.51300048828125
103.36799621582031
101.38800048828125
102.1760025024414
101.98100280761719
102.16200256347656
102.28099822998047
101.96700286865234
101.8290023803711
101.71299743652344
101.5270004272461
123.40799713134766
123.28500366210938
123.08599853515625
121.9010009765625
121.74800109863281
121.56800079345703
121.4530029296875
121.40899658203125
121.4219970703125
121.23799896240234
121.20899963378906
123.01599884033203
122.8270034790039
122.70899963378906
122.52100372314453
122.44499969482422
122.25199890136719
122.13400268554688
121.96700286865234
120.29499816894531
120.25599670410156
120.04000091552734
119.9520034790039
120.11799621582031
119.88800048828125
119.6969985961914
119.73899841308594
121.02100372314453
121.04399871826172
120.82499694824219
120.86399841308594
120.64800262451172
120.4990005493164
120.63500213623047
120.48100280761719
119.01899719238281
118.77300262451172
118.60199737548828
118.64800262451172
118.47000122070312
118.46499633789062
118.28600311279297
118.23100280761719
119.53600311279297
119.56900024414062
119.38099670410156
119.25700378417969
119.1510009765625
119.18800354003906
118.93599700927734
118.87200164794922
118.052001953125
118.0989990234375
105.89700317382812
105.67400360107422
105.52999877929688
105.41200256347656
104.60299682617188
104.48300170898438
104.3550033569336
104.22899627685547
104.06600189208984
103.89800262451172
104.0459976196289
103.73300170898438
105.33399963378906
105.3010025024414
105.18499755859375
105.02300262451172
104.79399871826172
104.99400329589844
105.1240005493164
104.76599884033203
102.1760025024414
102.05500030517578
101.76699829101562
101.64700317382812
101.37200164794922
101.22000122070312
101.01100158691406
100.88400268554688
103.81500244140625
103.59200286865234
103.3949966430664
103.24400329589844
102.98200225830078
102.84600067138672
102.59300231933594
102.4489974975586
100.73200225830078
100.52999877929688
100.39800262451172
100.71800231933594
100.37200164794922
100.50499725341797
100.18199920654297
100.16799926757812
101.6780014038086
100.4280014038086
100.19999694824219
100.06999969482422
101.80699920654297
101.26799774169922
101.39600372314453
101.04000091552734
100.88400268554688
100.9800033569336
100.74600219726562
100.55799865722656
102.9749984741211
102.84300231933594
102.90599822998047
102.7249984741211
102.55400085449219
102.4229965209961
103.64700317382812
103.53600311279297
103.41000366210938
103.27799987792969
103.16699981689453
103.4010009765625
103.14800262451172
103.26200103759766
120.40899658203125
120.30000305175781
120.22699737548828
120.06800079345703
120.12699890136719
119.93299865722656
119.11599731445312
118.99500274658203
118.87300109863281
118.83699798583984
118.75299835205078
118.58300018310547
118.65599822998047
118.4729995727539
119.91899871826172
119.75900268554688
119.74299621582031
119.6050033569336
119.52999877929688
119.39700317382812
119.35199737548828
119.45099639892578
117.50399780273438
117.38700103759766
117.39900207519531
117.1969985961914
117.26000213623047
117.0479965209961
117.0989990234375
116.93000030517578
118.35199737548828
118.23500061035156
118.19200134277344
118.06800079345703
117.99299621582031
117.83799743652344
117.87000274658203
117.72000122070312
115.98699951171875
115.86000061035156
115.63800048828125
115.50700378417969
115.2760009765625
115.16699981689453
115.16600036621094
114.99500274658203
116.72899627685547
116.62200164794922
116.45700073242188
116.3479995727539
116.26499938964844
116.12699890136719
116.2040023803711
116.10700225830078
105.8499984741211
105.86900329589844
105.6989974975586
105.73699951171875
105.58200073242188
105.46199798583984
105.572998046875
104.7229995727539
106.78500366210938
106.65399932861328
106.45700073242188
106.44599914550781
106.31199645996094
106.18800354003906
105.97599792480469
105.11000061035156
104.89700317382812
104.8219985961914
103.98500061035156
103.86799621582031
103.6449966430664
103.51799774169922
103.27899932861328
104.69400024414062
104.2490005493164
104.14600372314453
104.5999984741211
104.49800109863281
104.35299682617188
104.35600280761719
105.22200012207031
102.41600036621094
102.53399658203125
102.09400177001953
102.16500091552734
101.9729995727539
103.17400360107422
102.92900085449219
102.81900024414062
102.68299865722656
102.66899871826172
102.55500030517578
102.44200134277344
102.23300170898438
124.52400207519531
123.53600311279297
123.76200103759766
123.3759994506836
123.33100128173828
123.08300018310547
123.1259994506836
122.93800354003906
122.97100067138672
124.25700378417969
124.31999969482422
124.125
124.16300201416016
123.9280014038086
123.96800231933594
123.62999725341797
123.72699737548828
121.90299987792969
121.95800018310547
121.77200317382812
121.79499816894531
122.77300262451172
122.73999786376953
122.58100128173828
122.6240005493164
122.33899688720703
122.4280014038086
122.18900299072266
122.15499877929688
114.1729965209961
114.26300048828125
114.06999969482422
114.06999969482422
113.81900024414062
113.88800048828125
113.72000122070312
113.62100219726562
115.1510009765625
114.94499969482422
114.83000183105469
114.6240005493164
114.6709976196289
114.31999969482422
114.5009994506836
112.51599884033203
112.73200225830078
112.18599700927734
112.38999938964844
111.97200012207031
112.0510025024414
111.87999725341797
111.77799987792969
113.41600036621094
113.56700134277344
113.15599822998047
113.30899810791016
113.05799865722656
113.1240005493164
112.9540023803711
112.87300109863281
110.8010025024414
110.90299987792969
110.76200103759766
110.73200225830078
110.61000061035156
110.60299682617188
110.28500366210938
110.43099975585938
111.63999938964844
111.61699676513672
111.4540023803711
111.46099853515625
111.22699737548828
111.28800201416016
111.13099670410156
111.06300354003906
109.3280029296875
109.50499725341797
108.9749984741211
109.2030029296875
109.2760009765625
109.16699981689453
108.78299713134766
108.94599914550781
110.2030029296875
110.27300262451172
110.19000244140625
109.53199768066406
109.92500305175781
110.0459976196289
109.61699676513672
109.76300048828125
108.49600219726562
108.6760025024414
108.19100189208984
108.33100128173828
107.93900299072266
108.05400085449219
120.36399841308594
119.56800079345703
119.76100158691406
119.26100158691406
119.41500091552734
119.0719985961914
119.2770004272461
119.04000091552734
119.14199829101562
120.22799682617188
120.06800079345703
120.22799682617188
119.84500122070312
120.04100036621094
119.67500305175781
119.90399932861328
118.03500366210938
118.18699645996094
117.69499969482422
117.83699798583984
117.47000122070312
117.49299621582031
117.24199676513672
117.34600067138672
118.79499816894531
118.89700317382812
118.53099822998047
118.64800262451172
118.3030014038086
118.49700164794922
118.15299987792969
118.37100219726562
116.18299865722656
116.32599639892578
115.83899688720703
115.95600128173828
115.48600006103516
115.59600067138672
115.24800109863281
115.2760009765625
116.9469985961914
117.08100128173828
116.5780029296875
116.7030029296875
116.45500183105469
116.58499908447266
116.30599975585938
116.43599700927734
121.61399841308594
121.89800262451172
121.77300262451172
121.40699768066406
121.57599639892578
121.28600311279297
121.51699829101562
121.93399810791016
121.68000030517578
121.86499786376953
121.2959976196289
121.21700286865234
120.98899841308594
121.18000030517578
117.93399810791016
118.04299926757812
117.83300018310547
117.78099822998047
117.95500183105469
117.78800201416016
117.58999633789062
117.7229995727539
118.21199798583984
116.95899963378906
116.80500030517578
116.58799743652344
116.7509994506836
116.44400024414062
116.625
116.45099639892578
116.33599853515625
117.36599731445312
117.61399841308594
117.28900146484375
117.43399810791016
117.11900329589844
117.2300033569336
116.9010009765625
117.0979995727539
115.572998046875
115.66300201416016
115.21099853515625
115.41500091552734
114.93800354003906
115.1050033569336
115.0260009765625
115.36499786376953
116.12899780273438
116.1719970703125
115.93499755859375
116.04299926757812
115.8489990234375
115.78299713134766
115.73300170898438
115.9520034790039
113.93299865722656
114.04299926757812
114.31400299072266
114.21800231933594
113.9489974975586
113.86799621582031
114.86100006103516
115.11199951171875
114.6989974975586
114.84300231933594
114.55000305175781
114.64199829101562
114.3030014038086
114.39700317382812
110.53299713134766
110.7020034790039
110.7300033569336
110.62999725341797
110.43000030517578
110.48699951171875
110.22899627685547
110.30999755859375
110.81400299072266
109.30400085449219
109.33499908447266
109.21299743652344
109.44599914550781
109.04100036621094
109.13999938964844
108.76499938964844
108.88800048828125
110.00800323486328
110.1510009765625
109.80899810791016
109.82499694824219
109.697998046875
109.94300079345703
109.63400268554688
109.5260009765625
108.13999938964844
108.14299774169922
107.9800033569336
107.98500061035156
107.84100341796875
107.73500061035156
107.69300079345703
107.58300018310547
108.96399688720703
108.85299682617188
108.66000366210938
108.7300033569336
108.45500183105469
108.53600311279297
108.36699676513672
108.28800201416016
106.24299621582031
106.37899780273438
106.21600341796875
106.11199951171875
106.08100128173828
105.9749984741211
105.99299621582031
105.93000030517578
107.3219985961914
107.46499633789062
106.9280014038086
107.16899871826172
106.7760009765625
106.91100311279297
106.51399993896484
106.65799713134766
105.73999786376953
105.81800079345703
106.04100036621094
105.89900207519531
105.91000366210938
106.06700134277344
106.00700378417969
105.8239974975586
105.74099731445312
123.23799896240234
122.16400146484375
122.34100341796875
121.9800033569336
122.12100219726562
121.66400146484375
121.86299896240234
121.52200317382812
121.54499816894531
123.08599853515625
123.08200073242188
122.8550033569336
122.89800262451172
122.72100067138672
122.69300079345703
122.48899841308594
122.50299835205078
120.63500213623047
120.64800262451172
120.51399993896484
120.48300170898438
120.20500183105469
120.33699798583984
120.11299896240234
120.0979995727539
121.38099670410156
121.38099670410156
121.25
121.33899688720703
120.93800354003906
121.11399841308594
120.822998046875
120.83999633789062
119.38700103759766
119.33200073242188
119.23999786376953
119.16699981689453
119.0739974975586
119.06500244140625
118.8949966430664
118.84400177001953
119.89099884033203
119.90399932861328
119.80500030517578
119.71399688720703
119.58300018310547
119.62300109863281
119.49400329589844
119.5739974975586
118.03399658203125
117.9729995727539
117.84700012207031
117.80599975585938
117.57499694824219
117.61100006103516
117.44999694824219
117.69499969482422
118.5479965209961
118.6520004272461
118.71600341796875
118.56999969482422
118.31900024414062
118.35600280761719
118.09200286865234
118.24400329589844
117.29199981689453
122.89900207519531
123.07499694824219
122.73300170898438
122.86000061035156
122.40699768066406
122.55899810791016
122.27899932861328
122.32499694824219
123.21700286865234
121.41600036621094
121.42900085449219
121.0739974975586
121.23500061035156
121.02899932861328
121.052001953125
120.90899658203125
120.86499786376953
122.16400146484375
122.14600372314453
121.98999786376953
121.96199798583984
121.75299835205078
121.77899932861328
121.60800170898438
121.59400177001953
119.9990005493164
120.6760025024414
120.68399810791016
120.51399993896484
120.48699951171875
120.31800079345703
120.4229965209961
120.04900360107422
120.1760025024414
109.44499969482422
109.77799987792969
109.31500244140625
109.5270004272461
108.18399810791016
108.30500030517578
108.12799835205078
107.95500183105469
107.91799926757812
108.23899841308594
107.64900207519531
107.75499725341797
108.98300170898438
109.14399719238281
108.70099639892578
108.83899688720703
108.80599975585938
108.59300231933594
108.6510009765625
108.5250015258789
106.84200286865234
107.37100219726562
106.69000244140625
106.95500183105469
106.43099975585938
106.54900360107422
106.13300323486328
106.29199981689453
107.52400207519531
107.55999755859375
107.27799987792969
107.44200134277344
106.87300109863281
107.02200317382812
107.24299621582031
106.72200012207031
105.23899841308594
105.35099792480469
104.85900115966797
105.07599639892578
104.4469985961914
104.70899963378906
104.12899780273438
104.31900024414062
106.26200103759766
106.01399993896484
106.08499908447266
105.95800018310547
105.72599792480469
105.75700378417969
105.4469985961914
105.56300354003906
103.552001953125
103.66500091552734
103.37100219726562
103.39399719238281
103.04199981689453
103.19300079345703
102.64600372314453
102.79299926757812
104.68299865722656
105.04900360107422
104.28199768066406
104.80699920654297
104.10399627685547
104.39900207519531
103.85299682617188
103.96700286865234
103.1500015258789
103.02200317382812
102.62300109863281
102.75900268554688
115.0459976196289
113.75199890136719
113.93699645996094
113.40899658203125
113.61799621582031
113.25199890136719
113.28900146484375
113.15499877929688
113.12300109863281
114.89600372314453
114.85800170898438
114.52899932861328
114.73799896240234
114.19599914550781
114.38899993896484
114.03700256347656
114.16600036621094
111.82499694824219
112.0469970703125
111.48500061035156
111.7030029296875
111.30999755859375
111.43699645996094
111.06800079345703
111.23200225830078
112.98899841308594
113.11599731445312
112.60800170898438
112.85700225830078
112.30699920654297
112.47100067138672
112.16999816894531
112.30000305175781
109.7040023803711
109.83499908447266
109.50299835205078
109.65399932861328
109.13899993896484
109.38800048828125
108.81900024414062
109.02999877929688
110.69100189208984
110.93299865722656
110.47100067138672
110.5999984741211
110.28299713134766
110.43099975585938
109.91799926757812
110.15699768066406
107.677001953125
107.9219970703125
107.43800354003906
107.55999755859375
108.6709976196289
108.69999694824219
108.56300354003906
108.45999908447266
108.39700317382812
108.322998046875
108.03500366210938
108.20700073242188
122.0979995727539
121.1780014038086
121.29900360107422
121.23100280761719
121.33200073242188
121.09200286865234
121.0469970703125
120.90899658203125
121.13500213623047
121.85199737548828
122.0270004272461
121.61499786376953
121.93199920654297
121.572998046875
121.69400024414062
121.36100006103516
121.50700378417969
120.35800170898438
120.66899871826172
120.35199737548828
120.52999877929688
120.26200103759766
120.15499877929688
119.93099975585938
120.13400268554688
120.75499725341797
120.85399627685547
121.06600189208984
120.92500305175781
120.56400299072266
120.7239990234375
120.33799743652344
120.45600128173828
119.34100341796875
119.44999694824219
119.1709976196289
119.23100280761719
118.8489990234375
118.91400146484375
118.56600189208984
118.6780014038086
119.77799987792969
119.9489974975586
119.62799835205078
119.84700012207031
119.60399627685547
119.66300201416016
119.3759994506836
119.54399871826172
118.33000183105469
118.38099670410156
118.0770034790039
118.18499755859375
118.01699829101562
123.04100036621094
123.10900115966797
119.75900268554688
119.80000305175781
119.64199829101562
119.58000183105469
119.46299743652344
119.41799926757812
119.21800231933594
119.23500061035156
119.96900177001953
118.4729995727539
118.60600280761719
118.26899719238281
118.3550033569336
118.1989974975586
118.15399932861328
117.94200134277344
118.08499908447266
118.99400329589844
119.12699890136719
118.875
118.9219970703125
118.89299774169922
118.71199798583984
118.68199920654297
118.73200225830078
117.16500091552734
117.11900329589844
116.88800048828125
117.0510025024414
116.83799743652344
116.7490005493164
116.65599822998047
116.6050033569336
117.74600219726562
117.89600372314453
117.6760025024414
117.63800048828125
117.39399719238281
117.56800079345703
117.2770004272461
117.35099792480469
116.01899719238281
116.15699768066406
115.72599792480469
115.8740005493164
116.00700378417969
115.50800323486328
115.74800109863281
115.65799713134766
116.427001953125
116.63099670410156
116.3740005493164
116.53700256347656
116.08399963378906
116.22200012207031
116.2249984741211
116.15699768066406
114.93199920654297
115.41400146484375
115.35299682617188
115.19400024414062
115.18299865722656
114.87200164794922
115.03900146484375
114.822998046875
115.11000061035156
123.68900299072266
123.49800109863281
123.71299743652344
122.54100036621094
122.73300170898438
122.34200286865234
122.5989990234375
122.375
122.23400115966797
121.9739990234375
122.15799713134766
123.44100189208984
123.31500244140625
123.11399841308594
123.34100341796875
122.91600036621094
123.14199829101562
122.96099853515625
122.83699798583984
120.85800170898438
120.96900177001953
120.5989990234375
120.81400299072266
120.38800048828125
120.63600158691406
120.2020034790039
120.47000122070312
121.82099914550781
121.99800109863281
121.68000030517578
121.78299713134766
121.35800170898438
121.4739990234375
121.11499786376953
121.16899871826172
120.08399963378906
120.22599792480469
116.24199676513672
116.4280014038086
116.11199951171875
116.20899963378906
115.12799835205078
115.29399871826172
115.15699768066406
115.03099822998047
114.74099731445312
114.99199676513672
114.52200317382812
114.81900024414062
115.87000274658203
116.0719985961914
115.70600128173828
115.94400024414062
115.56099700927734
115.70800018310547
115.37000274658203
115.41000366210938
113.53900146484375
113.6520004272461
113.20800018310547
113.34700012207031
113.00700378417969
113.1719970703125
112.8759994506836
113.03800201416016
114.39600372314453
114.62799835205078
114.2020034790039
114.32599639892578
113.85399627685547
114.0989990234375
113.81500244140625
114.00499725341797
111.67400360107422
111.70600128173828
111.3949966430664
111.52999877929688
110.96399688720703
111.11799621582031
110.83699798583984
111.08499908447266
112.72000122070312
112.87100219726562
112.31199645996094
112.4280014038086
112.01200103759766
112.13800048828125
111.83300018310547
111.9010009765625
110.92900085449219
106.63800048828125
106.64099884033203
106.4990005493164
106.49500274658203
106.36100006103516
106.36199951171875
105.99299621582031
106.22899627685547
106.78900146484375
106.79399871826172
104.59400177001953
104.14900207519531
104.3479995727539
104.5009994506836
105.22799682617188
104.31999969482422
104.9010009765625
105.11199951171875
105.76200103759766
105.89399719238281
105.5790023803711
105.7300033569336
104.76200103759766
105.45899963378906
104.22100067138672
104.69599914550781
103.5479965209961
103.61900329589844
103.1969985961914
103.32499694824219
102.95500183105469
102.86699676513672
102.59700012207031
102.74700164794922
103.51799774169922
104.86299896240234
103.21900177001953
103.34200286865234
103.99700164794922
103.00399780273438
103.73200225830078
103.88300323486328
102.2490005493164
102.45800018310547
101.9990005493164
102.13500213623047
101.98699951171875
104.5790023803711
104.79499816894531
105.16600036621094
105.56400299072266
104.99500274658203
105.03700256347656
104.75399780273438
104.87899780273438
104.5459976196289
104.63600158691406
105.6760025024414
104.45800018310547
105.447998046875
105.55000305175781
105.1259994506836
105.21299743652344
105.4000015258789
105.45600128173828
104.05899810791016
104.19400024414062
103.7040023803711
103.83599853515625
103.3550033569336
103.46399688720703
102.98899841308594
103.0999984741211
104.8290023803711
104.40599822998047
105.78299713134766
105.96499633789062
105.52899932861328
105.66500091552734
104.31700134277344
104.33799743652344
101.97200012207031
101.8550033569336
102.61799621582031
102.7300033569336
102.3239974975586
102.43599700927734
102.1760025024414
102.18900299072266
101.86599731445312
101.99500274658203
105.54900360107422
105.31300354003906
105.4209976196289
104.90399932861328
105.0260009765625
104.02899932861328
104.18599700927734
103.99700164794922
104.30400085449219
103.78199768066406
104.12200164794922
103.37899780273438
103.63400268554688
105.25
104.68499755859375
104.96900177001953
104.85399627685547
104.53199768066406
104.65299987792969
104.33699798583984
104.42500305175781
102.57099914550781
102.70800018310547
102.30799865722656
102.46600341796875
102.13899993896484
102.27899932861328
101.76899719238281
102.03500366210938
103.60399627685547
103.23899841308594
103.21199798583984
103.72000122070312
102.99700164794922
103.322998046875
102.927001953125
102.83799743652344
101.36799621582031
101.61299896240234
100.96499633789062
101.21600341796875
100.81900024414062
120.56500244140625
120.66400146484375
120.29100036621094
120.3740005493164
119.9739990234375
120.08699798583984
119.7239990234375
119.78600311279297
121.15499877929688
121.26499938964844
120.86399841308594
120.95800018310547
118.3479995727539
118.44100189208984
118.07099914550781
118.30599975585938
117.84200286865234
118.11900329589844
117.70700073242188
117.93199920654297
119.40499877929688
119.53700256347656
119.13800048828125
119.20700073242188
118.82599639892578
118.94599914550781
118.58399963378906
118.64900207519531
116.60700225830078
116.84600067138672
116.41100311279297
116.66300201416016
116.28099822998047
116.39199829101562
116.10399627685547
116.23899841308594
117.45700073242188
117.58999633789062
117.23600006103516
117.36199951171875
117.12300109863281
117.1729965209961
116.7699966430664
116.94499969482422
115.87300109863281
116.04100036621094
115.73899841308594
115.875
115.44100189208984
115.58499908447266
113.23200225830078
113.31800079345703
113.04100036621094
113.17900085449219
112.88099670410156
112.88500213623047
112.49700164794922
112.66400146484375
111.52999877929688
111.70700073242188
111.48899841308594
111.36599731445312
111.14600372314453
111.3239974975586
111.02899932861328
111.0989990234375
112.44999694824219
112.76100158691406
112.25399780273438
112.56300354003906
112.1520004272461
112.06300354003906
111.8270034790039
111.93299865722656
110.13200378417969
110.29499816894531
109.73400115966797
109.88999938964844
109.99099731445312
110.41600036621094
110.25
110.16600036621094
110.67500305175781
110.8010025024414
110.58599853515625
110.91200256347656
110.6050033569336
110.68299865722656
110.44300079345703
110.49500274658203
109.37799835205078
109.28700256347656
108.96099853515625
109.0989990234375
108.74800109863281
108.86399841308594
108.5979995727539
108.70999908447266
109.74600219726562
109.5780029296875
109.94100189208984
109.8290023803711
109.4800033569336
109.77899932861328
109.1449966430664
109.33399963378906
107.5739974975586
107.74500274658203
107.39600372314453
107.46900177001953
107.12200164794922
107.29399871826172
106.76399993896484
106.87699890136719
108.1760025024414
108.43199920654297
108.4010009765625
108.02799987792969
107.99400329589844
108.52899932861328
107.77799987792969
108.11199951171875
106.31900024414062
106.47000122070312
106.18399810791016
121.46399688720703
121.34300231933594
121.22699737548828
121.05799865722656
121.41100311279297
121.20999908447266
121.61799621582031
120.46299743652344
120.5989990234375
120.75199890136719
120.32099914550781
120.32099914550781
120.16799926757812
120.23999786376953
120.4000015258789
120.83999633789062
120.97899627685547
120.92400360107422
121.2490005493164
120.677001953125
120.53600311279297
121.10099792480469
120.8290023803711
119.4469985961914
119.60099792480469
119.74400329589844
119.30000305175781
119.14900207519531
119.06600189208984
119.38999938964844
119.31500244140625
119.8239974975586
119.97200012207031
120.02999877929688
119.9010009765625
119.6729965209961
119.52799987792969
120.10199737548828
119.82499694824219
118.25700378417969
118.26899719238281
118.45999908447266
118.38800048828125
117.87100219726562
118.09300231933594
118.06199645996094
118.96399688720703
119.06600189208984
118.88300323486328
119.23500061035156
118.77899932861328
118.55599975585938
118.69300079345703
118.66400146484375
117.69100189208984
117.66999816894531
116.63800048828125
116.70500183105469
116.99400329589844
116.74600219726562
116.50299835205078
116.26100158691406
116.8270034790039
116.4260025024414
117.46299743652344
117.23999786376953
117.46800231933594
117.41999816894531
117.17400360107422
116.93900299072266
117.1709976196289
117.25499725341797
115.21700286865234
115.16799926757812
115.4749984741211
115.38200378417969
114.7249984741211
114.8270034790039
115.01499938964844
114.875
116.01899719238281
115.86399841308594
116.18699645996094
116.29399871826172
115.76100158691406
115.55699920654297
115.9739990234375
115.6729965209961
113.49600219726562
113.35399627685547
113.85700225830078
113.70800018310547
114.01399993896484
114.1240005493164
113.13200378417969
112.99600219726562
114.55500030517578
114.4739990234375
114.91799926757812
114.677001953125
114.18399810791016
114.10299682617188
114.34300231933594
114.2959976196289
113.31199645996094
113.41000366210938
113.66500091552734
113.76699829101562
112.9540023803711
113.0469970703125
112.4219970703125
112.26100158691406
110.98400115966797
110.83599853515625
111.2249984741211
111.12100219726562
110.65499877929688
110.7760009765625
110.68099975585938
110.94999694824219
111.84300231933594
111.71900177001953
112.12100219726562
111.99500274658203
111.40699768066406
111.36499786376953
111.60399627685547
111.52999877929688
109.55599975585938
109.44499969482422
109.87300109863281
109.63400268554688
109.23600006103516
109.0510025024414
109.2770004272461
109.09200286865234
110.37300109863281
110.21299743652344
110.5459976196289
110.52100372314453
110.06600189208984
109.75900268554688
110.22100067138672
109.94400024414062
108.09300231933594
108.0260009765625
108.50299835205078
108.24600219726562
107.86000061035156
107.72200012207031
107.89199829101562
107.75399780273438
108.72100067138672
108.68299865722656
108.90699768066406
108.79499816894531
108.28099822998047
108.38300323486328
108.5770034790039
108.41799926757812
106.5
106.33399963378906
106.75599670410156
106.63500213623047
106.21199798583984
106.0479965209961
107.3550033569336
107.20099639892578
107.58200073242188
107.4990005493164
107.02400207519531
107.14199829101562
107.3239974975586
107.0530014038086
123.27799987792969
123.0469970703125
123.20899963378906
123.10700225830078
122.79399871826172
122.63500213623047
122.85399627685547
122.88600158691406
123.84600067138672
123.8479995727539
124.03199768066406
124.06500244140625
123.43599700927734
123.47200012207031
123.6520004272461
123.66100311279297
121.48799896240234
121.38500213623047
121.66799926757812
121.71499633789062
121.08699798583984
121.13400268554688
121.51399993896484
121.19300079345703
122.26200103759766
122.3030014038086
122.5260009765625
122.35700225830078
121.9219970703125
121.9000015258789
122.07499694824219
122.11599731445312
119.97200012207031
119.98699951171875
120.38200378417969
120.13300323486328
119.60700225830078
119.55899810791016
119.7969970703125
119.83000183105469
120.7959976196289
120.74400329589844
120.89800262451172
120.98799896240234
120.28500366210938
120.19400024414062
120.53099822998047
120.55599975585938
118.64700317382812
118.47200012207031
118.63099670410156
118.51499938964844
118.01899719238281
117.9280014038086
118.24800109863281
118.29000091552734
119.24500274658203
119.22799682617188
119.40899658203125
119.44000244140625
118.80699920654297
118.86299896240234
119.04000091552734
119.03700256347656
118.10800170898438
117.8740005493164
108.64900207519531
108.76499938964844
109.0459976196289
109.1719970703125
108.12699890136719
107.9729995727539
108.25700378417969
108.35600280761719
109.34300231933594
106.85600280761719
106.75700378417969
107.13700103759766
106.97000122070312
106.23899841308594
106.11199951171875
106.64299774169922
106.47799682617188
107.68199920654297
107.53500366210938
107.8499984741211
107.71199798583984
107.35900115966797
107.48300170898438
107.41500091552734
107.16799926757812
105.48100280761719
105.17900085449219
105.36299896240234
105.20600128173828
104.802001953125
104.65499877929688
105.30699920654297
104.94499969482422
106.18199920654297
105.9260025024414
106.4469985961914
106.06400299072266
105.6520004272461
105.51000213623047
105.89600372314453
105.75499725341797
103.26000213623047
103.13099670410156
103.6729965209961
103.5250015258789
103.50399780273438
103.62999725341797
102.91999816894531
103.85800170898438
104.63099670410156
104.49199676513672
104.77799987792969
104.89399719238281
104.0199966430664
103.9530029296875
104.34500122070312
104.15499877929688
102.9020004272461
102.75299835205078
103.10399627685547
103.2239990234375
102.63400268554688
124.01899719238281
123.79199981689453
124.18599700927734
123.99400329589844
123.4469985961914
123.58499908447266
123.83000183105469
123.60700225830078
124.4530029296875
124.37999725341797
122.26200103759766
122.40299987792969
122.6240005493164
122.38600158691406
122.00700378417969
121.8030014038086
122.2229995727539
122.0260009765625
123.2249984741211
122.99700164794922
123.41899871826172
123.18800354003906
122.81600189208984
122.58399963378906
123.03500366210938
122.83599853515625
120.85700225830078
120.62300109863281
121.01300048828125
120.81800079345703
120.66000366210938
120.22599792480469
120.4800033569336
120.48799896240234
121.60099792480469
121.40599822998047
121.84700012207031
121.6050033569336
121.20600128173828
121.052001953125
121.44000244140625
121.177001953125
120.03500366210938
119.88200378417969
120.2699966430664
120.0
119.83899688720703
119.64900207519531
103.54399871826172
103.4209976196289
102.4729995727539
103.22699737548828
122.46499633789062
122.572998046875
122.72200012207031
122.03800201416016
121.9739990234375
122.30899810791016
122.21600341796875
121.46299743652344
121.65399932861328
121.59600067138672
121.63899993896484
121.3270034790039
121.47799682617188
121.42900085449219
121.35900115966797
121.95099639892578
121.77400207519531
122.11699676513672
122.24500274658203
121.83699798583984
121.8010025024414
121.63500213623047
121.52200317382812
120.41400146484375
120.2760009765625
120.58300018310547
120.5
121.13400268554688
120.9010009765625
121.48400115966797
121.09600067138672
120.95600128173828
120.58300018310547
120.80999755859375
120.7959976196289
113.9020004272461
113.802001953125
114.197998046875
114.06700134277344
113.84400177001953
113.53500366210938
114.02899932861328
113.73100280761719
114.92500305175781
114.4800033569336
114.3219985961914
114.60299682617188
114.68599700927734
112.2979965209961
112.18099975585938
112.56999969482422
112.43900299072266
112.24600219726562
112.01200103759766
112.41100311279297
112.12699890136719
113.36000061035156
113.45999908447266
113.39600372314453
113.24299621582031
112.9469985961914
112.71099853515625
113.20800018310547
113.07599639892578
110.802001953125
110.83100128173828
111.12699890136719
110.97100067138672
110.44999694824219
110.48799896240234
110.60900115966797
110.677001953125
111.7040023803711
111.55799865722656
111.98300170898438
111.83699798583984
111.25
111.36599731445312
111.42400360107422
111.52999877929688
109.26799774169922
109.33000183105469
109.50499725341797
109.43399810791016
108.94300079345703
108.96600341796875
109.11499786376953
109.10700225830078
110.15299987792969
110.09100341796875
110.32099914550781
110.31099700927734
109.77999877929688
109.63899993896484
109.91400146484375
109.98500061035156
108.58399963378906
108.63500213623047
108.73600006103516
108.81099700927734
108.29399871826172
108.20700073242188
108.47200012207031
108.44599914550781
113.78299713134766
113.61499786376953
114.03800201416016
113.88400268554688
113.1520004272461
113.08000183105469
113.447998046875
113.2770004272461
114.24800109863281
114.36299896240234
114.52200317382812
111.91699981689453
111.822998046875
112.21299743652344
112.04399871826172
111.61299896240234
111.46900177001953
111.64199829101562
111.73999786376953
112.68299865722656
112.53900146484375
112.98699951171875
112.80400085449219
112.51300048828125
112.37300109863281
112.64099884033203
112.7509994506836
110.24199676513672
110.3270034790039
110.4280014038086
110.48699951171875
109.94400024414062
109.96900177001953
110.20899963378906
110.06300354003906
111.15499877929688
111.06999969482422
111.3290023803711
111.18199920654297
110.76399993896484
110.59300231933594
110.88999938964844
110.99800109863281
108.56600189208984
108.61399841308594
108.88400268554688
108.72899627685547
108.33899688720703
108.2030029296875
108.46199798583984
108.36599731445312
109.56400299072266
109.62899780273438
109.72200012207031
109.81099700927734
109.14800262451172
108.99500274658203
109.46600341796875
109.19200134277344
107.84100341796875
108.10199737548828
108.08499908447266
108.43199920654297
108.33699798583984
108.55999755859375
107.29199981689453
107.18099975585938
107.4229965209961
107.51000213623047
106.73999786376953
106.88600158691406
107.0510025024414
106.97899627685547
108.10700225830078
107.96299743652344
108.13800048828125
108.2490005493164
107.70099639892578
107.5999984741211
107.87100219726562
107.72799682617188
105.56400299072266
105.4219970703125
105.58300018310547
105.68499755859375
105.1240005493164
105.0
105.28500366210938
105.1449966430664
106.45700073242188
106.27100372314453
106.58499908447266
106.65899658203125
105.84500122070312
105.7040023803711
106.11499786376953
105.97000122070312
103.99400329589844
104.11299896240234
104.02899932861328
103.85900115966797
103.58799743652344
103.34100341796875
103.83999633789062
103.70800018310547
104.95600128173828
104.56900024414062
104.85800170898438
104.83399963378906
104.3030014038086
104.1510009765625
104.46099853515625
104.32599639892578
102.91200256347656
102.40499877929688
103.0469970703125
102.78700256347656
102.13500213623047
102.52400207519531
102.02100372314453
102.93599700927734
102.82499694824219
103.19300079345703
103.17900085449219
102.17500305175781
102.052001953125
102.55599975585938
102.44000244140625
123.71499633789062
123.57499694824219
123.93299865722656
123.90299987792969
123.32499694824219
123.71299743652344
123.54499816894531
122.40699768066406
122.43800354003906
122.63899993896484
122.5989990234375
122.09600067138672
122.2509994506836
122.21700286865234
122.0530014038086
122.83100128173828
122.822998046875
123.01799774169922
122.98699951171875
121.12000274658203
120.87999725341797
121.06600189208984
120.98999786376953
120.51699829101562
120.46499633789062
120.74199676513672
120.6989974975586
121.70099639892578
121.68699645996094
121.83300018310547
121.86100006103516
121.26599884033203
121.29000091552734
121.5199966430664
121.35900115966797
119.1729965209961
119.2249984741211
119.38300323486328
119.36000061035156
118.93199920654297
118.75499725341797
118.99600219726562
119.03399658203125
120.08699798583984
119.9739990234375
120.3740005493164
120.19100189208984
119.55999755859375
119.61399841308594
119.83799743652344
119.76000213623047
117.7040023803711
117.53099822998047
117.89299774169922
117.9520034790039
117.34500122070312
117.39800262451172
117.65799713134766
117.58100128173828
118.48500061035156
118.44499969482422
118.60099792480469
118.68499755859375
118.1760025024414
118.0719985961914
118.3759994506836
118.3010025024414
116.50800323486328
116.43499755859375
116.93399810791016
117.03199768066406
117.29000091552734
117.11399841308594
116.73400115966797
116.64099884033203
116.78900146484375
116.8550033569336
107.87799835205078
108.00700378417969
107.35600280761719
108.16100311279297
107.3239974975586
107.18299865722656
107.47200012207031
107.58599853515625
107.64800262451172
107.51899719238281
106.28099822998047
106.06999969482422
106.7040023803711
106.16899871826172
105.84600067138672
105.67900085449219
106.03700256347656
105.96199798583984
106.89299774169922
106.75800323486328
107.06800079345703
106.927001953125
106.2030029296875
106.5780029296875
106.64399719238281
106.35199737548828
104.5479965209961
104.4469985961914
104.83999633789062
104.68099975585938
104.01499938964844
103.77999877929688
104.38200378417969
104.16300201416016
105.13099670410156
105.64900207519531
105.45700073242188
105.30599975585938
105.10399627685547
104.96399688720703
105.27799987792969
105.39900207519531
102.64900207519531
102.8280029296875
102.66999816894531
103.75900268554688
103.60399627685547
103.99299621582031
104.11799621582031
103.177001953125
102.94400024414062
103.48500061035156
103.29399871826172
120.14199829101562
119.86799621582031
119.72599792480469
120.10700225830078
119.97100067138672
118.68000030517578
118.83899688720703
118.80400085449219
119.37899780273438
119.44599914550781
119.60099792480469
119.47799682617188
119.10099792480469
118.95600128173828
119.21399688720703
119.2699966430664
120.45899963378906
120.3219985961914
120.55999755859375
120.58100128173828
119.38600158691406
119.26799774169922
119.427001953125
119.51100158691406
118.90299987792969
118.8219985961914
119.16899871826172
119.01200103759766
120.02100372314453
120.08699798583984
120.1989974975586
120.2770004272461
119.70700073242188
119.552001953125
119.91300201416016
119.80000305175781
117.87000274658203
117.72000122070312
117.98999786376953
118.03399658203125
117.447998046875
117.3219985961914
117.60399627685547
117.56300354003906
118.51799774169922
118.50399780273438
118.66300201416016
118.7300033569336
118.15899658203125
118.20800018310547
118.34400177001953
118.3499984741211
116.09400177001953
116.13099670410156
116.25299835205078
116.36299896240234
115.7030029296875
115.65699768066406
115.9739990234375
115.82099914550781
117.05899810791016
116.92500305175781
117.16600036621094
117.25
116.51699829101562
116.44400024414062
116.77100372314453
116.6259994506836
114.66400146484375
115.31099700927734
115.35199737548828
115.45999908447266
115.5469970703125
114.8479995727539
114.84300231933594
115.19100189208984
114.99299621582031
108.51599884033203
108.44100189208984
108.7979965209961
108.63200378417969
108.0739974975586
108.15699768066406
108.21900177001953
108.37699890136719
108.90599822998047
106.62100219726562
106.39600372314453
106.86799621582031
106.75199890136719
106.71199798583984
106.25700378417969
106.27100372314453
106.60099792480469
107.7030029296875
107.46800231933594
107.95999908447266
107.7979965209961
107.0270004272461
106.88899993896484
107.33000183105469
107.12799835205078
105.19999694824219
104.947998046875
105.53900146484375
105.30699920654297
104.47000122070312
104.3479995727539
104.84200286865234
104.60199737548828
105.92500305175781
105.79100036621094
106.36299896240234
106.04299926757812
105.7770004272461
105.6449966430664
105.91100311279297
106.01499938964844
103.41600036621094
103.2770004272461
103.64700317382812
103.52400207519531
102.97100067138672
102.83699798583984
103.25900268554688
103.0999984741211
104.33399963378906
104.08799743652344
104.2300033569336
104.12100219726562
103.89600372314453
103.75700378417969
104.2040023803711
103.91400146484375
102.8219985961914
102.69599914550781
102.95600128173828
103.06700134277344
102.29199981689453
102.21900177001953
102.57499694824219
102.41100311279297
112.74600219726562
112.64199829101562
112.92400360107422
113.03199768066406
112.65899658203125
112.33799743652344
112.44200134277344
112.56700134277344
113.4520034790039
113.375
113.61599731445312
113.56900024414062
113.01200103759766
113.20999908447266
113.25499725341797
113.0979995727539
111.86599731445312
111.40699768066406
112.06999969482422
111.76300048828125
111.2040023803711
110.9990005493164
111.49700164794922
111.15799713134766
112.1520004272461
111.93900299072266
112.36000061035156
112.17900085449219
111.48799896240234
111.26200103759766
111.85299682617188
111.58699798583984
110.14800262451172
109.96299743652344
110.2959976196289
110.41400146484375
110.11900329589844
109.7490005493164
109.81400299072266
109.68099975585938
110.68199920654297
110.91300201416016
110.96700286865234
110.77899932861328
110.44599914550781
110.27100372314453
110.58699798583984
110.68800354003906
109.05500030517578
108.85299682617188
109.43699645996094
108.97100067138672
108.53299713134766
108.31999969482422
108.78600311279297
108.68599700927734
109.572998046875
109.63500213623047
109.90499877929688
109.70999908447266
109.14199829101562
109.322998046875
109.47899627685547
109.38300323486328
108.18699645996094
108.05699920654297
122.24500274658203
122.13999938964844
122.50299835205078
122.38200378417969
121.94400024414062
121.85900115966797
122.125
121.92500305175781
123.01399993896484
122.94499969482422
122.56400299072266
122.44400024414062
122.8010025024414
122.71700286865234
120.62799835205078
120.43900299072266
120.71399688720703
120.62999725341797
120.16799926757812
120.04299926757812
120.447998046875
120.33999633789062
121.39299774169922
121.31999969482422
121.73500061035156
121.58100128173828
120.99700164794922
120.90399932861328
121.2249984741211
121.16699981689453
119.29000091552734
119.21900177001953
119.572998046875
119.44999694824219
118.94100189208984
118.87799835205078
119.18699645996094
119.11599731445312
119.95700073242188
119.91100311279297
120.14099884033203
119.91699981689453
119.72899627685547
119.5
119.8479995727539
119.69499969482422
117.9260025024414
117.86399841308594
118.14700317382812
117.9530029296875
117.78700256347656
117.63500213623047
118.69599914550781
118.46900177001953
118.83300018310547
118.65499877929688
118.26100158691406
118.18099975585938
118.48400115966797
118.39399719238281
106.82599639892578
106.69599914550781
107.13700103759766
107.03299713134766
106.11499786376953
106.00800323486328
106.45700073242188
106.33499908447266
107.28700256347656
107.29499816894531
103.53800201416016
103.4229965209961
107.25800323486328
107.22200012207031
104.0199966430664
103.88899993896484
104.3759994506836
104.24700164794922
103.52200317382812
103.40599822998047
103.76399993896484
103.62799835205078
105.42500305175781
105.302001953125
105.78099822998047
105.65899658203125
104.7249984741211
104.60399627685547
105.07099914550781
104.95099639892578
101.6729965209961
101.63200378417969
101.8949966430664
101.77200317382812
102.91600036621094
102.7750015258789
103.27999877929688
103.1520004272461
102.1719970703125
102.03199768066406
102.5270004272461
102.41899871826172
118.77300262451172
118.53099822998047
118.66799926757812
118.5989990234375
118.30899810791016
118.19100189208984
118.37200164794922
118.39900207519531
119.37699890136719
119.24800109863281
119.43900299072266
119.48200225830078
118.9000015258789
118.93800354003906
119.16000366210938
119.12000274658203
117.12200164794922
117.10800170898438
117.30899810791016
117.35199737548828
116.75499725341797
116.6449966430664
117.03099822998047
116.86100006103516
117.83300018310547
117.87899780273438
118.03199768066406
118.0009994506836
117.56500244140625
117.42500305175781
117.76499938964844
117.61000061035156
115.76599884033203
115.45800018310547
115.65599822998047
115.54000091552734
115.33300018310547
115.23799896240234
115.56300354003906
115.38099670410156
116.23699951171875
116.31300354003906
116.51200103759766
116.44300079345703
115.95600128173828
115.81199645996094
116.19599914550781
116.05500030517578
114.78900146484375
115.13600158691406
114.96900177001953
124.15499877929688
123.20800018310547
123.177001953125
123.74199676513672
123.78700256347656
123.9749984741211
123.93599700927734
123.50499725341797
123.31199645996094
123.56300354003906
123.5989990234375
115.90699768066406
115.50900268554688
115.4010009765625
115.78199768066406
115.63099670410156
114.49299621582031
114.60700225830078
114.54199981689453
114.39800262451172
114.08599853515625
113.94599914550781
114.3479995727539
114.18699645996094
115.20800018310547
115.0530014038086
115.26300048828125
115.34600067138672
114.80000305175781
114.71700286865234
114.93800354003906
114.86100006103516
112.70899963378906
112.52999877929688
112.96900177001953
112.86199951171875
112.49099731445312
112.3479995727539
112.66999816894531
112.79000091552734
113.63099670410156
113.69300079345703
113.91400146484375
113.81099700927734
113.14700317382812
113.00199890136719
113.49600219726562
113.29299926757812
110.96299743652344
110.97200012207031
111.16799926757812
111.11000061035156
110.59200286865234
110.42500305175781
110.78900146484375
110.63200378417969
111.91999816894531
111.76100158691406
112.2229995727539
111.95500183105469
111.28399658203125
111.33300018310547
111.63200378417969
111.45800018310547
109.94499969482422
109.85900115966797
110.28500366210938
110.0790023803711
109.61000061035156
119.70800018310547
119.58499908447266
119.74800109863281
119.83100128173828
119.2300033569336
119.08999633789062
119.46499633789062
119.33300018310547
120.37899780273438
120.4260025024414
120.53199768066406
120.00399780273438
119.9260025024414
120.2699966430664
120.11000061035156
118.27999877929688
118.35099792480469
118.4540023803711
118.51499938964844
117.91999816894531
117.8740005493164
118.16699981689453
118.03800201416016
119.15399932861328
118.97000122070312
119.29399871826172
119.0530014038086
118.67900085449219
118.55000305175781
118.93299865722656
118.802001953125
116.59300231933594
116.95899963378906
116.83999633789062
116.73899841308594
116.55799865722656
116.43699645996094
116.68399810791016
116.7760009765625
117.5260009765625
117.55699920654297
117.68000030517578
117.75700378417969
117.13800048828125
116.99299621582031
117.40899658203125
117.23799896240234
115.18699645996094
114.95800018310547
115.5199966430664
115.3239974975586
114.89700317382812
116.05500030517578
115.9729995727539
116.302001953125
116.16300201416016
115.63800048828125
115.6709976196289
115.89800262451172
115.78299713134766
121.572998046875
121.76499938964844
121.81099700927734
121.74400329589844
121.4010009765625
121.21900177001953
121.53399658203125
121.53099822998047
122.26799774169922
122.43099975585938
122.05500030517578
122.16600036621094
122.08899688720703
122.00599670410156
120.53299713134766
120.50399780273438
120.73500061035156
120.51899719238281
120.26300048828125
120.14199829101562
120.30000305175781
120.33599853515625
121.03600311279297
120.93099975585938
121.2969970703125
121.40599822998047
120.72100067138672
120.75599670410156
121.01300048828125
120.93800354003906
119.2969970703125
119.3270034790039
119.48100280761719
119.5199966430664
119.19300079345703
119.0270004272461
119.26799774169922
119.12300109863281
120.0250015258789
119.83399963378906
120.01699829101562
120.04499816894531
119.6050033569336
119.6520004272461
119.7959976196289
119.822998046875
118.49600219726562
118.11100006103516
118.1709976196289
118.3290023803711
118.9520034790039
118.8010025024414
118.90599822998047
118.84100341796875
118.27999877929688
118.6240005493164
118.57099914550781
118.40499877929688
105.30699920654297
104.6050033569336
104.48500061035156
105.10299682617188
105.00599670410156
106.1709976196289
106.02300262451172
106.302001953125
106.16200256347656
105.63200378417969
105.91100311279297
105.93199920654297
105.71800231933594
104.70500183105469
104.5999984741211
104.3759994506836
104.78900146484375
104.32599639892578
106.32599639892578
104.56999969482422
104.45700073242188
104.75900268554688
104.13899993896484
104.93800354003906
105.35299682617188
103.73999786376953
103.61000061035156
104.03299713134766
103.84700012207031
105.55599975585938
105.49700164794922
106.02400207519531
105.68199920654297
105.16699981689453
105.06600189208984
105.38300323486328
105.27999877929688
103.0530014038086
102.70899963378906
103.2229995727539
102.93499755859375
102.56999969482422
102.68399810791016
102.59100341796875
102.4209976196289
103.83200073242188
103.4749984741211
104.11699676513672
103.99600219726562
103.07099914550781
102.95899963378906
103.36599731445312
103.23500061035156
102.16000366210938
101.95600128173828
102.40799713134766
102.27200317382812
101.82099914550781
120.76300048828125
120.66200256347656
120.9749984741211
121.00900268554688
120.39900207519531
120.41999816894531
120.822998046875
120.58100128173828
121.61399841308594
121.55999755859375
121.15599822998047
121.19499969482422
121.3740005493164
121.3499984741211
119.3030014038086
119.2490005493164
119.54499816894531
119.67900085449219
118.95500183105469
118.7750015258789
119.19300079345703
119.09100341796875
120.25599670410156
119.9209976196289
120.19499969482422
120.11299896240234
119.64099884033203
119.44999694824219
119.8280029296875
119.86199951171875
117.53700256347656
117.58799743652344
117.7699966430664
117.74400329589844
117.16200256347656
117.1969985961914
117.36000061035156
117.3489990234375
118.49500274658203
118.45700073242188
118.68099975585938
118.72799682617188
118.0790023803711
117.88400268554688
118.34500122070312
118.16000366210938
116.11599731445312
115.95899963378906
116.22799682617188
116.2509994506836
115.83399963378906
116.78700256347656
116.69300079345703
117.01799774169922
116.96900177001953
116.40499877929688
116.45899963378906
116.83200073242188
116.50800323486328
120.05699920654297
120.39099884033203
120.3219985961914
120.42400360107422
120.2040023803711
120.43499755859375
119.81400299072266
119.91999816894531
120.56800079345703
120.6240005493164
120.60299682617188
120.7509994506836
118.96600341796875
119.0989990234375
119.23300170898438
119.28500366210938
118.52200317382812
118.68199920654297
118.78199768066406
118.98200225830078
119.76100158691406
119.94599914550781
119.86699676513672
120.30400085449219
119.38200378417969
119.43399810791016
119.59400177001953
119.68199920654297
117.73899841308594
117.83300018310547
117.94999694824219
118.10900115966797
117.36499786376953
117.51399993896484
117.56600189208984
117.60900115966797
118.46399688720703
118.67400360107422
118.58100128173828
118.85900115966797
118.00299835205078
118.21700286865234
118.28800201416016
118.39700317382812
116.38200378417969
116.50599670410156
116.41000366210938
116.60700225830078
116.12899780273438
116.23400115966797
117.18800354003906
117.43599700927734
117.33100128173828
117.22200012207031
116.66400146484375
116.77899932861328
116.95099639892578
117.06500244140625
117.7750015258789
117.85199737548828
117.55500030517578
117.50199890136719
117.68699645996094
117.91699981689453
116.47699737548828
116.39099884033203
116.53099822998047
116.8270034790039
115.97699737548828
116.08399963378906
116.19400024414062
116.33799743652344
117.19499969482422
117.30000305175781
117.1760025024414
117.322998046875
116.70999908447266
116.78299713134766
117.01399993896484
116.95700073242188
114.99099731445312
115.08300018310547
115.19200134277344
115.2979965209961
114.56500244140625
114.7020034790039
114.81199645996094
114.82599639892578
115.53800201416016
115.66100311279297
115.8219985961914
115.9229965209961
115.41999816894531
115.48100280761719
115.71099853515625
115.60399627685547
113.31199645996094
113.63400268554688
113.375
113.48899841308594
113.00700378417969
113.14299774169922
113.18000030517578
113.4219970703125
114.2969970703125
114.22200012207031
114.5260009765625
114.40699768066406
113.6709976196289
113.80500030517578
113.91500091552734
114.09500122070312
112.50199890136719
112.60399627685547
112.72899627685547
112.88200378417969
112.29399871826172
107.34200286865234
107.26799774169922
107.4219970703125
105.75299835205078
105.85700225830078
105.8740005493164
106.01000213623047
105.65499877929688
105.50599670410156
105.45099639892578
105.63899993896484
106.74500274658203
106.88700103759766
106.94300079345703
107.12899780273438
106.1449966430664
106.38999938964844
106.52100372314453
106.66600036621094
105.15799713134766
105.2770004272461
105.46499633789062
104.47899627685547
104.13099670410156
104.23799896240234
104.35700225830078
105.0270004272461
105.1760025024414
105.26499938964844
105.41500091552734
105.73600006103516
104.62300109863281
104.81999969482422
104.96499633789062
105.05699920654297
103.01499938964844
103.49199676513672
103.37799835205078
103.85299682617188
102.49099731445312
102.66500091552734
102.79199981689453
103.12999725341797
103.39399719238281
103.52300262451172
103.75199890136719
103.88300323486328
103.73799896240234
104.09600067138672
103.04000091552734
103.15399932861328
117.34400177001953
117.0719985961914
117.22200012207031
117.12799835205078
117.2969970703125
115.94200134277344
116.08699798583984
116.16000366210938
116.48200225830078
115.4260025024414
115.52200317382812
115.64399719238281
115.78600311279297
116.69400024414062
116.85600280761719
116.88400268554688
117.0250015258789
116.35600280761719
116.43099975585938
116.63300323486328
116.61799621582031
114.36399841308594
114.48100280761719
114.52899932861328
114.69499969482422
114.16400146484375
113.8550033569336
113.9990005493164
114.21099853515625
115.45600128173828
115.34400177001953
115.60600280761719
115.16899871826172
114.7770004272461
114.87300109863281
114.96099853515625
115.12300109863281
112.84200286865234
113.0
113.08899688720703
113.24600219726562
112.33899688720703
112.43399810791016
112.5770034790039
112.7040023803711
113.63099670410156
113.90899658203125
113.80999755859375
114.2699966430664
113.5469970703125
113.45500183105469
113.28600311279297
113.49500274658203
111.7490005493164
111.96299743652344
112.06999969482422
121.99800109863281
120.95700073242188
120.9010009765625
121.13899993896484
121.06500244140625
120.46900177001953
120.61199951171875
120.73400115966797
120.81999969482422
121.70500183105469
121.64399719238281
121.7490005493164
121.89800262451172
121.24800109863281
121.26499938964844
121.45899963378906
121.50299835205078
119.33899688720703
119.62699890136719
119.39900207519531
119.57499694824219
119.052001953125
119.1050033569336
119.27899932861328
119.4530029296875
120.13899993896484
120.19100189208984
120.36799621582031
120.40799713134766
119.68800354003906
119.85299682617188
119.927001953125
120.05699920654297
118.03199768066406
118.00199890136719
118.0999984741211
118.19200134277344
117.5770034790039
117.69400024414062
117.82499694824219
117.93399810791016
118.73100280761719
118.77899932861328
118.8499984741211
118.97799682617188
118.32099914550781
118.45999908447266
118.55500030517578
118.5250015258789
116.65499877929688
116.5979995727539
116.77200317382812
116.77799987792969
116.29100036621094
116.2750015258789
116.48200225830078
116.40799713134766
117.15399932861328
117.302001953125
117.51899719238281
117.48200225830078
116.94400024414062
117.0
117.35199737548828
117.21499633789062
115.85199737548828
116.01799774169922
116.13600158691406
122.73799896240234
122.9280014038086
122.98799896240234
123.38200378417969
122.4520034790039
122.43199920654297
122.6050033569336
122.6449966430664
123.64099884033203
123.26200103759766
123.36299896240234
123.58999633789062
123.53399658203125
121.3550033569336
121.32599639892578
121.41400146484375
121.55699920654297
120.9489974975586
121.1719970703125
121.02799987792969
121.12300109863281
122.04100036621094
122.0469970703125
122.2969970703125
122.23400115966797
121.73500061035156
121.72599792480469
121.88200378417969
121.89800262451172
119.79000091552734
119.9209976196289
119.99299621582031
120.04499816894531
119.66400146484375
119.70999908447266
120.4800033569336
120.572998046875
120.76899719238281
120.8030014038086
120.23400115966797
120.22100067138672
120.39600372314453
120.625
104.84700012207031
104.71700286865234
104.677001953125
105.14399719238281
104.23799896240234
104.35299682617188
104.5479965209961
104.54399871826172
105.0270004272461
103.50599670410156
103.3479995727539
103.06199645996094
103.197998046875
102.80899810791016
103.15299987792969
102.99600219726562
103.6050033569336
104.29299926757812
104.177001953125
103.84200286865234
103.95800018310547
103.44599914550781
103.58399963378906
103.89600372314453
103.79100036621094
102.96199798583984
103.08899688720703
103.31400299072266
102.1989974975586
101.8290023803711
101.97899627685547
102.16699981689453
102.71399688720703
102.74299621582031
102.58799743652344
102.49199676513672
102.67400360107422
102.2750015258789
102.45700073242188
102.43099975585938
102.64399719238281
101.13700103759766
101.0260009765625
101.53099822998047
101.41600036621094
101.05899810791016
101.19499969482422
101.45099639892578
101.5719985961914
101.92900085449219
101.80599975585938
123.50599670410156
123.62799835205078
123.822998046875
123.89800262451172
122.91200256347656
123.0250015258789
123.22100067138672
123.30400085449219
124.0989990234375
124.21900177001953
124.41999816894531
124.49199676513672
121.45099639892578
121.53600311279297
122.31099700927734
122.4219970703125
122.62699890136719
122.71199798583984
121.73300170898438
121.86100006103516
122.0479965209961
122.12000274658203
114.7490005493164
114.88300323486328
115.03299713134766
115.1259994506836
114.24800109863281
114.3759994506836
114.3759994506836
114.49800109863281
112.84200286865234
112.96399688720703
113.14199829101562
113.22200012207031
112.33499908447266
112.36799621582031
112.49700164794922
112.61900329589844
114.10600280761719
113.98300170898438
114.09600067138672
114.2249984741211
113.3499984741211
113.39600372314453
113.60600280761719
113.72599792480469
110.9209976196289
111.04399871826172
111.26300048828125
111.36499786376953
110.44999694824219
110.5270004272461
110.65699768066406
110.70800018310547
112.06700134277344
112.19999694824219
112.20500183105469
112.36199951171875
111.49600219726562
111.5199966430664
111.68699645996094
111.81600189208984
108.87300109863281
109.0009994506836
109.0
109.11900329589844
108.5479965209961
108.73500061035156
108.66400146484375
108.7979965209961
109.86699676513672
109.93299865722656
110.13700103759766
110.27300262451172
109.37200164794922
109.49400329589844
109.67400360107422
109.73999786376953
107.89399719238281
108.01300048828125
108.25900268554688
108.37100219726562
107.66200256347656
107.77200317382812
112.17500305175781
112.29900360107422
112.43399810791016
112.64700317382812
112.1500015258789
111.73600006103516
111.9530029296875
112.05400085449219
112.7509994506836
112.89199829101562
112.91200256347656
110.7490005493164
111.04100036621094
110.81999969482422
110.927001953125
110.6050033569336
110.6520004272461
110.71600341796875
110.85199737548828
111.56800079345703
111.70899963378906
112.01100158691406
111.90299987792969
111.0739974975586
111.197998046875
111.31400299072266
111.47100067138672
109.4540023803711
109.67400360107422
109.80500030517578
109.95800018310547
109.40899658203125
109.31099700927734
109.63700103759766
109.75900268554688
110.03700256347656
110.12999725341797
110.35299682617188
110.4739990234375
110.08399963378906
110.41100311279297
110.30699920654297
110.56500244140625
107.65699768066406
107.77799987792969
107.79399871826172
107.93099975585938
107.23300170898438
107.39399719238281
107.59600067138672
107.51200103759766
108.70500183105469
108.95800018310547
109.05599975585938
109.197998046875
108.04000091552734
108.22899627685547
108.36900329589844
108.60800170898438
106.77999877929688
106.86900329589844
107.09400177001953
122.50499725341797
122.31500244140625
122.21299743652344
122.15899658203125
121.97899627685547
122.572998046875
122.49299621582031
121.06800079345703
120.927001953125
120.88999938964844
120.69300079345703
121.46800231933594
121.23400115966797
121.28500366210938
121.05699920654297
121.7509994506836
121.69599914550781
121.53199768066406
121.41100311279297
122.15799713134766
122.05699920654297
121.91100311279297
121.88800048828125
120.73999786376953
120.63999938964844
120.49500274658203
120.39900207519531
120.05000305175781
118.76699829101562
118.68699645996094
118.81900024414062
118.50399780273438
119.35800170898438
119.12300109863281
118.98400115966797
118.9530029296875
119.50199890136719
119.54100036621094
119.27799987792969
119.19300079345703
119.98500061035156
119.83699798583984
119.70800018310547
119.5989990234375
117.31400299072266
117.38300323486328
117.11000061035156
117.05899810791016
117.6500015258789
117.60800170898438
117.73999786376953
117.49299621582031
118.2030029296875
118.09700012207031
117.90399932861328
117.85399627685547
118.4010009765625
118.44200134277344
118.21700286865234
118.08100128173828
115.86399841308594
115.86399841308594
115.75700378417969
115.6520004272461
116.20600128173828
116.30699920654297
116.04100036621094
116.09300231933594
116.56500244140625
116.51799774169922
116.65499877929688
116.41799926757812
117.19400024414062
116.9530029296875
116.83799743652344
116.76599884033203
114.80000305175781
114.91600036621094
115.30999755859375
115.24299621582031
115.13600158691406
114.96399688720703
115.53399658203125
115.36499786376953
115.43399810791016
115.54000091552734
120.78800201416016
119.79399871826172
119.55400085449219
119.62699890136719
119.39199829101562
120.12300109863281
119.89299774169922
119.79499816894531
119.87799835205078
120.31700134277344
120.33899688720703
120.46199798583984
120.0770034790039
120.61599731445312
120.56999969482422
120.63400268554688
120.39299774169922
118.29299926757812
118.38899993896484
118.28099822998047
118.05400085449219
118.94300079345703
118.55599975585938
118.61399841308594
118.37999725341797
119.1259994506836
118.87899780273438
118.802001953125
118.81099700927734
119.2969970703125
119.3280029296875
119.44999694824219
119.04000091552734
117.10800170898438
116.88600158691406
116.82499694824219
116.92900085449219
117.41600036621094
117.26799774169922
117.21299743652344
117.0530014038086
117.72799682617188
117.52999877929688
117.61100006103516
117.322998046875
118.12000274658203
117.98899841308594
117.8550033569336
117.71600341796875
116.8030014038086
116.58599853515625
115.94400024414062
115.80899810791016
115.7040023803711
115.81500244140625
114.37100219726562
114.35600280761719
114.22799682617188
114.10199737548828
114.69000244140625
114.56999969482422
114.52200317382812
114.42500305175781
115.16799926757812
115.03199768066406
115.03600311279297
114.89099884033203
115.49400329589844
115.3740005493164
115.32499694824219
115.22100067138672
112.76599884033203
112.62799835205078
112.66200256347656
112.50900268554688
113.05699920654297
112.9469985961914
112.93900299072266
112.81800079345703
113.58200073242188
113.4489974975586
113.45099639892578
113.31099700927734
113.89700317382812
113.7750015258789
113.7300033569336
113.62899780273438
110.99400329589844
110.88500213623047
110.75700378417969
110.62899780273438
111.51399993896484
111.36799621582031
111.15699768066406
111.13200378417969
111.94200134277344
111.79399871826172
111.875
111.6780014038086
112.30000305175781
112.15599822998047
112.13899993896484
112.00700378417969
109.58100128173828
109.49500274658203
109.27200317382812
109.14199829101562
110.26799774169922
110.15299987792969
109.91000366210938
109.81400299072266
110.58100128173828
110.47200012207031
110.41100311279297
110.39199829101562
120.3030014038086
120.31500244140625
120.1780014038086
120.35800170898438
120.68900299072266
120.50700378417969
120.5780029296875
120.51599884033203
121.02100372314453
120.81999969482422
120.81999969482422
120.7490005493164
119.1760025024414
119.08000183105469
119.00700378417969
118.84600067138672
119.60900115966797
119.28700256347656
119.26399993896484
119.38899993896484
119.81400299072266
119.9209976196289
119.68399810791016
119.49299621582031
120.08899688720703
120.19300079345703
120.01699829101562
119.80899810791016
118.29499816894531
118.39900207519531
118.21199798583984
118.65399932861328
118.48899841308594
118.4020004272461
118.56199645996094
118.72100067138672
118.62300109863281
118.76799774169922
118.92500305175781
112.09100341796875
111.9990005493164
111.87000274658203
111.7760009765625
112.49199676513672
112.58300018310547
112.31700134277344
112.1780014038086
112.552001953125
112.35700225830078
112.83599853515625
112.93399810791016
113.01799774169922
112.8759994506836
112.65399932861328
110.74199676513672
110.5979995727539
110.427001953125
110.80899810791016
111.22899627685547
111.07499694824219
110.95099639892578
110.98200225830078
111.40399932861328
111.26200103759766
111.35399627685547
111.4469985961914
111.95800018310547
111.7020034790039
111.81099700927734
111.51499938964844
109.54299926757812
109.22799682617188
109.11799621582031
108.94100189208984
109.5739974975586
109.4729995727539
109.68099975585938
109.43099975585938
110.14399719238281
109.9530029296875
109.82599639892578
109.70099639892578
110.56900024414062
110.68099975585938
110.2699966430664
110.31400299072266
108.08999633789062
107.98300170898438
107.83000183105469
107.94200134277344
108.677001953125
108.46199798583984
108.35600280761719
108.20500183105469
109.08300018310547
109.18599700927734
108.91799926757812
108.77799987792969
114.78600311279297
114.57099914550781
114.41999816894531
114.1969985961914
115.26899719238281
114.99400329589844
114.98999786376953
114.83000183105469
115.3759994506836
115.23799896240234
115.08300018310547
115.18399810791016
113.31500244140625
113.54199981689453
113.21499633789062
113.31900024414062
113.80400085449219
113.68800354003906
113.64199829101562
113.39099884033203
114.01699829101562
114.09600067138672
113.9280014038086
113.87799835205078
114.06700134277344
114.69400024414062
114.36900329589844
114.46600341796875
112.2249984741211
112.29499816894531
111.99299621582031
111.83100128173828
112.34500122070312
112.20999908447266
112.0459976196289
112.06300354003906
112.86000061035156
112.95500183105469
112.50299835205078
112.58599853515625
113.04499816894531
112.96199798583984
112.71399688720703
112.56800079345703
110.9209976196289
110.85099792480469
111.427001953125
111.15299987792969
111.1510009765625
110.99199676513672
112.01399993896484
111.69999694824219
111.81300354003906
111.3290023803711
111.7509994506836
111.52999877929688
111.37899780273438
111.2239990234375
114.71800231933594
114.56999969482422
114.3479995727539
114.52300262451172
115.13600158691406
115.01699829101562
114.88600158691406
114.83799743652344
115.34400177001953
115.42900085449219
115.14700317382812
112.74400329589844
112.48200225830078
112.37200164794922
112.1969985961914
113.41899871826172
113.19000244140625
113.10600280761719
112.83899688720703
113.97799682617188
113.90299987792969
113.73899841308594
113.5739974975586
114.62200164794922
114.3010025024414
114.13899993896484
114.05899810791016
111.83999633789062
111.7969970703125
111.65599822998047
111.54499816894531
112.39199829101562
112.1500015258789
112.05500030517578
111.96499633789062
113.125
112.66400146484375
112.76200103759766
112.30500030517578
113.69200134277344
113.37100219726562
113.47899627685547
113.02100372314453
111.24800109863281
111.14900207519531
111.00800323486328
110.96600341796875
111.375
111.47000122070312
111.57599639892578
111.33300018310547
122.00299835205078
121.81099700927734
121.71399688720703
121.6780014038086
122.34700012207031
122.15799713134766
122.0989990234375
122.06099700927734
122.875
122.67900085449219
122.58599853515625
122.47799682617188
122.97799682617188
120.38300323486328
120.3280029296875
120.0979995727539
120.13899993896484
120.84300231933594
120.65699768066406
120.58399963378906
120.45700073242188
121.04399871826172
121.14800262451172
120.9520034790039
120.91200256347656
121.48500061035156
121.51399993896484
121.29100036621094
121.23500061035156
118.68099975585938
118.64199829101562
118.4540023803711
118.28099822998047
119.02300262451172
118.98100280761719
118.79399871826172
118.8759994506836
119.49199676513672
119.39399719238281
119.20700073242188
119.26300048828125
119.85099792480469
119.947998046875
119.7229995727539
119.62000274658203
116.93199920654297
116.84700012207031
116.71900177001953
116.61900329589844
117.4739990234375
117.29499816894531
117.23100280761719
117.05400085449219
117.89700317382812
117.8489990234375
117.7750015258789
117.58499908447266
118.40599822998047
118.32499694824219
118.08599853515625
118.13600158691406
116.49500274658203
105.47699737548828
104.95500183105469
105.06700134277344
104.83399963378906
105.38300323486328
105.1240005493164
104.99700164794922
105.35299682617188
105.53500366210938
102.42500305175781
103.6969985961914
103.81300354003906
103.4530029296875
104.21900177001953
103.86299896240234
103.73899841308594
103.4800033569336
104.26100158691406
104.14700317382812
104.41699981689453
104.09300231933594
104.80400085449219
104.6969985961914
104.58699798583984
104.44599914550781
102.1500015258789
102.01599884033203
102.09300231933594
102.25299835205078
102.73400115966797
102.45600128173828
102.58599853515625
102.28099822998047
102.76300048828125
102.65599822998047
102.49700164794922
102.39600372314453
103.2959976196289
103.18599700927734
103.0260009765625
102.9219970703125
101.39399719238281
100.87000274658203
100.99099731445312
100.64099884033203
101.322998046875
101.04900360107422
100.89800262451172
101.26799774169922
102.19400024414062
101.66699981689453
101.7959976196289
101.43499755859375
101.98799896240234
101.8290023803711
101.72200012207031
102.06400299072266
100.49600219726562
115.86100006103516
115.68000030517578
114.34200286865234
114.15399932861328
114.94599914550781
112.51899719238281
112.27200317382812
112.81099700927734
112.81199645996094
112.68800354003906
112.59700012207031
113.3030014038086
113.18199920654297
113.30000305175781
112.91899871826172
113.43000030517578
113.46099853515625
110.9010009765625
110.74800109863281
110.74099731445312
110.60800170898438
111.51399993896484
111.38300323486328
111.27200317382812
111.03099822998047
112.05599975585938
111.80899810791016
111.68299865722656
111.53399658203125
112.53700256347656
112.46399688720703
112.3489990234375
112.18499755859375
109.06400299072266
109.3270034790039
109.19499969482422
109.9749984741211
110.4800033569336
110.23799896240234
110.125
109.99299621582031
107.5989990234375
108.2770004272461
108.54900360107422
108.40299987792969
106.65899658203125
102.15299987792969
122.54299926757812
122.42900085449219
122.23699951171875
122.3280029296875
122.78800201416016
122.6760025024414
121.35299682617188
121.31800079345703
121.19499969482422
121.37200164794922
121.48100280761719
121.41100311279297
121.31900024414062
121.18800354003906
122.10800170898438
121.73200225830078
121.72100067138672
121.49299621582031
122.39700317382812
122.05500030517578
121.95500183105469
121.97899627685547
120.3219985961914
120.25
120.18599700927734
120.25299835205078
120.79000091552734
120.70099639892578
120.58499908447266
120.43499755859375
121.052001953125
121.20500183105469
120.87100219726562
120.73999786376953
121.23899841308594
121.06600189208984
121.00399780273438
120.8759994506836
119.10199737548828
118.98999786376953
119.0270004272461
118.80799865722656
119.54199981689453
119.4520034790039
119.33799743652344
119.21600341796875
119.8219985961914
119.69599914550781
119.61399841308594
119.52300262451172
120.08699798583984
120.03099822998047
120.05999755859375
119.96600341796875
118.08999633789062
117.97599792480469
118.5250015258789
118.48899841308594
118.40299987792969
118.23300170898438
118.81500244140625
118.64199829101562
118.71199798583984
118.48500061035156
107.66200256347656
107.52200317382812
107.6259994506836
107.48600006103516
108.02200317382812
107.98500061035156
107.84300231933594
107.7959976196289
108.13400268554688
106.572998046875
106.69200134277344
106.83300018310547
106.49199676513672
106.86100006103516
106.82099914550781
106.90599822998047
106.56099700927734
107.11000061035156
107.0979995727539
106.98899841308594
107.05000305175781
107.375
107.26200103759766
107.1729965209961
107.00900268554688
105.89199829101562
105.75399780273438
105.54199981689453
105.44999694824219
106.4520034790039
106.24099731445312
106.12200164794922
106.00599670410156
106.83799743652344
106.88300323486328
106.77100372314453
106.5999984741211
106.85299682617188
106.92900085449219
107.0
106.88700103759766
104.34400177001953
104.1510009765625
104.02300262451172
103.9209976196289
104.78800201416016
104.69200134277344
103.94000244140625
104.44999694824219
105.08999633789062
104.94000244140625
105.21800231933594
104.93000030517578
105.30400085449219
105.0999984741211
104.96199798583984
105.177001953125
103.00499725341797
102.74099731445312
102.5979995727539
102.48699951171875
103.04299926757812
102.91300201416016
102.75900268554688
102.8949966430664
103.75499725341797
103.62200164794922
103.26699829101562
103.37899780273438
103.78399658203125
103.65599822998047
103.41899871826172
103.28600311279297
101.69599914550781
106.72699737548828
102.26200103759766
102.11900329589844
101.947998046875
101.83399963378906
101.48100280761719
101.19599914550781
101.31999969482422
101.60299682617188
101.50199890136719
101.35700225830078
101.21199798583984
101.86599731445312
101.84400177001953
101.71800231933594
118.0009994506836
117.90799713134766
117.84100341796875
117.65899658203125
118.08100128173828
118.02899932861328
117.75900268554688
118.12200164794922
118.22699737548828
118.2770004272461
116.9749984741211
116.80599975585938
116.7699966430664
116.75800323486328
117.04900360107422
117.20800018310547
117.16899871826172
116.90299987792969
117.34300231933594
117.28600311279297
117.32599639892578
117.41200256347656
117.66600036621094
117.78399658203125
117.4209976196289
117.51699829101562
115.55599975585938
115.70700073242188
115.50599670410156
115.4229965209961
115.9530029296875
116.0479965209961
115.7979965209961
115.84700012207031
116.35600280761719
116.61799621582031
116.18199920654297
116.46499633789062
116.53600311279297
116.7040023803711
116.23799896240234
116.4469985961914
114.2490005493164
114.33000183105469
114.10700225830078
114.15399932861328
114.67400360107422
115.0
114.49099731445312
114.7699966430664
114.8550033569336
115.0479965209961
114.53800201416016
114.7509994506836
115.37300109863281
115.60800170898438
115.19400024414062
115.28500366210938
113.27100372314453
113.16799926757812
112.90899658203125
112.81099700927734
113.24500274658203
113.33399963378906
112.88200378417969
112.98100280761719
113.97899627685547
113.86599731445312
113.6240005493164
113.51899719238281
113.95800018310547
114.03500366210938
113.56400299072266
113.71600341796875
106.86599731445312
107.05899810791016
106.71399688720703
106.84100341796875
107.1240005493164
107.2020034790039
106.99400329589844
107.16400146484375
107.47000122070312
107.5780029296875
107.35800170898438
107.47100067138672
104.56500244140625
104.67900085449219
105.01799774169922
104.9020004272461
105.20800018310547
105.22100067138672
104.9280014038086
105.03700256347656
105.65299987792969
105.77300262451172
105.35299682617188
105.46499633789062
106.37699890136719
106.50399780273438
106.02200317382812
106.14299774169922
102.68800354003906
102.8270034790039
102.39600372314453
102.50700378417969
103.44599914550781
103.54900360107422
103.06099700927734
103.20099639892578
104.06800079345703
104.27999877929688
103.79000091552734
103.92900085449219
104.6520004272461
104.53800201416016
104.18800354003906
104.33200073242188
102.25900268554688
117.48799896240234
117.53600311279297
117.21800231933594
117.30000305175781
117.84600067138672
117.59200286865234
117.76799774169922
115.74800109863281
115.66899871826172
115.58399963378906
115.50299835205078
116.13300323486328
116.30799865722656
115.8489990234375
116.02100372314453
116.802001953125
116.70899963378906
116.36799621582031
116.57599639892578
117.1729965209961
117.3499984741211
116.98699951171875
116.93900299072266
114.2770004272461
114.16100311279297
113.8740005493164
114.03700256347656
114.49500274658203
114.65899658203125
114.44999694824219
114.36399841308594
115.00599670410156
114.92900085449219
114.75
114.88800048828125
115.30699920654297
115.46199798583984
115.1709976196289
115.15799713134766
112.19999694824219
112.41100311279297
112.48600006103516
112.36799621582031
112.8030014038086
112.91100311279297
112.5270004272461
112.75199890136719
113.37699890136719
113.33399963378906
113.03500366210938
113.19999694824219
113.61000061035156
113.75
113.50199890136719
113.5780029296875
111.14399719238281
111.29000091552734
111.02100372314453
111.53800201416016
111.61199951171875
111.427001953125
111.32099914550781
112.00499725341797
112.1719970703125
111.74600219726562
111.88899993896484
124.08599853515625
123.97200012207031
123.90299987792969
124.28099822998047
122.54199981689453
122.69599914550781
122.44400024414062
122.50499725341797
123.0250015258789
123.1240005493164
122.74400329589844
122.89700317382812
123.27400207519531
123.447998046875
123.08999633789062
123.31800079345703
123.72799682617188
124.11199951171875
123.62200164794922
123.68299865722656
122.14299774169922
122.2490005493164
121.91500091552734
122.11399841308594
102.23100280761719
101.86499786376953
101.83200073242188
102.36000061035156
102.39600372314453
101.98400115966797
102.2490005493164
100.53700256347656
100.83200073242188
101.1500015258789
100.66100311279297
100.81400299072266
101.43000030517578
101.052001953125
101.0250015258789
101.55899810791016
101.59500122070312
101.96099853515625
101.18199920654297
101.4489974975586
105.7509994506836
105.91200256347656
105.55899810791016
105.63600158691406
106.53099822998047
104.3270034790039
104.49800109863281
104.18299865722656
104.31199645996094
104.85099792480469
104.5260009765625
104.6240005493164
104.9530029296875
104.9800033569336
105.29900360107422
104.63999938964844
104.86699676513672
105.21199798583984
105.32099914550781
105.19200134277344
105.50599670410156
102.83899688720703
102.72599792480469
102.4540023803711
102.5790023803711
102.73400115966797
102.85700225830078
102.99299621582031
102.58799743652344
103.24199676513672
103.44499969482422
103.00299835205078
103.13200378417969
103.93299865722656
104.08200073242188
103.57499694824219
103.802001953125
102.34200286865234
115.74600219726562
115.80999755859375
115.447998046875
115.58899688720703
116.05899810791016
116.17400360107422
115.86199951171875
116.00700378417969
116.30000305175781
114.59100341796875
114.81500244140625
114.3550033569336
114.43099975585938
114.64399719238281
114.76699829101562
114.7300033569336
114.56900024414062
115.14199829101562
115.19300079345703
114.90499877929688
115.03800201416016
115.64199829101562
115.53800201416016
115.34500122070312
115.35399627685547
113.44499969482422
113.39900207519531
113.23100280761719
113.38999938964844
113.4540023803711
114.0009994506836
113.68699645996094
113.61399841308594
113.75299835205078
113.97000122070312
113.91300201416016
113.62300109863281
114.26000213623047
114.51499938964844
114.11499786376953
114.36599731445312
112.25599670410156
112.25399780273438
112.02400207519531
112.09600067138672
112.87000274658203
112.7770004272461
112.50700378417969
112.4209976196289
112.31400299072266
112.5
113.2239990234375
113.12000274658203
112.98500061035156
113.16200256347656
112.6050033569336
112.8290023803711
110.86900329589844
110.9520034790039
110.5009994506836
110.6449966430664
111.4219970703125
111.30400085449219
111.11000061035156
111.16000366210938
111.61199951171875
111.33799743652344
111.26699829101562
111.7040023803711
111.80000305175781
111.96299743652344
111.44599914550781
111.70700073242188
111.13500213623047
122.4260025024414
122.67900085449219
122.50499725341797
122.33799743652344
122.83499908447266
123.06099700927734
122.64700317382812
122.83799743652344
123.21900177001953
123.41999816894531
123.02400207519531
123.2490005493164
123.7300033569336
123.4280014038086
123.57599639892578
120.98300170898438
121.08300018310547
120.91899871826172
121.01899719238281
121.45700073242188
121.56300354003906
121.23600006103516
121.36299896240234
121.79199981689453
121.8499984741211
121.53600311279297
121.64199829101562
122.11299896240234
122.2750015258789
122.01200103759766
122.08699798583984
119.68000030517578
119.822998046875
120.13899993896484
120.21199798583984
119.86199951171875
119.947998046875
120.70800018310547
120.83100128173828
120.36799621582031
120.46800231933594
110.19000244140625
110.34400177001953
109.8949966430664
110.06199645996094
110.80999755859375
110.81600189208984
110.36599731445312
110.63600158691406
110.97200012207031
108.447998046875
108.60600280761719
108.10099792480469
108.32499694824219
108.83899688720703
108.91699981689453
108.74099731445312
108.62699890136719
109.38600158691406
109.31400299072266
109.0510025024414
109.17900085449219
109.75299835205078
109.7239990234375
109.59500122070312
109.49400329589844
106.67900085449219
106.79199981689453
106.26899719238281
106.39600372314453
107.19999694824219
107.34100341796875
106.96399688720703
107.1050033569336
107.49700164794922
107.80799865722656
107.37100219726562
107.62100219726562
107.83499908447266
107.9739990234375
107.55000305175781
107.67400360107422
105.70700073242188
105.85199737548828
105.6780014038086
106.33499908447266
106.2229995727539
105.96399688720703
106.07499694824219
106.93199920654297
106.10600280761719
106.74299621582031
106.62100219726562
SCALARS latitude float 1
LOOKUP_TABLE default
7.100329875946045
14.986499786376953
15.130399703979492
15.118900299072266
14.829999923706055
14.969900131225586
14.869500160217285
15.007499694824219
14.954099655151367
14.809700012207031
14.692099571228027
15.093600273132324
15.070799827575684
14.930899620056152
14.665800094604492
14.80679988861084
14.914999961853027
14.752799987792969
14.860099792480469
14.999899864196777
14.698200225830078
14.837699890136719
14.701800346374512
14.845399856567383
14.816300392150879
14.668899536132812
14.958600044250488
14.81089973449707
14.680999755859375
14.7878999710083
14.926799774169922
14.915599822998047
14.635199546813965
14.871399879455566
14.729700088500977
14.61050033569336
14.888899803161621
14.876700401306152
14.587900161743164
15.375200271606445
14.991299629211426
15.100099563598633
14.987299919128418
15.228799819946289
15.25730037689209
15.112500190734863
15.131400108337402
15.276200294494629
15.230600357055664
14.987600326538086
15.088399887084961
14.990099906921387
15.358799934387207
15.216400146484375
15.123700141906738
15.268799781799316
15.275799751281738
15.13759994506836
15.158300399780273
15.016300201416016
15.308500289916992
15.227700233459473
15.368200302124023
15.327799797058105
15.426799774169922
15.086899757385254
15.02560043334961
15.186400413513184
15.08590030670166
15.288800239562988
15.143199920654297
15.341400146484375
15.340700149536133
15.197699546813965
15.233400344848633
15.090999603271484
15.370699882507324
15.226200103759766
15.088500022888184
15.326499938964844
15.321900367736816
15.1806001663208
15.211400032043457
15.343500137329102
15.072799682617188
15.196200370788574
15.062899589538574
15.290399551391602
15.273900032043457
15.13379955291748
15.1225004196167
15.249300003051758
18.05190086364746
18.097200393676758
18.04010009765625
18.172100067138672
18.07939910888672
18.233999252319336
18.122400283813477
18.290300369262695
18.16349983215332
18.340700149536133
18.196399688720703
18.38360023498535
18.224300384521484
18.2677001953125
18.4281005859375
18.105899810791016
18.338199615478516
18.473899841308594
18.477699279785156
18.398700714111328
18.16699981689453
18.094900131225586
18.228300094604492
18.135400772094727
18.498600006103516
18.417600631713867
18.50950050354004
18.43429946899414
18.241600036621094
18.1658992767334
19.644899368286133
19.89259910583496
19.757699966430664
19.63479995727539
19.712499618530273
19.846900939941406
19.749900817871094
19.607900619506836
19.88719940185547
19.733699798583984
19.593799591064453
19.8302001953125
19.676599502563477
19.8257999420166
19.71540069580078
19.868900299072266
19.813600540161133
19.9242000579834
19.56439971923828
19.66320037841797
19.56730079650879
19.773500442504883
19.67530059814453
19.82539939880371
19.668899536132812
19.821300506591797
19.716899871826172
19.868999481201172
19.821300506591797
19.559999465942383
19.666400909423828
19.557199478149414
19.92020034790039
19.765199661254883
19.655000686645508
19.807899475097656
19.65220069885254
19.800899505615234
19.70490074157715
19.552000045776367
19.848600387573242
19.828500747680664
19.912700653076172
19.67889976501465
19.54599952697754
19.76289939880371
19.777700424194336
19.62779998779297
19.626800537109375
19.77899932861328
19.67180061340332
19.764400482177734
19.872699737548828
19.518600463867188
19.61009979248047
19.51650047302246
19.872100830078125
19.85849952697754
19.918500900268555
19.703100204467773
19.56290054321289
19.76289939880371
19.621599197387695
19.779600143432617
19.627700805664062
19.792999267578125
19.649700164794922
19.66550064086914
19.82699966430664
19.68160057067871
21.402299880981445
21.489999771118164
21.402799606323242
21.598100662231445
21.44179916381836
21.66790008544922
21.503700256347656
21.582199096679688
21.733400344848633
21.7106990814209
21.409900665283203
21.551300048828125
21.459800720214844
21.60759925842285
21.45009994506836
21.598499298095703
21.488399505615234
21.63450050354004
21.59600067138672
21.33639907836914
21.44580078125
21.332199096679688
21.69379997253418
21.543399810791016
21.42639923095703
21.57040023803711
21.561399459838867
21.41629981994629
21.42889976501465
21.289600372314453
21.572500228881836
21.4867000579834
21.555999755859375
21.658000946044922
21.34749984741211
21.294099807739258
21.419700622558594
21.342500686645508
21.617399215698242
21.700300216674805
21.715200424194336
21.677600860595703
21.47599983215332
21.380399703979492
21.530500411987305
21.417999267578125
21.722400665283203
21.773500442504883
21.769100189208984
21.806499481201172
21.580799102783203
21.456600189208984
21.623600006103516
21.486499786376953
21.814199447631836
21.66160011291504
21.52829933166504
21.68000030517578
21.672100067138672
21.5177001953125
21.538400650024414
22.33209991455078
22.430099487304688
22.41710090637207
22.18239974975586
22.01140022277832
21.986900329589844
22.279800415039062
22.273700714111328
22.19809913635254
22.324499130249023
21.933000564575195
22.03230094909668
21.932199478149414
22.15850067138672
22.066600799560547
21.903400421142578
22.22949981689453
22.1481990814209
22.304000854492188
21.90290069580078
21.975500106811523
21.89349937438965
22.29010009765625
22.368000030517578
22.36549949645996
22.044300079345703
22.113300323486328
21.954500198364258
22.2185001373291
22.223899841308594
22.147300720214844
22.277700424194336
21.877300262451172
21.95989990234375
21.859100341796875
22.134599685668945
21.957599639892578
21.912900924682617
22.194000244140625
22.192100524902344
22.109100341796875
21.837400436401367
21.935699462890625
21.838899612426758
22.236799240112305
22.211999893188477
22.289400100708008
22.046100616455078
21.897499084472656
22.125200271606445
21.96179962158203
22.138200759887695
22.010299682617188
22.152299880981445
21.856800079345703
21.99489974975586
21.85379981994629
22.10260009765625
21.960800170898438
22.109899520874023
21.974899291992188
22.13960075378418
22.003599166870117
22.05030059814453
22.214000701904297
21.846099853515625
21.895999908447266
21.850099563598633
22.225900650024414
22.1481990814209
22.255800247192383
22.332000732421875
21.983999252319336
21.898300170898438
22.08289909362793
21.935100555419922
22.325899124145508
22.157100677490234
21.990299224853516
22.082799911499023
22.2362003326416
22.209999084472656
5.247819900512695
5.1304497718811035
5.132810115814209
5.215799808502197
5.3369598388671875
5.339660167694092
5.099279880523682
5.223219871520996
5.1039299964904785
5.263269901275635
5.2662200927734375
5.149899959564209
5.153180122375488
5.209139823913574
5.327939987182617
5.330440044403076
5.092889785766602
5.214379787445068
5.095640182495117
5.280089855194092
5.282619953155518
5.1669697761535645
5.288410186767578
5.173309803009033
5.2941999435424805
5.1777801513671875
5.179930210113525
5.298409938812256
5.300739765167236
5.185530185699463
5.3059000968933105
5.190370082855225
5.309100151062012
5.192560195922852
5.192920207977295
5.309810161590576
5.30994987487793
5.193270206451416
5.192770004272461
5.3051300048828125
5.422520160675049
5.422440052032471
5.187449932098389
5.422060012817383
5.304480075836182
5.189610004425049
5.245989799499512
5.127140045166016
5.364930152893066
5.127309799194336
5.3652801513671875
5.24862003326416
5.12962007522583
5.310389995574951
5.311950206756592
5.195940017700195
5.314859867095947
5.198209762573242
5.315299987792969
5.198209762573242
5.313910007476807
5.196360111236572
5.194399833679199
5.309689998626709
5.1915998458862305
5.307849884033203
5.189620018005371
5.305290222167969
7.461299896240234
7.330090045928955
7.450419902801514
7.453169822692871
7.330190181732178
7.347169876098633
7.221670150756836
7.454820156097412
7.565149784088135
7.566279888153076
7.329259872436523
7.2220001220703125
7.439189910888672
7.33144998550415
7.457479953765869
7.377289772033691
7.250790119171143
7.502669811248779
7.374800205230713
7.249489784240723
7.452439785003662
7.325590133666992
7.437900066375732
7.5617499351501465
7.309569835662842
7.558909893035889
7.432929992675781
7.4429497718811035
7.316219806671143
7.368760108947754
7.495570182800293
7.242800235748291
7.369319915771484
7.442299842834473
7.317130088806152
7.44566011428833
7.322309970855713
7.329730033874512
7.455629825592041
7.422830104827881
7.2052998542785645
7.299190044403076
7.207489967346191
7.543590068817139
7.419730186462402
7.454329967498779
7.331890106201172
7.333549976348877
7.4013800621032715
7.524330139160156
7.27839994430542
8.368539810180664
8.094050407409668
8.361379623413086
8.306380271911621
8.179169654846191
8.356949806213379
8.011799812316895
8.099309921264648
8.079649925231934
8.096639633178711
8.004790306091309
8.239089965820312
8.282380104064941
8.241689682006836
8.348679542541504
8.103879928588867
8.00236988067627
8.290860176086426
8.155050277709961
8.07489013671875
8.322890281677246
8.05286979675293
8.318840026855469
8.18379020690918
8.051589965820312
8.132430076599121
8.265290260314941
8.232359886169434
8.335399627685547
7.999410152435303
8.097209930419922
7.997089862823486
8.334549903869629
8.267000198364258
8.132320404052734
8.064470291137695
8.29740047454834
8.293350219726562
12.002099990844727
11.889399528503418
12.056500434875488
11.946599960327148
12.078200340270996
11.947799682617188
12.079700469970703
16.693099975585938
16.991199493408203
16.97640037536621
16.83139991760254
16.775800704956055
16.79290008544922
16.93199920654297
16.640100479125977
16.77899932861328
16.736799240112305
16.771099090576172
16.919700622558594
16.90220069885254
16.610300064086914
16.747800827026367
16.682199478149414
16.814899444580078
16.740800857543945
16.878000259399414
16.585399627685547
16.722400665283203
16.622900009155273
16.75659942626953
16.712099075317383
16.55940055847168
16.849700927734375
16.696800231933594
16.71299934387207
16.559600830078125
16.659099578857422
16.79800033569336
16.50040054321289
16.783000946044922
16.62809944152832
16.614200592041016
16.46820068359375
16.75320053100586
16.45240020751953
16.326099395751953
16.307300567626953
16.678499221801758
16.523700714111328
16.704599380493164
16.692800521850586
16.396099090576172
16.30620002746582
16.538700103759766
16.44569969177246
16.465499877929688
16.614999771118164
16.313600540161133
16.60580062866211
16.58799934387207
16.707700729370117
16.440500259399414
16.3080997467041
16.559900283813477
16.56529998779297
16.416400909423828
16.4783992767334
16.33169937133789
18.146400451660156
18.13559913635254
17.98590087890625
4.636579990386963
4.639269828796387
4.608650207519531
4.384300231933594
4.501110076904297
4.385709762573242
4.61939001083374
4.502989768981934
4.619410037994385
4.539450168609619
4.386139869689941
4.654469966888428
4.422490119934082
8.821149826049805
8.779179573059082
8.959210395812988
8.952460289001465
8.695690155029297
8.913260459899902
8.69970989227295
8.783499717712402
8.877969741821289
9.006190299987793
8.927149772644043
8.747599601745605
8.800519943237305
8.928110122680664
8.893219947814941
8.815810203552246
9.012089729309082
9.009050369262695
8.765669822692871
8.687979698181152
8.881790161132812
8.688850402832031
8.935890197753906
8.751290321350098
8.937089920043945
8.804030418395996
8.968330383300781
8.835709571838379
8.699230194091797
8.907999992370605
8.700699806213379
8.777029991149902
8.883279800415039
9.010700225830078
8.943619728088379
8.751740455627441
8.81781005859375
8.945509910583496
8.953479766845703
8.821160316467285
8.973910331726074
8.841919898986816
8.691949844360352
8.890250205993652
8.697050094604492
8.714940071105957
8.720939636230469
8.764470100402832
9.004289627075195
9.007630348205566
8.880069732666016
9.090869903564453
8.96654987335205
8.757550239562988
8.845439910888672
8.96934986114502
15.291999816894531
15.582799911499023
15.51990032196045
15.57450008392334
15.267399787902832
15.378299713134766
15.256500244140625
15.55109977722168
15.288999557495117
15.398699760437012
15.555299758911133
15.413900375366211
15.264900207519531
15.541000366210938
15.522500038146973
15.117500305175781
15.387399673461914
16.847700119018555
16.841899871826172
16.962600708007812
17.075300216674805
17.0674991607666
17.051599502563477
16.929800033569336
16.904800415039062
16.912500381469727
17.023399353027344
17.03059959411621
16.747100830078125
16.883100509643555
17.11240005493164
16.98310089111328
16.73859977722168
17.105899810791016
16.730899810791016
16.83930015563965
16.984899520874023
16.967100143432617
16.834800720214844
16.841899871826172
17.025100708007812
16.886600494384766
17.024900436401367
16.74410057067871
17.035400390625
16.978900909423828
16.838899612426758
17.091100692749023
16.89929962158203
16.744699478149414
17.077600479125977
16.790599822998047
17.12980079650879
17.122900009155273
16.814300537109375
16.936800003051758
16.862699508666992
16.982500076293945
16.860700607299805
17.010000228881836
16.89109992980957
17.00469970703125
17.093299865722656
16.989500045776367
16.741600036621094
17.082799911499023
16.72800064086914
16.83060073852539
16.929899215698242
10.684300422668457
10.541399955749512
10.410799980163574
10.509200096130371
10.64680004119873
10.49489974975586
10.631199836730957
10.484100341796875
10.61989974975586
10.340200424194336
10.349800109863281
10.466300010681152
10.600799560546875
10.578100204467773
10.45460033416748
10.587499618530273
10.459699630737305
10.451499938964844
10.32390022277832
10.550999641418457
10.42300033569336
10.546699523925781
10.429300308227539
10.656000137329102
10.661999702453613
10.405400276184082
10.292400360107422
10.519800186157227
10.287500381469727
10.530400276184082
10.396499633789062
10.318599700927734
10.455599784851074
10.655200004577637
10.581399917602539
10.443300247192383
10.655599594116211
10.51710033416748
10.315500259399414
10.432000160217285
10.378700256347656
10.575499534606934
10.571700096130371
10.613499641418457
10.524700164794922
10.295900344848633
10.67039966583252
10.300299644470215
10.387100219726562
10.351799964904785
10.47920036315918
21.3882999420166
6.450500011444092
6.343070030212402
6.13785982131958
6.452939987182617
6.139100074768066
6.223649978637695
6.211619853973389
6.333489894866943
6.253260135650635
6.372429847717285
6.257750034332275
6.375470161437988
6.264500141143799
6.382390022277832
6.268310070037842
6.389729976654053
6.43025016784668
6.304800033569336
6.377749919891357
6.1809401512146
6.457900047302246
6.468050003051758
6.253190040588379
6.513500213623047
6.331470012664795
6.181769847869873
6.513609886169434
6.217140197753906
6.39408016204834
6.386720180511475
6.327760219573975
6.265830039978027
6.4120402336120605
6.4523701667785645
6.43209981918335
6.475069999694824
6.202660083770752
6.474890232086182
6.2017998695373535
6.28665018081665
6.224209785461426
6.304309844970703
6.229899883270264
6.352759838104248
6.395209789276123
6.397049903869629
6.392630100250244
6.2738800048828125
6.158939838409424
6.2789201736450195
6.396160125732422
6.157790184020996
15.638400077819824
15.615300178527832
15.746899604797363
15.890999794006348
15.740099906921387
15.878899574279785
15.58329963684082
15.939299583435059
15.824399948120117
15.676300048828125
15.931300163269043
15.78320026397705
15.576000213623047
15.979100227355957
15.643199920654297
15.695099830627441
15.83080005645752
15.708900451660156
15.844099998474121
15.777600288391113
15.852700233459473
15.56149959564209
15.90310001373291
15.555000305175781
15.6274995803833
15.600600242614746
15.74429988861084
15.836899757385254
15.688899993896484
15.789299964904785
15.819299697875977
15.637800216674805
15.529600143432617
15.890000343322754
15.512700080871582
15.587900161743164
15.737299919128418
15.639200210571289
15.74429988861084
15.733400344848633
15.77929973602295
15.494799613952637
15.829000473022461
15.494999885559082
15.593700408935547
15.55109977722168
15.69159984588623
15.594799995422363
15.735400199890137
15.590200424194336
15.731499671936035
15.785400390625
15.648200035095215
15.840900421142578
15.764399528503418
15.6225004196167
15.504300117492676
15.83810043334961
15.499600410461426
15.713000297546387
15.6983003616333
15.570300102233887
15.572199821472168
15.583100318908691
15.70829963684082
15.445199966430664
4.840610027313232
4.8383002281188965
4.957240104675293
4.95205020904541
4.953700065612793
4.835949897766113
4.835249900817871
4.838490009307861
4.952939987182617
4.843500137329102
4.9571099281311035
4.84650993347168
4.961830139160156
4.964230060577393
4.9640398025512695
4.846179962158203
4.846940040588379
4.843669891357422
4.962669849395752
4.958000183105469
4.959579944610596
4.838759899139404
4.840620040893555
4.84807014465332
4.954430103302002
4.96382999420166
4.729479789733887
4.728030204772949
4.962259769439697
4.843339920043945
4.961420059204102
4.827209949493408
4.7270097732543945
4.94212007522583
4.9435200691223145
4.822840213775635
4.824319839477539
4.937300205230713
4.939330101013184
4.934609889984131
4.818439960479736
4.815899848937988
4.816800117492676
4.813650131225586
4.932660102844238
4.811830043792725
4.930950164794922
5.01816987991333
4.899529933929443
5.017660140991211
4.780089855194092
4.897349834442139
5.01708984375
4.807199954986572
4.778840065002441
4.926149845123291
10.432000160217285
10.507599830627441
10.215999603271484
10.288200378417969
10.491600036621094
10.502300262451172
10.120499610900879
10.211600303649902
10.338000297546387
10.4753999710083
10.486499786376953
10.360699653625488
10.227800369262695
10.108799934387207
10.222700119018555
10.20359992980957
10.473600387573242
10.100799560546875
10.258099555969238
10.362299919128418
10.093099594116211
10.116299629211426
10.351499557495117
10.358499526977539
10.07349967956543
10.336999893188477
10.200599670410156
10.181900024414062
10.041999816894531
10.048399925231934
10.317700386047363
10.443699836730957
10.304699897766113
10.315899848937988
10.18019962310791
10.42080020904541
10.041399955749512
10.171500205993652
10.301899909973145
10.409299850463867
10.15939998626709
10.029800415039062
10.2475004196167
10.116100311279297
10.002900123596191
10.140999794006348
10.2677001953125
10.273200035095215
10.131799697875977
10.367400169372559
9.996970176696777
9.994549751281738
10.222399711608887
10.231300354003906
10.084400177001953
9.956049919128418
10.201000213623047
10.072600364685059
9.931699752807617
10.069899559020996
10.058699607849121
10.197199821472168
10.166399955749512
10.040399551391602
10.191499710083008
10.062700271606445
14.860400199890137
14.585399627685547
14.708200454711914
14.716300010681152
14.577899932861328
14.704899787902832
14.569100379943848
14.528499603271484
14.678500175476074
14.797699928283691
14.814800262451172
14.514399528503418
14.649299621582031
14.527700424194336
14.64490032196045
14.645700454711914
14.377599716186523
14.491100311279297
14.355600357055664
14.573100090026855
14.440500259399414
14.33549976348877
14.486100196838379
14.469099998474121
14.61989974975586
14.465800285339355
14.389699935913086
14.590900421142578
14.605600357055664
14.576199531555176
14.30620002746582
14.386500358581543
14.521599769592285
14.26930046081543
14.28689956665039
14.543999671936035
14.55739974975586
14.349800109863281
14.488900184631348
14.516900062561035
14.239299774169922
14.42490005493164
14.224699974060059
14.211199760437012
14.27280044555664
14.159600257873535
14.465200424194336
14.45199966430664
14.458499908447266
14.240300178527832
14.534199714660645
14.154600143432617
14.30150032043457
14.390899658203125
14.390600204467773
14.092700004577637
14.316100120544434
14.093799591064453
14.169099807739258
18.589799880981445
18.309999465942383
18.323299407958984
18.469900131225586
18.26609992980957
18.299400329589844
18.432300567626953
18.55459976196289
18.24530029296875
18.29050064086914
18.51959991455078
18.533599853515625
18.35569953918457
18.231000900268555
18.377300262451172
18.21380043029785
18.194900512695312
18.52400016784668
18.45949935913086
18.507299423217773
18.19099998474121
18.29360008239746
18.49020004272461
18.507999420166016
18.334199905395508
18.18600082397461
18.311199188232422
18.201799392700195
18.14929962158203
18.45549964904785
18.429000854492188
18.441299438476562
18.250600814819336
18.281099319458008
18.385400772094727
18.10770034790039
18.375099182128906
18.095600128173828
18.197099685668945
18.228099822998047
18.034400939941406
18.050600051879883
18.175500869750977
18.331199645996094
18.219600677490234
18.082399368286133
18.29840087890625
18.159299850463867
18.260000228881836
18.00200080871582
17.984100341796875
18.103099822998047
17.975099563598633
18.282899856567383
18.112499237060547
18.263700485229492
18.077299118041992
18.111900329589844
18.210800170898438
17.93670082092285
18.954500198364258
19.079999923706055
19.089599609375
18.93790054321289
19.21489906311035
19.06570053100586
19.07270050048828
18.810100555419922
18.94969940185547
19.075899124145508
18.80069923400879
18.927400588989258
19.062999725341797
18.857500076293945
18.875099182128906
19.095699310302734
18.957000732421875
19.08489990234375
18.80780029296875
18.978300094604492
18.944499969482422
18.826900482177734
18.834299087524414
19.03660011291504
18.896900177001953
19.031999588012695
18.75029945373535
18.741899490356445
18.884000778198242
18.79949951171875
18.949199676513672
18.85219955444336
18.93589973449707
18.70680046081543
18.986499786376953
18.76140022277832
18.840999603271484
18.749500274658203
18.899700164794922
18.792800903320312
18.8966007232666
18.900999069213867
18.64259910583496
18.998600006103516
19.002599716186523
18.63789939880371
18.747800827026367
18.730499267578125
18.847299575805664
18.87849998474121
22.135499954223633
22.265899658203125
21.93939971923828
21.994800567626953
22.22450065612793
21.930099487304688
21.924800872802734
22.082300186157227
22.200199127197266
21.91699981689453
21.887300491333008
22.18899917602539
22.03219985961914
22.17799949645996
21.874099731445312
21.875999450683594
22.146699905395508
21.841999053955078
21.824499130249023
21.9862003326416
22.117300033569336
21.827800750732422
21.79490089416504
22.1028995513916
21.939199447631836
22.087600708007812
21.770000457763672
21.93090057373047
22.05900001525879
21.752500534057617
21.896099090576172
22.035499572753906
21.72260093688965
21.757200241088867
22.003400802612305
22.814699172973633
23.10689926147461
22.814800262451172
22.957300186157227
22.919300079345703
23.061800003051758
23.197500228881836
23.054000854492188
23.194799423217773
22.903099060058594
23.045900344848633
23.046199798583984
22.84749984741211
22.992900848388672
22.837200164794922
23.13089942932129
22.907499313354492
23.05579948425293
23.08880043029785
22.795000076293945
23.074499130249023
22.77989959716797
22.75979995727539
22.90880012512207
23.063899993896484
22.919599533081055
22.74810028076172
23.043699264526367
22.877099990844727
23.028600692749023
22.7052001953125
22.851299285888672
22.986499786376953
22.68829917907715
22.911300659179688
22.96969985961914
22.649900436401367
22.772300720214844
22.632200241088867
22.932300567626953
22.76569938659668
22.918899536132812
22.583099365234375
22.733400344848633
22.86949920654297
22.565799713134766
22.54599952697754
22.699399948120117
22.843799591064453
22.697599411010742
22.82069969177246
22.399799346923828
22.504100799560547
22.50480079650879
22.611000061035156
22.49810028076172
22.66080093383789
22.560300827026367
22.644899368286133
22.398500442504883
22.69729995727539
22.583499908447266
22.53529930114746
22.437000274658203
22.420400619506836
22.551799774169922
22.574199676513672
22.280799865722656
22.658899307250977
22.264999389648438
22.398700714111328
22.504199981689453
22.505800247192383
22.364299774169922
22.346599578857422
22.481000900268555
22.213499069213867
22.583900451660156
22.596399307250977
22.200300216674805
22.319000244140625
22.44070053100586
22.431900024414062
22.30929946899414
22.28070068359375
22.42060089111328
22.44499969482422
22.52899932861328
22.526500701904297
22.270299911499023
22.15399932861328
22.36910057067871
22.139400482177734
22.499900817871094
22.250900268554688
22.56399917602539
22.527999877929688
22.588699340820312
22.494699478149414
22.616199493408203
22.520999908447266
22.36090087890625
22.577199935913086
22.338600158691406
22.247800827026367
22.277700424194336
22.83169937133789
22.816999435424805
22.748300552368164
22.65369987487793
22.62929916381836
9.321789741516113
9.195969581604004
9.31149959564209
9.329819679260254
9.201169967651367
9.38871955871582
9.375009536743164
9.18595027923584
9.278079986572266
9.254229545593262
9.147370338439941
9.150790214538574
9.36771011352539
9.239139556884766
9.125189781188965
9.137479782104492
9.245140075683594
9.106389999389648
9.215999603271484
9.230210304260254
9.114330291748047
9.014450073242188
9.15198040008545
9.214380264282227
9.101980209350586
9.198380470275879
9.442099571228027
9.032659530639648
9.270919799804688
9.175519943237305
9.292530059814453
9.333120346069336
9.209870338439941
9.114350318908691
9.008159637451172
9.41193962097168
9.431440353393555
9.233070373535156
9.267290115356445
9.23069953918457
9.24446964263916
9.440950393676758
9.14721965789795
9.391329765319824
9.348119735717773
9.408439636230469
9.463350296020508
9.224289894104004
9.147509574890137
9.192709922790527
9.341360092163086
9.467780113220215
9.284000396728516
9.380669593811035
9.25391960144043
9.212559700012207
9.381549835205078
9.252409934997559
9.379070281982422
9.252869606018066
15.719300270080566
15.65310001373291
15.515199661254883
15.443400382995605
8.581290245056152
8.574979782104492
8.464300155639648
8.460559844970703
8.346630096435547
8.455659866333008
8.564849853515625
8.458049774169922
8.346030235290527
8.344169616699219
8.569910049438477
8.51990032196045
8.400500297546387
8.558270454406738
8.392040252685547
8.38403034210205
8.606849670410156
8.610329627990723
8.488570213317871
8.50862979888916
8.633689880371094
8.623740196228027
8.620759963989258
8.517829895019531
8.515859603881836
8.516300201416016
8.636819839477539
8.629440307617188
8.529330253601074
8.633219718933105
8.510990142822266
8.642390251159668
8.741979598999023
8.40719985961914
8.648880004882812
8.401140213012695
8.742819786071777
8.404680252075195
8.517109870910645
8.499119758605957
8.626529693603516
8.616640090942383
8.623940467834473
14.735300064086914
14.667099952697754
14.604100227355957
14.88129997253418
14.819700241088867
14.540300369262695
14.799300193786621
14.687299728393555
14.616399765014648
14.604499816894531
14.805800437927246
14.669699668884277
14.848999977111816
14.572500228881836
14.73289966583252
14.86359977722168
14.637200355529785
14.501799583435059
14.836099624633789
14.6899995803833
14.618300437927246
14.50730037689209
14.487099647521973
14.766200065612793
14.70110034942627
14.427300453186035
14.63759994506836
14.57289981842041
14.372099876403809
14.641500473022461
14.611900329589844
14.473799705505371
14.486900329589844
14.548399925231934
14.35949993133545
14.623100280761719
14.486100196838379
14.619099617004395
14.40429973602295
14.394800186157227
14.306099891662598
14.322699546813965
14.608099937438965
14.252300262451172
14.197400093078613
14.155400276184082
14.231100082397461
14.083000183105469
13.971799850463867
14.07349967956543
14.122900009155273
14.000100135803223
14.130499839782715
14.083200454711914
14.058500289916992
14.02910041809082
14.04170036315918
14.022500038146973
14.002699851989746
13.97070026397705
14.562700271606445
14.542499542236328
14.531299591064453
14.386199951171875
14.50529956817627
14.41409969329834
14.315099716186523
14.23859977722168
14.296699523925781
14.168999671936035
14.209600448608398
14.14169979095459
14.049200057983398
14.075200080871582
14.361800193786621
14.075200080871582
14.216300010681152
14.078800201416016
14.056400299072266
14.353599548339844
14.429200172424316
14.069700241088867
14.222900390625
14.3016996383667
14.174599647521973
22.925800323486328
23.04560089111328
23.033199310302734
23.191600799560547
22.919300079345703
23.17009925842285
23.28820037841797
22.899599075317383
23.064199447631836
23.151599884033203
23.292800903320312
23.27869987487793
22.991600036621094
22.90290069580078
22.963199615478516
23.194799423217773
23.358699798583984
23.115100860595703
23.08799934387207
23.24650001525879
23.043699264526367
23.20240020751953
22.928800582885742
23.045400619506836
23.208599090576172
23.317100524902344
23.024499893188477
23.183700561523438
22.923999786376953
23.153600692749023
23.21179962158203
23.148799896240234
23.05150032043457
22.88629913330078
22.8794002532959
23.100500106811523
23.273000717163086
22.981700897216797
23.187400817871094
23.12310028076172
22.936399459838867
23.020200729370117
22.84160041809082
22.890499114990234
23.25029945373535
23.23859977722168
23.118099212646484
22.958799362182617
22.884899139404297
22.946399688720703
22.820199966430664
22.74139976501465
23.167400360107422
22.745100021362305
22.957500457763672
22.861799240112305
22.877099990844727
22.827199935913086
22.9060001373291
5.185890197753906
5.182919979095459
5.182030200958252
5.301790237426758
5.3003997802734375
5.296209812164307
5.294909954071045
5.29863977432251
5.179699897766113
5.29272985458374
5.173190116882324
5.176980018615723
5.175660133361816
5.169610023498535
5.168540000915527
5.290160179138184
5.288340091705322
5.286190032958984
5.167329788208008
5.286369800567627
5.167829990386963
5.280630111694336
5.399489879608154
5.285789966583252
5.1666998863220215
5.280020236968994
5.285329818725586
5.399320125579834
5.161250114440918
5.285820007324219
5.165329933166504
5.1658501625061035
5.165289878845215
5.342889785766602
5.407770156860352
5.22199010848999
5.343389987945557
5.222300052642822
5.102059841156006
5.407949924468994
5.101260185241699
5.1709699630737305
5.297110080718994
5.287079811096191
5.289919853210449
5.186240196228027
5.309790134429932
5.179120063781738
5.305270195007324
5.192689895629883
5.19035005569458
5.311669826507568
5.65516996383667
5.536499977111816
5.533740043640137
5.65054988861084
5.652219772338867
5.5346198081970215
5.647449970245361
5.529329776763916
5.531990051269531
5.64877986907959
5.526979923248291
5.644410133361816
5.5284600257873535
5.645699977874756
5.531109809875488
5.411769866943359
5.6443400382995605
5.525010108947754
5.411799907684326
5.643620014190674
5.650579929351807
5.531189918518066
5.523759841918945
5.643829822540283
5.524089813232422
5.64346981048584
5.714540004730225
5.473440170288086
5.524139881134033
5.5930399894714355
5.474549770355225
5.648789882659912
5.7161102294921875
5.595709800720215
5.530069828033447
5.652130126953125
5.5284600257873535
5.650410175323486
5.685309886932373
5.577250003814697
5.5306901931762695
5.562650203704834
5.612969875335693
5.725590229034424
5.670499801635742
5.674310207366943
5.430059909820557
5.493710041046143
5.442699909210205
5.456480026245117
5.487279891967773
5.6679301261901855
5.435420036315918
5.606420040130615
5.666079998016357
5.548530101776123
10.70300006866455
10.897100448608398
10.706000328063965
10.833200454711914
10.802300453186035
10.928000450134277
10.892800331115723
10.759499549865723
10.784099578857422
10.816100120544434
10.664199829101562
10.918299674987793
10.574700355529785
10.876799583435059
10.679100036621094
10.931599617004395
10.697500228881836
10.628299713134766
10.756199836730957
10.657899856567383
10.748000144958496
10.902799606323242
10.541199684143066
10.783599853515625
10.841500282287598
10.537699699401855
10.890999794006348
10.809499740600586
10.518600463867188
10.509499549865723
10.770899772644043
10.641300201416016
10.6225004196167
10.497699737548828
10.627300262451172
10.501399993896484
10.378199577331543
10.796600341796875
10.629199981689453
10.507100105285645
10.508899688720703
10.521699905395508
10.72189998626709
10.750800132751465
10.590700149536133
10.486100196838379
10.662799835205078
10.665399551391602
10.758299827575684
10.757599830627441
10.640899658203125
10.61870002746582
10.507399559020996
10.380000114440918
10.67609977722168
10.575599670410156
10.713000297546387
10.853699684143066
11.010299682617188
10.729399681091309
10.882100105285645
11.016400337219238
10.871399879455566
10.751500129699707
10.904500007629395
10.779600143432617
10.888099670410156
10.772899627685547
10.907600402832031
11.48550033569336
11.281200408935547
11.27910041809082
11.567099571228027
11.562299728393555
11.37660026550293
11.507699966430664
11.341699600219727
11.424599647521973
11.22659969329834
11.139100074768066
11.496600151062012
11.145899772644043
11.30739974975586
11.445099830627441
11.348799705505371
11.209799766540527
11.289600372314453
11.222700119018555
11.43239974975586
11.160099983215332
11.089900016784668
11.360899925231934
11.355600357055664
11.229299545288086
11.186699867248535
11.083999633789062
11.32409954071045
11.439299583435059
11.186200141906738
11.215100288391113
11.3016996383667
11.324199676513672
11.205300331115723
11.076299667358398
11.08080005645752
11.34280014038086
11.162400245666504
11.183500289916992
11.300700187683105
11.296299934387207
11.409099578857422
11.052900314331055
11.31029987335205
11.305800437927246
11.404899597167969
11.273799896240234
11.174699783325195
11.048600196838379
11.028300285339355
11.289999961853027
11.139800071716309
11.164799690246582
11.1003999710083
11.185799598693848
11.279000282287598
11.148300170898438
10.968700408935547
10.893899917602539
11.309000015258789
10.928500175476074
10.954500198364258
11.173600196838379
11.173700332641602
11.068699836730957
11.169400215148926
11.275699615478516
11.11709976196289
13.648300170898438
13.63659954071045
13.644399642944336
13.574600219726562
13.613200187683105
14.045499801635742
13.853599548339844
14.125300407409668
4.909910202026367
4.806240081787109
4.908999919891357
4.789790153503418
5.028960227966309
5.029359817504883
4.806859970092773
4.92572021484375
4.924950122833252
4.805069923400879
4.936840057373047
4.81427001953125
4.930520057678223
4.809219837188721
4.950049877166748
4.828090190887451
4.944940090179443
4.821529865264893
4.718830108642578
5.020050048828125
4.907149791717529
4.839099884033203
4.900489807128906
5.021009922027588
4.71943998336792
4.7871198654174805
4.954390048980713
4.833409786224365
4.95412015914917
4.779520034790039
4.881700038909912
4.833089828491211
4.833340167999268
4.954400062561035
4.760729789733887
5.002449989318848
6.768700122833252
6.604109764099121
6.723869800567627
6.527440071105957
6.647930145263672
6.611839771270752
6.730370044708252
6.6073899269104
6.725649833679199
6.76855993270874
6.548069953918457
6.787740230560303
6.668019771575928
6.776279926300049
6.791790008544922
6.84591007232666
6.836349964141846
6.6508097648620605
6.885169982910156
6.836939811706543
6.839759826660156
6.655020236968994
6.568510055541992
6.66441011428833
6.550059795379639
6.8869099617004395
6.59561014175415
6.713980197906494
6.574679851531982
6.648739814758301
6.647140026092529
6.770520210266113
6.762209892272949
6.828070163726807
6.703070163726807
6.649930000305176
6.7738800048828125
6.69734001159668
6.824480056762695
6.573910236358643
6.826260089874268
6.6433000564575195
6.641300201416016
6.765830039978027
6.570119857788086
6.549670219421387
6.79371976852417
6.672790050506592
6.765610218048096
6.75678014755249
6.759009838104248
6.547800064086914
6.669189929962158
6.633120059967041
7.70334005355835
7.668960094451904
7.914450168609619
7.916930198669434
7.79403018951416
7.81210994720459
7.694849967956543
7.787759780883789
7.91048002243042
7.688399791717529
7.808350086212158
7.689740180969238
7.691140174865723
7.689129829406738
7.689680099487305
7.810619831085205
7.809340000152588
7.803659915924072
7.685629844665527
7.808189868927002
7.809969902038574
7.680079936981201
7.800419807434082
7.6815900802612305
7.682650089263916
7.902669906616211
7.781630039215088
7.680560111999512
7.800059795379639
7.784200191497803
7.9046101570129395
7.6625800132751465
7.903950214385986
7.838109970092773
7.595029830932617
7.716929912567139
7.6840901374816895
7.592040061950684
7.714210033416748
7.593530178070068
7.8379597663879395
7.601980209350586
7.723219871520996
7.797910213470459
7.801599979400635
7.711170196533203
7.836239814758301
7.599249839782715
7.841100215911865
7.859119892120361
7.73691987991333
7.6550798416137695
7.593870162963867
7.68556022644043
7.613540172576904
7.815589904785156
7.865620136260986
7.860109806060791
7.851669788360596
7.787799835205078
7.607250213623047
7.717800140380859
7.602449893951416
7.662899971008301
7.840849876403809
7.612760066986084
13.641900062561035
13.375200271606445
13.368599891662598
13.495400428771973
13.74370002746582
13.746299743652344
13.521900177001953
13.602499961853027
13.464099884033203
13.598999977111816
13.43280029296875
13.509599685668945
13.657099723815918
13.374799728393555
13.544500350952148
13.5693998336792
13.435400009155273
13.572199821472168
13.277299880981445
13.397000312805176
13.29069995880127
13.66759967803955
13.636099815368652
13.3725004196167
13.492199897766113
13.639800071716309
13.437800407409668
13.583900451660156
13.344300270080566
13.618000030517578
13.286600112915039
13.559000015258789
13.576600074768066
13.32759952545166
13.23550033569336
13.36520004272461
13.494799613952637
13.544599533081055
13.236000061035156
13.348600387573242
13.21969985961914
13.494000434875488
13.064299583435059
13.170499801635742
13.30620002746582
13.366600036621094
13.316399574279785
13.298299789428711
13.434300422668457
13.040399551391602
13.226499557495117
13.020000457763672
13.146900177001953
15.54520034790039
15.830499649047852
15.534799575805664
15.690299987792969
15.68340015411377
15.584699630737305
15.740300178527832
15.518899917602539
15.818300247192383
15.475500106811523
15.782400131225586
15.795599937438965
15.506600379943848
15.492199897766113
15.63479995727539
15.600899696350098
15.759599685668945
15.758199691772461
15.340200424194336
15.487700462341309
15.774900436401367
15.314900398254395
15.455599784851074
15.324999809265137
15.61340045928955
15.415599822998047
15.420599937438965
15.570300102233887
15.583399772644043
15.247200012207031
15.535900115966797
15.55150032043457
15.263500213623047
15.383299827575684
15.488200187683105
15.35669994354248
15.38379955291748
15.213700294494629
15.353400230407715
15.517600059509277
15.230899810791016
15.209600448608398
15.497599601745605
15.362899780273438
15.428999900817871
15.336099624633789
15.226499557495117
15.379199981689453
15.344099998474121
15.194299697875977
15.322799682617188
15.47189998626709
15.187299728393555
15.12660026550293
15.410499572753906
15.273799896240234
15.331700325012207
15.211199760437012
15.154199600219727
15.257200241088867
15.401200294494629
15.132200241088867
15.203200340270996
15.349800109863281
15.064900398254395
15.37969970703125
15.249899864196777
15.137399673461914
15.272500038146973
13.804900169372559
13.67609977722168
13.593099594116211
13.73960018157959
13.663000106811523
13.808500289916992
13.54889965057373
13.695799827575684
13.722200393676758
13.869000434875488
13.472299575805664
13.56879997253418
13.810099601745605
13.82759952545166
13.375399589538574
13.451299667358398
13.729700088500977
13.698100090026855
13.323399543762207
13.381999969482422
13.548600196838379
13.672900199890137
13.297900199890137
13.346799850463867
13.501700401306152
13.56470012664795
13.588899612426758
13.575799942016602
13.469900131225586
13.540499687194824
13.598099708557129
13.648300170898438
13.59689998626709
13.571499824523926
13.652999877929688
13.632200241088867
13.556099891662598
13.621000289916992
13.515899658203125
13.642600059509277
13.507800102233887
13.539999961853027
13.701399803161621
13.694700241088867
13.554800033569336
13.522199630737305
13.758600234985352
13.676199913024902
13.736499786376953
13.624199867248535
13.472700119018555
13.223999977111816
13.80270004272461
13.739899635314941
13.249500274658203
13.340900421142578
15.23960018157959
15.011300086975098
15.281200408935547
15.025099754333496
15.159000396728516
14.944000244140625
15.082799911499023
15.132800102233887
15.268699645996094
15.055000305175781
15.187700271606445
15.201399803161621
14.929800033569336
14.967900276184082
14.980999946594238
15.12339973449707
15.008000373840332
14.901000022888184
15.032299995422363
15.082200050354004
15.09749984741211
14.86240005493164
15.003399848937988
14.883399963378906
15.155699729919434
14.97070026397705
14.974599838256836
14.848999977111816
15.011899948120117
15.06879997253418
14.96660041809082
14.858799934387207
14.826399803161621
15.065099716186523
14.708399772644043
14.81760025024414
14.717000007629395
14.989500045776367
14.843799591064453
14.797100067138672
14.91759967803955
14.856200218200684
14.954700469970703
14.685999870300293
14.971400260925293
14.532999992370605
14.611700057983398
14.647899627685547
14.718899726867676
14.758299827575684
14.72130012512207
14.874199867248535
14.913399696350098
14.498900413513184
14.614700317382812
14.50730037689209
14.883999824523926
14.616800308227539
14.753499984741211
14.74020004272461
12.706500053405762
12.848600387573242
12.754199981689453
12.607999801635742
12.748900413513184
12.603099822998047
12.858799934387207
12.751099586486816
12.507399559020996
12.651599884033203
12.708900451660156
12.507100105285645
12.605199813842773
12.858400344848633
12.781700134277344
12.791399955749512
12.64490032196045
12.563400268554688
12.612199783325195
12.493900299072266
12.857500076293945
12.758700370788574
12.658300399780273
12.5649995803833
12.710000038146973
12.48550033569336
12.641599655151367
12.784799575805664
12.50790023803711
12.796699523925781
12.696999549865723
12.569000244140625
12.68649959564209
12.550800323486328
12.513699531555176
12.502699851989746
12.425999641418457
12.802900314331055
12.64799976348877
12.793700218200684
12.361800193786621
12.55370044708252
12.459400177001953
12.73390007019043
12.749500274658203
12.617500305175781
12.552200317382812
12.444199562072754
12.586700439453125
12.348999977111816
12.650400161743164
12.3951997756958
12.6697998046875
12.685500144958496
12.631600379943848
12.378600120544434
12.48550033569336
12.612000465393066
12.340499877929688
12.438300132751465
12.582500457763672
12.358200073242188
12.308799743652344
12.588800430297852
16.619300842285156
16.621299743652344
16.412200927734375
16.552600860595703
16.327299118041992
16.472000122070312
16.665300369262695
16.529699325561523
16.574800491333008
16.42959976196289
16.526399612426758
16.29599952697754
16.391000747680664
16.289499282836914
16.450199127197266
16.584199905395508
16.57939910888672
16.438400268554688
16.41659927368164
16.69219970703125
16.553199768066406
16.454200744628906
16.448400497436523
16.549999237060547
16.687000274658203
16.6924991607666
16.689599990844727
16.694700241088867
16.562000274658203
16.443500518798828
16.431699752807617
16.546499252319336
16.683399200439453
16.420000076293945
16.40850067138672
16.285499572753906
16.55739974975586
16.293699264526367
16.457300186157227
16.37529945373535
16.522499084472656
16.274799346923828
16.563199996948242
16.302900314331055
16.579200744628906
16.592899322509766
16.22319984436035
16.237499237060547
16.375099182128906
16.422399520874023
16.275400161743164
16.34939956665039
16.484899520874023
16.496299743652344
16.122299194335938
16.514299392700195
16.382400512695312
16.266000747680664
16.111299514770508
16.227800369262695
18.65329933166504
18.572099685668945
18.6033992767334
18.75779914855957
18.631399154663086
18.704700469970703
18.59980010986328
18.663999557495117
19.90489959716797
19.71929931640625
19.59429931640625
19.736000061035156
19.61319923400879
19.696800231933594
19.5575008392334
19.85449981689453
19.87339973449707
19.505599975585938
19.66189956665039
19.78849983215332
19.651599884033203
19.479799270629883
19.632099151611328
19.786100387573242
19.80229949951172
19.557300567626953
19.431400299072266
19.722000122070312
19.49020004272461
19.519899368286133
19.670400619506836
19.690900802612305
19.419300079345703
19.426700592041016
19.570199966430664
19.63960075378418
19.50979995727539
19.680999755859375
19.686399459838867
19.416400909423828
19.697799682617188
19.577499389648438
19.313899993896484
19.457300186157227
19.5447998046875
19.42639923095703
19.302499771118164
19.709699630737305
19.713600158691406
19.40880012512207
19.562000274658203
19.561899185180664
19.29490089416504
19.476600646972656
19.33209991455078
19.623600006103516
19.48590087890625
19.555200576782227
19.402999877929688
19.530799865722656
19.329999923706055
19.619800567626953
19.480300903320312
19.575000762939453
19.429800033569336
19.562999725341797
19.32979965209961
19.469900131225586
19.336599349975586
19.36389923095703
19.65049934387207
19.51799964904785
19.412900924682617
4.883240222930908
4.930480003356934
4.6910600662231445
4.691539764404297
4.81125020980835
4.761499881744385
4.881140232086182
4.6910200119018555
4.810550212860107
4.965680122375488
4.726830005645752
4.965529918670654
4.845900058746338
4.766200065612793
4.88346004486084
4.76347017288208
4.846409797668457
4.92156982421875
4.681419849395752
4.8000898361206055
4.886469841003418
4.684420108795166
4.799170017242432
5.007800102233887
4.9176201820373535
4.905270099639893
4.7820000648498535
4.897739887237549
4.889210224151611
4.937530040740967
4.701200008392334
4.817530155181885
4.789490222930908
4.7060699462890625
4.825230121612549
4.940670013427734
4.70320987701416
4.930540084838867
4.809080123901367
4.924160003662109
4.921510219573975
4.942319869995117
4.822470188140869
4.937079906463623
4.81574010848999
4.94966983795166
4.9464898109436035
4.828120231628418
4.826059818267822
4.842549800872803
4.8396100997924805
4.95497989654541
4.834630012512207
4.8442301750183105
4.844210147857666
4.960130214691162
4.959790229797363
4.958479881286621
4.842989921569824
4.960350036621094
9.805450439453125
9.5493803024292
9.795599937438965
9.53777027130127
9.671429634094238
9.6731595993042
9.73250961303711
9.602290153503418
9.660149574279785
9.531109809875488
9.82446002960205
9.829830169677734
9.70009994506836
9.598560333251953
9.711959838867188
9.581850051879883
9.68986988067627
9.561820030212402
9.636409759521484
9.77046012878418
9.50691032409668
9.640629768371582
9.662070274353027
9.715290069580078
9.580229759216309
9.567440032958984
9.820119857788086
9.762619972229004
9.785759925842285
9.782090187072754
9.623080253601074
9.440489768981934
9.52295970916748
9.444620132446289
9.581299781799316
9.721389770507812
9.505940437316895
9.509510040283203
9.429059982299805
9.469889640808105
9.42693042755127
9.748160362243652
9.760600090026855
9.800849914550781
9.792779922485352
9.689319610595703
9.521430015563965
9.620269775390625
9.474900245666504
9.553910255432129
9.611289978027344
9.870209693908691
9.825480461120605
9.828289985656738
9.752030372619629
9.750869750976562
9.684769630432129
9.589839935302734
9.474800109863281
9.551739692687988
9.47523021697998
9.689920425415039
9.656359672546387
9.854339599609375
9.854780197143555
9.794380187988281
9.633259773254395
9.579099655151367
9.716480255126953
9.531140327453613
9.497989654541016
9.770959854125977
19.452199935913086
19.460800170898438
19.317800521850586
19.322999954223633
19.4325008392334
19.2903995513916
19.302099227905273
22.70949935913086
22.705900192260742
5.610770225524902
5.493649959564209
5.4964399337768555
5.606780052185059
5.66349983215332
5.544950008392334
5.424479961395264
5.608920097351074
5.611110210418701
5.504389762878418
5.626220226287842
5.510089874267578
5.726349830627441
5.727930068969727
5.490029811859131
5.729529857635498
5.635930061340332
5.519440174102783
5.640439987182617
5.52508020401001
5.631700038909912
5.514170169830322
5.5157999992370605
5.634900093078613
5.496699810028076
5.734859943389893
5.618659973144531
5.499120235443115
5.5287699699401855
5.611979961395264
5.730259895324707
5.733039855957031
5.543990135192871
5.661340236663818
5.544139862060547
5.66172981262207
5.658080101013184
5.5416998863220215
5.660759925842285
5.543650150299072
5.544449806213379
5.6625800132751465
5.66264009475708
5.544219970703125
5.544439792633057
5.662380218505859
5.6628499031066895
5.544839859008789
5.663670063018799
5.5472002029418945
5.664889812469482
5.548590183258057
5.662700176239014
5.544579982757568
5.545470237731934
5.663549900054932
5.544079780578613
5.660099983215332
5.659150123596191
5.541669845581055
5.548659801483154
5.664869785308838
5.663909912109375
5.54640007019043
5.540450096130371
5.657060146331787
6.630209922790527
8.733449935913086
8.830510139465332
8.729660034179688
8.729490280151367
8.631930351257324
8.49804973602295
8.632880210876465
8.505949974060059
8.46465015411377
8.457369804382324
8.444029808044434
8.609979629516602
8.473259925842285
8.437339782714844
8.45265007019043
8.724630355834961
8.71835994720459
8.710419654846191
8.656669616699219
8.754910469055176
8.489629745483398
8.475540161132812
8.416620254516602
8.794389724731445
8.693710327148438
8.693599700927734
8.717659950256348
8.384420394897461
8.458000183105469
8.384499549865723
8.517820358276367
8.687649726867676
8.563360214233398
8.721360206604004
8.677769660949707
8.658559799194336
8.406140327453613
8.489789962768555
8.619540214538574
8.482230186462402
8.441010475158691
8.682129859924316
8.477529525756836
8.523810386657715
8.892749786376953
8.768569946289062
9.011919975280762
9.006819725036621
8.821390151977539
8.933130264282227
8.925919532775879
8.810290336608887
8.766810417175293
8.998390197753906
8.875869750976562
8.763429641723633
8.774689674377441
8.993840217590332
8.88064956665039
8.780190467834473
8.803810119628906
8.894309997558594
9.005550384521484
8.999250411987305
8.776229858398438
8.875909805297852
8.78969955444336
8.9033203125
8.778519630432129
8.886099815368652
8.870369911193848
8.977370262145996
8.786840438842773
8.977899551391602
8.869739532470703
8.990730285644531
8.921339988708496
8.87777042388916
8.763790130615234
8.903809547424316
8.873209953308105
8.991920471191406
8.870420455932617
8.99133014678955
9.007080078125
8.982959747314453
8.994620323181152
8.874850273132324
8.875470161437988
8.92123031616211
9.04751968383789
9.047490119934082
8.86991024017334
8.994429588317871
8.872929573059082
8.999719619750977
8.797140121459961
8.986800193786621
9.031279563903809
9.111479759216309
8.795809745788574
8.9066801071167
10.970800399780273
10.858499526977539
10.925600051879883
11.045900344848633
11.096500396728516
10.957500457763672
10.82800006866455
10.719799995422363
10.78950023651123
10.725000381469727
10.878000259399414
11.017600059509277
11.100199699401855
11.102100372314453
11.14109992980957
10.736200332641602
11.146499633789062
11.023599624633789
10.938599586486816
10.7701997756958
10.875900268554688
10.959400177001953
10.81820011138916
10.740300178527832
10.86139965057373
10.779800415039062
11.10200023651123
11.067700386047363
11.073399543762207
11.007599830627441
10.795299530029297
10.811300277709961
11.0246000289917
11.030599594116211
10.96090030670166
11.089300155639648
11.153300285339355
10.880599975585938
10.944700241088867
10.937999725341797
10.858400344848633
10.996999740600586
10.874600410461426
10.745499610900879
10.81760025024414
10.743200302124023
11.081700325012207
10.722800254821777
11.076600074768066
10.997200012207031
10.856499671936035
11.00979995727539
10.964099884033203
10.731599807739258
10.820199966430664
10.87559986114502
10.801400184631348
10.936100006103516
10.804800033569336
10.75100040435791
11.02810001373291
11.01729965209961
10.74489974975586
10.74590015411377
10.663100242614746
10.868499755859375
10.780699729919434
10.666600227355957
10.938199996948242
10.882699966430664
11.005499839782715
10.96780014038086
10.913200378417969
10.777199745178223
10.841500282287598
10.972999572753906
14.892900466918945
14.759400367736816
14.7701997756958
14.902600288391113
14.916500091552734
14.820500373840332
14.878800392150879
14.75529956817627
14.661999702453613
14.57390022277832
14.60890007019043
14.668499946594238
14.799599647521973
14.763199806213379
14.6318998336792
14.758099555969238
14.665200233459473
14.883600234985352
14.890899658203125
14.758600234985352
14.922100067138672
15.017399787902832
15.015700340270996
14.788299560546875
14.783699989318848
14.65060043334961
14.903200149536133
15.005499839782715
14.890000343322754
14.756699562072754
14.756400108337402
14.88949966430664
15.000200271606445
14.767000198364258
14.64739990234375
14.868499755859375
5.898509979248047
5.778669834136963
6.002880096435547
5.883530139923096
5.77869987487793
6.011769771575928
5.907989978790283
5.970029830932617
6.076910018920898
6.0047101974487305
5.886469841003418
6.008699893951416
5.889659881591797
6.128039836883545
6.129340171813965
5.942870140075684
5.834420204162598
5.78656005859375
5.849599838256836
5.787819862365723
6.06496000289917
5.902599811553955
6.02564001083374
5.906139850616455
6.024740219116211
6.005839824676514
5.898499965667725
6.021780014038086
6.022580146789551
6.0187602043151855
6.023429870605469
5.908160209655762
6.032209873199463
5.905529975891113
5.904319763183594
6.0204901695251465
5.901259899139404
5.914030075073242
5.913189888000488
6.031459808349609
5.914380073547363
5.915929794311523
6.034689903259277
6.033430099487305
6.967909812927246
7.0903801918029785
6.9643402099609375
6.879260063171387
7.156390190124512
7.2001800537109375
7.000679969787598
7.085999965667725
7.177730083465576
6.8780598640441895
6.979430198669434
7.106019973754883
7.107729911804199
6.983670234680176
7.2046799659729
7.034070014953613
6.933800220489502
7.078629970550537
7.013919830322266
7.139130115509033
7.017879962921143
7.061110019683838
6.993460178375244
7.122910022735596
7.129119873046875
7.009079933166504
6.938379764556885
7.019430160522461
6.940159797668457
7.104169845581055
7.1864800453186035
7.14300012588501
7.227320194244385
7.229979991912842
6.898739814758301
6.896910190582275
7.146520137786865
7.105999946594238
6.9780402183532715
7.152090072631836
7.150400161743164
7.024819850921631
7.013030052185059
7.1360697746276855
7.134009838104248
7.008180141448975
7.226039886474609
6.981259822845459
6.895559787750244
7.101150035858154
6.89015007019043
6.987239837646484
6.887879848480225
7.014619827270508
7.113969802856445
7.2278900146484375
7.224830150604248
18.216299057006836
18.068300247192383
18.204299926757812
18.13949966430664
18.27440071105957
18.124399185180664
17.989099502563477
18.031600952148438
18.023399353027344
18.13279914855957
18.26689910888672
18.273399353027344
17.996599197387695
18.262800216674805
18.124399185180664
17.983699798583984
17.99720001220703
18.130399703979492
17.853900909423828
17.984899520874023
18.2593994140625
18.117599487304688
18.13249969482422
17.992399215698242
17.849199295043945
18.123899459838867
17.835100173950195
17.975000381469727
17.84000015258789
18.08489990234375
18.07699966430664
17.733299255371094
18.033700942993164
17.964799880981445
18.09160041809082
17.970800399780273
17.88520050048828
18.02790069580078
17.88759994506836
17.847299575805664
18.003400802612305
17.689199447631836
17.93239974975586
17.810199737548828
17.724700927734375
17.930299758911133
17.779800415039062
17.884599685668945
17.733400344848633
17.809200286865234
17.967100143432617
18.06450080871582
18.049999237060547
17.766599655151367
17.679399490356445
17.900800704956055
18.022499084472656
18.004100799560547
17.644399642944336
20.161699295043945
20.02829933166504
19.88010025024414
19.863100051879883
19.931699752807617
20.06920051574707
20.117599487304688
20.097299575805664
19.80579948425293
19.933500289916992
20.150800704956055
20.008499145507812
19.86910057067871
19.82659912109375
20.123199462890625
20.117599487304688
19.82710075378418
19.969600677490234
19.79400062561035
20.04129981994629
19.890300750732422
19.979000091552734
20.096599578857422
20.09709930419922
19.78809928894043
19.972400665283203
20.021099090576172
19.871200561523438
19.867300033569336
19.945999145507812
20.03969955444336
19.956499099731445
20.07740020751953
20.074800491333008
19.806800842285156
19.77239990234375
20.041900634765625
19.712099075317383
20.156099319458008
20.01099967956543
20.00279998779297
19.891300201416016
19.80579948425293
19.724700927734375
19.929800033569336
19.781700134277344
19.854000091552734
19.728700637817383
19.92650032043457
19.784900665283203
19.752599716186523
20.019800186157227
19.746299743652344
20.003799438476562
19.65089988708496
19.897300720214844
19.775400161743164
19.90049934387207
19.885799407958984
19.777799606323242
20.910600662231445
20.71980094909668
20.590700149536133
20.743499755859375
20.8971004486084
20.786399841308594
20.642000198364258
20.785600662231445
20.6387996673584
20.61280059814453
20.75309944152832
20.76650047302246
20.6387996673584
20.515100479125977
20.782100677490234
20.662099838256836
20.75749969482422
20.870500564575195
23.47439956665039
23.63170051574707
23.296899795532227
23.416099548339844
23.57029914855957
23.261499404907227
23.563100814819336
23.611000061035156
23.4414005279541
23.37339973449707
23.522899627685547
23.335599899291992
23.473800659179688
23.464099884033203
23.315500259399414
23.412399291992188
23.354999542236328
23.493799209594727
23.343700408935547
23.25320053100586
23.393800735473633
23.366199493408203
23.205299377441406
23.303499221801758
23.44379997253418
23.429399490356445
23.274700164794922
23.44580078125
23.301599502563477
23.151899337768555
23.441999435424805
23.511199951171875
23.497100830078125
23.190000534057617
23.48110008239746
23.396499633789062
23.074899673461914
23.37929916381836
23.21339988708496
23.134899139404297
23.280799865722656
23.136600494384766
23.247600555419922
23.022199630737305
23.29789924621582
23.13949966430664
22.997299194335938
23.05780029296875
23.20170021057129
23.346200942993164
23.324899673461914
10.007599830627441
9.899319648742676
9.944299697875977
10.07450008392334
9.976229667663574
10.205900192260742
10.212499618530273
9.87125015258789
9.943659782409668
10.276900291442871
9.874930381774902
10.086899757385254
10.147299766540527
10.035499572753906
10.125100135803223
10.242300033569336
10.15719985961914
9.928999900817871
10.065600395202637
9.990519523620605
10.126999855041504
10.11769962310791
10.107999801635742
9.990249633789062
9.98861026763916
9.902190208435059
10.239299774169922
9.90287971496582
10.02340030670166
9.900520324707031
10.028900146484375
10.093799591064453
10.107399940490723
10.038900375366211
10.119500160217285
10.166399955749512
9.908610343933105
10.097700119018555
9.979419708251953
10.07979965209961
9.84158992767334
10.058500289916992
9.958069801330566
9.883230209350586
9.917750358581543
10.428600311279297
10.3056001663208
10.502799987792969
10.305800437927246
10.249600410461426
10.589200019836426
10.312800407409668
10.306599617004395
10.377300262451172
10.510299682617188
10.465299606323242
10.381699562072754
10.574899673461914
10.58530044555664
10.452400207519531
10.440099716186523
10.215200424194336
10.333000183105469
10.16919994354248
10.188199996948242
10.40880012512207
10.548999786376953
10.20359992980957
10.26990032196045
10.431599617004395
10.569999694824219
10.441800117492676
10.348999977111816
10.167200088500977
10.054699897766113
10.267999649047852
10.049300193786621
10.068900108337402
10.201399803161621
10.295000076293945
10.309700012207031
10.196499824523926
10.074700355529785
10.25730037689209
10.075799942016602
10.07919979095459
10.202099800109863
10.314800262451172
10.31760025024414
10.333100318908691
10.432999610900879
10.41759967803955
10.211400032043457
10.220800399780273
10.328499794006348
10.200799942016602
10.312100410461426
10.194999694824219
10.258999824523926
10.095399856567383
10.082200050354004
10.290300369262695
10.342399597167969
10.194199562072754
10.173199653625488
10.520700454711914
10.389100074768066
10.527199745178223
10.399900436401367
10.541399955749512
10.52079963684082
10.378299713134766
10.419599533081055
10.416600227355957
12.73859977722168
12.791799545288086
12.67549991607666
12.59630012512207
12.696599960327148
12.703900337219238
12.574299812316895
12.613699913024902
12.600799560546875
12.660400390625
12.553999900817871
12.675700187683105
12.552900314331055
12.668299674987793
12.65839958190918
12.681400299072266
12.798100471496582
12.630900382995605
12.734299659729004
12.770600318908691
12.75409984588623
12.591699600219727
12.562899589538574
12.861900329589844
12.567700386047363
12.694000244140625
12.813599586486816
12.850299835205078
12.718299865722656
12.673500061035156
12.597000122070312
12.885700225830078
12.612799644470215
12.87600040435791
12.755399703979492
12.623499870300293
12.80459976196289
12.818300247192383
12.656999588012695
12.993200302124023
12.700900077819824
12.94890022277832
12.961400032043457
12.75570011138916
12.988499641418457
12.887999534606934
12.883899688720703
12.754199981689453
13.020299911499023
13.016500473022461
12.7253999710083
12.86050033569336
14.603300094604492
14.911199569702148
14.767399787902832
14.908300399780273
14.618399620056152
14.68809986114502
14.744000434875488
14.683199882507324
14.830900192260742
14.72659969329834
14.828200340270996
14.838000297546387
14.876199722290039
14.677900314331055
14.762499809265137
14.680999755859375
14.82450008392334
14.715700149536133
14.808600425720215
14.72920036315918
14.860799789428711
14.585200309753418
14.948800086975098
14.594799995422363
14.697999954223633
14.884300231933594
14.643899917602539
15.005399703979492
15.002300262451172
14.745400428771973
14.876500129699707
14.78600025177002
14.893400192260742
14.912500381469727
14.914999961853027
14.815400123596191
14.773699760437012
14.650400161743164
14.745200157165527
14.77340030670166
14.862500190734863
14.753800392150879
14.670999526977539
14.83329963684082
14.885199546813965
14.677599906921387
14.950200080871582
14.80519962310791
14.946499824523926
14.61970043182373
14.758299827575684
14.69159984588623
14.96500015258789
14.8149995803833
14.953800201416016
18.679100036621094
18.542699813842773
18.52739906311035
18.399099349975586
18.803600311279297
18.51650047302246
18.654199600219727
18.702199935913086
18.719600677490234
18.56599998474121
18.436500549316406
18.622900009155273
18.38960075378418
18.589599609375
18.47249984741211
18.65220069885254
18.659400939941406
18.508699417114258
18.37459945678711
18.430400848388672
18.572399139404297
18.523500442504883
18.42289924621582
18.60930061340332
18.617000579833984
18.331199645996094
18.24180030822754
18.386999130249023
18.53700065612793
18.485000610351562
18.3882999420166
18.20639991760254
18.35689926147461
18.4601993560791
18.496200561523438
18.45949935913086
18.23390007019043
18.487899780273438
18.347400665283203
18.298900604248047
18.450300216674805
18.38170051574707
18.30430030822754
18.311399459838867
18.575199127197266
18.426300048828125
18.1968994140625
18.145299911499023
18.223400115966797
18.348800659179688
18.260299682617188
18.511199951171875
18.51889991760254
18.15410041809082
18.57659912109375
18.470500946044922
18.321399688720703
18.421600341796875
18.461299896240234
18.10300064086914
18.198400497436523
18.418399810791016
18.572399139404297
18.508499145507812
18.263099670410156
18.241600036621094
18.393199920654297
18.0935001373291
18.15410041809082
18.183900833129883
18.188600540161133
18.48240089416504
18.39539909362793
18.51110076904297
18.44770050048828
18.42259979248047
18.42490005493164
18.4507999420166
18.338899612426758
18.54170036315918
18.49810028076172
19.494300842285156
19.47089958190918
19.509899139404297
19.480499267578125
19.902700424194336
19.89229965209961
19.928499221801758
19.78350067138672
19.70039939880371
19.847200393676758
19.72949981689453
19.709400177001953
19.610200881958008
19.680200576782227
19.914499282836914
19.95669937133789
19.57859992980957
19.838899612426758
19.585100173950195
19.62420082092285
19.755699157714844
19.63909912109375
5.669980049133301
5.550169944763184
5.676050186157227
5.555560111999512
5.612889766693115
5.494629859924316
5.674749851226807
5.493559837341309
5.614630222320557
5.558259963989258
5.733250141143799
5.733910083770752
9.185239791870117
9.320989608764648
9.442429542541504
9.449660301208496
9.357629776000977
9.227649688720703
9.425080299377441
9.293880462646484
9.29010009765625
9.164360046386719
9.294119834899902
9.376119613647461
9.212430000305176
9.34097957611084
9.42743968963623
9.173040390014648
9.220849990844727
9.278940200805664
9.340299606323242
9.217430114746094
9.155670166015625
9.164310455322266
9.405940055847168
9.412460327148438
9.328439712524414
9.200400352478027
9.406189918518066
9.280739784240723
9.462800025939941
9.466090202331543
9.330599784851074
9.206819534301758
9.336199760437012
9.085470199584961
9.203760147094727
9.081330299377441
9.276659965515137
9.151419639587402
9.214059829711914
9.31583023071289
9.122130393981934
9.378680229187012
9.251179695129395
9.378600120544434
9.29916000366211
9.077719688415527
9.25275993347168
9.169230461120605
9.07409954071045
9.341130256652832
9.292490005493164
9.161890029907227
9.204950332641602
9.158550262451172
9.720330238342285
9.77196979522705
9.583479881286621
9.815699577331543
9.766690254211426
9.770339965820312
9.808650016784668
9.718839645385742
9.72070026397705
9.499420166015625
9.54032039642334
9.582440376281738
9.672880172729492
9.492509841918945
9.718299865722656
9.542739868164062
9.849729537963867
9.804169654846191
9.584219932556152
9.49258041381836
9.507340431213379
9.634550094604492
9.828909873962402
9.733400344848633
9.595540046691895
9.723939895629883
9.728469848632812
9.599340438842773
9.600310325622559
9.731410026550293
9.70969009399414
9.597229957580566
9.606240272521973
9.830510139465332
9.701539993286133
9.508429527282715
9.545849800109863
9.671879768371582
9.632729530334473
9.53087043762207
9.82571029663086
9.833550453186035
9.806520462036133
9.567290306091309
9.498809814453125
9.614359855651855
16.199800491333008
16.216800689697266
16.472400665283203
16.488500595092773
16.371700286865234
16.505800247192383
16.14550018310547
16.45330047607422
16.34749984741211
16.43589973449707
16.350099563598633
16.178499221801758
16.163299560546875
16.19610023498535
16.338899612426758
16.122400283813477
16.101699829101562
16.19499969482422
16.12820053100586
16.193599700927734
16.409299850463867
16.42770004272461
16.24370002746582
16.0664005279541
16.3435001373291
16.208900451660156
16.083799362182617
16.38559913635254
16.212299346923828
16.369800567626953
16.0403995513916
15.90839958190918
16.155799865722656
15.90060043334961
15.932299613952637
16.07200050354004
16.188100814819336
16.322599411010742
16.072599411010742
15.929200172424316
16.14310073852539
15.998299598693848
16.15369987487793
16.009000778198242
16.220399856567383
16.07659912109375
16.08139991760254
15.940500259399414
15.97760009765625
16.12380027770996
16.090900421142578
15.994500160217285
16.227399826049805
16.234100341796875
16.13129997253418
15.989399909973145
16.23200035095215
16.097900390625
21.015899658203125
20.857799530029297
21.004100799560547
20.695999145507812
20.777700424194336
20.851299285888672
20.920900344848633
20.774599075317383
20.933900833129883
20.88680076599121
20.938600540161133
21.098899841308594
20.970500946044922
20.68269920349121
20.8085994720459
20.781400680541992
20.737499237060547
20.634599685668945
20.92449951171875
20.730600357055664
21.02739906311035
20.892799377441406
20.871000289916992
20.74370002746582
20.739900588989258
20.967500686645508
20.83209991455078
20.63909912109375
20.782100677490234
20.87420082092285
20.877300262451172
20.720199584960938
20.722700119018555
20.572099685668945
20.855300903320312
20.696500778198242
20.971099853515625
20.827600479125977
20.966699600219727
20.739900588989258
20.633800506591797
20.555200576782227
20.583499908447266
20.55699920654297
20.692899703979492
20.785400390625
20.813800811767578
20.531999588012695
20.66200065612793
20.545400619506836
20.67099952697754
20.414400100708008
20.682300567626953
20.410400390625
20.537500381469727
20.84320068359375
20.74220085144043
20.852800369262695
20.572099685668945
20.69499969482422
20.77720069885254
20.633499145507812
23.822599411010742
23.801799774169922
23.749300003051758
23.881999969482422
23.809799194335938
23.716699600219727
23.70479965209961
23.741899490356445
23.811800003051758
23.6210994720459
23.7455997467041
23.62929916381836
23.546899795532227
23.685400009155273
23.80389976501465
23.81329917907715
23.574100494384766
23.614500045776367
23.559999465942383
23.843299865722656
23.90220069885254
23.754600524902344
23.890100479125977
23.582399368286133
23.637500762939453
23.65369987487793
23.61870002746582
23.77869987487793
23.5216007232666
23.830400466918945
23.651599884033203
23.81450080871582
23.574100494384766
23.728700637817383
23.84950065612793
23.70330047607422
23.47279930114746
23.623899459838867
23.30150032043457
23.451200485229492
11.597200393676758
11.690500259399414
11.590399742126465
11.494000434875488
11.636500358581543
11.838399887084961
11.479700088500977
11.456899642944336
11.71560001373291
11.616000175476074
11.74209976196289
11.61400032043457
11.50220012664795
11.38479995727539
11.494500160217285
11.763099670410156
11.366499900817871
11.493000030517578
11.281299591064453
11.265299797058105
11.547100067138672
11.379799842834473
11.528200149536133
11.359399795532227
11.652899742126465
11.354299545288086
11.367300033569336
11.46720027923584
11.478300094604492
11.397100448608398
11.529899597167969
11.506500244140625
11.38659954071045
11.480400085449219
11.212599754333496
11.27239990234375
11.340100288391113
11.318099975585938
11.331700325012207
11.492899894714355
11.358699798583984
11.368399620056152
11.354900360107422
11.300200462341309
11.230400085449219
11.36520004272461
11.394000053405762
11.22760009765625
11.49269962310791
11.218999862670898
11.356200218200684
11.434800148010254
11.295900344848633
11.163599967956543
11.434100151062012
11.222100257873535
11.297200202941895
11.157699584960938
12.161399841308594
11.871199607849121
12.001199722290039
12.143500328063965
12.150799751281738
11.893799781799316
12.04170036315918
12.13759994506836
11.768899917602539
12.009499549865723
11.988300323486328
11.88290023803711
12.027400016784668
11.862500190734863
12.156200408935547
12.12600040435791
12.144800186157227
11.747900009155273
12.027199745178223
11.891300201416016
11.754799842834473
11.869799613952637
11.853799819946289
11.785900115966797
11.91759967803955
11.831600189208984
11.769399642944336
11.661299705505371
11.67870044708252
11.945300102233887
11.883199691772461
11.938599586486816
11.680299758911133
11.927300453186035
11.664799690246582
11.69159984588623
11.95829963684082
11.75730037689209
11.895099639892578
11.603300094604492
11.887200355529785
11.633600234985352
11.78320026397705
11.787799835205078
11.920700073242188
11.622099876403809
11.757699966430664
11.89840030670166
11.79699993133545
11.597399711608887
11.606900215148926
11.850799560546875
11.589500427246094
11.849200248718262
11.550100326538086
11.566800117492676
11.505599975585938
11.849100112915039
11.507200241088867
11.805700302124023
11.647199630737305
11.853899955749512
11.66670036315918
11.908499717712402
11.822400093078613
20.771699905395508
20.48579978942871
20.700899124145508
20.712099075317383
20.442899703979492
20.582700729370117
20.57349967956543
20.623600006103516
20.416900634765625
20.424999237060547
20.51020050048828
20.344499588012695
20.342100143432617
20.65369987487793
20.65690040588379
20.378000259399414
20.487600326538086
20.363800048828125
20.598499298095703
20.61720085144043
20.5846004486084
20.29290008544922
20.57710075378418
20.63159942626953
20.31999969482422
20.418500900268555
20.525699615478516
20.53969955444336
20.332199096679688
20.37579917907715
20.37339973449707
20.526199340820312
20.237199783325195
20.268699645996094
20.28219985961914
20.305200576782227
20.118499755859375
20.136899948120117
20.465900421142578
20.18709945678711
20.449499130249023
20.17650032043457
20.34160041809082
20.066499710083008
20.21940040588379
20.05150032043457
20.39310073852539
20.408700942993164
20.213199615478516
20.248199462890625
20.12980079650879
20.286500930786133
20.096200942993164
20.21540069580078
20.032400131225586
20.06130027770996
19.991500854492188
20.306299209594727
20.220600128173828
19.94809913635254
7.924230098724365
7.700699806213379
7.801040172576904
7.722780227661133
7.71422004699707
7.760690212249756
7.8514299392700195
7.70550012588501
7.825530052185059
7.837870121002197
7.8316497802734375
7.599760055541992
7.6355299949646
7.633780002593994
7.719099998474121
7.842639923095703
7.882599830627441
7.596439838409424
7.936659812927246
7.860899925231934
7.736030101776123
7.864749908447266
7.740190029144287
7.690579891204834
7.814630031585693
7.857450008392334
7.856259822845459
7.888400077819824
7.677249908447266
7.975279808044434
7.969359874725342
7.749269962310791
7.7458600997924805
7.917449951171875
7.795199871063232
7.773039817810059
7.893290042877197
7.778289794921875
7.8990302085876465
7.68110990524292
7.769969940185547
7.7307000160217285
7.855030059814453
7.925360202789307
7.929120063781738
7.680490016937256
8.01708984375
7.778560161590576
7.9040398597717285
7.806119918823242
7.901770114898682
7.758090019226074
7.761229991912842
7.960460186004639
7.837230205535889
7.67726993560791
7.799109935760498
7.889880180358887
7.890729904174805
7.872660160064697
7.956860065460205
7.708829879760742
7.747980117797852
7.8313398361206055
9.058270454406738
8.858670234680176
8.921730041503906
8.923930168151855
8.820119857788086
9.049739837646484
9.057490348815918
9.091130256652832
9.096639633178711
8.952670097351074
8.824430465698242
9.021320343017578
8.895359992980957
8.88739013671875
8.761719703674316
8.913330078125
8.786160469055176
8.8641996383667
8.998970031738281
8.964750289916992
8.972640037536621
8.83590030670166
9.084309577941895
8.843899726867676
8.975370407104492
8.717129707336426
8.846380233764648
8.77256965637207
8.77616024017334
9.020159721374512
9.024089813232422
8.955249786376953
8.714520454406738
8.901679992675781
8.955229759216309
8.815580368041992
8.694869995117188
8.925860404968262
8.692070007324219
8.8125
8.894160270690918
8.944950103759766
8.821510314941406
8.98291015625
8.738260269165039
8.788029670715332
8.85947036743164
8.740130424499512
8.866459846496582
8.985329627990723
8.989080429077148
8.899909973144531
8.777669906616211
8.778929710388184
8.903329849243164
8.905320167541504
8.784299850463867
9.024430274963379
9.027750015258789
13.581899642944336
13.699600219726562
13.439399719238281
13.307100296020508
13.333900451660156
13.46660041809082
13.19219970703125
13.209600448608398
13.480899810791016
13.612500190734863
13.3681001663208
13.520500183105469
13.349800109863281
13.481200218200684
13.197099685668945
13.272100448608398
13.260899543762207
13.376199722290039
13.41469955444336
13.488100051879883
13.519499778747559
13.54699993133545
13.502400398254395
13.496700286865234
13.211000442504883
13.40839958190918
13.455400466918945
13.598999977111816
13.352899551391602
13.346699714660645
13.650799751281738
13.575900077819824
13.357099533081055
13.663700103759766
13.216500282287598
13.265899658203125
13.498800277709961
13.559800148010254
13.56879997253418
13.37969970703125
13.436300277709961
13.574299812316895
13.440899848937988
13.275400161743164
13.52750015258789
13.327300071716309
13.641400337219238
13.667900085449219
13.314200401306152
13.388899803161621
13.309100151062012
13.45110034942627
13.528300285339355
13.59570026397705
13.621299743652344
13.476900100708008
13.4822998046875
13.622099876403809
13.388799667358398
13.501799583435059
13.57979965209961
13.719799995422363
13.515899658203125
12.179499626159668
12.324299812316895
12.119400024414062
12.311599731445312
12.455100059509277
12.254199981689453
12.394100189208984
12.451000213623047
12.072500228881836
12.278499603271484
12.077699661254883
12.180800437927246
12.432000160217285
12.428500175476074
12.222700119018555
12.330699920654297
12.423299789428711
12.205900192260742
12.364399909973145
12.349200248718262
12.37279987335205
12.079000473022461
12.13230037689209
12.228799819946289
12.061800003051758
12.194999694824219
12.20419979095459
12.337699890136719
12.145999908447266
12.283599853515625
12.074799537658691
12.27970027923584
12.083100318908691
12.21619987487793
11.992799758911133
12.123000144958496
12.136899948120117
12.267399787902832
12.120599746704102
12.255499839782715
11.925800323486328
12.156599998474121
11.939200401306152
12.041099548339844
12.186599731445312
12.302900314331055
12.085200309753418
12.217300415039062
11.984600067138672
12.103300094604492
12.251399993896484
12.10669994354248
12.123499870300293
11.979100227355957
12.013199806213379
12.160300254821777
11.944999694824219
11.815600395202637
12.077500343322754
11.942399978637695
11.95300006866455
12.078300476074219
12.229599952697754
12.212200164794922
13.382599830627441
13.462599754333496
13.361599922180176
13.428199768066406
13.317700386047363
13.4350004196167
13.442299842834473
13.259400367736816
13.286299705505371
13.423600196838379
13.367500305175781
13.467399597167969
13.357799530029297
13.385499954223633
13.517600059509277
13.498000144958496
13.505800247192383
13.541000366210938
13.462599754333496
13.485600471496582
13.424300193786621
13.37339973449707
13.420900344848633
13.395500183105469
13.361300468444824
13.68970012664795
13.669699668884277
13.556900024414062
13.606900215148926
13.490400314331055
14.38029956817627
14.397600173950195
14.304900169372559
14.167900085449219
14.44890022277832
14.5246000289917
14.458999633789062
14.172200202941895
14.269200325012207
14.465200424194336
14.410599708557129
14.41569995880127
14.313699722290039
14.25979995727539
14.26830005645752
14.445099830627441
14.322600364685059
14.37660026550293
14.244999885559082
14.57960033416748
14.588399887084961
14.182100296020508
14.513400077819824
14.228699684143066
14.326700210571289
14.520999908447266
14.471199989318848
14.478799819946289
14.371800422668457
14.47130012512207
14.331199645996094
14.437299728393555
14.576700210571289
14.490300178527832
14.344499588012695
14.439599990844727
14.346500396728516
14.233200073242188
14.58430004119873
14.487099647521973
14.208100318908691
14.310500144958496
14.354399681091309
14.422300338745117
14.45829963684082
14.286399841308594
14.56779956817627
14.292699813842773
14.157899856567383
14.155900001525879
14.43280029296875
14.313199996948242
14.171199798583984
14.471699714660645
14.333499908447266
14.196200370788574
14.06350040435791
14.458700180053711
14.080400466918945
14.356900215148926
14.470499992370605
14.095199584960938
14.37339973449707
14.329700469970703
14.180899620056152
14.39169979095459
14.111100196838379
14.2608003616333
14.127400398254395
14.309399604797363
14.295299530029297
14.093299865722656
14.334199905395508
15.355400085449219
15.226099967956543
15.335000038146973
15.475299835205078
15.281599998474121
15.258999824523926
15.312199592590332
15.429699897766113
15.481300354003906
15.458499908447266
15.181300163269043
15.519700050354004
15.111499786376953
15.30150032043457
15.115500450134277
15.187299728393555
15.44789981842041
15.515399932861328
15.119799613952637
15.158300399780273
15.36929988861084
15.484000205993652
15.275699615478516
15.428099632263184
15.368300437927246
15.21780014038086
15.403900146484375
15.381999969482422
15.376700401306152
15.237500190734863
15.469400405883789
15.453700065612793
15.16349983215332
15.213299751281738
14.963399887084961
14.982199668884277
15.260000228881836
15.124500274658203
15.090700149536133
15.12339973449707
15.044400215148926
15.083999633789062
15.211199760437012
15.332200050354004
15.31879997253418
15.328399658203125
14.908699989318848
15.440999984741211
15.003700256347656
14.914899826049805
15.340299606323242
15.25879955291748
15.060999870300293
15.038100242614746
15.054200172424316
14.985099792480469
15.22029972076416
14.994500160217285
14.920000076293945
15.441300392150879
15.218899726867676
15.093199729919434
15.120800018310547
15.06190013885498
15.363100051879883
15.444499969482422
15.305800437927246
15.400300025939941
15.202400207519531
15.340299606323242
15.162199974060059
15.160499572753906
15.299500465393066
15.304800033569336
15.294500350952148
15.26140022277832
15.157899856567383
15.167200088500977
15.064000129699707
15.39840030670166
15.064800262451172
18.01580047607422
17.903799057006836
18.19379997253418
18.155399322509766
17.920000076293945
18.096399307250977
17.808700561523438
17.8218994140625
18.111799240112305
18.102800369262695
17.954099655151367
17.868900299072266
18.156999588012695
17.865100860595703
17.951900482177734
17.725000381469727
18.013399124145508
17.826799392700195
17.87310028076172
18.08769989013672
17.941099166870117
18.039100646972656
18.0
18.054800033569336
17.76490020751953
17.784000396728516
17.916200637817383
17.80109977722168
17.9325008392334
17.70840072631836
17.739200592041016
17.978200912475586
17.833499908447266
17.98870086669922
17.70549964904785
17.861299514770508
17.749399185180664
17.848800659179688
17.85919952392578
17.74049949645996
17.601900100708008
17.98590087890625
17.98889923095703
17.600799560546875
17.877700805664062
17.77280044555664
17.629199981689453
17.923200607299805
17.632600784301758
17.874399185180664
17.77899932861328
17.722299575805664
17.726600646972656
17.91830062866211
17.857900619506836
17.778099060058594
17.868000030517578
17.718000411987305
9.929059982299805
9.847559928894043
10.130999565124512
10.0693998336792
10.143099784851074
9.74032974243164
9.897130012512207
10.013199806213379
10.131099700927734
9.75728988647461
9.985790252685547
10.116499900817871
9.850069999694824
9.860400199890137
9.764619827270508
10.438599586486816
10.37909984588623
10.629799842834473
10.628100395202637
10.519399642944336
10.395000457763672
10.521699905395508
10.287799835205078
10.50059986114502
10.289799690246582
10.390700340270996
10.261500358581543
10.281499862670898
15.908599853515625
16.050100326538086
15.919099807739258
15.771499633789062
15.854999542236328
15.838700294494629
15.734199523925781
15.718199729919434
16.030899047851562
15.882399559020996
15.753800392150879
16.04360008239746
15.839300155639648
15.708100318908691
15.854599952697754
15.687700271606445
15.668899536132812
16.35759925842285
16.366199493408203
16.504100799560547
16.31570053100586
16.175199508666992
16.252399444580078
16.18120002746582
16.3981990814209
16.11949920654297
16.216899871826172
16.265199661254883
16.245399475097656
16.272199630737305
16.121700286865234
16.013900756835938
16.393999099731445
16.026100158691406
16.311500549316406
16.270099639892578
16.030500411987305
16.158700942993164
16.307899475097656
16.298799514770508
16.273700714111328
16.171199798583984
16.128400802612305
16.13170051574707
16.26140022277832
15.991399765014648
16.10460090637207
16.131999969482422
16.38629913330078
16.24650001525879
16.027099609375
16.395999908447266
16.245500564575195
15.970000267028809
16.124500274658203
16.26140022277832
16.200199127197266
16.051300048828125
16.10689926147461
15.973600387573242
16.09079933166504
16.219999313354492
16.00790023803711
16.013999938964844
16.15130043029785
16.14579963684082
16.100900650024414
16.015499114990234
16.13909912109375
15.997900009155273
16.081100463867188
15.944999694824219
15.954500198364258
15.877799987792969
16.21969985961914
15.878999710083008
15.886300086975098
15.969200134277344
16.114299774169922
16.221200942993164
16.136999130249023
16.029300689697266
16.13680076599121
15.995100021362305
15.883500099182129
21.706600189208984
21.987199783325195
21.773000717163086
21.63610076904297
21.950000762939453
21.932199478149414
21.670299530029297
21.653799057006836
21.845500946044922
21.707000732421875
21.867300033569336
21.551599502563477
21.5935001373291
21.584400177001953
21.603099822998047
21.75320053100586
21.75860023498535
21.899799346923828
21.492700576782227
21.653200149536133
21.509700775146484
21.78380012512207
21.688899993896484
21.552600860595703
21.848600387573242
21.829099655151367
21.579299926757812
21.51689910888672
21.740800857543945
21.72279930114746
21.762500762939453
21.44809913635254
21.493799209594727
21.47130012512207
21.608299255371094
21.454700469970703
21.372299194335938
21.624300003051758
21.383399963378906
21.517799377441406
21.53660011291504
21.680200576782227
21.364500045776367
21.50510025024414
21.38290023803711
21.66320037841797
21.559099197387695
21.525299072265625
21.436399459838867
21.575700759887695
21.324899673461914
21.475799560546875
21.288000106811523
21.433700561523438
21.29789924621582
21.587499618530273
21.508499145507812
21.445499420166016
21.476600646972656
21.595399856567383
21.344499588012695
21.490400314331055
19.6382999420166
19.925600051879883
19.78969955444336
19.93470001220703
19.566699981689453
19.57229995727539
19.876699447631836
19.72100067138672
19.62969970703125
19.586000442504883
19.773500442504883
19.62350082397461
19.802499771118164
19.65169906616211
19.53969955444336
19.81329917907715
19.550500869750977
19.68239974975586
19.855300903320312
19.84320068359375
19.722900390625
19.565099716186523
19.59469985961914
19.73699951171875
19.76580047607422
19.61079978942871
19.638099670410156
19.778799057006836
19.64859962463379
19.48819923400879
19.374399185180664
19.516599655151367
19.392000198364258
19.678199768066406
19.708799362182617
19.552600860595703
19.562400817871094
19.41819953918457
19.458599090576172
19.325199127197266
19.630800247192383
19.607999801635742
19.492599487304688
19.33639907836914
19.47330093383789
19.318300247192383
19.354900360107422
19.49180030822754
19.52429962158203
19.37310028076172
19.403400421142578
19.538700103759766
22.786300659179688
22.627599716186523
22.516000747680664
22.71109962463379
22.421199798583984
22.58139991760254
22.721799850463867
22.609399795532227
22.45479965209961
22.49850082397461
22.4768009185791
22.466800689697266
22.535600662231445
22.319799423217773
22.627099990844727
22.486499786376953
22.33300018310547
22.561199188232422
22.569299697875977
22.491899490356445
22.329299926757812
22.3789005279541
22.22800064086914
22.548900604248047
22.241300582885742
22.374000549316406
22.40060043334961
22.39259910583496
22.534400939941406
22.422100067138672
22.273799896240234
22.582199096679688
22.279699325561523
22.47319984436035
22.439699172973633
22.400100708007812
22.111099243164062
22.21500015258789
22.259000778198242
22.35849952697754
22.36870002746582
22.218900680541992
22.511999130249023
22.416900634765625
22.115699768066406
22.274799346923828
22.422100067138672
22.335100173950195
22.181699752807617
22.242799758911133
22.10070037841797
22.01289939880371
22.190099716186523
22.34980010986328
22.261699676513672
22.149799346923828
23.708200454711914
23.276100158691406
23.60449981689453
23.562999725341797
23.769100189208984
23.599300384521484
23.213499069213867
23.30929946899414
23.46269989013672
23.640899658203125
23.255300521850586
23.62929916381836
23.365699768066406
23.38719940185547
23.548500061035156
23.239599227905273
23.513500213623047
23.404699325561523
23.46310043334961
23.359699249267578
23.212099075317383
23.628400802612305
23.32659912109375
23.403900146484375
23.184499740600586
23.482200622558594
23.20359992980957
23.504100799560547
23.43120002746582
23.281099319458008
23.343700408935547
23.181100845336914
23.213600158691406
23.069900512695312
23.38800048828125
23.08880043029785
23.25659942626953
23.10140037536621
23.307600021362305
23.178300857543945
23.265100479125977
23.14900016784668
23.42770004272461
23.11370086669922
23.284299850463867
23.43779945373535
23.22279930114746
23.3656005859375
23.26180076599121
23.09910011291504
23.15019989013672
23.000900268554688
23.325700759887695
23.014699935913086
23.194299697875977
23.31719970703125
23.071399688720703
22.929500579833984
23.19260025024414
23.19860076904297
23.052600860595703
23.343799591064453
23.32379913330078
6.608250141143799
6.602190017700195
6.840419769287109
6.840750217437744
6.721630096435547
6.607560157775879
6.608029842376709
6.727459907531738
6.727779865264893
6.609610080718994
6.609250068664551
6.727540016174316
6.60867977142334
6.726729869842529
6.6073899269104
6.7212300300598145
6.840400218963623
6.723410129547119
6.72415018081665
6.606689929962158
6.6077399253845215
6.726319789886475
6.727399826049805
6.609640121459961
6.728109836578369
6.600880146026611
6.602930068969727
6.720990180969238
6.722640037536621
6.605329990386963
6.605130195617676
6.722780227661133
6.60522985458374
6.7433600425720215
6.508979797363281
6.6262898445129395
6.708630084991455
6.595049858093262
6.596869945526123
6.7126898765563965
6.7153401374816895
6.561240196228027
6.6852898597717285
6.508090019226074
6.593629837036133
6.804649829864502
6.798140048980713
6.711209774017334
6.5064802169799805
6.52741003036499
6.770279884338379
6.5279998779296875
6.649869918823242
6.605209827423096
6.726459980010986
6.725940227508545
8.025440216064453
8.157429695129395
8.028289794921875
7.981949806213379
8.102279663085938
8.331199645996094
8.335809707641602
8.23628044128418
7.982999801635742
8.249159812927246
8.116169929504395
8.075920104980469
8.159830093383789
8.034469604492188
8.285090446472168
8.159540176391602
8.204230308532715
8.07118034362793
8.200579643249512
8.129899978637695
8.256440162658691
8.258480072021484
8.00864028930664
8.259610176086426
8.134269714355469
8.078169822692871
8.20244026184082
8.007140159606934
8.13051986694336
8.18159008026123
8.185720443725586
8.063759803771973
8.067839622497559
8.193610191345215
8.006620407104492
7.954100131988525
8.07664966583252
8.177129745483398
8.176790237426758
8.005620002746582
8.129210472106934
8.004719734191895
8.251779556274414
8.251070022583008
8.130470275878906
8.046259880065918
8.17096996307373
7.952189922332764
8.073530197143555
7.953999996185303
8.198030471801758
8.006190299987793
8.127059936523438
8.247650146484375
8.006509780883789
8.247879981994629
14.309200286865234
14.038999557495117
14.176300048828125
14.071399688720703
13.946499824523926
14.092399597167969
13.980199813842773
13.996500015258789
14.143400192260742
14.290300369262695
14.024999618530273
13.890199661254883
14.004400253295898
13.874699592590332
14.012100219726562
14.017900466918945
13.89430046081543
13.916899681091309
14.057499885559082
13.990500450134277
13.71399974822998
13.85949993133545
13.935500144958496
13.845600128173828
13.70740032196045
14.008999824523926
13.735699653625488
13.950799942016602
13.674400329589844
13.962499618530273
13.973899841308594
13.691800117492676
13.773799896240234
13.922300338745117
13.702699661254883
13.780500411987305
13.917699813842773
13.539600372314453
13.659799575805664
13.939499855041504
13.662099838256836
13.804699897766113
13.80270004272461
13.783499717712402
13.800700187683105
13.510700225830078
13.664299964904785
13.621500015258789
13.773300170898438
13.657500267028809
13.520999908447266
13.521900177001953
13.672100067138672
13.617899894714355
13.482399940490723
13.771900177001953
13.63599967956543
13.57229995727539
13.641400337219238
13.720499992370605
13.586600303649902
13.619500160217285
13.485699653625488
13.59570026397705
13.747599601745605
13.461000442504883
13.612600326538086
15.147299766540527
15.288100242614746
15.154500007629395
15.930299758911133
16.069000244140625
16.21489906311035
15.975799560546875
16.11549949645996
16.118799209594727
23.04560089111328
22.774200439453125
22.925899505615234
23.107799530029297
22.788400650024414
22.82110023498535
22.98870086669922
23.130199432373047
22.910499572753906
22.865699768066406
22.9685001373291
23.131999969482422
22.812700271606445
23.13800048828125
22.976900100708008
22.883100509643555
22.95210075378418
22.810199737548828
22.815200805664062
22.973100662231445
22.884899139404297
22.7406005859375
23.04829978942871
23.068700790405273
22.704700469970703
23.02829933166504
22.885499954223633
22.756200790405273
22.91790008544922
22.63949966430664
22.781299591064453
22.65719985961914
22.761499404907227
22.609899520874023
22.92340087890625
22.771499633789062
22.682199478149414
22.8351993560791
22.999300003051758
23.0093994140625
22.653400421142578
22.925199508666992
22.810300827026367
22.835800170898438
22.52079963684082
22.849599838256836
22.687299728393555
22.659000396728516
22.807300567626953
22.66200065612793
22.61590003967285
22.772199630737305
22.768199920654297
22.514699935913086
8.102450370788574
8.219220161437988
8.102410316467285
8.222479820251465
8.224780082702637
8.026780128479004
8.149029731750488
8.128680229187012
8.242380142211914
8.071789741516113
8.191479682922363
8.29302978515625
8.064940452575684
8.176810264587402
8.217940330505371
8.287739753723145
8.305830001831055
8.299830436706543
8.189040184020996
8.030879974365234
8.300849914550781
8.152219772338867
8.2524995803833
8.131489753723145
8.252240180969238
8.377240180969238
8.379170417785645
8.060870170593262
8.165019989013672
8.034939765930176
8.070929527282715
8.251020431518555
8.130570411682129
8.257659912109375
8.137109756469727
8.140179634094238
8.263259887695312
8.266900062561035
8.145529747009277
8.019869804382324
8.1451997756958
8.248590469360352
8.12382984161377
12.907099723815918
12.965100288391113
12.90250015258789
13.180399894714355
12.92549991607666
13.071999549865723
13.194700241088867
13.050700187683105
13.15530014038086
12.959199905395508
13.063300132751465
13.238200187683105
13.09570026397705
12.989800453186035
13.137200355529785
12.91569995880127
13.025099754333496
13.288800239562988
13.296600341796875
13.132200241088867
13.155799865722656
13.169099807739258
12.927399635314941
12.96090030670166
13.110300064086914
12.939499855041504
13.22700023651123
13.186800003051758
13.05370044708252
12.943900108337402
13.080900192260742
13.22920036315918
12.856599807739258
12.984199523925781
12.868300437927246
13.114399909973145
12.842499732971191
13.131600379943848
12.99940013885498
12.898300170898438
13.02400016784668
12.894000053405762
13.170299530029297
12.886199951171875
13.028900146484375
12.77970027923584
13.054400444030762
12.926799774169922
12.839699745178223
12.984000205993652
12.970800399780273
12.722200393676758
12.861000061035156
12.881199836730957
12.759300231933594
12.77649974822998
18.35689926147461
18.503299713134766
18.513599395751953
18.222700119018555
18.345399856567383
18.219999313354492
18.274999618530273
18.41710090637207
18.1382999420166
18.425600051879883
18.28569984436035
18.247699737548828
18.41119956970215
18.131900787353516
18.27589988708496
18.294599533081055
18.161100387573242
18.313899993896484
18.180500030517578
18.196399688720703
18.062299728393555
18.348100662231445
18.341699600219727
18.19540023803711
18.132299423217773
18.129199981689453
18.270200729370117
18.267000198364258
18.302099227905273
18.02750015258789
18.167999267578125
18.15920066833496
18.29800033569336
18.297000885009766
18.073200225830078
18.212799072265625
18.160999298095703
18.133800506591797
18.28179931640625
18.280500411987305
18.019899368286133
18.154399871826172
18.42650032043457
18.428499221801758
18.252399444580078
18.259000778198242
18.01059913635254
18.148399353027344
18.014699935913086
18.403600692749023
18.292999267578125
18.30139923095703
18.001300811767578
18.006900787353516
18.14459991455078
22.311199188232422
22.33639907836914
22.043500900268555
22.11520004272461
22.274799346923828
22.062400817871094
22.240100860595703
21.965299606323242
22.252500534057617
22.007999420166016
22.0802001953125
22.220199584960938
22.2898006439209
22.02829933166504
21.974199295043945
22.029699325561523
22.17919921875
21.893600463867188
22.19219970703125
21.91189956665039
22.01889991760254
22.156700134277344
22.02750015258789
21.892099380493164
21.902599334716797
22.061599731445312
21.956100463867188
22.109100341796875
21.81329917907715
21.823699951171875
21.952999114990234
21.832399368286133
21.99370002746582
22.158000946044922
21.719200134277344
21.85460090637207
21.73590087890625
22.169700622558594
21.691999435424805
21.83880043029785
21.7632999420166
21.907699584960938
22.065500259399414
21.777599334716797
22.081300735473633
22.100900650024414
22.006099700927734
22.01740074157715
21.87150001525879
21.752399444580078
21.908700942993164
21.765399932861328
21.8356990814209
21.98270034790039
21.889699935913086
21.604700088500977
21.912900924682617
21.768699645996094
21.859699249267578
21.710100173950195
21.846599578857422
21.702999114990234
21.70949935913086
21.582700729370117
21.723600387573242
22.82390022277832
22.668899536132812
22.578899383544922
22.740299224853516
22.592899322509766
22.656099319458008
22.510900497436523
22.787599563598633
22.63409996032715
22.555999755859375
22.706199645996094
22.549999237060547
22.65049934387207
22.81329917907715
22.50079917907715
22.45989990234375
22.6028995513916
22.858200073242188
22.771499633789062
22.793399810791016
22.395700454711914
22.473800659179688
22.3971004486084
22.822599411010742
22.830299377441406
22.715999603271484
22.42009925842285
22.76110076904297
22.59320068359375
22.520999908447266
22.689199447631836
22.397300720214844
22.333900451660156
22.741100311279297
22.53860092163086
22.707199096679688
22.54319953918457
22.477399826049805
22.473899841308594
22.510799407958984
22.681699752807617
22.385299682617188
22.509899139404297
22.78339958190918
22.683500289916992
22.734100341796875
22.332000732421875
22.271900177001953
22.421499252319336
22.5044002532959
22.65250015258789
22.683700561523438
22.374300003051758
22.713600158691406
22.43869972229004
22.56879997253418
22.64080047607422
22.532400131225586
22.263200759887695
22.333799362182617
22.258899688720703
22.62470054626465
22.479299545288086
22.36039924621582
22.422199249267578
22.332500457763672
22.379899978637695
22.768800735473633
22.661699295043945
22.716299057006836
22.702499389648438
10.77910041809082
10.907699584960938
10.780500411987305
10.689599990844727
10.59689998626709
10.97719955444336
10.884699821472168
10.94849967956543
10.818599700927734
10.691800117492676
10.757100105285645
17.18400001525879
17.19729995727539
17.34280014038086
17.476600646972656
17.423500061035156
17.28969955444336
17.274099349975586
17.417299270629883
17.40850067138672
17.176799774169922
17.296300888061523
17.54840087890625
17.56329917907715
17.449100494384766
17.19059944152832
17.317399978637695
17.196500778198242
17.522499084472656
17.459199905395508
17.476499557495117
17.340499877929688
17.26759910583496
17.276199340820312
17.409400939941406
17.25320053100586
17.39310073852539
17.3794002532959
17.6033992767334
17.60140037536621
17.5226993560791
17.167299270629883
17.317100524902344
17.45840072631836
17.3080997467041
17.45240020751953
17.591100692749023
17.29490089416504
17.435199737548828
17.2007999420166
17.30590057373047
17.16349983215332
17.220300674438477
17.55229949951172
17.463199615478516
17.511499404907227
17.373699188232422
17.234800338745117
17.375999450683594
17.58169937133789
17.536300659179688
12.303500175476074
12.236499786376953
12.500499725341797
12.548100471496582
12.54319953918457
12.43529987335205
12.237700462341309
16.950199127197266
16.99530029296875
16.846900939941406
16.85770034790039
17.004100799560547
16.85409927368164
16.99799919128418
16.902700424194336
17.046600341796875
17.040199279785156
17.13909912109375
16.76110076904297
16.901199340820312
16.9552001953125
16.710599899291992
16.81089973449707
16.71269989013672
17.088699340820312
16.94420051574707
16.85070037841797
16.994600296020508
16.85700035095215
16.98819923400879
16.978200912475586
16.83769989013672
16.963199615478516
16.832799911499023
16.826499938964844
16.957799911499023
16.766000747680664
17.0
17.006200790405273
16.868600845336914
16.868900299072266
16.999000549316406
17.130399703979492
17.124300003051758
16.769899368286133
16.870899200439453
17.005300521850586
16.992799758911133
16.71380043029785
16.84589958190918
16.86590003967285
16.71419906616211
16.95639991760254
16.813600540161133
16.832799911499023
16.690799713134766
16.965700149536133
16.813600540161133
16.67919921875
16.917999267578125
16.765499114990234
16.901199340820312
16.61720085144043
16.744199752807617
16.604299545288086
16.819900512695312
21.16990089416504
21.28969955444336
21.255599975585938
21.337600708007812
21.33489990234375
20.882099151611328
20.878700256347656
20.892200469970703
20.949399948120117
21.0393009185791
21.03860092163086
21.18560028076172
21.052099227905273
21.06570053100586
21.21380043029785
21.093799591064453
21.160600662231445
21.016000747680664
20.94969940185547
21.10580062866211
20.99519920349121
21.184799194335938
21.067100524902344
21.211700439453125
5.123449802398682
5.3646697998046875
5.364339828491211
5.243110179901123
5.122079849243164
5.16756010055542
5.288559913635254
5.065690040588379
5.188169956207275
5.067780017852783
5.245719909667969
5.046609878540039
5.167439937591553
5.04649019241333
5.242519855499268
5.121620178222656
5.185790061950684
5.306869983673096
5.307109832763672
7.0865797996521
7.085969924926758
6.9654998779296875
7.08473014831543
6.964670181274414
6.964630126953125
7.083849906921387
7.083360195159912
6.86322021484375
6.98291015625
6.8628997802734375
6.962339878082275
6.961190223693848
7.079649925231934
7.078330039978027
6.959099769592285
7.027349948883057
6.909220218658447
7.144330024719238
6.9643402099609375
7.0833001136779785
6.964560031890869
6.964789867401123
7.0834197998046875
6.96451997756958
7.0833001136779785
7.082220077514648
6.941199779510498
6.938950061798096
7.051849842071533
6.93874979019165
7.056419849395752
7.067500114440918
6.955900192260742
6.9625701904296875
6.908840179443359
7.143270015716553
7.1398701667785645
7.021090030670166
6.907149791717529
6.948530197143555
7.061130046844482
7.0564398765563965
7.06751012802124
7.093130111694336
6.969540119171143
7.086289882659912
6.976160049438477
7.072969913482666
7.188590049743652
7.189970016479492
6.8549699783325195
6.952000141143799
6.855500221252441
8.748929977416992
8.626190185546875
8.638799667358398
8.5841703414917
8.701849937438965
8.367790222167969
8.5378999710083
8.403929710388184
8.59164047241211
8.490059852600098
8.618559837341309
8.359270095825195
8.48721981048584
8.360320091247559
8.445329666137695
8.363450050354004
8.636500358581543
8.499919891357422
8.413359642028809
8.684009552001953
8.408289909362793
8.676650047302246
8.442009925842285
8.442950248718262
8.566780090332031
8.316180229187012
8.435759544372559
8.312000274658203
8.554539680480957
8.551779747009277
8.583009719848633
8.580430030822754
8.51513957977295
8.389699935913086
8.638230323791504
8.387579917907715
8.634739875793457
8.509539604187012
8.503390312194824
8.625109672546387
8.621430397033691
8.37759017944336
8.618610382080078
8.496379852294922
8.408760070800781
8.405509948730469
8.423910140991211
8.470580101013184
8.346070289611816
8.594889640808105
8.469869613647461
8.346440315246582
8.546480178833008
8.421279907226562
8.50669002532959
8.63008975982666
8.383489608764648
17.184200286865234
17.037200927734375
17.189599990844727
17.32990074157715
17.316499710083008
17.030399322509766
17.3125
17.166500091552734
17.352699279785156
17.04599952697754
17.33970069885254
17.22369956970215
16.92530059814453
17.180200576782227
17.0231990814209
16.90880012512207
17.221799850463867
16.90679931640625
17.20560073852539
17.11639976501465
16.96940040588379
16.96030044555664
17.25629997253418
17.097299575805664
16.948400497436523
17.091800689697266
17.239099502563477
16.851999282836914
16.82740020751953
16.963499069213867
16.84939956665039
17.187999725341797
17.031600952148438
16.894800186157227
17.034299850463867
16.884000778198242
16.728300094604492
17.008699417114258
16.712299346923828
17.69499969482422
17.69029998779297
17.83300018310547
17.74880027770996
17.889299392700195
17.602399826049805
17.742700576782227
17.669099807739258
17.63279914855957
17.77280044555664
17.841999053955078
17.623300552368164
17.619699478149414
17.47610092163086
17.756900787353516
17.725000381469727
17.859399795532227
17.58139991760254
17.46969985961914
17.809900283813477
17.657800674438477
17.757099151611328
17.8971004486084
17.88450050354004
17.601299285888672
17.738500595092773
17.771499633789062
17.680099487304688
17.527299880981445
17.623199462890625
17.76219940185547
17.45829963684082
17.746000289916992
17.592599868774414
17.474899291992188
17.715599060058594
17.732099533081055
17.582700729370117
17.604900360107422
17.4596004486084
17.738399505615234
17.578500747680664
17.441699981689453
17.260499954223633
17.490800857543945
17.635000228881836
17.621599197387695
17.333099365234375
17.254199981689453
17.470600128173828
17.3799991607666
17.614200592041016
17.51849937438965
17.653799057006836
17.366199493408203
17.501300811767578
17.42449951171875
17.2716007232666
17.564899444580078
17.522899627685547
17.371999740600586
17.44529914855957
17.58650016784668
17.570999145507812
8.046110153198242
8.16742992401123
8.046979904174805
8.168410301208496
8.047470092773438
8.089630126953125
8.212889671325684
7.967569828033447
8.162779808044434
8.043399810791016
8.166000366210938
8.045470237731934
8.139650344848633
8.018589973449707
8.147680282592773
8.03462028503418
8.172039985656738
8.05618953704834
8.06488037109375
8.190710067749023
8.213729858398438
8.086620330810547
7.963799953460693
8.165140151977539
8.156510353088379
8.030059814453125
8.025050163269043
8.142359733581543
8.277770042419434
8.244230270385742
8.310689926147461
8.118220329284668
8.025870323181152
8.184510231018066
8.097149848937988
8.223520278930664
8.069199562072754
8.196390151977539
8.107939720153809
8.175809860229492
8.270919799804688
7.982639789581299
8.053520202636719
7.987110137939453
8.222180366516113
8.098529815673828
8.099869728088379
8.147130012512207
8.269519805908203
8.02556037902832
8.270190238952637
13.981100082397461
14.071700096130371
14.07040023803711
13.837200164794922
13.725700378417969
13.92650032043457
13.783900260925293
14.117799758911133
14.015000343322754
14.1141996383667
14.172800064086914
14.178099632263184
13.713299751281738
13.76669979095459
13.718899726867676
13.865400314331055
13.770999908447266
13.973699569702148
13.987799644470215
13.848299980163574
13.856599807739258
14.005900382995605
13.910200119018555
14.00790023803711
14.114100456237793
13.774299621582031
13.857399940490723
13.775199890136719
14.137399673461914
14.133500099182129
14.197099685668945
13.985300064086914
13.842399597167969
13.97249984741211
13.829899787902832
14.031900405883789
13.898699760437012
14.048800468444824
13.919400215148926
14.002900123596191
14.136899948120117
13.868499755859375
13.896400451660156
14.02750015258789
13.752400398254395
13.873000144958496
13.740099906921387
13.966099739074707
13.949799537658691
14.048100471496582
13.900199890136719
14.044899940490723
13.974499702453613
14.111100196838379
13.826800346374512
13.963199615478516
14.016300201416016
13.866800308227539
13.851900100708008
13.82129955291748
13.690600395202637
13.94849967956543
13.809300422668457
13.790599822998047
13.916199684143066
13.770000457763672
13.897500038146973
14.027000427246094
13.737799644470215
14.012200355529785
14.602700233459473
14.61340045928955
14.403599739074707
14.460000038146973
14.49779987335205
14.381199836730957
14.304300308227539
14.496700286865234
14.493499755859375
14.357099533081055
14.358099937438965
14.3996000289917
14.53339958190918
14.265700340270996
14.532999992370605
14.28380012512207
14.182299613952637
14.223699569702148
14.45580005645752
14.32859992980957
14.461999893188477
14.472599983215332
14.35509967803955
14.35789966583252
14.499699592590332
14.591699600219727
14.366000175476074
14.26550006866455
14.457900047302246
14.358099937438965
14.491600036621094
14.48840045928955
17.974899291992188
18.113800048828125
18.103300094604492
17.873199462890625
17.84980010986328
17.96030044555664
17.932100296020508
18.06399917602539
17.793100357055664
18.059099197387695
17.920499801635742
17.95319938659668
17.941999435424805
18.08169937133789
18.068899154663086
17.917400360107422
17.903900146484375
18.041099548339844
18.02400016784668
17.641599655151367
17.928800582885742
17.828800201416016
17.6742000579834
17.62579917907715
17.907899856567383
17.89389991760254
17.598800659179688
17.8528995513916
17.712600708007812
17.984100341796875
17.702800750732422
17.975299835205078
17.87779998779297
17.743099212646484
17.655399322509766
17.546199798583984
17.839099884033203
17.821399688720703
17.526399612426758
17.65999984741211
17.510799407958984
17.647199630737305
17.790700912475586
17.729000091552734
17.58169937133789
17.800899505615234
17.722200393676758
17.862600326538086
17.563600540161133
17.789600372314453
17.631999969482422
17.77389907836914
17.481599807739258
21.902700424194336
22.043399810791016
21.938499450683594
22.087900161743164
21.888599395751953
22.036300659179688
21.879899978637695
22.02050018310547
21.919200897216797
22.052000045776367
21.772600173950195
21.899900436401367
21.94059944152832
21.780000686645508
22.08839988708496
22.019100189208984
22.145200729370117
21.863800048828125
21.77239990234375
21.989700317382812
21.918800354003906
22.06999969482422
21.941499710083008
22.094999313354492
22.108400344848633
21.96940040588379
21.977100372314453
22.121700286865234
21.763599395751953
21.973100662231445
21.958499908447266
21.827199935913086
21.975099563598633
21.864099502563477
22.027000427246094
21.903799057006836
22.00510025024414
22.10420036315918
22.216899871826172
21.860000610351562
21.95240020751953
21.852100372314453
22.209199905395508
22.061500549316406
22.374500274658203
22.54509925842285
22.394100189208984
22.53510093688965
22.295400619506836
22.432899475097656
22.32539939880371
22.655799865722656
22.511699676513672
22.367599487304688
22.552799224853516
22.40489959716797
5.385980129241943
5.264570236206055
5.143680095672607
5.31682014465332
5.315780162811279
5.194759845733643
5.1936798095703125
5.314260005950928
5.205049991607666
5.273550033569336
5.3850998878479
5.0849199295043945
5.153530120849609
5.085149765014648
6.214890003204346
6.320590019226074
6.442349910736084
6.441189765930176
6.1978302001953125
6.441309928894043
6.335710048675537
6.213129997253418
6.250639915466309
6.1278300285339355
6.3737101554870605
6.250500202178955
6.127729892730713
6.335999965667725
6.319499969482422
6.231090068817139
6.108950138092041
6.108290195465088
6.353109836578369
6.353340148925781
6.230569839477539
6.108109951019287
6.254650115966797
6.134850025177002
6.37608003616333
6.3767900466918945
6.135829925537109
6.257140159606934
6.136859893798828
6.338580131530762
6.212790012359619
6.280119895935059
6.402309894561768
6.157479763031006
6.40103006362915
6.280479907989502
6.159070014953613
6.335229873657227
6.349410057067871
6.230929851531982
6.355899810791016
6.239560127258301
6.283170223236084
6.1658501625061035
6.404240131378174
6.406459808349609
6.220469951629639
6.341599941253662
6.223810195922852
6.334680080413818
6.45589017868042
6.45766019821167
6.215879917144775
6.337130069732666
9.363519668579102
9.587599754333496
9.357219696044922
9.582650184631348
9.581990242004395
9.468460083007812
9.355609893798828
9.489370346069336
9.602350234985352
9.4824800491333
9.472399711608887
9.582989692687988
9.577630043029785
9.460960388183594
9.480460166931152
9.449620246887207
9.580470085144043
9.474510192871094
9.715499877929688
9.603300094604492
9.738140106201172
9.618820190429688
9.625940322875977
9.607569694519043
9.570929527282715
9.697620391845703
9.514949798583984
9.645139694213867
9.670929908752441
9.560139656066895
9.558420181274414
9.585969924926758
9.512800216674805
9.705309867858887
9.579110145568848
9.756850242614746
9.757140159606934
9.634730339050293
9.76317024230957
9.641209602355957
9.513689994812012
9.714469909667969
9.836370468139648
9.834050178527832
21.45840072631836
21.388099670410156
21.102500915527344
21.07159996032715
21.375900268554688
21.185199737548828
21.340499877929688
21.346200942993164
21.043800354003906
21.276399612426758
21.43709945678711
21.435400009155273
21.125
21.42169952392578
21.11370086669922
21.231399536132812
21.391599655151367
21.10449981689453
21.258499145507812
21.250499725341797
20.95009994506836
21.02869987487793
21.33209991455078
21.0132999420166
21.169599533081055
21.313800811767578
21.170400619506836
20.999099731445312
21.296199798583984
21.510900497436523
21.204999923706055
21.18320083618164
21.34280014038086
21.454700469970703
21.301300048828125
21.128799438476562
21.43280029296875
21.18549919128418
21.1737003326416
21.318899154663086
21.277799606323242
21.434999465942383
21.36829948425293
21.423900604248047
21.14189910888672
21.274599075317383
21.152599334716797
21.28030014038086
21.383800506591797
21.244800567626953
21.105600357055664
21.38599967956543
21.319499969482422
21.271099090576172
21.176700592041016
21.1648006439209
21.310400009155273
21.03179931640625
21.02869987487793
21.162500381469727
21.105899810791016
21.180299758911133
20.952199935913086
21.23349952697754
20.922800064086914
21.06570053100586
21.038400650024414
21.079500198364258
21.233699798583984
21.375200271606445
21.007600784301758
21.152099609375
21.271400451660156
20.99139976501465
20.96269989013672
21.097999572753906
21.2544002532959
21.09910011291504
21.313800811767578
21.294099807739258
20.979700088500977
21.11989974975586
21.041799545288086
21.166000366210938
21.16699981689453
20.908700942993164
21.03730010986328
21.243000030517578
21.069799423217773
20.929800033569336
20.97010040283203
21.089399337768555
21.203800201416016
21.198299407958984
21.06329917907715
21.056900024414062
21.293399810791016
21.147300720214844
6.063389778137207
5.968890190124512
5.733069896697998
5.89277982711792
5.968699932098389
6.014200210571289
5.771629810333252
5.892759799957275
5.771430015563965
6.063350200653076
5.855140209197998
5.941800117492676
5.975940227508545
5.733699798583984
5.854020118713379
5.733339786529541
5.971159934997559
5.7908101081848145
5.854939937591553
5.972690105438232
5.857269763946533
5.976160049438477
5.978769779205322
5.858890056610107
5.969059944152832
5.84745979309082
5.909460067749023
5.8480401039123535
6.030149936676025
6.030459880828857
5.911109924316406
5.7888898849487305
5.989200115203857
5.77193021774292
5.993899822235107
5.874929904937744
6.002309799194336
5.881460189819336
5.889679908752441
6.007760047912598
5.863420009613037
5.979770183563232
5.7692999839782715
5.884890079498291
5.770860195159912
6.0034499168396
5.889150142669678
6.005070209503174
10.342900276184082
10.329700469970703
10.304100036621094
10.526800155639648
10.494999885559082
10.512200355529785
10.233200073242188
10.479399681091309
10.605299949645996
10.611499786376953
10.286700248718262
10.427599906921387
10.218600273132324
10.231499671936035
11.21619987487793
11.0871000289917
10.952099800109863
11.204700469970703
10.803799629211426
10.811100006103516
11.06760025024414
11.080699920654297
11.081100463867188
10.77810001373291
10.829099655151367
11.028800010681152
11.039299964904785
11.026300430297852
10.7746000289917
10.765299797058105
10.89210033416748
10.957300186157227
10.797200202941895
10.800100326538086
10.828300476074219
10.788599967956543
11.061400413513184
10.964500427246094
11.04800033569336
10.942700386047363
10.806500434875488
10.99120044708252
10.868300437927246
11.068599700927734
11.066499710083008
10.85319995880127
10.730400085449219
10.7076997756958
10.84220027923584
11.07960033416748
10.967300415039062
10.82699966430664
11.076600074768066
10.938799858093262
10.701000213623047
11.092300415039062
11.0423002243042
10.715200424194336
10.809800148010254
10.772700309753418
10.906900405883789
10.928600311279297
10.729299545288086
10.849499702453613
10.788700103759766
10.711299896240234
10.990300178527832
11.044699668884277
10.946599960327148
11.985799789428711
11.988300323486328
11.633199691772461
11.75510025024414
11.71399974822998
11.840900421142578
11.918899536132812
11.77869987487793
11.901300430297852
11.576800346374512
11.719599723815918
11.804400444030762
11.562600135803223
11.791099548339844
11.518699645996094
11.88070011138916
11.773799896240234
11.90839958190918
11.628899574279785
11.656200408935547
11.800800323486328
11.86620044708252
11.61769962310791
11.575300216674805
11.851900100708008
11.680500030517578
11.810799598693848
11.45110034942627
11.578900337219238
11.445300102233887
11.699399948120117
11.440799713134766
11.567000389099121
11.509599685668945
11.635000228881836
11.606599807739258
11.741600036621094
11.83549976348877
11.708100318908691
11.562999725341797
11.82040023803711
11.525899887084961
11.51669979095459
11.39009952545166
11.651000022888184
11.513899803161621
11.644100189208984
11.427000045776367
11.571200370788574
11.675200462341309
11.680399894714355
11.662799835205078
11.541899681091309
11.53030014038086
11.534500122070312
11.65060043334961
11.654000282287598
11.6806001663208
11.46049976348877
11.269599914550781
11.343600273132324
11.349599838256836
11.23799991607666
11.231399536132812
11.246299743652344
11.326800346374512
13.84179973602295
13.560600280761719
13.56760025024414
13.672200202941895
13.687700271606445
13.641200065612793
13.532299995422363
13.379199981689453
13.514900207519531
13.5447998046875
13.68850040435791
13.840800285339355
13.701299667358398
13.549400329589844
13.828399658203125
13.672699928283691
13.812299728393555
13.55370044708252
13.278900146484375
13.262800216674805
13.398799896240234
13.406499862670898
13.476699829101562
13.247900009155273
13.543999671936035
13.356399536132812
13.627099990844727
13.447099685668945
13.486800193786621
13.534600257873535
13.562600135803223
13.298100471496582
13.43690013885498
13.113499641418457
13.411399841308594
13.248499870300293
13.393099784851074
13.111000061035156
13.26140022277832
13.098299980163574
13.390899658203125
13.374300003051758
13.527000427246094
13.253700256347656
13.396499633789062
13.134599685668945
13.26509952545166
13.40429973602295
13.534700393676758
13.071599960327148
13.211799621582031
13.053999900817871
13.341699600219727
13.151800155639648
13.30090045928955
13.329500198364258
13.039899826049805
13.29170036315918
13.37279987335205
13.087599754333496
13.148500442504883
13.360600471496582
13.07289981842041
13.26609992980957
13.207900047302246
13.315600395202637
14.585000038146973
14.595999717712402
14.426199913024902
14.445300102233887
14.513799667358398
14.539899826049805
14.242400169372559
14.38700008392334
14.466500282287598
14.392200469970703
14.526100158691406
14.272700309753418
14.274800300598145
14.403300285339355
14.139900207519531
14.123700141906738
14.254199981689453
14.498299598693848
14.222999572753906
14.208999633789062
14.339699745178223
14.543899536132812
14.4128999710083
14.265299797058105
14.529999732971191
14.162099838256836
14.437700271606445
14.29580020904541
14.140999794006348
14.427499771118164
14.202899932861328
14.27750015258789
14.305999755859375
14.330599784851074
20.223800659179688
20.08009910583496
20.273500442504883
20.07979965209961
20.412599563598633
20.327199935913086
20.173799514770508
20.416000366210938
20.25909996032715
20.05109977722168
20.294099807739258
20.13800048828125
20.133899688720703
20.279300689697266
20.2096004486084
20.1382999420166
19.988300323486328
20.356300354003906
19.9862003326416
20.05780029296875
20.179399490356445
19.981700897216797
20.260400772094727
20.04050064086914
20.11590003967285
20.26959991455078
20.21579933166504
20.128999710083008
19.984399795532227
20.140600204467773
20.204299926757812
20.293800354003906
20.332700729370117
20.34950065612793
20.048599243164062
20.413799285888672
20.23270034790039
20.08099937438965
20.269100189208984
20.115800857543945
20.295400619506836
20.198999404907227
20.36720085144043
20.36709976196289
19.977500915527344
20.34910011291504
19.971200942993164
20.058399200439453
20.18720054626465
20.341299057006836
20.2367000579834
20.08839988708496
20.2362003326416
20.08300018310547
19.956499099731445
20.106599807739258
20.150800704956055
20.2637996673584
20.184499740600586
20.295400619506836
20.048099517822266
19.964599609375
20.14389991760254
19.966899871826172
20.215200424194336
20.012300491333008
20.082599639892578
20.23419952392578
19.966400146484375
20.003799438476562
20.009599685668945
20.028799057006836
6.167870044708252
6.369909763336182
6.369440078735352
6.253300189971924
6.252260208129883
6.483129978179932
6.364729881286621
6.246890068054199
6.483610153198242
6.168950080871582
6.288249969482422
6.370299816131592
6.370180130004883
6.369750022888184
6.25137996673584
6.250969886779785
6.250939846038818
6.251349925994873
6.370110034942627
6.369430065155029
6.369289875030518
6.251190185546875
6.251299858093262
6.368790149688721
6.36952018737793
6.372920036315918
6.36529016494751
6.372809886932373
6.2546000480651855
6.371699810028076
6.253910064697266
6.252679824829102
6.2532501220703125
6.235599994659424
6.237390041351318
6.2352800369262695
6.352290153503418
6.238329887390137
6.35453987121582
6.241429805755615
6.359439849853516
6.366219997406006
6.249839782714844
6.246310234069824
6.247389793395996
6.243989944458008
6.363749980926514
6.356540203094482
6.360159873962402
6.363490104675293
6.362750053405762
6.2583699226379395
6.243410110473633
6.398369789123535
6.277369976043701
6.157070159912109
6.398489952087402
6.157479763031006
6.2778801918029785
6.24252986907959
6.3626298904418945
11.112700462341309
10.606399536132812
10.621100425720215
11.069899559020996
10.975899696350098
10.8996000289917
11.062999725341797
11.04740047454834
10.755999565124512
10.999600410461426
11.004300117492676
10.892000198364258
10.706100463867188
10.700200080871582
10.74899959564209
10.684100151062012
10.991399765014648
10.750100135803223
10.59589958190918
10.611300468444824
10.723899841308594
10.890999794006348
10.594900131225586
10.863900184631348
10.886099815368652
10.695799827575684
10.977700233459473
10.69219970703125
10.678199768066406
10.891200065612793
10.847599983215332
10.977499961853027
10.86769962310791
10.6072998046875
10.476099967956543
10.596799850463867
10.735300064086914
10.579000473022461
10.717599868774414
10.696200370788574
10.5693998336792
10.749099731445312
10.72070026397705
10.879500389099121
10.611800193786621
10.486700057983398
10.601699829101562
10.75059986114502
10.734399795532227
10.55270004272461
10.688799858093262
10.670499801635742
10.541000366210938
10.553299903869629
13.081000328063965
13.229999542236328
14.290200233459473
14.433099746704102
14.109999656677246
14.249500274658203
14.098099708557129
14.383500099182129
14.223299980163574
14.369400024414062
14.440400123596191
14.032999992370605
14.069000244140625
14.064200401306152
14.168399810791016
13.911700248718262
14.200799942016602
14.129899978637695
14.04800033569336
14.224800109863281
14.111700057983398
13.954299926757812
14.089200019836426
14.360899925231934
13.932999610900879
14.2076997756958
14.341300010681152
13.865300178527832
14.15310001373291
14.026100158691406
14.000200271606445
13.852800369262695
13.990400314331055
13.86139965057373
14.123000144958496
14.042099952697754
13.97920036315918
13.888999938964844
14.177300453186035
14.033699989318848
14.023900032043457
14.168299674987793
13.883399963378906
13.971099853515625
13.668899536132812
13.923600196838379
13.983799934387207
13.665300369262695
14.031200408935547
13.669400215148926
13.770700454711914
13.69219970703125
13.728899955749512
14.005200386047363
13.996199607849121
14.08549976348877
13.975000381469727
13.719900131225586
13.860899925231934
13.661199569702148
13.727700233459473
13.87969970703125
13.954299926757812
13.803999900817871
13.878000259399414
13.955400466918945
13.732799530029297
13.65530014038086
17.831199645996094
17.82040023803711
17.53499984741211
17.757999420166016
17.769699096679688
17.72640037536621
17.461200714111328
17.4552001953125
17.57430076599121
17.71980094909668
17.733299255371094
17.651899337768555
17.794599533081055
17.79669952392578
17.509700775146484
17.765199661254883
17.49449920654297
17.48110008239746
17.6072998046875
17.34749984741211
17.49220085144043
17.470300674438477
17.199499130249023
17.305299758911133
17.182600021362305
17.314199447631836
17.165800094604492
17.69659996032715
17.43239974975586
17.412099838256836
17.5492000579834
17.516399383544922
17.390899658203125
17.361900329589844
17.503599166870117
17.15410041809082
17.465499877929688
18.947200775146484
19.00149917602539
18.65730094909668
18.796899795532227
18.827800750732422
18.83810043334961
18.55430030822754
18.690799713134766
18.772899627685547
18.49810028076172
18.605300903320312
18.482500076293945
18.93269920349121
18.94890022277832
18.923900604248047
18.646699905395508
18.666200637817383
18.779199600219727
18.553199768066406
18.70009994506836
18.709800720214844
18.565900802612305
18.694299697875977
18.56999969482422
18.80769920349121
18.819799423217773
18.81879997253418
18.556699752807617
18.724599838256836
18.465299606323242
18.65850067138672
18.568700790405273
18.79800033569336
18.806499481201172
18.65019989013672
18.503999710083008
18.669700622558594
18.814599990844727
18.555299758911133
18.702999114990234
18.676000595092773
18.684999465942383
18.81049919128418
18.541200637817383
18.57069969177246
18.693099975585938
18.71190071105957
18.56999969482422
18.67650032043457
18.57430076599121
18.529800415039062
18.818599700927734
18.5310001373291
9.707659721374512
9.823030471801758
9.928709983825684
9.698349952697754
9.692950248718262
9.808079719543457
9.907010078430176
9.91604995727539
9.945110321044922
10.0649995803833
9.859880447387695
9.934029579162598
9.901129722595215
9.996199607849121
9.908249855041504
10.025400161743164
9.814740180969238
9.797260284423828
9.782600402832031
9.787639617919922
9.781410217285156
9.897509574890137
9.952939987182617
9.898690223693848
10.0423002243042
9.840900421142578
9.95635986328125
10.077899932861328
9.969650268554688
10.053299903869629
9.974989891052246
10.103599548339844
10.14490032196045
10.146900177001953
10.212699890136719
9.938969612121582
10.185700416564941
10.223400115966797
10.074999809265137
10.23069953918457
10.105400085449219
9.965669631958008
10.014100074768066
10.016500473022461
10.037199974060059
10.139900207519531
9.90962028503418
11.73900032043457
11.727700233459473
11.37909984588623
11.294599533081055
11.622900009155273
11.311800003051758
11.483400344848633
11.618800163269043
11.596099853515625
11.449700355529785
11.585000038146973
11.742899894714355
11.543399810791016
11.614500045776367
11.609299659729004
11.529399871826172
11.39330005645752
11.301600456237793
11.504199981689453
11.629500389099121
11.523300170898438
11.645299911499023
11.665800094604492
11.533699989318848
11.676799774169922
11.545999526977539
11.340499877929688
11.480400085449219
11.200599670410156
11.185799598693848
11.204700469970703
11.191100120544434
11.626799583435059
11.7608003616333
11.463700294494629
11.54889965057373
11.682999610900879
11.55270004272461
11.685799598693848
11.5556001663208
11.461600303649902
11.59119987487793
11.677200317382812
11.721699714660645
18.725099563598633
18.934799194335938
18.784900665283203
18.987300872802734
18.899999618530273
18.763999938964844
18.865699768066406
18.606399536132812
18.55270004272461
18.904600143432617
18.55030059814453
18.942899703979492
18.84239959716797
18.628299713134766
18.983400344848633
18.61910057067871
18.74090003967285
18.698400497436523
18.82699966430664
18.7101993560791
18.8528995513916
18.712200164794922
18.863399505615234
18.73080062866211
18.875099182128906
18.762800216674805
18.570899963378906
18.93120002746582
18.92259979248047
18.686199188232422
18.923099517822266
18.769699096679688
18.590599060058594
18.98870086669922
18.633399963378906
18.68199920654297
18.838899612426758
18.956300735473633
18.818199157714844
18.980300903320312
18.864500045776367
18.914199829101562
21.481800079345703
21.344100952148438
21.30739974975586
21.46419906616211
21.421499252319336
21.283599853515625
21.244199752807617
21.40290069580078
21.534500122070312
21.394500732421875
21.364099502563477
21.518299102783203
21.120800018310547
21.2677001953125
21.239099502563477
20.967100143432617
21.072999954223633
20.944700241088867
21.19729995727539
20.93269920349121
21.36870002746582
21.229299545288086
21.19610023498535
21.351699829101562
21.31529998779297
21.176599502563477
21.135900497436523
21.29400062561035
21.23259925842285
20.958099365234375
21.170299530029297
20.939899444580078
20.886699676513672
21.019100189208984
20.871599197387695
21.179899215698242
21.16710090637207
21.043699264526367
21.0039005279541
21.30970001220703
21.144699096679688
21.298999786376953
21.09950065612793
21.14389991760254
21.150800704956055
21.160600662231445
20.888900756835938
21.0039005279541
21.076400756835938
20.933000564575195
21.84950065612793
21.548099517822266
21.589000701904297
21.68790054321289
21.776899337768555
21.618999481201172
21.718000411987305
21.776100158691406
21.66119956970215
21.731000900268555
21.505800247192383
21.802600860595703
21.592300415039062
21.64699935913086
21.739200592041016
21.429000854492188
21.559600830078125
21.452600479125977
21.83690071105957
21.454299926757812
21.52429962158203
21.68239974975586
21.58639907836914
21.74220085144043
21.615100860595703
21.686800003051758
21.67840003967285
21.721599578857422
21.337600708007812
21.308500289916992
21.280099868774414
21.41349983215332
21.805599212646484
21.713499069213867
21.592899322509766
21.39389991760254
21.34760093688965
21.433500289916992
21.683799743652344
21.789899826049805
21.42099952697754
21.579500198364258
21.496599197387695
21.635299682617188
21.515499114990234
21.663400650024414
21.672000885009766
21.357799530029297
21.491100311279297
21.392499923706055
21.214799880981445
21.357500076293945
21.757400512695312
21.234500885009766
21.800100326538086
21.74410057067871
21.519399642944336
21.642499923706055
21.52039909362793
21.68120002746582
21.565799713134766
21.685100555419922
21.77899932861328
21.65410041809082
21.729299545288086
21.581499099731445
21.430700302124023
21.701099395751953
21.546300888061523
21.363399505615234
21.797500610351562
21.423799514770508
21.762699127197266
21.7726993560791
21.832799911499023
9.737250328063965
9.402230262756348
9.545510292053223
9.573710441589355
9.66388988494873
9.6572904586792
9.748760223388672
9.36128044128418
9.405460357666016
9.293020248413086
9.382710456848145
9.52515983581543
9.543530464172363
9.262669563293457
9.645210266113281
9.417110443115234
9.381810188293457
9.673040390014648
9.311949729919434
9.577890396118164
9.546649932861328
9.426850318908691
9.561169624328613
9.32151985168457
9.355600357055664
9.244970321655273
9.327589988708496
9.44655990600586
9.574179649353027
9.600199699401855
9.467679977416992
9.36775016784668
9.344030380249023
9.51492977142334
9.624930381774902
9.5247802734375
9.49386978149414
9.376190185546875
9.50961971282959
9.395050048828125
9.260890007019043
9.266469955444336
9.535440444946289
9.493430137634277
9.366029739379883
9.499349594116211
9.302669525146484
9.208000183105469
9.567850112915039
9.2118501663208
9.288579940795898
9.543310165405273
9.508099555969238
9.36946964263916
12.667099952697754
12.528499603271484
12.695699691772461
12.555299758911133
12.48840045928955
12.763699531555176
12.468199729919434
12.736599922180176
12.476499557495117
12.746999740600586
12.50160026550293
12.782500267028809
12.903800010681152
12.787500381469727
12.504400253295898
12.785799980163574
12.700499534606934
12.555800437927246
12.559499740600586
12.418000221252441
12.49470043182373
12.635100364685059
12.767200469970703
12.546600341796875
12.702300071716309
12.68850040435791
12.553199768066406
12.689000129699707
12.594599723815918
12.46049976348877
12.40939998626709
12.635499954223633
12.41409969329834
12.546699523925781
12.761099815368652
12.701700210571289
12.722100257873535
12.644000053405762
12.437199592590332
12.39009952545166
12.800999641418457
12.772199630737305
12.501399993896484
12.647700309753418
12.418899536132812
12.625100135803223
12.572500228881836
12.707500457763672
12.523200035095215
12.381500244140625
12.560500144958496
12.478500366210938
12.502799987792969
12.438300132751465
12.630399703979492
12.517999649047852
17.241100311279297
17.381000518798828
17.253400802612305
17.39240074157715
17.389699935913086
17.239999771118164
17.23270034790039
17.106300354003906
17.372900009155273
17.10770034790039
17.26849937438965
17.37540054321289
17.421899795532227
17.274700164794922
17.51099967956543
17.359899520874023
17.51580047607422
17.220699310302734
17.172199249267578
17.315900802612305
17.083799362182617
17.324399948120117
17.074399948120117
17.21269989013672
17.227699279785156
17.366300582885742
17.361900329589844
17.249799728393555
17.497600555419922
17.357200622558594
17.097700119018555
17.223400115966797
17.108800888061523
17.37849998474121
17.212900161743164
17.06049919128418
16.973100662231445
17.215999603271484
16.99519920349121
17.127300262451172
17.1427001953125
17.274799346923828
17.138200759887695
16.986099243164062
17.13279914855957
17.275400161743164
17.36590003967285
17.098499298095703
17.274999618530273
17.248199462890625
16.988800048828125
17.109100341796875
17.108600616455078
16.961700439453125
17.215299606323242
17.208799362182617
17.034500122070312
17.167200088500977
17.165700912475586
17.015100479125977
17.011199951171875
16.875699996948242
16.88800048828125
17.156299591064453
20.090999603271484
20.379499435424805
20.305099487304688
20.1476993560791
20.211299896240234
20.28179931640625
20.365400314331055
20.06800079345703
20.443700790405273
20.295900344848633
20.4512996673584
20.15719985961914
20.400299072265625
20.104000091552734
20.261699676513672
20.113300323486328
20.249300003051758
20.092599868774414
20.257299423217773
19.96299934387207
20.20840072631836
19.909099578857422
19.950000762939453
20.064199447631836
20.31450080871582
20.01930046081543
20.12619972229004
20.171100616455078
20.12190055847168
19.972999572753906
20.303699493408203
20.157400131225586
20.120100021362305
19.830400466918945
19.840700149536133
20.142099380493164
20.00819969177246
20.143800735473633
19.949199676513672
19.8080997467041
20.02790069580078
19.873600006103516
20.194499969482422
20.049400329589844
20.01889991760254
19.86090087890625
20.15369987487793
19.859600067138672
19.734699249267578
19.67889976501465
20.009199142456055
19.871700286865234
19.8080997467041
19.65169906616211
19.953699111938477
19.664600372314453
20.117300033569336
19.977100372314453
20.119699478149414
19.8439998626709
20.019500732421875
19.73189926147461
19.88599967956543
19.740699768066406
19.645999908447266
19.921899795532227
20.595699310302734
20.490400314331055
20.493099212646484
20.433300018310547
20.756999969482422
20.754199981689453
20.702999114990234
20.547000885009766
20.427499771118164
20.736600875854492
20.580400466918945
20.69219970703125
20.586700439453125
20.760700225830078
20.849300384521484
20.73110008239746
20.634700775146484
20.47599983215332
20.723600387573242
20.601499557495117
20.62619972229004
20.569799423217773
20.47209930419922
20.84760093688965
20.844900131225586
20.407899856567383
20.486000061035156
20.709999084472656
20.63800048828125
20.760000228881836
20.82550048828125
20.404300689697266
20.768800735473633
20.47480010986328
20.843599319458008
20.480899810791016
20.603300094604492
20.550399780273438
20.561500549316406
20.690099716186523
20.706499099731445
20.745500564575195
20.814300537109375
20.718799591064453
20.652999877929688
20.505199432373047
20.422300338745117
20.816600799560547
20.420700073242188
20.67650032043457
20.683000564575195
20.611099243164062
20.467899322509766
20.569499969482422
20.717899322509766
20.534799575805664
20.534900665283203
20.671199798583984
20.558900833129883
20.602100372314453
20.476499557495117
20.70680046081543
22.423200607299805
22.706899642944336
22.634300231933594
22.567699432373047
22.596799850463867
22.45479965209961
22.415300369262695
22.700899124145508
22.49959945678711
22.634199142456055
22.45400047302246
22.315099716186523
22.300100326538086
22.583900451660156
22.54759979248047
22.375999450683594
22.26959991455078
22.253999710083008
22.355300903320312
22.64299964904785
22.366600036621094
22.653099060058594
22.31130027770996
22.598800659179688
22.4950008392334
22.46310043334961
22.168399810791016
22.448200225830078
22.48349952697754
22.465700149536133
22.151399612426758
22.413999557495117
22.348600387573242
22.198999404907227
22.533100128173828
22.51580047607422
22.23390007019043
22.383899688720703
22.26020050048828
22.184900283813477
22.21809959411621
22.40880012512207
22.158899307250977
22.081199645996094
22.116300582885742
22.30699920654297
22.37969970703125
22.36009979248047
4.275320053100586
4.235169887542725
4.235690116882324
4.311880111694336
12.14490032196045
12.052300453186035
12.049400329589844
12.497400283813477
12.232399940490723
12.4197998046875
12.486700057983398
12.327799797058105
12.028900146484375
12.376899719238281
12.261199951171875
12.05270004272461
12.020099639892578
12.316100120544434
12.202400207519531
12.391799926757812
12.40530014038086
12.180800437927246
12.274100303649902
12.128399848937988
12.053799629211426
12.389900207519531
12.48069953918457
12.040800094604492
12.16670036315918
11.970499992370605
12.103400230407715
11.994400024414062
12.268099784851074
12.467499732971191
12.28339958190918
11.985699653625488
12.255399703979492
12.167799949645996
12.0246000289917
15.65839958190918
15.784099578857422
15.55090045928955
15.578100204467773
15.441900253295898
15.79539966583252
15.434800148010254
15.520700454711914
15.463600158691406
15.688400268554688
15.692099571228027
15.606499671936035
15.463600158691406
15.749899864196777
15.877300262451172
15.618200302124023
15.635000228881836
15.495599746704102
15.876899719238281
15.496199607849121
15.609800338745117
15.64109992980957
15.508500099182129
15.784000396728516
15.861200332641602
15.602100372314453
15.753299713134766
15.718099594116211
15.738499641418457
15.638799667358398
15.502900123596191
15.732000350952148
15.723199844360352
15.749799728393555
15.614700317382812
15.763999938964844
15.492899894714355
15.610899925231934
15.621399879455566
15.736200332641602
15.75529956817627
15.612600326538086
15.47700023651123
15.756500244140625
15.481599807739258
15.712699890136719
15.446700096130371
15.593999862670898
15.72350025177002
15.486700057983398
15.351699829101562
15.70110034942627
15.564599990844727
15.407400131225586
15.675999641418457
15.559000015258789
15.420700073242188
15.630999565124512
15.487700462341309
15.527799606323242
15.397500038146973
15.594799995422363
15.461099624633789
15.606599807739258
15.337800025939941
15.241600036621094
15.511500358581543
15.394800186157227
15.254300117492676
16.140399932861328
16.146799087524414
16.093700408935547
15.993300437927246
16.07509994506836
16.216899871826172
16.01099967956543
16.017099380493164
15.95989990234375
15.84939956665039
15.84570026397705
16.146799087524414
16.283100128173828
16.041200637817383
16.040700912475586
16.136699676513672
16.160200119018555
16.278200149536133
16.001800537109375
16.3080997467041
16.312000274658203
15.939499855041504
16.219200134277344
16.173500061035156
16.17919921875
16.084699630737305
15.946800231933594
16.178800582885742
15.901000022888184
16.051700592041016
15.915399551391602
15.9798002243042
15.838199615478516
16.03350067138672
16.075899124145508
15.874799728393555
16.1471004486084
16.01580047607422
16.014400482177734
16.12700080871582
16.11639976501465
15.998499870300293
15.865900039672852
15.891400337219238
15.755999565124512
15.978300094604492
15.967300415039062
15.874699592590332
15.929900169372559
15.744000434875488
16.015899658203125
16.08880043029785
15.952099800109863
16.102800369262695
15.82450008392334
15.860600471496582
15.848799705505371
15.883700370788574
16.003000259399414
15.912699699401855
15.79419994354248
15.651800155639648
16.762100219726562
16.899499893188477
16.669700622558594
16.713499069213867
16.566299438476562
16.618999481201172
16.485000610351562
16.7549991607666
16.485599517822266
16.631200790405273
16.766199111938477
16.73740005493164
16.767099380493164
16.883499145507812
16.604799270629883
16.49970054626465
16.773799896240234
16.617900848388672
16.64299964904785
16.646499633789062
16.63949966430664
16.78459930419922
16.518299102783203
16.36669921875
16.635400772094727
16.494300842285156
16.506000518798828
16.6835994720459
16.677900314331055
16.618099212646484
16.483699798583984
16.66230010986328
16.656299591064453
16.539100646972656
16.534000396728516
16.441499710083008
16.323999404907227
16.683500289916992
16.67650032043457
16.414400100708008
16.55299949645996
16.537099838256836
16.55299949645996
16.35460090637207
16.587799072265625
16.627099990844727
16.485599517822266
16.329700469970703
16.58639907836914
16.440799713134766
16.471599578857422
16.279300689697266
16.408000946044922
16.279199600219727
16.326400756835938
16.360000610351562
16.325899124145508
16.4822998046875
16.465099334716797
16.60689926147461
16.417600631713867
16.278900146484375
16.628999710083008
16.6924991607666
16.550199508666992
16.64889907836914
18.6289005279541
18.52090072631836
18.348400115966797
18.637800216674805
18.600799560546875
18.382299423217773
18.32080078125
19.03700065612793
18.745899200439453
18.9064998626709
19.050199508666992
18.822200775146484
18.73189926147461
19.025100708007812
18.96780014038086
18.91659927368164
18.769100189208984
18.781200408935547
19.074399948120117
18.651500701904297
18.947999954223633
18.942399978637695
18.783300399780273
18.913000106811523
18.75830078125
18.633499145507812
18.931800842285156
18.83639907836914
18.684999465942383
18.998699188232422
18.701799392700195
18.969200134277344
18.669300079345703
18.8656005859375
18.827899932861328
18.63680076599121
18.492000579833984
18.820999145507812
18.672100067138672
18.613500595092773
18.642200469970703
18.771699905395508
18.473400115966797
18.735000610351562
18.583200454711914
18.610000610351562
18.597400665283203
18.831199645996094
18.540000915527344
18.69809913635254
18.840599060058594
18.668899536132812
18.64739990234375
18.68910026550293
18.389799118041992
18.64189910888672
18.348499298095703
18.510099411010742
18.365800857543945
18.436800003051758
18.73859977722168
18.60460090637207
18.461299896240234
18.56329917907715
18.707199096679688
18.577199935913086
18.43600082397461
18.384199142456055
18.52899932861328
18.44339942932129
18.30150032043457
18.48740005493164
18.476299285888672
18.427000045776367
18.288700103759766
18.581600189208984
18.28689956665039
20.994400024414062
20.910600662231445
21.352399826049805
20.913299560546875
21.198299407958984
21.206199645996094
21.13249969482422
20.986900329589844
21.285999298095703
21.351999282836914
20.963300704956055
21.34040069580078
20.908100128173828
21.116600036621094
21.172800064086914
21.063899993896484
21.181800842285156
21.02280044555664
20.912900924682617
21.153799057006836
21.050800323486328
21.069799423217773
21.274999618530273
20.992900848388672
21.289199829101562
21.28230094909668
21.033300399780273
21.182899475097656
20.985700607299805
20.983200073242188
21.13789939880371
21.2362003326416
20.881900787353516
21.179500579833984
21.272600173950195
20.909099578857422
21.209299087524414
21.179500579833984
21.119400024414062
21.13920021057129
21.026500701904297
20.901399612426758
20.86039924621582
21.143400192260742
21.010299682617188
21.08799934387207
20.980899810791016
20.98979949951172
20.881799697875977
21.13610076904297
20.9906005859375
21.129600524902344
20.98419952392578
5.606629848480225
5.605899810791016
5.605629920959473
5.485529899597168
5.485169887542725
5.422299861907959
5.542250156402588
5.663010120391846
5.644189834594727
5.4025797843933105
5.4845099449157715
5.523349761962891
5.605160236358643
5.484620094299316
5.523349761962891
5.402659893035889
6.957300186157227
7.002230167388916
7.139739990234375
7.014959812164307
7.0218000411987305
7.079100131988525
7.146949768066406
6.897059917449951
7.0597100257873535
7.183070182800293
6.954689979553223
6.954750061035156
7.00216007232666
6.8767900466918945
7.127280235290527
6.876840114593506
7.079770088195801
7.0219597816467285
7.079410076141357
6.95442008972168
7.066140174865723
6.943510055541992
6.987360000610352
6.865620136260986
6.878349781036377
7.127699851989746
6.999839782714844
7.124020099639893
7.179309844970703
7.055890083312988
7.181660175323486
6.935080051422119
7.111440181732178
6.867159843444824
6.991409778594971
6.869029998779297
7.029099941253662
6.905779838562012
7.152379989624023
6.90438985824585
7.026370048522949
7.149419784545898
7.087299823760986
6.963940143585205
7.075839996337891
7.077980041503906
7.005770206451416
6.880650043487549
7.026100158691406
7.150780200958252
6.956510066986084
6.959380149841309
7.103559970855713
7.0279998779296875
6.905590057373047
7.149109840393066
6.903709888458252
6.983290195465088
6.863059997558594
7.088359832763672
7.087870121002197
7.407639980316162
7.5309600830078125
7.4574198722839355
7.3375701904296875
7.408979892730713
7.284450054168701
7.533490180969238
7.285580158233643
7.33443021774292
7.422939777374268
7.538370132446289
7.247189998626709
7.499889850616455
7.248950004577637
7.382820129394531
7.506239891052246
7.297719955444336
7.4692301750183105
7.474780082702637
7.46327018737793
7.340660095214844
7.48360013961792
7.372779846191406
7.352409839630127
7.357019901275635
7.515739917755127
7.3962202072143555
7.5100297927856445
7.390250205993652
7.402850151062012
7.404819965362549
7.522210121154785
7.526189804077148
7.585599899291992
7.622650146484375
7.289639949798584
7.58922004699707
7.4989800453186035
7.384369850158691
7.462019920349121
7.342219829559326
7.51632022857666
7.423550128936768
7.52046012878418
7.390920162200928
7.530119895935059
7.617809772491455
7.29665994644165
7.547420024871826
7.279980182647705
7.349510192871094
7.476210117340088
7.6003499031066895
7.472030162811279
7.395959854125977
7.278260231018066
7.599259853363037
7.4917402267456055
7.503789901733398
7.40418004989624
7.294549942016602
7.421760082244873
7.546529769897461
7.376009941101074
7.372889995574951
10.606800079345703
10.683799743652344
10.365699768066406
10.30150032043457
10.355299949645996
10.545999526977539
10.685600280761719
10.468600273132324
10.416000366210938
10.55739974975586
10.675299644470215
10.537300109863281
10.628800392150879
10.298399925231934
10.435099601745605
10.501199722290039
10.32409954071045
10.466699600219727
10.322099685668945
10.39009952545166
10.403900146484375
10.473199844360352
10.365300178527832
10.545900344848633
10.601699829101562
10.528300285339355
10.406200408935547
10.461199760437012
10.687899589538574
10.689499855041504
10.644100189208984
10.607199668884277
10.621399879455566
10.612700462341309
10.431599617004395
10.379300117492676
10.333600044250488
10.39680004119873
10.592700004577637
10.673199653625488
10.673399925231934
10.330599784851074
10.614800453186035
10.561200141906738
10.668499946594238
10.574999809265137
10.413599967956543
10.324399948120117
10.326199531555176
10.521900177001953
10.263400077819824
10.459799766540527
10.438899993896484
10.570599555969238
10.385199546813965
10.518199920654297
10.265399932861328
10.533100128173828
10.454899787902832
10.269100189208984
10.599900245666504
10.332500457763672
10.474200248718262
10.608099937438965
10.560099601745605
10.634400367736816
13.287199974060059
13.176300048828125
13.047200202941895
13.189499855041504
13.021900177001953
13.158699989318848
13.030900001525879
13.30780029296875
13.369600296020508
13.22029972076416
13.194000244140625
13.336600303649902
13.305999755859375
13.157600402832031
12.865699768066406
12.828499794006348
13.099200248718262
13.013699531555176
13.018799781799316
12.996000289916992
13.127699851989746
12.964300155639648
13.065199851989746
13.19219970703125
13.106800079345703
13.22920036315918
13.137399673461914
12.992199897766113
13.17080020904541
13.027899742126465
12.866999626159668
12.717399597167969
12.837300300598145
12.79699993133545
12.8302001953125
12.684300422668457
13.001700401306152
12.851900100708008
12.868499755859375
12.725199699401855
12.858099937438965
13.130800247192383
12.70829963684082
12.976499557495117
13.004899978637695
12.997300148010254
12.762100219726562
12.648900032043457
12.941100120544434
12.910599708557129
12.933600425720215
12.919599533081055
12.67039966583252
12.940699577331543
12.967399597167969
12.95680046081543
12.806400299072266
12.65310001373291
12.796500205993652
12.712200164794922
13.003899574279785
12.886099815368652
12.908499717712402
13.017999649047852
13.0447998046875
12.944199562072754
12.89799976348877
13.018400192260742
13.175100326538086
13.028599739074707
13.378000259399414
13.384200096130371
12.97439956665039
13.065299987792969
13.215100288391113
13.094499588012695
13.1899995803833
13.071999549865723
13.244600296020508
13.250699996948242
13.233599662780762
13.10830020904541
13.104999542236328
12.991600036621094
13.0826997756958
12.970800399780273
13.160099983215332
13.048299789428711
13.128499984741211
13.018199920654297
13.328800201416016
13.062299728393555
13.156800270080566
13.19480037689209
13.260000228881836
13.129199981689453
13.254899978637695
13.12279987335205
13.283499717712402
13.152999877929688
13.13640022277832
13.274999618530273
15.69320011138916
15.988200187683105
15.872300148010254
15.71969985961914
15.817700386047363
15.75790023803711
15.970999717712402
15.682299613952637
15.886799812316895
16.008899688720703
16.0393009185791
15.747900009155273
15.996600151062012
15.708900451660156
15.871899604797363
15.722700119018555
15.887299537658691
15.735099792480469
15.916000366210938
15.619199752807617
15.744400024414062
15.599100112915039
15.625200271606445
15.61359977722168
15.951399803161621
15.656999588012695
15.821599960327148
15.967499732971191
15.69159984588623
15.778300285339355
15.794899940490723
15.846400260925293
15.457300186157227
15.589699745178223
15.739700317382812
15.84469985961914
15.694100379943848
15.551799774169922
15.451800346374512
15.84160041809082
15.825400352478027
15.54580020904541
15.694899559020996
15.832300186157227
15.570799827575684
15.603500366210938
15.682000160217285
15.717300415039062
15.751700401306152
15.696200370788574
15.609000205993652
19.167699813842773
18.792499542236328
19.08769989013672
18.970800399780273
18.824600219726562
19.162599563598633
19.015100479125977
18.959400177001953
18.947599411010742
19.1112003326416
18.815399169921875
20.361499786376953
20.566099166870117
20.44339942932129
20.502099990844727
20.424800872802734
20.3341007232666
20.205900192260742
20.489900588989258
20.613800048828125
20.312999725341797
20.369199752807617
20.45789909362793
20.467300415039062
20.426799774169922
20.370100021362305
20.58530044555664
20.28510093688965
20.21269989013672
20.524799346923828
20.515899658203125
20.375699996948242
20.43549919128418
20.565799713134766
20.18400001525879
20.4778995513916
20.41510009765625
20.457500457763672
20.28499984741211
20.181800842285156
20.366100311279297
20.225799560546875
20.225400924682617
20.508899688720703
20.3125
20.329599380493164
20.44770050048828
20.45210075378418
20.30430030822754
20.16390037536621
20.186500549316406
20.46339988708496
20.285499572753906
20.146499633789062
20.318300247192383
20.161399841308594
20.29290008544922
20.282899856567383
20.30620002746582
20.440399169921875
20.33919906616211
20.202699661254883
20.41699981689453
20.402000427246094
20.219900131225586
20.357900619506836
20.270099639892578
20.1289005279541
20.362300872802734
6.6724700927734375
6.705580234527588
6.796629905700684
6.548389911651611
6.7124199867248535
6.694089889526367
6.581789970397949
6.588170051574707
6.74806022644043
6.624919891357422
6.75137996673584
6.671840190887451
6.796130180358887
6.581719875335693
6.580540180206299
6.600860118865967
6.4788498878479
6.725359916687012
6.479959964752197
6.64877986907959
6.7707600593566895
6.701670169830322
6.578249931335449
6.464829921722412
6.812260150909424
6.464330196380615
6.570380210876465
6.582650184631348
6.603250026702881
6.688310146331787
6.70635986328125
6.823379993438721
6.506279945373535
6.742790222167969
6.82056999206543
6.698939800262451
6.713319778442383
6.620940208435059
6.507840156555176
6.649159908294678
6.5274200439453125
6.769959926605225
6.526279926300049
6.703420162200928
6.629680156707764
6.701230049133301
6.580160140991211
6.605130195617676
6.726990222930908
6.721529960632324
6.7233500480651855
6.607649803161621
6.6670098304748535
6.7913498878479
6.590350151062012
6.592169761657715
6.6715898513793945
6.54911994934082
6.5446600914001465
6.791359901428223
11.09119987487793
11.496399879455566
11.192500114440918
11.099699974060059
11.468999862670898
11.461400032043457
11.413100242614746
11.261899948120117
11.522500038146973
11.526399612426758
11.286299705505371
11.201700210571289
11.509300231933594
11.439200401306152
11.427499771118164
11.315899848937988
11.082599639892578
11.056400299072266
11.13029956817627
11.23490047454834
11.334500312805176
11.185799598693848
11.450699806213379
11.39680004119873
11.163299560546875
11.085800170898438
11.449999809265137
11.193400382995605
11.252799987792969
11.168299674987793
11.264800071716309
10.97700023651123
11.134300231933594
10.990400314331055
11.111700057983398
11.14840030670166
10.882399559020996
10.870200157165527
11.001799583435059
11.34749984741211
11.370499610900879
11.123100280761719
11.253899574279785
11.110400199890137
11.244000434875488
10.97920036315918
10.977399826049805
10.814299583435059
10.939000129699707
10.943300247192383
10.886099815368652
10.872200012207031
11.132599830627441
11.017000198364258
11.223199844360352
10.860300064086914
11.139100074768066
11.114899635314941
11.195599555969238
11.320300102233887
11.276399612426758
11.135600090026855
11.178899765014648
11.015999794006348
10.96679973602295
10.77750015258789
10.76099967956543
11.092100143432617
10.825699806213379
11.093600273132324
11.009599685668945
11.166099548339844
11.179300308227539
11.290300369262695
11.067299842834473
11.018899917602539
10.892200469970703
11.042699813842773
11.138899803161621
10.929200172424316
11.202300071716309
10.899100303649902
10.82960033416748
11.266200065612793
11.145099639892578
11.267600059509277
11.151399612426758
10.810500144958496
11.105600357055664
10.759599685668945
10.870499610900879
10.920000076293945
10.99370002746582
11.089599609375
10.95580005645752
11.047599792480469
11.336999893188477
11.045700073242188
11.109199523925781
11.207900047302246
11.096400260925293
11.406800270080566
11.407699584960938
11.02239990234375
11.151300430297852
11.068099975585938
11.004400253295898
11.235799789428711
11.35219955444336
11.282600402832031
11.173399925231934
11.297599792480469
11.299699783325195
11.277600288391113
11.1673002243042
11.17300033569336
21.122299194335938
20.964399337768555
21.174100875854492
20.88249969482422
21.13800048828125
20.841800689697266
20.864900588989258
21.156999588012695
20.941999435424805
21.238399505615234
21.038400650024414
20.89389991760254
21.22719955444336
21.077199935913086
20.743200302124023
21.041799545288086
20.913000106811523
20.78569984436035
20.877300262451172
20.84980010986328
20.88599967956543
20.740800857543945
20.819599151611328
20.961000442504883
21.114500045776367
20.95330047607422
21.086599349975586
21.057300567626953
21.101299285888672
20.804500579833984
20.86090087890625
20.575000762939453
20.590900421142578
20.874099731445312
20.655899047851562
20.513500213623047
20.847400665283203
20.701099395751953
20.966999053955078
20.817699432373047
20.98900032043457
20.699399948120117
20.78700065612793
20.741600036621094
20.670799255371094
20.65399932861328
20.469100952148438
20.517499923706055
20.711299896240234
20.564199447631836
20.658300399780273
20.767000198364258
20.610200881958008
20.498300552368164
20.784900665283203
20.72610092163086
20.434900283813477
20.4783992767334
20.588199615478516
7.918799877166748
7.750730037689209
7.876800060272217
7.933919906616211
7.6623101234436035
7.580770015716553
7.972340106964111
7.91765022277832
7.5891900062561035
7.680300235748291
7.9432501792907715
7.950290203094482
7.737400054931641
7.710770130157471
7.787169933319092
7.916639804840088
7.952929973602295
7.9550700187683105
7.855040073394775
7.866980075836182
7.84276008605957
7.659279823303223
7.788269996643066
7.583590030670166
7.659220218658447
7.788360118865967
7.843239784240723
7.7147698402404785
7.6961798667907715
7.824150085449219
7.774829864501953
7.646999835968018
7.785260200500488
7.824999809265137
7.570559978485107
7.6980299949646
7.821710109710693
7.6038899421691895
7.722259998321533
7.607069969177246
7.905109882354736
7.907939910888672
7.778600215911865
7.700290203094482
7.773240089416504
7.648330211639404
7.897719860076904
7.896729946136475
7.828169822692871
7.703859806060791
7.7855000495910645
7.5720601081848145
7.659900188446045
7.911109924316406
7.771770000457764
7.701550006866455
7.700220108032227
7.824240207672119
17.552000045776367
17.706600189208984
17.430599212646484
17.72170066833496
17.737699508666992
17.465599060058594
17.316499710083008
17.61050033569336
17.468799591064453
17.364299774169922
17.3966007232666
17.519699096679688
17.375099182128906
17.45789909362793
17.3971004486084
17.505399703979492
17.642499923706055
17.70639991760254
17.505300521850586
17.659799575805664
17.3799991607666
17.672800064086914
17.573699951171875
17.2814998626709
17.589099884033203
17.445499420166016
17.348100662231445
17.29010009765625
17.41349983215332
17.5625
17.64299964904785
17.53059959411621
17.540199279785156
17.24329948425293
17.333799362182617
17.48740005493164
17.23150062561035
17.375200271606445
17.3031005859375
17.179899215698242
17.550199508666992
17.445600509643555
17.437400817871094
17.40839958190918
17.554500579833984
17.1825008392334
17.201099395751953
17.3439998626709
17.20319938659668
17.489700317382812
17.324899673461914
17.281400680541992
17.425199508666992
17.4242000579834
17.531099319458008
17.388500213623047
17.292499542236328
17.29159927368164
17.524799346923828
11.810400009155273
11.933600425720215
12.06820011138916
11.990599632263184
11.756099700927734
11.885899543762207
11.889599800109863
11.837499618530273
11.838299751281738
12.113699913024902
12.11520004272461
12.008199691772461
12.017600059509277
11.908300399780273
12.040599822998047
12.014300346374512
12.006600379943848
11.890899658203125
11.89430046081543
11.714699745178223
11.726300239562988
11.711099624633789
11.888899803161621
12.06760025024414
11.934599876403809
11.893099784851074
11.728400230407715
12.00510025024414
11.876199722290039
11.986300468444824
11.860699653625488
12.020000457763672
11.876299858093262
12.007100105285645
11.868499755859375
11.9375
11.839500427246094
11.898099899291992
11.812299728393555
12.187800407409668
12.133299827575684
12.151800155639648
11.855199813842773
12.029199600219727
12.100700378417969
11.99839973449707
12.072699546813965
11.868399620056152
11.804900169372559
12.146499633789062
12.065500259399414
13.040399551391602
13.180000305175781
13.175200462341309
12.896300315856934
12.913100242614746
13.046600341796875
13.041799545288086
12.916299819946289
12.896100044250488
13.138199806213379
13.004300117492676
12.920299530029297
12.914899826049805
13.057499885559082
12.990500450134277
13.139200210571289
13.028400421142578
13.016200065612793
13.159099578857422
12.910400390625
13.186200141906738
13.116700172424316
12.820699691772461
12.96310043334961
13.071900367736816
12.891500473022461
13.105299949645996
13.163000106811523
13.03439998626709
12.78339958190918
12.867300033569336
12.78339958190918
13.144800186157227
12.924799919128418
13.065400123596191
12.92140007019043
13.003499984741211
13.16409969329834
13.159099578857422
13.012900352478027
13.11520004272461
13.236000061035156
13.101200103759766
13.0423002243042
13.027299880981445
13.20829963684082
12.877599716186523
12.963000297546387
12.831199645996094
12.924799919128418
13.040599822998047
13.256600379943848
13.181699752807617
13.300700187683105
13.296199798583984
13.204000473022461
15.085800170898438
15.070699691772461
15.374199867248535
15.08180046081543
15.230999946594238
15.214300155639648
15.237000465393066
15.098899841308594
15.215499877929688
15.112799644470215
15.266400337219238
15.334199905395508
15.226200103759766
15.232099533081055
15.38759994506836
15.403200149536133
15.094200134277344
14.986800193786621
14.86240005493164
15.137100219726562
15.153499603271484
15.11139965057373
15.261300086975098
15.276599884033203
14.85319995880127
15.188699722290039
15.337900161743164
15.353300094604492
15.064200401306152
15.012399673461914
15.026200294494629
15.177300453186035
15.043499946594238
14.775199890136719
15.064299583435059
14.928899765014648
15.030099868774414
14.91569995880127
14.972100257873535
14.842000007629395
14.910300254821777
14.812600135803223
14.963199615478516
15.100299835205078
14.96679973602295
14.898300170898438
14.930299758911133
14.794699668884277
15.083100318908691
14.681699752807617
14.824199676513672
14.851400375366211
14.997099876403809
14.655900001525879
14.802800178527832
14.668100357055664
14.957799911499023
14.981900215148926
15.03380012512207
14.766300201416016
15.04990005493164
15.0068998336792
14.723199844360352
14.751500129699707
14.843600273132324
14.892900466918945
14.751899719238281
14.852800369262695
16.18950080871582
16.186599731445312
16.336000442504883
16.0841007232666
16.0226993560791
16.311800003051758
16.325599670410156
16.037099838256836
16.2362003326416
16.227100372314453
16.378000259399414
16.090200424194336
16.381000518798828
16.00749969482422
16.29640007019043
16.157499313354492
16.209199905395508
16.274599075317383
15.995200157165527
16.097900390625
16.249099731445312
16.331899642944336
16.185100555419922
16.006200790405273
16.146299362182617
16.007400512695312
16.15329933166504
16.315500259399414
16.02280044555664
16.055700302124023
15.920999526977539
16.0585994720459
16.212600708007812
15.764599800109863
15.915900230407715
16.076499938964844
16.227699279785156
16.26129913330078
15.976200103759766
15.938799858093262
16.23110008239746
16.2455997467041
15.962900161743164
17.6742000579834
17.730100631713867
17.89109992980957
17.62470054626465
17.97319984436035
17.881500244140625
17.612899780273438
17.93400001525879
17.72330093383789
17.79159927368164
17.694299697875977
17.99340057373047
18.02079963684082
18.042400360107422
17.83919906616211
17.72279930114746
17.658300399780273
17.604400634765625
17.716400146484375
17.980600357055664
17.931499481201172
17.96430015563965
17.995500564575195
17.651599884033203
17.774999618530273
17.56760025024414
17.579200744628906
17.561100006103516
17.953899383544922
17.877500534057617
17.94300079345703
17.640399932861328
17.59000015258789
17.721799850463867
17.600400924682617
18.067699432373047
18.029800415039062
17.798599243164062
17.750999450683594
17.909099578857422
17.870800018310547
17.712900161743164
17.826200485229492
17.691200256347656
17.806499481201172
17.993999481201172
18.03700065612793
18.019899368286133
17.958200454711914
17.63680076599121
17.727399826049805
21.70989990234375
21.564599990844727
21.576000213623047
21.734600067138672
21.670299530029297
21.525999069213867
21.539199829101562
21.696699142456055
21.747699737548828
21.602699279785156
21.616199493408203
21.77050018310547
21.405899047851562
21.561800003051758
21.622299194335938
21.478599548339844
21.497800827026367
21.656200408935547
21.57740020751953
21.4335994720459
21.444400787353516
21.60569953918457
5.895170211791992
6.012670040130615
6.011620044708252
5.8915300369262695
5.832849979400635
6.068910121917725
5.832630157470703
5.950689792633057
6.017690181732178
5.899439811706543
6.0176100730896
5.8993000984191895
6.134550094604492
6.016520023345947
6.017419815063477
5.89939022064209
5.8331499099731445
5.9511399269104
6.068749904632568
6.068709850311279
5.8991498947143555
6.0171098709106445
6.016109943389893
5.897669792175293
6.013490200042725
5.896009922027588
6.0147600173950195
5.897550106048584
6.010340213775635
5.892980098724365
5.89385986328125
6.012279987335205
5.898640155792236
6.015940189361572
6.134009838104248
5.898449897766113
5.898540019989014
6.015880107879639
5.898739814758301
6.016019821166992
5.790339946746826
6.028019905090332
5.791230201721191
5.909800052642822
6.001840114593506
5.790090084075928
5.90939998626709
6.028679847717285
5.885890007019043
6.003870010375977
5.888919830322266
6.008240222930908
6.000850200653076
5.883639812469482
6.0013298988342285
5.885089874267578
5.882890224456787
6.002669811248779
6.0023298263549805
5.882420063018799
6.018439769744873
5.89847993850708
8.4231595993042
8.412710189819336
8.535650253295898
8.531720161437988
8.2979097366333
8.630620002746582
8.627670288085938
8.510009765625
8.406840324401855
8.506979942321777
8.630319595336914
8.451239585876465
8.322480201721191
8.658260345458984
8.562509536743164
8.546640396118164
8.65703010559082
8.299349784851074
8.33905029296875
8.419520378112793
8.50393009185791
8.298660278320312
8.385279655456543
8.451350212097168
8.421210289001465
8.54850959777832
8.547670364379883
8.61907958984375
8.550700187683105
8.616129875183105
8.342960357666016
8.369409561157227
8.49547004699707
8.359310150146484
8.417119979858398
8.607339859008789
8.56350040435791
8.516160011291504
8.558440208435059
8.428919792175293
8.287360191345215
8.38185977935791
8.290109634399414
8.63403034210205
8.385580062866211
8.510330200195312
8.597519874572754
8.590270042419434
8.593589782714844
8.384220123291016
8.507909774780273
8.45576000213623
8.573019981384277
8.444120407104492
8.56486988067627
8.472310066223145
8.468480110168457
8.591469764709473
8.585670471191406
8.464159965515137
8.585029602050781
8.466340065002441
11.606900215148926
11.844799995422363
11.702899932861328
11.60789966583252
11.594499588012695
11.75790023803711
11.904899597167969
11.85509967803955
11.559599876403809
11.846400260925293
11.8302001953125
11.593400001525879
11.725700378417969
11.585700035095215
11.71049976348877
11.843500137329102
11.696599960327148
11.73740005493164
11.87559986114502
11.988800048828125
11.846400260925293
11.886199951171875
11.729299545288086
11.687899589538574
11.6318998336792
11.72700023651123
11.860899925231934
17.449800491333008
17.361900329589844
17.207799911499023
17.074199676513672
17.204700469970703
17.108299255371094
17.395700454711914
17.091800689697266
17.37849998474121
17.414499282836914
17.12299919128418
17.315399169921875
17.161800384521484
17.29400062561035
17.24530029296875
17.38290023803711
17.275400161743164
17.25670051574707
16.95509910583496
17.180999755859375
17.024099349975586
17.232099533081055
17.073299407958984
16.983699798583984
17.2731990814209
17.1210994720459
17.02389907836914
17.00189971923828
17.303199768066406
17.343299865722656
17.04949951171875
17.32699966430664
17.260000228881836
16.938600540161133
17.092199325561523
16.780899047851562
17.076400756835938
17.14739990234375
16.845199584960938
16.984800338745117
16.83340072631836
17.112499237060547
16.955699920654297
16.889699935913086
17.159700393676758
16.940399169921875
17.21969985961914
16.905500411987305
17.204099655151367
17.100000381469727
16.808000564575195
17.020999908447266
16.870899200439453
17.015600204467773
16.957500457763672
17.18470001220703
17.17490005493164
16.913400650024414
16.7716007232666
10.120100021362305
9.721019744873047
9.99271011352539
9.713419914245605
9.986689567565918
9.729669570922852
10.001099586486816
9.934220314025879
9.797120094299316
9.95576000213623
9.812370300292969
9.74606990814209
10.013400077819824
10.107099533081055
10.028499603271484
9.753100395202637
10.03219985961914
9.835149765014648
9.70298957824707
9.643750190734863
9.906279563903809
9.672189712524414
9.9268798828125
9.651590347290039
9.915499687194824
9.678569793701172
9.950329780578613
9.860509872436523
9.720760345458984
9.904179573059082
9.7643404006958
9.706589698791504
9.956620216369629
9.556130409240723
9.813340187072754
9.719369888305664
9.590579986572266
9.599499702453613
9.56350040435791
9.832429885864258
9.823220252990723
9.862689971923828
9.856849670410156
9.589969635009766
9.731109619140625
9.636710166931152
9.766960144042969
9.701640129089355
9.727459907531738
9.563380241394043
9.819459915161133
7.523990154266357
7.523159980773926
7.400169849395752
7.278019905090332
7.538859844207764
7.418039798736572
7.447480201721191
7.326379776000977
7.32790994644165
7.418270111083984
7.538879871368408
7.297599792480469
7.537559986114502
7.536220073699951
7.415349960327148
7.328619956970215
7.332009792327881
7.4182000160217285
7.5393500328063965
7.295650005340576
7.496779918670654
7.377649784088135
7.257929801940918
7.442379951477051
7.377190113067627
7.257719993591309
7.496570110321045
7.257599830627441
7.539030075073242
7.538010120391846
7.4179301261901855
7.32181978225708
7.325399875640869
7.42048978805542
7.54049015045166
7.299019813537598
7.307680130004883
7.426330089569092
7.3003997802734375
7.391839981079102
7.436220169067383
7.313910007476807
7.432569980621338
7.311180114746094
7.440919876098633
7.318029880523682
7.197629928588867
7.437679767608643
7.443059921264648
7.321849822998047
7.200409889221191
7.198969841003418
7.306519985198975
7.436999797821045
7.447070121765137
7.328829765319824
7.4093499183654785
7.287330150604248
7.290060043334961
7.416379928588867
7.512499809265137
7.26515007019043
7.507239818572998
7.384789943695068
9.122540473937988
8.980730056762695
9.17765998840332
8.815279960632324
9.191370010375977
9.186010360717773
8.90664005279541
8.822600364685059
9.209970474243164
9.143670082092285
9.00413990020752
8.914380073547363
9.094869613647461
8.818619728088379
9.091050148010254
9.06875991821289
8.863719940185547
9.029219627380371
8.891469955444336
8.861470222473145
8.953160285949707
8.883469581604004
9.144869804382324
9.139880180358887
8.89009952545166
8.808950424194336
9.17018985748291
9.093950271606445
8.868949890136719
8.778440475463867
9.133009910583496
9.038610458374023
9.010160446166992
9.138540267944336
8.78283977508545
9.171589851379395
8.901749610900879
8.899419784545898
8.933719635009766
9.321479797363281
9.198690414428711
9.273019790649414
9.395520210266113
9.226449966430664
9.11769962310791
9.293499946594238
9.187820434570312
9.42238998413086
9.4264497756958
9.154239654541016
9.081279754638672
9.346110343933105
9.285980224609375
9.355850219726562
9.329669952392578
9.263999938964844
9.390569686889648
9.068949699401855
9.318619728088379
9.195019721984863
9.197680473327637
9.328289985656738
9.448860168457031
9.44946002960205
9.259989738464355
9.133390426635742
9.066100120544434
9.141090393066406
9.067090034484863
9.39015007019043
9.083160400390625
9.372489929199219
9.443860054016113
9.447580337524414
9.268329620361328
9.388620376586914
9.081230163574219
9.144280433654785
9.320699691772461
9.320610046386719
9.196940422058105
9.206999778747559
9.135029792785645
9.070199966430664
9.2608003616333
9.13479995727539
9.325530052185059
9.450309753417969
9.447270393371582
9.197879791259766
9.346699714660645
9.220829963684082
9.347949981689453
9.221139907836914
9.24744987487793
9.139530181884766
9.319549560546875
9.217089653015137
11.410699844360352
11.412599563598633
11.36520004272461
11.469499588012695
11.158499717712402
11.34689998626709
11.205400466918945
11.268500328063965
11.439200401306152
11.42240047454834
11.487899780273438
11.281399726867676
11.464500427246094
11.139300346374512
11.204000473022461
11.147199630737305
11.245499610900879
11.276399612426758
11.421899795532227
11.34119987487793
11.32509994506836
11.18850040435791
11.518899917602539
11.378100395202637
11.465700149536133
11.128199577331543
11.224699974060059
11.130999565124512
11.381099700927734
11.248800277709961
11.446599960327148
11.36359977722168
11.54889965057373
11.531800270080566
11.5871000289917
11.295599937438965
11.26159954071045
11.185199737548828
11.31659984588623
11.215499877929688
11.403499603271484
11.503100395202637
11.513400077819824
11.46619987487793
11.50100040435791
11.213899612426758
11.210700035095215
11.422599792480469
11.279500007629395
11.360099792480469
11.17020034790039
11.218700408935547
11.175999641418457
11.324399948120117
11.504400253295898
11.500200271606445
11.468899726867676
11.56779956817627
11.827500343322754
11.786399841308594
11.895500183105469
11.646699905395508
11.625900268554688
11.78950023651123
11.685600280761719
11.546199798583984
11.680500030517578
11.559200286865234
11.76710033416748
11.958999633789062
11.947699546813965
12.014300346374512
12.017200469970703
11.744400024414062
11.785799980163574
11.907899856567383
11.856399536132812
11.666099548339844
11.812800407409668
11.69629955291748
11.850500106811523
11.548299789428711
11.755399703979492
11.661499977111816
11.805299758911133
11.78689956665039
11.645400047302246
11.908599853515625
12.009499549865723
11.680000305175781
11.873800277709961
11.750399589538574
11.892900466918945
11.599100112915039
11.717700004577637
11.633899688720703
11.807299613952637
11.555700302124023
11.603099822998047
11.568099975585938
11.65060043334961
11.734999656677246
11.87279987335205
11.781800270080566
11.64009952545166
12.003899574279785
11.762499809265137
11.641200065612793
11.862099647521973
19.346799850463867
19.33169937133789
19.175199508666992
19.471500396728516
19.376699447631836
19.35700035095215
19.203699111938477
19.500200271606445
19.263500213623047
19.24920082092285
19.390100479125977
19.23539924621582
19.418800354003906
19.080799102783203
18.920299530029297
19.206199645996094
18.900800704956055
19.256500244140625
19.243999481201172
19.083999633789062
19.22570037841797
19.274599075317383
19.13010025024414
19.112600326538086
19.416400909423828
19.457199096679688
19.1564998626709
19.4414005279541
19.284000396728516
18.917999267578125
19.21649932861328
19.19860076904297
19.167999267578125
19.255800247192383
19.10460090637207
19.081199645996094
18.93950080871582
19.138500213623047
19.281400680541992
19.27039909362793
18.976600646972656
19.036100387573242
18.89150047302246
19.161399841308594
19.007400512695312
18.908100128173828
18.753000259399414
18.875900268554688
19.016700744628906
18.961000442504883
18.94219970703125
18.78420066833496
18.769699096679688
19.146400451660156
18.98889923095703
18.842300415039062
18.8218994140625
19.02750015258789
18.885900497436523
19.167400360107422
18.86709976196289
18.7106990814209
19.054899215698242
19.249500274658203
19.1072998046875
19.467500686645508
19.292200088500977
19.404699325561523
19.4685001373291
19.140199661254883
19.358800888061523
19.52560043334961
19.195499420166016
19.075700759887695
19.27869987487793
19.029699325561523
19.350799560546875
19.433799743652344
19.43280029296875
19.254199981689453
19.38640022277832
19.031200408935547
19.098899841308594
19.31290054321289
19.16659927368164
19.319599151611328
19.185400009155273
19.5447998046875
19.553699493408203
19.231599807739258
19.37619972229004
19.019500732421875
19.040000915527344
19.029199600219727
19.535400390625
19.17799949645996
19.347299575805664
19.199199676513672
19.366500854492188
19.15850067138672
19.313199996948242
19.163000106811523
19.326400756835938
19.103300094604492
19.22719955444336
19.13559913635254
19.49340057373047
19.467500686645508
19.468799591064453
19.39310073852539
19.16659927368164
19.05389976501465
19.109899520874023
19.076200485229492
19.33169937133789
19.39929962158203
19.27050018310547
19.42930030822754
19.069400787353516
19.44849967956543
23.513700485229492
23.504499435424805
23.429800033569336
23.409900665283203
23.515600204467773
23.394699096679688
23.403900146484375
4.457859992980957
4.685269832611084
4.685939788818359
4.458590030670166
4.650760173797607
4.535240173339844
4.421539783477783
4.571209907531738
4.421870231628418
4.652780055999756
4.607679843902588
4.60621976852417
4.488550186157227
4.486929893493652
4.495389938354492
4.494420051574707
4.610949993133545
4.491459846496582
4.611020088195801
4.495299816131592
4.612480163574219
4.612669944763184
4.688159942626953
4.574419975280762
4.494229793548584
4.494229793548584
4.700699806213379
4.703649997711182
4.702139854431152
4.597040176391602
4.602779865264893
4.5999298095703125
4.481349945068359
4.479879856109619
4.593070030212402
4.649159908294678
4.651080131530762
4.650020122528076
4.6839799880981445
7.2943902015686035
12.892600059509277
12.817000389099121
12.923399925231934
12.657999992370605
12.96560001373291
12.847599983215332
12.422900199890137
12.411100387573242
12.654199600219727
12.596500396728516
12.693699836730957
12.609800338745117
12.905799865722656
12.889800071716309
12.609700202941895
12.57979965209961
12.885499954223633
12.84850025177002
12.561599731445312
12.914600372314453
12.829999923706055
12.678899765014648
12.583100318908691
12.435700416564941
12.302000045776367
12.714699745178223
12.404899597167969
12.539400100708008
12.49020004272461
12.61340045928955
12.478699684143066
12.492600440979004
12.658499717712402
12.699399948120117
12.504500389099121
12.869099617004395
12.787300109863281
12.501999855041504
12.41469955444336
12.549599647521973
12.26449966430664
12.53600025177002
12.280200004577637
12.413000106811523
12.35830020904541
12.489800453186035
12.404199600219727
12.534799575805664
12.42870044708252
12.561800003051758
12.699399948120117
12.55370044708252
12.285799980163574
12.419599533081055
12.409199714660645
12.52340030670166
12.26930046081543
12.154000282287598
12.40429973602295
12.425700187683105
12.390700340270996
12.406000137329102
12.265999794006348
12.537699699401855
14.113699913024902
14.243399620056152
13.968199729919434
14.097599983215332
14.316699981689453
14.170299530029297
14.202300071716309
14.055100440979004
14.039400100708008
14.06820011138916
14.019800186157227
13.939499855041504
14.104700088500977
14.155799865722656
14.087200164794922
13.949700355529785
14.159799575805664
13.887700080871582
13.824899673461914
13.82040023803711
13.767600059509277
14.014699935913086
14.14799976348877
14.037500381469727
14.16819953918457
13.872400283813477
13.747400283813477
13.759099960327148
13.906900405883789
13.793399810791016
13.896300315856934
13.769100189208984
13.724100112915039
13.748600006103516
13.604000091552734
14.019599914550781
13.87030029296875
13.983200073242188
13.864700317382812
13.751700401306152
13.841899871826172
13.981800079345703
13.998200416564941
13.881099700927734
13.989100456237793
13.81879997253418
13.96560001373291
14.125100135803223
13.843600273132324
13.930399894714355
13.7947998046875
14.06980037689209
13.94260025024414
13.781900405883789
14.078800201416016
14.087599754333496
13.789899826049805
13.894100189208984
14.074600219726562
13.952799797058105
14.089599609375
14.169099807739258
14.157400131225586
14.211600303649902
14.020400047302246
13.941100120544434
13.854999542236328
13.958100318908691
13.868800163269043
14.144800186157227
14.088800430297852
14.145299911499023
14.096199989318848
13.988300323486328
13.573100090026855
14.089300155639648
13.955400466918945
13.955599784851074
14.090299606323242
16.274700164794922
16.35420036315918
16.271400451660156
16.55620002746582
16.421100616455078
16.557600021362305
16.493799209594727
16.690900802612305
16.544200897216797
16.415599822998047
12.135199546813965
12.108499526977539
12.507399559020996
12.050299644470215
12.185799598693848
12.332200050354004
12.156999588012695
12.054300308227539
12.08240032196045
12.125900268554688
12.161499977111816
12.090200424194336
12.379300117492676
11.959600448608398
12.335599899291992
12.329400062561035
12.034000396728516
12.309300422668457
12.246299743652344
12.4173002243042
12.04069995880127
12.11139965057373
12.316800117492676
12.4306001663208
12.333800315856934
12.366700172424316
12.227299690246582
12.246299743652344
12.086299896240234
12.338600158691406
12.226400375366211
12.088500022888184
11.970100402832031
12.110099792480469
12.042200088500977
11.959699630737305
12.175600051879883
11.958100318908691
12.189299583435059
12.236000061035156
12.31879997253418
12.326399803161621
12.225799560546875
12.08080005645752
11.947600364685059
12.08810043334961
12.098799705505371
11.98289966583252
12.190299987792969
11.984199523925781
12.237700462341309
12.123000144958496
12.331399917602539
12.327300071716309
12.197400093078613
11.965299606323242
12.211600303649902
12.071999549865723
12.037599563598633
12.103400230407715
12.076199531555176
12.170000076293945
12.34689998626709
12.237299919128418
12.395899772644043
12.30679988861084
11.954099655151367
11.988499641418457
12.001899719238281
12.04990005493164
12.269200325012207
12.123000144958496
12.191100120544434
12.28439998626709
12.378100395202637
12.38129997253418
12.229499816894531
12.273900032043457
12.309499740600586
12.28600025177002
12.173600196838379
12.412799835205078
12.546699523925781
12.571999549865723
12.303799629211426
12.413900375366211
12.505499839782715
12.410200119018555
12.162699699401855
12.2052001953125
12.156900405883789
12.284799575805664
12.445599555969238
12.328800201416016
12.380200386047363
12.257399559020996
12.390600204467773
12.2608003616333
12.349200248718262
12.231399536132812
12.369500160217285
12.247400283813477
12.336899757385254
12.466699600219727
12.472599983215332
12.339300155639648
12.45110034942627
12.312199592590332
12.330300331115723
12.459799766540527
12.424500465393066
12.245400428771973
12.301199913024902
12.429200172424316
12.193599700927734
12.281700134277344
12.378399848937988
12.510100364685059
12.369199752807617
19.416400909423828
19.121999740600586
19.24799919128418
19.396299362182617
19.452499389648438
19.27739906311035
19.294700622558594
19.073699951171875
19.21579933166504
19.064800262451172
19.35219955444336
19.140100479125977
19.154800415039062
19.265899658203125
19.27790069580078
19.05699920654297
19.195499420166016
19.305099487304688
19.32040023803711
19.091100692749023
19.112699508666992
19.071500778198242
19.364200592041016
18.88409996032715
19.024200439453125
19.143699645996094
19.151199340820312
19.04330062866211
19.043699264526367
18.892200469970703
19.1825008392334
18.971200942993164
19.257600784301758
19.197799682617188
19.109100341796875
19.232099533081055
19.203899383544922
18.981800079345703
19.125900268554688
19.24139976501465
19.227399826049805
18.89259910583496
18.992700576782227
19.15180015563965
19.004600524902344
19.122499465942383
18.875200271606445
19.03179931640625
19.169300079345703
18.950199127197266
18.962299346923828
19.048900604248047
18.99530029296875
19.18400001525879
18.90559959411621
19.113399505615234
19.0669002532959
18.963199615478516
19.222400665283203
19.081300735473633
18.929800033569336
19.212499618530273
19.004100799560547
19.099700927734375
18.99920082092285
19.14699935913086
20.952899932861328
20.76259994506836
20.91189956665039
20.964000701904297
20.529800415039062
20.84469985961914
20.674100875854492
20.82939910888672
20.711999893188477
20.566499710083008
20.695999145507812
20.601999282836914
20.72800064086914
20.788799285888672
20.869400024414062
20.578500747680664
20.61840057373047
20.647499084472656
20.765899658203125
20.92009925842285
20.49679946899414
20.653400421142578
20.779499053955078
20.79360008239746
20.06529998779297
20.365400314331055
20.09749984741211
20.029199600219727
20.320999145507812
20.23699951171875
20.211700439453125
20.337499618530273
20.458599090576172
20.111499786376953
20.192100524902344
20.309200286865234
20.144399642944336
20.46150016784668
20.223600387573242
20.080799102783203
20.378000259399414
20.055599212646484
20.374000549316406
20.29319953918457
4.448190212249756
4.566760063171387
4.622379779815674
4.502749919891357
4.683279991149902
4.694429874420166
4.449009895324707
4.4671502113342285
4.5732598304748535
4.545400142669678
4.685100078582764
4.561910152435303
4.42903995513916
4.663980007171631
4.385469913482666
4.695489883422852
4.690999984741211
4.666049957275391
4.599440097808838
4.480939865112305
4.384339809417725
4.374070167541504
4.469600200653076
4.473820209503174
4.568530082702637
4.589089870452881
4.613430023193359
4.3736701011657715
4.688129901885986
4.472529888153076
4.471869945526123
4.493500232696533
4.59266996383667
4.590270042419434
4.589680194854736
4.59168004989624
4.470300197601318
4.593140125274658
10.147299766540527
9.879369735717773
10.233200073242188
10.114899635314941
10.144200325012207
10.05109977722168
10.015399932861328
10.007499694824219
9.922619819641113
10.114100456237793
9.902239799499512
10.164199829101562
10.032099723815918
10.244400024414062
10.170999526977539
10.032299995422363
9.975419998168945
10.180899620056152
10.046500205993652
10.177800178527832
9.90725040435791
9.874970436096191
9.978679656982422
9.960140228271484
10.09529972076416
10.26140022277832
9.864179611206055
10.048600196838379
10.135000228881836
9.989740371704102
9.889470100402832
9.93634033203125
10.063199996948242
10.218500137329102
10.122099876403809
9.982600212097168
10.206000328063965
9.894550323486328
9.843199729919434
10.168499946594238
9.844079971313477
9.990269660949707
10.130399703979492
10.202500343322754
10.06190013885498
9.899909973144531
9.966580390930176
9.935250282287598
10.05270004272461
10.270899772644043
10.270400047302246
9.868370056152344
9.907830238342285
10.182000160217285
10.178899765014648
10.192500114440918
10.106100082397461
10.234399795532227
10.120800018310547
10.215100288391113
10.228300094604492
9.957719802856445
9.988920211791992
10.174200057983398
10.288999557495117
10.008899688720703
10.287599563598633
10.119600296020508
9.918399810791016
10.151300430297852
9.920299530029297
10.23289966583252
10.24470043182373
9.898260116577148
16.71139907836914
16.515399932861328
16.50149917602539
16.557300567626953
16.67020034790039
16.52989959716797
16.803800582885742
16.814699172973633
16.827999114990234
16.54400062561035
16.67140007019043
16.541000366210938
16.746200561523438
16.689300537109375
16.79520034790039
16.743499755859375
16.60260009765625
16.589799880981445
16.449199676513672
16.606599807739258
16.46430015563965
16.629100799560547
16.490400314331055
16.531099319458008
16.689899444580078
16.766599655151367
16.624000549316406
16.481800079345703
16.793800354003906
16.624000549316406
16.781999588012695
16.214500427246094
16.51759910583496
16.383899688720703
16.536100387573242
16.233699798583984
16.385799407958984
16.582700729370117
16.445600509643555
16.55389976501465
16.416099548339844
19.340900421142578
19.349199295043945
19.463199615478516
19.47319984436035
19.48699951171875
19.62470054626465
19.487499237060547
19.362899780273438
19.633899688720703
19.24449920654297
19.340999603271484
19.38450050354004
19.38170051574707
19.493900299072266
19.357799530029297
19.207300186157227
19.480300903320312
19.19729995727539
19.336700439453125
19.269100189208984
19.419200897216797
19.224700927734375
19.363500595092773
19.211700439453125
19.489900588989258
19.43199920654297
19.30780029296875
19.489299774169922
19.42020034790039
19.359699249267578
19.344600677490234
19.227100372314453
19.205900192260742
19.229999542236328
19.119199752807617
19.494400024414062
19.10930061340332
19.26449966430664
19.242700576782227
19.500699996948242
19.38450050354004
19.210100173950195
19.338199615478516
19.058500289916992
19.125200271606445
19.265399932861328
19.189300537109375
19.333499908447266
19.07550048828125
19.48710060119629
19.07390022277832
19.155899047851562
