# vtk DataFile Version 3.0
SHAPE_sfm_50k_v20200323
ASCII
DATASET POLYDATA
POINTS 3319 float
0.057870895 -0.17186633 0.14852932
0.057168663 -0.1733409 0.14684936
0.057870895 -0.1731805 0.14684936
0.05619088 -0.17204109 0.14852932
0.05619088 -0.1733409 0.14711323
0.0591698 -0.1716609 0.14852932
0.05955088 -0.17290267 0.14684936
0.05955088 -0.1716609 0.14845887
0.05955088 -0.17160484 0.14852932
0.061230898 -0.17281319 0.14684936
0.061230898 -0.1716609 0.14827874
0.062910885 -0.17179406 0.14852932
0.06258839 -0.1716609 0.14852932
0.062910885 -0.1732866 0.14684936
0.061230898 -0.17145717 0.14852932
0.0645909 -0.17252554 0.14852932
0.0645909 -0.1733409 0.14783612
0.06301898 -0.1733409 0.14684936
0.065511584 -0.1716609 0.14852932
0.06627089 -0.1716609 0.14804932
0.06609264 -0.1733409 0.14684936
0.06627089 -0.17323011 0.14684936
0.06627089 -0.17098969 0.14852932
0.067679614 -0.1716609 0.14684936
0.06769869 -0.16998091 0.14852932
0.067950904 -0.17146304 0.14684936
0.067950904 -0.16998091 0.14838818
0.06963089 -0.17071593 0.14684936
0.06963089 -0.16998091 0.147535
0.067950904 -0.16983497 0.14852932
0.06963089 -0.16893646 0.14852932
0.07094416 -0.16998091 0.14684936
0.07122901 -0.1683009 0.14852932
0.07131088 -0.16980273 0.14684936
0.07131088 -0.1683009 0.14849755
0.072990894 -0.16938943 0.14684936
0.072990894 -0.1683009 0.14794382
0.07131088 -0.16827193 0.14852932
0.072990894 -0.1677236 0.14852932
0.07467091 -0.16870871 0.14684936
0.07467091 -0.1683009 0.1471698
0.07520461 -0.1683009 0.14684936
0.07467091 -0.16679263 0.14852932
0.07491344 -0.16662091 0.14852932
0.07635087 -0.16662091 0.14775702
0.07635087 -0.16765156 0.14684936
0.078030884 -0.16700703 0.14684936
0.078030884 -0.16662091 0.14718851
0.07915366 -0.16662091 0.14684936
0.07635087 -0.16570088 0.14852932
0.078030884 -0.16501704 0.14852932
0.07828736 -0.1649409 0.14852932
0.0797109 -0.1649409 0.14815173
0.0797109 -0.16642731 0.14684936
0.0797109 -0.1645141 0.14852932
0.08139092 -0.16576594 0.14684936
0.08139092 -0.1649409 0.14751819
0.083070874 -0.16498971 0.14684936
0.083070874 -0.1649409 0.14689472
0.08139092 -0.16390467 0.14852932
0.083070874 -0.1633364 0.14852932
0.10191834 -0.14646089 0.15356937
0.10323089 -0.14646089 0.15263721
0.10323089 -0.1457924 0.15356937
0.10458058 -0.1447809 0.15356937
0.10491091 -0.1447809 0.15326205
0.10429543 -0.14646089 0.15188935
0.10491091 -0.1460833 0.15188935
0.10659087 -0.14519402 0.15188935
0.10659087 -0.1447809 0.15228787
0.10491091 -0.14452052 0.15356937
0.10659087 -0.1434466 0.15356937
0.10732955 -0.1447809 0.15188935
0.10721207 -0.14310089 0.15356937
0.10827088 -0.14310089 0.15301749
0.10827088 -0.14424625 0.15188935
0.1099509 -0.14328545 0.15188935
0.1099509 -0.14310089 0.15206751
0.10827088 -0.14257842 0.15356937
0.1099509 -0.14178815 0.15356937
0.11027038 -0.14310089 0.15188935
0.11108172 -0.1414209 0.15356937
0.11163092 -0.14241913 0.15188935
0.11163092 -0.1414209 0.15331015
0.11331087 -0.14157295 0.15188935
0.11331087 -0.1414209 0.15208384
0.11163092 -0.1412135 0.15356937
0.11331087 -0.14013743 0.15356937
0.1137048 -0.1414209 0.15188935
0.11379832 -0.13974091 0.15356937
0.11499089 -0.13974091 0.15270206
0.11499089 -0.1407764 0.15188935
0.11607009 -0.13974091 0.15188935
0.11499089 -0.13871056 0.15356937
0.1156469 -0.1380609 0.15356937
0.11667091 -0.1380609 0.15270987
0.11667091 -0.13913327 0.15188935
0.11667091 -0.13689193 0.15356937
0.117679715 -0.1380609 0.15188935
0.11835086 -0.13738605 0.15188935
0.117183566 -0.13638091 0.15356937
0.040644735 -0.16662091 0.15860936
0.04107088 -0.16797712 0.15692934
0.04107088 -0.16662091 0.1585209
0.042750895 -0.16769904 0.15692934
0.042750895 -0.16662091 0.15804347
0.04443088 -0.16733846 0.15692934
0.04443088 -0.16662091 0.15764633
0.0461109 -0.16702008 0.15692934
0.0461109 -0.16662091 0.15733328
0.04744363 -0.16662091 0.15692934
0.05619088 -0.1427902 0.17876932
0.057870895 -0.14250836 0.17876932
0.057870895 -0.1414209 0.17955485
0.05619088 -0.1414209 0.17973325
0.05955088 -0.14196065 0.17876932
0.05955088 -0.1414209 0.17915943
0.057870895 -0.14022279 0.18044934
0.05619088 -0.14040041 0.18044934
0.059520632 -0.13974091 0.18044934
0.05955088 -0.13974091 0.18044028
0.06075889 -0.1414209 0.17876932
0.061230898 -0.13974091 0.1798391
0.061230898 -0.14119348 0.17876932
0.062910885 -0.14043048 0.17876932
0.062910885 -0.13974091 0.17926565
0.064361036 -0.13974091 0.17876932
0.05955088 -0.13972947 0.18044934
0.061230898 -0.13894153 0.18044934
0.062910885 -0.13813668 0.18044934
0.063059986 -0.1380609 0.18044934
0.0645909 -0.1380609 0.17985132
0.0645909 -0.13962272 0.17876932
0.06627089 -0.13870087 0.17876932
0.06627089 -0.1380609 0.17920622
0.0645909 -0.13716343 0.18044934
0.0661082 -0.13638091 0.18044934
0.06627089 -0.13638091 0.18039551
0.067373276 -0.1380609 0.17876932
0.067950904 -0.13638091 0.17986712
0.067950904 -0.13773096 0.17876932
0.06963089 -0.13685653 0.17876932
0.06963089 -0.13638091 0.17928973
0.06627089 -0.13631624 0.18044934
0.067950904 -0.13575265 0.18044934
0.06963089 -0.13536435 0.18044934
0.07076532 -0.13638091 0.17876932
0.07131088 -0.13472629 0.18044934
0.07131088 -0.13620305 0.17876932
0.07137784 -0.1347009 0.18044934
0.072990894 -0.1347009 0.17994437
0.072990894 -0.13585722 0.17876932
0.072990894 -0.13415867 0.18044934
0.07467091 -0.1354608 0.17876932
0.07467091 -0.1347009 0.17955199
0.07635087 -0.13482991 0.17876932
0.07635087 -0.1347009 0.17889574
0.07467091 -0.13366672 0.18044934
0.07608771 -0.13302091 0.18044934
0.07635087 -0.13302091 0.18033925
0.026130736 -0.1447809 0.18380937
0.025950879 -0.14620826 0.18212935
0.027630895 -0.1447809 0.18319258
0.027630895 -0.14557531 0.18212935
0.025950879 -0.14482632 0.18380937
0.029310882 -0.14533019 0.18212935
0.029310882 -0.1447809 0.1827139
0.027630895 -0.1443274 0.18380937
0.029310882 -0.14372906 0.18380937
0.030990899 -0.14484793 0.18212935
0.030990899 -0.1447809 0.18219635
0.031136483 -0.1447809 0.18212935
0.0306606 -0.14310089 0.18380937
0.030990899 -0.14310089 0.18365881
0.032670885 -0.14310089 0.1829246
0.032670885 -0.14402238 0.18212935
0.0343509 -0.14332065 0.18212935
0.0343509 -0.14310089 0.18232086
0.034909636 -0.14310089 0.18212935
0.030990899 -0.14292088 0.18380937
0.032670885 -0.1421094 0.18380937
0.0343509 -0.14158475 0.18380937
0.034818918 -0.1414209 0.18380937
0.03603089 -0.1414209 0.18337414
0.03603089 -0.14270577 0.18212935
0.03603089 -0.14097768 0.18380937
0.037710875 -0.14219418 0.18212935
0.037710875 -0.1414209 0.18287191
0.03939089 -0.14177096 0.18212935
0.03939089 -0.1414209 0.18247154
0.037710875 -0.14048159 0.18380937
0.03939089 -0.14004591 0.18380937
0.040561974 -0.1414209 0.18212935
0.040239394 -0.13974091 0.18380937
0.04107088 -0.13974091 0.18349406
0.04107088 -0.1412436 0.18212935
0.042750895 -0.14051688 0.18212935
0.042750895 -0.13974091 0.18280116
0.06963089 -0.122564435 0.18884936
0.07131088 -0.12286821 0.18884936
0.07131088 -0.12126091 0.1896657
0.06963089 -0.12126091 0.18977115
0.072990894 -0.12267619 0.18884936
0.072990894 -0.12126091 0.18954125
0.06963089 -0.12026641 0.19052932
0.07131088 -0.11984891 0.19052932
0.072012424 -0.119580895 0.19052932
0.072990894 -0.119580895 0.19026807
0.07467091 -0.12198165 0.18884936
0.07467091 -0.12126091 0.18905881
0.07517606 -0.12126091 0.18884936
0.07467091 -0.119580895 0.18952593
0.0761596 -0.119580895 0.18884936
0.072990894 -0.11865783 0.19052932
0.07346684 -0.11790091 0.19052932
0.07467091 -0.11790091 0.19003013
0.07635087 -0.11790091 0.18941519
0.07635087 -0.11932784 0.18884936
0.07467091 -0.11679655 0.19052932
0.07590175 -0.11622089 0.19052932
0.07635087 -0.11622089 0.1904051
0.07635087 -0.11572206 0.19052932
0.07770693 -0.11790091 0.18884936
0.078030884 -0.11622089 0.18953368
0.078030884 -0.11762944 0.18884936
0.07929498 -0.11622089 0.18884936
0.07681644 -0.114540905 0.19052932
0.078030884 -0.114540905 0.18995187
0.0797109 -0.114540905 0.18907622
0.0797109 -0.11540255 0.18884936
0.078030884 -0.11286089 0.19045636
0.07787961 -0.11286089 0.19052932
0.0797109 -0.11286089 0.18960926
0.080229044 -0.114540905 0.18884936
0.08139092 -0.11286089 0.18901554
0.08139092 -0.113287956 0.18884936
0.0819664 -0.11286089 0.18884936
0.078030884 -0.11268464 0.19052932
0.07941681 -0.1111809 0.19052932
0.0797109 -0.1111809 0.19038627
0.0797109 -0.110893816 0.19052932
0.08139092 -0.1111809 0.18970636
0.083070874 -0.1111809 0.18929526
0.083070874 -0.11221737 0.18884936
0.08126342 -0.109500885 0.19052932
0.08139092 -0.109500885 0.19047776
0.083070874 -0.109500885 0.18992546
0.08139092 -0.10938591 0.19052932
0.083070874 -0.10798222 0.19052932
0.11667091 -0.1414209 0.14998367
0.11835086 -0.1418648 0.14852932
0.11835086 -0.1414209 0.14890376
0.11667091 -0.1430831 0.14852932
0.118811905 -0.1414209 0.14852932
0.118332386 -0.13974091 0.15020934
0.11835086 -0.13974091 0.15019605
0.11667091 -0.14115691 0.15020934
0.12003088 -0.13974091 0.14893237
0.12003088 -0.14021534 0.14852932
0.11835086 -0.13972306 0.15020934
0.042750895 -0.16998091 0.15382966
0.042750895 -0.17019463 0.15356937
0.04382053 -0.16998091 0.15356937
0.04443088 -0.16859338 0.15524933
0.04443088 -0.16985404 0.15356937
0.042750895 -0.16893065 0.15524933
0.045800656 -0.1683009 0.15524933
0.0461109 -0.16944358 0.15356937
0.0461109 -0.1683009 0.1551446
0.0461109 -0.16823182 0.15524933
0.047790885 -0.16900924 0.15356937
0.047790885 -0.1683009 0.15451369
0.0494709 -0.1686272 0.15356937
0.0494709 -0.1683009 0.15395871
0.047790885 -0.16779488 0.15524933
0.0494709 -0.16727808 0.15524933
0.051117092 -0.1683009 0.15356937
0.05115089 -0.16697648 0.15524933
0.05115089 -0.16829488 0.15356937
0.052830875 -0.16803181 0.15356937
0.052830875 -0.16664475 0.15524933
0.05293399 -0.16662091 0.15524933
0.05451089 -0.16662091 0.15483907
0.05451089 -0.16772166 0.15356937
0.05619088 -0.16741946 0.15356937
0.05619088 -0.16662091 0.15449437
0.05451089 -0.16628137 0.15524933
0.05619088 -0.16601261 0.15524933
0.057870895 -0.16726989 0.15356937
0.057870895 -0.16662091 0.15432903
0.05955088 -0.16714835 0.15356937
0.05955088 -0.16662091 0.15415117
0.061230898 -0.16687909 0.15356937
0.061230898 -0.16662091 0.15384653
0.062571645 -0.16662091 0.15356937
0.08005047 -0.13302091 0.17876932
0.08139092 -0.13302091 0.17801985
0.08139092 -0.13218716 0.17876932
0.08275753 -0.13134089 0.17876932
0.083070874 -0.13302091 0.17710987
0.083070874 -0.13134089 0.1786063
0.083070874 -0.1311531 0.17876932
0.083070874 -0.13304275 0.17708936
0.083117425 -0.13302091 0.17708936
0.08475089 -0.13134089 0.17776921
0.08475089 -0.13223734 0.17708936
0.08643091 -0.1313999 0.17708936
0.08643091 -0.13134089 0.17712495
0.08475089 -0.13008791 0.17876932
0.08540785 -0.1296609 0.17876932
0.08643091 -0.1296609 0.1782805
0.08651233 -0.13134089 0.17708936
0.088110864 -0.1296609 0.17767027
0.088110864 -0.13029647 0.17708936
0.089285254 -0.1296609 0.17708936
0.08643091 -0.1290434 0.17876932
0.088110864 -0.12842283 0.17876932
0.08913821 -0.12798089 0.17876932
0.08979088 -0.12798089 0.1783193
0.08979088 -0.12925297 0.17708936
0.08979088 -0.12739688 0.17876932
0.09061152 -0.12798089 0.17708936
0.09026927 -0.1263009 0.17876932
0.0914709 -0.12657228 0.17708936
0.0914709 -0.1263009 0.17726925
0.09168267 -0.1263009 0.17708936
0.0914709 -0.124620885 0.17840913
0.09106463 -0.124620885 0.17876932
0.09315091 -0.124620885 0.17713967
0.09315091 -0.1247001 0.17708936
0.0914709 -0.1241464 0.17876932
0.092571676 -0.1229409 0.17876932
0.09315091 -0.1229409 0.17827663
0.093219995 -0.124620885 0.17708936
0.094573855 -0.1229409 0.17708936
0.09315091 -0.12226868 0.17876932
0.09406066 -0.12126091 0.17876932
0.09483087 -0.12126091 0.17817864
0.09483087 -0.12266436 0.17708936
0.09651089 -0.12145883 0.17708936
0.09651089 -0.12126091 0.17725495
0.09483087 -0.12042931 0.17876932
0.096012056 -0.119580895 0.17876932
0.09651089 -0.119580895 0.17857006
0.09651089 -0.119405 0.17876932
0.09651089 -0.11286089 0.1826149
0.09651089 -0.1141642 0.18212935
0.09761453 -0.11286089 0.18212935
0.09251976 -0.11286089 0.18380937
0.09315091 -0.11286089 0.1835734
0.09315091 -0.1124416 0.18380937
0.09483087 -0.11286089 0.18316612
0.09483087 -0.11152661 0.18380937
0.09529948 -0.1111809 0.18380937
0.09651089 -0.1111809 0.1831164
0.09651089 -0.109500885 0.18347076
0.09588134 -0.109500885 0.18380937
0.09651089 -0.10787618 0.18380937
0.0981909 -0.1111809 0.18250671
0.0981909 -0.112119675 0.18212935
0.09987092 -0.11198792 0.18212935
0.09987092 -0.1111809 0.18265507
0.0981909 -0.109500885 0.18277809
0.09987092 -0.109500885 0.18244514
0.10059607 -0.1111809 0.18212935
0.10033095 -0.109500885 0.18212935
0.0965389 -0.1078209 0.18380937
0.0981909 -0.1078209 0.18315354
0.09987092 -0.1078209 0.18238655
0.0981909 -0.10664263 0.18380937
0.0989638 -0.10614091 0.18380937
0.05619088 -0.13134089 0.18634179
0.057870895 -0.13146153 0.18548933
0.057870895 -0.13134089 0.18556306
0.05619088 -0.13243812 0.18548933
0.05848229 -0.13134089 0.18548933
0.056517065 -0.1296609 0.18716934
0.057870895 -0.1296609 0.18676594
0.05619088 -0.12996474 0.18716934
0.05955088 -0.1296609 0.18649724
0.05955088 -0.13121751 0.18548933
0.061230898 -0.13097635 0.18548933
0.061230898 -0.1296609 0.18602929
0.062910885 -0.12992796 0.18548933
0.062910885 -0.1296609 0.1856403
0.057870895 -0.12912834 0.18716934
0.05955088 -0.12889606 0.18716934
0.061230898 -0.1283418 0.18716934
0.061862797 -0.12798089 0.18716934
0.062910885 -0.12798089 0.18688014
0.062910885 -0.12766454 0.18716934
0.06364235 -0.1296609 0.18548933
0.06640968 -0.1296609 0.18548933
0.067950904 -0.12973997 0.18548933
0.067950904 -0.1296609 0.18555161
0.068606615 -0.1296609 0.18548933
0.0645909 -0.12798089 0.18709835
0.0645909 -0.12950778 0.18548933
0.06627089 -0.12956873 0.18548933
0.06627089 -0.12798089 0.18692395
0.0645909 -0.12791824 0.18716934
0.06627089 -0.12769023 0.18716934
0.067950904 -0.12798089 0.18666837
0.06963089 -0.12798089 0.18631622
0.06963089 -0.12935558 0.18548933
0.067950904 -0.12702948 0.18716934
0.06963089 -0.12645426 0.18716934
0.07131088 -0.12889618 0.18548933
0.07131088 -0.12798089 0.18617144
0.072990894 -0.12831864 0.18548933
0.072990894 -0.12798089 0.18574867
0.07131088 -0.12642577 0.18716934
0.07198995 -0.1263009 0.18716934
0.072990894 -0.1263009 0.18697664
0.07369125 -0.12798089 0.18548933
0.07467091 -0.1263009 0.18641874
0.07467091 -0.12749022 0.18548933
0.07635087 -0.12672698 0.18548933
0.07635087 -0.1263009 0.18581632
0.077085495 -0.1263009 0.18548933
0.04107088 -0.1683009 0.15648207
0.042750895 -0.1683009 0.15614715
0.04107088 -0.16915825 0.15524933
0.04443088 -0.1683009 0.15566811
0.047790885 -0.16662091 0.15678737
0.0494709 -0.16662091 0.15612611
0.11163092 -0.12798089 0.1623123
0.1099509 -0.12798089 0.16354695
0.11163092 -0.12855104 0.16196933
0.1099509 -0.1296609 0.16250125
0.1099509 -0.13084233 0.16196933
0.110768616 -0.1296609 0.16196933
0.11163092 -0.12635788 0.16364935
0.11208993 -0.12798089 0.16196933
0.1099509 -0.12785324 0.16364935
0.054209113 -0.15822089 0.16532937
0.052830875 -0.15843695 0.16532937
0.05451089 -0.15955508 0.16364935
0.05451089 -0.15822089 0.16527882
0.05619088 -0.15929979 0.16364935
0.05619088 -0.15822089 0.16504195
0.052830875 -0.15982276 0.16364935
0.05451089 -0.15817839 0.16532937
0.05619088 -0.1579678 0.16532937
0.057870895 -0.1589528 0.16364935
0.057870895 -0.15822089 0.16443053
0.05955088 -0.15844297 0.16364935
0.05955088 -0.15822089 0.16385528
0.057870895 -0.15729466 0.16532937
0.05955088 -0.15662318 0.16532937
0.059859365 -0.1565409 0.16532937
0.06051436 -0.15822089 0.16364935
0.061230898 -0.1565409 0.16503409
0.061230898 -0.15807095 0.16364935
0.062910885 -0.15763944 0.16364935
0.062910885 -0.1565409 0.16462556
0.061230898 -0.15620127 0.16532937
0.062910885 -0.1556972 0.16532937
0.0645909 -0.1565409 0.16415474
0.0645909 -0.15708965 0.16364935
0.0645909 -0.15510619 0.16532937
0.06595701 -0.1565409 0.16364935
0.065203816 -0.15486091 0.16532937
0.06627089 -0.15486091 0.16496643
0.06627089 -0.15640059 0.16364935
0.06627089 -0.15438476 0.16532937
0.067950904 -0.15486091 0.1642873
0.067950904 -0.15559778 0.16364935
0.067950904 -0.15356416 0.16532937
0.0695318 -0.15486091 0.16364935
0.06865749 -0.1531809 0.16532937
0.06963089 -0.1531809 0.16484949
0.06963089 -0.154802 0.16364935
0.07131088 -0.15340838 0.16364935
0.07131088 -0.1531809 0.1638194
0.07159144 -0.1531809 0.16364935
0.07121974 -0.15150091 0.16532937
0.07131088 -0.15150091 0.16527334
0.06963089 -0.15260428 0.16532937
0.072990894 -0.15150091 0.16432229
0.072990894 -0.15226346 0.16364935
0.07131088 -0.15143946 0.16532937
0.072990894 -0.15037733 0.16532937
0.062910885 -0.15486091 0.16597399
0.0645909 -0.15486091 0.16551372
0.0639008 -0.1531809 0.16700932
0.0645909 -0.1531809 0.1667653
0.062910885 -0.15360788 0.16700932
0.06627089 -0.1531809 0.1662176
0.067950904 -0.1531809 0.16563353
0.0645909 -0.15287977 0.16700932
0.06627089 -0.15218148 0.16700932
0.067950904 -0.151609 0.16700932
0.06821671 -0.15150091 0.16700932
0.06963089 -0.15150091 0.16632047
0.06963089 -0.15083963 0.16700932
0.07104865 -0.1498209 0.16700932
0.07131088 -0.1498209 0.1668199
0.072990894 -0.1498209 0.16583058
0.07390684 -0.1498209 0.16532937
0.07131088 -0.1496163 0.16700932
0.072990894 -0.14850372 0.16700932
0.07357293 -0.1481409 0.16700932
0.07467091 -0.14936224 0.16532937
0.07467091 -0.1481409 0.16641936
0.07635087 -0.14834553 0.16532937
0.07635087 -0.1481409 0.16552296
0.07467091 -0.14749238 0.16700932
0.07635087 -0.14660203 0.16700932
0.07664305 -0.14646089 0.16700932
0.076698184 -0.1481409 0.16532937
0.078030884 -0.14646089 0.16637114
0.078030884 -0.14745897 0.16532937
0.0797109 -0.14672923 0.16532937
0.0797109 -0.14646089 0.16559926
0.08041465 -0.14646089 0.16532937
0.05619088 -0.14946687 0.17372933
0.057870895 -0.14877784 0.17372933
0.057870895 -0.1481409 0.17424878
0.05929035 -0.1481409 0.17372933
0.05619088 -0.1481409 0.17481038
0.057870895 -0.14675212 0.17540935
0.05619088 -0.14736035 0.17540935
0.05955088 -0.14802447 0.17372933
0.05955088 -0.14646089 0.17510125
0.05863583 -0.14646089 0.17540935
0.061230898 -0.14646089 0.17460361
0.061230898 -0.14736176 0.17372933
0.062910885 -0.14646089 0.17406794
0.062910885 -0.14678144 0.17372933
0.05955088 -0.1461238 0.17540935
0.06373516 -0.14646089 0.17372933
0.061230898 -0.1455949 0.17540935
0.062910885 -0.14492878 0.17540935
0.0645909 -0.14610809 0.17372933
0.0645909 -0.1447809 0.17480734
0.06317651 -0.1447809 0.17540935
0.06627089 -0.14545208 0.17372933
0.06627089 -0.1447809 0.17420211
0.06602147 -0.14310089 0.17540935
0.06627089 -0.14310089 0.17532352
0.0645909 -0.14387879 0.17540935
0.067950904 -0.14487463 0.17372933
0.067950904 -0.1447809 0.17375723
0.067950904 -0.14310089 0.17477307
0.06803277 -0.1447809 0.17372933
0.06963089 -0.14310089 0.17397484
0.06963089 -0.1434955 0.17372933
0.06627089 -0.14299774 0.17540935
0.067950904 -0.1422469 0.17540935
0.06912398 -0.1414209 0.17540935
0.06963089 -0.1414209 0.17514464
0.07012117 -0.14310089 0.17372933
0.06963089 -0.14105737 0.17540935
0.07131088 -0.1414209 0.17439142
0.07131088 -0.14230931 0.17372933
0.07283878 -0.1414209 0.17372933
0.07131088 -0.14002937 0.17540935
0.072990894 -0.13974091 0.1749675
0.07182965 -0.13974091 0.17540935
0.072990894 -0.1413396 0.17372933
0.07467091 -0.13974091 0.17428145
0.07467091 -0.14038953 0.17372933
0.07585299 -0.13974091 0.17372933
0.07663739 -0.1347009 0.17876932
0.078030884 -0.13302091 0.17965075
0.078030884 -0.13402975 0.17876932
0.0797109 -0.13321537 0.17876932
0.0797109 -0.13302091 0.17893758
0.07635087 -0.13288835 0.18044934
0.078030884 -0.13204634 0.18044934
0.07941061 -0.13134089 0.18044934
0.0797109 -0.13134089 0.18031678
0.08139092 -0.13134089 0.17947432
0.0797109 -0.13117772 0.18044934
0.08139092 -0.13013062 0.18044934
0.08210909 -0.1296609 0.18044934
0.083070874 -0.1296609 0.17997417
0.083070874 -0.12900606 0.18044934
0.08475089 -0.1296609 0.17912033
0.08475089 -0.1280404 0.18044934
0.0849936 -0.12798089 0.18044934
0.08643091 -0.12798089 0.18002626
0.08643091 -0.1276204 0.18044934
0.088110864 -0.12798089 0.1791937
0.088110864 -0.1265305 0.18044934
0.08830899 -0.1263009 0.18044934
0.08979088 -0.1263009 0.17929038
0.08979088 -0.124620885 0.17986026
0.089040995 -0.124620885 0.18044934
0.08979088 -0.12347484 0.18044934
0.09021121 -0.1229409 0.18044934
0.0914709 -0.1229409 0.17961147
0.09157443 -0.12126091 0.18044934
0.0914709 -0.12139362 0.18044934
0.09315091 -0.12126091 0.17943242
0.09315091 -0.119580895 0.18025222
0.09274477 -0.119580895 0.18044934
0.09483087 -0.119580895 0.17936501
0.032670885 -0.14646089 0.18014345
0.0343509 -0.14646089 0.17951396
0.0343509 -0.14536169 0.18044934
0.032670885 -0.14607638 0.18044934
0.036056936 -0.1447809 0.18044934
0.03603089 -0.14478993 0.18044934
0.037710875 -0.1447809 0.17999539
0.03603089 -0.14646089 0.1791729
0.037730068 -0.14646089 0.17876932
0.03939089 -0.14528778 0.17876932
0.037710875 -0.14646089 0.17878118
0.03939089 -0.1447809 0.17919472
0.03939089 -0.14332655 0.18044934
0.037710875 -0.1441049 0.18044934
0.04051307 -0.1447809 0.17876932
0.04007569 -0.14310089 0.18044934
0.04107088 -0.14310089 0.18017277
0.04107088 -0.14459893 0.17876932
0.04107088 -0.14283878 0.18044934
0.042750895 -0.14310089 0.17981455
0.042750895 -0.14239255 0.18044934
0.042750895 -0.14429972 0.17876932
0.04443088 -0.14385155 0.17876932
0.04443088 -0.14310089 0.17931911
0.0461109 -0.14316261 0.17876932
0.0461109 -0.14310089 0.17881039
0.04443088 -0.14170119 0.18044934
0.04627362 -0.14310089 0.17876932
0.04493493 -0.1414209 0.18044934
0.0461109 -0.1414209 0.17996612
0.0461109 -0.1407938 0.18044934
0.047790885 -0.14269832 0.17876932
0.0494709 -0.14255089 0.17876932
0.0494709 -0.1414209 0.17960384
0.047790885 -0.1414209 0.17964724
0.0494709 -0.14032897 0.18044934
0.047790885 -0.14030531 0.18044934
0.05115089 -0.1414209 0.17962733
0.05115089 -0.14259598 0.17876932
0.052830875 -0.14292538 0.17876932
0.052830875 -0.1414209 0.1797249
0.052830875 -0.14047664 0.18044934
0.05115089 -0.14039949 0.18044934
0.05451089 -0.1414209 0.17978683
0.05451089 -0.14305043 0.17876932
0.05451089 -0.14048457 0.18044934
0.02384162 -0.14310089 0.18716934
0.024270892 -0.14326829 0.18716934
0.024270892 -0.14310089 0.18725917
0.025950879 -0.14310089 0.18718031
0.025950879 -0.14311928 0.18716934
0.026002407 -0.14310089 0.18716934
0.10005504 -0.14646089 0.15524933
0.10155088 -0.14646089 0.15384838
0.10155088 -0.14552319 0.15524933
0.10323089 -0.1448983 0.15524933
0.10337943 -0.1447809 0.15524933
0.10481238 -0.14310089 0.15524933
0.10491091 -0.14310089 0.15515748
0.10659087 -0.14310089 0.15392676
0.10491091 -0.14301375 0.15524933
0.10659087 -0.14182356 0.15524933
0.10725719 -0.1414209 0.15524933
0.10827088 -0.1414209 0.15471545
0.1099509 -0.1414209 0.15393612
0.10827088 -0.1408413 0.15524933
0.11076397 -0.13974091 0.15524933
0.11163092 -0.13974091 0.15500638
0.1099509 -0.13997492 0.15524933
0.11331087 -0.13974091 0.15403083
0.11163092 -0.13944727 0.15524933
0.11331087 -0.13861856 0.15524933
0.11400038 -0.1380609 0.15524933
0.11499089 -0.1380609 0.15428767
0.11499089 -0.13696533 0.15524933
0.11553532 -0.13638091 0.15524933
0.11667091 -0.13638091 0.15409222
0.11667091 -0.13535735 0.15524933
0.047790885 -0.1531809 0.17203507
0.0494709 -0.1531809 0.1718606
0.0494709 -0.1529634 0.17204937
0.047790885 -0.1531632 0.17204937
0.04752305 -0.1531809 0.17204937
0.05115089 -0.1531809 0.17160091
0.052830875 -0.1531809 0.17119595
0.052830875 -0.15224534 0.17204937
0.05115089 -0.15265593 0.17204937
0.056094706 -0.15150091 0.17204937
0.05619088 -0.1531809 0.17047724
0.05619088 -0.15150091 0.17203233
0.05451089 -0.1531809 0.1707572
0.05451089 -0.15181082 0.17204937
0.057870895 -0.15150091 0.17161772
0.05658552 -0.1531809 0.17036936
0.057870895 -0.15278131 0.17036936
0.05619088 -0.15147915 0.17204937
0.05955088 -0.15150091 0.17068186
0.057870895 -0.15093336 0.17204937
0.05955088 -0.151818 0.17036936
0.05955088 -0.14998716 0.17204937
0.060081333 -0.15150091 0.17036936
0.059851646 -0.1498209 0.17204937
0.061230898 -0.1498209 0.17138079
0.061230898 -0.1508488 0.17036936
0.061230898 -0.14913312 0.17204937
0.062910885 -0.1498209 0.17056832
0.062910885 -0.14839146 0.17204937
0.062910885 -0.15000731 0.17036936
0.063540936 -0.1481409 0.17204937
0.0645909 -0.1493214 0.17036936
0.0645909 -0.1481409 0.1717048
0.0632934 -0.1498209 0.17036936
0.06627089 -0.14899996 0.17036936
0.06627089 -0.1481409 0.17137942
0.0645909 -0.14778697 0.17204937
0.067950904 -0.14843327 0.17036936
0.067950904 -0.1481409 0.17063662
0.06627089 -0.14741847 0.17204937
0.067950904 -0.14689171 0.17204937
0.06841862 -0.1481409 0.17036936
0.06963089 -0.14736578 0.17036936
0.069137275 -0.14646089 0.17204937
0.06963089 -0.14646089 0.17166713
0.06963089 -0.14612976 0.17204937
0.07105848 -0.14646089 0.17036936
0.030990899 -0.15395522 0.17372933
0.032670885 -0.15361136 0.17372933
0.030990899 -0.1531809 0.17454758
0.0343509 -0.1533907 0.17372933
0.0343509 -0.1531809 0.17394659
0.032670885 -0.1531809 0.17416003
0.035488516 -0.1531809 0.17372933
0.09031689 -0.11790091 0.18212935
0.08979088 -0.11914638 0.18212935
0.0914709 -0.119580895 0.18107137
0.08979088 -0.119580895 0.18202218
0.08963573 -0.119580895 0.18212935
0.0914709 -0.11790091 0.18152419
0.09315091 -0.11790091 0.18105009
0.0914709 -0.11622089 0.18212822
0.09146875 -0.11622089 0.18212935
0.09315091 -0.119175166 0.18044934
0.09483087 -0.11816168 0.18044934
0.09483087 -0.11790091 0.180626
0.09315091 -0.11622089 0.18164453
0.09483087 -0.11622089 0.18142411
0.095582485 -0.11790091 0.18044934
0.0914709 -0.1162186 0.18212935
0.09651089 -0.11622089 0.18120995
0.09651089 -0.11765805 0.18044934
0.09483087 -0.11483443 0.18212935
0.09315091 -0.1152378 0.18212935
0.09570706 -0.114540905 0.18212935
0.09651089 -0.114540905 0.18193749
0.0981909 -0.11622089 0.18093112
0.0981909 -0.11759463 0.18044934
0.099012434 -0.11622089 0.18044934
0.0981909 -0.114540905 0.18129537
0.0981909 -0.11286089 0.18178746
0.099078 -0.114540905 0.18044934
0.09987092 -0.11286089 0.18051371
0.09987092 -0.11291048 0.18044934
0.09992516 -0.11286089 0.18044934
0.101465344 -0.1111809 0.18044934
0.10155088 -0.11087257 0.18044934
0.06155005 -0.1750209 0.14348933
0.062910885 -0.1750209 0.14319858
0.062910885 -0.17476475 0.14348933
0.0645909 -0.17442633 0.14348933
0.057870895 -0.1658633 0.15524933
0.05955088 -0.16561899 0.15524933
0.062910885 -0.16507241 0.15524933
0.061230898 -0.1652022 0.15524933
0.062910885 -0.16654447 0.15356937
0.06387839 -0.1649409 0.15524933
0.0645909 -0.16607425 0.15356937
0.0645909 -0.1649409 0.15505388
0.0645909 -0.16476634 0.15524933
0.06627089 -0.1649409 0.15405312
0.06627089 -0.16367546 0.15524933
0.06627089 -0.16537237 0.15356937
0.06723583 -0.1649409 0.15356937
0.067950904 -0.16457173 0.15356937
0.067950904 -0.1632609 0.15475962
0.06698051 -0.1632609 0.15524933
0.06963089 -0.1632609 0.15410379
0.06963089 -0.16375259 0.15356937
0.0708814 -0.1632609 0.15356937
0.067950904 -0.16284171 0.15524933
0.06963089 -0.16227672 0.15524933
0.07148218 -0.16158089 0.15524933
0.07131088 -0.16312647 0.15356937
0.072990894 -0.16158089 0.15460864
0.07131088 -0.16166604 0.15524933
0.072990894 -0.16261655 0.15356937
0.07467091 -0.16185609 0.15356937
0.07467091 -0.16158089 0.15388998
0.072990894 -0.1609745 0.15524933
0.07467091 -0.16046858 0.15524933
0.07551521 -0.16158089 0.15356937
0.07663524 -0.1599009 0.15524933
0.078030884 -0.16075313 0.15356937
0.078030884 -0.1599009 0.15464464
0.07635087 -0.16001865 0.15524933
0.07635087 -0.16134197 0.15356937
0.0797109 -0.1599009 0.15406868
0.0797109 -0.16020927 0.15356937
0.078030884 -0.15932384 0.15524933
0.0797109 -0.15855175 0.15524933
0.08073819 -0.1599009 0.15356937
0.08014488 -0.15822089 0.15524933
0.08139092 -0.15967783 0.15356937
0.08139092 -0.15822089 0.15472755
0.083070874 -0.15822089 0.15412155
0.083070874 -0.1567995 0.15524933
0.08139092 -0.15749753 0.15524933
0.083070874 -0.15909648 0.15356937
0.06963089 -0.1599009 0.15867248
0.06963089 -0.15998247 0.15860936
0.06981999 -0.1599009 0.15860936
0.06963089 -0.15829858 0.16028932
0.06980747 -0.15822089 0.16028932
0.07131088 -0.15920547 0.15860936
0.07131088 -0.15822089 0.15941349
0.07278025 -0.15822089 0.15860936
0.072990894 -0.15811267 0.15860936
0.072990894 -0.1565409 0.16004041
0.072592735 -0.1565409 0.16028932
0.07131088 -0.15741503 0.16028932
0.07467091 -0.15733549 0.15860936
0.07467091 -0.1565409 0.15926662
0.072990894 -0.1562481 0.16028932
0.07467091 -0.15499952 0.16028932
0.07588023 -0.1565409 0.15860936
0.07635087 -0.15612733 0.15860936
0.07635087 -0.15486091 0.15940753
0.074830055 -0.15486091 0.16028932
0.078030884 -0.15486091 0.15863517
0.078030884 -0.15489832 0.15860936
0.07810032 -0.15486091 0.15860936
0.07635087 -0.15358973 0.16028932
0.0797109 -0.1531809 0.15934703
0.078030884 -0.1531809 0.1597906
0.0797109 -0.15415993 0.15860936
0.07690132 -0.1531809 0.16028932
0.08139092 -0.1531809 0.15891227
0.08139092 -0.1535559 0.15860936
0.0797109 -0.15193236 0.16028932
0.078030884 -0.15251839 0.16028932
0.0825215 -0.1531809 0.15860936
0.083070874 -0.15150091 0.15991744
0.083070874 -0.15301639 0.15860936
0.08122665 -0.15150091 0.16028932
0.08139092 -0.15150091 0.16025528
0.083070874 -0.15106514 0.16028932
0.08139092 -0.15146083 0.16028932
0.08475089 -0.15258387 0.15860936
0.08643091 -0.1519838 0.15860936
0.08643091 -0.15150091 0.15904036
0.08475089 -0.15150091 0.1595675
0.08475089 -0.15063623 0.16028932
0.08643091 -0.14999738 0.16028932
0.08731508 -0.15150091 0.15860936
0.088110864 -0.1498209 0.15957859
0.08675647 -0.1498209 0.16028932
0.088110864 -0.1490522 0.16028932
0.088110864 -0.15096176 0.15860936
0.08959609 -0.1498209 0.15860936
0.08979088 -0.14820322 0.16028932
0.08979088 -0.14969358 0.15860936
0.032670885 -0.15188316 0.17540935
0.030990899 -0.15228322 0.17540935
0.03603089 -0.15305984 0.17372933
0.03603089 -0.15150091 0.17508033
0.034662336 -0.15150091 0.17540935
0.0343509 -0.15158346 0.17540935
0.037710875 -0.1526857 0.17372933
0.037710875 -0.15150091 0.1747115
0.03603089 -0.15106973 0.17540935
0.037710875 -0.15066957 0.17540935
0.03939089 -0.15150091 0.17470697
0.03939089 -0.15249854 0.17372933
0.04107088 -0.15219659 0.17372933
0.04107088 -0.15150091 0.1743528
0.03939089 -0.15070736 0.17540935
0.04099819 -0.1498209 0.17540935
0.04107088 -0.1498209 0.17537233
0.04251942 -0.15150091 0.17372933
0.042750895 -0.1498209 0.17471066
0.042750895 -0.1513595 0.17372933
0.04443088 -0.15074652 0.17372933
0.04443088 -0.1498209 0.17433491
0.042750895 -0.1486445 0.17540935
0.04107088 -0.14975306 0.17540935
0.0461109 -0.1498209 0.17437872
0.047790885 -0.15096763 0.17372933
0.047790885 -0.1498209 0.17454478
0.0461109 -0.15078431 0.17372933
0.04443088 -0.14817318 0.17540935
0.0494709 -0.1498209 0.17450753
0.0494709 -0.15086594 0.17372933
0.047790885 -0.14839002 0.17540935
0.0461109 -0.14821917 0.17540935
0.05115089 -0.15062144 0.17372933
0.05115089 -0.1498209 0.17434123
0.0494709 -0.1485087 0.17540935
0.052830875 -0.15034527 0.17372933
0.05451089 -0.15001145 0.17372933
0.05451089 -0.1498209 0.17391214
0.052830875 -0.1498209 0.17416081
0.05115089 -0.1483671 0.17540935
0.05519718 -0.1498209 0.17372933
0.05357933 -0.1481409 0.17540935
0.05451089 -0.1481409 0.17526618
0.052830875 -0.14824358 0.17540935
0.05451089 -0.14794773 0.17540935
0.08363742 -0.1347009 0.17540935
0.08475089 -0.13436395 0.17540935
0.08475089 -0.13302091 0.17650422
0.083070874 -0.1347009 0.1755636
0.083070874 -0.13487193 0.17540935
0.08643091 -0.13302091 0.17607376
0.08643091 -0.13373145 0.17540935
0.08772993 -0.13302091 0.17540935
0.088110864 -0.13263279 0.17540935
0.088110864 -0.13134089 0.17621824
0.08934438 -0.13134089 0.17540935
0.08979088 -0.13099134 0.17540935
0.08979088 -0.1296609 0.17673221
0.09125477 -0.1296609 0.17540935
0.0914709 -0.12943208 0.17540935
0.0914709 -0.12798089 0.17631105
0.09315091 -0.12760544 0.17540935
0.09315091 -0.1263009 0.17612943
0.09283799 -0.12798089 0.17540935
0.09426707 -0.1263009 0.17540935
0.09483087 -0.12571087 0.17540935
0.09483087 -0.124620885 0.17601815
0.09651089 -0.1229409 0.17573729
0.09483087 -0.1229409 0.17688641
0.09651089 -0.12350714 0.17540935
0.09575176 -0.124620885 0.17540935
0.05955088 -0.13638091 0.18278232
0.061230898 -0.13638091 0.18223712
0.061230898 -0.1347009 0.1835179
0.06150201 -0.13638091 0.18212935
0.062910885 -0.13567501 0.18212935
0.062910885 -0.1347009 0.18294832
0.05955088 -0.1347009 0.18376574
0.061230898 -0.13430008 0.18380937
0.062910885 -0.13350633 0.18380937
0.05955088 -0.13462248 0.18380937
0.063731104 -0.13302091 0.18380937
0.0645909 -0.1347009 0.18246886
0.0645909 -0.13302091 0.18354097
0.0645909 -0.13508582 0.18212935
0.065739006 -0.1347009 0.18212935
0.06627089 -0.13302091 0.1832436
0.06627089 -0.13451147 0.18212935
0.067950904 -0.1338912 0.18212935
0.06963089 -0.1333045 0.18212935
0.06963089 -0.13302091 0.18237033
0.067950904 -0.13302091 0.18281248
0.06627089 -0.13199711 0.18380937
0.0645909 -0.13252139 0.18380937
0.06963089 -0.13145119 0.18380937
0.067950904 -0.13167292 0.18380937
0.070058465 -0.13134089 0.18380937
0.070522666 -0.13302091 0.18212935
0.07131088 -0.13278982 0.18212935
0.07131088 -0.13134089 0.18344072
0.07131088 -0.13093391 0.18380937
0.072990894 -0.13232085 0.18212935
0.072990894 -0.13134089 0.18297926
0.07467091 -0.13166425 0.18212935
0.07467091 -0.13134089 0.18239674
0.072990894 -0.13037583 0.18380937
0.07462108 -0.1296609 0.18380937
0.07467091 -0.1296609 0.18378845
0.075313985 -0.13134089 0.18212935
0.07467091 -0.12963587 0.18380937
0.07635087 -0.1296609 0.18304297
0.07635087 -0.1307792 0.18212935
0.078030884 -0.1296609 0.18239298
0.078030884 -0.12997726 0.18212935
0.07635087 -0.12873289 0.18380937
0.07784051 -0.12798089 0.18380937
0.078030884 -0.12798089 0.18373337
0.07868111 -0.1296609 0.18212935
0.078030884 -0.12788358 0.18380937
0.0797109 -0.12798089 0.18305793
0.0797109 -0.12911019 0.18212935
0.08139092 -0.12798089 0.18214187
0.08139092 -0.12799543 0.18212935
0.0797109 -0.12703192 0.18380937
0.08085781 -0.1263009 0.18380937
0.08139092 -0.1263009 0.18351719
0.08141017 -0.12798089 0.18212935
0.083070874 -0.1263009 0.18251815
0.083070874 -0.12678736 0.18212935
0.08393806 -0.1263009 0.18212935
0.088110864 -0.11178544 0.18716934
0.088110864 -0.11286089 0.18671331
0.08979088 -0.1111809 0.18662104
0.08863604 -0.1111809 0.18716934
0.08738929 -0.11286089 0.18716934
0.08979088 -0.11286089 0.18585745
0.08979088 -0.11345619 0.18548933
0.090275526 -0.11286089 0.18548933
0.0914709 -0.11146659 0.18548933
0.0914709 -0.1111809 0.18567917
0.08979088 -0.11011019 0.18716934
0.0914709 -0.109500885 0.18667254
0.090496 -0.109500885 0.18716934
0.09171963 -0.1111809 0.18548933
0.09315091 -0.109758794 0.18548933
0.09315091 -0.109500885 0.18569604
0.09264994 -0.1078209 0.18716934
0.0914709 -0.10871783 0.18716934
0.09315091 -0.1078209 0.18675473
0.093426645 -0.109500885 0.18548933
0.09416896 -0.1078209 0.18548933
0.09315091 -0.10737243 0.18716934
0.09418881 -0.10614091 0.18716934
0.09483087 -0.10647386 0.18548933
0.09483087 -0.10614091 0.18585214
0.09483087 -0.105000705 0.18716934
0.09651089 -0.104460895 0.18602672
0.09528607 -0.104460895 0.18716934
0.09508747 -0.10614091 0.18548933
0.09651089 -0.1048615 0.18548933
0.09723884 -0.104460895 0.18548933
0.09651089 -0.103833884 0.18716934
0.05955088 -0.12169555 0.19220933
0.061230898 -0.12133309 0.19220933
0.061230898 -0.12126091 0.19233856
0.06159997 -0.12126091 0.19220933
0.0645909 -0.119580895 0.19245824
0.0645909 -0.11981648 0.19220933
0.0651626 -0.119580895 0.19220933
0.062910885 -0.12091288 0.19220933
0.06627089 -0.1187605 0.19388935
0.067950904 -0.11941916 0.19220933
0.067950904 -0.11916444 0.19388935
0.06627089 -0.11938396 0.19220933
0.06963089 -0.11914912 0.19220933
0.07131088 -0.118413955 0.19220933
0.07131088 -0.11922884 0.19388935
0.06963089 -0.11926195 0.19388935
0.07212064 -0.11790091 0.19220933
0.072990894 -0.118251264 0.19388935
0.072990894 -0.11790091 0.19361183
0.07467091 -0.11673549 0.19388935
0.072990894 -0.11715576 0.19220933
0.07390249 -0.11622089 0.19220933
0.07467091 -0.11622089 0.19348916
0.073333085 -0.11790091 0.19388935
0.07467091 -0.11527899 0.19220933
0.075178206 -0.11622089 0.19388935
0.07572168 -0.114540905 0.19388935
0.07536048 -0.11286089 0.19220933
0.0751431 -0.11286089 0.19388935
0.0750581 -0.114540905 0.19220933
0.09673375 -0.12126091 0.17708936
0.0981909 -0.11952168 0.17876932
0.09811336 -0.119580895 0.17708936
0.0981909 -0.119509995 0.17708936
0.09987092 -0.118611455 0.17708936
0.10082841 -0.11790091 0.17708936
0.1000731 -0.11790091 0.17876932
0.09987092 -0.11821869 0.17876932
0.10029012 -0.11622089 0.17876932
0.10155088 -0.116806865 0.17708936
0.10155088 -0.11622089 0.1773605
0.10155088 -0.114540905 0.17762867
0.10175723 -0.11622089 0.17708936
0.10250288 -0.114540905 0.17708936
0.10031611 -0.114540905 0.17876932
0.10153425 -0.11286089 0.17876932
0.10155088 -0.11286089 0.17875525
0.10155088 -0.11284402 0.17876932
0.04443088 -0.17408946 0.14852932
0.0461109 -0.17378569 0.14852932
0.04443088 -0.1733409 0.1494675
0.0461109 -0.1733409 0.14906016
0.047790885 -0.1733409 0.14861771
0.047790885 -0.17342022 0.14852932
0.04818371 -0.1733409 0.14852932
0.047790885 -0.17200738 0.15020934
0.04443088 -0.1727174 0.15020934
0.0461109 -0.17236224 0.15020934
0.049135476 -0.1716609 0.15020934
0.0494709 -0.17310399 0.14852932
0.0494709 -0.1716609 0.15011808
0.05115089 -0.1716609 0.14986846
0.05115089 -0.17284508 0.14852932
0.0494709 -0.17157942 0.15020934
0.05115089 -0.17136106 0.15020934
0.052830875 -0.1716609 0.14960232
0.052830875 -0.17260918 0.14852932
0.05451089 -0.1723444 0.14852932
0.05451089 -0.1716609 0.14929017
0.052830875 -0.17112184 0.15020934
0.05451089 -0.17084086 0.15020934
0.05619088 -0.1716609 0.14898285
0.057870895 -0.1716609 0.14876464
0.05619088 -0.17065918 0.15020934
0.05955088 -0.17025986 0.15020934
0.057870895 -0.17041141 0.15020934
0.11667091 -0.13974091 0.15141281
0.11835086 -0.1380609 0.1513739
0.11163092 -0.1380609 0.15627977
0.110155284 -0.1380609 0.15692934
0.1099509 -0.13974091 0.15547183
0.11331087 -0.1380609 0.15569344
0.1099509 -0.13816866 0.15692934
0.11201364 -0.13638091 0.15692934
0.11163092 -0.13672978 0.15692934
0.11331087 -0.13638091 0.15646556
0.11499089 -0.13638091 0.15562877
0.11430657 -0.1347009 0.15692934
0.11499089 -0.1347009 0.1566824
0.11331087 -0.13538432 0.15692934
0.11667091 -0.1347009 0.15593222
0.11499089 -0.13429844 0.15692934
0.1105113 -0.13302091 0.16028932
0.1099509 -0.1347009 0.15943989
0.11163092 -0.13302091 0.15962937
0.1099509 -0.13573205 0.15860936
0.11112851 -0.1347009 0.15860936
0.11331087 -0.13307703 0.15860936
0.11331087 -0.13302091 0.15865043
0.1099509 -0.1335274 0.16028932
0.11163092 -0.13428995 0.15860936
0.11221939 -0.13134089 0.16028932
0.11163092 -0.13194019 0.16028932
0.11331087 -0.13134089 0.15963772
0.11337775 -0.13302091 0.15860936
0.11474246 -0.13134089 0.15860936
0.11331087 -0.13001183 0.16028932
0.11374086 -0.1296609 0.16028932
0.04107088 -0.1632609 0.16239348
0.03939089 -0.1632609 0.16284767
0.03939089 -0.16403621 0.16196933
0.04107088 -0.16358018 0.16196933
0.037710875 -0.1632609 0.1630291
0.037710875 -0.16423202 0.16196933
0.03939089 -0.16247702 0.16364935
0.042185277 -0.1632609 0.16196933
0.042750895 -0.16192532 0.16364935
0.042750895 -0.16311714 0.16196933
0.04107088 -0.162283 0.16364935
0.037710875 -0.16261962 0.16364935
0.04443088 -0.16285726 0.16196933
0.04443088 -0.16164905 0.16364935
0.04500696 -0.16158089 0.16364935
0.0461109 -0.16158089 0.16348651
0.0461109 -0.16143999 0.16364935
0.0461109 -0.16280028 0.16196933
0.0494709 -0.16158089 0.1623846
0.047790885 -0.16158089 0.16306803
0.047790885 -0.16240585 0.16196933
0.0494709 -0.16184843 0.16196933
0.0494709 -0.16076079 0.16364935
0.047790885 -0.16112986 0.16364935
0.0505718 -0.16158089 0.16196933
0.05115089 -0.16022253 0.16364935
0.05115089 -0.16146228 0.16196933
0.052830875 -0.1599009 0.1635522
0.05451089 -0.1609376 0.16196933
0.05451089 -0.1599009 0.16321102
0.052830875 -0.16119027 0.16196933
0.052442163 -0.1599009 0.16364935
0.05619088 -0.16075963 0.16196933
0.05619088 -0.1599009 0.16291699
0.024270892 -0.1414209 0.18782511
0.025950879 -0.1414209 0.18781534
0.024270892 -0.13974091 0.1884962
0.025950879 -0.13974091 0.1885136
0.027630895 -0.1414209 0.18747172
0.027630895 -0.1420587 0.18716934
0.028251916 -0.1414209 0.18716934
0.027630895 -0.13974091 0.18832144
0.029310882 -0.14024231 0.18716934
0.029310882 -0.13974091 0.1874694
0.027630895 -0.13914302 0.18884936
0.025950879 -0.13931182 0.18884936
0.029983997 -0.13974091 0.18716934
0.029310882 -0.13839436 0.18884936
0.02991587 -0.1380609 0.18884936
0.030990899 -0.13931802 0.18716934
0.030990899 -0.1380609 0.1883221
0.032670885 -0.1380609 0.18778685
0.032670885 -0.1370132 0.18884936
0.030990899 -0.13753593 0.18884936
0.032670885 -0.13872924 0.18716934
0.047790885 -0.17618313 0.14516935
0.0494709 -0.17582586 0.14516935
0.0494709 -0.1750209 0.14627555
0.0461109 -0.17536162 0.14684936
0.0461109 -0.176636 0.14516935
0.04744816 -0.1750209 0.14684936
0.047790885 -0.1750209 0.14672843
0.0494709 -0.1745799 0.14684936
0.047790885 -0.17492113 0.14684936
0.052830875 -0.1750209 0.14576569
0.05115089 -0.1750209 0.14602694
0.05115089 -0.17565231 0.14516935
0.052830875 -0.17545825 0.14516935
0.05115089 -0.17435442 0.14684936
0.052830875 -0.1741338 0.14684936
0.05451089 -0.17524026 0.14516935
0.05619088 -0.17503177 0.14516935
0.05451089 -0.1750209 0.14547107
0.05619088 -0.1750209 0.14518419
0.05451089 -0.17393288 0.14684936
0.05619088 -0.17359225 0.14684936
0.056227744 -0.1750209 0.14516935
0.057870895 -0.17450641 0.14516935
0.057870895 -0.1733409 0.14665356
0.05955088 -0.1742469 0.14516935
0.061230898 -0.17397372 0.14516935
0.061230898 -0.1733409 0.14611927
0.05955088 -0.1733409 0.14630714
0.0645909 -0.17366642 0.14684936
0.062910885 -0.1733409 0.14661881
0.0645909 -0.17378347 0.14516935
0.062910885 -0.17363372 0.14516935
0.06627089 -0.1733409 0.14661714
0.06627089 -0.17367944 0.14516935
0.06695452 -0.1733409 0.14516935
0.062910885 -0.16662091 0.15348753
0.0645909 -0.16763961 0.15188935
0.0645909 -0.16662091 0.15295479
0.06627089 -0.16662091 0.15224174
0.06627089 -0.16700897 0.15188935
0.06743547 -0.16662091 0.15188935
0.062910885 -0.16801295 0.15188935
0.067950904 -0.16643432 0.15188935
0.067950904 -0.1649409 0.15323058
0.06963089 -0.1649409 0.15243062
0.06963089 -0.16550678 0.15188935
0.07131088 -0.16459543 0.15188935
0.07131088 -0.1632609 0.1534029
0.070540726 -0.1649409 0.15188935
0.072990894 -0.16446102 0.15188935
0.072990894 -0.1632609 0.1529518
0.07467091 -0.1632609 0.15210035
0.07467091 -0.16357425 0.15188935
0.07498187 -0.1632609 0.15188935
0.07635087 -0.16250277 0.15188935
0.07635087 -0.16158089 0.15322217
0.078030884 -0.16197407 0.15188935
0.078030884 -0.16158089 0.1524246
0.07937086 -0.16158089 0.15188935
0.0797109 -0.1614843 0.15188935
0.08139092 -0.1611017 0.15188935
0.08139092 -0.1599009 0.1533452
0.083070874 -0.1599009 0.15294531
0.083070874 -0.16068685 0.15188935
0.09651089 -0.13302091 0.16936782
0.09651089 -0.13367319 0.16868934
0.09712708 -0.13302091 0.16868934
0.09483087 -0.13302091 0.1699296
0.09483087 -0.13259107 0.17036936
0.09651089 -0.13135913 0.17036936
0.093838036 -0.13302091 0.17036936
0.0981909 -0.13135222 0.16868934
0.0981909 -0.13134089 0.16869906
0.096523464 -0.13134089 0.17036936
0.0981909 -0.1296609 0.17002103
0.09819937 -0.13134089 0.16868934
0.09956223 -0.1296609 0.16868934
0.0978263 -0.1296609 0.17036936
0.0981909 -0.12912309 0.17036936
0.09987092 -0.12926468 0.16868934
0.09987092 -0.12798089 0.16962364
0.09903079 -0.12798089 0.17036936
0.10105473 -0.12798089 0.16868934
0.09987092 -0.12709954 0.17036936
0.10072917 -0.1263009 0.17036936
0.10155088 -0.12756205 0.16868934
0.10155088 -0.1263009 0.16978374
0.10155088 -0.1255039 0.17036936
0.10323089 -0.1263009 0.16869661
0.10323089 -0.12630898 0.16868934
0.10324341 -0.1263009 0.16868934
0.102663755 -0.124620885 0.17036936
0.10323089 -0.124620885 0.17006442
0.10323089 -0.12418187 0.17036936
0.10491091 -0.124620885 0.16919109
0.10491091 -0.12527391 0.16868934
0.1058656 -0.124620885 0.16868934
0.10659087 -0.1229409 0.16906431
0.10491091 -0.1229409 0.17004856
0.10659087 -0.123799115 0.16868934
0.10442376 -0.1229409 0.17036936
0.10491091 -0.1222536 0.17036936
0.10727 -0.1229409 0.16868934
0.10570544 -0.12126091 0.17036936
0.10659087 -0.12126091 0.16985825
0.10659087 -0.12048328 0.17036936
0.10827088 -0.12186149 0.16868934
0.10827088 -0.12126091 0.16899881
0.07635087 -0.13974091 0.17348066
0.07635087 -0.13949496 0.17372933
0.0797109 -0.13824442 0.17372933
0.078030884 -0.13879064 0.17372933
0.07938939 -0.13974091 0.17204937
0.0797109 -0.13961422 0.17204937
0.078030884 -0.13974091 0.17266199
0.080076694 -0.1380609 0.17372933
0.08139092 -0.13895515 0.17204937
0.08139092 -0.1380609 0.17292693
0.08139092 -0.13730541 0.17372933
0.083070874 -0.1380609 0.1722193
0.083070874 -0.13658267 0.17372933
0.083070874 -0.13825151 0.17204937
0.08359939 -0.13638091 0.17372933
0.08348948 -0.1380609 0.17204937
0.08475089 -0.13750705 0.17204937
0.08475089 -0.13638091 0.17322674
0.08643091 -0.13660657 0.17204937
0.08643091 -0.13638091 0.17227545
0.08475089 -0.13591146 0.17372933
0.08643091 -0.13496086 0.17372933
0.086805284 -0.13638091 0.17204937
0.086881876 -0.1347009 0.17372933
0.088110864 -0.13548762 0.17204937
0.088110864 -0.1347009 0.17284295
0.089675665 -0.13302091 0.17372933
0.089298785 -0.1347009 0.17204937
0.08979088 -0.13441557 0.17204937
0.08979088 -0.13302091 0.17365757
0.088110864 -0.13399068 0.17372933
0.0914709 -0.13302091 0.1727573
0.0914709 -0.13344732 0.17204937
0.0914709 -0.13217476 0.17372933
0.08979088 -0.13295057 0.17372933
0.09236646 -0.13302091 0.17204937
0.09233868 -0.13134089 0.17372933
0.09315091 -0.13258201 0.17204937
0.09315091 -0.13134089 0.17314401
0.09483087 -0.13134089 0.17223492
0.09483087 -0.13155994 0.17204937
0.0950526 -0.13134089 0.17204937
0.09315091 -0.13028699 0.17372933
0.09483087 -0.1296609 0.1729106
0.09595269 -0.1296609 0.17204937
0.093633175 -0.1296609 0.17372933
0.09483087 -0.12825695 0.17372933
0.09651089 -0.12798089 0.17261508
0.09507787 -0.12798089 0.17372933
0.09651089 -0.12659574 0.17372933
0.09651089 -0.12884009 0.17204937
0.06627089 -0.119580895 0.19201049
0.067950904 -0.119580895 0.1919317
0.06963089 -0.119580895 0.19135365
0.07131088 -0.119580895 0.19072762
0.072990894 -0.11790091 0.19092265
0.07467091 -0.11622089 0.19099203
0.07635087 -0.114540905 0.19081226
0.07635087 -0.11286089 0.19136396
0.07616526 -0.1111809 0.19220933
0.07635087 -0.1111809 0.19208935
0.07635087 -0.11098072 0.19220933
0.078030884 -0.1111809 0.19123659
0.0797109 -0.109500885 0.19121817
0.077840805 -0.109500885 0.19220933
0.078030884 -0.109500885 0.19209734
0.078030884 -0.10923731 0.19220933
0.079214096 -0.1078209 0.19220933
0.0797109 -0.1078209 0.19197705
0.0797109 -0.10739735 0.19220933
0.08139092 -0.1078209 0.19125983
0.083070874 -0.1078209 0.19060323
0.08133745 -0.10614091 0.19220933
0.08139092 -0.10614091 0.19218448
0.083070874 -0.10614091 0.19150028
0.083070874 -0.16158089 0.15050867
0.083070874 -0.16182798 0.15020934
0.08367902 -0.16158089 0.15020934
0.08467746 -0.1599009 0.15188935
0.08475089 -0.16117388 0.15020934
0.08475089 -0.1599009 0.15183279
0.08643091 -0.1599009 0.15076938
0.08643091 -0.16045144 0.15020934
0.08757895 -0.1599009 0.15020934
0.08475089 -0.15985382 0.15188935
0.08643091 -0.15882641 0.15188935
0.088110864 -0.15963653 0.15020934
0.08979088 -0.15864268 0.15020934
0.08979088 -0.15822089 0.15064195
0.088110864 -0.15822089 0.15164801
0.08764416 -0.15822089 0.15188935
0.088110864 -0.15799028 0.15188935
0.08979088 -0.15706018 0.15188935
0.09067327 -0.1565409 0.15188935
0.09051901 -0.15822089 0.15020934
0.0914709 -0.1565409 0.15138522
0.09315091 -0.1567446 0.15020934
0.09315091 -0.1565409 0.15040526
0.0914709 -0.15769088 0.15020934
0.09353447 -0.15486091 0.15188935
0.09483087 -0.15571338 0.15020934
0.09483087 -0.15486091 0.15104762
0.093482256 -0.1565409 0.15020934
0.09315091 -0.15509975 0.15188935
0.0914709 -0.15607831 0.15188935
0.09611946 -0.15486091 0.15020934
0.09651089 -0.1545777 0.15020934
0.09651089 -0.1531809 0.15136442
0.09575075 -0.1531809 0.15188935
0.09483087 -0.153945 0.15188935
0.0981909 -0.15333939 0.15020934
0.0981909 -0.1531809 0.15034077
0.09842676 -0.1531809 0.15020934
0.032670885 -0.13974091 0.18626162
0.0343509 -0.13974091 0.18566868
0.0343509 -0.13819176 0.18716934
0.03483337 -0.1380609 0.18716934
0.03603089 -0.1380609 0.18683442
0.03603089 -0.13773939 0.18716934
0.037710875 -0.13881958 0.18548933
0.037710875 -0.1380609 0.18626699
0.03603089 -0.13933823 0.18548933
0.034851134 -0.13974091 0.18548933
0.037710875 -0.13724369 0.18716934
0.03939089 -0.1380609 0.18562129
0.03939089 -0.13645378 0.18716934
0.03939089 -0.1382001 0.18548933
0.039677292 -0.1380609 0.18548933
0.039540023 -0.13638091 0.18716934
0.04107088 -0.13638091 0.18645898
0.04107088 -0.1373713 0.18548933
0.042750895 -0.13669127 0.18548933
0.04107088 -0.13568828 0.18716934
0.042750895 -0.13638091 0.18578288
0.042750895 -0.1349853 0.18716934
0.043489844 -0.1347009 0.18716934
0.04443088 -0.13612771 0.18548933
0.0461109 -0.13557753 0.18548933
0.0461109 -0.1347009 0.18632731
0.04443088 -0.1347009 0.18683901
0.04443088 -0.13437057 0.18716934
0.04364738 -0.13638091 0.18548933
0.047790885 -0.1347009 0.18574974
0.047790885 -0.1349755 0.18548933
0.049128562 -0.1347009 0.18548933
0.047790885 -0.13339666 0.18716934
0.0461109 -0.13381061 0.18716934
0.04922253 -0.13302091 0.18716934
0.0494709 -0.13302091 0.18709806
0.0494709 -0.13465267 0.18548933
0.05115089 -0.13452724 0.18548933
0.052830875 -0.1341913 0.18548933
0.052830875 -0.13302091 0.18658331
0.05115089 -0.13302091 0.18679819
0.05451089 -0.13356137 0.18548933
0.05451089 -0.13302091 0.18592086
0.0494709 -0.13295162 0.18716934
0.052830875 -0.132386 0.18716934
0.05115089 -0.13259548 0.18716934
0.05451089 -0.13171703 0.18716934
0.055366516 -0.13302091 0.18548933
0.055105776 -0.13134089 0.18716934
0.07094514 -0.1447809 0.17204937
0.07131088 -0.14630467 0.17036936
0.07131088 -0.1447809 0.17181477
0.072990894 -0.14337942 0.17204937
0.07131088 -0.14450973 0.17204937
0.072990894 -0.1447809 0.17081591
0.072990894 -0.1452314 0.17036936
0.0738374 -0.1447809 0.17036936
0.07340938 -0.14310089 0.17204937
0.07467091 -0.14310089 0.17137912
0.07467091 -0.1443148 0.17036936
0.07467091 -0.14232162 0.17204937
0.076195836 -0.1414209 0.17204937
0.07635087 -0.14310089 0.17050365
0.07635087 -0.1414209 0.17196712
0.07635087 -0.14326462 0.17036936
0.078030884 -0.1414209 0.1710271
0.078030884 -0.14219186 0.17036936
0.07950294 -0.1414209 0.17036936
0.078030884 -0.1403319 0.17204937
0.07635087 -0.1413258 0.17204937
0.07659072 -0.14310089 0.17036936
0.0797109 -0.13974091 0.17192313
0.08139092 -0.14086288 0.17036936
0.08139092 -0.13974091 0.17136285
0.0797109 -0.14133704 0.17036936
0.083070874 -0.14031652 0.17036936
0.083070874 -0.13974091 0.17085555
0.08424914 -0.13974091 0.17036936
0.08475089 -0.1380609 0.17151698
0.08643091 -0.1380609 0.17073205
0.08643091 -0.13851893 0.17036936
0.08720672 -0.1380609 0.17036936
0.08475089 -0.13945511 0.17036936
0.088110864 -0.13638091 0.17132702
0.08979088 -0.13645065 0.17036936
0.08979088 -0.13638091 0.17042014
0.088110864 -0.13754547 0.17036936
0.08979088 -0.1347009 0.17177978
0.0914709 -0.1347009 0.17060265
0.0914709 -0.13497019 0.17036936
0.08987421 -0.13638091 0.17036936
0.09176248 -0.1347009 0.17036936
0.09315091 -0.13341919 0.17036936
0.09315091 -0.13302091 0.17110088
0.037710875 -0.13974091 0.18457165
0.03603089 -0.13974091 0.18506745
0.03939089 -0.13974091 0.18410376
0.04107088 -0.13937515 0.18380937
0.042750895 -0.1385782 0.18380937
0.042750895 -0.1380609 0.18426886
0.04107088 -0.1380609 0.18489638
0.043774545 -0.1380609 0.18380937
0.04443088 -0.13777387 0.18380937
0.0461109 -0.13719445 0.18380937
0.0461109 -0.13638091 0.18468049
0.04443088 -0.13638091 0.18525037
0.047790885 -0.13638091 0.18418798
0.047790885 -0.1367644 0.18380937
0.0494709 -0.13659337 0.18380937
0.0494709 -0.13638091 0.18400756
0.0494709 -0.1347009 0.18544891
0.05115089 -0.13673776 0.18380937
0.05115089 -0.13638091 0.1840817
0.052830875 -0.13644397 0.18380937
0.052830875 -0.13638091 0.18385461
0.05115089 -0.1347009 0.18534026
0.052830875 -0.1347009 0.18506506
0.053091347 -0.13638091 0.18380937
0.05451089 -0.1347009 0.18471423
0.05619088 -0.13554263 0.18380937
0.05619088 -0.1347009 0.18424872
0.05451089 -0.13602948 0.18380937
0.05619088 -0.13302091 0.18515036
0.057870895 -0.13490385 0.18380937
0.057870895 -0.1347009 0.18390647
0.058985293 -0.1347009 0.18380937
0.057870895 -0.13302091 0.18470487
0.05955088 -0.13302091 0.18463835
0.10323089 -0.15150091 0.14895794
0.10155088 -0.15150091 0.14982423
0.10323089 -0.15218309 0.14852932
0.10171747 -0.1531809 0.14852932
0.10155088 -0.1531809 0.14860865
0.100919425 -0.15150091 0.15020934
0.10155088 -0.15103808 0.15020934
0.09987092 -0.1531809 0.14943638
0.09987092 -0.1522494 0.15020934
0.10468221 -0.15150091 0.14852932
0.10491091 -0.1498209 0.1493015
0.10491091 -0.1513739 0.14852932
0.10323089 -0.1498209 0.15006444
0.10300475 -0.1498209 0.15020934
0.10323089 -0.1496233 0.15020934
0.105182946 -0.1481409 0.15020934
0.10659087 -0.1481409 0.1495848
0.10659087 -0.1498209 0.14865026
0.10491091 -0.14834037 0.15020934
0.10659087 -0.15004572 0.14852932
0.106845796 -0.1498209 0.14852932
0.10827088 -0.1481409 0.14896157
0.10827088 -0.14877307 0.14852932
0.10951197 -0.1481409 0.14852932
0.10771245 -0.14646089 0.15020934
0.10827088 -0.14646089 0.14997968
0.10659087 -0.14717886 0.15020934
0.10827088 -0.14611697 0.15020934
0.1099509 -0.14646089 0.14942858
0.1099509 -0.14526227 0.15020934
0.11163092 -0.14666212 0.14852932
0.11163092 -0.14646089 0.14863333
0.1099509 -0.14791223 0.14852932
0.11163092 -0.1447809 0.14968732
0.11177009 -0.14646089 0.14852932
0.113036215 -0.1447809 0.14852932
0.11078769 -0.1447809 0.15020934
0.11163092 -0.14419422 0.15020934
0.112945676 -0.14310089 0.15020934
0.11331087 -0.14457804 0.14852932
0.11331087 -0.14310089 0.14996216
0.11499089 -0.14387 0.14852932
0.11499089 -0.14310089 0.1491889
0.11663532 -0.14310089 0.14852932
0.11331087 -0.14288127 0.15020934
0.11499089 -0.14210698 0.15020934
0.11627513 -0.1414209 0.15020934
0.1099509 -0.13302091 0.16068712
0.1099509 -0.13134089 0.16172686
0.109652996 -0.13134089 0.16196933
0.11163092 -0.13134089 0.16062483
0.11163092 -0.1296609 0.16143665
0.10852414 -0.13302091 0.16196933
0.11331087 -0.1296609 0.16045651
0.027630895 -0.1481409 0.17985854
0.029310882 -0.1481409 0.17948791
0.029310882 -0.14715472 0.18044934
0.027630895 -0.14740461 0.18044934
0.029310882 -0.14892861 0.17876932
0.030990899 -0.14835024 0.17876932
0.030990899 -0.1481409 0.17899367
0.031712085 -0.14646089 0.18044934
0.031772703 -0.1481409 0.17876932
0.032670885 -0.14789602 0.17876932
0.030990899 -0.14670101 0.18044934
0.03603089 -0.14687338 0.17876932
0.037710875 -0.14647159 0.17876932
0.0343509 -0.14728892 0.17876932
0.0494709 -0.1783809 0.14217773
0.047790885 -0.1783809 0.14263603
0.047790885 -0.17938863 0.14180931
0.0494709 -0.1787864 0.14180931
0.05115089 -0.17690744 0.14348933
0.05089146 -0.1783809 0.14180931
0.05115089 -0.17832038 0.14180931
0.0494709 -0.17709284 0.14348933
0.047790885 -0.17748855 0.14348933
0.05451089 -0.1767009 0.14310232
0.05619088 -0.17751327 0.14180931
0.05619088 -0.1767009 0.14276347
0.052830875 -0.1779779 0.14180931
0.05451089 -0.17773147 0.14180931
0.052830875 -0.1767009 0.14341524
0.052482396 -0.1767009 0.14348933
0.052830875 -0.17664464 0.14348933
0.05451089 -0.17641795 0.14348933
0.05619088 -0.17612973 0.14348933
0.05955088 -0.17546692 0.14348933
0.057870895 -0.17577729 0.14348933
0.057870895 -0.1767009 0.142459
0.08327174 -0.1078209 0.19052932
0.08475089 -0.10694471 0.19052932
0.08475089 -0.10614091 0.1910142
0.08643091 -0.106264025 0.19052932
0.08643091 -0.10614091 0.19060084
0.08139092 -0.10610446 0.19220933
0.083070874 -0.10508776 0.19220933
0.08643091 -0.104460895 0.1917117
0.08476353 -0.104460895 0.19220933
0.08643091 -0.10381135 0.19220933
0.08475089 -0.10446513 0.19220933
0.0867188 -0.10614091 0.19052932
0.08776945 -0.10278091 0.19220933
0.088110864 -0.104460895 0.19096121
0.088110864 -0.10278091 0.19192252
0.08979088 -0.10278091 0.1907306
0.08979088 -0.10323408 0.19052932
0.088110864 -0.10540101 0.19052932
0.08901572 -0.104460895 0.19052932
0.09010792 -0.10278091 0.19052932
0.088110864 -0.102496 0.19220933
0.089897215 -0.10110089 0.19220933
0.0914709 -0.10112724 0.19052932
0.0914709 -0.10110089 0.1905494
0.08979088 -0.10119596 0.19220933
0.09315091 -0.099420905 0.19056818
0.0914709 -0.099420905 0.191695
0.09315091 -0.09945932 0.19052932
0.09148598 -0.10110089 0.19052932
0.09483087 -0.10010728 0.19052932
0.03603089 -0.16158089 0.16476741
0.037710875 -0.16158089 0.16465071
0.03939089 -0.16158089 0.16460451
0.04107088 -0.16158089 0.16445693
0.042750895 -0.16158089 0.16407105
0.037710875 -0.16092148 0.16532937
0.03603089 -0.160995 0.16532937
0.03939089 -0.16092652 0.16532937
0.04443088 -0.16158089 0.16373453
0.04443088 -0.16022852 0.16532937
0.04107088 -0.16075781 0.16532937
0.042750895 -0.16044274 0.16532937
0.04640308 -0.1599009 0.16532937
0.047790885 -0.1599009 0.16502962
0.0494709 -0.1599009 0.16461328
0.0461109 -0.15995362 0.16532937
0.047790885 -0.15962258 0.16532937
0.0494709 -0.15918669 0.16532937
0.05115089 -0.1599009 0.16401812
0.05115089 -0.15873599 0.16532937
0.062074125 -0.14310089 0.17708936
0.062910885 -0.14310089 0.17675027
0.062910885 -0.14265177 0.17708936
0.0645909 -0.14310089 0.17595783
0.062910885 -0.1447809 0.17552146
0.06537828 -0.1414209 0.17708936
0.06627089 -0.1414209 0.17680964
0.0645909 -0.14172599 0.17708936
0.06627089 -0.14106318 0.17708936
0.067950904 -0.1414209 0.176115
0.067950904 -0.14007172 0.17708936
0.06834376 -0.13974091 0.17708936
0.06963089 -0.13974091 0.17639711
0.07131088 -0.13974091 0.17562589
0.07085368 -0.1380609 0.17708936
0.07131088 -0.1380609 0.17688826
0.06963089 -0.13880718 0.17708936
0.07131088 -0.13782656 0.17708936
0.072990894 -0.13717434 0.17708936
0.072990894 -0.1380609 0.17621574
0.072990894 -0.13910824 0.17540935
0.07615328 -0.13638091 0.17708936
0.07635087 -0.13784596 0.17540935
0.07635087 -0.13638091 0.17704251
0.07467091 -0.13668427 0.17708936
0.07557112 -0.1380609 0.17540935
0.07467091 -0.1380609 0.17566428
0.07467091 -0.13834953 0.17540935
0.078030884 -0.13729164 0.17540935
0.0797109 -0.13654575 0.17540935
0.078030884 -0.13638091 0.17643496
0.0797109 -0.13638091 0.17556497
0.07635087 -0.13633901 0.17708936
0.078030884 -0.13576257 0.17708936
0.08001202 -0.13638091 0.17540935
0.08008814 -0.1347009 0.17708936
0.0797109 -0.1349113 0.17708936
0.08139092 -0.13563895 0.17540935
0.08139092 -0.1347009 0.17631683
0.08139092 -0.13394791 0.17708936
0.08331591 -0.1632609 0.14852932
0.08475089 -0.16281131 0.14852932
0.08643091 -0.16209748 0.14852932
0.08643091 -0.16158089 0.14907566
0.083070874 -0.1632609 0.14862111
0.08475089 -0.16158089 0.14980331
0.088110864 -0.1612767 0.14852932
0.088110864 -0.1599009 0.14994338
0.087497056 -0.16158089 0.14852932
0.08979088 -0.1599009 0.14895287
0.0914709 -0.15932396 0.14852932
0.0914709 -0.15822089 0.14968607
0.08979088 -0.16033909 0.14852932
0.0904699 -0.1599009 0.14852932
0.09315091 -0.15843457 0.14852932
0.09315091 -0.15822089 0.14875242
0.09483087 -0.1565409 0.14940062
0.09483087 -0.15742272 0.14852932
0.096297026 -0.1565409 0.14852932
0.09651089 -0.15486091 0.14996138
0.09351325 -0.15822089 0.14852932
0.09651089 -0.15640917 0.14852932
0.0981909 -0.15541664 0.14852932
0.0981909 -0.15486091 0.14899066
0.09914863 -0.15486091 0.14852932
0.09987092 -0.15439549 0.14852932
0.10155088 -0.15328524 0.14852932
0.09782344 -0.15150091 0.15188935
0.09651089 -0.15249431 0.15188935
0.0981909 -0.15150091 0.15169558
0.09987092 -0.15150091 0.15085295
0.10020852 -0.1498209 0.15188935
0.10155088 -0.1498209 0.15117142
0.0981909 -0.15124664 0.15188935
0.09987092 -0.1500802 0.15188935
0.10323089 -0.1481409 0.15126327
0.102125466 -0.1481409 0.15188935
0.10323089 -0.14723104 0.15188935
0.10155088 -0.14867616 0.15188935
0.10491091 -0.1481409 0.15034881
0.10491091 -0.14646089 0.15156618
0.10659087 -0.14646089 0.15073839
0.10827088 -0.1447809 0.15134266
0.1099509 -0.1447809 0.15059933
0.11163092 -0.14310089 0.15113434
0.11499089 -0.1414209 0.15116975
0.11163092 -0.13638091 0.1570904
0.1099509 -0.13638091 0.15810713
0.1099509 -0.1380609 0.1570153
0.11163092 -0.1347009 0.15825823
0.11331087 -0.1347009 0.15733603
0.11499089 -0.13302091 0.15763238
0.09483087 -0.13928607 0.16532937
0.09483087 -0.13974091 0.16498414
0.09651089 -0.13974091 0.16393474
0.09615421 -0.1380609 0.16532937
0.09651089 -0.1380609 0.16507128
0.09651089 -0.1377072 0.16532937
0.09651089 -0.14016479 0.16364935
0.09692943 -0.13974091 0.16364935
0.09431863 -0.13974091 0.16532937
0.0981909 -0.1380609 0.16393659
0.09987092 -0.13638091 0.16414842
0.0981909 -0.13638091 0.16510162
0.09987092 -0.13711867 0.16364935
0.09786689 -0.13638091 0.16532937
0.0981909 -0.13847965 0.16364935
0.09866983 -0.1380609 0.16364935
0.0981909 -0.13605225 0.16532937
0.09962827 -0.1347009 0.16532937
0.09987092 -0.1347009 0.16519079
0.09987092 -0.13447809 0.16532937
0.10104138 -0.13638091 0.16364935
0.10155088 -0.1347009 0.16431025
0.10323089 -0.13302091 0.16433308
0.10270053 -0.1347009 0.16364935
0.10323089 -0.13420561 0.16364935
0.101475716 -0.13302091 0.16532937
0.10155088 -0.13302091 0.1652861
0.10155088 -0.13596195 0.16364935
0.10155088 -0.13293907 0.16532937
0.10286158 -0.13134089 0.16532937
0.10323089 -0.13134089 0.16511121
0.10323089 -0.13093317 0.16532937
0.104679644 -0.13302091 0.16364935
0.10465765 -0.1296609 0.16532937
0.10491091 -0.13134089 0.16428927
0.10491091 -0.13281178 0.16364935
0.10659087 -0.13135037 0.16364935
0.10491091 -0.1296609 0.16520253
0.10659087 -0.13134089 0.16365334
0.10491091 -0.12948063 0.16532937
0.10659087 -0.1296609 0.1644254
0.10659087 -0.12823653 0.16532937
0.106600404 -0.13134089 0.16364935
0.1081028 -0.1296609 0.16364935
0.1093601 -0.1263009 0.16532937
0.10827088 -0.12798089 0.16459629
0.1099509 -0.1263009 0.16497979
0.1097945 -0.12798089 0.16364935
0.10827088 -0.12948576 0.16364935
0.10693771 -0.12798089 0.16532937
0.10827088 -0.12705207 0.16532937
0.1099509 -0.12581015 0.16532937
0.0797109 -0.14506909 0.16700932
0.078030884 -0.14581192 0.16700932
0.08037603 -0.1447809 0.16700932
0.08139092 -0.1447809 0.16656908
0.08139092 -0.14432147 0.16700932
0.083070874 -0.1447809 0.16591159
0.083070874 -0.14355993 0.16700932
0.083070874 -0.145515 0.16532937
0.08139092 -0.14610869 0.16532937
0.084816456 -0.14310089 0.16700932
0.08558905 -0.1447809 0.16532937
0.08643091 -0.14310089 0.16680029
0.08643091 -0.14470151 0.16532937
0.08475089 -0.1447809 0.16542843
0.08475089 -0.14310962 0.16700932
0.08475089 -0.14489591 0.16532937
0.08643091 -0.14286408 0.16700932
0.088110864 -0.14310089 0.16636088
0.088110864 -0.14229286 0.16700932
0.088110864 -0.1444771 0.16532937
0.08979088 -0.14354318 0.16532937
0.08979088 -0.14310089 0.16569993
0.09124732 -0.14310089 0.16532937
0.0914709 -0.1429789 0.16532937
0.0914709 -0.1414209 0.16626284
0.0898872 -0.1414209 0.16700932
0.08979088 -0.14146498 0.16700932
0.09315091 -0.13974091 0.1662387
0.09315091 -0.14085203 0.16532937
0.09233916 -0.13974091 0.16700932
0.09315091 -0.1386339 0.16700932
0.09262937 -0.1414209 0.16532937
0.0914709 -0.14061716 0.16700932
0.095549464 -0.13638091 0.16700932
0.09483087 -0.1380609 0.1662412
0.09651089 -0.13638091 0.16646865
0.09363842 -0.1380609 0.16700932
0.09483087 -0.1368733 0.16700932
0.09651089 -0.13555601 0.16700932
0.05619088 -0.16998091 0.15096018
0.057870895 -0.16998091 0.15069333
0.057870895 -0.16881588 0.15188935
0.05619088 -0.16903758 0.15188935
0.061230898 -0.1700255 0.15020934
0.05955088 -0.16998091 0.15052244
0.061230898 -0.16998091 0.1502563
0.061446726 -0.16998091 0.15020934
0.06152764 -0.1683009 0.15188935
0.061230898 -0.16836753 0.15188935
0.062910885 -0.16966692 0.15020934
0.062910885 -0.1683009 0.15156505
0.05955088 -0.16867894 0.15188935
0.0645909 -0.1683009 0.15123579
0.06627089 -0.1683009 0.15076312
0.0645909 -0.16942492 0.15020934
0.06627089 -0.1689103 0.15020934
0.067950904 -0.16662091 0.1517177
0.06963089 -0.16725984 0.15020934
0.06963089 -0.16662091 0.15083912
0.067950904 -0.16806564 0.15020934
0.06749064 -0.1683009 0.15020934
0.0709804 -0.16662091 0.15020934
0.07131088 -0.1649409 0.15153328
0.07131088 -0.16646552 0.15020934
0.07467091 -0.1649409 0.15081874
0.072990894 -0.1649409 0.15141019
0.072990894 -0.16604194 0.15020934
0.07467091 -0.16543156 0.15020934
0.07525295 -0.1649409 0.15020934
0.07635087 -0.1632609 0.1510069
0.07635087 -0.1640212 0.15020934
0.078030884 -0.16331148 0.15020934
0.078030884 -0.1632609 0.15026739
0.07818371 -0.1632609 0.15020934
0.0797109 -0.16285962 0.15020934
0.0797109 -0.16158089 0.15177813
0.08139092 -0.16158089 0.15128043
0.08139092 -0.16249865 0.15020934
0.041001678 -0.1649409 0.16028932
0.03939089 -0.16545853 0.16028932
0.03939089 -0.16662091 0.15877888
0.04107088 -0.1649409 0.16025761
0.04107088 -0.16653517 0.15860936
0.04443088 -0.1649409 0.15915605
0.042750895 -0.1649409 0.15958211
0.042750895 -0.16596285 0.15860936
0.04443088 -0.16549969 0.15860936
0.0461109 -0.16531658 0.15860936
0.0461109 -0.1649409 0.15901521
0.042750895 -0.16434398 0.16028932
0.04107088 -0.16491264 0.16028932
0.047790885 -0.1649409 0.15878901
0.047790885 -0.16510132 0.15860936
0.048374236 -0.1649409 0.15860936
0.0461109 -0.16392344 0.16028932
0.04443088 -0.16403466 0.16028932
0.049173832 -0.1632609 0.16028932
0.0494709 -0.1632609 0.16018745
0.0494709 -0.16317198 0.16028932
0.0494709 -0.16459826 0.15860936
0.05115089 -0.16416761 0.15860936
0.05115089 -0.1632609 0.15974405
0.047790885 -0.1636535 0.16028932
0.05619088 -0.1632609 0.15895537
0.05451089 -0.1632609 0.15924433
0.05451089 -0.16373837 0.15860936
0.05115089 -0.1628071 0.16028932
0.052830875 -0.1632609 0.15941462
0.052830875 -0.1638977 0.15860936
0.05619088 -0.16350716 0.15860936
0.05619088 -0.16227171 0.16028932
0.05451089 -0.16244024 0.16028932
0.057786494 -0.1632609 0.15860936
0.052830875 -0.16258845 0.16028932
0.06000361 -0.16158089 0.16028932
0.05955088 -0.16307563 0.15860936
0.061230898 -0.1625078 0.15860936
0.05955088 -0.16172919 0.16028932
0.057870895 -0.16324851 0.15860936
0.057870895 -0.16216123 0.16028932
0.061230898 -0.16158089 0.15974191
0.0645909 -0.16001236 0.16028932
0.063645065 -0.16158089 0.15860936
0.0645909 -0.16131434 0.15860936
0.062910885 -0.16051131 0.16028932
0.061230898 -0.1611383 0.16028932
0.062910885 -0.16158089 0.15889052
0.062910885 -0.16181868 0.15860936
0.067950904 -0.16085476 0.15860936
0.067950904 -0.1599009 0.15929541
0.06627089 -0.1599009 0.1595166
0.06627089 -0.1609284 0.15860936
0.06481969 -0.1599009 0.16028932
0.067950904 -0.15869957 0.16028932
0.06627089 -0.1591681 0.16028932
0.037710875 -0.1599009 0.16643855
0.03603089 -0.1599009 0.16647032
0.03939089 -0.1599009 0.16637078
0.042750895 -0.1599009 0.16587976
0.04107088 -0.1599009 0.16616234
0.03603089 -0.15941438 0.16700932
0.037710875 -0.15937886 0.16700932
0.03939089 -0.15926406 0.16700932
0.04443088 -0.1599009 0.16568783
0.0461109 -0.1599009 0.1653876
0.042750895 -0.15883186 0.16700932
0.04107088 -0.15905216 0.16700932
0.047246933 -0.15822089 0.16700932
0.047790885 -0.15822089 0.16687104
0.0461109 -0.158445 0.16700932
0.04443088 -0.1586692 0.16700932
0.0494709 -0.15770903 0.16700932
0.047790885 -0.15809482 0.16700932
0.05115089 -0.15822089 0.16596708
0.0494709 -0.15822089 0.16639087
0.052830875 -0.15822089 0.16559592
0.05115089 -0.15742597 0.16700932
0.052830875 -0.15712008 0.16700932
0.055581182 -0.1565409 0.16700932
0.05619088 -0.1565409 0.16679564
0.05619088 -0.15633875 0.16700932
0.057870895 -0.1565409 0.16601756
0.05451089 -0.15681428 0.16700932
0.057870895 -0.1555512 0.16700932
0.05955088 -0.1565409 0.1654053
0.05955088 -0.1548689 0.16700932
0.05957344 -0.15486091 0.16700932
0.061230898 -0.15486091 0.16648361
0.061230898 -0.15427738 0.16700932
0.029310882 -0.15098509 0.17708936
0.030990899 -0.15032628 0.17708936
0.029310882 -0.1498209 0.17803016
0.032670885 -0.14992863 0.17708936
0.032670885 -0.1498209 0.17717692
0.030990899 -0.1498209 0.1774731
0.032670885 -0.1481409 0.17854163
0.03308341 -0.1498209 0.17708936
0.0343509 -0.1481409 0.17809686
0.03603089 -0.1481409 0.17758754
0.0343509 -0.14944056 0.17708936
0.03603089 -0.14876747 0.17708936
0.03939089 -0.14646089 0.17775163
0.038024813 -0.1481409 0.17708936
0.037710875 -0.1481409 0.1771644
0.037710875 -0.14824802 0.17708936
0.07131088 -0.13302091 0.18191704
0.072990894 -0.13302091 0.18148783
0.04107088 -0.14646089 0.17725888
0.04107088 -0.1467109 0.17708936
0.041796237 -0.14646089 0.17708936
0.03939089 -0.14750761 0.17708936
0.07467091 -0.13302091 0.18098924
0.07635087 -0.13134089 0.18168268
0.078030884 -0.13134089 0.1810138
0.0797109 -0.1296609 0.18167618
0.08139092 -0.1296609 0.18081787
0.083070874 -0.12798089 0.18120262
0.08475089 -0.12798089 0.1805006
0.08475089 -0.1263009 0.18185708
0.08643091 -0.1263009 0.18157628
0.088110864 -0.1263009 0.18062362
0.088110864 -0.124620885 0.18118832
0.08643091 -0.12509692 0.18212935
0.08475089 -0.12592533 0.18212935
0.08673519 -0.124620885 0.18212935
0.08896625 -0.12126091 0.18212935
0.08979088 -0.1229409 0.18073699
0.08979088 -0.12126091 0.18154177
0.088110864 -0.122623205 0.18212935
0.08788848 -0.1229409 0.18212935
0.088110864 -0.1229409 0.18196478
0.0914709 -0.12126091 0.18051347
0.061230898 -0.13302091 0.18487188
0.05955088 -0.13134089 0.1854231
0.062910885 -0.13302091 0.18415251
0.061230898 -0.13134089 0.18538478
0.062910885 -0.13134089 0.18488142
0.06627089 -0.13134089 0.18417725
0.0645909 -0.13134089 0.1844447
0.0645909 -0.1296609 0.18538001
0.06963089 -0.13134089 0.18392482
0.067950904 -0.13134089 0.18408927
0.06627089 -0.1296609 0.18540642
0.06963089 -0.1296609 0.1852977
0.072990894 -0.1296609 0.1844323
0.07131088 -0.1296609 0.18490764
0.07467091 -0.12798089 0.18510452
0.07635087 -0.12798089 0.18443343
0.0797109 -0.1263009 0.18433556
0.078030884 -0.1263009 0.18503281
0.0494709 -0.18006091 0.1407176
0.05115089 -0.1783809 0.14174649
0.052830875 -0.1783809 0.1413661
0.05451089 -0.1783809 0.14109126
0.061230898 -0.1750209 0.14356956
0.05955088 -0.1750209 0.14407489
0.061230898 -0.17508098 0.14348933
0.07018486 -0.1565409 0.16196933
0.07131088 -0.1565409 0.16127864
0.06963089 -0.15822089 0.16038045
0.072990894 -0.15486091 0.16145268
0.07222909 -0.15486091 0.16196933
0.07131088 -0.15574297 0.16196933
0.06963089 -0.1568099 0.16196933
0.072990894 -0.15424603 0.16196933
0.07467091 -0.15486091 0.16039196
0.07449311 -0.1531809 0.16196933
0.07467091 -0.1531809 0.16184786
0.07678956 -0.15150091 0.16196933
0.078030884 -0.15150091 0.16120276
0.07635087 -0.1531809 0.1606175
0.07467091 -0.15306276 0.16196933
0.07635087 -0.15180576 0.16196933
0.0797109 -0.15150091 0.16064325
0.078030884 -0.1507895 0.16196933
0.0797109 -0.15010655 0.16196933
0.08061552 -0.1498209 0.16196933
0.08139092 -0.1498209 0.16176209
0.08139092 -0.14961264 0.16196933
0.083070874 -0.1498209 0.16138664
0.083070874 -0.1491963 0.16196933
0.08475089 -0.1498209 0.16095707
0.08475089 -0.14868328 0.16196933
0.08643091 -0.1498209 0.1604338
0.08643091 -0.1481409 0.1619083
0.088110864 -0.1481409 0.16135713
0.08625245 -0.1481409 0.16196933
0.08643091 -0.14808264 0.16196933
0.08979088 -0.14747128 0.16196933
0.088110864 -0.14769503 0.16196933
0.08979088 -0.1481409 0.16042915
0.0645909 -0.15150091 0.1682078
0.06351468 -0.15150091 0.16868934
0.061230898 -0.1531809 0.16807422
0.062910885 -0.1531809 0.16741255
0.061230898 -0.15258244 0.16868934
0.062910885 -0.15182811 0.16868934
0.06000656 -0.1531809 0.16868934
0.067950904 -0.15150091 0.16712919
0.06627089 -0.15042415 0.16868934
0.0645909 -0.15096053 0.16868934
0.06627089 -0.15150091 0.16761974
0.067950904 -0.1502459 0.16868934
0.06897166 -0.1498209 0.16868934
0.06963089 -0.1498209 0.16822389
0.07131088 -0.1481409 0.16845718
0.072990894 -0.1481409 0.16735426
0.06963089 -0.14933705 0.16868934
0.07100031 -0.1481409 0.16868934
0.072990894 -0.1468423 0.16868934
0.07360697 -0.14646089 0.16868934
0.07467091 -0.14646089 0.16802964
0.07131088 -0.1479254 0.16868934
0.07635087 -0.14646089 0.1671466
0.07467091 -0.14588067 0.16868934
0.07635087 -0.1450305 0.16868934
0.09651089 -0.124620885 0.17492476
0.09483087 -0.1263009 0.1750414
0.09651089 -0.1263009 0.17395338
0.096864164 -0.1263009 0.17372933
0.0981909 -0.1229409 0.17458287
0.098214686 -0.124620885 0.17372933
0.09937841 -0.1229409 0.17372933
0.0981909 -0.124620885 0.17374828
0.09694332 -0.1229409 0.17540935
0.0981909 -0.124658525 0.17372933
0.09956217 -0.119580895 0.17540935
0.09830499 -0.12126091 0.17540935
0.09987092 -0.12126091 0.17428014
0.09987092 -0.119580895 0.17519358
0.09987092 -0.12230763 0.17372933
0.0981909 -0.12141836 0.17540935
0.10155088 -0.119580895 0.17436215
0.09987092 -0.11934778 0.17540935
0.10155088 -0.11837208 0.17540935
0.10155088 -0.12054342 0.17372933
0.1026333 -0.119580895 0.17372933
0.10084438 -0.12126091 0.17372933
0.10323089 -0.11790091 0.17422971
0.10323089 -0.11889994 0.17372933
0.10378981 -0.11790091 0.17372933
0.10288298 -0.11622089 0.17540935
0.10323089 -0.11622089 0.17509511
0.10323089 -0.11582288 0.17540935
0.10196072 -0.11790091 0.17540935
0.10479921 -0.11622089 0.17372933
0.10491091 -0.116092384 0.17372933
0.079530716 -0.124620885 0.18548933
0.0797109 -0.124620885 0.18540445
0.078030884 -0.12567186 0.18548933
0.0797109 -0.12446487 0.18548933
0.08139092 -0.124620885 0.18464318
0.08139092 -0.12301093 0.18548933
0.08139092 -0.12590918 0.18380937
0.08300245 -0.124620885 0.18380937
0.083070874 -0.12456545 0.18380937
0.08475089 -0.1232512 0.18380937
0.083070874 -0.1229409 0.18479076
0.08475089 -0.1229409 0.18398008
0.081472516 -0.1229409 0.18548933
0.083070874 -0.12148693 0.18548933
0.08328903 -0.12126091 0.18548933
0.08475089 -0.12126091 0.18479666
0.08475089 -0.119583696 0.18548933
0.08508688 -0.1229409 0.18380937
0.08643091 -0.12143585 0.18380937
0.08643091 -0.12126091 0.18389001
0.08643091 -0.119580895 0.18455991
0.08643091 -0.11790091 0.18522826
0.084753156 -0.119580895 0.18548933
0.086034834 -0.11790091 0.18548933
0.086556494 -0.12126091 0.18380937
0.08743191 -0.119580895 0.18380937
0.08643091 -0.11732879 0.18548933
0.088110864 -0.11790091 0.18390271
0.088110864 -0.11622089 0.18477765
0.087204695 -0.11622089 0.18548933
0.088110864 -0.11811915 0.18380937
0.088222444 -0.11790091 0.18380937
0.08879769 -0.114540905 0.18548933
0.08979088 -0.114540905 0.18453285
0.088110864 -0.115220845 0.18548933
0.08920157 -0.11622089 0.18380937
0.08979088 -0.115386754 0.18380937
0.0914709 -0.11286089 0.1844286
0.0914709 -0.11359134 0.18380937
0.09049016 -0.114540905 0.18380937
0.10323089 -0.1531809 0.14785406
0.10659087 -0.15150091 0.1477566
0.10827088 -0.1498209 0.14780149
0.10491091 -0.15150091 0.14845881
0.11163092 -0.1481409 0.14758506
0.1099509 -0.1481409 0.14835492
0.11331087 -0.14646089 0.14745805
0.11331087 -0.1447809 0.14837107
0.11499089 -0.1447809 0.14780751
0.11667091 -0.14310089 0.14851418
0.12003088 -0.1414209 0.14757332
0.11835086 -0.14310089 0.14750734
0.0914709 -0.14646089 0.16187057
0.09315091 -0.14691788 0.16028932
0.09315091 -0.14646089 0.16056076
0.089928746 -0.1481409 0.16028932
0.0914709 -0.14759102 0.16028932
0.09137243 -0.14646089 0.16196933
0.09483087 -0.1447809 0.16099146
0.09383404 -0.14646089 0.16028932
0.09483087 -0.14579776 0.16028932
0.09297788 -0.1447809 0.16196933
0.09315091 -0.1447809 0.16185394
0.09315091 -0.1446499 0.16196933
0.0914709 -0.14635307 0.16196933
0.09619361 -0.1447809 0.16028932
0.09651089 -0.14453003 0.16028932
0.09651089 -0.14310089 0.16139916
0.09562665 -0.14310089 0.16196933
0.09483087 -0.1436126 0.16196933
0.0981909 -0.1414209 0.16143712
0.0981909 -0.14286369 0.16028932
0.09969264 -0.1414209 0.16028932
0.097509146 -0.1414209 0.16196933
0.09651089 -0.14241865 0.16196933
0.09793937 -0.14310089 0.16028932
0.10155088 -0.13974091 0.16079727
0.10155088 -0.14025924 0.16028932
0.102630675 -0.13974091 0.16028932
0.09987092 -0.13974091 0.16167763
0.09987092 -0.14126587 0.16028932
0.09943646 -0.13974091 0.16196933
0.0981909 -0.140775 0.16196933
0.1020177 -0.1380609 0.16196933
0.10323089 -0.1380609 0.16129354
0.10323089 -0.13692912 0.16196933
0.10155088 -0.13839787 0.16196933
0.10323089 -0.13940638 0.16028932
0.09987092 -0.13941556 0.16196933
0.10491091 -0.13638091 0.1614655
0.10539758 -0.1380609 0.16028932
0.10659087 -0.13723195 0.16028932
0.10659087 -0.13638091 0.16083005
0.103836775 -0.13638091 0.16196933
0.10491091 -0.1380609 0.16050735
0.10491091 -0.13834551 0.16028932
0.107420444 -0.13638091 0.16028932
0.10827088 -0.13522273 0.16028932
0.10827088 -0.1347009 0.16079977
0.1067251 -0.1347009 0.16196933
0.10659087 -0.13475978 0.16196933
0.10491091 -0.13551208 0.16196933
0.10871178 -0.1347009 0.16028932
0.10827088 -0.13341728 0.16196933
0.07430059 -0.15150091 0.16364935
0.07467091 -0.15127447 0.16364935
0.07467091 -0.1498209 0.16491106
0.07635087 -0.1498209 0.16393563
0.07635087 -0.15013203 0.16364935
0.076847315 -0.1498209 0.16364935
0.0797109 -0.1481409 0.16394636
0.078030884 -0.1481409 0.16464457
0.078030884 -0.14918023 0.16364935
0.0797109 -0.14844951 0.16364935
0.08139092 -0.1479215 0.16364935
0.083070874 -0.14755654 0.16364935
0.08139092 -0.14646089 0.16502246
0.083070874 -0.14646089 0.16464177
0.080616415 -0.1481409 0.16364935
0.08643091 -0.14646089 0.1637182
0.08643091 -0.1465373 0.16364935
0.08672881 -0.14646089 0.16364935
0.08475089 -0.14646089 0.16408798
0.08475089 -0.1469563 0.16364935
0.088110864 -0.1447809 0.16506079
0.08643091 -0.1447809 0.16525385
0.088110864 -0.14611208 0.16364935
0.08979088 -0.14562055 0.16364935
0.0914709 -0.14482331 0.16364935
0.0914709 -0.1447809 0.163703
0.08979088 -0.1447809 0.16429994
0.0914709 -0.14310089 0.16525045
0.09152496 -0.1447809 0.16364935
0.09315091 -0.14310089 0.1637524
0.09315091 -0.14321074 0.16364935
0.09315091 -0.1414209 0.16490129
0.093244255 -0.14310089 0.16364935
0.09483087 -0.14151978 0.16364935
0.09483087 -0.1414209 0.16372779
0.09496915 -0.1414209 0.16364935
0.06963089 -0.11917135 0.19556937
0.07131088 -0.11922777 0.19556937
0.072990894 -0.11790091 0.19556281
0.07467091 -0.11622089 0.19544151
0.072990894 -0.11789763 0.19556937
0.07457286 -0.11622089 0.19556937
0.07298845 -0.11790091 0.19556937
0.07612109 -0.114540905 0.19556937
0.07467091 -0.11614776 0.19556937
0.0461109 -0.16998091 0.15296003
0.047790885 -0.17054886 0.15188935
0.047790885 -0.16998091 0.152522
0.04443088 -0.17126462 0.15188935
0.0461109 -0.17089757 0.15188935
0.04443088 -0.16998091 0.15341428
0.042750895 -0.1716609 0.15189007
0.042753607 -0.1716609 0.15188935
0.042750895 -0.17166153 0.15188935
0.0494709 -0.17009488 0.15188935
0.0494709 -0.16998091 0.15201506
0.05115089 -0.1683009 0.15356204
0.052830875 -0.1695081 0.15188935
0.052830875 -0.1683009 0.15323904
0.049997926 -0.16998091 0.15188935
0.05115089 -0.16976774 0.15188935
0.05451089 -0.16925725 0.15188935
0.05451089 -0.1683009 0.15291646
0.05619088 -0.1683009 0.15262201
0.05955088 -0.1683009 0.15228978
0.057870895 -0.1683009 0.15242067
0.061230898 -0.1683009 0.15195855
0.0914709 -0.14895928 0.15860936
0.0914709 -0.1481409 0.15955779
0.09315091 -0.14903605 0.15860936
0.09483087 -0.14895564 0.15860936
0.09483087 -0.1481409 0.15946588
0.09315091 -0.1481409 0.15942094
0.0961951 -0.1481409 0.15860936
0.09651089 -0.14743152 0.15860936
0.09483087 -0.14646089 0.15991375
0.09651089 -0.14646089 0.15887651
0.0981909 -0.1447809 0.1588094
0.096723855 -0.14646089 0.15860936
0.0981909 -0.1449542 0.15860936
0.09651089 -0.1447809 0.16009966
0.0981909 -0.14310089 0.16011676
0.09848899 -0.1447809 0.15860936
0.09987092 -0.14310089 0.15927783
0.09987092 -0.1440903 0.15860936
0.09987092 -0.1414209 0.16016385
0.10155088 -0.14310089 0.15882185
0.10155088 -0.14349353 0.15860936
0.101866305 -0.14310089 0.15860936
0.102805376 -0.1414209 0.15860936
0.10323089 -0.14109808 0.15860936
0.10323089 -0.13974091 0.15996131
0.10155088 -0.1414209 0.15929404
0.10491091 -0.13974091 0.15866742
0.10491091 -0.13979 0.15860936
0.10497606 -0.13974091 0.15860936
0.107486546 -0.1380609 0.15860936
0.10827088 -0.13731456 0.15860936
0.10827088 -0.13638091 0.15949288
0.10659087 -0.1380609 0.15951738
0.10659087 -0.13872784 0.15860936
0.10924971 -0.13638091 0.15860936
0.0981909 -0.13974091 0.1627799
0.09651089 -0.1414209 0.16274735
0.10155088 -0.1380609 0.1622332
0.09987092 -0.1380609 0.16301414
0.10323089 -0.13638091 0.162303
0.10323089 -0.1347009 0.16334006
0.10155088 -0.13638091 0.16340157
0.10659087 -0.1347009 0.1620228
0.10491091 -0.1347009 0.16248706
0.10827088 -0.13302091 0.16217217
0.10659087 -0.13302091 0.16295895
0.10491091 -0.13302091 0.1635491
0.10827088 -0.13134089 0.1629171
0.10827088 -0.1296609 0.16355386
0.11163092 -0.1263009 0.1637018
0.111683905 -0.1263009 0.16364935
0.029310882 -0.15150091 0.17660907
0.030990899 -0.15150091 0.17610899
0.032670885 -0.15150091 0.17575982
0.0343509 -0.15150091 0.1754798
0.0343509 -0.1498209 0.17678878
0.03603089 -0.1498209 0.17632535
0.03939089 -0.1498209 0.1760275
0.037710875 -0.1498209 0.1760864
0.04107088 -0.1481409 0.17625251
0.03939089 -0.1481409 0.17677453
0.042750895 -0.1481409 0.17573538
0.042750895 -0.14646089 0.17690918
0.09651089 -0.11790091 0.18027577
0.0981909 -0.11790091 0.180253
0.09987092 -0.11790091 0.1790568
0.09987092 -0.11622089 0.1793715
0.09987092 -0.114540905 0.17935756
0.10155088 -0.1111809 0.18033817
0.04443088 -0.13974091 0.18215927
0.04443088 -0.1380609 0.18352547
0.04443088 -0.13977769 0.18212935
0.044501632 -0.13974091 0.18212935
0.0461109 -0.13894737 0.18212935
0.047790885 -0.1384443 0.18212935
0.047790885 -0.1380609 0.18250933
0.0461109 -0.1380609 0.18292543
0.0494709 -0.1380609 0.18233773
0.05115089 -0.13840008 0.18212935
0.05115089 -0.1380609 0.18249735
0.0494709 -0.138269 0.18212935
0.052830875 -0.1380609 0.18249598
0.05451089 -0.13836128 0.18212935
0.05451089 -0.1380609 0.18236294
0.052830875 -0.13845125 0.18212935
0.05619088 -0.1380609 0.1822559
0.05451089 -0.13638091 0.18356863
0.05619088 -0.13638091 0.18335369
0.05619088 -0.13823143 0.18212935
0.057870895 -0.13789988 0.18212935
0.05955088 -0.1373941 0.18212935
0.057196707 -0.1380609 0.18212935
0.057870895 -0.13638091 0.18308637
0.061230898 -0.13653368 0.18212935
0.0343509 -0.13653156 0.18884936
0.0343509 -0.1380609 0.18729731
0.037710875 -0.13638091 0.18810627
0.03939089 -0.13638091 0.18724254
0.03603089 -0.13638091 0.18858793
0.034988016 -0.13638091 0.18884936
0.03603089 -0.13614151 0.18884936
0.04107088 -0.1347009 0.18808433
0.039422363 -0.1347009 0.18884936
0.03939089 -0.13471824 0.18884936
0.037710875 -0.13559344 0.18884936
0.042750895 -0.1347009 0.1874375
0.042750895 -0.13322383 0.18884936
0.04107088 -0.13385117 0.18884936
0.047790885 -0.13302091 0.18758747
0.0461109 -0.13302091 0.18793097
0.04443088 -0.13302091 0.18849334
0.04334736 -0.13302091 0.18884936
0.049153686 -0.13134089 0.18884936
0.0494709 -0.13134089 0.18876973
0.0461109 -0.13208097 0.18884936
0.047790885 -0.13170564 0.18884936
0.04443088 -0.13264152 0.18884936
0.05115089 -0.13134089 0.1884369
0.05115089 -0.1309917 0.18884936
0.052830875 -0.13134089 0.18850455
0.0494709 -0.13126427 0.18884936
0.05451089 -0.13071778 0.18884936
0.052830875 -0.13107449 0.18884936
0.05451089 -0.13134089 0.18787202
0.055357307 -0.12798089 0.18884936
0.05619088 -0.12798089 0.18835273
0.05619088 -0.12715653 0.18884936
0.055282533 -0.1296609 0.18884936
0.05619088 -0.1296609 0.1874223
0.0981909 -0.12126091 0.17552903
0.0981909 -0.119580895 0.17696485
0.10155088 -0.11790091 0.17605445
0.10323089 -0.114540905 0.17662856
0.10323089 -0.11395085 0.17708936
0.062910885 -0.1716609 0.14862004
0.062910885 -0.16998091 0.14992425
0.06627089 -0.16998091 0.14922997
0.0645909 -0.16998091 0.14975199
0.067950904 -0.1683009 0.14996353
0.0645909 -0.1716609 0.1488221
0.06963089 -0.1683009 0.14915916
0.072990894 -0.16662091 0.14964351
0.07131088 -0.16662091 0.150085
0.07467091 -0.16662091 0.14871737
0.07635087 -0.1649409 0.14926061
0.078030884 -0.1649409 0.14859852
0.0797109 -0.1632609 0.1497424
0.08139092 -0.1632609 0.14930508
0.03939089 -0.16675693 0.15860936
0.07683623 -0.1447809 0.16868934
0.078030884 -0.1447809 0.16805843
0.0797109 -0.1447809 0.16731939
0.08139092 -0.14310089 0.16830799
0.083070874 -0.14310089 0.167425
0.08067155 -0.14310089 0.16868934
0.08139092 -0.14270219 0.16868934
0.083070874 -0.1418542 0.16868934
0.08475089 -0.14310089 0.16701773
0.078030884 -0.14416021 0.16868934
0.0797109 -0.14352456 0.16868934
0.08475089 -0.1414209 0.16867194
0.08643091 -0.1414209 0.16814885
0.08475089 -0.1414026 0.16868934
0.088110864 -0.1414209 0.16763583
0.08979088 -0.1414209 0.16705063
0.08643091 -0.14073592 0.16868934
0.088110864 -0.13999575 0.16868934
0.08936119 -0.13974091 0.16868934
0.08979088 -0.13974091 0.16862062
0.084687114 -0.1414209 0.16868934
0.08979088 -0.13962737 0.16868934
0.0914709 -0.13974091 0.16800162
0.0914709 -0.13856897 0.16868934
0.09172779 -0.1380609 0.16868934
0.09315091 -0.1380609 0.16739723
0.09315091 -0.13638091 0.16834304
0.09264171 -0.13638091 0.16868934
0.09315091 -0.13583004 0.16868934
0.09483087 -0.13638091 0.16732553
0.09651089 -0.1347009 0.16758648
0.09483087 -0.1347009 0.16848412
0.09445399 -0.1347009 0.16868934
0.09483087 -0.13444924 0.16868934
0.0494709 -0.1767009 0.14396176
0.047790885 -0.1767009 0.14443687
0.0461109 -0.1767009 0.14508429
0.05115089 -0.1767009 0.14375398
0.057870895 -0.1750209 0.14445522
0.032670885 -0.15486091 0.17248073
0.0343509 -0.15486091 0.17210582
0.035075366 -0.15486091 0.17204937
0.03603089 -0.15479907 0.17204937
0.03603089 -0.1531809 0.17361668
0.037710875 -0.15455642 0.17204937
0.037710875 -0.1531809 0.1733047
0.032670885 -0.15527448 0.17204937
0.0343509 -0.1549139 0.17204937
0.0461109 -0.1531809 0.17212084
0.04443088 -0.1531809 0.17227796
0.04443088 -0.15348098 0.17204937
0.0461109 -0.15327281 0.17204937
0.03939089 -0.1531809 0.17306933
0.03939089 -0.15423867 0.17204937
0.04107088 -0.1540299 0.17204937
0.04107088 -0.1531809 0.17280963
0.042750895 -0.15380445 0.17204937
0.042750895 -0.1531809 0.17252609
0.03603089 -0.14310089 0.18176493
0.0343509 -0.1447809 0.18090054
0.037710875 -0.14310089 0.18123403
0.03603089 -0.1447809 0.1804556
0.03939089 -0.14310089 0.18067136
0.032670885 -0.1447809 0.18144986
0.04107088 -0.1414209 0.18195811
0.042750895 -0.1414209 0.18132976
0.04443088 -0.1414209 0.18069819
0.0494709 -0.13974091 0.18089941
0.0461109 -0.13974091 0.18140426
0.05115089 -0.13974091 0.18096283
0.047790885 -0.13974091 0.18091646
0.052830875 -0.13974091 0.18102053
0.05451089 -0.13974091 0.18100294
0.05619088 -0.13974091 0.18094
0.08475089 -0.16432828 0.14684936
0.08475089 -0.1632609 0.14800754
0.08318943 -0.1649409 0.14684936
0.08643091 -0.16359183 0.14684936
0.08643091 -0.1632609 0.14719138
0.08720899 -0.1632609 0.14684936
0.088110864 -0.16158089 0.14821044
0.08979088 -0.16158089 0.14738789
0.09483087 -0.15822089 0.14781573
0.0914709 -0.1599009 0.14793673
0.0981909 -0.1565409 0.14756301
0.09651089 -0.1565409 0.14841244
0.09987092 -0.15486091 0.14816722
0.0494709 -0.16600567 0.15692934
0.047790885 -0.16651067 0.15692934
0.05115089 -0.16662091 0.15569094
0.05115089 -0.16557235 0.15692934
0.052830875 -0.16525093 0.15692934
0.052830875 -0.16662091 0.15527746
0.05451089 -0.16496837 0.15692934
0.05619088 -0.16468441 0.15692934
0.057870895 -0.1649409 0.15638253
0.057870895 -0.16450751 0.15692934
0.05955088 -0.1649409 0.15607235
0.05955088 -0.16429788 0.15692934
0.05619088 -0.1649409 0.15659836
0.061230898 -0.1649409 0.15554598
0.062910885 -0.1649409 0.15540054
0.054658383 -0.1649409 0.15692934
0.062910885 -0.16349706 0.15692934
0.06407988 -0.1632609 0.15692934
0.06627089 -0.1632609 0.1557717
0.0645909 -0.1632609 0.15679887
0.0645909 -0.16313607 0.15692934
0.06627089 -0.16254017 0.15692934
0.061230898 -0.16384065 0.15692934
0.067950904 -0.1620881 0.15692934
0.06924492 -0.16158089 0.15692934
0.06963089 -0.16158089 0.15653417
0.06963089 -0.16136128 0.15692934
0.09651089 -0.13134089 0.17038205
0.09651089 -0.1296609 0.17156687
0.09910357 -0.1263009 0.17204937
0.0981909 -0.12701279 0.17204937
0.0981909 -0.12798089 0.17118171
0.09987092 -0.1263009 0.17133334
0.09987092 -0.12548858 0.17204937
0.10155088 -0.124620885 0.17105767
0.10044074 -0.124620885 0.17204937
0.09720063 -0.12798089 0.17204937
0.10323089 -0.121702045 0.17204937
0.10323089 -0.1229409 0.17118481
0.10491091 -0.12126091 0.1709105
0.10360783 -0.12126091 0.17204937
0.10491091 -0.11973935 0.17204937
0.10659087 -0.119580895 0.17127803
0.10518265 -0.119580895 0.17204937
0.10155088 -0.12331569 0.17204937
0.10193211 -0.1229409 0.17204937
0.09315091 -0.1111809 0.18455932
0.09483087 -0.1111809 0.1839635
0.09651089 -0.1078209 0.18382338
0.09483087 -0.1078209 0.18490806
0.09483087 -0.109500885 0.18442884
0.09651089 -0.10614091 0.184688
0.0981909 -0.10614091 0.18414643
0.057870895 -0.1599009 0.16268215
0.05955088 -0.1599009 0.16231814
0.060795367 -0.1599009 0.16196933
0.061230898 -0.1597836 0.16196933
0.061230898 -0.15822089 0.16351035
0.062910885 -0.1594812 0.16196933
0.062910885 -0.15822089 0.16314915
0.057870895 -0.16062173 0.16196933
0.05955088 -0.1602538 0.16196933
0.0655579 -0.15822089 0.16196933
0.06627089 -0.15785322 0.16196933
0.06627089 -0.1565409 0.16350892
0.0645909 -0.15822089 0.16254517
0.067950904 -0.15727425 0.16196933
0.067950904 -0.1565409 0.16275814
0.06963089 -0.1565409 0.16220805
0.0645909 -0.15879396 0.16196933
0.07131088 -0.15486091 0.1626024
0.06963089 -0.15486091 0.16360512
0.072990894 -0.1531809 0.16286102
0.04107088 -0.1447809 0.17861244
0.042750895 -0.1447809 0.17833814
0.04443088 -0.14594612 0.17708936
0.04443088 -0.1447809 0.17805395
0.0461109 -0.14576307 0.17708936
0.0461109 -0.1447809 0.17775449
0.042750895 -0.14622554 0.17708936
0.047790885 -0.1447809 0.17755905
0.047790885 -0.14310089 0.17850909
0.0494709 -0.14310089 0.17840812
0.0494709 -0.1447809 0.1774421
0.0494709 -0.14540708 0.17708936
0.05115089 -0.14555785 0.17708936
0.05115089 -0.1447809 0.17750958
0.047790885 -0.14555103 0.17708936
0.05451089 -0.1447809 0.17779073
0.05619088 -0.14523533 0.17708936
0.05619088 -0.1447809 0.17740634
0.052830875 -0.1447809 0.17777476
0.052830875 -0.14575821 0.17708936
0.052830875 -0.14310089 0.17866555
0.05451089 -0.14310089 0.17873815
0.05451089 -0.14571539 0.17708936
0.05619088 -0.14310089 0.17854092
0.05115089 -0.14310089 0.17844447
0.057870895 -0.14310089 0.17832229
0.05758792 -0.1447809 0.17708936
0.057870895 -0.14469469 0.17708936
0.05955088 -0.14420152 0.17708936
0.05955088 -0.14310089 0.17793003
0.061230898 -0.14351454 0.17708936
0.061230898 -0.14310089 0.17740068
0.04443088 -0.1481409 0.17543224
0.0461109 -0.1481409 0.17546085
0.047790885 -0.14646089 0.17652813
0.0461109 -0.14646089 0.1766139
0.047790885 -0.1481409 0.17555383
0.0494709 -0.14646089 0.17650446
0.0494709 -0.1481409 0.17562965
0.05115089 -0.1481409 0.17556462
0.052830875 -0.1481409 0.1754854
0.04443088 -0.14646089 0.17669323
0.05619088 -0.14646089 0.17613026
0.05451089 -0.14646089 0.17650232
0.05115089 -0.14646089 0.17659959
0.052830875 -0.14646089 0.17661408
0.057870895 -0.14646089 0.17565182
0.057870895 -0.1447809 0.17702106
0.061230898 -0.1447809 0.17610583
0.05955088 -0.1447809 0.17661604
0.057870895 -0.12798089 0.18803582
0.057870895 -0.12655288 0.18884936
0.05955088 -0.12798089 0.18804058
0.058735043 -0.1263009 0.18884936
0.05955088 -0.1263009 0.18876013
0.061230898 -0.12798089 0.18756583
0.064627856 -0.1263009 0.18884936
0.06627089 -0.1263009 0.18821952
0.0645909 -0.12631339 0.18884936
0.062910885 -0.12654948 0.18884936
0.067950904 -0.1263009 0.18750837
0.06963089 -0.1263009 0.1872488
0.061230898 -0.1263009 0.18869546
0.06178671 -0.1263009 0.18884936
0.06627089 -0.12525252 0.18884936
0.067950904 -0.124620885 0.18823078
0.06675112 -0.124620885 0.18884936
0.06963089 -0.124620885 0.18799737
0.067950904 -0.1232847 0.18884936
0.06848189 -0.1229409 0.18884936
0.06963089 -0.1229409 0.18864283
0.07131088 -0.1263009 0.18723872
0.05955088 -0.1261765 0.18884936
0.061230898 -0.12610972 0.18884936
0.05619088 -0.1498209 0.17341927
0.05955088 -0.1498209 0.17219272
0.057870895 -0.1498209 0.17288026
0.05955088 -0.1481409 0.17362967
0.061230898 -0.1481409 0.17298725
0.062910885 -0.1481409 0.1722978
0.0645909 -0.14646089 0.17338398
0.067950904 -0.14646089 0.17278627
0.06627089 -0.14646089 0.17289105
0.06963089 -0.1447809 0.17295495
0.072990894 -0.14310089 0.17227444
0.072990894 -0.1414209 0.17365906
0.07131088 -0.14310089 0.17314485
0.07467091 -0.1414209 0.17282549
0.08475089 -0.1111809 0.18884805
0.08643091 -0.11286089 0.18769458
0.08643091 -0.1111809 0.1883336
0.08475089 -0.11286089 0.18816683
0.08474654 -0.1111809 0.18884936
0.083070874 -0.11286089 0.18856731
0.08475089 -0.111177385 0.18884936
0.088110864 -0.1111809 0.1874393
0.08643091 -0.10972661 0.18884936
0.088768244 -0.1078209 0.18884936
0.088110864 -0.109500885 0.18812665
0.08979088 -0.1078209 0.18838891
0.08979088 -0.109500885 0.18748263
0.08660674 -0.109500885 0.18884936
0.088110864 -0.1082795 0.18884936
0.0914709 -0.1078209 0.1877214
0.08979088 -0.10710347 0.18884936
0.09086317 -0.10614091 0.18884936
0.0914709 -0.10614091 0.18858936
0.0914709 -0.10557446 0.18884936
0.092482924 -0.104460895 0.18884936
0.09315091 -0.10614091 0.18866554
0.09315091 -0.104460895 0.1885353
0.09315091 -0.10278091 0.1886684
0.09282136 -0.10278091 0.18884936
0.09483087 -0.10278091 0.18830827
0.09483087 -0.10166159 0.18884936
0.09315091 -0.1022495 0.18884936
0.09483087 -0.104460895 0.18752298
0.09651089 -0.10278091 0.1887432
0.09651089 -0.102669865 0.18884936
0.08475089 -0.124620885 0.18302026
0.083070874 -0.124620885 0.18377313
0.08643091 -0.124620885 0.18229637
0.08643091 -0.1229409 0.18308082
0.088110864 -0.12126091 0.18275276
0.088110864 -0.119580895 0.18326178
0.08979088 -0.11790091 0.18251142
0.08979088 -0.11622089 0.18331328
0.0914709 -0.114540905 0.18314722
0.09315091 -0.114540905 0.18257901
0.09483087 -0.114540905 0.18229905
0.08475089 -0.104460895 0.19221243
0.08979088 -0.10110089 0.19240949
0.0494709 -0.1733409 0.14827195
0.05115089 -0.1733409 0.1479797
0.052830875 -0.1733409 0.14772847
0.05451089 -0.1733409 0.14748922
0.0461109 -0.1750209 0.147194
0.088110864 -0.1531809 0.15666172
0.08979088 -0.1531809 0.15577874
0.088110864 -0.1528934 0.15692934
0.09030217 -0.15150091 0.15692934
0.09059113 -0.1531809 0.15524933
0.0914709 -0.15150091 0.15619507
0.08760631 -0.1531809 0.15692934
0.08979088 -0.15187824 0.15692934
0.0914709 -0.15253043 0.15524933
0.092767835 -0.15150091 0.15524933
0.09483087 -0.14927414 0.15692934
0.09651089 -0.1488269 0.15524933
0.09651089 -0.1481409 0.15671483
0.09483087 -0.1498209 0.15571204
0.09330088 -0.1498209 0.15692934
0.09643257 -0.1481409 0.15692934
0.09734619 -0.1481409 0.15524933
0.0977087 -0.14646089 0.15692934
0.0981909 -0.1475209 0.15524933
0.0981909 -0.14646089 0.15646991
0.095235944 -0.1498209 0.15524933
0.09651089 -0.14805043 0.15692934
0.0914709 -0.15066093 0.15692934
0.09315091 -0.15121776 0.15524933
0.09315091 -0.14986944 0.15692934
0.09483087 -0.15010896 0.15524933
0.100765646 -0.1447809 0.15692934
0.09987092 -0.14519235 0.15692934
0.0981909 -0.14607811 0.15692934
0.10155088 -0.1447809 0.15634444
0.10155088 -0.14442813 0.15692934
0.09987092 -0.14646089 0.15539935
0.10323089 -0.1447809 0.15539864
0.09987092 -0.146581 0.15524933
0.10491091 -0.1414209 0.15689948
0.10487723 -0.1414209 0.15692934
0.10491091 -0.14138982 0.15692934
0.10342783 -0.14310089 0.15692934
0.10659087 -0.1414209 0.1556544
0.10714114 -0.13974091 0.15692934
0.10827088 -0.13974091 0.1562846
0.10659087 -0.1401045 0.15692934
0.10323089 -0.14333853 0.15692934
0.10827088 -0.13902095 0.15692934
0.0981909 -0.1347009 0.16627052
0.09720075 -0.1347009 0.16700932
0.09987092 -0.13167393 0.16700932
0.09987092 -0.13302091 0.16620925
0.10155088 -0.13134089 0.16615394
0.09859121 -0.13302091 0.16700932
0.100198746 -0.13134089 0.16700932
0.10155088 -0.12990564 0.16700932
0.10176617 -0.1296609 0.16700932
0.10323089 -0.1296609 0.1660597
0.0981909 -0.13351256 0.16700932
0.10659087 -0.12798089 0.16551837
0.10491091 -0.12798089 0.16639367
0.10362226 -0.12798089 0.16700932
0.10491091 -0.12721509 0.16700932
0.10323089 -0.12825447 0.16700932
0.1063236 -0.1263009 0.16700932
0.10659087 -0.1263009 0.16685495
0.1099509 -0.124620885 0.16610047
0.10827088 -0.12471029 0.16700932
0.10827088 -0.1263009 0.16594663
0.10659087 -0.12610894 0.16700932
0.10836828 -0.124620885 0.16700932
0.05955088 -0.1531809 0.16894773
0.057870895 -0.1531809 0.16990659
0.061230898 -0.15150091 0.16974983
0.06627089 -0.1498209 0.16934177
0.0645909 -0.1498209 0.16978642
0.062910885 -0.15150091 0.16897044
0.067950904 -0.1498209 0.16916361
0.07131088 -0.14646089 0.17021641
0.06963089 -0.1481409 0.16965762
0.072990894 -0.14646089 0.1690959
0.029310882 -0.1380609 0.1892111
0.07131088 -0.17118973 0.14516935
0.07131088 -0.16998091 0.14662269
0.07049161 -0.1716609 0.14516935
0.067950904 -0.1716609 0.14651725
0.06963089 -0.1716609 0.14571366
0.06963089 -0.17202684 0.14516935
0.072990894 -0.17057261 0.14516935
0.072990894 -0.16998091 0.14604798
0.067950904 -0.17255294 0.14516935
0.07467091 -0.16998091 0.14567295
0.07635087 -0.1683009 0.14621297
0.0797109 -0.16662091 0.14667699
0.032670885 -0.1565409 0.17047313
0.032670885 -0.15661907 0.17036936
0.033073246 -0.1565409 0.17036936
0.037710875 -0.15486091 0.1717597
0.03939089 -0.15590763 0.17036936
0.03939089 -0.15486091 0.17145303
0.037710875 -0.15619424 0.17036936
0.03603089 -0.15486091 0.17198601
0.03603089 -0.15633476 0.17036936
0.0343509 -0.15634012 0.17036936
0.04443088 -0.15544531 0.17036936
0.0461109 -0.15520015 0.17036936
0.0461109 -0.15486091 0.17069915
0.04443088 -0.15486091 0.17089722
0.042750895 -0.15486091 0.17113605
0.042750895 -0.15570188 0.17036936
0.04107088 -0.15486091 0.1712853
0.04107088 -0.15580678 0.17036936
0.0494709 -0.1547555 0.17036936
0.05115089 -0.15452763 0.17036936
0.052830875 -0.15407455 0.17036936
0.047790885 -0.15486091 0.17054382
0.048871964 -0.15486091 0.17036936
0.05451089 -0.1535756 0.17036936
0.05619088 -0.15327117 0.17036936
0.047790885 -0.15504336 0.17036936
0.029310882 -0.14646089 0.1810703
0.027630895 -0.14646089 0.18125305
0.030990899 -0.14646089 0.18066284
0.087779105 -0.1565409 0.15356937
0.088110864 -0.1565409 0.15339592
0.08643091 -0.15822089 0.15252271
0.08643091 -0.1572169 0.15356937
0.08475089 -0.15807381 0.15356937
0.08475089 -0.15822089 0.15343305
0.08979088 -0.1565409 0.15244183
0.08445388 -0.15822089 0.15356937
0.091008425 -0.15486091 0.15356937
0.0914709 -0.15486091 0.15332684
0.0914709 -0.15460446 0.15356937
0.09315091 -0.15486091 0.15214995
0.08979088 -0.15542325 0.15356937
0.0932191 -0.1531809 0.15356937
0.09483087 -0.1531809 0.1525158
0.09315091 -0.15324065 0.15356937
0.088110864 -0.15636083 0.15356937
0.097349584 -0.1498209 0.15356937
0.09651089 -0.15150091 0.15267107
0.0981909 -0.1498209 0.15302965
0.09514123 -0.15150091 0.15356937
0.09651089 -0.15045822 0.15356937
0.09483087 -0.15175813 0.15356937
0.09987092 -0.1498209 0.15207168
0.09987092 -0.14794925 0.15356937
0.10155088 -0.1481409 0.15225115
0.10155088 -0.14667678 0.15356937
0.09987092 -0.1481409 0.15338913
0.09961933 -0.1481409 0.15356937
0.0981909 -0.14922729 0.15356937
0.07131088 -0.16158089 0.15533647
0.072414935 -0.1599009 0.15692934
0.072990894 -0.1599009 0.1565539
0.072990894 -0.1596095 0.15692934
0.07635087 -0.1599009 0.15536419
0.07467091 -0.1599009 0.15585318
0.07467091 -0.15890428 0.15692934
0.07635087 -0.15826249 0.15692934
0.07131088 -0.16044945 0.15692934
0.08139092 -0.1565409 0.15595981
0.0797109 -0.15822089 0.15544394
0.07920349 -0.1565409 0.15692934
0.078030884 -0.15731978 0.15692934
0.078030884 -0.15822089 0.15621397
0.083070874 -0.1565409 0.15545556
0.0797109 -0.1565409 0.15668246
0.0764398 -0.15822089 0.15692934
0.08643091 -0.15486091 0.15592685
0.08475089 -0.15486091 0.15650645
0.08475089 -0.15622655 0.15524933
0.08643091 -0.15556684 0.15524933
0.08308816 -0.15486091 0.15692934
0.083070874 -0.15486547 0.15692934
0.0838027 -0.1565409 0.15524933
0.08776742 -0.15486091 0.15524933
0.08643091 -0.15379098 0.15692934
0.08475089 -0.15440294 0.15692934
0.08139092 -0.15538979 0.15692934
0.0797109 -0.15622133 0.15692934
0.088110864 -0.15466073 0.15524933
0.08979088 -0.15369523 0.15524933
0.0494709 -0.1649409 0.1581969
0.05451089 -0.1649409 0.15696552
0.052830875 -0.1649409 0.15731522
0.05115089 -0.1649409 0.1576586
0.05955088 -0.1632609 0.15836963
0.057870895 -0.1632609 0.15859273
0.061230898 -0.1632609 0.15767393
0.062910885 -0.1632609 0.15715292
0.067950904 -0.16158089 0.15782139
0.0645909 -0.16158089 0.15834573
0.06627089 -0.16158089 0.15805796
0.028346032 -0.14310089 0.18548933
0.027630895 -0.14344013 0.18548933
0.029310882 -0.14310089 0.1847286
0.025950879 -0.1447809 0.18402883
0.030990899 -0.14144516 0.18548933
0.029310882 -0.1425403 0.18548933
0.025950879 -0.14443603 0.18548933
0.032670885 -0.1414209 0.18455431
0.0343509 -0.1414209 0.18397996
0.032670885 -0.14055997 0.18548933
0.0343509 -0.13992253 0.18548933
0.031033278 -0.1414209 0.18548933
0.03603089 -0.1347009 0.19066253
0.03603089 -0.13482508 0.19052932
0.03628078 -0.1347009 0.19052932
0.042750895 -0.13134089 0.1907669
0.042750895 -0.13157496 0.19052932
0.04361114 -0.13134089 0.19052932
0.04443088 -0.1311242 0.19052932
0.0461109 -0.13066635 0.19052932
0.0461109 -0.1296609 0.19172248
0.04107088 -0.13213775 0.19052932
0.047790885 -0.12878633 0.19220933
0.0494709 -0.1296609 0.1909869
0.0494709 -0.12798089 0.1916497
0.05115089 -0.12798089 0.19071868
0.05115089 -0.12880698 0.19052932
0.0494709 -0.13011253 0.19052932
0.050436437 -0.1296609 0.19052932
0.047790885 -0.1296609 0.19163063
0.047790885 -0.13039857 0.19052932
0.052830875 -0.1263009 0.19098637
0.052830875 -0.12716812 0.19052932
0.053784758 -0.1263009 0.19052932
0.05115089 -0.1263009 0.19165465
0.05179119 -0.12798089 0.19052932
0.05619088 -0.124620885 0.19061306
0.05451089 -0.124620885 0.19142756
0.05451089 -0.12573588 0.19052932
0.05619088 -0.12470856 0.19052932
0.05643919 -0.124620885 0.19052932
0.05619088 -0.123414874 0.19220933
0.057870895 -0.12273082 0.19220933
0.05955088 -0.1229409 0.19129035
0.057490677 -0.1229409 0.19220933
0.057870895 -0.1229409 0.19198856
0.061230898 -0.12370989 0.19052932
0.062910885 -0.12357417 0.19052932
0.061230898 -0.1229409 0.19100311
0.062910885 -0.1229409 0.19088921
0.062910885 -0.12126091 0.19194385
0.057870895 -0.12428373 0.19052932
0.05955088 -0.12402433 0.19052932
0.0645909 -0.12126091 0.19142422
0.0645909 -0.1229409 0.19073978
0.06511974 -0.1229409 0.19052932
0.06627089 -0.121784836 0.19052932
0.06627089 -0.12126091 0.19083658
0.0645909 -0.12343162 0.19052932
0.067043155 -0.12126091 0.19052932
0.067950904 -0.120824605 0.19052932
0.03939089 -0.1649409 0.16092226
0.0797109 -0.1380609 0.17394134
0.078030884 -0.1380609 0.17454258
0.07635087 -0.1380609 0.17518315
0.083070874 -0.13638091 0.17394522
0.08139092 -0.13638091 0.17468968
0.08475089 -0.1347009 0.17507425
0.088110864 -0.13302091 0.1750761
0.08643091 -0.1347009 0.17407128
0.08979088 -0.13134089 0.17513123
0.0914709 -0.1296609 0.1752648
0.09315091 -0.1296609 0.1741024
0.0914709 -0.13134089 0.17427453
0.09315091 -0.12798089 0.17520306
0.09483087 -0.12798089 0.17391667
0.075926065 -0.124620885 0.18716934
0.07467091 -0.12526199 0.18716934
0.07635087 -0.124620885 0.18699196
0.072990894 -0.1260168 0.18716934
0.078030884 -0.124620885 0.18619958
0.07635087 -0.12435317 0.18716934
0.078793585 -0.12126091 0.18716934
0.0797109 -0.1229409 0.18619797
0.0797109 -0.12126091 0.1867812
0.07782215 -0.1229409 0.18716934
0.078030884 -0.1229409 0.18704793
0.078030884 -0.122558475 0.18716934
0.08139092 -0.1229409 0.185523
0.08139092 -0.12126091 0.18619868
0.0797109 -0.12021059 0.18716934
0.082321584 -0.11790091 0.18716934
0.08139092 -0.11880466 0.18716934
0.083070874 -0.119580895 0.1862196
0.083070874 -0.11790091 0.186892
0.080464065 -0.119580895 0.18716934
0.08139092 -0.119580895 0.18687555
0.083070874 -0.12126091 0.18558607
0.08475089 -0.119580895 0.18549046
0.083070874 -0.11705214 0.18716934
0.08475089 -0.11790091 0.1861985
0.08643091 -0.11622089 0.18602458
0.083822966 -0.11622089 0.18716934
0.08585352 -0.114540905 0.18716934
0.08643091 -0.114540905 0.18692604
0.08475089 -0.11622089 0.1868436
0.08475089 -0.11543751 0.18716934
0.08643091 -0.11405903 0.18716934
0.088110864 -0.114540905 0.18595704
0.0343509 -0.13638091 0.18906257
0.032670885 -0.13638091 0.18965676
0.0343509 -0.13543907 0.19052932
0.03913331 -0.13302091 0.19052932
0.037710875 -0.1347009 0.1897032
0.03939089 -0.1347009 0.18886515
0.03939089 -0.13302091 0.19039044
0.037710875 -0.13389081 0.19052932
0.04107088 -0.13302091 0.1896542
0.04443088 -0.13134089 0.19027677
0.042750895 -0.13302091 0.18905327
0.0461109 -0.13134089 0.18967018
0.03939089 -0.1328699 0.19052932
0.05115089 -0.1296609 0.1903185
0.047790885 -0.13134089 0.18925264
0.052830875 -0.1296609 0.19043836
0.05451089 -0.1296609 0.18960759
0.05451089 -0.12798089 0.18955788
0.05451089 -0.1263009 0.19015232
0.052830875 -0.12798089 0.19028714
0.05619088 -0.1263009 0.1894292
0.03939089 -0.15757707 0.16868934
0.037710875 -0.15767902 0.16868934
0.037710875 -0.15822089 0.16817704
0.04107088 -0.15822089 0.16790178
0.03939089 -0.15822089 0.16806415
0.042750895 -0.15822089 0.16770181
0.03603089 -0.15776324 0.16868934
0.03603089 -0.15822089 0.16822639
0.0343509 -0.15822089 0.16820571
0.0343509 -0.15779036 0.16868934
0.04443088 -0.15822089 0.16749474
0.0461109 -0.15822089 0.1672574
0.04443088 -0.15710944 0.16868934
0.047790885 -0.15668514 0.16868934
0.0461109 -0.15684715 0.16868934
0.042750895 -0.15735438 0.16868934
0.04107088 -0.15746644 0.16868934
0.0494709 -0.1565409 0.16844866
0.05115089 -0.1565409 0.16811946
0.05115089 -0.15605828 0.16868934
0.0494709 -0.15633366 0.16868934
0.052830875 -0.1565409 0.16774169
0.052830875 -0.15573782 0.16868934
0.05451089 -0.1565409 0.16733572
0.04854557 -0.1565409 0.16868934
0.057870895 -0.15416268 0.16868934
0.05619088 -0.15470794 0.16868934
0.05619088 -0.15486091 0.16852584
0.05955088 -0.15486091 0.1670179
0.05955088 -0.15341088 0.16868934
0.057870895 -0.15486091 0.16779497
0.055732787 -0.15486091 0.16868934
0.05451089 -0.15527445 0.16868934
0.0981909 -0.1263009 0.17271402
0.09987092 -0.124620885 0.17251173
0.09987092 -0.1229409 0.1734033
0.10323089 -0.12126091 0.17235473
0.10323089 -0.119580895 0.17337444
0.10155088 -0.12126091 0.17335716
0.10155088 -0.1229409 0.17232296
0.10491091 -0.11790091 0.17291906
0.10634339 -0.11790091 0.17204937
0.10491091 -0.119580895 0.172164
0.10491091 -0.11622089 0.17364678
0.04443088 -0.1716609 0.15142873
0.0461109 -0.1716609 0.15101138
0.047790885 -0.1716609 0.15062389
0.05451089 -0.16998091 0.15113172
0.05115089 -0.16998091 0.15166613
0.052830875 -0.16998091 0.15140042
0.07131088 -0.1599009 0.15784964
0.07467091 -0.15822089 0.15770099
0.07635087 -0.15822089 0.1569691
0.07635087 -0.1565409 0.15834185
0.072990894 -0.15822089 0.15850076
0.08139092 -0.15486091 0.1574432
0.0797109 -0.15486091 0.15804884
0.083070874 -0.15486091 0.15693364
0.078030884 -0.1565409 0.15751204
0.08643091 -0.1531809 0.15751222
0.08475089 -0.1531809 0.15806684
0.083070874 -0.1531809 0.15846679
0.08475089 -0.1565409 0.15495977
0.088110864 -0.15486091 0.15504971
0.08979088 -0.15486091 0.15411213
0.08643091 -0.1565409 0.1542624
0.09483087 -0.15150091 0.15378162
0.09315091 -0.15150091 0.1549721
0.09315091 -0.1531809 0.15361497
0.0914709 -0.1531809 0.1546916
0.0981909 -0.1481409 0.15459457
0.09651089 -0.1498209 0.15416518
0.057870895 -0.13974091 0.18081012
0.057870895 -0.1380609 0.1820189
0.05955088 -0.1380609 0.181676
0.061230898 -0.1380609 0.18108776
0.062910885 -0.13638091 0.18159983
0.062910885 -0.1380609 0.18050411
0.0645909 -0.13638091 0.18100116
0.06627089 -0.1347009 0.18196121
0.067950904 -0.1347009 0.18144134
0.07131088 -0.1347009 0.18047133
0.06963089 -0.1347009 0.18102267
0.057870895 -0.1263009 0.18900344
0.062910885 -0.1263009 0.18907437
0.0645909 -0.1263009 0.18886074
0.05955088 -0.124620885 0.19012776
0.062910885 -0.124620885 0.18995348
0.061230898 -0.124620885 0.1900014
0.057870895 -0.124620885 0.19026443
0.0645909 -0.124620885 0.18997309
0.06627089 -0.124620885 0.18918541
0.06627089 -0.1229409 0.18989065
0.067950904 -0.1229409 0.18904993
0.067950904 -0.12126091 0.1902012
0.0461109 -0.1632609 0.16128877
0.047790885 -0.1632609 0.16081372
0.042750895 -0.1632609 0.16176638
0.04443088 -0.1632609 0.16138676
0.05115089 -0.16158089 0.16180983
0.052830875 -0.16158089 0.16150716
0.05451089 -0.16158089 0.1612651
0.05619088 -0.16158089 0.16109231
0.057870895 -0.16158089 0.16099128
0.05955088 -0.16158089 0.16046384
0.0645909 -0.1599009 0.16046056
0.062910885 -0.1599009 0.16134247
0.06627089 -0.15822089 0.16146764
0.061230898 -0.1599009 0.1618273
0.07467091 -0.15150091 0.16345528
0.07635087 -0.15150091 0.16229239
0.067950904 -0.15822089 0.16079
0.078030884 -0.1498209 0.16301098
0.0797109 -0.1498209 0.16226724
0.08139092 -0.1481409 0.16343507
0.083070874 -0.1481409 0.16303155
0.08475089 -0.1481409 0.16249505
0.088110864 -0.14646089 0.16332397
0.08979088 -0.14646089 0.16298696
0.09483087 -0.14310089 0.16241255
0.07467091 -0.1447809 0.1699439
0.07635087 -0.1447809 0.16898051
0.0797109 -0.14310089 0.16908106
0.078030884 -0.14310089 0.16964361
0.08139092 -0.1414209 0.16982642
0.083070874 -0.1414209 0.16919371
0.08475089 -0.13974091 0.17014167
0.0797109 -0.1414209 0.17029646
0.08643091 -0.13974091 0.16946116
0.088110864 -0.13974091 0.1688768
0.088110864 -0.1380609 0.16999117
0.08979088 -0.1380609 0.16940013
0.0914709 -0.13638091 0.16943166
0.09315091 -0.1347009 0.16942945
0.0914709 -0.1380609 0.16887453
0.047790885 -0.15150091 0.17333272
0.0461109 -0.15150091 0.17325321
0.0494709 -0.15150091 0.17325518
0.04443088 -0.15150091 0.17327407
0.042750895 -0.15150091 0.17363623
0.05115089 -0.15150091 0.1730254
0.05451089 -0.15150091 0.1723288
0.052830875 -0.15150091 0.17272022
0.029310882 -0.1414209 0.18651852
0.027630895 -0.14310089 0.18611988
0.030990899 -0.13974091 0.18682805
0.030990899 -0.1414209 0.18551955
0.088110864 -0.15150091 0.15817478
0.08979088 -0.15150091 0.15722033
0.08979088 -0.1498209 0.15849474
0.0914709 -0.1498209 0.1577107
0.09315091 -0.1498209 0.15705833
0.09987092 -0.1447809 0.15765896
0.10659087 -0.13974091 0.15731016
0.10323089 -0.1414209 0.15834072
0.10323089 -0.14310089 0.15717664
0.10827088 -0.1380609 0.1578857
0.0343509 -0.1565409 0.17013219
0.03603089 -0.1565409 0.17011997
0.03939089 -0.1565409 0.16970363
0.04107088 -0.1565409 0.16963336
0.042750895 -0.1565409 0.16956708
0.037710875 -0.1565409 0.1699489
0.0494709 -0.15486091 0.17026135
0.0461109 -0.1565409 0.16899928
0.047790885 -0.1565409 0.16885254
0.04443088 -0.1565409 0.16928878
0.052830875 -0.15486091 0.16961232
0.05451089 -0.15486091 0.1690912
0.05115089 -0.15486091 0.17002413
0.061230898 -0.1414209 0.17860797
0.06627089 -0.13974091 0.1780422
0.0645909 -0.13974091 0.17868403
0.067950904 -0.13974091 0.17730376
0.0645909 -0.1414209 0.17735496
0.062910885 -0.1414209 0.17803141
0.067950904 -0.1380609 0.17850962
0.06963089 -0.1380609 0.17768183
0.07131088 -0.13638091 0.17856267
0.072990894 -0.13638091 0.17810503
0.07467091 -0.13638091 0.17749491
0.0797109 -0.1347009 0.1773124
0.078030884 -0.1347009 0.17813185
0.07131088 -0.124620885 0.18802395
0.07635087 -0.1229409 0.18807182
0.07467091 -0.1229409 0.18850955
0.072990894 -0.1229409 0.18871674
0.072990894 -0.124620885 0.18796715
0.07467091 -0.124620885 0.18759838
0.07131088 -0.1229409 0.18881509
0.07635087 -0.12126091 0.1883187
0.078030884 -0.12126091 0.18752596
0.07635087 -0.119580895 0.18876347
0.0797109 -0.11790091 0.18809298
0.0797109 -0.11622089 0.18864372
0.078030884 -0.11790091 0.18872097
0.078030884 -0.119580895 0.18806377
0.0797109 -0.119580895 0.18741259
0.08139092 -0.11622089 0.1879603
0.083070874 -0.11622089 0.18741027
0.083070874 -0.114540905 0.18788752
0.08139092 -0.114540905 0.18842891
0.08139092 -0.11790091 0.18748388
0.08475089 -0.114540905 0.18751106
0.08475089 -0.1078209 0.190088
0.08643091 -0.1078209 0.18971083
0.088110864 -0.1078209 0.18915501
0.08475089 -0.109500885 0.18942848
0.08643091 -0.109500885 0.18893233
0.08979088 -0.104460895 0.19015506
0.088110864 -0.10614091 0.19016013
0.08979088 -0.10614091 0.18950024
0.0914709 -0.104460895 0.18930331
0.09483087 -0.10110089 0.1893659
0.09315091 -0.10110089 0.18945053
0.0914709 -0.10278091 0.1897935
0.09987092 -0.13134089 0.16724268
0.0981909 -0.13302091 0.16736916
0.10155088 -0.12798089 0.1683214
0.10155088 -0.1296609 0.16717115
0.10323089 -0.12798089 0.1672251
0.09987092 -0.1296609 0.16842493
0.10659087 -0.124620885 0.16824445
0.10827088 -0.124620885 0.16707149
0.10491091 -0.1263009 0.16781494
0.10827088 -0.1229409 0.16817006
POLYGONS 6386 25544
3 0 1 2
3 0 3 1
3 3 4 1
3 5 6 7
3 5 2 6
3 5 0 2
3 5 7 8
3 7 9 10
3 6 9 7
3 11 12 13
3 12 9 13
3 12 10 9
3 8 10 14
3 7 10 8
3 14 10 12
3 15 11 16
3 11 17 16
3 11 13 17
3 18 16 19
3 16 20 19
3 20 21 19
3 18 15 16
3 18 19 22
3 19 21 23
3 24 25 26
3 24 23 25
3 24 22 23
3 22 19 23
3 26 27 28
3 25 27 26
3 24 26 29
3 29 28 30
3 26 28 29
3 28 27 31
3 32 33 34
3 32 31 33
3 32 30 31
3 30 28 31
3 34 35 36
3 33 35 34
3 32 34 37
3 37 36 38
3 34 36 37
3 36 39 40
3 35 39 36
3 40 39 41
3 38 40 42
3 36 40 38
3 43 41 44
3 41 45 44
3 43 40 41
3 43 42 40
3 44 46 47
3 45 46 44
3 47 46 48
3 43 44 49
3 49 47 50
3 44 47 49
3 51 48 52
3 48 53 52
3 51 47 48
3 51 50 47
3 51 52 54
3 52 55 56
3 53 55 52
3 55 57 58
3 58 56 55
3 52 56 59
3 59 54 52
3 56 58 60
3 60 59 56
3 61 62 63
3 64 63 65
3 63 66 65
3 66 67 65
3 63 62 66
3 65 68 69
3 67 68 65
3 64 65 70
3 70 69 71
3 65 69 70
3 69 68 72
3 73 72 74
3 72 75 74
3 73 69 72
3 73 71 69
3 74 76 77
3 75 76 74
3 73 74 78
3 74 77 79
3 79 78 74
3 77 76 80
3 81 82 83
3 81 79 82
3 79 80 82
3 79 77 80
3 83 84 85
3 82 84 83
3 81 83 86
3 86 85 87
3 83 85 86
3 85 84 88
3 89 88 90
3 88 91 90
3 89 87 88
3 87 85 88
3 90 91 92
3 89 90 93
3 94 90 95
3 90 96 95
3 90 92 96
3 94 93 90
3 94 95 97
3 95 96 98
3 95 98 99
3 100 97 95
3 101 102 103
3 103 104 105
3 102 104 103
3 105 106 107
3 104 106 105
3 106 108 109
3 109 107 106
3 109 108 110
3 111 112 113
3 113 114 111
3 112 115 116
3 116 113 112
3 114 113 117
3 117 118 114
3 119 116 120
3 119 117 116
3 117 113 116
3 116 115 121
3 122 121 123
3 122 116 121
3 122 120 116
3 122 124 125
3 123 124 122
3 125 124 126
3 119 120 127
3 127 122 128
3 120 122 127
3 128 125 129
3 122 125 128
3 130 125 131
3 125 126 131
3 126 132 131
3 130 129 125
3 131 133 134
3 132 133 131
3 130 131 135
3 136 134 137
3 136 135 134
3 135 131 134
3 134 133 138
3 139 138 140
3 139 134 138
3 139 137 134
3 140 141 142
3 142 139 140
3 136 137 143
3 137 139 144
3 144 143 137
3 139 142 145
3 145 144 139
3 142 141 146
3 147 146 148
3 147 145 146
3 145 142 146
3 149 148 150
3 148 151 150
3 149 147 148
3 149 150 152
3 151 153 154
3 154 150 151
3 154 155 156
3 153 155 154
3 152 154 157
3 150 154 152
3 158 156 159
3 158 154 156
3 158 157 154
3 160 161 162
3 161 163 162
3 160 164 161
3 162 165 166
3 163 165 162
3 160 162 167
3 167 166 168
3 162 166 167
3 166 169 170
3 165 169 166
3 170 169 171
3 172 170 173
3 172 166 170
3 172 168 166
3 174 171 175
3 174 173 171
3 173 170 171
3 175 176 177
3 177 174 175
3 177 176 178
3 172 173 179
3 173 174 180
3 180 179 173
3 174 177 181
3 181 180 174
3 182 178 183
3 178 184 183
3 182 181 178
3 181 177 178
3 182 183 185
3 183 186 187
3 184 186 183
3 186 188 189
3 189 187 186
3 183 187 190
3 190 185 183
3 190 189 191
3 187 189 190
3 189 188 192
3 193 192 194
3 192 195 194
3 193 189 192
3 193 191 189
3 194 196 197
3 195 196 194
3 198 199 200
3 200 201 198
3 200 202 203
3 199 202 200
3 204 200 205
3 201 200 204
3 206 203 207
3 206 200 203
3 206 205 200
3 203 208 209
3 202 208 203
3 209 208 210
3 207 209 211
3 203 209 207
3 211 210 212
3 209 210 211
3 206 207 213
3 214 213 215
3 213 211 215
3 213 207 211
3 216 211 217
3 211 212 217
3 216 215 211
3 214 215 218
3 219 216 220
3 219 218 216
3 218 215 216
3 219 220 221
3 216 217 222
3 223 222 224
3 223 216 222
3 223 220 216
3 223 224 225
3 226 221 227
3 221 223 227
3 221 220 223
3 228 227 229
3 227 223 229
3 223 225 229
3 226 230 231
3 227 230 226
3 227 228 232
3 232 230 227
3 228 229 233
3 234 232 235
3 232 233 235
3 232 228 233
3 234 235 236
3 231 230 237
3 238 232 239
3 238 237 232
3 237 230 232
3 238 239 240
3 239 234 241
3 232 234 239
3 242 241 243
3 241 236 243
3 241 234 236
3 244 241 245
3 244 240 241
3 240 239 241
3 245 242 246
3 241 242 245
3 244 245 247
3 247 246 248
3 245 246 247
3 249 250 251
3 252 250 249
3 251 250 253
3 254 251 255
3 254 256 251
3 256 249 251
3 257 251 258
3 251 253 258
3 257 255 251
3 254 255 259
3 260 261 262
3 263 262 264
3 263 265 262
3 265 260 262
3 266 267 268
3 266 263 267
3 263 264 267
3 266 268 269
3 268 270 271
3 267 270 268
3 271 272 273
3 270 272 271
3 269 271 274
3 268 271 269
3 274 273 275
3 271 273 274
3 273 272 276
3 277 276 278
3 277 273 276
3 277 275 273
3 277 279 280
3 278 279 277
3 281 279 282
3 279 283 282
3 281 280 279
3 283 284 285
3 285 282 283
3 281 282 286
3 282 285 287
3 287 286 282
3 284 288 289
3 289 285 284
3 289 290 291
3 288 290 289
3 291 292 293
3 290 292 291
3 293 292 294
3 295 296 297
3 298 299 300
3 298 296 299
3 298 297 296
3 298 300 301
3 299 302 303
3 304 300 305
3 300 303 305
3 300 299 303
3 304 306 307
3 305 306 304
3 301 304 308
3 300 304 301
3 309 304 310
3 304 307 310
3 309 308 304
3 307 306 311
3 312 310 313
3 310 311 313
3 310 307 311
3 312 313 314
3 309 310 315
3 310 312 316
3 316 315 310
3 317 314 318
3 314 319 318
3 317 312 314
3 317 316 312
3 317 318 320
3 318 319 321
3 322 323 324
3 322 321 323
3 322 320 321
3 320 318 321
3 324 323 325
3 324 326 327
3 327 322 324
3 328 326 329
3 326 325 329
3 326 324 325
3 327 326 330
3 331 326 332
3 326 328 332
3 331 330 326
3 328 329 333
3 332 333 334
3 328 333 332
3 331 332 335
3 336 335 337
3 335 332 337
3 332 334 337
3 334 338 337
3 338 339 340
3 340 337 338
3 336 337 341
3 342 340 343
3 342 337 340
3 342 341 337
3 342 343 344
3 345 346 347
3 348 349 350
3 350 351 352
3 349 351 350
3 353 351 354
3 351 345 354
3 353 352 351
3 354 355 356
3 356 353 354
3 356 355 357
3 358 354 359
3 354 347 359
3 354 345 347
3 358 360 361
3 359 360 358
3 355 358 362
3 354 358 355
3 362 361 363
3 358 361 362
3 361 360 364
3 361 364 365
3 365 363 361
3 366 357 367
3 357 355 367
3 355 362 367
3 367 363 368
3 362 363 367
3 366 367 369
3 370 369 367
3 363 365 368
3 371 372 373
3 374 372 371
3 373 372 375
3 376 371 377
3 371 373 377
3 376 378 371
3 379 375 380
3 379 377 375
3 377 373 375
3 379 381 382
3 380 381 379
3 381 383 384
3 384 382 381
3 376 377 385
3 377 379 386
3 386 385 377
3 386 382 387
3 379 382 386
3 388 384 389
3 388 382 384
3 388 387 382
3 388 389 390
3 384 383 391
3 392 393 394
3 394 393 395
3 396 391 397
3 396 389 391
3 389 384 391
3 396 398 399
3 397 398 396
3 390 396 400
3 389 396 390
3 400 399 401
3 396 399 400
3 402 392 394
3 402 399 392
3 399 398 392
3 403 395 404
3 403 402 395
3 402 394 395
3 401 402 405
3 399 402 401
3 402 403 406
3 406 405 402
3 404 407 408
3 408 403 404
3 407 409 410
3 410 408 407
3 403 408 411
3 411 406 403
3 412 410 413
3 412 408 410
3 412 411 408
3 410 409 414
3 415 414 416
3 415 413 414
3 413 410 414
3 415 417 418
3 416 417 415
3 418 417 419
3 420 265 421
3 422 265 420
3 102 421 104
3 265 263 423
3 420 421 102
3 423 263 266
3 423 421 265
3 106 104 421
3 421 423 106
3 108 106 266
3 108 266 269
3 110 274 424
3 106 423 266
3 108 269 274
3 110 108 274
3 425 424 274
3 274 275 425
3 426 427 428
3 429 430 431
3 429 431 428
3 427 429 428
3 427 426 432
3 426 428 433
3 432 434 427
3 435 436 437
3 435 437 438
3 437 439 440
3 436 441 437
3 435 438 442
3 440 438 437
3 438 440 442
3 442 440 443
3 439 444 440
3 440 444 445
3 444 446 445
3 445 446 447
3 440 445 443
3 443 445 448
3 445 447 448
3 448 447 449
3 450 451 452
3 447 446 451
3 450 447 451
3 451 453 452
3 452 454 455
3 450 449 447
3 450 452 456
3 453 454 452
3 452 455 456
3 456 455 457
3 458 455 454
3 454 459 458
3 457 458 460
3 458 459 461
3 462 461 463
3 455 458 457
3 462 458 461
3 461 464 463
3 462 463 465
3 462 460 458
3 466 463 464
3 464 467 466
3 463 466 468
3 466 467 469
3 470 466 471
3 468 465 463
3 469 472 471
3 466 469 471
3 472 473 474
3 470 468 466
3 474 473 475
3 474 471 472
3 476 474 477
3 470 471 478
3 478 471 474
3 476 478 474
3 479 477 475
3 479 475 480
3 476 477 481
3 477 474 475
3 477 479 481
3 481 479 482
3 457 460 483
3 483 460 484
3 485 484 486
3 484 460 462
3 485 487 483
3 485 483 484
3 488 486 462
3 488 462 465
3 465 468 489
3 486 484 462
3 489 468 470
3 489 488 465
3 490 488 491
3 485 486 490
3 488 489 492
3 486 488 490
3 493 470 494
3 492 491 488
3 493 489 470
3 470 478 494
3 493 494 495
3 493 492 489
3 496 476 497
3 494 478 476
3 496 494 476
3 476 481 497
3 497 482 498
3 496 495 494
3 498 482 499
3 481 482 497
3 500 498 501
3 496 497 500
3 502 503 504
3 497 498 500
3 502 498 499
3 502 499 503
3 503 505 506
3 502 501 498
3 502 504 507
3 506 504 503
3 508 507 504
3 504 506 508
3 509 510 511
3 506 505 510
3 509 506 510
3 510 512 511
3 511 513 514
3 509 508 506
3 514 513 515
3 512 513 511
3 516 517 518
3 518 517 519
3 518 520 516
3 521 522 520
3 520 518 521
3 519 523 524
3 525 519 524
3 525 521 518
3 525 518 519
3 526 524 523
3 523 527 526
3 528 526 527
3 527 529 528
3 525 524 530
3 528 529 531
3 532 530 524
3 524 526 532
3 526 528 532
3 532 528 533
3 531 534 535
3 536 531 535
3 536 533 528
3 536 528 531
3 534 537 535
3 535 537 538
3 539 538 540
3 536 535 541
3 539 541 535
3 539 535 538
3 537 542 538
3 538 542 543
3 540 543 544
3 543 542 545
3 546 544 547
3 538 543 540
3 544 543 545
3 544 545 547
3 548 544 549
3 539 540 548
3 550 546 551
3 540 544 548
3 550 549 544
3 550 544 546
3 546 547 552
3 550 551 553
3 554 551 552
3 554 552 555
3 554 555 556
3 551 546 552
3 557 553 551
3 551 554 557
3 554 556 558
3 559 554 558
3 559 557 554
3 556 560 558
3 561 558 560
3 560 562 561
3 561 562 563
3 156 155 564
3 565 159 564
3 565 564 566
3 565 567 568
3 159 156 564
3 568 567 295
3 566 567 565
3 569 565 570
3 158 159 569
3 571 568 572
3 159 565 569
3 571 570 565
3 571 565 568
3 573 295 297
3 571 572 574
3 572 568 295
3 573 572 295
3 574 573 575
3 573 297 298
3 576 573 577
3 572 573 574
3 298 301 577
3 573 298 577
3 576 577 578
3 576 575 573
3 579 577 301
3 301 308 579
3 577 579 580
3 579 308 309
3 581 309 582
3 580 578 577
3 581 579 309
3 309 315 582
3 581 582 583
3 581 580 579
3 315 316 582
3 582 316 584
3 583 584 585
3 584 316 317
3 586 585 587
3 582 584 583
3 584 317 587
3 585 584 587
3 587 320 322
3 317 320 587
3 587 588 586
3 586 588 589
3 588 322 327
3 589 588 590
3 591 590 592
3 587 322 588
3 588 330 592
3 590 588 592
3 592 330 331
3 588 327 330
3 593 594 595
3 591 592 594
3 592 331 595
3 594 592 595
3 595 596 597
3 331 335 595
3 595 335 336
3 597 593 595
3 595 336 341
3 598 595 341
3 598 341 342
3 598 596 595
3 599 600 601
3 601 602 599
3 603 604 605
3 604 606 605
3 601 606 604
3 600 606 601
3 605 607 608
3 605 609 607
3 606 609 605
3 610 605 608
3 611 612 605
3 610 608 613
3 603 605 612
3 605 610 611
3 614 610 613
3 614 611 610
3 614 613 615
3 613 616 615
3 614 615 617
3 617 618 619
3 615 620 618
3 616 620 615
3 620 621 618
3 622 623 624
3 615 618 617
3 618 621 622
3 619 622 625
3 618 622 619
3 621 623 622
3 624 623 626
3 627 625 622
3 627 628 629
3 627 622 628
3 622 624 628
3 628 624 626
3 630 631 632
3 633 628 630
3 628 626 630
3 628 633 629
3 633 632 634
3 632 633 630
3 629 633 635
3 636 632 631
3 637 638 639
3 634 635 633
3 631 637 636
3 632 636 634
3 636 639 640
3 639 636 637
3 634 636 641
3 642 639 638
3 643 111 114
3 640 641 636
3 638 643 642
3 644 640 639
3 644 114 118
3 114 642 643
3 639 642 644
3 642 114 644
3 645 646 647
3 648 649 650
3 646 649 648
3 648 647 646
3 651 652 653
3 654 653 63
3 63 64 655
3 655 654 63
3 653 652 63
3 652 61 63
3 656 655 64
3 657 71 658
3 656 70 657
3 656 64 70
3 656 657 659
3 659 658 660
3 70 71 657
3 658 71 73
3 661 73 78
3 661 660 73
3 657 658 659
3 661 78 662
3 663 662 78
3 661 662 664
3 660 658 73
3 78 79 663
3 663 79 81
3 665 81 666
3 664 663 667
3 662 663 664
3 665 667 663
3 86 87 668
3 81 86 666
3 665 663 81
3 665 666 669
3 666 668 670
3 668 666 86
3 668 87 89
3 671 89 93
3 671 670 89
3 670 669 666
3 671 93 672
3 671 672 673
3 674 672 675
3 670 668 89
3 672 93 94
3 674 673 672
3 674 675 676
3 672 94 675
3 94 97 675
3 675 97 100
3 676 675 100
3 677 678 679
3 679 680 677
3 681 677 680
3 682 683 684
3 684 685 682
3 679 682 685
3 678 682 679
3 686 687 688
3 686 689 687
3 683 689 690
3 690 684 683
3 691 692 693
3 691 688 692
3 686 690 689
3 686 688 694
3 695 691 693
3 694 691 696
3 688 687 692
3 693 697 695
3 698 696 691
3 695 697 699
3 688 691 694
3 691 695 698
3 700 695 699
3 700 698 695
3 700 699 701
3 699 702 701
3 700 701 703
3 701 704 705
3 702 706 704
3 704 701 702
3 707 708 709
3 707 710 708
3 705 703 701
3 704 706 710
3 708 711 712
3 712 709 708
3 707 705 710
3 705 704 710
3 709 712 713
3 712 714 715
3 707 709 713
3 713 712 716
3 712 715 717
3 717 716 712
3 711 714 712
3 715 714 718
3 717 718 719
3 717 715 718
3 720 719 721
3 720 717 719
3 720 721 722
3 721 719 723
3 724 725 726
3 725 727 728
3 726 725 729
3 728 729 725
3 728 727 730
3 731 732 733
3 732 734 733
3 735 734 732
3 731 733 736
3 737 736 733
3 736 738 739
3 737 597 740
3 737 733 597
3 736 737 738
3 740 741 742
3 739 731 736
3 738 737 743
3 737 742 744
3 744 743 737
3 742 737 740
3 742 741 745
3 744 742 745
3 739 738 746
3 747 745 748
3 747 744 745
3 743 744 749
3 749 750 743
3 738 743 750
3 750 746 738
3 751 749 744
3 751 752 346
3 751 747 752
3 751 744 747
3 753 754 755
3 752 753 756
3 747 754 753
3 748 754 747
3 753 755 756
3 347 756 757
3 747 753 752
3 756 755 758
3 759 758 760
3 759 757 758
3 347 346 756
3 346 752 756
3 347 757 359
3 757 759 360
3 757 756 758
3 759 760 761
3 360 759 762
3 759 761 762
3 360 359 757
3 364 360 762
3 364 762 763
3 764 765 766
3 767 766 765
3 289 291 768
3 768 291 769
3 285 289 287
3 287 289 768
3 770 771 294
3 770 294 772
3 291 293 769
3 769 293 771
3 773 770 772
3 773 772 774
3 773 774 775
3 771 293 294
3 776 777 778
3 773 775 776
3 774 779 775
3 775 779 777
3 780 781 782
3 783 780 782
3 777 779 780
3 775 777 776
3 784 782 781
3 781 785 784
3 783 778 777
3 783 777 780
3 784 785 786
3 782 784 787
3 787 784 788
3 783 782 787
3 789 790 791
3 792 788 784
3 792 784 786
3 792 786 790
3 793 794 795
3 789 791 796
3 789 792 790
3 790 793 791
3 797 796 791
3 791 795 797
3 795 794 798
3 795 791 793
3 799 800 801
3 797 795 798
3 802 797 798
3 802 798 803
3 804 801 800
3 800 805 804
3 799 802 803
3 799 803 800
3 801 804 806
3 806 804 807
3 799 801 806
3 804 805 808
3 809 807 804
3 809 804 808
3 808 810 811
3 809 808 811
3 811 812 813
3 809 811 814
3 810 815 811
3 811 815 812
3 813 814 811
3 816 817 818
3 819 816 818
3 820 819 818
3 818 821 822
3 820 818 822
3 823 824 825
3 826 823 825
3 820 822 827
3 822 821 823
3 824 828 825
3 825 828 829
3 826 827 822
3 826 822 823
3 825 829 830
3 830 829 831
3 826 825 830
3 829 828 832
3 832 833 834
3 829 832 834
3 831 829 834
3 835 831 834
3 836 837 838
3 836 834 833
3 833 837 836
3 835 834 839
3 840 841 842
3 843 839 834
3 834 836 841
3 843 834 841
3 844 840 842
3 842 845 844
3 841 836 838
3 841 838 842
3 846 847 841
3 841 840 846
3 843 841 847
3 844 845 848
3 849 848 850
3 851 846 840
3 851 840 844
3 851 844 852
3 852 849 853
3 851 852 854
3 849 852 844
3 849 844 848
3 855 856 857
3 858 849 850
3 850 855 858
3 853 854 852
3 859 857 860
3 849 858 853
3 853 858 859
3 857 858 855
3 857 861 862
3 863 857 862
3 857 856 861
3 858 857 859
3 863 862 864
3 862 865 866
3 863 860 857
3 861 865 862
3 864 862 866
3 867 864 866
3 867 866 868
3 869 870 726
3 726 729 869
3 730 871 872
3 873 730 872
3 729 728 869
3 869 728 874
3 872 875 876
3 873 872 877
3 873 874 728
3 873 728 730
3 872 876 878
3 879 876 875
3 875 880 879
3 871 875 872
3 879 881 882
3 876 879 878
3 878 879 883
3 878 877 872
3 884 883 882
3 884 882 885
3 882 881 886
3 880 881 879
3 887 885 882
3 887 882 886
3 887 886 888
3 883 879 882
3 888 889 890
3 891 892 885
3 885 887 891
3 884 885 892
3 893 894 895
3 889 896 890
3 890 896 893
3 890 887 888
3 887 890 897
3 898 895 894
3 894 899 898
3 896 894 893
3 893 895 900
3 901 897 890
3 890 893 901
3 897 891 887
3 899 902 903
3 895 898 900
3 900 898 904
3 900 901 893
3 905 906 907
3 908 903 902
3 902 905 908
3 903 898 899
3 909 904 898
3 898 903 909
3 907 906 910
3 907 908 905
3 911 908 907
3 911 907 912
3 913 909 903
3 903 908 913
3 912 907 910
3 520 912 910
3 520 910 516
3 911 913 908
3 522 914 912
3 912 520 522
3 911 912 914
3 915 916 917
3 303 915 917
3 918 919 915
3 920 917 916
3 916 921 920
3 303 302 918
3 303 918 915
3 917 920 305
3 305 920 306
3 303 917 305
3 920 921 922
3 311 306 920
3 920 922 923
3 920 923 924
3 311 920 924
3 314 925 926
3 314 926 927
3 311 924 313
3 924 923 925
3 927 926 928
3 314 927 319
3 314 313 924
3 314 924 925
3 928 929 930
3 927 928 930
3 319 927 930
3 321 319 930
3 323 931 932
3 325 323 932
3 321 930 323
3 930 929 933
3 325 932 329
3 932 931 934
3 323 930 933
3 323 933 931
3 333 329 932
3 932 934 935
3 932 935 936
3 333 932 936
3 937 938 939
3 936 938 333
3 333 938 334
3 936 935 940
3 938 937 339
3 334 938 338
3 936 940 939
3 938 936 939
3 339 338 938
3 941 942 943
3 943 942 944
3 943 944 945
3 946 943 945
3 943 947 941
3 943 946 948
3 948 946 949
3 948 950 947
3 947 943 948
3 951 952 953
3 952 954 955
3 952 946 945
3 945 954 952
3 956 953 955
3 956 955 957
3 951 949 946
3 951 946 952
3 958 959 960
3 961 956 957
3 957 958 961
3 953 952 955
3 962 963 953
3 953 956 962
3 951 953 963
3 960 961 958
3 964 965 961
3 961 960 964
3 965 962 956
3 956 961 965
3 966 960 967
3 967 968 969
3 966 967 969
3 960 959 967
3 966 969 970
3 968 971 969
3 969 971 972
3 966 964 960
3 971 973 972
3 972 973 974
3 969 972 970
3 970 972 975
3 975 972 974
3 976 975 974
3 976 974 977
3 974 973 978
3 976 977 979
3 977 974 978
3 980 977 978
3 980 978 981
3 982 980 981
3 981 983 982
3 977 980 979
3 979 980 984
3 984 980 982
3 985 984 982
3 985 982 986
3 982 983 987
3 985 986 988
3 986 982 987
3 989 986 987
3 989 987 990
3 991 989 990
3 990 992 991
3 993 988 986
3 986 989 993
3 994 993 989
3 994 989 991
3 994 991 995
3 991 992 996
3 997 998 999
3 991 996 998
3 995 991 998
3 997 995 998
3 1000 1001 1002
3 1003 1000 1002
3 1004 1001 1000
3 1005 1006 1007
3 1002 1007 1008
3 1009 1002 1008
3 1003 1002 1010
3 1001 1005 1002
3 1002 1009 1011
3 1012 1002 1011
3 1009 1008 1013
3 1002 1005 1007
3 1011 1009 1013
3 1011 1013 1014
3 1015 1011 1014
3 1012 1010 1002
3 1016 1017 1015
3 1016 1015 1018
3 1012 1011 1017
3 1015 1014 1019
3 1015 1019 1018
3 1018 1019 1020
3 1016 1018 1021
3 1017 1011 1015
3 1021 1018 1020
3 1022 1021 1020
3 1020 1023 1024
3 1022 1020 1024
3 1025 1024 1026
3 1027 1025 1026
3 1022 1024 1025
3 1024 1023 1028
3 1026 1029 1030
3 1027 1026 1031
3 1024 1028 1029
3 1024 1029 1026
3 1031 1026 1030
3 1032 1033 1034
3 1034 1033 1035
3 1036 1037 1038
3 1039 1037 1036
3 1040 1041 1042
3 1040 1038 1043
3 1044 1045 1046
3 1047 1042 1041
3 1041 1044 1047
3 1043 1041 1040
3 1046 1045 1048
3 1049 1046 1048
3 1049 1048 1050
3 1046 1047 1044
3 1051 1052 1053
3 1051 1053 1054
3 1049 1050 1055
3 1050 1048 1052
3 1054 1053 1056
3 1051 1054 1057
3 1055 1050 1052
3 1051 1055 1052
3 1058 1059 1060
3 1058 1057 1054
3 1058 1054 1056
3 1058 1056 1061
3 1061 1059 1058
3 340 339 1062
3 1063 343 1064
3 1063 1064 1065
3 340 1062 343
3 343 1062 1064
3 1066 1067 1068
3 1065 1066 1063
3 1063 1066 1069
3 1063 344 343
3 1070 1068 1067
3 1070 1067 1071
3 1070 1071 1072
3 1068 1069 1066
3 1073 1074 1075
3 1076 1070 1072
3 1072 1073 1076
3 1072 1071 1074
3 1077 1076 1073
3 1073 1078 1077
3 1072 1074 1073
3 1077 1078 1079
3 1080 1081 1082
3 1082 1081 1083
3 1084 1085 1086
3 1081 1085 1083
3 1083 1085 1084
3 1083 1084 1087
3 1082 1083 1088
3 1088 1083 1089
3 1090 1087 1086
3 1090 1086 1091
3 1090 1091 1092
3 1087 1089 1083
3 1093 1092 1091
3 1091 1094 1093
3 1090 1092 1095
3 1087 1084 1086
3 1096 1095 1092
3 1092 1093 1096
3 1097 1093 1094
3 1094 1098 1097
3 1098 1099 1097
3 1097 1099 1100
3 1093 1097 1096
3 1096 1097 1101
3 1097 1100 1101
3 1101 1100 1102
3 1103 1100 1099
3 1099 3 1103
3 3 0 1103
3 1103 0 1104
3 1105 1102 1100
3 1100 1103 1105
3 1106 5 8
3 1103 1104 1105
3 1105 1104 1107
3 1104 0 5
3 1107 1104 5
3 1106 1107 5
3 96 1108 1109
3 98 96 1109
3 92 1108 96
3 1108 256 254
3 98 1109 99
3 254 259 1109
3 1108 254 1109
3 665 669 1110
3 1111 665 1110
3 1112 667 665
3 1113 1110 669
3 669 670 1113
3 1111 1114 1112
3 1111 1112 665
3 1115 1116 1110
3 1110 1113 1117
3 1115 1110 1117
3 1111 1110 1116
3 1117 1113 671
3 1117 671 673
3 1118 1117 673
3 1113 670 671
3 1119 1117 1118
3 1119 1118 1120
3 1115 1117 1121
3 1118 673 674
3 1120 1118 674
3 1120 674 676
3 1122 1120 676
3 1119 1121 1117
3 1123 1120 1122
3 1119 1120 1123
3 1124 1125 1126
3 1125 1127 1128
3 1126 1129 1130
3 1124 1131 1125
3 1128 1132 1126
3 1125 1128 1126
3 1133 1134 1135
3 1124 1126 1134
3 1130 1129 1136
3 1132 1129 1126
3 1135 1136 1137
3 1133 1135 1138
3 1126 1130 1135
3 1134 1126 1135
3 1130 1136 1135
3 1139 1138 1135
3 1140 1141 1142
3 1142 1143 1140
3 1141 1144 1145
3 1145 1142 1141
3 1144 1141 1146
3 1140 1143 1147
3 1148 1147 1149
3 1150 1146 1141
3 1141 1140 1150
3 1146 1151 1144
3 1149 1152 1148
3 1148 1152 1153
3 1150 1140 1147
3 1148 1150 1147
3 1154 1155 1156
3 1154 1153 1152
3 1154 1152 1157
3 1154 1157 1155
3 1158 1159 1160
3 1160 1161 1158
3 1159 1155 1157
3 1157 1160 1159
3 1162 1163 1159
3 1159 1158 1162
3 1163 1156 1155
3 1155 1159 1163
3 1162 1158 1164
3 1165 1162 1164
3 1165 1164 1166
3 1158 1161 1164
3 1167 1168 1169
3 1165 1166 1170
3 1171 1165 1170
3 1171 1170 1167
3 1171 1167 441
3 1168 1172 1169
3 1169 1172 1173
3 1170 1168 1167
3 1174 645 647
3 1175 1174 647
3 647 648 1175
3 1174 1175 1176
3 1176 1175 1177
3 1178 1179 1180
3 1175 648 650
3 1175 650 1179
3 1178 1175 1179
3 1181 1180 1182
3 1183 1181 1182
3 1181 1177 1175
3 1175 1178 1181
3 1181 1178 1180
3 1177 1181 1184
3 1176 1177 1185
3 1183 1182 1186
3 1187 1184 1181
3 1181 1183 1187
3 1184 1185 1177
3 1187 1183 1186
3 1188 1187 1186
3 1186 1189 1190
3 1188 1186 1190
3 1190 1191 1192
3 1188 1190 1193
3 1191 1190 1189
3 1189 1194 1191
3 1192 1193 1190
3 1195 1196 1197
3 1198 1199 1195
3 1200 1198 1195
3 1200 1195 1201
3 1202 1203 1201
3 1201 1197 1202
3 1200 1201 1203
3 1197 1201 1195
3 1204 1205 1206
3 1206 1207 1204
3 1196 1206 1197
3 1197 1206 1205
3 1205 1204 1208
3 1208 1204 1209
3 1197 1205 1202
3 1202 1205 1208
3 1210 1211 1212
3 1212 1211 1213
3 1212 1204 1207
3 1207 1210 1212
3 1212 1213 1214
3 1214 1213 1215
3 1214 1209 1204
3 1204 1212 1214
3 1 1215 1216
3 1 1216 1217
3 1 1217 1218
3 1213 1211 1216
3 1219 1220 1221
3 1217 1219 1218
3 1218 1219 1222
3 1215 1213 1216
3 1223 1224 1225
3 1224 1221 1220
3 1220 1226 1224
3 1221 1222 1219
3 1223 1225 1227
3 20 1223 1227
3 1223 17 1224
3 1224 1226 1225
3 1227 1228 1229
3 1225 1228 1227
3 1230 1231 1232
3 1233 1234 1235
3 1231 1234 1232
3 1232 1234 1233
3 1236 1231 1230
3 774 1233 779
3 774 772 1230
3 1230 1232 774
3 294 1230 772
3 780 1233 1235
3 1235 1237 1238
3 780 1235 1238
3 1232 1233 774
3 780 1238 781
3 1239 1238 1237
3 1237 1240 1239
3 780 779 1233
3 786 1241 1242
3 1239 1240 1243
3 785 781 1238
3 1238 1239 785
3 1242 1244 1245
3 785 1239 1243
3 786 785 1243
3 786 1243 1241
3 1246 1247 1248
3 1244 1247 1245
3 1245 1247 1246
3 1241 1244 1242
3 1245 1246 794
3 1242 1245 790
3 790 1245 793
3 786 1242 790
3 798 794 1248
3 798 1248 1249
3 798 1249 1250
3 794 793 1245
3 1249 1251 1250
3 1250 1251 1252
3 798 1250 803
3 794 1246 1248
3 805 1253 1254
3 1250 1252 803
3 803 1252 800
3 1252 1251 1253
3 808 805 1255
3 808 1255 1256
3 800 1252 1253
3 805 800 1253
3 808 1256 810
3 1257 1256 1255
3 1255 1258 1257
3 805 1254 1255
3 1256 1257 810
3 810 1257 815
3 1259 1260 1261
3 1262 1259 1263
3 1263 1259 1264
3 1265 1262 1263
3 1264 1259 1261
3 1261 1266 1267
3 1264 1261 1267
3 1268 1264 1267
3 1269 1270 1271
3 1272 1268 1267
3 1267 1269 1272
3 1267 1266 1270
3 1273 1274 1275
3 1276 1273 1275
3 1272 1269 1273
3 1267 1270 1269
3 1275 1274 1277
3 1276 1275 1278
3 1273 1269 1271
3 1273 1271 1274
3 1279 1278 1275
3 1277 1280 1281
3 1275 1277 1281
3 1279 1275 1281
3 1279 1281 1282
3 1283 1284 1285
3 1283 1281 1280
3 1280 1284 1283
3 1286 1287 1288
3 1286 1282 1281
3 1281 1283 1287
3 1286 1281 1287
3 1289 1290 1291
3 1287 1283 1285
3 1287 1285 1290
3 1289 1287 1290
3 1292 1293 1294
3 1288 1287 1289
3 1295 1288 1289
3 1295 1289 1293
3 1295 1293 1296
3 1292 1294 1297
3 1289 1291 1294
3 1293 1289 1294
3 1298 1299 1300
3 1296 1293 1292
3 1298 1296 1292
3 1298 1292 1299
3 1299 1292 1297
3 1299 1297 1301
3 1302 1299 1301
3 1300 1299 1302
3 563 1303 1304
3 1305 1306 1307
3 1305 1307 1308
3 1306 1304 1303
3 1303 1309 1306
3 1310 1305 1308
3 1310 1308 1311
3 1310 1311 1312
3 1306 1309 1307
3 1313 1314 1315
3 1310 1312 1313
3 1311 1316 1312
3 1312 1316 1314
3 1317 1318 1319
3 1317 1319 1320
3 1314 1316 1318
3 1312 1314 1313
3 1319 1321 1320
3 1320 1321 1322
3 1317 1315 1314
3 1317 1314 1318
3 1320 1322 1323
3 1323 1322 1324
3 1317 1320 1323
3 1322 1321 1325
3 1324 1322 1325
3 1326 1324 1325
3 1326 1325 1327
3 1326 1327 1328
3 1329 1330 1331
3 1329 1331 1332
3 1326 1328 1333
3 1328 1327 1330
3 1334 1332 1331
3 1331 1335 1334
3 1333 1328 1330
3 1329 1333 1330
3 1336 1337 1332
3 1332 1334 1336
3 1329 1332 1337
3 1334 1335 1338
3 1336 1334 1338
3 1339 1336 1338
3 1338 1340 1341
3 1339 1338 1341
3 1342 1343 1344
3 1340 1343 1341
3 1341 1343 1342
3 1339 1341 1345
3 1346 1344 1347
3 1341 1342 1346
3 1345 1341 1346
3 1348 1345 1346
3 1349 1346 1350
3 1351 1349 1350
3 1348 1346 1349
3 1342 1344 1346
3 1351 1350 1352
3 1346 1347 1353
3 1346 1353 1350
3 1354 1355 1041
3 1038 1354 1043
3 1356 205 1357
3 1044 1041 1355
3 1355 1356 1044
3 1041 1043 1354
3 1356 1357 1044
3 1044 1357 1045
3 1357 205 206
3 204 205 1356
3 1045 1357 206
3 1048 1045 206
3 1048 206 213
3 1048 213 1358
3 1053 1052 218
3 1053 218 1359
3 1358 213 214
3 1048 1358 1052
3 1053 1359 1056
3 1359 218 219
3 1052 1358 214
3 1052 214 218
3 1056 1359 219
3 1056 219 221
3 1056 221 1360
3 1061 1056 1360
3 1361 226 231
3 1360 221 226
3 1059 1061 1360
3 1360 1361 1059
3 1362 1363 1364
3 1362 1059 1361
3 1361 1363 1362
3 1360 226 1361
3 1365 237 238
3 1365 1363 1361
3 1361 231 237
3 1365 1361 237
3 1366 238 240
3 1364 1363 1365
3 1367 1364 1365
3 1367 1365 1368
3 1367 1368 1369
3 1366 240 244
3 1366 1368 1365
3 1366 1365 238
3 1370 1371 1372
3 1369 1368 1366
3 1370 1369 1366
3 1370 1366 1371
3 1373 248 1374
3 1373 1371 1366
3 1373 1366 244
3 1373 244 247
3 1372 1371 1373
3 1375 1372 1373
3 1375 1373 1376
3 247 248 1373
3 1373 1374 1376
3 1376 1374 1377
3 1378 1379 1380
3 1381 1382 1383
3 1381 1258 1382
3 1384 1385 1386
3 1381 1383 1387
3 1387 1384 1388
3 1383 1384 1387
3 1258 1380 1382
3 1258 1378 1380
3 1383 1385 1384
3 1382 1385 1383
3 1389 1390 1391
3 1391 1392 1389
3 1393 1392 1394
3 1392 1391 1395
3 1393 1389 1392
3 1393 1386 1389
3 1393 1388 1386
3 1388 1384 1386
3 1396 1395 1397
3 1395 1391 1397
3 1398 1399 1400
3 1401 1399 1398
3 1395 1394 1392
3 1391 1390 1397
3 1396 1401 1398
3 1396 1397 1401
3 1402 1403 1404
3 1402 1405 1403
3 1402 1406 1405
3 1406 1400 1405
3 1400 1399 1405
3 1396 1398 1407
3 1407 1400 1406
3 1398 1400 1407
3 1408 1409 1410
3 1411 1412 1404
3 1409 1413 1414
3 1414 1410 1409
3 1404 1403 1408
3 1402 1404 1412
3 1411 1404 1410
3 1404 1408 1410
3 1414 1413 1415
3 1416 1417 1418
3 1419 1418 1417
3 1419 1420 1421
3 1420 1422 1423
3 1424 1422 1420
3 1418 1194 1416
3 1419 1424 1420
3 1419 1425 1424
3 1419 1417 1425
3 1426 1427 1428
3 1423 1427 1426
3 1427 1429 1430
3 1431 1427 1432
3 1423 1429 1427
3 1422 1429 1423
3 1420 1423 1426
3 1426 1421 1420
3 1433 1434 1432
3 1431 1432 1435
3 1435 1436 1437
3 1432 1436 1435
3 1427 1430 1432
3 1430 1433 1432
3 1431 1428 1427
3 1432 1434 1436
3 1438 1437 1436
3 1439 1440 1441
3 1441 1442 1439
3 1438 1442 1443
3 1436 1434 1444
3 1438 1444 1442
3 1444 1439 1442
3 1438 1436 1444
3 1445 1446 1447
3 1441 1445 1448
3 1448 1449 1441
3 1450 1447 1451
3 1443 1441 1449
3 1442 1441 1443
3 1441 1446 1445
3 1440 1446 1441
3 1452 1453 1451
3 1453 1454 1455
3 1455 1456 1453
3 1455 1457 1458
3 1447 1452 1451
3 1450 1448 1447
3 1448 1445 1447
3 1451 1453 1456
3 1451 1456 1459
3 1456 1455 1460
3 1460 1461 1456
3 1455 1458 1462
3 1454 1457 1455
3 1458 1457 1463
3 1450 1451 1459
3 1459 1456 1461
3 1464 1462 1458
3 1464 371 378
3 1462 1460 1455
3 1464 1463 371
3 1463 374 371
3 1464 1458 1463
3 1465 1466 1467
3 1465 723 1466
3 1465 721 723
3 1465 722 721
3 1468 1469 1467
3 1470 1471 1472
3 1473 1472 1474
3 1472 1475 1474
3 1466 1471 1470
3 1470 1467 1466
3 1465 1467 1469
3 1467 1470 1468
3 1473 1474 1476
3 1477 1478 1479
3 1477 1476 1478
3 1476 1474 1478
3 1473 1470 1472
3 1473 1468 1470
3 1474 1480 1478
3 1475 1480 1474
3 1481 1479 1478
3 1481 1482 1483
3 1479 1481 1484
3 1484 1485 1479
3 1477 1479 1485
3 1478 1480 1486
3 1481 1486 1482
3 1481 1478 1486
3 1487 1488 1489
3 1490 1488 1487
3 1489 1491 1492
3 1488 1491 1489
3 1307 1490 1487
3 1307 1483 1490
3 1307 1481 1483
3 1307 1484 1481
3 1489 1492 1311
3 1492 1491 1493
3 1318 1492 1494
3 1492 1493 1494
3 1307 1487 1308
3 1308 1489 1311
3 1487 1489 1308
3 1311 1492 1316
3 1318 1494 1319
3 1319 1495 1321
3 1494 1495 1319
3 1495 1496 1497
3 1493 1498 1494
3 1318 1316 1492
3 1494 1496 1495
3 1498 1496 1494
3 1499 1500 1501
3 1502 1500 1499
3 1325 1499 1327
3 1330 1501 1503
3 1325 1497 1499
3 1497 1502 1499
3 1325 1495 1497
3 1325 1321 1495
3 1504 1503 1505
3 1503 1506 1505
3 1503 1501 1506
3 1504 1505 1507
3 1330 1499 1501
3 1330 1327 1499
3 1330 1503 1331
3 1501 1500 1506
3 1507 1508 1509
3 1335 1504 1507
3 1509 1508 1265
3 1338 1509 1340
3 1503 1504 1335
3 1335 1331 1503
3 1338 1335 1509
3 1335 1507 1509
3 1424 1510 1422
3 1511 1510 1424
3 1422 1512 1429
3 1510 1512 1422
3 1425 1511 1424
3 1513 1514 1515
3 1515 1516 1513
3 1430 1516 1433
3 1516 1515 1434
3 1430 193 1516
3 193 1513 1516
3 1430 1512 193
3 1430 1429 1512
3 1444 1515 1517
3 1444 1434 1515
3 1518 1519 1520
3 1520 1521 1518
3 1434 1433 1516
3 1515 1514 1517
3 1444 1518 1521
3 1444 1517 1518
3 1444 1521 1439
3 1521 1520 1440
3 1440 1439 1521
3 1440 1522 1446
3 1520 1523 1522
3 1519 1523 1520
3 1522 1524 1525
3 1523 1524 1522
3 1447 1526 1452
3 1524 1527 1528
3 1528 1525 1524
3 1528 1529 1530
3 1520 1522 1440
3 1447 1525 1526
3 1447 1522 1525
3 1447 1446 1522
3 1531 1530 1532
3 1528 1530 1531
3 1526 1531 1453
3 1453 1452 1526
3 1527 1529 1528
3 1530 1529 1533
3 1526 1528 1531
3 1525 1528 1526
3 1532 1530 1533
3 1534 1535 1536
3 1537 1535 1534
3 1454 1534 1457
3 1453 1532 1454
3 1531 1532 1453
3 1534 1533 1537
3 1534 1532 1533
3 1463 1538 374
3 1536 1539 1540
3 1535 1539 1536
3 1540 1539 1541
3 1532 1534 1454
3 1463 1536 1538
3 1463 1534 1536
3 1463 1457 1534
3 1542 1540 1541
3 1538 1540 1542
3 1536 1540 1538
3 1543 1541 950
3 1543 1542 1541
3 1544 1545 1546
3 1545 1547 1546
3 1545 1548 1547
3 1549 1545 1550
3 1415 1551 1552
3 1549 1551 1545
3 1551 1548 1545
3 1549 1552 1551
3 1544 1546 1553
3 1554 1553 1555
3 1554 1544 1553
3 1554 1556 1544
3 1557 1544 1556
3 1557 1550 1544
3 1550 1545 1544
3 1557 1556 1558
3 1556 1554 1558
3 1559 1554 1560
3 1554 1561 1560
3 1559 1562 1554
3 1555 1563 1561
3 1561 1554 1555
3 1561 1563 1564
3 1558 1554 1562
3 1565 1566 1567
3 1568 1565 1569
3 1568 1570 1565
3 1570 1560 1565
3 1559 1560 1570
3 1565 1560 1566
3 1560 1564 1566
3 1560 1561 1564
3 1571 1572 1573
3 1569 1572 1571
3 1572 1574 1575
3 1576 1574 1572
3 1572 1567 1576
3 1572 1565 1567
3 1572 1569 1565
3 1568 1569 1571
3 1577 1578 1579
3 1575 1578 1577
3 1580 1577 1581
3 1582 1583 1584
3 1575 1574 1578
3 1580 1572 1577
3 1572 1575 1577
3 1580 1573 1572
3 1583 1585 1584
3 1586 1585 1587
3 1582 1584 1588
3 1588 1586 1589
3 1582 1579 1583
3 1582 1577 1579
3 1582 1581 1577
3 1584 1585 1586
3 1590 1589 1586
3 1590 249 256
3 1584 1586 1588
3 1590 1587 249
3 1587 252 249
3 1590 1586 1587
3 1591 1592 1593
3 1592 1124 1134
3 1592 1591 1124
3 1594 1134 1133
3 431 1594 1595
3 1593 1596 1591
3 1593 1592 430
3 1591 1131 1124
3 1594 1592 1134
3 1595 1594 1133
3 1597 1138 1139
3 431 1595 428
3 431 430 1594
3 430 1592 1594
3 1597 1133 1138
3 1597 1595 1133
3 1598 1599 1600
3 1600 1601 1598
3 1602 1603 1604
3 1605 1606 599
3 1606 1607 599
3 1605 1608 1606
3 1608 1604 1606
3 1604 1599 1602
3 1604 1603 1606
3 1599 1604 1608
3 1608 1600 1599
3 1609 1610 609
3 609 606 1609
3 609 1610 607
3 1605 599 602
3 599 1611 600
3 1607 1611 599
3 1611 1609 606
3 606 600 1611
3 1612 1613 1614
3 1614 1615 1612
3 1616 1617 1618
3 1612 1615 1617
3 1619 1612 1617
3 1616 1619 1617
3 1619 1620 1613
3 1613 1612 1619
3 1621 1622 1623
3 1624 1625 1626
3 1627 1626 1628
3 1625 1622 1621
3 1627 1616 1624
3 1627 1624 1626
3 1626 1625 1621
3 1616 1618 1624
3 1629 1628 1626
3 1626 1621 1629
3 1621 1623 1629
3 1629 1623 1630
3 1631 1632 1633
3 1630 1633 1632
3 1623 1633 1630
3 1377 1634 1635
3 1636 1377 1635
3 1636 1637 1638
3 1377 1374 1634
3 1639 1377 1640
3 1375 1376 1639
3 1374 248 1634
3 1376 1377 1639
3 1636 1638 1641
3 1642 1636 1641
3 1642 1641 1643
3 1642 1644 1636
3 1638 1637 1645
3 1635 1637 1636
3 1644 1640 1377
3 1377 1636 1644
3 1646 1643 1647
3 1646 1647 1648
3 1649 1648 1650
3 1643 1641 1647
3 1641 1645 1651
3 1647 1641 1651
3 1647 1651 1652
3 1641 1638 1645
3 1649 1650 1653
3 1648 1649 1654
3 1655 1653 1656
3 1655 1656 1657
3 1648 1647 1652
3 1648 1652 1650
3 1654 1649 1658
3 1646 1648 1654
3 1659 1660 1661
3 1657 1660 1655
3 1660 1657 1662
3 1660 1662 1661
3 1658 1649 1653
3 1655 1658 1653
3 1657 1656 1662
3 1661 1663 1659
3 1664 1151 1665
3 1666 1665 1151
3 1151 1146 1666
3 1667 1666 1146
3 1146 1150 1667
3 1668 1667 1150
3 1150 1148 1668
3 1669 1670 1664
3 1664 1665 1669
3 1671 1669 1665
3 1665 1666 1671
3 1672 1668 1148
3 1148 1153 1672
3 1668 1672 1673
3 1672 1153 1154
3 1666 1667 1671
3 1671 1667 1674
3 1675 1674 1667
3 1667 1668 1675
3 1676 1156 1163
3 1676 1163 1677
3 1677 1162 1678
3 1676 1679 1156
3 1679 1154 1156
3 1673 1675 1668
3 1673 1672 1154
3 1679 1673 1154
3 1680 1678 1681
3 1676 1677 1680
3 1678 1682 1683
3 1677 1678 1680
3 1162 1165 1682
3 1163 1162 1677
3 1682 1165 1171
3 1682 1678 1162
3 436 1171 441
3 1683 1681 1678
3 1683 1682 1171
3 436 1683 1171
3 1684 1685 1686
3 1687 1685 541
3 1688 533 536
3 1689 539 1690
3 1691 1686 1685
3 1689 1687 539
3 539 548 1690
3 1685 1688 536
3 1685 536 541
3 1685 1687 1691
3 1687 541 539
3 1692 1693 1694
3 1693 549 550
3 1695 1693 1696
3 1690 1693 1692
3 1689 1690 1692
3 1689 1691 1687
3 548 549 1690
3 1690 549 1693
3 1697 557 559
3 1697 1696 553
3 1698 1697 1699
3 1695 1696 1700
3 550 553 1696
3 1693 550 1696
3 553 557 1697
3 1695 1694 1693
3 1698 1699 1701
3 1699 1697 559
3 1702 1701 1699
3 1699 1703 1702
3 1698 1700 1696
3 1698 1696 1697
3 1703 1699 559
3 1703 559 1704
3 1705 1706 1707
3 1708 1702 1703
3 1705 1708 1709
3 1705 1709 1706
3 1710 1703 1704
3 1704 1711 1710
3 1703 1710 1708
3 1710 1711 1709
3 1712 1713 1714
3 1714 1713 1715
3 1716 1714 1717
3 1715 1713 1718
3 1705 1707 1716
3 1708 1710 1709
3 1714 1707 1706
3 1706 1712 1714
3 1719 1720 1718
3 1719 1718 1721
3 1722 919 918
3 1720 1715 1718
3 1717 1715 1720
3 1707 1714 1716
3 1719 1721 1722
3 1714 1715 1717
3 1719 1722 1723
3 1721 919 1722
3 1722 918 1723
3 1723 918 302
3 1380 1379 1724
3 1380 1724 1725
3 1725 1726 1727
3 1379 1728 1724
3 1380 1725 1729
3 1728 60 1724
3 1386 1730 1731
3 1727 1726 1732
3 1386 1385 1732
3 1386 1732 1730
3 1380 1729 1382
3 1727 1729 1725
3 1385 1382 1729
3 1729 1727 1385
3 1389 1733 1390
3 1386 1731 1389
3 1397 1734 1735
3 1731 1733 1389
3 1731 1736 1733
3 1385 1727 1732
3 1733 1736 1737
3 1730 1736 1731
3 1397 1735 1401
3 1734 1738 1735
3 1735 1739 1401
3 1401 1739 1399
3 1397 1733 1737
3 1397 1737 1734
3 1735 1738 1739
3 1397 1390 1733
3 1740 1741 1742
3 1405 1399 1739
3 1408 1742 1743
3 1405 1740 1403
3 1405 1741 1740
3 1739 1738 1744
3 1405 1739 1744
3 1405 1744 1741
3 1745 1746 1743
3 1743 1746 1747
3 1409 1747 1413
3 1747 1746 1748
3 1408 1740 1742
3 1742 1745 1743
3 1408 1743 1409
3 1408 1403 1740
3 1749 1750 1548
3 1415 1413 1747
3 1548 1750 1547
3 1548 1551 1749
3 1415 1747 1551
3 1743 1747 1409
3 1748 1749 1551
3 1747 1748 1551
3 1751 1752 1410
3 1751 1410 1414
3 1753 1415 1552
3 1754 1753 1552
3 1751 1414 1753
3 1411 1410 1752
3 1755 1754 1756
3 1754 1552 1549
3 1549 1550 1756
3 1754 1549 1756
3 1751 1753 1757
3 1753 1414 1415
3 1753 1754 1757
3 1757 1754 1758
3 1557 1558 1759
3 1756 1557 1759
3 1760 1759 1761
3 1760 1762 1756
3 1756 1550 1557
3 1755 1758 1754
3 1760 1756 1759
3 1755 1756 1762
3 66 1761 1759
3 66 1759 1763
3 1764 1559 1570
3 1765 1764 1570
3 1558 1562 1759
3 1759 1562 1763
3 66 1763 1764
3 1763 1562 1559
3 72 1568 1766
3 68 67 1764
3 72 1765 1568
3 1568 1571 1766
3 1765 1570 1568
3 1764 1763 1559
3 1764 1765 68
3 66 1764 67
3 1766 1767 75
3 75 1767 76
3 80 1580 1768
3 1767 1573 1580
3 1766 1573 1767
3 72 68 1765
3 72 1766 75
3 1571 1573 1766
3 84 1582 1588
3 80 1768 82
3 82 1768 1582
3 84 82 1582
3 80 1767 1580
3 1580 1581 1768
3 1768 1581 1582
3 80 76 1767
3 92 1769 1108
3 88 1769 91
3 1590 256 1108
3 1769 1590 1108
3 88 1588 1589
3 88 1589 1769
3 1769 1589 1590
3 88 84 1588
3 92 91 1769
3 1770 1771 1116
3 1771 1111 1116
3 1772 1114 1111
3 1773 1115 1121
3 1773 1770 1115
3 1128 1127 1771
3 1774 1773 1121
3 1128 1770 1773
3 1128 1771 1770
3 1771 1772 1111
3 1770 1116 1115
3 1119 1123 1775
3 1136 1129 1774
3 1136 1774 1775
3 1774 1119 1775
3 1773 1774 1132
3 1774 1121 1119
3 1128 1773 1132
3 1132 1774 1129
3 1776 1777 1778
3 1779 1780 1781
3 1779 1778 1780
3 1779 1776 1778
3 1778 1782 1783
3 1784 1777 1776
3 1781 1780 1785
3 1786 1787 1788
3 1789 1785 1787
3 1789 1781 1785
3 1780 1778 1783
3 1785 1790 1791
3 1785 1780 1790
3 1780 1783 1790
3 1792 1787 1786
3 1793 1794 1795
3 1793 1786 1794
3 1793 1792 1786
3 1786 1788 1796
3 1789 1787 1792
3 1787 1791 1788
3 1787 1785 1791
3 1795 1794 1797
3 1798 1799 1800
3 1801 1797 1802
3 1801 1795 1797
3 1797 1794 1786
3 1797 1803 1799
3 1797 1796 1803
3 1797 1786 1796
3 1804 1802 1798
3 1805 1806 1807
3 1805 1798 1806
3 1805 1804 1798
3 1798 1800 1808
3 1801 1802 1804
3 1798 1797 1799
3 1798 1802 1797
3 1809 1807 1810
3 1807 1806 1810
3 1811 1812 1810
3 1809 1810 1813
3 1810 1806 1798
3 1810 1812 1814
3 1810 1808 1811
3 1810 1798 1808
3 1815 1816 1817
3 1813 1816 1815
3 1814 1818 1816
3 1809 1813 1815
3 1814 1812 1818
3 1816 1818 1819
3 1813 1814 1816
3 1810 1814 1813
3 1820 1821 1822
3 1821 1823 1822
3 1821 1824 1823
3 1825 1821 1826
3 1816 1819 1824
3 1825 1817 1816
3 1825 1816 1821
3 1816 1824 1821
3 1820 1822 1827
3 1823 434 1822
3 1820 1826 1821
3 511 514 1828
3 1828 1829 511
3 509 511 1829
3 1830 1831 1832
3 1832 1833 1834
3 1831 1835 1833
3 1836 1835 1831
3 1830 1828 515
3 1828 514 515
3 1830 515 1831
3 515 1836 1831
3 1837 1838 1839
3 1838 1840 1839
3 1833 1841 1842
3 1842 1834 1833
3 1841 1833 1835
3 1841 1843 1838
3 1831 1833 1832
3 1835 1843 1841
3 1837 1839 1844
3 1844 1845 1846
3 1847 1848 1849
3 1849 1845 1847
3 1839 1847 1845
3 1840 1847 1839
3 1837 1842 1838
3 1842 1841 1838
3 1850 1851 1852
3 1853 1854 1849
3 1853 1849 1852
3 1849 1850 1852
3 1845 1849 1846
3 1849 1848 1850
3 1839 1845 1844
3 1846 1849 1854
3 1855 1856 1784
3 1857 1855 1858
3 1852 1859 1856
3 1857 1860 1852
3 1857 1852 1855
3 1852 1856 1855
3 1852 1851 1859
3 1853 1852 1860
3 1861 1862 1863
3 1862 1781 1863
3 1862 1776 1779
3 1864 1862 1865
3 1855 1784 1862
3 1784 1776 1862
3 1864 1858 1862
3 1858 1855 1862
3 1861 1863 1866
3 1862 1779 1781
3 1861 1865 1862
3 1867 1868 1869
3 1869 1870 1867
3 1106 1871 1872
3 1873 1871 1874
3 1872 1871 1873
3 1875 1873 1874
3 1875 1876 1873
3 1875 1877 1878
3 1875 1874 1877
3 1879 1873 1876
3 1872 1873 1879
3 1868 1872 1879
3 1879 1869 1868
3 1878 1880 1236
3 1231 1881 1234
3 1882 1883 1880
3 1236 1880 1231
3 1877 1882 1878
3 1880 1883 1881
3 1875 1878 1236
3 1878 1882 1880
3 1884 1885 1886
3 1887 1885 1884
3 1235 1881 1888
3 1235 1234 1881
3 1235 1887 1884
3 1235 1888 1887
3 1880 1881 1231
3 1881 1883 1888
3 1243 1886 1889
3 1243 1240 1886
3 1243 1889 1890
3 1889 1891 1890
3 1884 1886 1240
3 1240 1237 1884
3 1886 1885 1889
3 1235 1884 1237
3 1892 1893 1894
3 1892 1895 1896
3 1890 1893 1241
3 1894 1895 1892
3 1243 1890 1241
3 1241 1893 1244
3 1891 1894 1893
3 1893 1890 1891
3 1248 1897 1249
3 1898 1899 1900
3 1892 1898 1897
3 1892 1896 1898
3 1248 1247 1897
3 1247 1892 1897
3 1244 1892 1247
3 1893 1892 1244
3 1251 1901 1902
3 1251 1900 1901
3 1253 1902 1903
3 1253 1251 1902
3 1897 1900 1251
3 1251 1249 1897
3 1900 1897 1898
3 1900 1899 1901
3 1255 1254 1903
3 1904 1378 1258
3 1378 1904 1905
3 1903 1904 1255
3 1902 1905 1903
3 1905 1379 1378
3 1253 1903 1254
3 1903 1905 1904
3 1258 1255 1904
3 1906 1907 101
3 1907 1908 101
3 1906 101 1909
3 101 1910 1909
3 1911 1912 1913
3 1914 1915 1916
3 1917 1918 1909
3 1913 1914 1911
3 1906 1909 1918
3 1909 1912 1917
3 1909 1913 1912
3 1910 1913 1909
3 1919 1916 1915
3 1919 1920 1921
3 1922 1923 1911
3 1915 1920 1919
3 1923 1917 1912
3 1911 1916 1922
3 1916 1911 1914
3 1912 1911 1923
3 1924 1925 1926
3 1927 1928 1929
3 1924 1930 1921
3 1930 1919 1921
3 1924 1927 1925
3 1924 1921 1927
3 1922 1919 1930
3 1916 1919 1922
3 1931 1932 1933
3 1925 1929 1934
3 1932 1935 1936
3 1933 1937 1931
3 1935 1929 1928
3 1936 1933 1932
3 1929 1925 1927
3 1928 1936 1935
3 1938 1939 1932
3 1931 1937 1940
3 1935 1932 1941
3 1932 1931 1938
3 1941 1934 1929
3 1941 1932 1939
3 1934 1926 1925
3 1929 1935 1941
3 1942 1943 1944
3 1942 1945 1943
3 1946 1943 1947
3 1942 1944 1948
3 1947 1938 1931
3 1947 1943 1945
3 1947 1940 1946
3 1947 1931 1940
3 1949 1950 1951
3 1949 1952 1950
3 1952 1953 1948
3 1954 1955 1950
3 1942 1948 1953
3 1948 1954 1952
3 1948 1955 1954
3 1944 1955 1948
3 1956 817 816
3 816 1957 1956
3 1958 1956 1957
3 1959 1956 1958
3 1951 1959 1958
3 1960 1949 1951
3 1952 1954 1950
3 1960 1951 1958
3 819 1961 1957
3 1958 1957 1962
3 1957 816 819
3 1960 1958 1962
3 1962 1957 1961
3 1963 1964 1670
3 1963 1671 1965
3 1670 1669 1963
3 1966 1967 1674
3 1671 1674 1965
3 1674 1675 1966
3 1669 1671 1963
3 1965 1674 1967
3 1964 1963 1968
3 1969 1965 1970
3 1968 1963 1969
3 1971 1966 1675
3 1673 1679 1972
3 1973 1974 1967
3 1675 1673 1971
3 1965 1967 1970
3 1967 1966 1973
3 1963 1965 1969
3 1970 1967 1974
3 1975 1680 1976
3 1975 1676 1680
3 1971 1972 1977
3 1977 1978 1971
3 1966 1971 1978
3 1978 1973 1966
3 1972 1971 1673
3 1972 1679 1676
3 1979 1980 1976
3 1681 1683 1981
3 1975 1976 1980
3 1976 1982 1979
3 1976 1681 1982
3 1680 1681 1976
3 1975 1977 1676
3 1977 1972 1676
3 1981 1983 1984
3 1983 436 435
3 1984 1979 1982
3 1984 1983 1985
3 1683 436 1981
3 1982 1981 1984
3 1981 1982 1681
3 1981 436 1983
3 1986 1987 1988
3 1987 448 1989
3 1986 442 443
3 1986 1990 442
3 1985 1983 435
3 1986 443 1987
3 1990 435 442
3 1990 1985 435
3 1991 1992 1993
3 1989 1992 1991
3 1988 1989 1991
3 1987 1989 1988
3 1992 1989 448
3 1992 449 450
3 443 448 1987
3 448 449 1992
3 1994 1995 1996
3 1996 483 487
3 1995 457 483
3 456 457 1995
3 1994 1993 450
3 1993 1992 450
3 1994 450 1995
3 450 456 1995
3 1995 483 1996
3 1997 1998 1999
3 1998 2000 2001
3 1999 1998 2002
3 1606 1603 2002
3 1606 2003 1607
3 1606 2001 2003
3 1606 2002 2001
3 1999 2002 1603
3 1603 1602 1999
3 2001 2002 1998
3 2001 2000 2004
3 2003 2005 1607
3 2005 2006 1609
3 2006 2005 2007
3 1607 2005 1611
3 2003 2001 2004
3 2007 2008 2006
3 2005 2004 2007
3 2005 2003 2004
3 607 1610 2009
3 1610 2010 2009
3 2006 2011 1610
3 1610 1609 2006
3 2008 2012 2006
3 2011 2012 2010
3 1609 1611 2005
3 2006 2012 2011
3 967 2013 968
3 968 2014 971
3 2015 2016 2017
3 607 2009 608
3 2018 2016 2015
3 2015 2009 2018
3 2010 2018 2009
3 1610 2011 2010
3 978 973 2019
3 978 2020 981
3 2019 158 2020
3 158 569 2020
3 2014 2019 971
3 978 2019 2020
3 2013 2014 968
3 971 2019 973
3 2021 571 2022
3 571 574 2022
3 983 981 2020
3 987 2021 2022
3 2021 570 571
3 2020 2021 983
3 569 570 2021
3 2021 2020 569
3 2022 2023 990
3 996 2023 2024
3 987 2022 990
3 990 2023 992
3 574 575 2022
3 2023 575 576
3 987 983 2021
3 2022 575 2023
3 2025 580 581
3 999 2025 2026
3 578 580 2025
3 2025 2024 578
3 996 992 2023
3 996 2024 998
3 2023 576 2024
3 576 578 2024
3 583 585 2027
3 2028 585 586
3 2026 2025 581
3 2027 585 2028
3 2027 581 583
3 2027 2026 581
3 999 2024 2025
3 999 998 2024
3 2029 586 589
3 2028 586 2029
3 2030 2027 2029
3 2027 2028 2029
3 2026 2027 2031
3 2032 2030 2029
3 999 2026 2031
3 2031 2027 2030
3 2033 2034 2035
3 2033 2036 2034
3 2029 589 590
3 2037 2038 2036
3 2034 2038 590
3 2038 2029 590
3 2032 2038 2037
3 2029 2038 2032
3 2035 2034 591
3 2039 594 593
3 2039 2035 594
3 2035 591 594
3 735 2033 2035
3 2034 590 591
3 2036 2038 2034
3 2035 734 735
3 733 593 597
3 2039 593 733
3 2035 2039 733
3 733 734 2035
3 1543 948 2040
3 375 1543 2041
3 375 1542 1543
3 374 1542 372
3 1538 1542 374
3 948 949 2040
3 2042 949 951
3 950 948 1543
3 2040 949 2042
3 380 2043 381
3 2041 2043 380
3 2040 2042 2044
3 2044 2043 2040
3 1543 2040 2043
3 2043 2041 1543
3 375 372 1542
3 375 2041 380
3 2045 2046 963
3 391 2046 2047
3 2044 2042 951
3 963 962 2045
3 2046 951 963
3 2046 2044 951
3 2043 2044 383
3 383 381 2043
3 965 964 2048
3 2048 2049 965
3 962 965 2049
3 2049 2045 962
3 2046 2045 2050
3 2050 2047 2046
3 391 2044 2046
3 391 383 2044
3 391 2047 397
3 397 2050 398
3 395 2049 2048
3 395 393 2049
3 392 2050 2045
3 395 2048 2051
3 393 2045 2049
3 393 392 2045
3 2051 2048 966
3 970 975 2052
3 2053 966 970
3 2053 2051 966
3 395 2051 404
3 2048 964 966
3 2047 2050 397
3 398 2050 392
3 414 2052 2054
3 2052 979 2054
3 2053 2052 409
3 409 407 2053
3 2051 2053 407
3 407 404 2051
3 2052 2053 970
3 2052 975 976
3 417 416 2054
3 2055 984 985
3 414 2054 416
3 2054 2055 417
3 979 984 2055
3 2055 2054 979
3 2052 976 979
3 414 409 2052
3 2056 993 994
3 2057 993 2056
3 988 993 2057
3 985 988 2057
3 419 417 2055
3 419 2055 2057
3 2055 985 2057
3 1617 1615 2058
3 1624 1618 2059
3 2059 2060 1624
3 1617 2059 1618
3 1622 1625 2061
3 1625 1624 2060
3 2060 2061 1625
3 2062 2063 1631
3 1631 2064 2062
3 1225 1226 766
3 766 767 1225
3 1220 2062 764
3 1220 764 766
3 1226 1220 766
3 1220 1219 2063
3 2063 2062 1220
3 2062 2064 764
3 1228 1225 767
3 2065 827 2066
3 2067 819 820
3 826 830 2068
3 2066 826 2068
3 2069 2066 2068
3 2065 2066 2070
3 2066 827 826
3 2071 2067 820
3 2065 2071 820
3 2065 820 827
3 2072 2068 2073
3 2074 2072 2073
3 2074 2073 2075
3 2073 831 835
3 830 831 2068
3 2068 831 2073
3 2069 2068 2072
3 2069 2070 2066
3 2076 843 2077
3 2075 2078 2079
3 2079 2078 2080
3 2074 2075 2079
3 2078 839 843
3 2075 2073 835
3 2075 835 839
3 2078 2075 839
3 2077 2081 2082
3 2082 2081 2083
3 2076 2077 2082
3 847 846 2077
3 2077 846 2081
3 2080 2078 843
3 2076 2080 843
3 843 847 2077
3 2084 2085 2086
3 854 853 2085
3 2085 853 2087
3 2084 2083 2081
3 2084 2081 851
3 851 854 2085
3 2084 851 2085
3 2081 846 851
3 2088 2089 2090
3 2091 860 863
3 859 860 2089
3 2089 860 2091
3 853 859 2087
3 2087 859 2089
3 2085 2087 2086
3 2086 2087 2088
3 2092 2091 863
3 2093 2092 863
3 2093 863 864
3 2094 2092 2095
3 2094 2090 2089
3 2094 2089 2091
3 2094 2091 2092
3 2087 2089 2088
3 2096 2097 2093
3 2093 2098 2096
3 2097 2095 2092
3 2092 2093 2097
3 2098 2093 864
3 864 867 2098
3 485 490 2099
3 2100 485 2099
3 2101 2102 2103
3 2103 2102 2104
3 2105 2101 2103
3 2102 487 485
3 491 492 2106
3 2107 2108 2099
3 2099 2109 2107
3 2100 2099 2108
3 2109 2099 490
3 490 491 2109
3 2100 2104 2102
3 2100 2102 485
3 2110 2106 493
3 2110 493 495
3 2111 2110 495
3 2111 495 2112
3 2110 2107 2109
3 2109 2106 2110
3 2106 492 493
3 2106 2109 491
3 500 501 2113
3 2113 501 2114
3 2115 2112 496
3 2116 2115 496
3 2116 496 500
3 2116 500 2113
3 2112 495 496
3 2111 2112 2115
3 2117 2114 502
3 2118 2117 502
3 2118 502 507
3 2118 507 2119
3 2114 501 502
3 2113 2114 2120
3 2120 2114 2117
3 2116 2113 2120
3 2119 2121 2122
3 2122 2121 2123
3 2118 2119 2122
3 2121 508 509
3 507 508 2119
3 2119 508 2121
3 940 2124 939
3 935 2125 2126
3 940 935 2126
3 940 2126 2124
3 934 2125 935
3 2126 1352 2127
3 2128 2129 2130
3 2124 2131 2128
3 939 2124 2128
3 2132 939 2128
3 2131 2133 2129
3 2124 2126 2127
3 2124 2127 2133
3 2131 2124 2133
3 2134 2135 2136
3 2136 2137 2134
3 2128 2130 2138
3 2128 2138 2136
3 2139 2128 2136
3 2135 2139 2136
3 2132 2128 2139
3 2131 2129 2128
3 2137 2140 2141
3 2141 2140 2142
3 2134 2137 2141
3 2140 2143 2144
3 2140 2137 2136
3 2140 2136 2145
3 2140 2145 2143
3 2136 2138 2145
3 2146 2147 2148
3 2149 2150 2151
3 2149 2152 2146
3 2146 2150 2149
3 2140 2144 2147
3 2140 2147 2146
3 2142 2140 2146
3 2152 2142 2146
3 2150 2153 2154
3 2151 2150 2154
3 2146 2148 2150
3 2150 2148 2153
3 2155 2056 2156
3 419 2057 2157
3 2158 2159 2160
3 2159 2161 2162
3 2159 2156 2056
3 2159 2056 994
3 2159 994 2161
3 2155 2156 2158
3 2157 2057 2056
3 2155 2157 2056
3 2163 2164 2165
3 2165 2164 2166
3 2167 2165 2168
3 2167 2160 2159
3 2162 2163 2165
3 2159 2162 2165
3 2167 2159 2165
3 2156 2159 2158
3 2169 2170 2171
3 2170 2166 2172
3 2170 2172 2173
3 2174 2170 2173
3 2165 2166 2170
3 2168 2165 2170
3 2169 2168 2170
3 2166 2164 2172
3 2175 2176 2177
3 2177 2176 2178
3 2174 2179 2175
3 2175 2179 2180
3 2174 2173 2179
3 2171 2170 2174
3 2177 2171 2174
3 2177 2174 2175
3 2181 2176 2182
3 2181 2182 2183
3 2184 2181 2183
3 2182 2185 2186
3 2176 2175 2180
3 2176 2180 2185
3 2182 2176 2185
3 2178 2176 2181
3 2187 2188 1006
3 2187 2189 2183
3 2183 2190 2191
3 2187 2183 2191
3 2187 2191 2188
3 2184 2183 2189
3 2182 2186 2183
3 2183 2186 2190
3 2192 2193 348
3 2188 2194 2193
3 1006 2188 2193
3 1006 2193 2192
3 1007 1006 2192
3 2188 2191 2194
3 1547 2195 1546
3 1564 2196 2197
3 2198 2196 1555
3 1555 2196 1563
3 1553 2198 1555
3 1564 2197 1566
3 1564 1563 2196
3 1576 2199 1574
3 1567 2200 1576
3 1567 1566 2197
3 1579 1578 2201
3 2201 2202 1579
3 1574 2199 2201
3 1578 1574 2201
3 2200 2199 1576
3 1585 1583 2202
3 2202 2203 1585
3 2203 2202 2201
3 1579 2202 1583
3 1587 2204 252
3 253 2205 258
3 253 250 2206
3 253 2206 2205
3 2204 2206 252
3 252 2206 250
3 2207 2208 2209
3 2098 2210 2211
3 2096 2098 2211
3 2096 2211 2207
3 2212 2096 2207
3 2098 867 2210
3 2213 2214 2215
3 2216 2217 2218
3 2219 2207 2209
3 2216 2219 2209
3 2216 2209 2217
3 2212 2207 2219
3 2209 2208 2214
3 2211 2208 2207
3 2220 2221 2222
3 2213 2220 2222
3 2223 2213 2222
3 2217 2213 2218
3 2218 2213 2224
3 2213 2215 2220
3 2217 2209 2214
3 2213 2217 2214
3 2225 2226 2227
3 2228 2229 2222
3 2222 2230 2226
3 2222 2226 2225
3 2228 2222 2225
3 2222 2221 2230
3 2223 2222 2229
3 2223 2224 2213
3 2231 2232 2233
3 2231 2234 2235
3 2235 2232 2231
3 2236 2237 2225
3 2225 2227 2235
3 2236 2225 2235
3 2236 2235 2234
3 2228 2225 2237
3 2238 2239 2240
3 2238 2241 2231
3 2233 2242 2239
3 2231 2233 2239
3 2238 2231 2239
3 2234 2231 2243
3 2243 2231 2241
3 2236 2234 2243
3 2244 2245 2246
3 2247 2244 2246
3 2248 2240 2239
3 2248 2239 2249
3 2248 2249 2244
3 2249 2250 2245
3 2249 2239 2242
3 2242 2250 2249
3 2251 2252 2253
3 2247 2251 2253
3 2254 2247 2253
3 2255 2256 2244
3 2244 2247 2255
3 2248 2244 2256
3 2247 2246 2251
3 2244 2249 2245
3 2253 2257 1131
3 2258 2253 1131
3 2258 1131 1591
3 1596 2258 1591
3 2254 2253 2258
3 2253 2252 2257
3 2254 2255 2247
3 2259 2260 2261
3 499 2259 2261
3 479 480 2259
3 2262 2263 2264
3 505 503 2261
3 2261 2262 505
3 499 2261 503
3 2262 2261 2260
3 2260 2263 2262
3 499 482 479
3 499 479 2259
3 512 2265 513
3 510 2266 512
3 2265 2266 2267
3 2267 2268 2265
3 505 2262 2264
3 510 505 2264
3 2264 2267 2266
3 510 2264 2266
3 2269 2270 2271
3 2271 2270 2272
3 515 513 2265
3 515 2265 2273
3 2273 2269 2271
3 515 2273 2271
3 2265 2268 2273
3 2266 2265 512
3 2274 2275 2276
3 2274 2277 2278
3 2278 2275 2274
3 2270 2278 2272
3 2272 2278 2277
3 2271 2272 1836
3 1836 2272 1835
3 515 2271 1836
3 2279 2280 2276
3 2279 2276 2281
3 1838 2280 1840
3 1838 1843 2277
3 1838 2277 2274
3 1838 2274 2280
3 1843 1835 2272
3 2272 2277 1843
3 2282 2283 2284
3 2279 2285 1847
3 1847 2285 1848
3 2280 2279 1840
3 1840 2279 1847
3 2281 2282 2279
3 2279 2282 2285
3 2280 2274 2276
3 2286 2284 2287
3 2288 2286 2287
3 2288 2287 2289
3 1850 1848 2285
3 1850 2285 2284
3 1850 2284 2286
3 2284 2283 2287
3 2284 2285 2282
3 2290 2291 2292
3 2293 2290 2292
3 1859 2290 1856
3 1859 1851 2286
3 1859 2286 2288
3 1859 2288 2290
3 1850 2286 1851
3 2288 2289 2291
3 1777 2293 2294
3 1777 2294 1782
3 1778 1777 1782
3 1784 1856 2290
3 1784 2290 2293
3 1784 2293 1777
3 2293 2292 2294
3 2290 2288 2291
3 1047 1046 2295
3 2295 1046 2296
3 2297 1051 2298
3 2299 2297 2298
3 2300 2299 2298
3 2297 1049 1055
3 2301 2297 2299
3 2296 1046 1049
3 2296 1049 2297
3 2301 2296 2297
3 2302 2303 2298
3 2298 1057 1058
3 2302 2298 1058
3 2300 2298 2303
3 2298 1051 1057
3 2297 1055 1051
3 2304 2305 2306
3 2307 2308 2309
3 2309 2308 2304
3 262 261 2310
3 262 2310 2311
3 262 2311 2307
3 262 2307 2309
3 2310 2312 2311
3 2304 2306 267
3 267 2306 270
3 2309 2304 264
3 264 2304 267
3 262 2309 264
3 2305 2313 2306
3 2306 2313 2314
3 2308 2305 2304
3 2315 2316 2317
3 272 2314 2318
3 276 272 2318
3 2318 2319 2315
3 276 2318 2315
3 2314 2313 2318
3 272 270 2306
3 2306 2314 272
3 2320 1870 2321
3 2321 1870 2322
3 2316 2320 2317
3 2317 2320 2321
3 279 278 2315
3 2315 2317 279
3 276 2315 278
3 2319 2316 2315
3 2323 2324 1869
3 1869 1879 2323
3 2324 2322 1870
3 1870 1869 2324
3 2321 2322 283
3 283 2322 284
3 2317 2321 279
3 279 2321 283
3 2323 2325 292
3 2325 1876 1875
3 1879 1876 2323
3 2323 1876 2325
3 2324 2323 288
3 288 2323 290
3 288 284 2322
3 2322 2324 288
3 292 2325 1875
3 294 292 1875
3 294 1875 1236
3 294 1236 1230
3 292 290 2323
3 2210 2326 2327
3 2328 2329 2330
3 2327 2331 2211
3 2211 2331 2208
3 2210 2327 2211
3 2326 2328 2327
3 2327 2328 2331
3 867 868 2326
3 2210 867 2326
3 2330 2332 2333
3 2334 2330 2333
3 2335 2334 2333
3 2208 2331 2330
3 2214 2208 2330
3 2214 2330 2334
3 2330 2329 2332
3 2330 2331 2328
3 2336 2335 2337
3 2336 2337 2338
3 2335 2333 2337
3 2220 2339 2221
3 2215 2334 2335
3 2220 2215 2335
3 2220 2335 2339
3 2214 2334 2215
3 2340 2336 2341
3 2342 2340 2341
3 2342 2341 2343
3 2230 2221 2339
3 2230 2339 2336
3 2230 2336 2340
3 2336 2338 2341
3 2336 2339 2335
3 2227 2344 2235
3 2226 2340 2342
3 2227 2226 2342
3 2227 2342 2344
3 2230 2340 2226
3 2345 2346 2347
3 2343 2346 2342
3 2342 2346 2345
3 2233 2348 2349
3 2233 2349 2350
3 2232 2235 2344
3 2344 2351 2232
3 2345 2347 2351
3 2351 2347 2348
3 2342 2345 2344
3 2344 2345 2351
3 2250 2242 2350
3 2350 2352 2250
3 2233 2350 2242
3 2352 2353 2354
3 2352 2350 2349
3 2349 2353 2352
3 2233 2232 2351
3 2233 2351 2348
3 2251 2355 2356
3 2251 2356 2357
3 2358 2359 2355
3 2245 2358 2246
3 2245 2250 2352
3 2352 2354 2359
3 2245 2352 2359
3 2245 2359 2358
3 2360 1127 1125
3 2357 2360 1125
3 2252 2357 1125
3 2257 2252 1125
3 2251 2357 2252
3 2357 2356 2360
3 2246 2358 2355
3 2251 2246 2355
3 1783 2361 1790
3 2361 2237 2236
3 1783 1782 2362
3 2228 2237 2361
3 2362 2228 2361
3 1783 2362 2361
3 2362 2229 2228
3 2257 1125 1131
3 2363 2241 2238
3 2363 2364 2243
3 2243 2241 2363
3 1791 2364 1788
3 1791 1790 2361
3 2236 2243 2364
3 2361 2236 2364
3 1791 2361 2364
3 1799 2365 2366
3 1796 2367 1803
3 2367 2363 2238
3 2367 2238 2240
3 2365 2367 2240
3 1796 1788 2364
3 1796 2364 2363
3 1796 2363 2367
3 2256 2255 2368
3 2366 2365 2248
3 2366 2248 2256
3 2369 2366 2256
3 2365 2240 2248
3 1799 2366 1800
3 1803 2367 2365
3 1799 1803 2365
3 2370 2371 2258
3 2368 2255 2254
3 2369 2368 2372
3 2372 2368 2371
3 1808 1800 2366
3 1808 2366 2369
3 1808 2369 2372
3 2368 2369 2256
3 2371 2370 2373
3 1818 2371 2373
3 2372 2371 1811
3 1811 2371 1812
3 1808 2372 1811
3 2370 2258 1596
3 2371 2368 2254
3 2371 2254 2258
3 429 2374 2373
3 2373 1593 430
3 429 2373 430
3 2373 2374 1818
3 1818 2374 1819
3 2370 1596 2373
3 2373 1596 1593
3 1818 1812 2371
3 2375 432 2376
3 2375 1822 434
3 434 432 2375
3 1823 427 434
3 1824 2374 429
3 1823 1824 429
3 1823 429 427
3 1819 2374 1824
3 2377 870 2378
3 2379 874 2380
3 2000 1998 2378
3 2378 2379 2000
3 2377 2378 1997
3 1997 2378 1998
3 2379 2378 870
3 870 869 2379
3 2381 2380 873
3 2382 2381 873
3 2382 873 877
3 2004 2000 2379
3 2379 2380 2381
3 2004 2379 2381
3 2380 874 873
3 869 874 2379
3 2383 883 884
3 878 883 2384
3 2384 883 2383
3 2384 2382 877
3 877 878 2384
3 2381 2382 2007
3 2007 2382 2008
3 2004 2381 2007
3 2385 2383 884
3 2385 884 892
3 2010 2386 2018
3 2010 2012 2384
3 2010 2384 2383
3 2010 2383 2386
3 2382 2384 2008
3 2008 2384 2012
3 2017 2016 2385
3 2017 2385 2387
3 2017 2387 2388
3 2016 2018 2386
3 2386 2385 2016
3 2387 2385 892
3 892 891 2387
3 2385 2386 2383
3 745 342 2389
3 741 740 596
3 596 598 741
3 597 596 740
3 1063 1069 2390
3 2390 1069 2391
3 2390 2389 344
3 344 1063 2390
3 745 2389 748
3 745 741 598
3 745 598 342
3 342 344 2389
3 2391 1068 2392
3 2392 1068 1070
3 2391 1069 1068
3 754 2390 2391
3 755 754 2391
3 755 2391 2392
3 2389 2390 748
3 748 2390 754
3 761 760 2393
3 2393 1076 1077
3 761 2393 1077
3 2392 1070 2393
3 2393 1070 1076
3 758 2393 760
3 2392 2393 755
3 755 2393 758
3 762 2394 763
3 761 1077 1079
3 761 1079 2394
3 762 761 2394
3 1517 197 2395
3 1517 2395 2396
3 1514 1513 194
3 194 197 1514
3 193 194 1513
3 2395 2397 2398
3 196 2397 197
3 197 2397 2395
3 2399 2400 2401
3 1519 1518 2396
3 2396 2402 1519
3 1517 2396 1518
3 2396 2395 2398
3 2396 2398 2399
3 2402 2396 2399
3 1517 1514 197
3 2403 2404 2405
3 1524 1523 2401
3 2401 2403 1524
3 2402 2401 1519
3 1519 2401 1523
3 2403 2401 2400
3 2400 2406 2403
3 2401 2402 2399
3 2407 2408 2409
3 2405 2407 1527
3 1527 2407 1529
3 1527 1524 2403
3 2403 2405 1527
3 2407 2405 2404
3 2404 2410 2407
3 2406 2404 2403
3 2409 2411 2412
3 2412 2411 2413
3 1533 1529 2407
3 2407 2409 2412
3 1533 2407 2412
3 2408 2414 2409
3 2409 2414 2411
3 2410 2408 2407
3 2415 2416 941
3 2413 2411 2417
3 2418 2413 2417
3 2418 2417 2415
3 2411 2414 2417
3 2412 2413 1537
3 1537 2413 1535
3 1533 2412 1537
3 1541 2418 941
3 1541 941 947
3 2413 2418 1535
3 1535 2418 1539
3 942 2419 944
3 942 941 2416
3 2416 2419 942
3 941 2418 2415
3 1541 947 950
3 1541 1539 2418
3 2420 1192 1191
3 1191 2421 2420
3 2421 1418 1419
3 2421 1191 1194
3 1194 1418 2421
3 2422 1428 2423
3 2422 2424 1421
3 1421 1426 2422
3 2425 2424 2426
3 2420 2421 1419
3 2425 2420 1419
3 2425 1419 1421
3 2425 1421 2424
3 1431 1435 2427
3 2428 1431 2427
3 2429 2430 2422
3 2422 2423 2429
3 2424 2422 2426
3 2426 2422 2430
3 2423 1428 1431
3 1426 1428 2422
3 2431 1437 1438
3 2432 2433 2427
3 2427 2431 2432
3 2428 2427 2433
3 2431 2427 1435
3 1435 1437 2431
3 2429 2423 1431
3 2428 2429 1431
3 2434 2435 1449
3 1449 1448 2434
3 1443 1449 2436
3 2436 1449 2435
3 2437 2432 2431
3 2437 2431 1438
3 1438 1443 2436
3 2437 1438 2436
3 2438 1450 1459
3 2438 1459 2439
3 2435 2434 2440
3 2440 2434 2441
3 2440 2442 2436
3 2436 2435 2440
3 2437 2436 2442
3 2434 1448 1450
3 2439 2443 2444
3 2445 2443 1461
3 1461 1460 2445
3 2443 2439 1459
3 1459 1461 2443
3 2438 2439 2446
3 2438 2441 2434
3 2438 2434 1450
3 2447 2448 2445
3 2445 2449 2447
3 2449 1462 1464
3 2449 2445 1460
3 1460 1462 2449
3 2443 2445 2444
3 2444 2445 2448
3 2444 2446 2439
3 2450 2451 2452
3 2450 2453 2454
3 2454 2451 2450
3 2453 2447 2449
3 2453 2449 1464
3 2453 1464 378
3 2453 378 2454
3 937 939 2132
3 1062 2139 2455
3 1062 2132 2139
3 1062 339 2132
3 339 937 2132
3 2455 2139 2135
3 1062 2456 1064
3 1066 2141 2457
3 2141 2142 2457
3 2457 2142 2152
3 1067 2457 1071
3 1074 1071 2149
3 1071 2457 2149
3 2457 2152 2149
3 1075 2151 2458
3 2455 2456 1062
3 2456 2135 2134
3 2455 2135 2456
3 1064 2456 1065
3 1066 2134 2141
3 1066 2456 2134
3 1066 1065 2456
3 1067 1066 2457
3 1075 1074 2151
3 1074 2149 2151
3 1075 2458 2459
3 12 11 2460
3 1106 14 1871
3 8 14 1106
3 1874 12 2461
3 12 2460 2461
3 1874 14 12
3 1874 1871 14
3 1874 2461 1877
3 2462 22 24
3 1877 2463 1882
3 2461 2463 1877
3 2463 2462 1883
3 1883 1882 2463
3 1888 29 2464
3 1888 24 29
3 1888 2462 24
3 11 15 2465
3 2465 2460 11
3 2465 15 18
3 2460 2465 2463
3 2463 2461 2460
3 2462 2463 22
3 2463 18 22
3 2463 2465 18
3 1889 32 37
3 1889 2466 32
3 1889 1885 2466
3 37 38 2467
3 2467 2468 37
3 38 42 2469
3 2469 2467 38
3 2469 42 43
3 1888 1883 2462
3 29 30 2466
3 2466 2464 29
3 1888 2464 1887
3 1887 2466 1885
3 2464 2466 1887
3 2466 30 32
3 1889 37 2468
3 1895 2469 43
3 1896 2470 1898
3 2470 50 2471
3 49 50 2470
3 2471 50 51
3 1898 2471 1899
3 2470 2471 1898
3 1901 51 2472
3 1889 2468 1891
3 2468 2467 1894
3 1894 1891 2468
3 2467 2469 1895
3 1895 1894 2467
3 1896 49 2470
3 1896 1895 49
3 1895 43 49
3 2472 2473 1905
3 1905 1902 2472
3 1905 1728 1379
3 2473 1728 1905
3 51 54 2472
3 1901 2471 51
3 1901 1899 2471
3 54 59 2473
3 2473 2472 54
3 59 60 1728
3 1728 2473 59
3 1901 2472 1902
3 1908 2474 101
3 2475 1829 2476
3 2475 509 1829
3 2475 2123 509
3 2123 2121 509
3 1829 1828 2477
3 2477 2476 1829
3 2478 1834 2479
3 1832 1834 2478
3 2480 2478 2481
3 2478 2479 2482
3 2482 2481 2478
3 1834 1842 2483
3 2483 2479 1834
3 2483 1842 1837
3 2475 2476 2484
3 2476 2477 2485
3 2485 2484 2476
3 2477 1828 1830
3 2480 1832 2478
3 2480 1830 1832
3 2480 2485 1830
3 2485 2477 1830
3 2486 2487 2488
3 2487 1846 2489
3 1844 1846 2487
3 1846 1854 2490
3 2490 2489 1846
3 2491 2489 2492
3 2487 2489 2491
3 2493 2490 2494
3 2495 2483 2486
3 2495 2479 2483
3 2495 2482 2479
3 2487 1837 1844
3 2487 2486 1837
3 2486 2483 1837
3 2495 2486 2488
3 2488 2487 2491
3 2496 2497 2498
3 2494 2497 2496
3 2499 2498 2500
3 2498 1858 2500
3 2498 1857 1858
3 2498 2497 1857
3 2500 2501 2502
3 2502 2499 2500
3 2493 2489 2490
3 2493 2492 2489
3 2490 1854 1853
3 2497 2494 1860
3 2494 1853 1860
3 2494 2490 1853
3 2497 1860 1857
3 2493 2494 2496
3 2503 2501 2504
3 2505 1861 1866
3 2505 2506 1861
3 2506 2504 1861
3 2507 2506 2508
3 2506 2505 1260
3 1260 2508 2506
3 2500 1858 1864
3 2504 2501 1865
3 2501 1864 1865
3 2501 2500 1864
3 2504 1865 1861
3 2502 2501 2503
3 2507 2504 2506
3 2507 2503 2504
3 2509 2510 1620
3 1620 1619 2509
3 2511 2510 1195
3 1195 2509 1196
3 1195 1199 2511
3 1619 1616 2512
3 2510 2509 1195
3 1629 1630 1211
3 1210 1207 1628
3 1216 1211 2513
3 1211 1210 1629
3 1630 1632 2513
3 1211 1630 2513
3 2063 2513 1632
3 1632 1631 2063
3 2512 1616 1627
3 2512 2509 1619
3 2509 2512 1196
3 1196 2512 1206
3 1207 1206 1627
3 1207 1627 1628
3 1628 1629 1210
3 1206 2512 1627
3 2513 2063 1219
3 1216 2513 1217
3 1219 1217 2513
3 727 725 2514
3 2514 2515 727
3 730 2516 2517
3 730 2517 2518
3 727 2515 2516
3 730 727 2516
3 2517 2519 2518
3 2518 2519 2520
3 724 2514 725
3 2521 2522 2515
3 2515 2522 2516
3 2515 2514 2521
3 2523 2524 2525
3 2525 2526 2523
3 2523 2526 681
3 2527 2520 2519
3 2519 2528 2527
3 2528 2529 2527
3 2527 2529 2530
3 2529 2531 2530
3 2530 2531 2532
3 2531 2525 2532
3 2532 2525 2524
3 178 2533 184
3 178 176 2534
3 2535 2533 612
3 2536 604 603
3 2533 2536 603
3 2533 603 612
3 2537 2535 612
3 612 611 2537
3 2534 2538 602
3 602 601 2534
3 601 604 2534
3 2534 604 2536
3 2538 2534 175
3 175 2534 176
3 2534 2536 2533
3 178 2534 2533
3 2539 619 2540
3 188 2537 614
3 192 2539 195
3 617 619 2539
3 2539 2540 195
3 195 2540 196
3 619 625 2540
3 2540 625 2541
3 2533 2535 186
3 2537 611 614
3 2535 2537 188
3 186 184 2533
3 192 617 2539
3 188 186 2535
3 192 188 614
3 192 614 617
3 635 634 2542
3 629 635 2543
3 2542 641 2544
3 2542 2545 635
3 641 640 2546
3 634 641 2542
3 2546 644 2547
3 2546 2544 641
3 196 2541 2397
3 2541 625 627
3 2398 627 2543
3 2540 2541 196
3 2398 2541 627
3 627 629 2543
3 2543 635 2545
3 2398 2397 2541
3 2542 2544 2406
3 2406 2544 2404
3 2410 2404 2544
3 2544 2546 2410
3 2546 2547 2410
3 2410 2547 2408
3 2547 2548 2408
3 2408 2548 2414
3 2547 118 2548
3 640 644 2546
3 2398 2543 2399
3 644 118 2547
3 2400 2399 2543
3 2543 2545 2400
3 2545 2542 2400
3 2400 2542 2406
3 1724 2549 2550
3 58 57 2551
3 1724 58 2551
3 1724 2551 2549
3 2550 2552 2553
3 1724 60 58
3 1726 2553 2554
3 1732 2555 1730
3 2555 2556 1730
3 1730 2556 1736
3 2553 2552 2554
3 2549 2552 2550
3 1725 2553 1726
3 1724 2550 1725
3 2550 2553 1725
3 1732 1726 2554
3 1744 2557 1741
3 1737 1736 2556
3 1737 2558 1734
3 1745 2559 1746
3 2560 2559 1745
3 1748 2561 1749
3 1748 1746 2559
3 1742 2560 1745
3 1750 1749 2561
3 2562 2563 424
3 424 425 2562
3 425 2564 2562
3 2562 2564 2565
3 2566 2565 2564
3 2564 2567 2566
3 2566 281 286
3 2568 2566 286
3 275 277 425
3 425 277 2564
3 277 280 2564
3 2564 280 2567
3 110 424 2563
3 2567 280 281
3 2569 2570 2571
3 768 769 2570
3 2570 2572 2573
3 2574 2570 2569
3 2572 771 2575
3 2573 2571 2570
3 771 770 2576
3 769 771 2572
3 2577 287 2574
3 2566 2567 281
3 2577 2568 286
3 2577 286 287
3 2574 768 2570
3 2577 2574 2569
3 2570 769 2572
3 287 768 2574
3 2578 2576 773
3 2579 2578 773
3 2580 2581 776
3 776 778 2580
3 2579 2581 2582
3 2580 778 783
3 2583 2582 2581
3 2581 2580 2583
3 2573 2575 2584
3 2576 2575 771
3 2584 2576 2578
3 2572 2575 2573
3 2576 770 773
3 2575 2576 2584
3 2579 773 776
3 2579 776 2581
3 2585 2583 783
3 2585 783 787
3 2586 2585 2587
3 2583 2580 783
3 2585 787 788
3 2585 788 2587
3 2586 2587 2588
3 1344 1343 1263
3 1263 1264 2589
3 1347 1344 2589
3 2589 2590 1347
3 2589 1264 1268
3 1347 2590 1353
3 2589 1268 2590
3 2590 1268 1272
3 1340 1509 1263
3 1343 1340 1263
3 1344 1263 2589
3 1509 1265 1263
3 2591 2592 2593
3 2591 2593 1276
3 2591 2594 2595
3 2594 1278 1279
3 2595 1282 2596
3 2597 2595 2596
3 2595 2594 1279
3 2595 1279 1282
3 1353 1273 2593
3 2598 1353 2593
3 2590 1272 1273
3 1353 2590 1273
3 2598 2593 2592
3 2593 1273 1276
3 2591 1276 1278
3 2591 1278 2594
3 2599 2600 2601
3 2602 2599 2601
3 2600 1295 1296
3 2600 1296 2601
3 2602 2601 2603
3 2601 1296 1298
3 2601 1298 2604
3 2605 2601 2604
3 2597 2596 2606
3 2596 1282 1286
3 2596 1286 2600
3 2607 2596 2600
3 2607 2606 2596
3 1286 1288 2600
3 2600 1288 1295
3 2607 2600 2599
3 2605 2603 2601
3 1298 1300 2604
3 1007 2192 1008
3 1008 2192 2608
3 1013 1008 2608
3 348 350 2608
3 2192 348 2608
3 2608 352 2609
3 1013 2608 1014
3 2610 2611 357
3 2612 2611 1019
3 2611 2612 356
3 2611 356 357
3 1028 2611 2613
3 1020 2611 1023
3 1028 1023 2611
3 2611 2610 2613
3 2609 352 353
3 350 352 2608
3 2608 2609 2612
3 1019 2608 2612
3 2612 353 356
3 1019 1014 2608
3 1019 2611 1020
3 2609 353 2612
3 1030 1029 2613
3 2610 357 366
3 1028 2613 1029
3 2613 366 369
3 2614 2613 369
3 2614 369 370
3 2613 2610 366
3 1030 2613 2614
3 1167 1169 437
3 437 1173 439
3 437 441 1167
3 2615 2616 444
3 444 2616 446
3 2617 2618 2619
3 451 2617 2619
3 451 446 2616
3 451 2616 2617
3 2618 2620 2619
3 2619 2620 2621
3 1173 2622 2615
3 1169 1173 437
3 2615 2623 2616
3 1172 2622 1173
3 2616 2623 2617
3 2622 2623 2615
3 1173 2615 439
3 439 2615 444
3 461 2624 2625
3 461 2625 2626
3 459 2627 2624
3 461 459 2624
3 2625 2628 2626
3 2626 2628 2629
3 2628 2071 2629
3 2629 2071 2630
3 453 2621 454
3 451 2619 453
3 2620 2631 2627
3 2619 2621 453
3 2627 2631 2624
3 2627 2621 2620
3 459 454 2621
3 2621 2627 459
3 2632 2633 2065
3 2632 2065 2070
3 2632 2070 2069
3 2633 2630 2065
3 2633 2632 472
3 472 2632 473
3 2632 2069 2634
3 475 2632 2634
3 464 2629 467
3 461 2626 464
3 469 2630 2633
3 2626 2629 464
3 467 2629 2630
3 469 467 2630
3 2630 2071 2065
3 469 2633 472
3 475 473 2632
3 2069 2072 2634
3 475 2634 480
3 2634 2072 2074
3 2635 2636 620
3 613 2635 616
3 2636 2637 2638
3 620 616 2635
3 2638 2639 2640
3 2641 2637 2636
3 620 2638 621
3 2637 2639 2638
3 613 2009 2015
3 613 2015 2635
3 2636 2017 2641
3 613 608 2009
3 2635 2015 2017
3 2636 2635 2017
3 626 623 2640
3 2640 2642 2643
3 2644 2643 2642
3 2642 2645 2644
3 2643 2644 631
3 626 2643 630
3 2646 2647 2648
3 631 630 2643
3 621 2640 623
3 2636 2638 620
3 2640 2649 2642
3 2638 2640 621
3 2642 2646 2645
3 2639 2649 2640
3 626 2640 2643
3 2649 2646 2642
3 2650 2651 2652
3 2650 2653 2654
3 2655 2650 2656
3 2657 2651 2650
3 2650 2652 2658
3 2653 2650 2655
3 2644 2659 637
3 2658 2656 2650
3 2648 2654 2653
3 2648 2645 2646
3 2645 2648 2659
3 2647 2654 2648
3 2648 2653 2655
3 2659 2644 2645
3 2654 2657 2650
3 2655 2659 2648
3 2660 2652 2661
3 2660 2661 2662
3 2660 2663 2664
3 2660 2658 2652
3 2664 2665 2666
3 2662 2663 2660
3 2666 2665 1684
3 2663 2665 2664
3 2659 2655 638
3 637 631 2644
3 638 2656 643
3 638 637 2659
3 2656 2658 111
3 2655 2656 638
3 2652 2651 2661
3 111 643 2656
3 2017 2388 2641
3 2667 2387 891
3 891 897 2667
3 2668 2667 897
3 897 901 2668
3 2669 2670 2668
3 2668 2671 2669
3 2672 2669 2671
3 2671 2673 2672
3 2674 2673 904
3 904 909 2674
3 2675 2674 909
3 909 913 2675
3 2676 2388 2387
3 2387 2667 2676
3 2667 2668 2676
3 2676 2668 2670
3 2671 2668 901
3 901 900 2671
3 900 904 2671
3 2671 904 2673
3 2677 2678 914
3 914 522 2677
3 2637 2641 2388
3 2388 2676 2637
3 2676 2670 2637
3 2637 2670 2639
3 2670 2669 2639
3 2639 2669 2649
3 2673 2674 2672
3 2672 2674 2679
3 2680 2679 2674
3 2674 2675 2680
3 2678 911 914
3 2675 913 911
3 2680 2675 911
3 2678 2680 911
3 2678 2677 2657
3 2657 2677 2651
3 2681 2677 522
3 522 521 2681
3 2661 2681 2682
3 2681 521 525
3 2661 2651 2677
3 2661 2677 2681
3 2669 2672 2649
3 2649 2672 2646
3 2647 2646 2672
3 2672 2679 2647
3 2679 2680 2647
3 2647 2680 2654
3 2657 2654 2680
3 2680 2678 2657
3 532 533 2683
3 2683 533 1688
3 2684 2683 2663
3 2663 2683 2665
3 1684 2683 1688
3 1684 1688 1685
3 1684 2665 2683
3 2684 2682 525
3 2684 525 530
3 2661 2682 2662
3 2682 2681 525
3 2663 2662 2682
3 2682 2684 2663
3 530 532 2684
3 2684 532 2683
3 2452 2685 2686
3 2687 2685 385
3 2688 2687 2689
3 2451 2685 2452
3 2688 2686 2685
3 2688 2685 2687
3 2690 2687 386
3 386 387 2690
3 2454 378 376
3 2451 376 385
3 2685 2451 385
3 385 386 2687
3 2451 2454 376
3 2691 400 2692
3 2693 2694 390
3 2691 2693 400
3 400 401 2692
3 401 405 2692
3 2692 405 2695
3 2696 2695 405
3 405 406 2696
3 2687 2690 2697
3 2690 387 388
3 2694 2698 390
3 2697 2689 2687
3 2698 2690 388
3 2698 388 390
3 390 400 2693
3 2698 2697 2690
3 2699 2692 2700
3 2701 2699 2700
3 2695 2696 2702
3 2692 2695 2700
3 2701 2700 2703
3 2702 2700 2695
3 2704 2700 2702
3 2704 2702 2705
3 2706 2696 406
3 406 411 2706
3 2688 2689 2707
3 2706 411 412
3 2708 2707 2689
3 2689 2697 2708
3 2691 2692 2699
3 2708 2697 2698
3 2704 2705 198
3 2704 2703 2700
3 694 696 2709
3 696 698 2710
3 2709 696 2711
3 516 2711 517
3 2709 2711 516
3 2710 2711 696
3 2710 698 700
3 527 523 2712
3 2713 2714 529
3 2714 2713 703
3 2712 2713 527
3 531 713 2715
3 531 707 713
3 529 527 2713
3 2714 705 707
3 519 517 2711
3 519 2712 523
3 519 2710 2712
3 519 2711 2710
3 2712 2710 700
3 703 705 2714
3 2713 700 703
3 2713 2712 700
3 537 2716 542
3 2717 2716 537
3 534 2717 537
3 2715 2717 534
3 2716 720 2718
3 720 722 2718
3 545 542 2718
3 542 2716 2718
3 2715 716 2717
3 713 716 2715
3 531 529 707
3 529 2714 707
3 2716 717 720
3 531 2715 534
3 716 717 2716
3 2716 2717 716
3 556 2719 2720
3 556 555 2719
3 2719 1468 1473
3 552 2721 555
3 2722 1473 1476
3 2722 2720 1473
3 555 2721 2719
3 556 2720 560
3 552 2718 2721
3 2718 1465 2721
3 545 2718 547
3 2718 722 1465
3 1469 1468 2719
3 2719 2721 1469
3 1465 1469 2721
3 552 547 2718
3 1309 1484 1307
3 1485 1484 1309
3 1309 1303 1485
3 2720 2722 562
3 562 560 2720
3 2720 2719 1473
3 2722 1476 1477
3 563 2722 1477
3 563 562 2722
3 563 1477 1303
3 1477 1485 1303
3 2723 2724 2725
3 2726 2724 2723
3 2727 243 2726
3 243 2728 2726
3 2723 2725 2729
3 2730 2725 1000
3 2727 2723 2729
3 2729 2725 2731
3 2727 2726 2723
3 2732 2733 2734
3 2733 2735 2734
3 2733 2730 1003
3 2736 2733 2737
3 2735 1010 1012
3 2738 2734 1017
3 2732 2737 2733
3 2732 2734 2739
3 2730 1000 1003
3 2736 2731 2733
3 2725 1004 1000
3 2725 2724 1004
3 2735 2733 1010
3 2733 1003 1010
3 2731 2725 2733
3 2725 2730 2733
3 2740 2741 2742
3 2743 2744 2745
3 2738 1016 1021
3 2744 1021 1022
3 2743 2746 2747
3 2745 2746 2743
3 2743 2742 2744
3 2742 2741 2744
3 2738 1017 1016
3 2740 2738 2741
3 2734 1012 1017
3 2734 2735 1012
3 2744 2741 1021
3 2741 2738 1021
3 2740 2739 2738
3 2739 2734 2738
3 2746 2748 2749
3 2749 2750 2746
3 2748 2751 1027
3 2747 2746 2750
3 2749 2752 2753
3 2748 2752 2749
3 2745 2744 1022
3 2751 1025 1027
3 2751 2745 1025
3 2745 1022 1025
3 2752 2748 1031
3 2748 1027 1031
3 2745 2751 2748
3 2748 2746 2745
3 2754 997 999
3 2754 2755 997
3 2162 2755 2163
3 2754 999 2031
3 2163 2754 2164
3 2755 2754 2163
3 2754 2030 2756
3 2031 2030 2754
3 2162 2161 997
3 2161 995 997
3 994 995 2161
3 2162 997 2755
3 2757 2037 2036
3 2758 2036 2033
3 2173 2757 2758
3 2757 2036 2758
3 2759 2033 735
3 2758 2033 2759
3 2179 2759 2180
3 2758 2759 2179
3 2172 2164 2754
3 2756 2030 2032
3 2172 2754 2757
3 2754 2756 2757
3 2172 2757 2173
3 2179 2173 2758
3 2757 2032 2037
3 2756 2032 2757
3 2760 731 2761
3 2194 2191 2762
3 2760 732 731
3 2761 731 739
3 2761 739 746
3 746 750 2763
3 2191 2761 2762
3 2761 746 2762
3 2185 2759 2760
3 2759 732 2760
3 2180 2759 2185
3 2186 2185 2760
3 2760 2761 2186
3 2190 2761 2191
3 2759 735 732
3 2186 2761 2190
3 345 751 346
3 345 351 751
3 349 2764 351
3 2763 2764 349
3 351 2764 751
3 348 2763 349
3 348 2193 2763
3 2763 2762 746
3 2194 2762 2193
3 750 749 2763
3 2764 749 751
3 2193 2762 2763
3 2763 749 2764
3 1640 1644 2765
3 2765 1644 1642
3 2766 1658 1655
3 1654 1658 2766
3 2765 1642 1643
3 1202 1208 2767
3 2768 1209 2769
3 1085 1203 1202
3 2767 1208 2768
3 1209 1214 2769
3 2770 1215 4
3 1208 1209 2768
3 2769 1214 2770
3 2771 1198 1200
3 1085 1200 1203
3 1080 2771 1081
3 1086 1202 2767
3 1086 1085 1202
3 1085 1081 1200
3 1081 2771 1200
3 4 1215 1
3 17 1223 16
3 2770 4 3
3 3 1099 2770
3 16 1223 20
3 2767 2768 1094
3 1094 1091 2767
3 1214 1215 2770
3 1086 2767 1091
3 1098 2770 1099
3 2769 2770 1098
3 1094 2769 1098
3 2768 2769 1094
3 2772 2773 2774
3 2775 2776 2777
3 2778 2772 2774
3 2774 2773 2779
3 2779 2773 2776
3 2777 2780 2781
3 2776 2780 2777
3 2775 2779 2776
3 2782 2783 2784
3 2782 2785 2783
3 2786 2785 2782
3 2787 2782 2784
3 2784 2783 2788
3 2789 2790 2791
3 2785 2792 2783
3 2787 2784 2793
3 2794 2781 2795
3 2794 2777 2781
3 2775 2777 2794
3 2796 2794 2795
3 2786 2796 2795
3 2785 2797 2792
3 2786 2795 2785
3 2795 2797 2785
3 2798 2799 653
3 2799 651 653
3 2799 2800 2791
3 2798 653 2801
3 653 654 2801
3 2798 2801 2802
3 2799 2803 651
3 2801 654 2804
3 2789 2793 2784
3 2790 2805 2803
3 2789 2788 2790
3 2789 2784 2788
3 2789 2791 2800
3 2791 2803 2799
3 2803 2791 2790
3 2803 2805 651
3 659 660 2806
3 2807 2806 2808
3 2809 656 659
3 2806 660 2810
3 2810 660 661
3 2811 661 2812
3 2806 2810 2813
3 2813 2808 2806
3 2804 654 655
3 2809 2814 656
3 2802 2804 2814
3 2801 2804 2802
3 2807 2809 2806
3 2809 659 2806
3 2814 655 656
3 2814 2804 655
3 2811 2813 2810
3 664 667 1112
3 661 664 2812
3 2811 2810 661
3 2812 1112 1114
3 1114 2815 2812
3 1112 2812 664
3 2811 2812 2815
3 1866 1863 2816
3 1863 1789 2816
3 1863 1781 1789
3 2817 1866 2816
3 2818 2819 2820
3 2819 1804 2820
3 2821 2819 2818
3 2822 2818 2820
3 2822 2820 2823
3 2824 2823 2825
3 2819 1801 1804
3 2820 1804 1805
3 2817 2816 2826
3 2821 2826 2819
3 1789 1792 2816
3 2816 1792 1793
3 1793 1795 2819
3 2819 1795 1801
3 2826 2816 2819
3 2816 1793 2819
3 2827 2828 1815
3 2829 2828 2830
3 2829 2831 2825
3 1815 1817 2827
3 2832 2830 2828
3 2827 1817 1825
3 2832 2827 2833
3 2832 2828 2827
3 2820 1805 1807
3 2824 2825 2831
3 2823 2820 2825
3 2820 1807 2825
3 2825 1809 2828
3 1809 1815 2828
3 2825 1807 1809
3 2829 2825 2828
3 1820 1827 2834
3 2835 2836 2834
3 2836 1820 2834
3 2833 2827 1825
3 2836 1826 1820
3 2836 1825 1826
3 2836 2833 1825
3 2833 2836 2837
3 2838 2835 2834
3 2832 2833 2837
3 2837 2836 2835
3 693 2839 697
3 2840 2839 693
3 692 2840 693
3 699 697 2105
3 697 2839 2105
3 699 2103 2841
3 699 2105 2103
3 2108 2107 2842
3 2842 2843 2108
3 710 2844 2100
3 710 706 2844
3 2845 2110 2111
3 710 2843 708
3 2107 2110 2845
3 2845 2842 2107
3 699 2841 702
3 702 2844 706
3 2841 2104 2844
3 2103 2104 2841
3 710 2100 2843
3 2100 2108 2843
3 2841 2844 702
3 2844 2104 2100
3 723 2120 2846
3 723 2116 2120
3 718 2847 719
3 2847 2115 2116
3 2120 2117 2848
3 2848 2846 2120
3 723 719 2116
3 719 2847 2116
3 711 2845 714
3 2842 2845 711
3 2843 2842 711
3 711 708 2843
3 2111 2115 2847
3 718 714 2845
3 718 2845 2847
3 2845 2111 2847
3 2848 2117 2118
3 1184 1187 2849
3 1222 1221 9
3 9 6 1222
3 1218 1222 6
3 6 2 1218
3 13 1224 17
3 20 1227 21
3 9 1224 13
3 1221 1224 9
3 1 1218 2
3 31 2850 2851
3 31 2852 2850
3 2853 2854 25
3 2854 2855 2852
3 2850 2856 2857
3 2857 2851 2850
3 31 27 2852
3 27 2854 2852
3 1227 1229 2858
3 23 21 1227
3 23 1227 2853
3 1227 2858 2853
3 23 2853 25
3 25 2854 27
3 2853 2855 2854
3 2858 2855 2853
3 41 39 2859
3 41 2860 45
3 31 2851 33
3 35 2859 39
3 2857 2859 35
3 2851 2857 35
3 35 33 2851
3 48 2861 53
3 2862 2863 2864
3 2865 2866 2867
3 2868 2866 2865
3 2869 2868 2865
3 2870 2868 2869
3 2865 2867 2528
3 2528 2519 2865
3 2517 2865 2519
3 2869 2865 2517
3 2521 2864 2871
3 2521 2862 2864
3 2522 2521 2871
3 2516 2522 2871
3 2516 2869 2517
3 2516 2870 2869
3 2516 2871 2870
3 2872 2873 2874
3 2874 2875 2872
3 2876 2872 2875
3 2877 2872 2876
3 2875 2874 2526
3 2526 2525 2875
3 2531 2875 2525
3 2876 2875 2531
3 2878 2877 2876
3 2879 2877 2878
3 2867 2879 2878
3 2866 2879 2867
3 2529 2876 2531
3 2878 2876 2529
3 2528 2878 2529
3 2867 2878 2528
3 2880 2881 678
3 2881 2882 683
3 677 2883 2884
3 678 2881 682
3 689 683 2882
3 2885 2886 687
3 683 682 2881
3 2882 2885 689
3 2883 2887 2884
3 681 2883 677
3 2874 2887 2883
3 2873 2887 2874
3 678 2884 2880
3 678 677 2884
3 681 2874 2883
3 681 2526 2874
3 687 689 2885
3 687 2886 692
3 2888 2889 1601
3 2888 1608 2890
3 1600 1608 2888
3 163 2888 165
3 2889 2888 163
3 1601 1600 2888
3 2888 2890 165
3 171 1605 2538
3 2890 1608 1605
3 165 2890 169
3 171 169 2890
3 171 2538 175
3 1605 602 2538
3 171 2890 1605
3 2891 1393 2892
3 2893 1388 1393
3 2894 2895 2896
3 2896 2893 2894
3 1394 1395 2897
3 2891 2894 2893
3 2891 2893 1393
3 1393 1394 2892
3 2898 1257 1381
3 2898 1381 1387
3 2898 1387 2896
3 1257 1258 1381
3 2898 2896 2895
3 2893 2896 1387
3 1387 1388 2893
3 2898 815 1257
3 2899 2900 2901
3 1407 1406 2900
3 2900 1406 2902
3 2903 2897 1396
3 2904 1402 2905
3 2902 1406 1402
3 2900 2902 2901
3 2901 2902 2906
3 2903 2907 2892
3 2892 2897 2903
3 2891 2892 2907
3 2897 2892 1394
3 2899 2903 1396
3 2899 1396 1407
3 2899 1407 2900
3 2897 1395 1396
3 2908 2909 2910
3 2909 1752 1751
3 2911 2909 2912
3 2911 2913 2905
3 2910 1758 2914
3 2908 2912 2909
3 1751 1757 2910
3 2909 1751 2910
3 2905 1412 1411
3 2906 2902 1402
3 2904 2906 1402
3 1402 1412 2905
3 1411 1752 2909
3 2905 1411 2909
3 2911 2905 2909
3 2904 2905 2913
3 2915 2916 2917
3 2916 1762 1760
3 2918 2914 1755
3 2918 1755 1762
3 61 2916 1760
3 1760 1761 62
3 61 1760 62
3 2918 2916 2915
3 2919 2914 2918
3 2908 2910 2920
3 2914 1758 1755
3 1757 1758 2910
3 2916 2918 1762
3 2919 2918 2915
3 2920 2910 2914
3 2919 2920 2914
3 62 1761 66
3 61 2917 2916
3 2921 792 789
3 788 792 2587
3 2587 792 2921
3 2922 2923 2924
3 2925 802 799
3 797 802 2926
3 2926 802 2925
3 2926 2925 2927
3 2927 2925 2928
3 2923 2926 2924
3 2924 2926 2927
3 2922 2929 796
3 2922 796 2923
3 2587 2921 2588
3 2588 2921 2929
3 796 797 2923
3 2923 797 2926
3 2929 2921 789
3 2929 789 796
3 2930 809 814
3 2931 807 809
3 2932 2933 2934
3 2932 2934 2931
3 2935 2930 814
3 814 813 2935
3 2936 2931 809
3 2930 2936 809
3 2928 2925 799
3 799 806 2934
3 2928 799 2934
3 2937 2928 2934
3 2932 2931 2936
3 2937 2934 2933
3 806 807 2934
3 2934 807 2931
3 2938 2939 2940
3 2940 2941 2938
3 2942 2943 2935
3 2942 2935 2944
3 2938 2941 2945
3 2946 2947 2939
3 2939 2938 2946
3 2942 2939 2947
3 2930 2935 2943
3 2948 2949 2936
3 2936 2930 2948
3 2932 2936 2949
3 2944 2940 2939
3 2942 2944 2939
3 2935 813 2944
3 2943 2948 2930
3 2778 2946 2938
3 2778 2938 2945
3 2945 2950 2772
3 2778 2945 2772
3 2773 2951 2776
3 2773 2772 2950
3 2950 2951 2773
3 1920 1915 110
3 1920 110 2563
3 1915 1914 107
3 107 109 1915
3 1921 1920 2563
3 1921 2563 2562
3 1921 2562 2952
3 1915 109 110
3 101 103 1910
3 105 107 1913
3 1913 107 1914
3 103 105 1910
3 1910 105 1913
3 2953 2568 2577
3 2953 2954 2566
3 2566 2568 2953
3 1936 1928 2955
3 1933 2577 2569
3 1937 1933 2569
3 1933 1936 2954
3 2954 2953 1933
3 2565 2566 2954
3 2562 2565 2952
3 2952 2565 2955
3 1921 2952 1927
3 2955 2954 1936
3 1928 1927 2952
3 2952 2955 1928
3 2954 2955 2565
3 1946 2956 1943
3 1940 2957 1946
3 2584 2578 2958
3 2958 2578 2959
3 1944 2959 1955
3 2956 2958 1943
3 1943 2958 1944
3 2957 2956 1946
3 1937 2569 2571
3 1940 1937 2571
3 1940 2571 2957
3 1933 2953 2577
3 2573 2584 2956
3 2956 2584 2958
3 2956 2957 2571
3 2571 2573 2956
3 2583 2585 2960
3 2961 2962 1951
3 1951 2962 1959
3 1950 2961 1951
3 1956 1959 2962
3 2962 2960 1956
3 2960 2585 2586
3 2960 2962 2583
3 2579 2582 2961
3 1950 2579 2961
3 2959 2578 2579
3 2958 2959 1944
3 2962 2961 2582
3 2582 2583 2962
3 1950 1955 2959
3 1950 2959 2579
3 1956 2960 2586
3 817 1956 2586
3 817 2586 2588
3 2963 2964 167
3 167 168 2965
3 2963 167 2965
3 2966 160 167
3 2967 2968 172
3 2967 172 179
3 2965 168 172
3 2963 2965 2968
3 2969 2966 167
3 2964 2969 167
3 2966 164 160
3 1425 182 185
3 1425 185 1511
3 2970 2971 2972
3 2972 2971 2973
3 1510 1511 185
3 185 190 1510
3 2973 2971 182
3 1425 2973 182
3 2974 2967 179
3 179 180 2970
3 2974 179 2970
3 2968 2965 172
3 2971 181 182
3 180 181 2970
3 2970 181 2971
3 2974 2970 2972
3 1512 191 193
3 190 191 1510
3 1510 191 1512
3 2975 2976 2977
3 2978 2979 2980
3 2981 2982 2983
3 2984 2979 2978
3 2985 2986 2987
3 2988 2987 2989
3 2986 2990 2991
3 2985 2992 2986
3 2992 2990 2986
3 2992 2983 2982
3 2982 2993 2992
3 2993 2990 2992
3 2994 2995 2996
3 2997 2988 2998
3 2988 2989 2998
3 2987 2986 2991
3 2987 2991 2989
3 2997 2998 2995
3 2994 2997 2995
3 2987 2988 2997
3 2999 3000 3001
3 3001 3002 2999
3 2999 3002 3003
3 3000 2999 3004
3 3000 2994 2996
3 3000 2996 3001
3 3005 3006 1032
3 3007 3008 3005
3 3009 3010 3011
3 3011 3010 3012
3 1035 3012 3013
3 1033 1032 3006
3 3006 3011 1033
3 3008 3006 3005
3 3004 2999 3003
3 3004 3003 3014
3 3007 3004 3014
3 3007 3014 3008
3 3015 3009 3006
3 3006 3009 3011
3 3014 3015 3008
3 3008 3015 3006
3 1039 3016 1037
3 3016 3017 3018
3 3016 3018 3019
3 3020 3016 3019
3 1038 1037 3016
3 1038 3016 3020
3 1038 3020 1354
3 3013 3016 1039
3 3012 3021 3017
3 1035 3013 1039
3 1035 1033 3011
3 1035 3011 3012
3 3012 3017 3013
3 3013 3017 3016
3 3017 3021 3018
3 3010 3021 3012
3 1354 3020 3022
3 1355 1354 3022
3 1355 3022 3023
3 3020 3019 3022
3 1356 1355 3023
3 3023 204 1356
3 1145 3024 1142
3 1306 1305 3025
3 3026 3027 1304
3 1304 1306 3026
3 1709 3027 1706
3 1712 3025 1713
3 1712 1706 3027
3 3027 3026 1712
3 3025 3026 1306
3 1711 1704 558
3 558 561 1711
3 559 558 1704
3 1709 1711 561
3 1709 561 563
3 1709 563 1304
3 1709 1304 3027
3 3028 1315 1317
3 919 1721 3029
3 3029 3028 919
3 1718 3029 1721
3 915 919 3028
3 915 3028 1317
3 915 1317 1323
3 915 1323 3030
3 1310 1313 3029
3 1718 1310 3029
3 3025 1305 1310
3 3026 3025 1712
3 3028 3029 1313
3 1313 1315 3028
3 1718 1713 3025
3 1718 3025 1310
3 922 3031 923
3 3031 1333 1329
3 921 3032 1326
3 921 1326 1333
3 925 923 3031
3 925 3031 1329
3 1329 1337 3033
3 925 1329 3033
3 3030 3032 921
3 915 3030 916
3 3032 3030 1323
3 1323 1324 3032
3 922 921 1333
3 922 1333 3031
3 3032 1324 1326
3 921 916 3030
3 928 3034 929
3 3035 1345 1348
3 3035 3034 3036
3 3036 1339 1345
3 933 3037 931
3 929 3034 3035
3 933 929 3035
3 933 3035 3037
3 3036 1336 1339
3 1337 1336 3033
3 3033 1336 3036
3 925 3033 926
3 3035 3036 1345
3 926 3033 3036
3 928 926 3036
3 928 3036 3034
3 2125 3038 1351
3 2125 1351 1352
3 3038 1349 1351
3 3037 3035 1348
3 3037 1348 1349
3 3038 3037 1349
3 2126 2125 1352
3 931 3037 3038
3 934 931 3038
3 934 3038 2125
3 3039 3040 415
3 3039 415 418
3 3039 418 3041
3 3040 3042 413
3 3041 418 419
3 3043 3041 419
3 3043 419 2157
3 3039 3041 3044
3 413 415 3040
3 412 413 3042
3 3045 3046 3047
3 3048 3049 3050
3 3051 2160 2167
3 3051 3046 2158
3 3046 3051 3052
3 3045 3047 3053
3 3050 3049 3046
3 3045 3050 3046
3 3044 3041 3043
3 3048 3044 3043
3 3048 3043 3049
3 3043 2157 2155
3 2158 2160 3051
3 3046 3049 3043
3 3046 3043 2155
3 3046 2155 2158
3 3054 3055 3056
3 3054 3056 3057
3 3058 3059 3055
3 3052 3060 3059
3 3061 3056 2171
3 3060 2168 2169
3 3054 3057 3062
3 3055 3059 3056
3 3052 3051 2167
3 3052 2167 2168
3 3060 3052 2168
3 3052 3047 3046
3 3059 3060 3056
3 3053 3047 3052
3 3058 3053 3052
3 3058 3052 3059
3 3063 2178 2181
3 3064 3063 2181
3 3062 3057 3063
3 3065 3062 3063
3 3066 3064 3067
3 3065 3068 3069
3 3064 2181 2184
3 3064 3068 3063
3 3056 3061 3063
3 3061 2171 2177
3 3056 3060 2169
3 3056 2169 2171
3 3065 3063 3068
3 3061 2177 3063
3 3063 2177 2178
3 3063 3057 3056
3 1001 2187 1006
3 1005 1001 1006
3 3070 3067 3071
3 1004 3070 3071
3 1001 3071 2187
3 3071 3067 2189
3 3066 3067 3070
3 3069 3068 3064
3 3066 3069 3064
3 1004 3071 1001
3 3071 2189 2187
3 3067 3064 2184
3 3067 2184 2189
3 3072 2420 2425
3 3072 3073 1192
3 1192 2420 3072
3 3073 3072 3074
3 2849 1187 1188
3 1193 1192 3073
3 3075 3076 3077
3 3075 3077 3078
3 2977 3076 3079
3 2430 2429 3076
3 3078 2428 2433
3 3080 3078 2433
3 3077 2429 2428
3 3075 3079 3076
3 3074 3072 2425
3 3074 2425 2426
3 2976 3074 2426
3 3076 2429 3077
3 2977 2976 2426
3 2426 2430 3076
3 2977 2426 3076
3 2980 2979 2437
3 2980 2437 2442
3 2980 2442 3081
3 3082 2432 2437
3 2980 3081 2981
3 3083 3081 2442
3 2442 2440 3083
3 2979 3082 2437
3 3075 3078 3084
3 3082 3080 2433
3 2433 2432 3082
3 3078 3077 2428
3 2979 2984 3080
3 3080 3082 2979
3 2984 3084 3078
3 3078 3080 2984
3 2991 2990 2444
3 2991 2444 3085
3 2993 3086 2438
3 2990 2993 2438
3 3087 2447 3088
3 2444 2448 3085
3 3085 2448 3087
3 2990 2446 2444
3 2440 2441 3083
3 3083 2441 3086
3 2982 2981 3081
3 3081 3083 2982
3 2990 2438 2446
3 2993 2982 3083
3 3083 3086 2993
3 3086 2441 2438
3 2996 3089 3090
3 3088 2453 3089
3 3089 2453 2450
3 3089 3091 3087
3 3090 2450 2452
3 3092 3090 2452
3 2995 3091 3089
3 2996 2995 3089
3 2998 3087 3091
3 2991 3085 2989
3 3088 2447 2453
3 2448 2447 3087
3 3087 3088 3089
3 2998 3091 2995
3 2989 3085 3087
3 2998 2989 3087
3 3090 3089 2450
3 3093 3094 3095
3 1970 1974 3096
3 3096 3097 1970
3 1974 1973 3098
3 3097 3095 1969
3 3099 3095 3094
3 3100 3095 3099
3 3095 3097 3093
3 3101 3100 3102
3 3100 1969 3095
3 1968 1969 3100
3 1969 1970 3097
3 3102 3100 3099
3 3103 3104 3105
3 3104 1977 1975
3 3106 1975 1980
3 3106 3107 1975
3 3104 3103 1978
3 3108 3103 3105
3 3098 3103 3108
3 3105 3104 3107
3 3108 3109 3096
3 3098 1978 3103
3 1973 1978 3098
3 1978 1977 3104
3 3098 3096 1974
3 3097 3096 3109
3 3109 3093 3097
3 3096 3098 3108
3 3110 3111 3112
3 3112 3113 3110
3 3112 3114 3115
3 3111 3114 3112
3 3114 3111 1984
3 3114 1990 3116
3 1985 1990 3114
3 3116 1990 1986
3 3117 3110 3113
3 1979 1984 3111
3 3111 3110 1979
3 1984 1985 3114
3 3107 3104 1975
3 3117 1979 3110
3 3117 1980 1979
3 3117 3106 1980
3 3118 3119 3120
3 3118 3121 3122
3 3123 3121 3118
3 3121 1993 1994
3 3123 3120 1988
3 3123 1993 3121
3 1991 1993 3123
3 3120 3123 3118
3 3124 3125 1986
3 3125 3116 1986
3 3124 3120 3119
3 1988 1991 3123
3 3115 3116 3125
3 3114 3116 3115
3 3124 1988 3120
3 3124 1986 1988
3 2101 487 2102
3 1996 487 2101
3 2105 1996 2101
3 2105 3121 1996
3 3121 1994 1996
3 2105 3122 3121
3 3126 2591 2595
3 3127 3128 2130
3 2130 2129 3127
3 3127 2595 2597
3 2127 3126 2133
3 2129 2133 3127
3 2133 3126 3127
3 3126 2595 3127
3 1350 2598 3126
3 2598 2592 3126
3 2127 1352 1350
3 3126 2592 2591
3 1350 1353 2598
3 2127 1350 3126
3 2144 3129 3130
3 2144 2143 3129
3 2143 3131 3129
3 3129 2599 2602
3 3129 3131 2599
3 3131 2607 2599
3 3131 3132 2607
3 2145 3131 2143
3 2130 3128 2138
3 2145 3132 3131
3 2145 2138 3132
3 2138 3128 3132
3 3132 3128 2606
3 3128 2597 2606
3 3128 3127 2597
3 3132 2606 2607
3 3133 2605 3134
3 3135 2605 3133
3 2148 3136 2153
3 3133 3136 2148
3 2144 3130 2147
3 2148 2147 3133
3 2147 3135 3133
3 2147 3130 3135
3 3135 3130 2603
3 3130 2602 2603
3 3130 3129 2602
3 3135 2603 2605
3 2153 3136 2154
3 3137 3138 2307
3 1089 1087 3139
3 3139 3138 1089
3 3139 1087 1090
3 3137 1089 3138
3 1088 1089 3137
3 2311 3137 2307
3 2307 3138 2308
3 2311 1088 3137
3 2311 2312 1088
3 1102 1105 1867
3 1867 3140 1102
3 2318 3141 2319
3 2319 3142 2316
3 3141 1101 3142
3 1096 1101 3141
3 1101 1102 3140
3 3140 3142 1101
3 2313 2305 3139
3 2318 1096 3141
3 2318 1095 1096
3 2318 2313 1095
3 2308 3139 2305
3 3138 3139 2308
3 2313 1090 1095
3 2313 3139 1090
3 1107 1106 1868
3 3140 1867 2320
3 1105 1107 1868
3 1868 1867 1105
3 1868 1106 1872
3 3141 3142 2319
3 3142 3140 2320
3 2320 2316 3142
3 2320 1867 1870
3 2588 2929 3143
3 818 817 2588
3 3143 2929 2922
3 818 3143 821
3 818 2588 3143
3 832 3144 3145
3 832 828 3144
3 832 3146 833
3 3145 2928 2937
3 2927 2928 3144
3 3147 3144 828
3 828 824 3147
3 832 3145 3146
3 823 3147 824
3 3147 2927 3144
3 2924 2927 3147
3 3144 2928 3145
3 823 2924 3147
3 823 2922 2924
3 823 821 2922
3 821 3143 2922
3 3148 3149 2949
3 3148 2943 3150
3 2948 2943 3148
3 3149 3148 845
3 2932 2949 3149
3 838 837 3151
3 838 3149 842
3 2949 2948 3148
3 3146 3151 837
3 837 833 3146
3 838 3151 3149
3 3151 2932 3149
3 3151 3146 2933
3 3146 2937 2933
3 3146 3145 2937
3 3151 2933 2932
3 2947 2946 3152
3 3152 3153 2947
3 3152 2946 2778
3 848 3154 850
3 3150 2943 2942
3 3153 3154 2947
3 3154 3150 2947
3 3150 2942 2947
3 845 842 3149
3 848 3150 3154
3 848 3148 3150
3 848 845 3148
3 2944 2898 3155
3 2898 2895 3155
3 2944 812 2898
3 2944 813 812
3 812 815 2898
3 2945 3156 2950
3 2950 3157 2951
3 3156 3157 2950
3 3157 2903 2899
3 2945 2941 2891
3 2941 3158 2891
3 3156 2903 3157
3 2907 2903 3156
3 3155 3158 2941
3 2941 2940 3155
3 2945 2891 3156
3 2891 2907 3156
3 2895 2894 3158
3 3158 3155 2895
3 3158 2894 2891
3 2944 3155 2940
3 3159 3160 2913
3 3160 2904 2913
3 3160 3161 2904
3 3159 2913 2911
3 2781 3162 3160
3 3162 3161 3160
3 2781 2780 3162
3 2781 3160 2795
3 3162 2906 3161
3 2901 2906 3162
3 3161 2906 2904
3 2776 3162 2780
3 2776 2899 3162
3 2899 2901 3162
3 2776 3157 2899
3 2776 2951 3157
3 3163 2920 2919
3 2788 3163 2790
3 2805 2919 2915
3 2805 2790 2919
3 2788 2908 3163
3 2908 2920 3163
3 2788 2783 2908
3 2783 3164 2908
3 2792 2797 2911
3 2797 3159 2911
3 2792 3164 2783
3 3164 2912 2908
3 3160 3159 2797
3 2797 2795 3160
3 2792 2912 3164
3 2792 2911 2912
3 652 2917 61
3 2790 3163 2919
3 651 2915 652
3 2915 2917 652
3 651 2805 2915
3 118 117 3165
3 3165 2548 118
3 3165 117 119
3 2417 3165 3166
3 3167 3168 2419
3 2419 2416 3167
3 944 3168 3169
3 3168 3170 3169
3 3167 128 3168
3 127 128 3167
3 3168 129 3170
3 128 129 3168
3 3167 3166 3165
3 2417 3166 2415
3 2415 3167 2416
3 3166 3167 2415
3 2417 2548 3165
3 2417 2414 2548
3 3167 119 127
3 3167 3165 119
3 955 954 3171
3 955 3172 957
3 143 144 3173
3 3173 3172 143
3 954 945 3169
3 955 136 3172
3 136 143 3172
3 955 3171 136
3 3169 130 135
3 3169 3170 130
3 3171 135 136
3 3169 3171 954
3 944 2419 3168
3 944 3169 945
3 3170 129 130
3 3171 3169 135
3 2014 2013 152
3 2013 149 152
3 2013 3174 149
3 2014 157 2019
3 3174 147 149
3 967 3174 2013
3 967 3175 3174
3 967 959 3175
3 958 3175 959
3 3173 3175 958
3 145 147 3174
3 3174 3175 145
3 3173 145 3175
3 144 145 3173
3 957 3173 958
3 3172 3173 957
3 152 157 2014
3 2019 157 158
3 2452 2686 3092
3 3176 2686 2688
3 2698 2694 3177
3 2694 2693 3178
3 2996 3090 3001
3 3090 3092 3002
3 3002 3001 3090
3 3092 2686 3176
3 2707 2708 3179
3 3180 2698 3177
3 3180 3181 2698
3 3181 2708 2698
3 3003 3182 3014
3 3014 3179 3015
3 3182 3179 3014
3 3179 2708 3181
3 3003 3002 3092
3 3179 2688 2707
3 3179 3182 2688
3 3182 3176 2688
3 3178 3177 2694
3 3178 2693 2691
3 3003 3092 3182
3 3092 3176 3182
3 3183 3184 3185
3 3018 3021 3183
3 3184 2699 2701
3 3186 3185 2703
3 3183 3178 2691
3 3010 3183 3021
3 3180 3183 3010
3 3018 3183 3185
3 3177 3178 3183
3 3183 3180 3177
3 3184 3183 2699
3 3183 2691 2699
3 3015 3181 3009
3 3179 3181 3015
3 3009 3180 3010
3 3181 3180 3009
3 204 3023 3187
3 201 3187 2704
3 3187 3186 2704
3 3022 3187 3023
3 3187 201 204
3 3022 3186 3187
3 3022 3185 3186
3 3022 3019 3185
3 201 2704 198
3 3185 2701 2703
3 3185 3184 2701
3 3186 2703 2704
3 3018 3185 3019
3 3024 1907 1906
3 1922 1930 3188
3 3189 1930 1924
3 3190 3191 1152
3 1152 1149 3190
3 3191 3190 1917
3 1923 1922 3188
3 3188 3191 1923
3 3188 1930 3189
3 1147 1143 1917
3 1143 1918 1917
3 1147 3190 1149
3 1917 1923 3191
3 1143 1906 1918
3 1143 3024 1906
3 1143 1142 3024
3 1147 1917 3190
3 1164 3192 1166
3 1166 3193 1170
3 3192 3193 1166
3 3193 1939 3194
3 1164 1161 1934
3 1161 1926 1934
3 3192 1941 3193
3 1934 1941 3192
3 1161 1924 1926
3 1161 1160 1924
3 1160 3189 1924
3 1164 1934 3192
3 3191 3188 1157
3 1157 1152 3191
3 1157 3189 1160
3 3188 3189 1157
3 3195 3196 1172
3 3196 3197 2623
3 2623 2622 3196
3 3197 1945 1942
3 3196 3195 1938
3 3196 1945 3197
3 1947 1945 3196
3 1172 3196 2622
3 3193 3194 1170
3 1168 3195 1172
3 3194 3195 1168
3 1938 1947 3196
3 1941 1939 3193
3 1939 1938 3195
3 3195 3194 1939
3 1170 3194 1168
3 2620 3198 2631
3 3199 3198 2620
3 2624 1962 3200
3 2624 2631 1962
3 3198 1949 1960
3 2617 3201 2618
3 3201 3199 2620
3 2620 2618 3201
3 1953 1952 3199
3 3199 3201 1953
3 3199 1949 3198
3 1952 1949 3199
3 2617 1953 3201
3 2617 1942 1953
3 2617 2623 1942
3 2623 3197 1942
3 2074 2079 3202
3 2259 2634 2074
3 2259 480 2634
3 2079 2080 3203
3 3200 3204 2625
3 2628 2067 2071
3 3204 2067 2628
3 2259 2074 3202
3 1962 1961 3200
3 1961 819 2067
3 2067 3204 1961
3 2625 3204 2628
3 2631 1960 1962
3 2631 3198 1960
3 2624 3200 2625
3 3200 1961 3204
3 2264 3205 2267
3 3205 3206 2268
3 2268 2267 3205
3 2273 2086 3207
3 2264 2263 3203
3 3205 2083 3206
3 2082 2083 3205
3 3206 2083 2084
3 3203 2080 2076
3 2264 2082 3205
3 2264 2076 2082
3 2264 3203 2076
3 3203 3202 2079
3 2259 3202 2260
3 3202 3203 2263
3 2263 2260 3202
3 3208 3209 2270
3 2275 2094 2095
3 2275 2278 2094
3 2278 3209 2094
3 3208 2090 3209
3 2088 2090 3208
3 3209 2090 2094
3 2270 3209 2278
3 3208 3207 2086
3 2273 3207 2269
3 3207 3208 2270
3 2270 2269 3207
3 2273 2084 2086
3 2273 3206 2084
3 2273 2268 3206
3 2086 2088 3208
3 2219 2216 2287
3 2287 2283 2219
3 2287 2218 2289
3 2216 2218 2287
3 3210 3211 2281
3 2283 2282 2219
3 2282 3211 2219
3 3211 2212 2219
3 2097 2096 3210
3 3211 2096 2212
3 2276 3210 2281
3 2281 3211 2282
3 2276 2097 3210
3 2276 2095 2097
3 2276 2275 2095
3 3210 2096 3211
3 2294 2292 3212
3 2294 2362 1782
3 2291 3212 2292
3 2294 3212 2362
3 3212 2223 2362
3 2223 2229 2362
3 2291 2289 3212
3 2289 2218 3212
3 2218 2224 3212
3 3212 2224 2223
3 723 2846 1466
3 2846 2848 1471
3 1471 1466 2846
3 1472 2122 3213
3 1480 3214 2475
3 2484 2485 3215
3 3215 3216 2484
3 3215 2485 2480
3 3214 2123 2475
3 1486 2475 3216
3 2475 2484 3216
3 1486 1480 2475
3 3214 3213 2122
3 1472 3213 1475
3 3213 3214 1480
3 1480 1475 3213
3 1472 2118 2122
3 1472 1471 2118
3 1471 2848 2118
3 2122 2123 3214
3 3217 3218 1491
3 1491 1488 3217
3 3218 2482 2495
3 1493 2495 3219
3 2481 2482 3218
3 3218 3217 2481
3 3220 3217 1488
3 1488 1490 3220
3 1483 3220 1490
3 3217 2480 2481
3 3217 3215 2480
3 3217 3220 3215
3 1486 3216 1482
3 1483 3215 3220
3 1483 1482 3215
3 1482 3216 3215
3 3221 3222 3223
3 1497 1496 3221
3 3224 2493 2496
3 3224 3222 2493
3 1493 3219 1498
3 1498 3221 1496
3 3219 3221 1498
3 1497 3221 3223
3 2488 2491 3219
3 3221 2492 3222
3 2491 2492 3221
3 3222 2492 2493
3 2495 2488 3219
3 1493 3218 2495
3 1493 1491 3218
3 3219 2491 3221
3 1506 3225 1505
3 1507 3225 3226
3 3225 2503 3226
3 3225 2502 2503
3 3224 3227 3225
3 1506 1500 3224
3 3225 2499 2502
3 3227 2499 3225
3 3224 2498 3227
3 2496 2498 3224
3 3227 2498 2499
3 1506 3224 3225
3 3224 3223 3222
3 1497 3223 1502
3 1502 3224 1500
3 3223 3224 1502
3 2520 2527 880
3 880 875 2520
3 880 2530 881
3 2527 2530 880
3 1259 1262 2508
3 730 2518 871
3 871 2520 875
3 2518 2520 871
3 3226 2507 1262
3 2507 2508 1262
3 1265 1508 3226
3 2508 1260 1259
3 1507 1505 3225
3 1507 3226 1508
3 3226 2503 2507
3 1265 3226 1262
3 3228 681 680
3 3228 3229 681
3 3229 2523 681
3 680 679 3230
3 888 3231 889
3 3232 3231 888
3 889 3229 896
3 3231 3229 889
3 3232 2524 3231
3 2532 2524 3232
3 2524 2523 3229
3 3229 3231 2524
3 886 2532 3232
3 886 881 2532
3 881 2530 2532
3 886 3232 888
3 905 902 3233
3 684 690 3234
3 3234 3235 684
3 3234 690 686
3 3235 3233 685
3 3230 3233 902
3 902 899 3230
3 3233 3235 905
3 899 894 3228
3 679 685 3233
3 3233 3230 679
3 685 684 3235
3 3230 3228 680
3 896 3228 894
3 3229 3228 896
3 3228 3230 899
3 910 3234 686
3 910 906 3234
3 910 2709 516
3 3235 3234 906
3 906 905 3235
3 910 686 2709
3 686 694 2709
3 2963 2968 3236
3 1179 3237 2963
3 1180 3236 1182
3 650 3237 1179
3 1180 1179 3236
3 1179 2963 3236
3 1417 2973 1425
3 1186 3238 1189
3 3238 1416 1194
3 1194 1189 3238
3 3238 2974 2972
3 3238 3239 2974
3 2972 2973 1417
3 1417 1416 2972
3 1186 3236 3238
3 3236 3239 3238
3 1186 1182 3236
3 1416 3238 2972
3 2968 2967 3239
3 3239 3236 2968
3 3239 2967 2974
3 2774 2779 3240
3 3240 2779 3241
3 866 3241 3242
3 861 3240 865
3 2778 2774 3240
3 861 2778 3240
3 861 856 3152
3 861 3152 2778
3 855 850 3154
3 3154 3153 855
3 856 855 3153
3 3153 3152 856
3 2328 2326 3243
3 3243 3244 2328
3 2328 2786 2782
3 2329 2328 2782
3 3244 2796 2786
3 3244 3243 2794
3 2326 868 3242
3 3242 3243 2326
3 3243 3242 2775
3 3243 2775 2794
3 2794 2796 3244
3 3242 3241 2775
3 865 3240 3241
3 866 865 3241
3 3241 2779 2775
3 866 3242 868
3 3245 2799 2798
3 2341 3245 2343
3 2346 2343 2798
3 2346 2798 2802
3 2341 2800 3245
3 2789 2800 2337
3 2341 2338 2800
3 2800 2799 3245
3 2793 2789 2337
3 2787 2793 2332
3 2337 2800 2338
3 2337 2333 2793
3 2782 2787 2332
3 2328 3244 2786
3 2332 2793 2333
3 2332 2329 2782
3 2354 2353 3246
3 2349 3247 2807
3 2808 2813 3246
3 2353 2808 3246
3 3248 2809 3247
3 3247 2809 2807
3 2349 2807 2808
3 2353 2349 2808
3 2348 2347 3248
3 3248 3247 2348
3 3248 2814 2809
3 2348 3247 2349
3 2347 2802 3248
3 2343 3245 2798
3 2347 2346 2802
3 2802 2814 3248
3 2360 1771 1127
3 2360 3249 1771
3 2355 3249 2356
3 2360 2356 3249
3 3249 1772 1771
3 2359 3246 2811
3 2359 2811 2815
3 2815 1114 3249
3 3249 1114 1772
3 2354 3246 2359
3 3246 2813 2811
3 2355 2359 2815
3 2355 2815 3249
3 2864 3250 2871
3 3251 3250 3102
3 2870 2871 3250
3 3250 3251 2870
3 2864 3102 3250
3 3102 3099 3251
3 3252 3253 2866
3 2866 3253 2879
3 3253 3254 2879
3 2879 3254 2877
3 2868 2870 3251
3 3251 3255 2868
3 3255 3252 2868
3 2868 3252 2866
3 3253 3252 3093
3 3093 3109 3253
3 3254 3253 3109
3 3109 3108 3254
3 3099 3094 3251
3 3251 3094 3255
3 3094 3093 3255
3 3255 3093 3252
3 2884 3113 3256
3 3257 3258 2873
3 2884 2887 3117
3 2884 3117 3113
3 3259 3257 2873
3 2872 2877 3254
3 2873 3258 2887
3 2873 2872 3259
3 3258 3257 3107
3 3107 3106 3258
3 3254 3259 2872
3 3258 3106 3117
3 3108 3105 3254
3 3254 3105 3259
3 3105 3107 3259
3 3259 3107 3257
3 3260 3261 2885
3 3261 3125 3124
3 2886 3124 3119
3 2885 2882 3260
3 3262 3260 2881
3 2881 3260 2882
3 3115 3125 3260
3 3260 3125 3261
3 3112 3115 3262
3 3262 3115 3260
3 2881 2880 3256
3 3256 3262 2881
3 2884 3256 2880
3 2887 3258 3117
3 3262 3256 3113
3 3113 3112 3262
3 2840 3122 2839
3 692 2886 3119
3 2839 3122 2105
3 3118 3122 2840
3 2885 3261 3124
3 2886 2885 3124
3 692 3119 3118
3 692 3118 2840
3 121 2666 3263
3 2660 2664 112
3 121 115 2664
3 121 2664 2666
3 2658 2660 112
3 112 2664 115
3 112 111 2658
3 3264 3265 1689
3 3264 1689 1692
3 3264 1694 3266
3 3265 3267 1689
3 126 3267 3265
3 3267 1691 1689
3 124 3268 3267
3 126 124 3267
3 124 123 3263
3 3263 3268 124
3 3267 3268 1686
3 1686 1691 3267
3 3268 3263 1684
3 3268 1684 1686
3 121 3263 123
3 3263 2666 1684
3 141 140 3269
3 3269 3270 141
3 146 1701 3271
3 3270 1700 1698
3 3269 1695 1700
3 3270 3269 1700
3 138 3269 140
3 3269 3266 1695
3 138 3266 3269
3 3265 3264 132
3 138 133 3264
3 138 3264 3266
3 3266 1694 1695
3 1692 1694 3264
3 132 3264 133
3 126 3265 132
3 155 1705 1716
3 153 151 3272
3 153 3273 1705
3 155 153 1705
3 3271 3272 151
3 146 3271 148
3 3272 3273 153
3 151 148 3271
3 1702 1708 3273
3 3272 3271 1701
3 3273 1708 1705
3 3273 3272 1702
3 146 3270 1698
3 146 1698 1701
3 1701 1702 3272
3 146 141 3270
3 296 302 299
3 295 567 3274
3 1723 302 296
3 295 1719 296
3 3274 1720 1719
3 295 3274 1719
3 1719 1723 296
3 564 3275 566
3 3274 3275 1717
3 567 566 3275
3 3275 3274 567
3 564 1716 1717
3 564 1717 3275
3 1717 1720 3274
3 564 155 1716
3 650 649 2969
3 2969 2964 3237
3 2702 2706 3276
3 3237 2964 2963
3 646 2969 649
3 650 2969 3237
3 3277 3039 3044
3 3278 3279 3280
3 3277 3278 3281
3 3277 3281 3039
3 3281 3280 3042
3 3042 3040 3281
3 3280 3281 3278
3 3281 3040 3039
3 2702 3276 2705
3 2705 3276 3282
3 3276 3280 3282
3 3282 3280 3279
3 3280 412 3042
3 2696 2706 2702
3 3276 2706 412
3 3280 3276 412
3 3283 3277 3050
3 3284 3283 3050
3 3284 3050 3045
3 3277 3048 3050
3 3283 3285 212
3 208 3278 3277
3 3277 3044 3048
3 212 210 3283
3 3279 3278 202
3 202 3278 208
3 210 208 3277
3 210 3277 3283
3 199 198 2705
3 2705 3282 199
3 202 199 3282
3 3282 3279 202
3 225 3286 3287
3 222 3288 224
3 224 3288 3286
3 225 224 3286
3 217 3285 3289
3 222 217 3289
3 3286 3288 3289
3 3289 3290 3286
3 3290 3053 3058
3 3289 3284 3045
3 222 3289 3288
3 212 3285 217
3 3289 3285 3283
3 3283 3284 3289
3 3289 3045 3053
3 3290 3289 3053
3 3291 3292 3293
3 229 3287 3291
3 233 3294 235
3 3293 3294 3291
3 225 3287 229
3 3291 3295 3054
3 229 3291 3294
3 233 229 3294
3 3286 3295 3287
3 3287 3295 3291
3 3291 3054 3062
3 3292 3291 3062
3 3286 3058 3055
3 3295 3286 3055
3 3295 3055 3054
3 3286 3290 3058
3 2726 3296 3066
3 2724 2726 3066
3 242 243 2727
3 2724 3070 1004
3 2728 3296 2726
3 3296 3069 3066
3 2724 3066 3070
3 3293 3296 2728
3 3296 3293 3069
3 3292 3062 3065
3 3293 3292 3065
3 3293 3065 3069
3 236 3294 3293
3 236 3293 2728
3 236 2728 243
3 236 235 3294
3 1637 1635 3297
3 3297 3298 1637
3 3298 2736 2737
3 3299 3298 2737
3 3300 3301 3298
3 1634 248 246
3 1634 3297 1635
3 3298 3297 3300
3 3301 2731 2736
3 3301 3300 2729
3 246 3300 3297
3 1634 246 3297
3 3300 242 2727
3 3300 2727 2729
3 2729 2731 3301
3 3300 246 242
3 1652 3302 1650
3 1651 3303 3304
3 3305 3304 2740
3 3305 2740 2742
3 1645 3303 1651
3 3304 2739 2740
3 1652 1651 3304
3 1652 3304 3302
3 3304 2732 2739
3 1645 1637 3298
3 3303 3299 2732
3 3304 3303 2732
3 3299 2737 2732
3 3298 3301 2736
3 3298 3299 3303
3 1645 3298 3303
3 2750 2749 3306
3 1662 3307 1661
3 3306 3307 2750
3 1656 3308 3307
3 1662 1656 3307
3 3308 2747 2750
3 3308 2750 3307
3 3308 2743 2747
3 3302 3305 3308
3 1653 3308 1656
3 3305 2743 3308
3 3305 2742 2743
3 3305 3302 3304
3 1650 3302 3308
3 1653 1650 3308
3 3306 2749 2753
3 3307 3306 1661
3 1661 3306 1663
3 1266 2818 3309
3 1270 1266 3309
3 3310 2821 2818
3 1266 3310 2818
3 1260 2505 2817
3 1261 1260 2817
3 1261 3310 1266
3 3310 2826 2821
3 2505 1866 2817
3 1261 2817 2826
3 1261 2826 3310
3 3311 3312 2824
3 3311 2824 2831
3 1280 3313 1284
3 1277 3311 1280
3 1277 1274 3312
3 1277 3312 3311
3 3313 3311 2831
3 1274 3314 3312
3 3314 3309 2822
3 3314 2822 2823
3 1271 3314 1274
3 3312 2823 2824
3 1271 1270 3309
3 3309 3314 1271
3 3312 3314 2823
3 3309 2818 2822
3 3315 2835 3316
3 1291 3315 1294
3 3316 2835 2838
3 2837 2835 3315
3 3317 2832 3315
3 1291 3317 3315
3 1291 1290 3317
3 2832 2837 3315
3 1284 3313 2829
3 1284 2829 2830
3 1285 3317 1290
3 3317 2830 2832
3 3313 2831 2829
3 3311 3313 1280
3 1284 2830 3317
3 1285 1284 3317
3 3318 3316 2838
3 1297 3318 1301
3 1294 3315 3318
3 1297 1294 3318
3 3315 3316 3318

CELL_DATA 6386
SCALARS longitude float 1
LOOKUP_TABLE default
288.4460144042969
288.3169860839844
288.10101318359375
289.052001953125
288.8330078125
288.7019958496094
289.09600830078125
289.42498779296875
289.21600341796875
290.0320129394531
289.8320007324219
289.7239990234375
289.4739990234375
289.3009948730469
289.7720031738281
290.3590087890625
290.177001953125
290.0150146484375
290.8110046386719
290.80499267578125
290.97100830078125
290.6159973144531
291.0610046386719
291.18701171875
291.7080078125
291.61700439453125
291.4729919433594
291.27099609375
292.0849914550781
291.8659973144531
291.77099609375
292.1610107421875
291.9580078125
292.37298583984375
292.8940124511719
292.7909851074219
292.66400146484375
292.4440002441406
293.2409973144531
293.0190124511719
292.95599365234375
293.30999755859375
293.1260070800781
293.7489929199219
293.54400634765625
293.9590148925781
293.85400390625
293.6300048828125
294.3009948730469
294.39300537109375
294.07000732421875
294.0840148925781
294.91900634765625
294.71600341796875
295.1830139160156
294.5220031738281
295.0469970703125
294.8179931640625
295.531005859375
295.5979919433594
295.2980041503906
295.2640075683594
295.6789855957031
296.07000732421875
295.84600830078125
296.5360107421875
296.3819885253906
296.1549987792969
296.0169982910156
296.6510009765625
296.5429992675781
305.10400390625
305.69000244140625
305.5610046386719
305.6889953613281
305.3110046386719
306.1910095214844
305.9649963378906
305.9159851074219
306.3179931640625
306.0889892578125
306.39801025390625
306.8340148925781
306.85101318359375
306.5840148925781
306.6050109863281
307.3840026855469
307.1679992675781
307.05499267578125
307.4800109863281
307.37200927734375
307.552001953125
308.17498779296875
308.010986328125
307.8330078125
307.64801025390625
308.5539855957031
308.3500061035156
308.2539978027344
308.6629943847656
308.4389953613281
308.7250061035156
309.135986328125
309.16400146484375
308.97100830078125
308.82000732421875
309.468994140625
309.4219970703125
309.86700439453125
309.87701416015625
309.7149963378906
309.6860046386719
310.1969909667969
310.2080078125
310.4630126953125
310.43701171875
283.7650146484375
284.17999267578125
283.9630126953125
284.7309875488281
284.52099609375
285.2569885253906
285.0899963378906
285.5989990234375
291.94500732421875
291.8009948730469
292.56500244140625
292.3970031738281
292.11700439453125
291.968994140625
292.9949951171875
292.77801513671875
292.5060119628906
292.947998046875
293.4519958496094
293.24798583984375
293.1919860839844
294.010986328125
293.7460021972656
294.3659973144531
293.0780029296875
293.5090026855469
293.2760009765625
294.16900634765625
293.8949890136719
294.6189880371094
294.6789855957031
294.875
294.4230041503906
295.4179992675781
295.14599609375
294.9460144042969
295.8059997558594
295.572998046875
295.3110046386719
295.7309875488281
296.25201416015625
296.0450134277344
296.0140075683594
296.75799560546875
296.59698486328125
295.9010009765625
296.33099365234375
296.1449890136719
296.9179992675781
296.7650146484375
297.14599609375
297.6499938964844
297.5119934082031
297.2309875488281
298.00201416015625
298.1109924316406
297.81500244140625
298.3070068359375
298.7049865722656
298.5669860839844
299.35699462890625
299.1300048828125
298.91400146484375
298.6679992675781
299.7229919433594
299.43798828125
299.32000732421875
280.3659973144531
280.5379943847656
280.1510009765625
281.2179870605469
280.9849853515625
280.625
281.2699890136719
281.0299987792969
281.8680114746094
281.6419982910156
282.0989990234375
282.1310119628906
281.87298583984375
281.68701171875
282.5920104980469
282.4049987792969
282.14599609375
283.25201416015625
283.0459899902344
283.56201171875
282.1820068359375
282.6759948730469
282.4670104980469
283.33099365234375
283.14801025390625
283.9440002441406
284.0570068359375
283.72601318359375
283.614990234375
284.15399169921875
284.6929931640625
284.4389953613281
285.31500244140625
285.1159973144531
284.75
284.552001953125
285.4339904785156
285.17498779296875
285.6990051269531
286.14801025390625
286.197998046875
285.87701416015625
285.77899169921875
286.77099609375
286.5050048828125
300.06298828125
299.9750061035156
300.75299072265625
300.447998046875
300.4280090332031
300.1319885253906
301.1669921875
300.8529968261719
300.7550048828125
301.3819885253906
301.0899963378906
301.6310119628906
301.66900634765625
301.35699462890625
302.0899963378906
301.8009948730469
301.35101318359375
301.9580078125
301.97601318359375
301.6600036621094
302.5069885253906
302.3630065917969
302.4179992675781
302.28900146484375
303.125
302.8890075683594
302.62298583984375
303.28900146484375
302.97601318359375
303.60699462890625
303.3970031738281
303.3689880371094
303.9129943847656
303.8429870605469
303.8529968261719
303.5329895019531
304.5780029296875
304.2590026855469
304.2720031738281
304.3710021972656
304.2569885253906
304.7770080566406
304.718994140625
304.82598876953125
305.57598876953125
305.31201171875
305.0249938964844
305.8269958496094
304.656005859375
305.468994140625
305.1570129394531
304.864990234375
305.6289978027344
305.8810119628906
305.5570068359375
306.4949951171875
306.2359924316406
305.99700927734375
306.468994140625
306.1650085449219
305.85198974609375
306.8580017089844
306.5320129394531
306.6180114746094
307.135986328125
306.8210144042969
309.7619934082031
309.51800537109375
309.9320068359375
310.14801025390625
309.91900634765625
309.67498779296875
310.3840026855469
310.17498779296875
310.2829895019531
310.2619934082031
284.2250061035156
284.6260070800781
284.4739990234375
284.25799560546875
285.2560119628906
285.0710144042969
284.8819885253906
285.2909851074219
285.6549987792969
285.44500732421875
286.19500732421875
285.99798583984375
285.6929931640625
285.5010070800781
286.2510070800781
286.04400634765625
286.5419921875
286.9440002441406
286.7690124511719
286.6289978027344
287.3590087890625
287.1310119628906
287.7309875488281
287.8580017089844
287.5559997558594
288.39801025390625
288.25201416015625
287.9639892578125
288.4840087890625
288.3219909667969
288.92999267578125
288.781005859375
289.47698974609375
289.2829895019531
289.99798583984375
289.8089904785156
290.3030090332031
301.3739929199219
302.1700134277344
301.8869934082031
301.7650146484375
302.2919921875
301.9880065917969
302.60101318359375
302.322998046875
302.0979919433594
303.1730041503906
302.9419860839844
302.7560119628906
302.4989929199219
303.2969970703125
303.28900146484375
303.09600830078125
303.35198974609375
303.9849853515625
303.7090148925781
303.4679870605469
304.27301025390625
303.625
304.1130065917969
303.9849853515625
304.82000732421875
304.7969970703125
304.5350036621094
304.50299072265625
305.02899169921875
305.0459899902344
305.77398681640625
305.5690002441406
305.3429870605469
305.1759948730469
305.9150085449219
306.1159973144531
305.8739929199219
306.6059875488281
306.3380126953125
306.05499267578125
306.27301025390625
306.802001953125
306.7349853515625
306.5459899902344
306.77801513671875
307.1719970703125
306.9079895019531
307.1440124511719
307.7099914550781
307.4930114746094
307.5820007324219
307.7669982910156
308.2309875488281
308.0830078125
308.0150146484375
308.72698974609375
308.4339904785156
308.3349914550781
308.87200927734375
310.53399658203125
309.5060119628906
310.01800537109375
309.7380065917969
310.5329895019531
310.510986328125
310.3380126953125
311.18499755859375
310.9219970703125
311.47100830078125
311.2070007324219
311.0090026855469
310.7829895019531
311.7040100097656
311.4630126953125
311.57501220703125
311.2669982910156
312.0610046386719
311.7550048828125
311.9330139160156
312.1889953613281
312.2650146484375
311.9949951171875
311.843994140625
311.8659973144531
312.4989929199219
312.1910095214844
312.2669982910156
312.6520080566406
312.5570068359375
293.5679931640625
293.3039855957031
293.84698486328125
293.5880126953125
293.66400146484375
293.364990234375
294.3590087890625
294.2409973144531
293.9440002441406
295.00201416015625
294.7120056152344
295.59100341796875
295.4049987792969
293.9150085449219
294.5060119628906
294.3299865722656
295.1940002441406
294.9159851074219
295.9519958496094
295.65301513671875
295.5270080566406
296.07000732421875
295.9540100097656
297.4739990234375
297.7279968261719
296.47601318359375
296.36700439453125
296.0669860839844
297.0820007324219
296.7919921875
296.60198974609375
296.3970031738281
297.1990051269531
296.9830017089844
297.58099365234375
297.48699951171875
297.1940002441406
298.24200439453125
298.13299560546875
297.83599853515625
297.84698486328125
297.59100341796875
298.45098876953125
298.3160095214844
298.7909851074219
298.656005859375
299.4280090332031
299.2590026855469
299.0329895019531
298.93798828125
299.8009948730469
299.50201416015625
299.4110107421875
299.7539978027344
300.29400634765625
300.1830139160156
299.8840026855469
300.9389953613281
300.6730041503906
301.20599365234375
284.0559997558594
283.8550109863281
284.0979919433594
284.5849914550781
283.9020080566406
284.92498779296875
284.41400146484375
284.4739990234375
284.6369934082031
285.1759948730469
285.3280029296875
285.9320068359375
284.96099853515625
285.5530090332031
285.74200439453125
286.14599609375
286.3030090332031
310.9119873046875
310.2820129394531
310.5920104980469
310.6449890136719
311.0740051269531
311.0929870605469
310.94000244140625
288.739013671875
288.9280090332031
289.281005859375
288.5320129394531
288.97900390625
289.1409912109375
289.1929931640625
289.38299560546875
289.6629943847656
289.88299560546875
290.23199462890625
290.4389953613281
289.74200439453125
289.9570007324219
290.3059997558594
290.5480041503906
291.072998046875
290.7179870605469
290.8269958496094
291.1549987792969
291.6719970703125
290.78900146484375
291.23199462890625
291.4309997558594
291.55499267578125
291.7669982910156
292.02398681640625
292.1759948730469
292.343994140625
292.5400085449219
292.9490051269531
292.1059875488281
292.70098876953125
292.9930114746094
293.0780029296875
292.6210021972656
293.27398681640625
293.4150085449219
293.57598876953125
293.8210144042969
294.0920104980469
293.4230041503906
294.281005859375
294.1050109863281
294.7040100097656
293.8999938964844
294.9809875488281
294.5419921875
295.114990234375
294.3710021972656
294.64599609375
294.8890075683594
295.32598876953125
295.46099853515625
295.20001220703125
295.072998046875
295.3819885253906
295.6099853515625
292.239990234375
292.4530029296875
292.71600341796875
292.6940002441406
292.34100341796875
292.4639892578125
293.0299987792969
293.15301513671875
293.67401123046875
292.77899169921875
293.9779968261719
293.5159912109375
293.2770080566406
292.8039855957031
293.8190002441406
293.05499267578125
294.3550109863281
293.6889953613281
294.10101318359375
294.45001220703125
294.5679931640625
294.10101318359375
295.3340148925781
294.7959899902344
295.0769958496094
295.2820129394531
295.77398681640625
294.9440002441406
296.0409851074219
295.5199890136719
295.87799072265625
295.4360046386719
296.57501220703125
295.63800048828125
296.2139892578125
296.4100036621094
297.02099609375
296.1860046386719
296.6709899902344
296.8599853515625
297.0369873046875
297.1759948730469
297.6809997558594
297.2909851074219
297.4200134277344
297.76800537109375
298.37298583984375
297.46600341796875
298.6130065917969
298.14898681640625
291.06500244140625
291.468994140625
290.90399169921875
291.05499267578125
291.2099914550781
291.95098876953125
291.91900634765625
291.5589904785156
291.656005859375
292.2430114746094
292.3890075683594
292.8330078125
293.00299072265625
292.03900146484375
293.3210144042969
292.3699951171875
292.5419921875
292.9150085449219
293.1730041503906
293.802001953125
293.71099853515625
293.4280090332031
293.44500732421875
294.1289978027344
294.37799072265625
294.73699951171875
293.9309997558594
294.3280029296875
294.4679870605469
294.739990234375
294.95599365234375
295.1310119628906
295.14599609375
295.7449951171875
294.8630065917969
295.23699951171875
295.4849853515625
295.2669982910156
294.8269958496094
296.0690002441406
295.03900146484375
295.6600036621094
295.7980041503906
295.97900390625
296.1780090332031
296.3590087890625
296.4930114746094
296.875
296.0880126953125
296.4909973144531
296.65399169921875
297.1960144042969
297.17999267578125
296.9830017089844
297.3800048828125
297.6700134277344
297.81201171875
298.2070007324219
299.5679931640625
299.9620056152344
300.0799865722656
300.7409973144531
299.6789855957031
300.9549865722656
300.5
300.2860107421875
299.8349914550781
301.114013671875
300.04400634765625
300.71099853515625
300.8280029296875
301.48199462890625
301.23199462890625
301.0740051269531
301.3590087890625
301.6990051269531
301.8739929199219
302.2590026855469
301.4419860839844
302.40301513671875
302.2149963378906
302.5899963378906
302.0509948730469
302.72198486328125
302.8680114746094
303.1059875488281
303.2090148925781
303.66400146484375
302.9750061035156
303.37701416015625
303.739013671875
303.9100036621094
303.41900634765625
304.10101318359375
304.3450012207031
304.50201416015625
304.6189880371094
305.07501220703125
304.2300109863281
304.93701171875
304.9360046386719
305.3800048828125
305.1470031738281
305.3810119628906
305.4259948730469
305.8280029296875
305.781005859375
306.31500244140625
305.5790100097656
306.2690124511719
306.14898681640625
306.6700134277344
306.1050109863281
307.1969909667969
306.6390075683594
307.0530090332031
307.05999755859375
307.74798583984375
307.2699890136719
307.54400634765625
307.4620056152344
307.8500061035156
308.05499267578125
308.4649963378906
307.9549865722656
283.02301025390625
282.82501220703125
284.1860046386719
284.1310119628906
283.6969909667969
283.4389953613281
284.7380065917969
284.4939880371094
284.2860107421875
284.99700927734375
284.8760070800781
285.34100341796875
284.4159851074219
285.06201171875
285.4989929199219
285.4100036621094
285.7640075683594
285.8340148925781
285.8999938964844
286.4620056152344
286.3840026855469
286.125
286.7669982910156
287.6549987792969
286.2300109863281
287.0159912109375
287.12298583984375
286.864990234375
287.4219970703125
287.87799072265625
287.4280090332031
287.94000244140625
287.6440124511719
287.72198486328125
287.9460144042969
288.9779968261719
288.4159851074219
288.1650085449219
288.28900146484375
289.1239929199219
288.822998046875
288.53900146484375
289.43499755859375
290.1679992675781
288.9670104980469
289.58599853515625
289.52899169921875
290.32598876953125
290.03399658203125
289.7749938964844
290.6159973144531
291.33599853515625
290.1709899902344
290.7409973144531
290.7669982910156
291.5639953613281
291.2019958496094
290.92401123046875
291.3190002441406
279.5669860839844
280.2850036621094
280.0570068359375
279.8399963378906
304.6610107421875
305.22601318359375
305.5570068359375
305.4320068359375
304.98199462890625
304.9570007324219
305.8630065917969
306.5150146484375
306.1470031738281
306.01300048828125
306.2430114746094
306.6239929199219
306.27899169921875
306.7120056152344
307.0769958496094
306.98199462890625
306.3970031738281
307.2760009765625
307.5050048828125
307.3890075683594
306.8160095214844
307.62298583984375
307.93499755859375
308.3890075683594
307.8550109863281
307.6180114746094
308.13800048828125
308.77398681640625
308.364013671875
308.13800048828125
308.5660095214844
308.9739990234375
308.6610107421875
309.0509948730469
309.4540100097656
309.322998046875
308.85400390625
309.6659851074219
309.7850036621094
310.2019958496094
309.15301513671875
309.79998779296875
310.0249938964844
310.5249938964844
310.09600830078125
310.31201171875
310.552001953125
310.65899658203125
287.71600341796875
287.5260009765625
287.2980041503906
288.87701416015625
288.7090148925781
288.3039855957031
288.09600830078125
290.2699890136719
290.0159912109375
289.45599365234375
289.3059997558594
290.6419982910156
290.510009765625
289.885009765625
290.3399963378906
291.0369873046875
290.7460021972656
290.2560119628906
291.2070007324219
291.1789855957031
291.50299072265625
290.5360107421875
291.3389892578125
291.62200927734375
291.6289978027344
291.8789978027344
291.9840087890625
292.1090087890625
292.6600036621094
292.5409851074219
292.36700439453125
293.38800048828125
293.1700134277344
292.50799560546875
292.8110046386719
293.8240051269531
293.6830139160156
293.0299987792969
292.885009765625
293.7560119628906
294.4469909667969
293.46099853515625
293.97198486328125
294.5220031738281
294.37701416015625
294.22601318359375
294.6759948730469
294.968994140625
294.75201416015625
295.3290100097656
295.1289978027344
295.3919982910156
295.5329895019531
281.6090087890625
282.4230041503906
281.8290100097656
282.22900390625
282.7690124511719
307.2900085449219
307.10699462890625
306.9200134277344
307.5570068359375
307.8429870605469
308.07000732421875
308.03900146484375
307.8399963378906
308.10699462890625
308.52398681640625
307.82000732421875
308.40899658203125
308.77801513671875
308.7449951171875
308.37799072265625
308.864013671875
309.01800537109375
308.2040100097656
309.3659973144531
309.3169860839844
309.1579895019531
309.0710144042969
308.62298583984375
308.4530029296875
309.5469970703125
310.07000732421875
309.9010009765625
309.6000061035156
310.1610107421875
310.30499267578125
309.9209899902344
309.64300537109375
310.40899658203125
310.8280029296875
310.0060119628906
310.6310119628906
311.2860107421875
311.1300048828125
310.5570068359375
310.31201171875
311.0299987792969
311.41900634765625
310.8290100097656
311.5069885253906
311.87200927734375
311.8030090332031
311.3210144042969
312.0830078125
312.3370056152344
289.64801025390625
289.9630126953125
289.35198974609375
289.55999755859375
288.8299865722656
289.02899169921875
290.593994140625
290.7130126953125
289.8739929199219
290.09698486328125
290.9079895019531
291.03900146484375
291.2690124511719
290.3659973144531
291.77899169921875
291.3210144042969
291.49200439453125
291.7049865722656
292.40301513671875
292.3599853515625
291.9679870605469
291.5610046386719
292.7099914550781
292.8559875488281
292.0790100097656
292.1239929199219
293.20098876953125
292.7820129394531
292.9909973144531
292.51800537109375
293.9289855957031
293.3739929199219
293.45599365234375
293.62701416015625
294.58099365234375
294.1889953613281
293.7590026855469
294.0320129394531
294.552001953125
294.6889953613281
294.87298583984375
294.4289855957031
295.8370056152344
294.93499755859375
295.1700134277344
295.2929992675781
296.1340026855469
296.2799987792969
295.47900390625
295.6080017089844
296.20098876953125
296.427001953125
295.90399169921875
296.5799865722656
296.6830139160156
296.7170104980469
297.0069885253906
296.9580078125
297.61199951171875
297.13800048828125
297.2669982910156
297.49798583984375
297.4880065917969
293.5469970703125
293.6210021972656
293.7130126953125
293.99200439453125
293.885009765625
294.82598876953125
294.8590087890625
294.1470031738281
294.364013671875
295.0559997558594
295.2969970703125
294.50299072265625
294.614013671875
295.17999267578125
295.4209899902344
294.97198486328125
295.5840148925781
296.05499267578125
295.8680114746094
295.8219909667969
295.91900634765625
296.74700927734375
296.3489990234375
296.51300048828125
296.156005859375
297.2760009765625
296.44500732421875
296.6600036621094
296.6319885253906
297.6059875488281
297.75
296.8330078125
297.0329895019531
297.25799560546875
297.3900146484375
296.9159851074219
298.0740051269531
298.5150146484375
297.7900085449219
297.8900146484375
298.1419982910156
298.59698486328125
298.23199462890625
298.3219909667969
298.343994140625
299.4599914550781
298.8190002441406
298.9230041503906
298.43499755859375
299.6730041503906
298.9230041503906
299.1310119628906
299.32598876953125
300.0400085449219
300.0790100097656
299.7619934082031
299.4309997558594
300.3739929199219
300.5369873046875
299.90899658203125
300.22900390625
300.6440124511719
300.89300537109375
301.0150146484375
281.6929931640625
281.87200927734375
283.22198486328125
283.1029968261719
282.27398681640625
282.5159912109375
283.7439880371094
283.22698974609375
282.7650146484375
282.85699462890625
283.802001953125
284.1419982910156
284.30999755859375
283.5
284.9490051269531
284.2019958496094
284.42498779296875
283.614990234375
285.0400085449219
285.2669982910156
285.3160095214844
284.7200012207031
285.4739990234375
285.5899963378906
285.7909851074219
284.7969970703125
286.23699951171875
285.57000732421875
285.7669982910156
285.3240051269531
287.45599365234375
286.64898681640625
286.87701416015625
286.0719909667969
286.37799072265625
287.843994140625
287.99798583984375
287.22601318359375
287.54998779296875
286.8299865722656
286.9679870605469
286.2200012207031
288.5880126953125
287.94000244140625
288.1839904785156
287.4129943847656
289.7749938964844
289.010986328125
289.1809997558594
288.4259948730469
288.572998046875
288.7149963378906
290.06298828125
289.5929870605469
289.7669982910156
290.0260009765625
289.1619873046875
289.2959899902344
290.1400146484375
290.39898681640625
290.5329895019531
289.6400146484375
290.4339904785156
290.6159973144531
290.10400390625
302.1929931640625
302.11199951171875
301.7099914550781
302.58599853515625
302.7099914550781
301.8800048828125
301.8320007324219
302.7250061035156
303.00201416015625
302.385986328125
303.0979919433594
303.239990234375
303.3389892578125
303.489013671875
303.41400146484375
304.4020080566406
304.5610046386719
303.7659912109375
303.89300537109375
304.7569885253906
304.6809997558594
304.1579895019531
304.2099914550781
305.31298828125
305.1310119628906
305.0140075683594
305.2130126953125
306.1319885253906
306.08099365234375
305.5690002441406
305.5870056152344
306.3819885253906
306.42498779296875
305.78900146484375
305.9809875488281
306.6549987792969
306.72601318359375
306.90301513671875
306.82501220703125
307.9280090332031
307.23699951171875
307.3370056152344
307.27801513671875
308.0830078125
307.6409912109375
307.60400390625
307.6400146484375
307.9410095214844
294.07000732421875
294.29901123046875
294.5320129394531
294.7860107421875
293.96099853515625
294.66400146484375
294.92498779296875
294.0740051269531
294.2690124511719
295.70599365234375
295.72900390625
295.177001953125
295.3500061035156
296.1319885253906
296.2409973144531
295.2879943847656
295.4169921875
297.37298583984375
296.5899963378906
296.73199462890625
295.843994140625
296.1809997558594
296.34698486328125
295.8280029296875
297.1990051269531
297.4219970703125
297.5329895019531
296.81298828125
296.9460144042969
297.87799072265625
298.22198486328125
298.1679992675781
297.7139892578125
298.38299560546875
298.5400085449219
298.81500244140625
297.87200927734375
299.1679992675781
299.41400146484375
298.7130126953125
298.9599914550781
299.3089904785156
299.593994140625
299.82501220703125
299.6700134277344
299.9330139160156
299.7959899902344
300.08599853515625
300.1990051269531
300.6029968261719
300.7650146484375
300.1239929199219
300.3689880371094
300.7349853515625
301.0069885253906
301.239013671875
301.0899963378906
301.35699462890625
301.2200012207031
301.5119934082031
301.6180114746094
302.02099609375
302.1990051269531
301.62298583984375
301.79901123046875
302.2170104980469
302.3320007324219
302.6260070800781
302.45599365234375
303.3909912109375
302.71600341796875
302.8290100097656
303.12200927734375
308.38299560546875
308.5780029296875
307.99200439453125
308.5069885253906
308.9840087890625
309.24798583984375
308.8940124511719
308.4700012207031
309.41400146484375
309.45599365234375
309.4460144042969
308.69500732421875
309.61199951171875
309.9049987792969
310.19500732421875
309.2300109863281
310.3789978027344
310.62799072265625
309.8399963378906
310.39300537109375
310.55999755859375
310.8089904785156
310.8139953613281
310.1130065917969
310.9679870605469
311.2200012207031
311.5329895019531
311.4989929199219
312.20001220703125
312.39801025390625
311.8169860839844
311.7749938964844
312.7699890136719
312.6709899902344
312.0870056152344
312.3800048828125
312.864013671875
296.5480041503906
296.8330078125
298.42999267578125
298.06298828125
299.5
298.9280090332031
300.74798583984375
299.8710021972656
300.0740051269531
299.2799987792969
301.1310119628906
301.34100341796875
301.6340026855469
300.489013671875
302.3269958496094
302.5929870605469
301.7760009765625
301.7130126953125
302.70098876953125
302.7409973144531
301.8550109863281
302.1369934082031
303.6180114746094
303.02801513671875
303.0400085449219
303.2120056152344
303.4779968261719
308.5220031738281
309.22698974609375
309.39300537109375
308.6669921875
308.95098876953125
310.32000732421875
309.6369934082031
309.89801025390625
309.0870056152344
310.54998779296875
310.7770080566406
310.9809875488281
310.2040100097656
311.52899169921875
311.04998779296875
311.3059997558594
311.1180114746094
311.5820007324219
311.8380126953125
311.3030090332031
311.9800109863281
284.51800537109375
284.71099853515625
285.4519958496094
285.05499267578125
285.239013671875
285.27899169921875
284.5669860839844
284.7669982910156
285.6780090332031
285.8190002441406
285.9989929199219
285.13299560546875
286.20599365234375
286.3420104980469
286.04400634765625
285.49200439453125
286.260009765625
286.42999267578125
286.7279968261719
286.8699951171875
287.22601318359375
287.4259948730469
286.77398681640625
286.9620056152344
287.29400634765625
287.4909973144531
287.7650146484375
287.9219970703125
288.27398681640625
288.4549865722656
287.84600830078125
287.989013671875
289.1449890136719
288.3269958496094
288.5379943847656
288.75299072265625
288.802001953125
289.01800537109375
310.14801025390625
310.3429870605469
309.85101318359375
309.8970031738281
310.59698486328125
310.3760070800781
310.239990234375
308.6789855957031
308.64801025390625
308.2489929199219
309.0039978027344
309.1059875488281
308.4309997558594
308.3940124511719
309.1940002441406
309.35198974609375
309.3580017089844
308.92401123046875
309.5480041503906
309.760986328125
309.9580078125
309.39599609375
310.0580139160156
310.31298828125
309.6820068359375
310.1400146484375
310.2969970703125
310.5050048828125
310.7149963378906
309.989013671875
310.6520080566406
310.4590148925781
309.64801025390625
309.25201416015625
310.281005859375
309.4700012207031
309.75299072265625
309.5830078125
310.510009765625
309.9849853515625
310.427001953125
310.0509948730469
310.78900146484375
310.7900085449219
310.40399169921875
310.34100341796875
310.54998779296875
311.0379943847656
283.72900390625
283.906005859375
283.1679992675781
283.3330078125
283.3999938964844
284.2340087890625
284.65399169921875
283.7980041503906
283.9620056152344
283.2300109863281
284.9119873046875
285.1400146484375
284.27099609375
284.4930114746094
285.8110046386719
285.39801025390625
285.5459899902344
285.7690124511719
286.6319885253906
286.80499267578125
286.0719909667969
286.22900390625
286.70001220703125
286.8680114746094
286.1289978027344
286.3080139160156
287.16900634765625
287.39599609375
287.5539855957031
287.13299560546875
288.60699462890625
287.8110046386719
288.0039978027344
288.1960144042969
288.2439880371094
288.93499755859375
289.1510009765625
288.3810119628906
279.60699462890625
279.9200134277344
280.1000061035156
279.99700927734375
280.25799560546875
281.1199951171875
280.32501220703125
280.5679931640625
280.8210144042969
281.4289855957031
281.6130065917969
280.70001220703125
280.8789978027344
281.1789855957031
280.97900390625
280.3089904785156
281.9200134277344
281.4570007324219
281.6619873046875
280.76800537109375
281.97198486328125
282.0979919433594
282.4339904785156
282.3290100097656
283.125
282.5249938964844
282.8349914550781
283.0350036621094
282.9200134277344
285.5580139160156
284.84698486328125
285.0260009765625
285.20599365234375
285.4580078125
285.6260070800781
285.2409973144531
285.4110107421875
286.4410095214844
286.59698486328125
285.9119873046875
286.10400390625
286.4800109863281
286.67498779296875
285.96600341796875
286.1549987792969
287.4590148925781
287.63299560546875
286.95098876953125
287.11199951171875
287.5
287.7130126953125
287.0249938964844
287.1659851074219
287.9989929199219
288.135986328125
288.35400390625
287.8030090332031
289.2380065917969
288.5589904785156
288.7640075683594
287.8479919433594
290.2460021972656
289.5979919433594
289.7510070800781
289.0950012207031
290.5710144042969
290.73199462890625
290.1099853515625
290.0849914550781
290.97601318359375
290.73199462890625
290.98199462890625
291.78900146484375
291.302001953125
291.50799560546875
290.7619934082031
291.5929870605469
290.87701416015625
291.0419921875
290.65399169921875
291.9670104980469
292.21099853515625
292.20001220703125
291.37701416015625
292.3340148925781
292.4949951171875
292.6369934082031
291.9010009765625
293.4960021972656
292.9530029296875
292.6199951171875
292.77099609375
293.87298583984375
293.0260009765625
293.2200012207031
293.3489990234375
294.593994140625
294.1860046386719
294.4010009765625
293.6510009765625
294.47698974609375
293.7659912109375
293.9580078125
293.5589904785156
294.8269958496094
294.96099853515625
295.16900634765625
294.3420104980469
295.3940124511719
295.5979919433594
295.22198486328125
294.6700134277344
296.2950134277344
295.4649963378906
295.6650085449219
295.8869934082031
296.6820068359375
296.85699462890625
295.9440002441406
296.16900634765625
296.92498779296875
297.0780029296875
297.197998046875
296.5090026855469
297.14599609375
297.343994140625
305.9750061035156
305.67401123046875
305.9469909667969
305.4200134277344
306.1340026855469
306.56500244140625
306.4070129394531
306.4670104980469
307.14599609375
306.7090148925781
306.9830017089844
306.7820129394531
307.635986328125
307.6499938964844
307.1400146484375
306.8999938964844
307.9840087890625
307.9530029296875
307.3030090332031
307.48699951171875
308.2330017089844
308.53900146484375
308.35400390625
308.4469909667969
308.78399658203125
309.260986328125
308.86199951171875
309.0140075683594
309.6180114746094
309.08599853515625
309.2330017089844
309.3059997558594
310.12799072265625
309.385986328125
309.614990234375
309.8919982910156
310.7099914550781
309.8219909667969
310.0570068359375
310.3030090332031
310.4849853515625
310.9200134277344
310.3900146484375
310.4320068359375
311.2980041503906
310.6789855957031
310.8800048828125
311.10699462890625
311.114990234375
311.34698486328125
311.5660095214844
311.5260009765625
298.6130065917969
299.63800048828125
299.7640075683594
298.8970031738281
299.0589904785156
299.93499755859375
300.0660095214844
300.3320007324219
299.3760070800781
301.0010070800781
300.4309997558594
300.62701416015625
300.8529968261719
301.4389953613281
301.6709899902344
301.0660095214844
300.739013671875
301.9419860839844
302.1820068359375
301.2829895019531
301.2340087890625
302.0570068359375
302.3160095214844
301.77099609375
302.3869934082031
302.49200439453125
302.6440124511719
302.77801513671875
303.0159912109375
303.7560119628906
303.9159851074219
303.1130065917969
303.2560119628906
304.0920104980469
304.22900390625
303.35400390625
303.6189880371094
304.24700927734375
304.4070129394531
304.01300048828125
304.572998046875
304.6579895019531
304.8559875488281
305.07000732421875
305.07598876953125
305.83599853515625
305.4070129394531
305.65399169921875
305.3389892578125
306.1919860839844
305.7850036621094
305.6960144042969
305.8599853515625
306.55999755859375
306.7030029296875
306.16400146484375
305.9679870605469
306.9830017089844
306.5069885253906
306.6789855957031
299.4150085449219
298.87298583984375
300.5920104980469
299.8500061035156
300.0409851074219
299.2239990234375
300.4419860839844
300.7229919433594
300.87298583984375
300.3450012207031
300.9739990234375
301.1889953613281
301.3689880371094
301.60400390625
302.322998046875
302.5880126953125
301.7619934082031
301.7130126953125
302.70098876953125
302.82000732421875
301.8710021972656
302.14801025390625
302.9339904785156
303.1659851074219
303.34600830078125
303.2860107421875
304.177001953125
303.6499938964844
303.552001953125
303.8320007324219
304.4729919433594
304.0740051269531
304.322998046875
303.8699951171875
305.1000061035156
304.53900146484375
304.4630126953125
304.614013671875
305.7659912109375
304.69000244140625
304.9989929199219
305.3139953613281
305.4739990234375
306.114013671875
305.52899169921875
305.5509948730469
306.4540100097656
305.69000244140625
305.9649963378906
306.2770080566406
307.4119873046875
306.5249938964844
306.55999755859375
306.7590026855469
306.7030029296875
307.0320129394531
307.3299865722656
307.0899963378906
307.3810119628906
307.7139892578125
297.25299072265625
297.8550109863281
297.6600036621094
298.47100830078125
297.9200134277344
298.2929992675781
298.0830078125
297.4849853515625
297.3080139160156
298.2099914550781
297.9909973144531
299.3269958496094
299.19500732421875
299.0820007324219
299.4809875488281
298.99700927734375
298.8630065917969
298.7489929199219
298.552001953125
299.8699951171875
299.7019958496094
300.5929870605469
300.3789978027344
299.3389892578125
299.6199951171875
300.1650085449219
299.989990234375
301.3190002441406
301.1059875488281
300.9880065917969
300.86199951171875
300.77398681640625
300.2510070800781
300.70599365234375
300.47601318359375
302.0060119628906
301.7080078125
302.42401123046875
302.28399658203125
301.54998779296875
301.4159851074219
301.9010009765625
301.8399963378906
302.6719970703125
283.6419982910156
283.97601318359375
284.48199462890625
285.0350036621094
284.7749938964844
283.45599365234375
284.4289855957031
284.22100830078125
283.9909973144531
285.7969970703125
285.52301025390625
285.95599365234375
286.2829895019531
285.7040100097656
285.4620056152344
285.0889892578125
284.88299560546875
286.92401123046875
286.5889892578125
287.27301025390625
287.00201416015625
286.2380065917969
286.47900390625
286.0639953613281
287.1780090332031
287.62298583984375
288.5849914550781
288.40899658203125
288.14801025390625
287.5060119628906
287.9639892578125
288.0249938964844
287.6809997558594
289.69000244140625
289.3800048828125
289.2070007324219
290.24700927734375
288.7359924316406
288.4840087890625
289.30999755859375
289.05999755859375
290.4639892578125
291.3219909667969
291.1700134277344
292.04998779296875
290.2030029296875
290.0190124511719
289.760986328125
290.7510070800781
290.614990234375
291.4840087890625
291.2950134277344
292.1419982910156
291.7850036621094
292.3609924316406
290.37200927734375
290.84698486328125
292.50799560546875
293.10101318359375
291.96600341796875
292.8399963378906
292.9159851074219
292.5469970703125
296.10400390625
295.989990234375
295.8039855957031
295.6700134277344
296.4880065917969
296.82000732421875
297.2439880371094
297.3110046386719
296.4739990234375
296.32000732421875
296.197998046875
296.6520080566406
297.46600341796875
298.25299072265625
298.0270080566406
297.7749938964844
296.97698974609375
296.9630126953125
297.89801025390625
297.656005859375
298.4440002441406
298.9960021972656
298.7760009765625
298.60699462890625
298.3529968261719
298.0979919433594
298.6000061035156
298.375
299.9800109863281
299.7149963378906
300.5260009765625
300.28900146484375
299.57501220703125
299.4549865722656
299.2770080566406
299.18798828125
300.4360046386719
300.8139953613281
301.1449890136719
301.1189880371094
299.6759948730469
300.10101318359375
299.8819885253906
300.6969909667969
301.4519958496094
302.0060119628906
301.74700927734375
302.09698486328125
301.30499267578125
300.9639892578125
301.85198974609375
301.5989990234375
303.1910095214844
302.9519958496094
302.7929992675781
303.52899169921875
302.5400085449219
302.5950012207031
302.2669982910156
302.281005859375
303.99798583984375
303.7330017089844
303.47698974609375
304.19000244140625
303.2560119628906
303.14801025390625
303.6579895019531
303.364013671875
304.72900390625
304.2900085449219
305.0419921875
304.95599365234375
304.0979919433594
303.9530029296875
304.7359924316406
304.56500244140625
284.9330139160156
284.68701171875
285.61700439453125
285.3479919433594
284.32000732421875
286.9219970703125
286.7300109863281
286.4150085449219
287.0459899902344
286.22100830078125
286.3489990234375
285.9469909667969
285.8949890136719
287.5140075683594
287.4389953613281
288.37701416015625
288.1990051269531
286.8590087890625
287.3139953613281
287.8890075683594
287.7380065917969
287.95599365234375
288.50299072265625
288.3009948730469
289.197998046875
289.0849914550781
288.8399963378906
289.7200012207031
289.4949951171875
290.1260070800781
290.3269958496094
290.135986328125
290.9670104980469
288.9259948730469
290.0469970703125
289.7619934082031
289.614990234375
291.1289978027344
290.8429870605469
290.5929870605469
290.385986328125
290.7460021972656
291.2040100097656
290.5069885253906
290.22198486328125
291.2869873046875
292.39801025390625
292.1289978027344
291.9079895019531
291.24200439453125
291.010009765625
291.7130126953125
291.5719909667969
292.8299865722656
293.0379943847656
292.7929992675781
293.37200927734375
291.64599609375
292.7139892578125
292.42498779296875
292.2770080566406
293.4700012207031
293.22100830078125
292.9320068359375
293.875
293.7590026855469
304.0849914550781
303.85699462890625
303.65301513671875
303.8059997558594
303.0299987792969
303.5350036621094
303.4930114746094
303.3450012207031
304.3550109863281
304.78900146484375
304.63800048828125
304.6130065917969
304.4490051269531
304.2309875488281
304.0069885253906
304.55999755859375
304.7250061035156
305.3710021972656
305.3890075683594
305.2149963378906
305.1809997558594
305.052001953125
305.43798828125
304.9580078125
306.22698974609375
306.3219909667969
306.135986328125
305.93701171875
305.67498779296875
305.98199462890625
305.7590026855469
305.5530090332031
306.8529968261719
306.635986328125
307.1629943847656
306.9330139160156
306.6650085449219
306.510009765625
306.510009765625
306.447998046875
307.65399169921875
307.4320068359375
307.60101318359375
308.24700927734375
307.31298828125
307.3169860839844
307.281005859375
307.1470031738281
308.364990234375
308.86700439453125
308.35699462890625
308.72698974609375
308.1159973144531
307.9649963378906
307.8869934082031
308.5979919433594
309.06298828125
309.50799560546875
308.5249938964844
309.37701416015625
309.29901123046875
309.1310119628906
309.78900146484375
309.9620056152344
309.7430114746094
310.3689880371094
310.5320129394531
309.5469970703125
309.9440002441406
309.5880126953125
310.177001953125
310.5329895019531
311.1610107421875
310.7349853515625
310.3039855957031
310.1130065917969
310.9110107421875
310.7959899902344
281.0069885253906
280.81500244140625
281.5830078125
282.29901123046875
282.37799072265625
282.0840148925781
281.95001220703125
281.3810119628906
281.9070129394531
281.6449890136719
281.46099853515625
284.2200012207031
284.0150146484375
284.4410095214844
282.46600341796875
282.9679870605469
282.7200012207031
283.5769958496094
283.38299560546875
285.1390075683594
285.2950134277344
286.01800537109375
285.6300048828125
285.677001953125
285.885986328125
285.2250061035156
285.3689880371094
287.45098876953125
286.7439880371094
286.6130065917969
287.2539978027344
286.4010009765625
286.5740051269531
286.947998046875
286.22198486328125
286.822998046875
286.98699951171875
287.3190002441406
287.50201416015625
288.3680114746094
288.0169982910156
287.822998046875
308.0409851074219
308.35101318359375
308.9630126953125
307.77899169921875
307.95599365234375
307.47900390625
307.6210021972656
307.67498779296875
309.12200927734375
309.0889892578125
309.4809875488281
308.90399169921875
309.1759948730469
308.7090148925781
308.4750061035156
308.5690002441406
310.1409912109375
310.4150085449219
310.9219970703125
309.8450012207031
309.5830078125
309.88299560546875
310.15899658203125
309.33599853515625
311.13299560546875
310.8110046386719
311.6709899902344
311.97100830078125
310.3949890136719
310.6860046386719
311.135986328125
310.5950012207031
312.9590148925781
312.1319885253906
312.2969970703125
312.62701416015625
311.3210144042969
311.4880065917969
312.135986328125
313.23699951171875
282.9219970703125
283.2980041503906
283.46099853515625
283.8630065917969
284.0299987792969
284.4280090332031
284.60400390625
282.7919921875
282.96600341796875
283.3599853515625
283.531005859375
284.9949951171875
285.1780090332031
285.2309875488281
285.4360046386719
283.906005859375
284.1159973144531
284.5039978027344
284.6669921875
286.2149963378906
286.447998046875
286.97900390625
286.0679931640625
285.86199951171875
285.0790100097656
285.47900390625
285.7139892578125
287.0409851074219
286.49700927734375
287.59698486328125
286.8330078125
287.5159912109375
286.7550048828125
287.8680114746094
287.3450012207031
288.2959899902344
287.43798828125
287.9200134277344
288.15301513671875
293.6600036621094
294.0679931640625
293.50799560546875
294.8949890136719
294.010009765625
294.62298583984375
294.9129943847656
293.59698486328125
293.8280029296875
294.17498779296875
294.4119873046875
295.5690002441406
295.7489929199219
296.07000732421875
295.31298828125
295.02801513671875
294.53399658203125
295.16900634765625
295.4360046386719
297.07598876953125
296.5979919433594
297.1730041503906
296.39599609375
296.2690124511719
296.0660095214844
296.7650146484375
295.8680114746094
297.2799987792969
297.18499755859375
297.5639953613281
297.7330017089844
296.7640075683594
296.89599609375
297.4620056152344
297.5840148925781
299.13299560546875
298.177001953125
298.8399963378906
298.95098876953125
297.9859924316406
298.1499938964844
298.3059997558594
298.4859924316406
299.88800048828125
300.1189880371094
299.63800048828125
300.32598876953125
299.2229919433594
298.5830078125
299.3330078125
299.45599365234375
300.5690002441406
300.70001220703125
301.47900390625
300.4259948730469
300.2569885253906
299.4230041503906
300.947998046875
299.9909973144531
301.0539855957031
301.2460021972656
301.3630065917969
301.6419982910156
297.19500732421875
297.30499267578125
297.90301513671875
297.0589904785156
297.51800537109375
296.98699951171875
298.7380065917969
298.2149963378906
298.4849853515625
298.5979919433594
297.5979919433594
297.77301025390625
297.9079895019531
298.0429992675781
299.2409973144531
298.8210144042969
299.8890075683594
299.02301025390625
299.1409912109375
298.2959899902344
299.3550109863281
298.9179992675781
299.9750061035156
300.1159973144531
300.2130126953125
300.4419860839844
299.5299987792969
299.7120056152344
300.32501220703125
299.5329895019531
301.2900085449219
300.6839904785156
301.7850036621094
301.1310119628906
301.03900146484375
300.50799560546875
300.63800048828125
300.83099365234375
301.9639892578125
302.197998046875
302.3299865722656
302.42999267578125
301.54400634765625
301.7349853515625
301.9119873046875
301.4580078125
303.3210144042969
302.5769958496094
303.5509948730469
303.1809997558594
302.7340087890625
302.09600830078125
302.8760070800781
302.7030029296875
302.4639892578125
302.5740051269531
302.9779968261719
303.2019958496094
302.8190002441406
302.1839904785156
303.7659912109375
303.4419860839844
303.90399169921875
303.7300109863281
302.92999267578125
302.7770080566406
303.11199951171875
303.3420104980469
304.6610107421875
304.50299072265625
304.8290100097656
304.3479919433594
304.18499755859375
303.6029968261719
304.5270080566406
304.0799865722656
305.1199951171875
305.2099914550781
305.6340026855469
305.8580017089844
304.91400146484375
305.14898681640625
305.4580078125
305.3169860839844
306.5570068359375
305.8609924316406
306.3089904785156
306.5530090332031
306.09698486328125
305.4309997558594
305.9809875488281
305.5849914550781
306.96600341796875
307.2019958496094
307.6659851074219
307.25299072265625
307.0429992675781
306.2929992675781
306.7439880371094
306.8169860839844
308.4570007324219
307.88800048828125
308.1099853515625
308.3489990234375
307.4179992675781
307.7090148925781
307.9949951171875
307.4440002441406
309.56201171875
309.0530090332031
309.6199951171875
309.4670104980469
308.73199462890625
308.9649963378906
309.17401123046875
308.6289978027344
309.35699462890625
309.135986328125
308.8970031738281
308.54400634765625
309.6579895019531
309.4490051269531
309.135986328125
309.88299560546875
309.4909973144531
309.2330017089844
308.66400146484375
309.3089904785156
310.5769958496094
310.3080139160156
310.45098876953125
310.4100036621094
309.8190002441406
310.1059875488281
309.635986328125
310.072998046875
304.34698486328125
304.94500732421875
304.81298828125
304.5780029296875
304.6419982910156
304.1419982910156
305.1340026855469
306.01300048828125
305.61199951171875
305.3689880371094
304.7770080566406
305.43798828125
305.239013671875
305.0140075683594
305.9289855957031
306.5469970703125
306.4179992675781
306.17401123046875
306.2720031738281
305.7449951171875
305.7909851074219
305.57501220703125
306.7229919433594
307.5669860839844
307.2359924316406
306.9830017089844
306.593994140625
307.031005859375
306.7669982910156
306.5870056152344
307.5169982910156
308.1619873046875
308.0150146484375
307.75201416015625
307.8609924316406
307.3580017089844
307.38299560546875
307.3949890136719
308.5929870605469
308.34600830078125
308.6610107421875
308.8340148925781
308.1990051269531
308.9129943847656
308.3739929199219
308.2099914550781
309.3909912109375
309.1390075683594
309.1820068359375
308.9670104980469
309.06201171875
309.43499755859375
309.15399169921875
308.885009765625
310.7200012207031
310.63299560546875
310.25299072265625
310.1830139160156
309.7149963378906
309.6789855957031
309.8450012207031
309.85198974609375
311.0270080566406
310.7869873046875
310.51800537109375
298.4639892578125
298.3290100097656
297.9419860839844
299.2669982910156
299.7749938964844
299.6369934082031
299.3949890136719
298.864013671875
298.7040100097656
299.04901123046875
299.0769958496094
300.7919921875
300.85699462890625
300.27398681640625
300.1780090332031
299.9700012207031
300.41900634765625
299.5369873046875
300.1300048828125
300.98699951171875
301.52099609375
301.8370056152344
301.7019958496094
301.37701416015625
301.1199951171875
300.6260070800781
300.5220031738281
302.67498779296875
302.3160095214844
302.4800109863281
302.50799560546875
301.8320007324219
302.218994140625
301.3089904785156
302.0929870605469
303.7279968261719
303.67999267578125
303.1990051269531
303.1310119628906
303.34600830078125
303.3529968261719
302.90899658203125
302.7929992675781
304.9280090332031
304.9309997558594
304.52899169921875
304.4490051269531
304.06298828125
304.25
304.177001953125
304.02301025390625
305.25
304.78900146484375
304.7380065917969
288.6719970703125
288.53399658203125
289.4639892578125
289.8299865722656
289.6409912109375
289.9219970703125
289.9580078125
290.3070068359375
290.1000061035156
289.74700927734375
289.52099609375
289.1839904785156
289.0559997558594
290.67401123046875
291.40301513671875
291.09600830078125
290.864990234375
290.57000732421875
291.3039855957031
290.3689880371094
290.7869873046875
292.489990234375
292.26800537109375
291.7919921875
291.7229919433594
292.0780029296875
291.96600341796875
291.18701171875
291.5889892578125
292.968994140625
292.8840026855469
293.2030029296875
293.2139892578125
292.5610046386719
292.40399169921875
292.7850036621094
292.14300537109375
293.9859924316406
294.3909912109375
293.5589904785156
294.12701416015625
293.32000732421875
293.7430114746094
293.59600830078125
293.4800109863281
294.96600341796875
295.3489990234375
294.79400634765625
294.614013671875
294.7560119628906
294.6520080566406
294.2749938964844
294.0539855957031
295.7969970703125
295.6189880371094
296.1659851074219
295.9880065917969
295.4440002441406
295.3169860839844
295.19000244140625
295.5580139160156
296.44500732421875
297.093994140625
296.8500061035156
296.5989990234375
296.3139953613281
296.9949951171875
296.2300109863281
296.5329895019531
296.9590148925781
283.68701171875
283.4670104980469
283.88299560546875
283.8479919433594
284.6839904785156
285.4110107421875
284.1830139160156
284.8489990234375
283.97601318359375
284.364990234375
284.32000732421875
284.093994140625
285.7879943847656
286.21600341796875
285.3139953613281
285.9630126953125
284.7560119628906
285.468994140625
285.2409973144531
284.9209899902344
286.8290100097656
287.14300537109375
286.4620056152344
286.260986328125
286.7829895019531
286.61199951171875
286.04998779296875
285.8299865722656
288.62298583984375
287.23199462890625
288.0870056152344
288.7909851074219
287.54400634765625
288.24798583984375
286.9939880371094
287.70098876953125
288.7049865722656
289.1499938964844
288.1319885253906
288.85198974609375
287.6130065917969
288.3389892578125
287.05499267578125
287.7760009765625
290.3599853515625
290.21600341796875
289.739990234375
290.59100341796875
289.2439880371094
289.97198486328125
289.54998779296875
289.375
291.7669982910156
291.62799072265625
290.98699951171875
291.3389892578125
290.6440124511719
291.14300537109375
291.09100341796875
290.8819885253906
293.3179931640625
293.1520080566406
292.81201171875
292.5989990234375
292.2380065917969
291.95599365234375
291.3919982910156
292.13299560546875
293.31500244140625
292.7139892578125
293.4320068359375
292.3940124511719
292.9360046386719
282.8609924316406
283.62200927734375
283.02398681640625
284.5679931640625
283.9750061035156
284.739990234375
283.4049987792969
284.1919860839844
282.9020080566406
283.6809997558594
283.1059875488281
285.1390075683594
285.8890075683594
284.64898681640625
285.3160095214844
284.0459899902344
284.81298828125
283.4739990234375
284.2590026855469
286.70001220703125
286.49200439453125
285.9469909667969
285.79901123046875
285.3800048828125
285.2250061035156
285.7049865722656
286.11700439453125
287.0140075683594
287.67999267578125
286.7510070800781
287.19500732421875
287.1449890136719
286.9129943847656
286.3450012207031
286.1650085449219
288.12701416015625
288.6059875488281
287.5929870605469
288.3500061035156
288.072998046875
287.7590026855469
287.5140075683594
288.27398681640625
289.68798828125
290.0780029296875
289.3810119628906
289.2430114746094
288.65399169921875
289.625
289.031005859375
288.8890075683594
290.7560119628906
290.50799560546875
290.1549987792969
289.93499755859375
290.4389953613281
290.85699462890625
289.8420104980469
290.614990234375
291.4209899902344
292.010009765625
291.8949890136719
291.6600036621094
291.0
290.9289855957031
291.17999267578125
291.3009948730469
291.7770080566406
281.2349853515625
282.08099365234375
281.468994140625
281.8630065917969
282.3330078125
282.281005859375
282.031005859375
281.51800537109375
281.3340148925781
281.8789978027344
282.3489990234375
282.6499938964844
283.50299072265625
283.2229919433594
282.8800048828125
282.3970031738281
283.40899658203125
282.8169860839844
282.64801025390625
284.64599609375
284.6289978027344
284.1289978027344
283.9630126953125
283.85198974609375
284.3169860839844
283.3219909667969
284.07501220703125
298.1210021972656
298.625
285.7439880371094
284.8890075683594
285.4179992675781
285.2229919433594
284.79998779296875
284.37200927734375
299.56500244140625
300.0929870605469
299.7489929199219
299.9389953613281
298.98199462890625
299.7690124511719
298.39599609375
299.25
301.1510009765625
301.34100341796875
300.4750061035156
301.1820068359375
300.8179931640625
300.6210021972656
300.3909912109375
300.2550048828125
301.7969970703125
302.52099609375
301.50799560546875
302.0870056152344
301.6300048828125
302.1619873046875
300.9800109863281
301.9079895019531
303.53399658203125
303.6610107421875
303.2640075683594
303.0929870605469
302.3429870605469
302.8940124511719
302.48199462890625
302.7030029296875
304.447998046875
304.9049987792969
303.65399169921875
304.7130126953125
304.0270080566406
303.94500732421875
303.3689880371094
303.2749938964844
305.2550048828125
305.0400085449219
304.7619934082031
304.8489990234375
304.0639953613281
304.91400146484375
303.8039855957031
304.322998046875
306.3089904785156
306.0360107421875
305.6109924316406
305.6289978027344
305.9330139160156
305.63800048828125
305.3420104980469
305.24200439453125
306.30999755859375
307.02899169921875
306.8489990234375
306.59600830078125
306.5459899902344
306.14599609375
305.8240051269531
306.75799560546875
307.4230041503906
307.1659851074219
306.98699951171875
306.94500732421875
294.4490051269531
294.1700134277344
293.87701416015625
293.4209899902344
293.135009765625
294.8190002441406
295.3810119628906
294.1629943847656
295.0870056152344
294.8210144042969
294.5989990234375
295.2070007324219
295.10101318359375
294.6090087890625
294.5
293.7569885253906
294.26800537109375
296.31500244140625
296.2699890136719
295.5010070800781
296.4729919433594
295.9230041503906
295.7929992675781
295.4750061035156
295.2950134277344
297.7130126953125
297.52801513671875
297.10400390625
296.92999267578125
296.677001953125
296.5790100097656
295.9750061035156
295.85699462890625
296.37701416015625
296.8900146484375
297.7229919433594
297.62701416015625
296.9880065917969
298.0169982910156
297.2569885253906
297.1789855957031
298.08099365234375
299.0639953613281
298.4859924316406
298.3739929199219
298.13800048828125
297.97198486328125
296.68701171875
297.093994140625
299.8559875488281
299.8599853515625
299.27301025390625
299.1319885253906
298.6669921875
298.4949951171875
298.9200134277344
299.5140075683594
300.56201171875
300.9339904785156
300.1839904785156
300.71600341796875
300.47698974609375
300.34100341796875
299.74700927734375
299.6470031738281
302.33099365234375
302.0249938964844
301.7359924316406
301.468994140625
301.093994140625
301.3080139160156
301.27801513671875
285.5840148925781
286.17999267578125
286.343994140625
285.97601318359375
287.2030029296875
286.6940002441406
286.84698486328125
288.94000244140625
289.10198974609375
290.03399658203125
290.16900634765625
289.3489990234375
289.52099609375
289.7019958496094
289.0159912109375
289.15399169921875
289.3110046386719
290.531005859375
294.3370056152344
293.76800537109375
295.0509948730469
294.8680114746094
294.9100036621094
294.41400146484375
294.5799865722656
293.8349914550781
293.96600341796875
294.1090087890625
295.43499755859375
295.6669921875
295.88800048828125
295.75201416015625
295.3330078125
295.5669860839844
295.18798828125
294.6990051269531
296.9289855957031
296.1629943847656
296.3999938964844
295.97601318359375
296.52801513671875
295.8399963378906
296.07000732421875
296.30499267578125
297.4549865722656
297.6940002441406
297.1629943847656
297.343994140625
297.56201171875
296.61700439453125
296.7449951171875
297.0010070800781
298.447998046875
298.52398681640625
298.7760009765625
298.0010070800781
298.0769958496094
298.3210144042969
298.33099365234375
297.87799072265625
299.42999267578125
300.00201416015625
299.60400390625
299.80999755859375
299.0589904785156
299.28900146484375
298.69000244140625
298.88800048828125
300.1050109863281
300.3590087890625
300.4679870605469
300.24700927734375
299.7959899902344
299.8949890136719
300.1499938964844
299.2040100097656
300.96600341796875
301.1000061035156
300.45098876953125
300.6080017089844
300.85101318359375
301.0069885253906
292.8789978027344
292.82598876953125
291.9939880371094
292.2340087890625
291.6820068359375
292.4150085449219
293.9440002441406
293.343994140625
293.49798583984375
293.0
293.2070007324219
293.35400390625
292.5260009765625
292.5719909667969
294.2439880371094
294.4519958496094
294.61199951171875
294.8089904785156
293.9129943847656
294.03900146484375
294.17999267578125
293.7720031738281
295.7879943847656
296.0369873046875
295.0989990234375
295.32501220703125
295.48699951171875
295.5979919433594
295.0260009765625
294.8819885253906
296.35699462890625
296.50799560546875
296.64801025390625
296.8500061035156
296.2720031738281
295.8909912109375
296.13299560546875
295.6830139160156
297.2179870605469
297.4679870605469
296.9339904785156
297.5559997558594
297.1260070800781
297.3529968261719
307.7650146484375
307.1050109863281
307.3169860839844
307.5580139160156
306.8890075683594
307.3970031738281
308.60101318359375
308.20098876953125
308.125
308.2919921875
308.2349853515625
307.5409851074219
307.8219909667969
308.072998046875
309.4289855957031
309.7070007324219
308.9330139160156
309.10699462890625
309.0169982910156
309.1570129394531
308.6109924316406
308.3630065917969
310.04400634765625
310.2959899902344
309.85699462890625
310.3630065917969
309.8940124511719
309.85400390625
310.0660095214844
309.4849853515625
311.1759948730469
311.6130065917969
311.1910095214844
311.4440002441406
310.64801025390625
310.83599853515625
310.7229919433594
310.8949890136719
311.9200134277344
311.8089904785156
311.3909912109375
311.6700134277344
302.4679870605469
301.6470031738281
303.0920104980469
303.2309875488281
302.6700134277344
302.677001953125
302.885009765625
302.5950012207031
301.93499755859375
302.2130126953125
304.08599853515625
304.3810119628906
303.9809875488281
303.3900146484375
303.8030090332031
303.6199951171875
303.57598876953125
302.7969970703125
304.91900634765625
304.739013671875
305.0260009765625
305.2909851074219
304.5260009765625
304.4530029296875
304.6000061035156
304.593994140625
305.80999755859375
305.89599609375
305.6189880371094
305.8500061035156
305.4800109863281
305.25201416015625
305.37799072265625
305.5559997558594
306.4649963378906
306.7720031738281
306.8089904785156
306.7669982910156
306.0920104980469
306.3789978027344
306.5799865722656
306.24700927734375
308.0790100097656
307.4519958496094
307.52099609375
307.6130065917969
307.9230041503906
307.1510009765625
306.91400146484375
307.1600036621094
309.07000732421875
308.4159851074219
308.4320068359375
308.7430114746094
308.67999267578125
308.09698486328125
303.90399169921875
305.49200439453125
304.85198974609375
305.08099365234375
304.69000244140625
305.7980041503906
305.3370056152344
306.9670104980469
306.5610046386719
306.1239929199219
307.68499755859375
307.9179992675781
307.3340148925781
307.45098876953125
306.73699951171875
308.2569885253906
308.3800048828125
308.0780029296875
308.03900146484375
309.1889953613281
310.3070068359375
309.8210144042969
309.9830017089844
309.32598876953125
309.5409851074219
302.27398681640625
301.4230041503906
301.4490051269531
301.7040100097656
301.760009765625
301.2300109863281
302.9700012207031
302.7489929199219
302.1499938964844
302.3900146484375
302.6400146484375
301.9840087890625
302.4930114746094
302.0509948730469
303.7760009765625
303.60699462890625
303.6579895019531
302.9209899902344
303.14801025390625
303.28900146484375
302.6199951171875
302.8760070800781
304.8179931640625
304.2349853515625
304.2959899902344
304.4230041503906
304.45098876953125
304.03900146484375
303.9580078125
303.47100830078125
306.0690002441406
305.6059875488281
305.7239990234375
305.03399658203125
305.0719909667969
305.1549987792969
305.4150085449219
304.75201416015625
306.7539978027344
306.2449951171875
306.5329895019531
306.36199951171875
306.4179992675781
305.72601318359375
305.9639892578125
305.5350036621094
307.5880126953125
307.8059997558594
307.0270080566406
307.1000061035156
307.3609924316406
307.2539978027344
306.84600830078125
306.9750061035156
308.5669860839844
308.3420104980469
308.3970031738281
307.885986328125
307.9739990234375
307.5329895019531
308.02398681640625
307.385986328125
309.0559997558594
309.10699462890625
309.3689880371094
309.2820129394531
308.74700927734375
308.79400634765625
308.24700927734375
296.2950134277344
296.2909851074219
295.82000732421875
297.0379943847656
296.7619934082031
296.9100036621094
296.43701171875
296.5889892578125
296.7430114746094
295.9570007324219
296.0350036621094
298.2279968261719
297.6789855957031
297.8909912109375
298.0429992675781
297.1310119628906
297.25299072265625
297.5140075683594
297.4339904785156
299.0870056152344
299.3340148925781
298.52099609375
298.5350036621094
298.81201171875
298.7950134277344
298.35699462890625
297.9830017089844
300.5710144042969
300.1919860839844
300.35101318359375
299.63800048828125
299.864013671875
299.24798583984375
299.4679870605469
298.9840087890625
300.9309997558594
301.0159912109375
300.7590026855469
300.322998046875
300.3970031738281
300.6570129394531
299.8680114746094
299.9800109863281
302.072998046875
301.50299072265625
301.73699951171875
301.0039978027344
301.1839904785156
301.3580017089844
301.59698486328125
300.6709899902344
302.3900146484375
302.64898681640625
302.8009948730469
302.1189880371094
302.2040100097656
302.4639892578125
302.2869873046875
301.9169921875
303.4280090332031
303.6809997558594
303.3580017089844
302.8059997558594
302.9580078125
303.218994140625
302.572998046875
303.0639953613281
303.9620056152344
304.197998046875
304.447998046875
303.62200927734375
303.7439880371094
304.0069885253906
303.85101318359375
303.1730041503906
300.48699951171875
300.6889953613281
302.36199951171875
302.0799865722656
302.3890075683594
301.7760009765625
301.760986328125
301.1510009765625
301.4429931640625
301.4679870605469
303.02099609375
303.02801513671875
303.2640075683594
302.7139892578125
302.7409973144531
302.0820007324219
285.5119934082031
284.7640075683594
284.97601318359375
284.17999267578125
284.1409912109375
284.3280029296875
284.54901123046875
283.9849853515625
285.3689880371094
285.5719909667969
284.8290100097656
285.0199890136719
284.5880126953125
285.8580017089844
286.04901123046875
285.3110046386719
287.2149963378906
286.322998046875
286.5450134277344
286.68701171875
286.72900390625
286.27801513671875
285.9469909667969
286.0929870605469
288.06201171875
288.2659912109375
287.5299987792969
287.74200439453125
287.0880126953125
287.2619934082031
286.9020080566406
286.9949951171875
289.12799072265625
289.28399658203125
288.6090087890625
288.7619934082031
288.13800048828125
288.34100341796875
287.6099853515625
287.802001953125
289.875
290.0199890136719
289.6390075683594
289.8210144042969
289.1820068359375
289.3940124511719
288.70001220703125
288.84100341796875
290.0740051269531
290.27099609375
290.3970031738281
290.5979919433594
289.74798583984375
301.50201416015625
302.3710021972656
301.8819885253906
302.1090087890625
301.58099365234375
301.7510070800781
301.9540100097656
301.239990234375
301.34100341796875
302.9440002441406
302.91900634765625
303.1719970703125
302.38800048828125
302.54998779296875
302.7309875488281
302.7019958496094
302.2650146484375
303.656005859375
303.89898681640625
303.343994140625
303.67401123046875
303.1159973144531
303.3420104980469
303.5559997558594
302.8699951171875
304.2749938964844
304.531005859375
304.6210021972656
303.9360046386719
304.072998046875
304.3290100097656
304.1619873046875
303.7380065917969
305.2229919433594
304.6239929199219
304.864013671875
305.10699462890625
304.4490051269531
305.364990234375
304.9750061035156
305.18701171875
306.1659851074219
306.31298828125
305.4649963378906
305.6059875488281
305.4949951171875
305.7130126953125
305.1679992675781
305.42401123046875
306.71600341796875
306.8420104980469
306.4230041503906
306.8999938964844
306.5140075683594
306.6579895019531
305.9599914550781
305.99700927734375
308.12799072265625
308.3089904785156
307.7030029296875
307.62200927734375
307.14300537109375
307.1159973144531
307.2640075683594
307.5220031738281
308.97601318359375
308.7879943847656
308.78399658203125
308.93798828125
308.4519958496094
308.46600341796875
307.8030090332031
307.9880065917969
305.05999755859375
305.1419982910156
304.5350036621094
304.8580017089844
304.6629943847656
304.7170104980469
304.3399963378906
309.1990051269531
306.3559875488281
305.94500732421875
306.0740051269531
305.8340148925781
305.3280029296875
305.6440124511719
305.4700012207031
305.5090026855469
307.3030090332031
306.65399169921875
306.489990234375
306.7149963378906
306.9360046386719
306.1610107421875
306.25
306.5140075683594
308.14801025390625
307.2909851074219
307.4989929199219
307.7090148925781
307.1400146484375
307.4519958496094
306.85101318359375
307.0679931640625
308.9700012207031
308.3630065917969
308.177001953125
308.4410095214844
307.7439880371094
307.8599853515625
308.125
308.0050048828125
309.1159973144531
309.0899963378906
308.42498779296875
308.69000244140625
308.2560119628906
309.1369934082031
308.4830017089844
308.718994140625
309.8869934082031
309.79998779296875
309.9460144042969
309.47601318359375
309.5820007324219
309.28399658203125
309.5220031738281
308.9419860839844
311.47198486328125
311.0690002441406
311.2080078125
310.6629943847656
310.02099609375
310.2749938964844
310.52899169921875
309.8609924316406
281.3380126953125
282.5710144042969
281.8340148925781
282.0069885253906
281.1659851074219
281.39898681640625
281.7439880371094
281.93701171875
282.8580017089844
283.10699462890625
283.27398681640625
282.3039855957031
282.6189880371094
282.510986328125
282.80999755859375
282.3590087890625
284.8940124511719
284.2770080566406
284.50299072265625
283.68798828125
283.864013671875
283.12799072265625
283.3609924316406
282.7699890136719
285.1759948730469
285.37799072265625
284.7460021972656
284.2650146484375
284.41900634765625
284.6730041503906
283.7560119628906
284.0050048828125
285.68701171875
285.8399963378906
286.0989990234375
285.1600036621094
285.34100341796875
285.64300537109375
285.82598876953125
285.0379943847656
309.031005859375
308.22601318359375
308.3609924316406
307.90899658203125
309.7950134277344
310.0830078125
309.34600830078125
309.3800048828125
309.23199462890625
308.7309875488281
308.7359924316406
309.00299072265625
310.4209899902344
310.59600830078125
310.260986328125
309.9729919433594
310.1860046386719
310.45599365234375
309.4849853515625
309.6709899902344
311.3659973144531
311.42401123046875
311.5270080566406
310.8500061035156
311.02899169921875
311.14599609375
310.72900390625
310.7909851074219
312.4259948730469
311.8280029296875
311.97100830078125
312.10400390625
287.4129943847656
287.69000244140625
286.6470031738281
286.843994140625
286.2869873046875
287.6449890136719
287.1889953613281
287.4280090332031
288.8320007324219
288.09698486328125
288.2950134277344
287.76800537109375
287.7139892578125
287.9540100097656
288.2229919433594
287.24798583984375
290.1099853515625
289.4209899902344
289.5719909667969
288.7139892578125
288.9779968261719
289.28399658203125
289.48199462890625
288.6400146484375
291.3299865722656
290.593994140625
290.87298583984375
290.04400634765625
290.1839904785156
290.51800537109375
290.7040100097656
289.8949890136719
291.8269958496094
292.1090087890625
291.125
291.4230041503906
291.33099365234375
291.7239990234375
291.9389953613281
291.1099853515625
293.2619934082031
292.34698486328125
292.6300048828125
292.75299072265625
292.2569885253906
292.0060119628906
292.2489929199219
291.6319885253906
293.4100036621094
293.69500732421875
292.635009765625
292.9100036621094
294.2019958496094
293.7340087890625
293.9219970703125
293.114990234375
293.7869873046875
293.2860107421875
283.614990234375
283.802001953125
284.031005859375
283.51300048828125
283.7279968261719
285.8900146484375
284.97100830078125
285.15899658203125
284.6709899902344
284.0849914550781
284.2239990234375
284.40301513671875
284.6159973144531
286.65399169921875
286.47900390625
285.7650146484375
285.9540100097656
285.0270080566406
285.2749938964844
286.12701416015625
285.6409912109375
287.6919860839844
287.26800537109375
287.45098876953125
286.7760009765625
287.135009765625
287.3399963378906
286.1919860839844
286.260009765625
289.2980041503906
289.4949951171875
288.593994140625
288.8680114746094
287.81500244140625
287.8500061035156
288.218994140625
288.1369934082031
290.4110107421875
290.5220031738281
289.3760070800781
289.6510009765625
288.7439880371094
288.9440002441406
288.34600830078125
289.927001953125
291.0830078125
291.4280090332031
291.5870056152344
290.7749938964844
290.927001953125
290.6029968261719
290.0740051269531
290.19500732421875
292.1669921875
292.3630065917969
292.593994140625
292.0690002441406
292.2590026855469
291.50799560546875
291.73199462890625
290.8739929199219
293.6449890136719
293.3039855957031
293.50799560546875
292.7550048828125
292.7969970703125
293.0769958496094
293.3009948730469
308.1310119628906
308.8479919433594
308.6000061035156
308.43499755859375
308.2860107421875
308.99798583984375
309.11199951171875
310.25299072265625
310.4289855957031
310.739013671875
310.760009765625
311.2409973144531
311.08599853515625
311.0360107421875
311.85400390625
308.989990234375
309.3999938964844
309.1390075683594
309.38800048828125
309.9330139160156
309.7560119628906
309.6319885253906
310.4580078125
311.5799865722656
311.47698974609375
312.0090026855469
290.09100341796875
289.5790100097656
289.35699462890625
290.0719909667969
290.156005859375
289.8529968261719
289.7770080566406
290.1759948730469
291.3999938964844
290.6730041503906
290.48699951171875
291.1759948730469
291.0320129394531
291.8810119628906
291.7909851074219
291.62200927734375
290.4200134277344
290.2869873046875
290.6780090332031
290.5169982910156
290.41400146484375
291.09698486328125
290.9599914550781
290.7720031738281
292.9930114746094
292.8290100097656
292.7170104980469
293.3800048828125
293.2640075683594
293.92498779296875
293.77099609375
294.1549987792969
291.52398681640625
292.22698974609375
292.0889892578125
291.95098876953125
292.364013671875
292.15899658203125
292.6050109863281
293.07000732421875
294.2139892578125
294.7749938964844
295.156005859375
294.9620056152344
295.3389892578125
295.27301025390625
295.0400085449219
295.6679992675781
293.1449890136719
293.5190124511719
293.3630065917969
294.0299987792969
293.89300537109375
294.70098876953125
294.5190124511719
294.41400146484375
296.3760070800781
296.2359924316406
296.9150085449219
296.6910095214844
295.7550048828125
295.4320068359375
295.48199462890625
296.25201416015625
296.1239929199219
296.77801513671875
296.625
295.89801025390625
283.4339904785156
298.1440124511719
297.9100036621094
297.7799987792969
297.6400146484375
298.5920104980469
298.43701171875
299.9410095214844
299.7019958496094
299.5799865722656
300.0400085449219
299.8940124511719
300.4419860839844
300.2760009765625
300.6419982910156
298.2349853515625
298.7349853515625
298.5979919433594
298.8869934082031
299.48699951171875
299.2900085449219
299.1650085449219
298.9729919433594
301.10101318359375
301.7080078125
301.4580078125
302.19500732421875
302.0350036621094
301.8890075683594
301.63800048828125
302.5769958496094
300.8269958496094
300.56201171875
300.4670104980469
301.08599853515625
301.0069885253906
300.7409973144531
300.9280090332031
301.3080139160156
303.12701416015625
302.8919982910156
303.6789855957031
303.77899169921875
303.5950012207031
303.364013671875
304.1759948730469
303.9320068359375
302.3110046386719
302.2359924316406
302.41900634765625
302.99200439453125
302.7359924316406
302.5249938964844
303.2359924316406
302.68798828125
304.5299987792969
305.3609924316406
305.260986328125
304.9909973144531
305.12701416015625
305.5320129394531
305.3909912109375
304.0169982910156
304.6210021972656
304.39898681640625
304.1619873046875
304.8479919433594
304.3210144042969
304.99798583984375
304.7640075683594
285.2820129394531
285.4389953613281
284.97900390625
285.510986328125
284.8110046386719
285.9599914550781
285.3179931640625
287.5539855957031
286.8949890136719
287.968994140625
287.4159851074219
288.0710144042969
287.92999267578125
288.43701171875
288.5870056152344
286.27099609375
285.7980041503906
285.8340148925781
286.0320129394531
286.5119934082031
286.6499938964844
287.0329895019531
286.3080139160156
288.6520080566406
288.1510009765625
288.5039978027344
282.17999267578125
282.34698486328125
282.968994140625
283.12799072265625
282.6310119628906
282.8089904785156
283.35101318359375
283.593994140625
281.76800537109375
282.2969970703125
282.5899963378906
282.10101318359375
286.3580017089844
286.5469970703125
286.9110107421875
283.98699951171875
284.15301513671875
284.55999755859375
284.7869873046875
285.1579895019531
285.3789978027344
285.75799560546875
285.97198486328125
284.0039978027344
283.510986328125
284.52099609375
283.9779968261719
284.0299987792969
284.260986328125
284.9389953613281
285.1400146484375
282.8900146484375
283.0830078125
283.53900146484375
283.7659912109375
282.9490051269531
283.2019958496094
283.8179931640625
283.72900390625
286.57598876953125
285.52099609375
286.1369934082031
286.3160095214844
286.4100036621094
286.6520080566406
286.9800109863281
287.2239990234375
284.5830078125
285.4679870605469
285.22698974609375
284.385009765625
286.0799865722656
285.0480041503906
285.7250061035156
285.89599609375
289.24200439453125
288.4020080566406
289.87298583984375
289.06201171875
290.4460144042969
289.6449890136719
291.07598876953125
290.27801513671875
287.3330078125
287.49200439453125
287.85101318359375
287.06201171875
287.5769958496094
288.0069885253906
288.6510009765625
287.5790100097656
289.76300048828125
290.0260009765625
290.42498779296875
290.5669860839844
290.968994140625
291.2340087890625
291.5740051269531
291.843994140625
291.677001953125
290.8429870605469
288.0950012207031
291.4440002441406
288.55499267578125
288.72900390625
289.1409912109375
289.40899658203125
297.2510070800781
296.739990234375
296.843994140625
297.02801513671875
297.72698974609375
296.9079895019531
298.02398681640625
298.56298828125
298.7720031738281
298.98699951171875
297.9519958496094
297.5220031738281
297.8210144042969
297.322998046875
297.6109924316406
298.2040100097656
300.86199951171875
299.2699890136719
299.71099853515625
302.0199890136719
301.80999755859375
302.781005859375
302.3370056152344
301.64300537109375
303.0799865722656
286.2040100097656
286.37799072265625
286.7330017089844
286.9429931640625
287.3210144042969
287.4620056152344
287.8349914550781
288.05499267578125
286.6809997558594
286.87799072265625
287.22900390625
287.4159851074219
285.97100830078125
287.60198974609375
289.18499755859375
289.4490051269531
289.7030029296875
288.9960021972656
290.18499755859375
289.5459899902344
290.6929931640625
289.989013671875
288.6159973144531
287.64801025390625
288.2560119628906
288.3949890136719
289.12701416015625
288.6619873046875
289.6549987792969
288.9159851074219
291.031005859375
291.2149963378906
291.6940002441406
291.84698486328125
291.53900146484375
292.14801025390625
291.78900146484375
291.9540100097656
290.260986328125
290.5270080566406
290.80499267578125
290.0480041503906
290.9700012207031
290.5790100097656
291.3349914550781
291.4739990234375
292.4110107421875
292.5669860839844
293.0849914550781
292.1940002441406
292.87298583984375
293.093994140625
293.28399658203125
305.75
306.06201171875
306.2349853515625
306.489990234375
306.3089904785156
306.6669921875
306.427001953125
306.66900634765625
305.2229919433594
305.4830017089844
305.92498779296875
305.2590026855469
307.77398681640625
307.7820129394531
308.322998046875
308.3559875488281
308.8900146484375
308.8529968261719
308.4739990234375
308.6889953613281
307.19500732421875
307.1830139160156
306.98199462890625
306.9169921875
307.4729919433594
307.4930114746094
308.0039978027344
308.2049865722656
310.3970031738281
310.5610046386719
310.3330078125
310.5060119628906
310.8659973144531
310.8590087890625
311.218994140625
311.3039855957031
309.1719970703125
309.2120056152344
309.5589904785156
309.6189880371094
309.4360046386719
309.7449951171875
310.0329895019531
309.9960021972656
311.1409912109375
311.42999267578125
309.0169982910156
309.45098876953125
309.6180114746094
309.64599609375
309.4410095214844
310.2659912109375
309.9330139160156
311.6610107421875
310.89898681640625
311.1440124511719
311.4519958496094
311.8219909667969
311.385009765625
311.625
311.8139953613281
310.4800109863281
309.9909973144531
310.43798828125
310.44000244140625
310.8999938964844
310.2489929199219
310.9779968261719
310.6520080566406
312.61700439453125
311.8299865722656
312.2539978027344
312.25201416015625
312.5639953613281
312.802001953125
311.9830017089844
312.6669921875
288.6570129394531
289.2179870605469
288.47900390625
290.1099853515625
290.343994140625
290.9800109863281
290.9670104980469
290.6510009765625
290.7239990234375
291.2179870605469
291.45599365234375
289.6910095214844
289.0169982910156
290.2359924316406
289.4809875488281
290.5429992675781
290.0320129394531
289.56298828125
289.7770080566406
292.7090148925781
292.8550109863281
292.3550109863281
292.5679931640625
293.02899169921875
293.2590026855469
293.5920104980469
293.7969970703125
291.5379943847656
291.0870056152344
291.95599365234375
291.3389892578125
292.2829895019531
291.8059997558594
291.92999267578125
292.0799865722656
294.3609924316406
294.49200439453125
294.7770080566406
294.1130065917969
294.385009765625
294.625
295.0690002441406
295.0840148925781
293.3399963378906
292.91900634765625
294.12298583984375
293.125
293.6789855957031
293.9169921875
294.02398681640625
294.2030029296875
294.9020080566406
295.26800537109375
295.3800048828125
295.5790100097656
286.2640075683594
285.7760009765625
286.81500244140625
286.0660095214844
287.4280090332031
286.55999755859375
286.90899658203125
287.1830139160156
285.45001220703125
285.71099853515625
286.2239990234375
285.2850036621094
285.80999755859375
286.0719909667969
287.81201171875
288.13299560546875
288.60101318359375
288.7340087890625
288.89300537109375
288.3009948730469
289.2040100097656
288.7080078125
287.5610046386719
286.6719970703125
288.0379943847656
287.2980041503906
288.6409912109375
287.79998779296875
288.0169982910156
288.4119873046875
290.9989929199219
290.20098876953125
290.5830078125
290.7650146484375
291.0929870605469
290.31500244140625
289.4909973144531
290.9739990234375
289.80999755859375
289.0379943847656
289.3299865722656
289.5820007324219
289.9219970703125
289.20098876953125
290.3550109863281
289.7959899902344
291.6400146484375
291.83599853515625
292.35101318359375
291.5559997558594
292.95599365234375
292.08599853515625
293.239990234375
292.7130126953125
290.072998046875
289.31500244140625
290.6669921875
289.8970031738281
291.25799560546875
290.4679870605469
291.35101318359375
291.06500244140625
286.1659851074219
286.27899169921875
286.4779968261719
286.89300537109375
287.0880126953125
287.61199951171875
287.7460021972656
288.2049865722656
288.33599853515625
288.6470031738281
288.8320007324219
289.2330017089844
289.4219970703125
286.41400146484375
286.55499267578125
286.9540100097656
287.2139892578125
287.4840087890625
287.6709899902344
288.052001953125
288.2569885253906
290.5429992675781
290.6960144042969
286.5
286.6940002441406
287.0950012207031
287.3210144042969
287.70098876953125
287.93499755859375
288.72698974609375
288.989013671875
289.37799072265625
289.50299072265625
290.17401123046875
289.7090148925781
289.7820129394531
290.04400634765625
290.6390075683594
290.8840026855469
291.1409912109375
291.3179931640625
291.6789855957031
291.6340026855469
291.2770080566406
291.4129943847656
288.30499267578125
288.54400634765625
288.93798828125
289.0920104980469
289.4840087890625
289.7080078125
290.0899963378906
290.2539978027344
293.0669860839844
293.2919921875
292.57501220703125
292.822998046875
293.2869873046875
293.5559997558594
293.1600036621094
291.9880065917969
292.1159973144531
291.7590026855469
291.72198486328125
292.0090026855469
292.19500732421875
292.4469909667969
292.697998046875
294.2489929199219
294.4750061035156
295.0459899902344
293.9599914550781
294.614990234375
294.74200439453125
295.1059875488281
295.2900085449219
293.4540100097656
293.79901123046875
294.05999755859375
294.6300048828125
293.56201171875
297.1919860839844
296.5830078125
296.989990234375
297.302001953125
297.75299072265625
298.0379943847656
298.4309997558594
298.61700439453125
295.46099853515625
295.6239929199219
296.2449951171875
295.3529968261719
295.8110046386719
296.0329895019531
296.7019958496094
295.8330078125
298.0570068359375
298.2200012207031
298.7799987792969
298.1889953613281
298.5459899902344
298.6919860839844
298.97198486328125
299.2799987792969
299.0530090332031
299.239013671875
295.1499938964844
299.5190124511719
295.4700012207031
295.66900634765625
297.5559997558594
295.9440002441406
299.4159851074219
298.8599853515625
290.6300048828125
291.4360046386719
290.885986328125
290.9930114746094
290.760986328125
291.25799560546875
291.7030029296875
292.1260070800781
292.8890075683594
292.59600830078125
292.3070068359375
293.6409912109375
293.4469909667969
292.739990234375
293.0669860839844
291.3949890136719
291.8760070800781
291.7959899902344
291.5360107421875
291.78399658203125
292.7690124511719
292.1839904785156
292.04400634765625
294.8380126953125
294.5769958496094
294.2300109863281
293.99798583984375
295.281005859375
295.47698974609375
295.3280029296875
295.2340087890625
294.11700439453125
293.8710021972656
293.3110046386719
293.1419982910156
294.9949951171875
293.72100830078125
294.6400146484375
294.4800109863281
297.1910095214844
296.9639892578125
297.0539855957031
296.40301513671875
297.5580139160156
297.42999267578125
296.7099914550781
297.2879943847656
296.0920104980469
296.0920104980469
295.5790100097656
295.7560119628906
296.7560119628906
296.5920104980469
296.2860107421875
295.8909912109375
299.2860107421875
298.87799072265625
298.7359924316406
297.7139892578125
297.5400085449219
297.1600036621094
297.94500732421875
298.2139892578125
298.1109924316406
298.4859924316406
298.447998046875
307.5419921875
307.2229919433594
306.9110107421875
306.59100341796875
307.5
308.16900634765625
307.3169860839844
307.802001953125
307.1780090332031
309.35699462890625
309.32000732421875
308.5929870605469
308.7669982910156
309.37298583984375
310.0580139160156
309.1400146484375
309.74200439453125
308.4020080566406
308.4639892578125
307.9530029296875
307.68499755859375
309.1239929199219
308.8599853515625
308.3030090332031
308.3599853515625
310.74200439453125
311.5039978027344
310.6419982910156
311.2659912109375
311.9289855957031
311.8089904785156
311.23199462890625
310.9779968261719
310.3529968261719
310.5429992675781
309.81201171875
309.5690002441406
310.989990234375
310.66900634765625
310.28399658203125
310.0249938964844
312.6310119628906
312.510009765625
312.4320068359375
312.2019958496094
313.14599609375
312.9679870605469
311.5260009765625
312.2300109863281
312.0159912109375
311.79901123046875
312.9339904785156
312.6579895019531
312.2179870605469
312.2019958496094
303.718994140625
303.7460021972656
303.6839904785156
303.9219970703125
304.1440124511719
303.8689880371094
304.5350036621094
304.2669982910156
303.2929992675781
303.0050048828125
302.7690124511719
303.5610046386719
305.4570007324219
305.989013671875
305.5169982910156
305.6029968261719
306.5010070800781
306.2170104980469
306.0249938964844
305.9679870605469
304.47198486328125
304.7409973144531
304.6709899902344
304.69000244140625
305.0780029296875
305.6549987792969
305.1679992675781
304.89599609375
307.4779968261719
308.2699890136719
307.2489929199219
307.7820129394531
308.0329895019531
308.75799560546875
308.06298828125
308.1679992675781
306.79901123046875
306.89300537109375
306.42498779296875
306.9410095214844
307.2619934082031
307.69500732421875
306.74798583984375
307.3340148925781
310.2080078125
310.1510009765625
309.73199462890625
309.4259948730469
309.84698486328125
309.3320007324219
309.10198974609375
308.6449890136719
308.5880126953125
309.2070007324219
309.68499755859375
308.8580017089844
309.4309997558594
308.8110046386719
309.0539855957031
311.61199951171875
311.2919921875
309.2969970703125
286.03399658203125
286.7569885253906
285.50299072265625
286.239990234375
287.0769958496094
287.7850036621094
286.5559997558594
287.2699890136719
284.8869934082031
285.2850036621094
284.64599609375
285.7619934082031
285.5880126953125
285.1449890136719
284.92999267578125
288.04998779296875
290.27301025390625
287.8349914550781
287.6990051269531
290.57000732421875
286.2850036621094
286.1210021972656
287.5979919433594
285.8039855957031
287.3420104980469
287.1419982910156
286.8179931640625
286.6260070800781
300.08099365234375
300.8389892578125
299.8760070800781
300.3080139160156
300.52301025390625
301.1839904785156
300.8909912109375
300.6629943847656
302.8240051269531
302.5740051269531
302.2239990234375
302.85699462890625
303.1189880371094
303.73199462890625
302.5790100097656
303.0820007324219
301.4590148925781
301.28900146484375
301.0610046386719
301.5870056152344
301.8030090332031
302.35198974609375
301.9590148925781
302.0830078125
304.7560119628906
304.5899963378906
304.0899963378906
304.9309997558594
305.1409912109375
304.9989929199219
304.38299560546875
305.3349914550781
303.2969970703125
304.0690002441406
303.55499267578125
303.36700439453125
303.8190002441406
304.2170104980469
303.9259948730469
304.29901123046875
306.5870056152344
306.5679931640625
306.114013671875
306.8349914550781
307.0369873046875
307.4739990234375
306.9460144042969
306.8030090332031
305.4949951171875
305.9469909667969
305.4540100097656
305.21600341796875
306.3290100097656
306.2300109863281
305.83599853515625
305.5929870605469
307.2489929199219
307.96600341796875
307.4989929199219
307.2200012207031
308.15899658203125
308.0639953613281
307.8389892578125
307.718994140625
305.6080017089844
305.6789855957031
305.3240051269531
305.7850036621094
307.26300048828125
307.3280029296875
306.8739929199219
307.4100036621094
307.6889953613281
308.2229919433594
307.2049865722656
307.7170104980469
306.0790100097656
306.5920104980469
305.85699462890625
306.1319885253906
306.6610107421875
306.9460144042969
306.44000244140625
306.49200439453125
309.38299560546875
309.28399658203125
308.7829895019531
309.51300048828125
309.64801025390625
309.802001953125
310.0140075683594
309.7409973144531
308.010986328125
308.4939880371094
308.0840148925781
308.1629943847656
308.9259948730469
309.0889892578125
308.56298828125
308.9540100097656
311.15301513671875
310.99700927734375
310.97100830078125
309.9440002441406
310.64300537109375
310.3070068359375
310.21600341796875
310.32501220703125
311.1319885253906
310.15301513671875
310.59100341796875
291.135986328125
290.89599609375
290.5719909667969
291.4800109863281
291.35101318359375
291.8349914550781
291.6300048828125
293.60101318359375
293.4490051269531
292.73199462890625
292.7349853515625
294.4840087890625
293.2049865722656
294.1700134277344
294.0119934082031
291.9100036621094
292.4649963378906
292.3550109863281
292.12701416015625
292.989013671875
293.0769958496094
292.2170104980469
292.60101318359375
295.8599853515625
295.74200439453125
295.0849914550781
295.260009765625
296.218994140625
296.06298828125
295.5929870605469
295.3580017089844
294.3240051269531
294.0790100097656
293.72100830078125
293.5639953613281
294.9639892578125
294.593994140625
294.7860107421875
294.76300048828125
296.53399658203125
281.7250061035156
289.3089904785156
289.1579895019531
288.8089904785156
288.64801025390625
289.9599914550781
290.9100036621094
289.8039855957031
289.63800048828125
288.39801025390625
292.6759948730469
292.531005859375
291.7650146484375
292.1470031738281
293.0069885253906
292.8710021972656
292.3890075683594
292.197998046875
291.1789855957031
291.1239929199219
291.3450012207031
291.3370056152344
291.5769958496094
291.9620056152344
291.90399169921875
291.7090148925781
293.8890075683594
294.3210144042969
292.7309875488281
293.6340026855469
293.4219970703125
293.1029968261719
292.95098876953125
295.52301025390625
281.8340148925781
284.0459899902344
283.81298828125
283.4530029296875
283.2170104980469
284.0950012207031
283.9079895019531
283.5
283.2959899902344
282.0690002441406
281.86700439453125
282.2590026855469
282.552001953125
282.9880065917969
282.9460144042969
282.71099853515625
286.3599853515625
286.1809997558594
285.7980041503906
285.5799865722656
286.4440002441406
286.29901123046875
285.89599609375
285.65899658203125
285.2139892578125
284.99200439453125
284.6310119628906
284.406005859375
285.29901123046875
285.072998046875
284.7040100097656
284.4840087890625
287.9809875488281
288.7569885253906
287.33099365234375
288.22698974609375
289.1809997558594
289.94000244140625
288.6029968261719
289.35198974609375
287.2659912109375
287.2380065917969
286.9549865722656
286.7539978027344
287.7130126953125
287.5799865722656
286.989013671875
286.8529968261719
289.7590026855469
290.1839904785156
280.87200927734375
281.7309875488281
281.5039978027344
281.156005859375
280.9169921875
281.0660095214844
281.5559997558594
282.35699462890625
282.031005859375
281.8089904785156
282.0530090332031
282.5450134277344
282.51300048828125
282.10101318359375
299.2120056152344
298.7279968261719
298.3909912109375
298.5409851074219
299.58099365234375
298.90899658203125
298.9700012207031
299.1679992675781
297.8160095214844
297.97601318359375
298.0660095214844
297.56500244140625
298.1549987792969
298.2510070800781
298.37701416015625
297.7049865722656
300.5400085449219
300.6440124511719
300.86199951171875
299.9779968261719
301.4049987792969
301.04901123046875
300.7359924316406
300.97698974609375
299.59698486328125
299.7430114746094
299.35198974609375
299.4530029296875
300.1789855957031
300.2980041503906
300.46099853515625
299.8919982910156
302.9169921875
302.5589904785156
302.43499755859375
301.9630126953125
303.52398681640625
302.7300109863281
303.0270080566406
302.8630065917969
301.8009948730469
301.1510009765625
301.2489929199219
301.50799560546875
302.27801513671875
302.0889892578125
302.1289978027344
301.69500732421875
304.38299560546875
304.4490051269531
303.8160095214844
304.0329895019531
304.614990234375
304.9309997558594
304.864013671875
304.14599609375
303.864013671875
303.20001220703125
303.7019958496094
303.2909851074219
304.2510070800781
303.9750061035156
303.42498779296875
303.6510009765625
305.2229919433594
304.65301513671875
293.8269958496094
293.4460144042969
293.64300537109375
294.49200439453125
295.5459899902344
295.1650085449219
295.3550109863281
295.24200439453125
295.4830017089844
294.7149963378906
294.9259948730469
294.239990234375
294.42999267578125
293.489990234375
293.70599365234375
294.62701416015625
294.84100341796875
293.8800048828125
294.072998046875
297.22100830078125
296.7640075683594
296.489990234375
296.6090087890625
297.5849914550781
297.73199462890625
296.86199951171875
297.10699462890625
295.62799072265625
295.9840087890625
295.8710021972656
295.9309997558594
296.85400390625
296.1400146484375
296.34600830078125
296.5610046386719
298.77899169921875
298.9010009765625
298.125
298.1099853515625
299.2550048828125
298.92999267578125
299.06500244140625
298.5559997558594
297.87799072265625
297.22100830078125
297.36700439453125
296.9519958496094
298.4429931640625
298.3559875488281
298.010009765625
297.7749938964844
299.4219970703125
299.4909973144531
299.70599365234375
299.7380065917969
300.42401123046875
299.9849853515625
300.114013671875
285.8739929199219
286.0169982910156
285.1809997558594
285.3280029296875
286.1669921875
286.3179931640625
286.5450134277344
285.6499938964844
283.8030090332031
284.5889892578125
284.8009948730469
284.031005859375
284.2300109863281
288.3030090332031
287.9259948730469
288.10101318359375
287.4670104980469
288.5299987792969
288.739990234375
288.01300048828125
288.15399169921875
287.552001953125
286.82000732421875
287.031005859375
286.5899963378906
287.6189880371094
286.9100036621094
287.0769958496094
287.385986328125
289.8739929199219
289.510009765625
290.6990051269531
290.89300537109375
290.9880065917969
290.2200012207031
290.4219970703125
289.6929931640625
289.06298828125
289.2799987792969
289.4630126953125
288.3450012207031
290.1520080566406
290.364013671875
289.64599609375
289.781005859375
292.5780029296875
291.97100830078125
292.1679992675781
291.7030029296875
292.52801513671875
292.6700134277344
292.9169921875
292.42999267578125
291.6059875488281
291.5719909667969
291.1830139160156
290.760009765625
291.89599609375
292.0270080566406
291.2720031738281
291.3340148925781
292.968994140625
293.20599365234375
293.3529968261719
280.9809875488281
281.31298828125
281.2049865722656
280.4100036621094
282.02301025390625
282.2279968261719
281.73199462890625
281.4670104980469
280.3949890136719
280.6419982910156
280.1839904785156
284.0570068359375
284.2669982910156
283.2489929199219
283.510986328125
284.6319885253906
284.8210144042969
283.7590026855469
283.8760070800781
282.322998046875
282.72900390625
282.53900146484375
281.76300048828125
283.7070007324219
283.197998046875
283.4330139160156
282.822998046875
285.8389892578125
285.2799987792969
285.5190124511719
285.0039978027344
288.13299560546875
289.2439880371094
287.7650146484375
290.7929992675781
291.5270080566406
290.9859924316406
290.4930114746094
290.64599609375
289.7489929199219
289.9330139160156
290.39300537109375
292.7749938964844
291.9549865722656
291.82501220703125
291.09100341796875
291.3500061035156
292.2139892578125
292.4360046386719
291.6549987792969
293.77801513671875
293.9880065917969
294.2969970703125
294.125
293.1289978027344
293.3760070800781
295.72198486328125
295.1719970703125
296.59698486328125
296.8529968261719
297.1499938964844
296.23199462890625
296.3659973144531
295.4330139160156
294.3710021972656
294.6050109863281
294.8370056152344
295.0790100097656
295.9429931640625
296.218994140625
295.2749938964844
295.5679931640625
297.9530029296875
297.8890075683594
298.16900634765625
298.41900634765625
298.3179931640625
298.4289855957031
298.7460021972656
297.6510009765625
297.4800109863281
297.2799987792969
296.72698974609375
296.8349914550781
297.4129943847656
297.72698974609375
297.75
297.2349853515625
298.8630065917969
299.17999267578125
299.2980041503906
298.71600341796875
299.7239990234375
299.87799072265625
283.28900146484375
299.77099609375
299.0369873046875
299.1709899902344
298.8739929199219
299.9630126953125
299.1789855957031
299.343994140625
299.60699462890625
297.8739929199219
298.01800537109375
297.489990234375
298.3890075683594
298.43499755859375
298.62701416015625
298.7770080566406
301.3869934082031
301.1409912109375
301.26800537109375
300.7309875488281
301.60400390625
301.56298828125
301.76300048828125
301.98699951171875
300.5329895019531
300.4469909667969
300.0270080566406
299.6960144042969
300.9440002441406
301.10400390625
300.2239990234375
300.1709899902344
303.5069885253906
303.61199951171875
302.79400634765625
303.0090026855469
303.7799987792969
303.9100036621094
304.125
304.1889953613281
302.5799865722656
302.0849914550781
302.2699890136719
302.4230041503906
303.2030029296875
303.4179992675781
302.7149963378906
302.4309997558594
305.1960144042969
305.6969909667969
305.25
305.1759948730469
306.0450134277344
305.3819885253906
305.63299560546875
305.8999938964844
304.88299560546875
304.3590087890625
304.63299560546875
304.3380126953125
305.3710021972656
304.5480041503906
304.8070068359375
305.0639953613281
306.6820068359375
306.9429931640625
306.5419921875
305.8590087890625
306.1210021972656
306.3559875488281
307.2019958496094
306.239013671875
306.4679870605469
306.7239990234375
300.91400146484375
301.0320129394531
301.3330078125
300.3009948730469
301.3479919433594
301.64801025390625
301.760986328125
301.4649963378906
300.47198486328125
299.9289855957031
303.09698486328125
302.4070129394531
303.510009765625
303.0329895019531
303.4440002441406
303.29400634765625
302.6159973144531
302.8190002441406
301.70001220703125
301.9779968261719
302.26300048828125
302.1449890136719
303.21099853515625
302.47100830078125
302.51800537109375
302.7130126953125
304.7090148925781
304.9590148925781
304.1969909667969
304.17498779296875
305.1470031738281
304.4200134277344
305.1510009765625
304.4809875488281
303.635009765625
303.9219970703125
304.21600341796875
303.3819885253906
304.4809875488281
303.5799865722656
303.7850036621094
304.0150146484375
306.0690002441406
306.2409973144531
305.41400146484375
305.625
306.8420104980469
306.06201171875
306.6319885253906
306.14898681640625
305.27398681640625
305.32598876953125
304.5610046386719
304.864990234375
305.8699951171875
305.4540100097656
305.7179870605469
305.22100830078125
308.0409851074219
308.2820129394531
307.2539978027344
307.4909973144531
307.7770080566406
307.3380126953125
307.0150146484375
306.3420104980469
306.5920104980469
307.7659912109375
307.58599853515625
306.85198974609375
307.1090087890625
284.21600341796875
283.67401123046875
283.8900146484375
283.9469909667969
282.0570068359375
283.1929931640625
286.1109924316406
286.39599609375
285.4809875488281
285.8269958496094
286.62200927734375
286.9049987792969
286.3039855957031
285.9200134277344
284.25299072265625
284.48199462890625
284.6730041503906
286.0799865722656
284.9530029296875
285.3349914550781
285.1789855957031
288.1390075683594
288.31201171875
288.5260009765625
287.885986328125
288.5920104980469
288.85101318359375
289.0360107421875
287.9549865722656
286.4670104980469
287.343994140625
287.55499267578125
286.3689880371094
287.4739990234375
287.6579895019531
286.75799560546875
286.9729919433594
291.135009765625
291.3710021972656
290.2139892578125
290.4880065917969
292.5369873046875
291.6050109863281
291.8840026855469
290.9330139160156
289.5119934082031
289.7619934082031
288.9490051269531
289.1579895019531
290.6619873046875
289.6369934082031
289.822998046875
290.15301513671875
293.1600036621094
292.9880065917969
293.1839904785156
292.5559997558594
293.5260009765625
293.7239990234375
292.68798828125
292.89898681640625
292.21099853515625
291.4809875488281
292.8429870605469
292.25299072265625
292.67999267578125
292.34100341796875
291.7860107421875
291.9540100097656
293.26800537109375
283.6300048828125
284.3070068359375
284.1409912109375
284.88800048828125
283.5660095214844
283.2409973144531
283.03399658203125
283.8070068359375
282.4540100097656
283.1830139160156
282.9599914550781
283.7279968261719
282.65899658203125
285.90899658203125
286.36700439453125
286.802001953125
286.6570129394531
285.8590087890625
285.5589904785156
285.33599853515625
286.1409912109375
284.7900085449219
285.4840087890625
285.2760009765625
286.03900146484375
284.7170104980469
284.38299560546875
284.21099853515625
284.9570007324219
287.927001953125
287.74798583984375
288.5119934082031
288.2980041503906
288.24798583984375
289.0060119628906
288.8009948730469
289.30499267578125
287.4419860839844
287.8370056152344
287.6830139160156
288.4110107421875
286.41900634765625
287.3949890136719
287.1549987792969
287.00299072265625
290.1600036621094
290.9419860839844
290.70098876953125
291.0360107421875
290.0669860839844
290.8529968261719
290.6440124511719
290.3370056152344
289.56201171875
289.364013671875
289.89898681640625
290.22198486328125
289.093994140625
288.8630065917969
289.8349914550781
289.7030029296875
292.1300048828125
291.90301513671875
291.6090087890625
291.3580017089844
291.2409973144531
291.2130126953125
308.1659851074219
308.9150085449219
308.63299560546875
308.6969909667969
307.8580017089844
308.39300537109375
308.2659912109375
308.36199951171875
307.3659973144531
307.5950012207031
307.2749938964844
307.8970031738281
307.02398681640625
307.45599365234375
310.6159973144531
310.385986328125
310.156005859375
310.4079895019531
310.2200012207031
309.97100830078125
309.72100830078125
309.93499755859375
309.09100341796875
309.7489929199219
309.51300048828125
309.29400634765625
309.37298583984375
309.14300537109375
308.88800048828125
309.5639953613281
311.6820068359375
311.41900634765625
311.822998046875
311.6969909667969
310.802001953125
311.3290100097656
311.2969970703125
311.010009765625
311.09698486328125
310.84600830078125
310.5740051269531
311.27301025390625
312.072998046875
284.6969909667969
285.35400390625
285.19000244140625
285.6860046386719
284.8420104980469
284.6390075683594
284.34698486328125
284.89300537109375
284.3080139160156
284.13299560546875
288.0710144042969
287.9230041503906
286.635009765625
287.114990234375
287.0570068359375
286.8420104980469
287.5450134277344
287.4010009765625
285.8089904785156
286.58599853515625
286.364990234375
286.2300109863281
285.43701171875
285.2309875488281
286.09100341796875
285.9150085449219
288.9460144042969
287.9750061035156
288.593994140625
288.44000244140625
289.1289978027344
286.927001953125
287.63299560546875
287.47601318359375
288.1780090332031
293.77899169921875
293.4830017089844
294.1210021972656
293.9169921875
293.6549987792969
295.62799072265625
295.5039978027344
295.9739990234375
295.7669982910156
295.39599609375
295.1400146484375
294.9779968261719
295.87298583984375
294.7489929199219
295.0669860839844
294.8370056152344
295.5929870605469
294.67999267578125
294.5469970703125
294.39801025390625
294.1759948730469
297.33099365234375
298.04901123046875
297.8599853515625
297.6289978027344
297.0350036621094
296.66400146484375
297.114013671875
297.4670104980469
296.4100036621094
296.2650146484375
296.83099365234375
296.8559875488281
296.2929992675781
296.0559997558594
295.8479919433594
296.5710144042969
299.177001953125
299.04998779296875
299.5119934082031
298.427001953125
298.2120056152344
298.7300109863281
298.4809875488281
298.39599609375
297.5010070800781
298.33099365234375
298.0820007324219
297.98699951171875
298.2279968261719
298.239990234375
297.9849853515625
297.92498779296875
297.7879943847656
299.61700439453125
300.02398681640625
299.80499267578125
300.18798828125
299.2929992675781
299.08099365234375
299.9209899902344
299.68499755859375
298.7969970703125
298.6549987792969
299.48699951171875
299.44000244140625
298.6340026855469
298.510986328125
298.9949951171875
298.3580017089844
301.87701416015625
301.635986328125
301.40399169921875
302.0580139160156
301.302001953125
301.2439880371094
301.09100341796875
301.5660095214844
301.14801025390625
300.9159851074219
301.3070068359375
300.7980041503906
300.62799072265625
300.6310119628906
300.3819885253906
300.3330078125
303.6000061035156
303.49798583984375
304.0690002441406
303.94500732421875
303.2869873046875
303.2980041503906
303.0950012207031
302.9219970703125
302.28399658203125
302.1510009765625
302.7309875488281
302.8269958496094
301.97100830078125
301.8340148925781
302.6369934082031
302.4159851074219
304.7550048828125
303.7019958496094
304.364990234375
304.4840087890625
304.2090148925781
292.2449951171875
292.0710144042969
292.6650085449219
292.5799865722656
293.8009948730469
293.6400146484375
294.3169860839844
294.3919982910156
293.6780090332031
293.3999938964844
294.3009948730469
294.06201171875
292.8559875488281
292.6709899902344
293.1780090332031
292.9469909667969
292.3009948730469
292.1759948730469
293.1619873046875
292.96600341796875
295.635986328125
296.14599609375
296.4280090332031
296.2969970703125
295.06500244140625
296.02301025390625
295.9939880371094
295.739013671875
294.8429870605469
294.6029968261719
295.4729919433594
295.2200012207031
294.114990234375
294.63800048828125
294.510986328125
295.1080017089844
298.5
298.22100830078125
298.00299072265625
299.0840148925781
297.90301513671875
298.0069885253906
297.72100830078125
297.614990234375
297.2749938964844
297.0050048828125
297.6700134277344
297.4849853515625
297.1090087890625
296.8609924316406
296.635986328125
296.39898681640625
298.83099365234375
299.4219970703125
294.13299560546875
294.71099853515625
296.3269958496094
296.8680114746094
293.2829895019531
293.8609924316406
293.6789855957031
294.39300537109375
295.5690002441406
296.4429931640625
296.3399963378906
296.04400634765625
294.74798583984375
295.3869934082031
295.1400146484375
295.8689880371094
294.20098876953125
295.24798583984375
295.1300048828125
294.8219909667969
296.6659851074219
297.0889892578125
294.41900634765625
294.50299072265625
297.90899658203125
297.64300537109375
298.0199890136719
298.7070007324219
297.1929931640625
297.3340148925781
297.05499267578125
297.87701416015625
296.98699951171875
296.8869934082031
297.7619934082031
297.4599914550781
296.04998779296875
295.7860107421875
296.70098876953125
296.4289855957031
299.56298828125
299.4159851074219
299.10400390625
299.18499755859375
299.7340087890625
299.04400634765625
298.7309875488281
298.6050109863281
299.52801513671875
298.4549865722656
298.1679992675781
298.9700012207031
298.26300048828125
283.593994140625
285.9209899902344
286.4530029296875
285.0530090332031
284.87298583984375
284.82598876953125
285.5459899902344
285.3840026855469
286.12298583984375
284.38800048828125
284.2200012207031
284.6159973144531
284.98699951171875
284.01300048828125
283.8280029296875
283.6759948730469
284.58099365234375
287.50799560546875
287.9440002441406
287.75
288.4330139160156
287.27301025390625
287.10198974609375
287.8909912109375
287.6700134277344
286.875
286.718994140625
286.49200439453125
287.4620056152344
285.6029968261719
285.4330139160156
286.1759948730469
285.9679870605469
289.38299560546875
290.10699462890625
289.9679870605469
290.27301025390625
289.3269958496094
290.0509948730469
289.85400390625
289.59600830078125
288.29901123046875
289.052001953125
288.843994140625
289.48199462890625
288.2200012207031
288.9419860839844
288.78900146484375
288.5010070800781
291.885986328125
291.6669921875
292.6130065917969
292.4159851074219
292.0150146484375
290.9129943847656
291.32000732421875
291.1499938964844
291.2279968261719
291.0790100097656
291.8190002441406
291.6210021972656
290.8590087890625
290.6650085449219
290.5249938964844
290.3299865722656
296.0580139160156
295.8450012207031
295.7380065917969
296.4830017089844
292.9150085449219
293.68798828125
293.4549865722656
296.0979919433594
292.8370056152344
293.5589904785156
293.3919982910156
293.12799072265625
292.2690124511719
292.06500244140625
292.66900634765625
293.04998779296875
297.4259948730469
297.9200134277344
297.7860107421875
298.6289978027344
296.9519958496094
297.8330078125
297.614013671875
298.0899963378906
296.7749938964844
297.3429870605469
297.1310119628906
296.9259948730469
296.3290100097656
296.21099853515625
296.64599609375
296.4880065917969
299.47900390625
300.3370056152344
300.2380065917969
299.9859924316406
299.5799865722656
299.3580017089844
299.8890075683594
299.7090148925781
298.8710021972656
298.7200012207031
299.14898681640625
298.9949951171875
298.46099853515625
298.28399658203125
298.2669982910156
298.97900390625
302.3380126953125
302.1929931640625
302.7070007324219
302.59698486328125
301.2120056152344
301.9800109863281
301.72601318359375
301.82598876953125
301.06201171875
301.60198974609375
300.91900634765625
301.4209899902344
300.8280029296875
300.5740051269531
300.4779968261719
301.2929992675781
303.7460021972656
304.24798583984375
303.48199462890625
303.9079895019531
303.864990234375
304.06201171875
303.22100830078125
303.1180114746094
303.25
303.5740051269531
295.9429931640625
296.37799072265625
296.2099914550781
297.1369934082031
297.93798828125
298.864013671875
298.71600341796875
299.1929931640625
297.8420104980469
298.2380065917969
298.3269958496094
298.05499267578125
297.39801025390625
297.22100830078125
297.7139892578125
297.56500244140625
296.93701171875
296.7950134277344
296.6189880371094
297.5589904785156
300.32598876953125
300.1889953613281
300.5660095214844
301.0780029296875
300.1610107421875
300.0169982910156
299.7829895019531
299.61700439453125
299.3909912109375
299.677001953125
299.4830017089844
299.48199462890625
298.5060119628906
299.28900146484375
299.072998046875
298.8269958496094
302.1719970703125
301.99200439453125
302.7929992675781
302.62298583984375
301.2030029296875
301.6629943847656
301.4209899902344
302.18701171875
301.2430114746094
302.052001953125
301.82598876953125
302.3389892578125
301.02899169921875
300.80999755859375
300.7139892578125
301.510009765625
303.7869873046875
304.2590026855469
304.3190002441406
304.1600036621094
303.47100830078125
303.2560119628906
303.8789978027344
303.6579895019531
303.3320007324219
303.0710144042969
303.51800537109375
303.42401123046875
302.6059875488281
302.489990234375
303.010009765625
302.7430114746094
284.2449951171875
284.06201171875
284.864990234375
284.63800048828125
305.5480041503906
283.1759948730469
283.6499938964844
283.43798828125
305.06298828125
305.239013671875
304.9289855957031
305.6619873046875
304.0790100097656
304.61700439453125
304.7149963378906
305.11700439453125
287.35699462890625
287.2239990234375
286.9729919433594
287.77801513671875
286.17999267578125
285.9590148925781
286.7850036621094
286.5660095214844
286.0929870605469
285.8429870605469
286.6180114746094
286.48199462890625
285.6759948730469
285.4580078125
285.2359924316406
285.7359924316406
288.92498779296875
289.5589904785156
289.3840026855469
289.9530029296875
288.802001953125
288.4989929199219
288.3320007324219
289.0799865722656
287.7430114746094
288.36700439453125
288.2200012207031
288.9620056152344
287.6400146484375
287.3599853515625
287.1470031738281
287.9159851074219
290.1099853515625
289.9939880371094
290.4620056152344
289.6610107421875
289.51800537109375
290.36700439453125
290.40899658203125
281.510009765625
281.0469970703125
281.60400390625
280.7439880371094
281.3380126953125
281.3059997558594
283.8689880371094
282.385009765625
282.97198486328125
282.7650146484375
282.656005859375
282.4129943847656
283.56298828125
283.35198974609375
282.10699462890625
282.1910095214844
281.8739929199219
282.9169921875
282.11199951171875
281.89599609375
282.364990234375
300.2430114746094
300.47601318359375
300.822998046875
300.135986328125
299.9670104980469
299.9670104980469
299.6719970703125
299.7179870605469
298.6730041503906
298.82501220703125
299.2099914550781
299.3380126953125
301.6549987792969
301.760986328125
302.1159973144531
302.3059997558594
301.8819885253906
301.5140075683594
301.14801025390625
301.2980041503906
301.0459899902344
301.1549987792969
301.6659851074219
300.7950134277344
300.3689880371094
300.60198974609375
300.6809997558594
300.92401123046875
304.65301513671875
304.5169982910156
304.95001220703125
305.0790100097656
304.2439880371094
303.6860046386719
304.0820007324219
304.3429870605469
303.4159851074219
303.0530090332031
303.8210144042969
303.25
302.8290100097656
301.92999267578125
303.10198974609375
302.635986328125
307.0469970703125
306.2929992675781
307.0580139160156
306.9330139160156
305.92999267578125
306.1820068359375
306.4429931640625
306.5509948730469
305.7550048828125
305.9830017089844
305.8080139160156
306.1109924316406
305.4540100097656
304.72100830078125
305.281005859375
305.55999755859375
308.8609924316406
308.5589904785156
308.0870056152344
308.35198974609375
308.5050048828125
307.45001220703125
307.6419982910156
308.1759948730469
308.3840026855469
307.2619934082031
307.3590087890625
307.78399658203125
307.9729919433594
282.2330017089844
282.5400085449219
282.5830078125
282.77301025390625
282.1960144042969
282.7019958496094
284.3349914550781
284.54998779296875
284.9150085449219
285.1319885253906
283.1709899902344
283.3599853515625
283.74798583984375
283.9590148925781
284.2869873046875
284.45098876953125
284.864990234375
285.031005859375
283.0929870605469
283.32000732421875
283.677001953125
283.9020080566406
287.59698486328125
286.64599609375
287.2919921875
287.4339904785156
286.26800537109375
285.5260009765625
286.885986328125
286.114013671875
286.59100341796875
286.77398681640625
285.69000244140625
287.0559997558594
285.4219970703125
285.63800048828125
286.0069885253906
286.2139892578125
289.2569885253906
289.510009765625
289.9620056152344
289.10198974609375
288.47698974609375
288.6929931640625
288.9739990234375
289.1919860839844
288.3890075683594
288.6189880371094
287.9200134277344
288.10400390625
287.65301513671875
287.1130065917969
287.85101318359375
287.9949951171875
291.052001953125
290.12298583984375
291.28399658203125
290.8290100097656
289.57598876953125
289.822998046875
290.2699890136719
290.5159912109375
293.2749938964844
292.239013671875
292.86700439453125
293.00299072265625
291.8529968261719
292.4849853515625
291.67401123046875
294.99700927734375
295.114990234375
295.7279968261719
294.72198486328125
294.6940002441406
294.6199951171875
294.22100830078125
294.4700012207031
293.6619873046875
293.8420104980469
294.1090087890625
294.2820129394531
293.614013671875
293.7430114746094
293.3689880371094
293.3420104980469
296.47698974609375
296.6449890136719
297.46099853515625
296.85699462890625
296.3030090332031
296.5369873046875
296.15899658203125
296.0660095214844
296.04998779296875
295.00201416015625
295.6400146484375
295.7720031738281
295.9580078125
295.47198486328125
295.2460021972656
294.7879943847656
299.3160095214844
298.4230041503906
298.9150085449219
299.1889953613281
298.00299072265625
297.5539855957031
298.5740051269531
297.8290100097656
298.45599365234375
297.7049865722656
298.8429870605469
298.2919921875
297.1180114746094
297.3160095214844
297.8429870605469
297.0509948730469
301.8089904785156
300.8489990234375
301.57501220703125
301.0780029296875
300.6419982910156
300.7959899902344
301.15899658203125
299.97601318359375
300.1960144042969
300.3949890136719
300.531005859375
299.5920104980469
299.8699951171875
300.3599853515625
299.468994140625
280.2539978027344
280.6719970703125
299.4750061035156
281.0119934082031
280.0270080566406
280.4700012207031
301.5799865722656
300.7760009765625
301.3479919433594
301.3739929199219
300.45599365234375
300.6029968261719
300.8529968261719
301.0270080566406
299.5
299.8070068359375
300.0849914550781
300.3909912109375
300.03900146484375
299.1709899902344
299.6369934082031
299.94000244140625
302.17401123046875
302.4809875488281
302.75299072265625
302.22100830078125
302.4150085449219
301.5299987792969
301.9079895019531
302.1610107421875
300.90899658203125
301.1669921875
301.7040100097656
301.94500732421875
299.7539978027344
299.92498779296875
300.3330078125
300.52301025390625
304.2699890136719
303.48199462890625
303.7070007324219
303.9750061035156
302.7659912109375
303.0419921875
303.56201171875
303.625
303.7239990234375
302.9670104980469
303.3370056152344
302.5539855957031
302.6260070800781
302.6940002441406
303.2300109863281
303.4540100097656
305.5039978027344
304.69500732421875
305.36700439453125
305.45098876953125
304.46099853515625
304.8479919433594
305.0119934082031
305.01300048828125
304.375
304.6889953613281
305.09698486328125
305.3080139160156
304.13800048828125
304.3659973144531
304.6520080566406
303.8940124511719
306.75201416015625
307.0679931640625
306.864990234375
307.45001220703125
306.58599853515625
306.5459899902344
307.1499938964844
306.26800537109375
306.2460021972656
305.572998046875
305.7690124511719
306.01300048828125
305.77899169921875
306.0979919433594
306.2850036621094
305.6929931640625
308.56298828125
308.66900634765625
308.7309875488281
309.0369873046875
308.2460021972656
307.4779968261719
308.0820007324219
308.2080078125
308.28399658203125
307.7799987792969
307.6969909667969
307.677001953125
307.27301025390625
307.4570007324219
307.9429931640625
307.2300109863281
310.71099853515625
309.9410095214844
310.6669921875
310.8919982910156
309.614013671875
310.2569885253906
310.18701171875
310.447998046875
309.8890075683594
309.02899169921875
309.47198486328125
309.7969970703125
309.2860107421875
308.4469909667969
309.2229919433594
309.22100830078125
312.8370056152344
312.6409912109375
312.7200012207031
312.1510009765625
312.30999755859375
312.0299987792969
312.218994140625
311.7569885253906
311.18499755859375
311.6789855957031
311.4639892578125
311.21099853515625
310.70599365234375
311.12200927734375
311.3089904785156
313.135009765625
312.9830017089844
313.24700927734375
307.07000732421875
306.93798828125
306.718994140625
306.7969970703125
305.7550048828125
305.9259948730469
306.4490051269531
306.43701171875
305.62799072265625
306.093994140625
306.3009948730469
308.2080078125
308.4630126953125
308.8909912109375
308.4159851074219
308.01800537109375
308.2640075683594
308.7179870605469
307.7879943847656
307.3970031738281
307.65301513671875
307.6050109863281
308.07000732421875
307.1839904785156
307.4570007324219
307.8970031738281
307.2560119628906
310.8299865722656
310.53900146484375
310.9859924316406
310.57000732421875
310.1159973144531
310.20098876953125
310.00201416015625
310.27899169921875
309.0480041503906
309.2560119628906
309.6409912109375
309.77301025390625
308.9049987792969
308.614990234375
309.4949951171875
309.4129943847656
311.1199951171875
311.364990234375
310.8800048828125
311.0679931640625
310.9649963378906
SCALARS latitude float 1
LOOKUP_TABLE default
38.98160171508789
39.17070007324219
39.0359992980957
39.100101470947266
38.952598571777344
39.13690185546875
39.26919937133789
39.02539825439453
38.903499603271484
38.90629959106445
38.78049850463867
38.97779846191406
39.204200744628906
39.21849822998047
39.14910125732422
38.86000061035156
38.74300003051758
38.712501525878906
38.800899505615234
38.60530090332031
38.518001556396484
38.8202018737793
38.92539978027344
38.568199157714844
38.87480163574219
38.703399658203125
38.86309814453125
38.77989959716797
38.77880096435547
38.697601318359375
39.057701110839844
38.98440170288086
38.95840072631836
38.624000549316406
38.920101165771484
38.74449920654297
38.92430114746094
38.81370162963867
38.833900451660156
38.72809982299805
39.097900390625
39.02109909057617
39.02579879760742
38.6796989440918
38.64310073852539
38.56520080566406
38.93870162963867
38.86589813232422
38.84299850463867
38.65909957885742
38.76300048828125
38.950199127197266
38.692298889160156
38.65919876098633
38.574798583984375
39.04560089111328
38.98139953613281
38.89459991455078
38.871498107910156
38.666099548339844
38.770198822021484
38.9744987487793
39.0620002746582
38.72869873046875
38.65599822998047
38.491798400878906
38.574100494384766
38.91960144042969
39.04059982299805
38.75230026245117
38.94070053100586
40.60929870605469
40.65950012207031
40.492801666259766
40.32509994506836
40.43349838256836
40.33649826049805
40.30849838256836
40.66210174560547
40.5443000793457
40.52090072631836
40.17660140991211
40.41230010986328
40.22719955444336
40.349300384521484
40.53239822387695
40.21260070800781
40.20709991455078
40.5786018371582
40.378501892089844
40.5463981628418
40.07929992675781
40.30030059814453
40.35540008544922
40.20859909057617
40.24509811401367
40.116798400878906
40.118499755859375
40.45330047607422
40.30329895019531
40.28960037231445
39.96179962158203
40.17490005493164
39.990299224853516
40.267398834228516
40.12369918823242
39.97999954223633
40.34519958496094
40.26850128173828
40.08789825439453
39.99020004272461
40.35139846801758
40.37929916381836
40.01459884643555
40.02730178833008
40.3942985534668
42.57210159301758
42.50239944458008
42.385101318359375
42.39950180053711
42.32210159301758
42.220298767089844
42.308998107910156
42.214298248291016
49.41780090332031
49.56930160522461
49.326900482177734
49.43840026855469
49.76580047607422
49.91019821166992
49.74679946899414
49.76029968261719
49.656898498535156
49.319801330566406
49.412498474121094
49.46120071411133
49.673500061035156
49.48139953613281
49.415401458740234
49.34619903564453
49.910499572753906
49.84159851074219
49.83700180053711
49.775699615478516
49.695499420166016
49.70869827270508
49.49290084838867
49.43000030517578
49.77880096435547
49.50410079956055
49.43830108642578
49.87179946899414
49.803001403808594
49.80720138549805
49.7224006652832
49.373199462890625
49.4640007019043
49.51430130004883
49.72269821166992
49.391700744628906
49.522098541259766
49.9651985168457
49.87009811401367
49.95009994506836
49.694000244140625
49.83620071411133
49.387298583984375
49.47930145263672
49.66120147705078
49.55739974975586
49.56800079345703
49.37030029296875
49.64149856567383
49.71820068359375
49.24259948730469
49.39469909667969
49.1953010559082
49.19820022583008
49.60689926147461
49.574501037597656
49.468101501464844
49.388099670410156
49.575401306152344
51.10580062866211
50.95349884033203
51.15340042114258
51.027000427246094
50.968299865722656
51.28900146484375
51.27159881591797
51.195499420166016
50.94219970703125
50.92639923095703
50.888301849365234
51.270599365234375
51.140499114990234
51.309600830078125
51.0349006652832
51.19309997558594
51.07460021972656
51.02479934692383
51.10329818725586
51.04869842529297
51.46799850463867
51.42300033569336
51.50230026245117
51.315399169921875
51.476898193359375
51.37670135498047
51.19309997558594
51.41429901123047
51.24169921875
51.57590103149414
51.2952995300293
51.2052001953125
51.1068000793457
51.19430160522461
51.48630142211914
51.58829879760742
51.48899841308594
51.385101318359375
51.1057014465332
51.42639923095703
51.23419952392578
51.30099868774414
51.4911003112793
51.34550094604492
51.25019836425781
53.248600006103516
53.4380989074707
53.200401306152344
53.1328010559082
53.70909881591797
53.64849853515625
53.5525016784668
53.48630142211914
53.66859817504883
53.041500091552734
53.009498596191406
52.93429946899414
53.33420181274414
53.29909896850586
53.12990188598633
53.09880065917969
53.74480056762695
53.81269836425781
53.630001068115234
53.606201171875
53.30780029296875
53.1952018737793
53.5015983581543
53.857398986816406
53.74140167236328
53.77560043334961
53.70289993286133
53.91389846801758
53.26020050048828
53.3296012878418
53.40250015258789
53.617401123046875
53.362998962402344
53.9818000793457
53.79840087890625
53.78960037231445
53.61840057373047
53.611900329589844
53.42169952392578
54.196800231933594
54.07229995727539
53.791900634765625
54.011600494384766
53.4833984375
53.702701568603516
53.649200439453125
53.65639877319336
53.57979965209961
54.25230026245117
54.19150161743164
54.181400299072266
54.13959884643555
54.34109878540039
53.983299255371094
53.953399658203125
53.76139831542969
53.69409942626953
53.733001708984375
54.268001556396484
54.262001037597656
54.22570037841797
54.082000732421875
54.04890060424805
54.4025993347168
54.318199157714844
54.30229949951172
39.0010986328125
38.967098236083984
38.84040069580078
39.213401794433594
39.2140998840332
39.18840026855469
38.899898529052734
38.84960174560547
39.07780075073242
39.36109924316406
41.21440124511719
41.34700012207031
41.52130126953125
41.38399887084961
41.49380111694336
41.50870132446289
41.34349822998047
41.65999984741211
41.41830062866211
41.325199127197266
41.29059982299805
41.25510025024414
41.59469985961914
41.586299896240234
41.53519821166992
41.46220016479492
41.18190002441406
41.294700622558594
41.344600677490234
41.52619934082031
41.44269943237305
41.28150177001953
41.380699157714844
41.195098876953125
41.43220138549805
41.12099838256836
41.26810073852539
41.545799255371094
41.43000030517578
41.52220153808594
41.047298431396484
41.166099548339844
41.04079818725586
41.00210189819336
40.933799743652344
40.9208984375
40.84270095825195
48.9468994140625
48.82630157470703
48.762699127197266
48.94770050048828
49.010398864746094
48.47060012817383
48.69279861450195
48.62379837036133
48.638999938964844
48.490699768066406
48.49879837036133
48.910099029541016
48.892398834228516
48.848899841308594
48.64229965209961
48.90909957885742
48.39609909057617
48.60340118408203
48.541900634765625
48.547401428222656
48.44309997558594
48.96220016479492
48.786800384521484
48.93330001831055
48.673301696777344
48.498199462890625
48.61309814453125
48.80440139770508
48.857398986816406
48.535499572753906
48.76150131225586
48.699501037597656
48.80720138549805
48.71689987182617
48.62160110473633
48.9822998046875
48.96160125732422
48.82849884033203
48.79669952392578
48.78799819946289
49.167999267578125
49.16780090332031
48.97779846191406
49.19609832763672
48.694400787353516
48.870399475097656
48.84349822998047
49.2401008605957
49.28049850463867
49.2067985534668
49.03179931640625
48.9192008972168
48.805198669433594
48.93619918823242
49.30630111694336
49.166099548339844
49.12910079956055
49.31340026855469
49.33509826660156
50.72549819946289
51.50960159301758
51.39179992675781
51.383201599121094
51.27730178833008
51.085899353027344
51.3650016784668
51.441001892089844
51.428199768066406
51.6343994140625
50.93479919433594
50.85960006713867
50.918399810791016
50.70759963989258
50.70650100708008
51.189998626708984
51.19779968261719
50.932701110839844
50.927799224853516
50.587799072265625
50.68410110473633
50.808998107910156
51.67919921875
51.58330154418945
51.382198333740234
51.17399978637695
51.1870002746582
51.66559982299805
51.640201568603516
50.95159912109375
52.35100173950195
52.32550048828125
52.24919891357422
52.734798431396484
52.52080154418945
52.77989959716797
52.32040023803711
52.519798278808594
52.418800354003906
52.340599060058594
52.26839828491211
52.1171989440918
52.20600128173828
52.86289978027344
52.718299865722656
52.82780075073242
52.65549850463867
52.59109878540039
52.538299560546875
52.44580078125
52.64500045776367
52.72959899902344
52.125999450683594
51.76359939575195
51.69900131225586
52.22420120239258
52.429100036621094
52.30759811401367
52.26369857788086
52.15399932861328
52.617698669433594
52.64820098876953
52.46099853515625
52.4900016784668
51.92169952392578
52.134498596191406
52.035099029541016
51.752899169921875
51.93899917602539
51.8567008972168
52.34960174560547
52.33359909057617
52.1713981628418
52.318199157714844
51.655601501464844
51.79890060424805
51.536800384521484
51.64149856567383
51.99399948120117
52.18040084838867
51.92729949951172
51.8474006652832
52.056400299072266
51.51279830932617
51.57740020751953
51.77000045776367
51.69779968261719
51.58689880371094
51.56039810180664
51.46189880371094
41.917598724365234
41.839599609375
42.12950134277344
41.729801177978516
42.09260177612305
41.72060012817383
41.822898864746094
42.11790084838867
41.98630142211914
42.00960159301758
41.83620071411133
41.988399505615234
41.889198303222656
41.833900451660156
42.0010986328125
41.909000396728516
41.75529861450195
43.7943000793457
43.56489944458008
43.60150146484375
43.79560089111328
43.98609924316406
43.622798919677734
44.131900787353516
44.50809860229492
44.48590087890625
44.24869918823242
44.349300384521484
44.65739822387695
44.432498931884766
44.60380172729492
44.58869934082031
44.21739959716797
44.28810119628906
44.13010025024414
44.14789962768555
44.470401763916016
44.50419998168945
44.339599609375
44.44340133666992
44.365299224853516
44.04999923706055
44.242000579833984
44.159000396728516
44.242698669433594
44.443599700927734
44.554901123046875
44.140499114990234
44.45090103149414
44.477298736572266
44.12099838256836
44.0
44.400299072265625
43.99190139770508
44.29010009765625
44.3203010559082
44.192298889160156
44.0890007019043
44.492801666259766
44.39440155029297
44.16899871826172
44.016700744628906
44.37580108642578
44.02259826660156
44.38290023803711
44.4989013671875
44.10559844970703
44.17850112915039
44.03919982910156
44.42959976196289
44.075801849365234
44.160301208496094
44.46080017089844
44.52090072631836
44.37099838256836
44.447601318359375
44.342899322509766
44.16859817504883
44.637901306152344
44.268001556396484
44.536598205566406
44.556400299072266
44.62990188598633
44.64820098876953
44.95880126953125
44.5609016418457
45.05039978027344
44.86149978637695
44.83639907836914
44.65290069580078
44.58679962158203
44.74480056762695
44.594600677490234
44.6963005065918
45.0797004699707
45.14929962158203
44.89970016479492
45.050899505615234
44.88029861450195
45.069801330566406
44.792701721191406
44.692901611328125
45.07569885253906
44.98780059814453
45.00080108642578
44.71910095214844
44.92599868774414
44.813899993896484
44.89929962158203
45.09519958496094
44.74850082397461
44.82849884033203
45.11410140991211
45.19269943237305
45.027099609375
45.07699966430664
44.94559860229492
44.89759826660156
44.75299835205078
45.13330078125
45.21969985961914
44.86989974975586
45.22650146484375
45.063899993896484
45.0369987487793
44.76219940185547
44.94729995727539
44.852500915527344
44.863399505615234
45.13159942626953
44.73820114135742
44.843101501464844
47.482398986816406
47.48899841308594
47.61289978027344
47.96310043334961
47.81999969482422
47.59640121459961
47.7952995300293
47.89289855957031
47.69269943237305
47.69350051879883
47.53070068359375
47.55830001831055
47.453800201416016
47.99290084838867
47.444400787353516
47.982200622558594
47.88119888305664
47.74720001220703
47.83610153198242
47.53340148925781
47.7318000793457
47.834800720214844
47.63949966430664
47.527000427246094
47.58380126953125
47.88740158081055
47.944000244140625
47.96620178222656
47.80970001220703
47.436500549316406
47.43230056762695
47.73740005493164
47.36199951171875
47.60219955444336
47.65760040283203
47.51470184326172
47.53960037231445
47.974998474121094
48.05030059814453
47.88570022583008
47.966800689697266
47.986900329589844
47.81890106201172
47.48860168457031
48.07400131225586
47.74599838256836
47.57630157470703
47.593101501464844
47.677398681640625
48.0906982421875
47.97060012817383
47.75199890136719
47.96099853515625
48.01559829711914
47.67399978637695
47.742698669433594
47.59379959106445
47.597900390625
49.09489822387695
49.351600646972656
49.164100646972656
49.15739822387695
49.273799896240234
49.047698974609375
49.14780044555664
49.55039978027344
49.645999908447266
49.42390060424805
49.544700622558594
49.53689956665039
49.35369873046875
49.11109924316406
49.599700927734375
49.22740173339844
49.290199279785156
49.501800537109375
49.11159896850586
49.44779968261719
49.48550033569336
49.16910171508789
49.251399993896484
49.56439971923828
49.50310134887695
49.20859909057617
49.06760025024414
49.400901794433594
49.066200256347656
49.33060073852539
49.560298919677734
49.25410079956055
49.13959884643555
49.48759841918945
49.447200775146484
49.11029815673828
49.12860107421875
49.352500915527344
48.96900177001953
49.38399887084961
49.315101623535156
49.0442008972168
49.24100112915039
49.0359992980957
48.9921989440918
49.389198303222656
49.56050109863281
49.24190139770508
49.64870071411133
49.69969940185547
49.23139953613281
49.4182014465332
49.60070037841797
49.342201232910156
49.30540084838867
49.78499984741211
49.74129867553711
49.45709991455078
49.66230010986328
49.83890151977539
49.38330078125
49.409698486328125
49.82640075683594
49.436100006103516
49.519901275634766
49.45709991455078
49.70289993286133
50.20909881591797
50.304901123046875
50.365501403808594
50.197200775146484
50.23619842529297
50.11029815673828
49.979000091552734
49.93519973754883
49.98270034790039
50.07619857788086
50.41659927368164
49.965999603271484
50.38119888305664
50.282901763916016
50.174800872802734
50.36949920654297
50.299198150634766
50.10369873046875
50.49470138549805
50.442501068115234
50.209598541259766
50.09410095214844
50.030799865722656
49.99530029296875
50.41510009765625
50.10089874267578
50.39360046386719
50.30720138549805
49.980098724365234
49.93119812011719
50.41120147705078
50.5359001159668
50.37089920043945
50.162200927734375
50.097900390625
49.970001220703125
50.203399658203125
50.087100982666016
50.4380989074707
50.31129837036133
50.11709976196289
50.49660110473633
50.02130126953125
49.749900817871094
50.456199645996094
49.87329864501953
50.24039840698242
50.09469985961914
49.918800354003906
50.30939865112305
49.79899978637695
49.51070022583008
50.22880172729492
49.61750030517578
50.11869812011719
49.9724006652832
49.68069839477539
49.991798400878906
49.91699981689453
52.20589828491211
52.15079879760742
52.159698486328125
52.183799743652344
41.05979919433594
40.99209976196289
40.828800201416016
40.968101501464844
40.88970184326172
40.734798431396484
40.998600006103516
40.8744010925293
41.0181999206543
40.85919952392578
41.18560028076172
41.05580139160156
40.84469985961914
40.70429992675781
40.81869888305664
41.007198333740234
41.04869842529297
40.92599868774414
40.7588996887207
41.10200119018555
40.87620162963867
40.61920166015625
40.57680130004883
40.81840133666992
40.9734001159668
40.93470001220703
40.9379997253418
40.49150085449219
40.62649917602539
40.73830032348633
40.98460006713867
40.80459976196289
40.650901794433594
40.480201721191406
40.60240173339844
40.76490020751953
40.94660186767578
40.67449951171875
40.84769821166992
40.75960159301758
40.644901275634766
40.516300201416016
40.863800048828125
40.869598388671875
40.58549880981445
40.53139877319336
40.546199798583984
40.71039962768555
46.93669891357422
46.97829818725586
47.0005989074707
46.72890090942383
46.83760070800781
46.86040115356445
46.85150146484375
46.6172981262207
46.487701416015625
46.608699798583984
46.76539993286133
46.345298767089844
46.54290008544922
46.684600830078125
46.79859924316406
46.39289855957031
46.73540115356445
46.42129898071289
46.270301818847656
46.746700286865234
46.292999267578125
46.73809814453125
46.60380172729492
46.48929977416992
46.677101135253906
46.58340072631836
46.40340042114258
46.78070068359375
46.63249969482422
46.33879852294922
46.44309997558594
46.640499114990234
46.50550079345703
46.79029846191406
46.347801208496094
46.378700256347656
46.539100646972656
46.688201904296875
46.52909851074219
46.7151985168457
46.36629867553711
46.816898345947266
46.73320007324219
46.542198181152344
46.70029830932617
46.346099853515625
46.257598876953125
46.41830062866211
46.43339920043945
46.542999267578125
46.58340072631836
46.701900482177734
46.400901794433594
47.978599548339844
47.894500732421875
48.027400970458984
47.95220184326172
47.8828010559082
50.57979965209961
50.51029968261719
50.63399887084961
50.546600341796875
50.382198333740234
50.80699920654297
50.11819839477539
50.19490051269531
50.602901458740234
50.020301818847656
50.7682991027832
50.6265983581543
50.258399963378906
50.45880126953125
50.12919998168945
49.98759841918945
50.13209915161133
50.921600341796875
49.991600036621094
50.1775016784668
50.597801208496094
50.748600006103516
50.81330108642578
50.90439987182617
50.60260009765625
50.6072998046875
50.46139907836914
50.42129898071289
49.79140090942383
50.23659896850586
49.93040084838867
49.903499603271484
49.979400634765625
50.484798431396484
50.21969985961914
49.997798919677734
50.08789825439453
50.22869873046875
50.50920104980469
50.4640998840332
50.642398834228516
50.40290069580078
50.2588996887207
50.131500244140625
50.276100158691406
50.145999908447266
50.59049987792969
50.40739822387695
50.30160140991211
37.66680145263672
37.6432991027832
41.23870086669922
41.31570053100586
41.34080123901367
41.39619827270508
41.161598205566406
40.96009826660156
41.13079833984375
41.23870086669922
41.12200164794922
40.93709945678711
41.075401306152344
41.029598236083984
41.165000915527344
41.24319839477539
40.904701232910156
40.95750045776367
40.912200927734375
41.0994987487793
40.8140983581543
41.1234016418457
40.978599548339844
40.8468017578125
41.19200134277344
41.00709915161133
40.849998474121094
41.16669845581055
41.210201263427734
41.29140090942383
41.05849838256836
41.19729995727539
41.01969909667969
40.957698822021484
40.779701232910156
41.22959899902344
41.129798889160156
40.872501373291016
41.213401794433594
41.063499450683594
40.77360153198242
40.893798828125
40.95869827270508
40.94350051879883
41.06420135498047
40.88119888305664
40.81489944458008
40.695098876953125
41.03919982910156
40.862701416015625
40.985801696777344
41.04750061035156
41.129798889160156
40.67179870605469
41.04970169067383
40.85850143432617
40.73649978637695
40.9380989074707
40.99020004272461
41.13880157470703
40.718101501464844
40.77949905395508
41.134498596191406
42.28010177612305
42.464900970458984
42.64179992675781
42.37329864501953
42.55630111694336
42.48970031738281
42.677398681640625
42.74769973754883
42.39080047607422
42.4900016784668
42.56809997558594
42.768798828125
42.59489822387695
42.76169967651367
42.81380081176758
42.87110137939453
42.41450119018555
42.485198974609375
42.544498443603516
42.750099182128906
42.89059829711914
42.445701599121094
42.51729965209961
42.426700592041016
42.919898986816406
42.6776008605957
42.95249938964844
42.69179916381836
42.9015007019043
42.53990173339844
42.43470001220703
42.60070037841797
42.59170150756836
43.018699645996094
42.88719940185547
43.02799987792969
42.40999984741211
42.4900016784668
42.91740036010742
42.73099899291992
42.82339859008789
42.89360046386719
42.989200592041016
42.75310134887695
42.54410171508789
42.278499603271484
42.56949996948242
42.39500045776367
42.96200180053711
42.666099548339844
42.76350021362305
42.78239822387695
42.40370178222656
42.375301361083984
42.5703010559082
42.260799407958984
42.596900939941406
42.714298248291016
42.34510040283203
42.650299072265625
42.32899856567383
42.53519821166992
42.60660171508789
42.429100036621094
48.36360168457031
48.221500396728516
48.01750183105469
48.220001220703125
48.14609909057617
48.28689956665039
48.137001037597656
48.4286003112793
48.28310012817383
48.0817985534668
48.347198486328125
48.06760025024414
47.93050003051758
48.01559829711914
47.9744987487793
48.27750015258789
48.33679962158203
48.43479919433594
48.29069900512695
48.3140983581543
47.87179946899414
47.908199310302734
48.24789810180664
48.036800384521484
47.98350143432617
48.17919921875
47.9468994140625
48.51470184326172
48.4452018737793
48.4739990234375
47.89339828491211
47.922698974609375
47.98249816894531
48.08259963989258
48.33150100708008
47.8390998840332
47.70370101928711
47.823699951171875
48.13349914550781
48.40449905395508
48.222801208496094
48.48749923706055
47.61940002441406
48.07849884033203
48.16939926147461
48.30379867553711
47.461700439453125
47.63740158081055
47.54140090942383
47.73939895629883
48.10660171508789
47.941200256347656
47.44309997558594
47.52989959716797
47.7307014465332
47.85129928588867
48.014400482177734
47.83060073852539
47.63199996948242
47.74039840698242
47.54710006713867
47.935298919677734
48.02790069580078
47.949100494384766
48.038299560546875
47.980201721191406
48.19129943847656
47.924598693847656
48.01139831542969
47.86220169067383
48.30160140991211
48.1083984375
48.20940017700195
48.26789855957031
48.371299743652344
47.832801818847656
48.25510025024414
47.832698822021484
47.94779968261719
48.155799865722656
48.01459884643555
48.15380096435547
48.29100036621094
47.898799896240234
47.99599838256836
48.330101013183594
48.28160095214844
48.09769821166992
48.016700744628906
48.135101318359375
48.29610061645508
48.36970138549805
48.2943000793457
48.5005989074707
48.442901611328125
48.043701171875
48.53200149536133
48.117000579833984
48.274200439453125
48.184600830078125
48.55839920043945
48.148399353027344
48.24209976196289
48.44380187988281
48.43080139160156
48.585899353027344
48.734100341796875
48.18939971923828
48.619300842285156
48.76900100708008
48.2333984375
48.427799224853516
48.768001556396484
50.869598388671875
50.7859992980957
50.777198791503906
50.87810134887695
51.08729934692383
51.086700439453125
51.1254997253418
51.27880096435547
51.215999603271484
51.029998779296875
50.605201721191406
50.73529815673828
50.62649917602539
50.88240051269531
50.6796989440918
51.13159942626953
50.95000076293945
50.49549865722656
50.74729919433594
50.59429931640625
50.7942008972168
51.209800720214844
51.105899810791016
51.22200012207031
50.59450149536133
50.964900970458984
50.767799377441406
51.10070037841797
50.944698333740234
50.65169906616211
50.54710006713867
50.749900817871094
50.46950149536133
50.92720031738281
50.51240158081055
50.58489990234375
50.85049819946289
50.39860153198242
50.414398193359375
50.79719924926758
50.818199157714844
50.621700286865234
50.70539855957031
50.69110107421875
50.299598693847656
50.85540008544922
50.49290084838867
50.56439971923828
50.36669921875
50.3848991394043
50.267799377441406
50.762298583984375
50.76060104370117
50.580501556396484
50.66189956665039
50.64400100708008
50.25299835205078
50.8109016418457
50.44150161743164
50.510398864746094
50.31370162963867
50.314300537109375
50.21039962768555
50.80039978027344
50.701900482177734
50.70119857788086
50.51020050048828
50.565799713134766
50.213199615478516
50.27190017700195
50.22019958496094
50.37990188598633
50.429901123046875
52.60770034790039
52.69390106201172
52.645301818847656
52.10329818725586
52.25749969482422
52.30229949951172
52.71049880981445
52.421199798583984
52.45880126953125
52.65620040893555
52.167301177978516
52.27370071411133
52.323699951171875
52.31549835205078
52.34920120239258
52.71900177001953
52.611698150634766
52.56480026245117
52.73649978637695
52.20899963378906
52.366798400878906
52.39580154418945
52.74169921875
52.5536003112793
52.594600677490234
52.652801513671875
52.448699951171875
52.57569885253906
52.69049835205078
52.816200256347656
52.766700744628906
52.49039840698242
52.49729919433594
52.79819869995117
52.495399475097656
52.54069900512695
52.629398345947266
54.77539825439453
54.7401008605957
54.715999603271484
54.708900451660156
54.705501556396484
54.749000549316406
54.32640075683594
54.567501068115234
54.43479919433594
54.668800354003906
54.31269836425781
54.34360122680664
54.3473014831543
54.413299560546875
54.38019943237305
54.43280029296875
54.384300231933594
54.32939910888672
54.43439865112305
54.46620178222656
54.36650085449219
54.38589859008789
54.835201263427734
54.549400329589844
54.54090118408203
54.55950164794922
54.667598724365234
48.800201416015625
49.094398498535156
48.95399856567383
48.96889877319336
48.97869873046875
48.90510177612305
48.93130111694336
49.01559829711914
49.25379943847656
49.0890007019043
48.991600036621094
49.054901123046875
49.017398834228516
49.063899993896484
49.29890060424805
49.265201568603516
48.90629959106445
49.49599838256836
49.522098541259766
49.03960037231445
49.66059875488281
39.6703987121582
39.719600677490234
39.554298400878906
39.61130142211914
39.61640167236328
39.79349899291992
39.901798248291016
39.975799560546875
39.897300720214844
39.712398529052734
39.878501892089844
39.96620178222656
39.82780075073242
39.643798828125
40.0609016418457
39.731300354003906
40.046600341796875
39.99620056152344
39.73360061645508
39.57659912109375
39.55030059814453
39.619300842285156
39.91350173950195
39.93629837036133
39.8119010925293
39.864601135253906
39.52750015258789
39.433998107910156
39.403499603271484
39.40959930419922
39.83430099487305
39.689701080322266
39.44770050048828
39.60219955444336
39.713199615478516
39.33190155029297
39.5088996887207
39.640098571777344
39.8135986328125
39.875701904296875
39.854801177978516
39.49150085449219
39.888099670410156
39.500099182128906
39.63010025024414
41.13169860839844
41.34040069580078
41.10169982910156
41.14339828491211
41.00170135498047
41.4718017578125
41.277099609375
41.545799255371094
41.28710174560547
41.47529983520508
41.538700103759766
41.14459991455078
41.10540008544922
41.163299560546875
40.97909927368164
41.38100051879883
41.40480041503906
41.567901611328125
41.01340103149414
41.19219970703125
41.152801513671875
41.22269821166992
41.55830001831055
41.42570114135742
41.56829833984375
42.64590072631836
42.33620071411133
42.350101470947266
42.7224006652832
42.362300872802734
42.45320129394531
42.774898529052734
42.75379943847656
42.227500915527344
42.35390090942383
42.37710189819336
42.79520034790039
42.4838981628418
42.68629837036133
42.361000061035156
42.810298919677734
43.97359848022461
43.88159942626953
44.06660079956055
43.939701080322266
44.240299224853516
43.88570022583008
44.010799407958984
44.285701751708984
44.145999908447266
44.34479904174805
44.00040054321289
44.154701232910156
44.05580139160156
44.179100036621094
44.258399963378906
44.139801025390625
43.952999114990234
44.085899353027344
43.885101318359375
43.77870178222656
44.00859832763672
43.84830093383789
44.171199798583984
44.0452995300293
44.239498138427734
44.171199798583984
43.934898376464844
44.054100036621094
43.88930130004883
43.77750015258789
43.934600830078125
43.871498107910156
44.03150177001953
44.01359939575195
44.185298919677734
43.73509979248047
43.814998626708984
43.822898864746094
52.35449981689453
52.46929931640625
52.3130989074707
52.742401123046875
52.86349868774414
52.37580108642578
52.289100646972656
52.334598541259766
52.435699462890625
52.61650085449219
52.72359848022461
52.81560134887695
52.63819885253906
52.57830047607422
52.989898681640625
53.04790115356445
52.63610076904297
53.049400329589844
52.92250061035156
53.06330108642578
52.83509826660156
53.0005989074707
52.7963981628418
52.972900390625
53.09769821166992
53.180198669433594
52.89469909667969
52.77170181274414
53.20719909667969
38.59299850463867
38.66299819946289
38.83250045776367
38.81919860839844
38.98320007324219
38.91849899291992
38.988800048828125
38.75519943237305
38.562599182128906
38.462100982666016
38.5724983215332
38.6431999206543
38.7333984375
38.8047981262207
38.826900482177734
38.872501373291016
38.359100341796875
38.345001220703125
38.46289825439453
38.38909912109375
38.53120040893555
38.662498474121094
38.77560043334961
38.619300842285156
38.64820098876953
38.470401763916016
38.619998931884766
38.29930114746094
38.31230163574219
38.43090057373047
38.53219985961914
38.47610092163086
38.316200256347656
38.39149856567383
38.28850173950195
38.442901611328125
38.25740051269531
38.35810089111328
38.47100067138672
38.239898681640625
38.098899841308594
38.12030029296875
40.509700775146484
40.24639892578125
40.32809829711914
40.36750030517578
40.406898498535156
40.6161994934082
40.763999938964844
40.69049835205078
40.77479934692383
40.43239974975586
40.35129928588867
40.542198181152344
40.54949951171875
40.73569869995117
40.42259979248047
40.27830123901367
40.62009811401367
40.591800689697266
40.29790115356445
40.74530029296875
40.622798919677734
40.479801177978516
40.48680114746094
40.61280059814453
40.433101654052734
40.22439956665039
40.29930114746094
40.333499908447266
40.385501861572266
40.51959991455078
40.68370056152344
40.68920135498047
40.7666015625
40.562801361083984
40.390899658203125
40.52289962768555
40.677799224853516
40.34379959106445
40.382598876953125
40.681800842285156
40.410400390625
40.31230163574219
40.554500579833984
40.57699966430664
40.231300354003906
40.44160079956055
40.40250015258789
40.39289855957031
40.489498138427734
40.572601318359375
40.30860137939453
40.1421012878418
40.28770065307617
40.47850036621094
40.489498138427734
45.73429870605469
46.085201263427734
46.13119888305664
46.232200622558594
45.93769836425781
45.7682991027832
45.92100143432617
46.11539840698242
45.99319839477539
46.149200439453125
46.14979934692383
45.80950164794922
46.194801330566406
46.37900161743164
46.3473014831543
45.963600158691406
46.04999923706055
46.412498474121094
46.19139862060547
46.07509994506836
46.4286994934082
46.09280014038086
46.1875
46.371299743652344
46.46540069580078
45.96099853515625
46.090301513671875
45.96620178222656
46.497798919677734
46.47079849243164
46.23979949951172
46.431400299072266
45.96329879760742
46.11520004272461
46.0984992980957
46.13999938964844
46.157100677490234
46.34709930419922
46.394901275634766
46.368900299072266
46.54140090942383
45.9900016784668
45.965599060058594
46.153499603271484
46.58039855957031
46.3849983215332
46.4473991394043
46.39789962768555
46.16830062866211
46.129798889160156
46.18220138549805
46.4031982421875
47.50550079345703
47.29249954223633
47.108001708984375
47.49259948730469
47.37260055541992
47.26679992675781
47.08769989013672
47.16569900512695
47.205501556396484
47.23740005493164
47.34260177612305
46.97309875488281
46.97719955444336
47.00310134887695
47.11370086669922
46.86479949951172
47.16910171508789
46.9213981628418
46.9375
47.21649932861328
47.03620147705078
47.117801666259766
47.163700103759766
47.2864990234375
46.807701110839844
46.98249816894531
47.13199996948242
46.95949935913086
47.0447998046875
46.952701568603516
47.107601165771484
47.21149826049805
46.874000549316406
46.99470138549805
46.82939910888672
47.04059982299805
47.121299743652344
47.25360107421875
47.14080047607422
47.27180099487305
46.8114013671875
46.965999603271484
47.071800231933594
46.842899322509766
47.023101806640625
46.7156982421875
46.82939910888672
46.84159851074219
47.22090148925781
46.88479995727539
46.980201721191406
47.17110061645508
47.267398834228516
47.224098205566406
47.340599060058594
47.30630111694336
46.85390090942383
47.359798431396484
46.95280075073242
47.0443000793457
54.45500183105469
54.61360168457031
53.93230056762695
54.379798889160156
54.27519989013672
54.533599853515625
54.1072998046875
54.15760040283203
53.813499450683594
53.93989944458008
53.973899841308594
54.11090087890625
53.96049880981445
54.03950119018555
54.21860122680664
54.15359878540039
53.913299560546875
54.20280075073242
54.31700134277344
54.002899169921875
54.07680130004883
54.061100006103516
54.16640090942383
54.111698150634766
54.20119857788086
54.39229965209961
54.30229949951172
54.08409881591797
54.500301361083984
54.505401611328125
54.9552001953125
54.762699127197266
54.812400817871094
54.28030014038086
54.41350173950195
54.69660186767578
54.3583984375
54.477699279785156
54.47090148925781
54.8390998840332
54.87990188598633
54.89080047607422
55.041900634765625
54.489200592041016
54.772098541259766
54.55390167236328
55.13180160522461
54.92300033569336
54.972900390625
54.9723014831543
54.55619812011719
54.84159851074219
54.622100830078125
54.52899932861328
55.000701904296875
55.03620147705078
55.03409957885742
54.537498474121094
54.79949951171875
54.831298828125
39.575599670410156
39.84230041503906
39.85029983520508
39.55189895629883
40.00699996948242
39.90629959106445
39.894901275634766
39.69269943237305
39.73270034790039
39.722198486328125
39.67020034790039
39.53269958496094
39.68360137939453
39.993900299072266
39.86159896850586
39.815101623535156
39.662899017333984
39.84590148925781
39.730201721191406
39.84090042114258
39.71070098876953
39.62969970703125
39.61040115356445
39.9921989440918
39.535099029541016
39.78850173950195
39.66490173339844
39.75149917602539
39.66120147705078
39.83760070800781
39.680999755859375
39.50360107421875
39.96500015258789
39.85919952392578
39.80799865722656
39.62919998168945
39.94810104370117
39.52870178222656
39.653900146484375
39.577301025390625
39.933998107910156
39.90330123901367
39.714900970458984
39.53620147705078
52.44929885864258
52.566001892089844
52.7036018371582
52.433799743652344
52.34349822998047
52.61220169067383
52.52080154418945
52.368099212646484
52.37820053100586
52.612998962402344
52.497798919677734
52.25270080566406
52.57339859008789
52.32600021362305
52.30139923095703
52.6150016784668
52.70759963989258
52.41680145263672
52.76620101928711
52.72710037231445
52.63779830932617
52.38349914550781
52.38909912109375
52.63420104980469
52.46070098876953
52.7411994934082
52.426998138427734
52.58209991455078
52.867801666259766
52.36289978027344
52.67689895629883
52.48720169067383
52.554500579833984
52.35150146484375
52.637699127197266
52.798099517822266
52.65359878540039
52.809200286865234
52.77299880981445
52.458099365234375
52.427398681640625
52.43109893798828
52.27899932861328
52.453399658203125
52.30830001831055
52.465999603271484
52.67169952392578
52.53089904785156
52.556400299072266
52.77289962768555
52.6255989074707
52.71969985961914
52.5015983581543
52.25740051269531
52.192298889160156
52.83489990234375
52.76369857788086
52.57500076293945
52.715999603271484
52.64179992675781
52.47209930419922
52.29650115966797
52.3931999206543
46.65359878540039
46.490699768066406
46.597900390625
46.74530029296875
46.86249923706055
46.39680099487305
46.66559982299805
46.474300384521484
46.38330078125
46.531700134277344
46.84189987182617
46.73529815673828
46.86539840698242
46.77730178833008
46.781700134277344
46.69889831542969
46.59120178222656
46.78099822998047
46.50979995727539
46.485198974609375
46.66889953613281
46.482398986816406
46.85100173950195
46.96039962768555
46.95560073852539
46.40039825439453
46.47829818725586
46.48590087890625
46.62730026245117
46.53969955444336
46.44620132446289
46.412200927734375
46.74919891357422
46.582401275634766
46.663299560546875
46.85540008544922
46.659000396728516
46.305198669433594
46.633201599121094
46.43199920654297
46.930999755859375
46.83169937133789
46.83409881591797
46.7223014831543
46.760501861572266
46.64670181274414
46.59659957885742
46.26029968261719
46.36819839477539
46.704200744628906
46.4005012512207
46.36259841918945
46.32320022583008
46.316898345947266
46.70399856567383
46.571800231933594
46.51190185546875
46.31949996948242
46.44839859008789
46.63850021362305
46.43149948120117
46.38880157470703
46.37730026245117
46.287899017333984
46.51850128173828
46.70709991455078
46.75859832763672
46.2130012512207
46.36050033569336
46.45560073852539
46.371700286865234
46.64870071411133
46.59920120239258
46.74869918823242
46.66339874267578
46.5088996887207
52.09859848022461
52.04790115356445
52.06050109863281
51.948001861572266
52.139801025390625
51.76470184326172
51.88240051269531
52.20750045776367
52.10029983520508
51.9922981262207
51.80189895629883
51.87879943847656
52.07310104370117
51.99610137939453
52.18410110473633
51.87459945678711
52.03049850463867
52.23529815673828
51.7942008972168
52.120201110839844
51.95790100097656
52.30500030517578
52.21480178833008
52.3047981262207
52.182899475097656
51.90060043334961
51.8671989440918
51.76959991455078
51.77259826660156
52.28229904174805
51.622501373291016
51.691001892089844
51.54169845581055
52.092201232910156
52.10380172729492
51.97589874267578
52.171600341796875
51.87229919433594
51.76100158691406
52.199501037597656
52.24769973754883
51.55630111694336
51.48350143432617
52.0177001953125
51.887298583984375
51.65039825439453
51.60860061645508
51.54859924316406
52.02399826049805
52.10279846191406
52.10369873046875
51.57279968261719
51.75429916381836
52.13759994506836
51.48139953613281
51.46879959106445
51.38930130004883
51.97489929199219
51.94179916381836
51.861900329589844
52.03239822387695
51.5443000793457
51.780799865722656
51.70119857788086
51.454898834228516
51.63639831542969
39.14139938354492
39.08660125732422
39.096900939941406
39.48780059814453
39.433101654052734
39.39569854736328
39.20589828491211
39.43519973754883
38.97050094604492
38.999298095703125
39.06959915161133
39.27859878540039
39.39080047607422
39.39690017700195
39.343299865722656
39.54869842529297
39.436100006103516
39.38240051269531
39.17290115356445
39.4630012512207
38.91450119018555
39.021400451660156
38.922000885009766
39.45830154418945
38.95320129394531
39.36800003051758
39.40359878540039
39.32870101928711
39.49959945678711
39.106998443603516
39.053001403808594
39.067100524902344
39.42449951171875
39.41239929199219
38.99449920654297
38.98059844970703
38.984901428222656
39.0536003112793
39.2510986328125
39.52980041503906
39.048500061035156
39.030799865722656
39.42509841918945
39.28369903564453
38.882198333740234
39.33639907836914
39.14339828491211
39.4015007019043
39.08290100097656
38.93429946899414
39.457000732421875
39.3296012878418
39.13520050048828
39.25239944458008
39.425498962402344
39.12990188598633
39.29249954223633
39.337398529052734
39.32809829711914
39.157100677490234
38.973899841308594
39.095298767089844
43.24729919433594
43.0088005065918
43.04600143432617
42.89360046386719
43.28010177612305
43.24039840698242
43.41590118408203
42.86790084838867
43.059898376464844
43.057498931884766
42.92879867553711
43.477500915527344
43.322200775146484
43.265899658203125
42.91400146484375
43.057498931884766
50.074501037597656
50.189701080322266
49.720699310302734
50.07210159301758
49.8838996887207
50.09560012817383
49.926300048828125
49.79209899902344
49.73749923706055
49.99530029296875
50.1526985168457
49.769901275634766
49.81740188598633
49.76860046386719
50.27389907836914
50.00379943847656
49.90079879760742
49.81660079956055
49.90510177612305
37.52790069580078
37.43280029296875
37.5723991394043
37.439998626708984
37.63029861450195
37.763301849365234
37.8755989074707
37.725399017333984
37.54119873046875
37.526798248291016
37.88639831542969
37.45539855957031
37.732601165771484
37.71390151977539
37.64720153808594
37.56489944458008
37.87080001831055
37.818599700927734
37.726898193359375
37.75400161743164
37.667198181152344
37.6880989074707
37.623199462890625
54.56209945678711
54.61199951171875
54.39590072631836
54.58829879760742
55.0536994934082
55.16960144042969
54.44559860229492
55.065799713134766
54.54460144042969
54.77669906616211
54.881900787353516
54.870201110839844
54.29079818725586
54.420799255371094
55.00090026855469
54.8202018737793
54.73310089111328
54.699798583984375
54.51150131225586
54.681400299072266
54.40299987792969
54.45000076293945
54.28409957885742
54.43920135498047
54.358699798583984
54.700599670410156
54.53860092163086
54.56230163574219
54.4822998046875
54.45130157470703
54.720401763916016
54.85749816894531
54.56399917602539
54.70140075683594
54.551300048828125
54.55540084838867
54.53969955444336
54.68830108642578
54.412200927734375
54.32339859008789
44.69169998168945
44.63850021362305
44.507999420166016
44.567298889160156
44.44960021972656
44.476600646972656
44.38639831542969
44.97829818725586
44.8843994140625
44.90959930419922
44.80820083618164
44.38119888305664
44.32789993286133
44.54750061035156
44.31290054321289
44.7510986328125
44.81560134887695
44.7947998046875
44.652000427246094
44.43410110473633
44.57149887084961
44.472198486328125
44.622798919677734
44.454898834228516
44.72800064086914
44.488800048828125
44.645198822021484
44.6880989074707
44.75149917602539
44.5359001159668
44.659698486328125
44.254798889160156
44.37699890136719
44.25
44.356998443603516
44.367801666259766
44.67959976196289
44.428199768066406
44.55400085449219
48.59189987182617
48.27009963989258
48.006099700927734
48.42219924926758
48.60660171508789
48.32659912109375
48.22249984741211
48.179500579833984
48.182498931884766
48.479400634765625
48.12070083618164
48.544498443603516
48.150699615478516
48.49850082397461
48.4994010925293
48.61800003051758
48.52870178222656
48.21989822387695
48.30070114135742
48.172698974609375
48.2765007019043
48.56679916381836
48.648101806640625
48.23270034790039
48.2958984375
48.1619987487793
48.562198638916016
48.7489013671875
48.35860061645508
48.73680114746094
48.62990188598633
48.671199798583984
48.49589920043945
48.43410110473633
48.2510986328125
48.404300689697266
48.61880111694336
48.451499938964844
48.2504997253418
48.274600982666016
48.16790008544922
48.44660186767578
48.149600982666016
48.09579849243164
48.101200103759766
48.46820068359375
47.98569869995117
48.57400131225586
48.328800201416016
48.3135986328125
48.12799835205078
48.31909942626953
48.13930130004883
48.0443000793457
48.16130065917969
48.34429931640625
48.483299255371094
48.232601165771484
48.28329849243164
48.410301208496094
48.040401458740234
48.23509979248047
48.30889892578125
39.369300842285156
39.1797981262207
39.022499084472656
39.207298278808594
39.302101135253906
39.03310012817383
39.27560043334961
39.012001037597656
39.310001373291016
39.12670135498047
39.4817008972168
39.16579818725586
39.467201232910156
39.337501525878906
39.351898193359375
39.45429992675781
39.25450134277344
39.320899963378906
39.142601013183594
39.19139862060547
38.99509811401367
39.09619903564453
39.432098388671875
39.0724983215332
39.27330017089844
39.32789993286133
39.176300048828125
39.13290023803711
39.09199905395508
39.35459899902344
39.03779983520508
39.32619857788086
39.283599853515625
39.397499084472656
39.217498779296875
38.966800689697266
39.14670181274414
39.1239013671875
39.09830093383789
39.14860153198242
39.37139892578125
38.986900329589844
39.220401763916016
39.10049819946289
39.468299865722656
39.400901794433594
38.940101623535156
39.37919998168945
38.93989944458008
39.04840087890625
39.29119873046875
39.33580017089844
39.03839874267578
39.09370040893555
40.029598236083984
39.85649871826172
39.69380187988281
39.765899658203125
39.90330123901367
40.01340103149414
39.909698486328125
39.59590148925781
39.643798828125
39.71229934692383
40.083900451660156
39.70869827270508
39.96160125732422
39.98749923706055
39.69490051269531
39.795799255371094
40.10390090942383
40.063499450683594
39.655399322509766
39.99150085449219
39.99810028076172
40.04719924926758
40.110801696777344
39.925899505615234
39.74440002441406
39.80540084838867
39.701499938964844
39.72309875488281
39.96549987792969
39.599098205566406
39.87379837036133
40.132301330566406
39.81779861450195
39.68450164794922
39.63560104370117
39.763099670410156
39.99340057373047
40.14860153198242
39.891300201416016
39.934600830078125
39.775901794433594
39.543399810791016
39.69240188598633
40.0098991394043
40.053199768066406
39.66510009765625
39.63880157470703
39.950199127197266
39.76060104370117
39.815799713134766
39.72669982910156
39.58380126953125
39.583900451660156
39.91899871826172
39.77470016479492
39.82809829711914
39.492801666259766
39.59700012207031
39.60649871826172
39.670501708984375
39.4827995300293
39.786598205566406
39.81809997558594
41.805999755859375
41.7760009765625
41.63570022583008
41.80339813232422
41.82939910888672
42.18539810180664
41.85279846191406
42.03110122680664
42.009300231933594
41.78200149536133
41.66469955444336
41.69430160522461
42.0791015625
41.96379852294922
41.76100158691406
42.05759811401367
41.68000030517578
42.209800720214844
42.08769989013672
44.25849914550781
44.47760009765625
44.302398681640625
44.31449890136719
43.92210006713867
44.409000396728516
44.3306999206543
44.207801818847656
44.37179946899414
44.37900161743164
44.10210037231445
43.98979949951172
44.14289855957031
44.089599609375
44.40999984741211
44.60499954223633
44.44969940185547
44.452301025390625
44.028499603271484
44.54499816894531
44.14179992675781
44.17060089111328
44.48080062866211
44.11399841308594
44.51639938354492
44.510501861572266
44.32569885253906
44.073299407958984
44.0536994934082
44.120399475097656
44.536800384521484
44.721500396728516
44.56999969482422
44.56949996948242
44.12070083618164
44.65520095825195
44.1879997253418
44.39830017089844
44.62590026855469
44.58879852294922
44.14419937133789
44.61520004272461
44.43769836425781
44.14970016479492
44.13759994506836
44.22700119018555
44.64580154418945
44.636199951171875
44.17169952392578
44.758201599121094
44.052398681640625
44.190799713134766
44.396400451660156
44.3744010925293
44.58380126953125
44.397701263427734
44.244598388671875
44.65039825439453
44.21149826049805
44.63819885253906
44.54560089111328
44.33369827270508
44.657100677490234
44.2859001159668
44.6338996887207
45.043800354003906
45.2036018371582
45.21620178222656
45.18450164794922
45.08399963378906
44.84199905395508
44.78969955444336
45.06570053100586
44.91849899291992
45.00809860229492
44.81669998168945
44.852901458740234
44.63090133666992
44.848201751708984
45.04790115356445
44.68080139160156
44.557498931884766
45.045501708984375
44.59360122680664
45.01850128173828
44.885398864746094
44.36589813232422
44.49660110473633
44.65950012207031
44.571998596191406
44.91350173950195
44.742000579833984
44.3754997253418
44.75210189819336
44.660301208496094
44.442100524902344
44.69839859008789
44.33789825439453
44.88399887084961
44.763999938964844
44.513999938964844
44.8744010925293
44.46189880371094
44.80699920654297
44.75210189819336
44.577598571777344
44.412899017333984
44.80270004272461
44.92210006713867
44.73210144042969
44.580101013183594
44.96780014038086
44.644798278808594
44.560298919677734
44.93880081176758
44.8307991027832
45.028099060058594
44.59960174560547
44.984798431396484
40.18170166015625
40.33150100708008
39.80220031738281
39.736698150634766
39.78950119018555
39.92070007324219
40.1083984375
40.04349899291992
39.9031982421875
40.125
39.989898681640625
40.075401306152344
40.24720001220703
40.132301330566406
40.07820129394531
39.75130081176758
40.15359878540039
39.82820129394531
39.80870056152344
40.22909927368164
39.927799224853516
39.88970184326172
39.814300537109375
39.88249969482422
40.07310104370117
39.992801666259766
39.82680130004883
40.00659942626953
39.689701080322266
39.932498931884766
40.11800003051758
40.02199935913086
39.82849884033203
40.0786018371582
40.1864013671875
39.73509979248047
40.17599868774414
39.81230163574219
39.68259811401367
40.13610076904297
39.6786994934082
40.21689987182617
40.14590072631836
39.772300720214844
39.942100524902344
40.13370132446289
39.69969940185547
39.81809997558594
39.71289825439453
40.11980056762695
39.98040008544922
40.05080032348633
39.99190139770508
39.83919906616211
39.861900329589844
39.96839904785156
39.995399475097656
39.952701568603516
40.12689971923828
39.789100646972656
39.694400787353516
40.112701416015625
39.85340118408203
39.7047004699707
40.03129959106445
39.77470016479492
39.58729934692383
40.13710021972656
39.86199951171875
40.00090026855469
43.129398345947266
42.96910095214844
43.133201599121094
42.945499420166016
42.961299896240234
42.80220031738281
43.32899856567383
42.849098205566406
43.32040023803711
43.26210021972656
43.074100494384766
42.95280075073242
42.792701721191406
42.71950149536133
43.189998626708984
42.73429870605469
43.26580047607422
43.040199279785156
42.879798889160156
43.14189910888672
43.22010040283203
42.80939865112305
43.05500030517578
42.897300720214844
43.04389953613281
42.877601623535156
43.087100982666016
42.96780014038086
42.66490173339844
43.14739990234375
42.77170181274414
42.58420181274414
42.87289810180664
42.66939926147461
42.97930145263672
42.743099212646484
42.96480178833008
42.550498962402344
42.94110107421875
42.812198638916016
43.13309860229492
43.007301330566406
43.21220016479492
43.028499603271484
42.581298828125
42.75379943847656
42.616600036621094
42.693599700927734
42.87139892578125
42.76409912109375
42.63959884643555
42.69049835205078
42.56169891357422
42.73720169067383
42.86249923706055
42.439998626708984
42.86429977416992
42.72309875488281
42.55569839477539
42.52439880371094
42.27289962768555
42.35419845581055
42.47639846801758
42.41899871826172
42.46590042114258
42.72370147705078
42.6072998046875
42.64860153198242
42.74020004272461
42.69770050048828
42.54669952392578
42.823001861572266
42.768798828125
45.292999267578125
45.20180130004883
45.14780044555664
45.04890060424805
45.04349899291992
44.94609832763672
45.107200622558594
45.125301361083984
45.479000091552734
45.454200744628906
45.51750183105469
44.964599609375
44.82109832763672
45.3656005859375
44.88930130004883
45.32939910888672
45.22850036621094
45.40840148925781
45.38999938964844
45.12540054321289
44.96699905395508
45.040199279785156
45.22809982299805
45.134498596191406
45.295501708984375
44.87099838256836
44.80799865722656
45.29710006713867
44.820499420166016
45.30609893798828
45.226200103759766
45.048500061035156
44.93870162963867
45.15589904785156
44.98809814453125
44.99760055541992
44.7234992980957
45.220001220703125
45.08729934692383
44.80229949951172
45.102699279785156
44.93899917602539
44.81570053100586
45.12889862060547
44.8468017578125
44.80419921875
44.99489974975586
44.89179992675781
44.944698333740234
44.833099365234375
45.0182991027832
45.00299835205078
44.89030075073242
45.06019973754883
45.0275993347168
44.700199127197266
44.62260055541992
44.763301849365234
44.622501373291016
45.118900299072266
45.04990005493164
44.78129959106445
44.70880126953125
44.99449920654297
44.8129997253418
44.93009948730469
44.727699279785156
44.98899841308594
49.16569900512695
49.10029983520508
49.23609924316406
49.555198669433594
49.6973991394043
49.49660110473633
49.36009979248047
49.44499969482422
49.588401794433594
49.148799896240234
49.10350036621094
49.62730026245117
49.5443000793457
49.324501037597656
49.66790008544922
49.28860092163086
49.20930099487305
49.23789978027344
49.41630172729492
49.6880989074707
49.493499755859375
49.444400787353516
49.63100051879883
49.23189926147461
49.19169998168945
49.682498931884766
49.24850082397461
50.37649917602539
50.27009963989258
49.32109832763672
49.73270034790039
49.29859924316406
49.376399993896484
49.31570053100586
49.38759994506836
50.13639831542969
50.20650100708008
49.878299713134766
49.80569839477539
50.098201751708984
50.079200744628906
50.27069854736328
50.15420150756836
49.83330154418945
49.7588996887207
50.19459915161133
50.03239822387695
49.696800231933594
50.05419921875
49.71070098876953
49.864601135253906
49.998199462890625
49.954200744628906
50.153900146484375
50.05400085449219
49.75870132446289
49.660701751708984
50.09270095825195
49.802799224853516
49.60540008544922
49.977298736572266
49.617801666259766
49.71670150756836
50.057098388671875
50.11539840698242
49.75640106201172
49.71549987792969
49.61989974975586
49.512699127197266
49.767799377441406
49.63719940185547
49.65399932861328
49.85210037231445
49.914100646972656
50.11709976196289
49.68960189819336
49.64720153808594
49.96989822387695
49.77190017700195
50.0526008605957
50.072898864746094
50.16709899902344
50.069801330566406
50.20389938354492
50.22760009765625
49.77840042114258
50.30670166015625
49.974998474121094
49.97489929199219
50.25529861450195
50.113800048828125
49.987098693847656
49.90420150756836
50.02750015258789
49.98740005493164
50.44990158081055
49.819801330566406
50.16579818725586
50.497798919677734
50.05799865722656
50.02619934082031
50.14979934692383
50.3745002746582
51.522499084472656
52.02050018310547
51.93000030517578
52.101898193359375
52.03559875488281
51.36389923095703
51.28860092163086
51.420101165771484
51.4098014831543
52.069801330566406
52.090301513671875
51.588199615478516
51.792301177978516
51.77299880981445
51.94269943237305
52.107601165771484
52.16849899291992
51.406700134277344
51.8848991394043
51.46670150756836
51.29010009765625
51.363399505615234
51.53139877319336
51.95600128173828
52.05350112915039
51.06610107421875
51.135501861572266
51.189998626708984
51.2755012512207
51.60219955444336
51.80609893798828
51.81079864501953
51.9911994934082
52.042198181152344
51.92530059814453
51.31370162963867
51.53139877319336
51.69779968261719
51.418800354003906
51.4390983581543
51.64889907836914
51.1974983215332
50.984100341796875
51.094398498535156
51.29029846191406
51.60810089111328
51.022701263427734
51.96289825439453
51.86399841308594
51.30139923095703
51.09590148925781
51.307098388671875
51.45399856567383
51.47269821166992
51.56949996948242
51.130001068115234
50.95220184326172
51.40340042114258
50.909698486328125
51.41999816894531
51.269901275634766
50.92190170288086
51.08140182495117
50.940399169921875
51.354801177978516
50.854801177978516
51.01100158691406
50.9557991027832
50.96649932861328
51.30189895629883
51.24720001220703
51.047698974609375
37.264801025390625
37.38140106201172
37.32630157470703
37.38880157470703
37.245399475097656
37.313899993896484
37.22420120239258
37.81119918823242
37.74340057373047
37.972900390625
37.799198150634766
37.89179992675781
37.87080001831055
38.02109909057617
38.12929916381836
37.962398529052734
37.73160171508789
37.89939880371094
43.118499755859375
42.83580017089844
43.039100646972656
43.12229919433594
43.314701080322266
43.302101135253906
42.96390151977539
43.01060104370117
43.177101135253906
43.009300231933594
43.28030014038086
43.35919952392578
43.36479949951172
42.98970031738281
43.06740188598633
43.102901458740234
43.43159866333008
43.33980178833008
43.376800537109375
43.42279815673828
43.457298278808594
43.54819869995117
43.1078987121582
43.17300033569336
43.18960189819336
43.25559997558594
43.41310119628906
43.484100341796875
43.56650161743164
43.18560028076172
43.21369934082031
43.2963981628418
43.44929885864258
43.1952018737793
43.54869842529297
43.13330078125
43.2333984375
43.46440124511719
43.25659942626953
43.160701751708984
43.36109924316406
43.07680130004883
43.32929992675781
42.8130989074707
42.90610122680664
42.907798767089844
43.01649856567383
43.070899963378906
43.448699951171875
43.4463005065918
42.99769973754883
43.08580017089844
42.899600982666016
43.365299224853516
43.29290008544922
43.101200103759766
43.19139862060547
43.285499572753906
43.188499450683594
43.02870178222656
43.33449935913086
43.24829864501953
42.90230178833008
42.78850173950195
45.320899963378906
45.51409912109375
45.52799987792969
45.598899841308594
45.66310119628906
45.22200012207031
45.17129898071289
45.70690155029297
45.578800201416016
45.712398529052734
45.39139938354492
45.24869918823242
45.60649871826172
45.41669845581055
45.328800201416016
45.31679916381836
45.482398986816406
45.43769836425781
45.594398498535156
45.40950012207031
45.161399841308594
45.25090026855469
45.39360046386719
45.447601318359375
45.46580123901367
45.5463981628418
45.39459991455078
45.558101654052734
45.29159927368164
45.611900329589844
45.48929977416992
45.636600494384766
45.46369934082031
45.580101013183594
45.30730056762695
45.61589813232422
45.65399932861328
45.741798400878906
45.59880065917969
45.66529846191406
45.75899887084961
45.31050109863281
45.404998779296875
45.4213981628418
48.11220169067383
47.86859893798828
47.93560028076172
47.899898529052734
48.02880096435547
47.528499603271484
47.75600051879883
47.85110092163086
48.056800842285156
48.14670181274414
47.59489822387695
47.687599182128906
47.69179916381836
47.72330093383789
48.24250030517578
48.2489013671875
47.80220031738281
47.8922004699707
48.08940124511719
48.208900451660156
48.182498931884766
47.7224006652832
48.26499938964844
48.266998291015625
48.39939880371094
47.864898681640625
48.11470031738281
47.9192008972168
47.857200622558594
47.82270050048828
47.90840148925781
48.46799850463867
48.300498962402344
48.309200286865234
47.8745002746582
47.955101013183594
48.137298583984375
48.25510025024414
48.12739944458008
48.300498962402344
48.10490036010742
48.09080123901367
51.28139877319336
51.368900299072266
51.36280059814453
50.919700622558594
51.175899505615234
50.96780014038086
50.90480041503906
51.436798095703125
51.2239990234375
51.28630065917969
50.97890090942383
51.01250076293945
51.44020080566406
51.382198333740234
50.96889877319336
51.06660079956055
51.29240036010742
51.33100128173828
51.529598236083984
51.043800354003906
51.05229949951172
51.09400177001953
51.165401458740234
51.37670135498047
51.49140167236328
50.89120101928711
51.588199615478516
51.73590087890625
51.11119842529297
51.15610122680664
50.97829818725586
51.335201263427734
51.45650100708008
51.348201751708984
51.63100051879883
51.63029861450195
51.830101013183594
51.303001403808594
51.40399932861328
51.377899169921875
51.44260025024414
51.78879928588867
51.92689895629883
51.89670181274414
51.5536003112793
51.73870086669922
51.74549865722656
51.87300109863281
51.448299407958984
51.48699951171875
51.63169860839844
51.61790084838867
51.78450012207031
51.796199798583984
51.96480178833008
51.594398498535156
38.844398498535156
38.71070098876953
38.772701263427734
38.788700103759766
38.87630081176758
38.8218994140625
38.79650115966797
38.74570083618164
38.849098205566406
38.811500549316406
38.78879928588867
38.79819869995117
38.63420104980469
38.75669860839844
38.725799560546875
38.91600036621094
38.80970001220703
38.691898345947266
38.94089889526367
38.815799713134766
38.711299896240234
38.68769836425781
38.59040069580078
38.696800231933594
38.692100524902344
42.85940170288086
42.760501861572266
42.89540100097656
43.01100158691406
43.16579818725586
42.779701232910156
42.75130081176758
43.2578010559082
43.03419876098633
43.07400131225586
43.09049987792969
43.1693000793457
42.6963005065918
42.839900970458984
42.81489944458008
42.89630126953125
43.089900970458984
43.14459991455078
43.15489959716797
42.7578010559082
42.88779830932617
42.941001892089844
42.9093017578125
43.222999572753906
42.861900329589844
42.99850082397461
43.18479919433594
42.8380012512207
43.20439910888672
43.15129852294922
42.830501556396484
43.01110076904297
42.851600646972656
43.28689956665039
42.92850112915039
43.11199951171875
43.148399353027344
43.27159881591797
43.265899658203125
43.20719909667969
42.86289978027344
42.933101654052734
43.127201080322266
43.193599700927734
43.21659851074219
43.33100128173828
42.857200622558594
42.92219924926758
43.27989959716797
43.087501525878906
43.115501403808594
42.73460006713867
42.874900817871094
42.747398376464844
42.81060028076172
42.85020065307617
43.04600143432617
43.291500091552734
43.12919998168945
43.313899993896484
42.7677001953125
42.890201568603516
42.85279846191406
43.02259826660156
43.02909851074219
43.20009994506836
43.18349838256836
42.83829879760742
43.170101165771484
44.27450180053711
44.465301513671875
44.1879997253418
44.21039962768555
44.67539978027344
44.52799987792969
44.662498474121094
44.32469940185547
44.19269943237305
44.57509994506836
44.38759994506836
44.572898864746094
44.667701721191406
44.32320022583008
44.20500183105469
44.39849853515625
44.55550003051758
44.297000885009766
44.48210144042969
44.23080062866211
44.31420135498047
44.55839920043945
44.365699768066406
44.269100189208984
44.46609878540039
44.18769836425781
44.507301330566406
43.89099884033203
44.000099182128906
43.923301696777344
44.11650085449219
44.14860153198242
44.529998779296875
44.54779815673828
44.64350128173828
44.18000030517578
43.974098205566406
44.459800720214844
44.397701263427734
44.179901123046875
44.28099822998047
44.51319885253906
44.347198486328125
43.71030044555664
44.17919921875
44.204498291015625
44.37099838256836
44.34109878540039
43.925498962402344
43.97779846191406
44.06930160522461
43.872798919677734
43.90439987182617
43.75529861450195
44.17689895629883
43.97370147705078
44.05799865722656
43.69850158691406
43.79990005493164
43.95500183105469
43.98889923095703
44.331199645996094
44.274898529052734
44.12670135498047
44.13399887084961
44.23740005493164
43.781898498535156
44.019901275634766
44.02090072631836
44.06660079956055
44.35770034790039
44.185699462890625
44.21630096435547
43.85940170288086
43.9385986328125
54.568599700927734
54.59260177612305
54.61899948120117
54.69089889526367
54.72869873046875
54.475101470947266
54.66189956665039
54.453800201416016
54.54840087890625
54.64550018310547
54.8031005859375
54.640098571777344
54.776100158691406
54.765899658203125
54.557098388671875
54.500999450683594
40.803199768066406
40.80179977416992
40.911399841308594
41.00699996948242
40.82680130004883
40.825199127197266
40.98440170288086
40.64929962158203
40.98830032348633
41.052101135253906
41.09260177612305
41.10689926147461
41.1614990234375
40.68239974975586
40.694698333740234
40.7406005859375
40.88290023803711
40.802101135253906
40.959598541259766
40.77050018310547
40.950199127197266
40.62269973754883
41.0452995300293
40.874298095703125
40.5989990234375
40.664798736572266
40.677101135253906
40.774898529052734
41.109500885009766
41.062198638916016
41.12260055541992
40.75080108642578
40.4818000793457
40.400901794433594
40.577701568603516
40.477901458740234
40.86330032348633
40.92020034790039
40.968299865722656
40.99089813232422
40.535099029541016
40.297000885009766
40.36410140991211
40.3572998046875
40.66320037841797
40.76240158081055
40.88610076904297
40.74190139770508
40.474700927734375
40.63309860229492
40.442298889160156
40.59859848022461
40.722198486328125
42.496700286865234
42.06420135498047
42.5161018371582
42.56769943237305
42.660499572753906
42.262699127197266
42.30080032348633
42.41640090942383
42.58530044555664
42.0364990234375
42.2307014465332
42.222198486328125
42.39569854736328
42.50450134277344
42.453800201416016
42.0166015625
42.19839859008789
42.16939926147461
42.17070007324219
42.0880012512207
42.66120147705078
42.44660186767578
42.50490188598633
42.48929977416992
42.610198974609375
42.3661003112793
42.41790008544922
42.23160171508789
42.68450164794922
42.53369903564453
42.558998107910156
42.19260025024414
42.34080123901367
42.799598693847656
42.61360168457031
42.6525993347168
42.657100677490234
42.733699798583984
42.09600067138672
42.19409942626953
42.19839859008789
42.39400100708008
42.53499984741211
42.792598724365234
42.67290115356445
42.22850036621094
42.250301361083984
42.43600082397461
42.45880126953125
42.69649887084961
42.53030014038086
42.709598541259766
42.229000091552734
42.36429977416992
42.22669982910156
42.66659927368164
42.474700927734375
42.37269973754883
42.47100067138672
42.2776985168457
42.612300872802734
42.55189895629883
42.22010040283203
42.379600524902344
42.4474983215332
42.3297004699707
42.412498474121094
42.59560012817383
42.69960021972656
42.66080093383789
42.30870056152344
42.442501068115234
42.53300094604492
43.82460021972656
43.442298889160156
43.775299072265625
43.42720031738281
43.496700286865234
43.69060134887695
43.37929916381836
42.71369934082031
43.36690139770508
43.508201599121094
43.3765983581543
43.888099670410156
43.845298767089844
43.48569869995117
43.573001861572266
43.772701263427734
43.80509948730469
43.92499923706055
43.54140090942383
43.52069854736328
43.57469940185547
43.88610076904297
43.705101013183594
43.74769973754883
43.34040069580078
43.593299865722656
43.555301666259766
43.6234016418457
43.41379928588867
43.980899810791016
43.77280044555664
43.82379913330078
43.4724006652832
43.31340026855469
43.633201599121094
43.676300048828125
43.98789978027344
43.8400993347168
43.86859893798828
43.430999755859375
43.61800003051758
43.83649826049805
43.91299819946289
43.93339920043945
44.02000045776367
43.346500396728516
43.44729995727539
43.44160079956055
43.842899322509766
43.54600143432617
43.63869857788086
43.957698822021484
44.0796012878418
43.49169921875
43.503299713134766
43.93830108642578
44.15129852294922
44.292701721191406
44.15010070800781
44.13029861450195
43.96580123901367
43.988399505615234
43.98569869995117
44.09989929199219
48.676998138427734
48.51150131225586
48.9635009765625
48.80039978027344
48.86520004272461
48.94150161743164
48.5900993347168
48.50849914550781
48.645301818847656
48.76789855957031
48.595699310302734
48.926700592041016
48.691001892089844
48.894901275634766
48.46590042114258
48.50699996948242
48.50659942626953
48.5359992980957
48.59400177001953
48.68870162963867
48.56439971923828
48.985599517822266
49.041099548339844
49.067100524902344
48.67689895629883
48.62049865722656
49.16310119628906
49.03369903564453
48.85749816894531
48.96839904785156
48.91619873046875
49.02619934082031
49.167198181152344
48.98160171508789
49.08789825439453
49.19990158081055
49.0900993347168
48.70859909057617
48.605499267578125
48.8754997253418
49.70180130004883
49.983699798583984
49.84280014038086
49.99420166015625
49.28200149536133
49.30720138549805
49.578800201416016
49.357200622558594
49.86240005493164
49.840599060058594
49.63840103149414
49.50550079345703
49.279701232910156
49.32609939575195
49.154701232910156
49.49100112915039
49.547698974609375
49.48870086669922
49.75
49.70759963989258
49.992698669433594
49.65620040893555
49.83869934082031
49.52190017700195
49.55059814453125
49.94889831542969
49.66170120239258
49.828800201416016
50.16830062866211
49.81719970703125
49.97650146484375
50.14469909667969
51.430599212646484
51.53739929199219
51.65370178222656
51.54930114746094
51.627899169921875
51.15999984741211
51.21110153198242
51.22800064086914
51.2421989440918
51.74769973754883
51.651798248291016
51.74089813232422
51.335601806640625
51.34939956665039
51.459999084472656
51.6172981262207
51.094398498535156
51.586299896240234
51.397701263427734
51.53200149536133
51.62070083618164
51.23630142211914
51.16889953613281
51.34040069580078
50.872398376464844
51.2130012512207
51.3380012512207
51.47050094604492
51.279300689697266
51.02859878540039
50.94919967651367
51.09960174560547
50.97200012207031
51.081199645996094
51.314998626708984
51.062400817871094
51.26789855957031
50.765899658203125
50.750701904296875
50.87580108642578
50.677799224853516
50.84560012817383
50.94540023803711
50.75379943847656
50.67530059814453
51.31930160522461
51.340599060058594
51.41550064086914
51.06999969482422
51.159400939941406
51.20209884643555
51.270301818847656
50.61000061035156
50.68669891357422
50.60179901123047
50.82680130004883
51.31330108642578
51.249900817871094
53.169498443603516
53.00210189819336
52.75149917602539
52.80730056762695
52.743099212646484
52.897098541259766
52.99850082397461
52.8468017578125
53.26190185546875
52.9380989074707
53.10940170288086
52.924598693847656
53.07979965209961
52.950401306152344
53.1245002746582
53.24470138549805
53.087501525878906
53.18050003051758
53.2140007019043
52.81850051879883
52.869300842285156
52.92639923095703
53.36399841308594
53.20989990234375
53.33539962768555
53.007301330566406
52.912498474121094
53.0088996887207
53.19139862060547
53.02330017089844
52.926700592041016
53.0536994934082
53.138999938964844
53.306400299072266
53.11830139160156
53.0526008605957
53.2400016784668
53.029998779296875
53.2047004699707
53.21139907836914
53.30030059814453
53.43069839477539
53.327301025390625
53.429901123046875
52.906898498535156
53.300498962402344
53.029701232910156
52.864898681640625
53.13890075683594
52.94580078125
53.38909912109375
53.27830123901367
53.08409881591797
53.13930130004883
53.03459930419922
52.77119827270508
52.893798828125
52.76490020751953
53.20830154418945
53.20429992675781
53.36429977416992
53.54100036621094
53.26890182495117
53.32170104980469
53.09090042114258
52.95690155029297
52.96229934692383
53.04710006713867
48.272098541259766
48.49150085449219
48.45280075073242
48.604801177978516
48.46039962768555
48.34080123901367
48.828399658203125
48.58209991455078
48.4364013671875
48.420501708984375
48.71849822998047
48.74829864501953
48.62369918823242
48.46649932861328
48.810001373291016
48.662200927734375
48.53139877319336
48.51150131225586
48.85490036010742
48.54710006713867
48.68539810180664
48.832298278808594
48.701698303222656
48.817901611328125
48.63529968261719
48.98540115356445
39.095699310302734
39.57600021362305
39.42250061035156
39.477500915527344
39.270599365234375
39.347999572753906
39.55659866333008
39.67380142211914
39.118900299072266
39.60279846191406
39.588600158691406
39.45830154418945
39.57749938964844
39.42599868774414
39.260799407958984
39.3297004699707
39.00199890136719
39.078800201416016
38.96189880371094
39.21260070800781
39.3927001953125
39.253299713134766
39.14310073852539
39.15999984741211
39.29140090942383
39.36320114135742
39.54990005493164
39.20690155029297
39.39070129394531
39.114498138427734
39.22740173339844
39.125999450683594
39.513099670410156
39.16619873046875
39.319000244140625
39.61589813232422
39.54090118408203
39.50870132446289
39.174800872802734
39.46689987182617
39.29520034790039
39.579200744628906
39.22930145263672
39.226200103759766
39.14099884033203
39.5166015625
39.41790008544922
39.437198638916016
39.657901763916016
39.567100524902344
39.64440155029297
39.40549850463867
39.56129837036133
39.395198822021484
39.46780014038086
39.29100036621094
39.456199645996094
39.569698333740234
39.3922004699707
39.308799743652344
39.239601135253906
39.32469940185547
39.51150131225586
39.152400970458984
39.296199798583984
39.04819869995117
39.138999938964844
39.60710144042969
42.79819869995117
45.57460021972656
45.46670150756836
45.64789962768555
45.48699951171875
45.29679870605469
45.417701721191406
45.38959884643555
45.35300064086914
45.71730041503906
45.57059860229492
45.71099853515625
45.14580154418945
45.21879959106445
45.11750030517578
45.75450134277344
45.583099365234375
45.739200592041016
45.28390121459961
45.540199279785156
45.410499572753906
45.59379959106445
45.45790100097656
45.57500076293945
45.17539978027344
45.119598388671875
44.922298431396484
45.011199951171875
45.447200775146484
45.397701263427734
45.27799987792969
45.47850036621094
45.37379837036133
45.580101013183594
45.1781005859375
45.393699645996094
45.2958984375
45.65760040283203
45.55950164794922
45.36090087890625
45.35309982299805
45.36790084838867
45.19969940185547
45.12329864501953
45.18000030517578
45.44969940185547
45.435001373291016
45.19240188598633
45.40620040893555
44.91019821166992
45.157798767089844
45.069698333740234
45.085201263427734
44.98649978637695
45.457698822021484
45.48059844970703
45.17070007324219
45.350799560546875
45.3125
45.69260025024414
45.54159927368164
45.672401428222656
45.05870056152344
45.280601501464844
45.2218017578125
45.24190139770508
45.12590026855469
45.62950134277344
45.52370071411133
45.53730010986328
38.12310028076172
38.02050018310547
38.41170120239258
38.36220169067383
38.4838981628418
37.96649932861328
38.29499816894531
37.988800048828125
38.20840072631836
38.226600646972656
38.164798736572266
37.89659881591797
38.06629943847656
37.93429946899414
37.82429885864258
37.94340133666992
38.03020095825195
38.20000076293945
38.305301666259766
38.239601135253906
38.05939865112305
38.02939987182617
38.112300872802734
38.088199615478516
38.22549819946289
38.20989990234375
47.736698150634766
47.552398681640625
47.472599029541016
47.64440155029297
47.497398376464844
47.67020034790039
47.440799713134766
47.58100128173828
47.74549865722656
47.322200775146484
47.31529998779297
47.37049865722656
47.13999938964844
47.09370040893555
47.057899475097656
47.50270080566406
47.3474006652832
47.32809829711914
47.405799865722656
47.26150131225586
47.310298919677734
47.197200775146484
47.21820068359375
51.007301330566406
50.87229919433594
50.71900177001953
50.415199279785156
50.58660125732422
50.60169982910156
50.60850143432617
50.5265998840332
50.53459930419922
50.42340087890625
50.453399658203125
50.464298248291016
50.747501373291016
50.8484001159668
50.635799407958984
50.842098236083984
50.78670120239258
50.72999954223633
51.0531005859375
50.685298919677734
50.973201751708984
51.00659942626953
50.630401611328125
50.67070007324219
50.92259979248047
50.548301696777344
50.81010055541992
51.019500732421875
50.869598388671875
50.96839904785156
50.88759994506836
50.70690155029297
50.586700439453125
50.72209930419922
50.53630065917969
50.68090057373047
50.363399505615234
50.51060104370117
50.31840133666992
50.47010040283203
50.969600677490234
50.583900451660156
50.8931999206543
50.86040115356445
50.78770065307617
50.71149826049805
50.775699615478516
50.983299255371094
50.78559875488281
50.892601013183594
50.80839920043945
50.6349983215332
50.56209945678711
50.662200927734375
50.44860076904297
50.555599212646484
50.20439910888672
50.2843017578125
51.10599899291992
50.174198150634766
51.118499755859375
50.97420120239258
50.87900161743164
50.99440002441406
38.76599884033203
38.48830032348633
38.666900634765625
38.6531982421875
38.60260009765625
38.848201751708984
38.64419937133789
38.91320037841797
38.785499572753906
38.81959915161133
38.471500396728516
38.572601318359375
38.82849884033203
38.94020080566406
38.78300094604492
38.778099060058594
38.8650016784668
38.82229995727539
38.89189910888672
38.829898834228516
38.81919860839844
38.88690185546875
38.82509994506836
38.93050003051758
38.887699127197266
42.15959930419922
42.07929992675781
41.96030044555664
42.03739929199219
42.022701263427734
41.840301513671875
41.772098541259766
41.93349838256836
41.74610137939453
41.78089904785156
41.67259979248047
41.66550064086914
42.15800094604492
41.609500885009766
41.949100494384766
41.56740188598633
41.80350112915039
41.93659973144531
41.51169967651367
41.90829849243164
41.35129928588867
41.49039840698242
41.85580062866211
41.78409957885742
41.91849899291992
41.73360061645508
41.744300842285156
42.02629852294922
41.63410186767578
41.65010070800781
41.495201110839844
41.64979934692383
41.50189971923828
41.35340118408203
41.799198150634766
41.38029861450195
41.79169845581055
41.68149948120117
41.76750183105469
41.407798767089844
41.7036018371582
41.69089889526367
41.313899993896484
41.57870101928711
41.45130157470703
41.615501403808594
41.633399963378906
41.4818000793457
41.72529983520508
41.539100646972656
41.47560119628906
41.5807991027832
41.72560119628906
46.5526008605957
46.26750183105469
46.606300354003906
46.60820007324219
46.268001556396484
46.81919860839844
46.41510009765625
46.44770050048828
46.492698669433594
46.55839920043945
46.41239929199219
46.354698181152344
46.88840103149414
46.71929931640625
46.92359924316406
46.60210037231445
46.777000427246094
46.95249938964844
46.77040100097656
46.69160079956055
46.670101165771484
46.852699279785156
46.49330139160156
46.67219924926758
46.87839889526367
46.5265007019043
46.65409851074219
46.75529861450195
46.93989944458008
47.04949951171875
46.66939926147461
46.75669860839844
47.07279968261719
46.691001892089844
46.7958984375
46.98509979248047
46.9900016784668
46.61899948120117
46.71870040893555
46.91669845581055
47.01110076904297
46.63679885864258
46.64630126953125
47.04119873046875
47.08679962158203
46.734500885009766
51.996498107910156
51.91680145263672
52.04280090332031
51.641998291015625
51.72090148925781
51.61320114135742
52.05799865722656
51.91339874267578
52.070499420166016
51.8828010559082
51.85879898071289
52.2661018371582
52.3203010559082
52.362300872802734
52.04079818725586
51.48659896850586
51.612998962402344
51.74290084838867
51.95970153808594
51.645599365234375
52.06999969482422
52.233001708984375
51.61600112915039
52.350799560546875
51.78499984741211
52.364498138427734
51.895198822021484
51.9202995300293
51.76940155029297
51.912200927734375
52.14950180053711
44.10689926147461
44.035099029541016
44.16699981689453
43.784400939941406
43.88520050048828
43.60200119018555
43.79650115966797
43.871700286865234
43.67219924926758
43.581298828125
43.69770050048828
43.69710159301758
44.00849914550781
43.584999084472656
43.64149856567383
43.48609924316406
43.558998107910156
43.897300720214844
43.958499908447266
43.582401275634766
43.74380111694336
43.63410186767578
43.756500244140625
43.56420135498047
43.64099884033203
43.46229934692383
43.47610092163086
43.90800094604492
43.98189926147461
43.4379997253418
43.903900146484375
43.4474983215332
43.5718994140625
43.88930130004883
43.75920104980469
43.64469909667969
43.4650993347168
43.50270080566406
43.57460021972656
43.844600677490234
43.882301330566406
43.64540100097656
43.844398498535156
43.84090042114258
43.91699981689453
43.77360153198242
43.8213005065918
43.67430114746094
43.776798248291016
43.37929916381836
43.946800231933594
43.91889953613281
43.59939956665039
43.99760055541992
43.630001068115234
49.84809875488281
49.920501708984375
49.54199981689453
49.9109992980957
49.4296989440918
49.43479919433594
49.80720138549805
49.35639953613281
49.61050033569336
49.72880172729492
49.45029830932617
49.788700103759766
49.517398834228516
49.64649963378906
49.775699615478516
49.54059982299805
49.60850143432617
49.4197998046875
49.770301818847656
49.87770080566406
49.04719924926758
49.846900939941406
49.76599884033203
49.75920104980469
49.32080078125
49.663299560546875
49.214599609375
49.27000045776367
49.7333984375
49.18370056152344
48.81549835205078
48.94969940185547
49.29800033569336
48.781898498535156
49.01449966430664
49.18629837036133
49.66109848022461
49.21820068359375
49.00510025024414
49.14509963989258
49.31740188598633
48.95840072631836
49.242401123046875
49.497501373291016
48.82400131225586
49.41059875488281
48.85960006713867
48.80970001220703
48.893699645996094
49.06370162963867
48.76499938964844
48.797698974609375
48.6599006652832
48.72629928588867
49.54970169067383
49.74530029296875
49.4650993347168
49.620201110839844
49.346900939941406
49.49319839477539
48.71039962768555
49.39910125732422
49.27410125732422
48.64469909667969
48.59619903564453
48.569400787353516
48.533599853515625
48.80030059814453
48.61389923095703
48.70439910888672
48.5265007019043
48.285099029541016
48.227500915527344
48.1864013671875
48.13850021362305
49.02119827270508
48.81330108642578
48.73899841308594
48.87089920043945
48.4822998046875
48.43410110473633
48.35459899902344
48.349098205566406
48.27939987182617
48.1338996887207
49.2588005065918
49.194000244140625
49.11790084838867
49.14950180053711
49.02690124511719
49.07400131225586
48.46200180053711
48.577999114990234
48.516700744628906
48.32659912109375
48.200199127197266
48.102298736572266
48.268798828125
48.38460159301758
48.496299743652344
48.56119918823242
48.15840148925781
48.06639862060547
48.46870040893555
48.06290054321289
48.54690170288086
48.36349868774414
48.937599182128906
48.99639892578125
48.9296989440918
48.80889892578125
48.74689865112305
48.77920150756836
48.700401306152344
48.59349822998047
48.07899856567383
48.090301513671875
48.43830108642578
48.495201110839844
48.302101135253906
48.38959884643555
48.49679946899414
48.36880111694336
48.16859817504883
48.645301818847656
48.260398864746094
48.63349914550781
48.56489944458008
48.15760040283203
48.23109817504883
53.499698638916016
53.08610153198242
53.40039825439453
53.43519973754883
53.4818000793457
53.3120002746582
52.93960189819336
52.82939910888672
52.93299865722656
53.08470153808594
53.19129943847656
52.94430160522461
53.10929870605469
52.83100128173828
53.009700775146484
52.910400390625
52.62070083618164
52.57160186767578
52.616600036621094
52.466800689697266
52.390098571777344
53.11989974975586
52.818599700927734
53.09120178222656
53.32360076904297
53.004398345947266
52.9557991027832
52.799800872802734
53.194801330566406
52.98160171508789
53.09349822998047
52.59170150756836
52.80540084838867
53.153900146484375
52.786598205566406
53.02560043334961
53.087799072265625
52.3306999206543
52.26750183105469
53.5463981628418
52.202301025390625
53.48789978027344
53.42580032348633
53.015899658203125
53.36669921875
53.245399475097656
53.195499420166016
46.96289825439453
46.83489990234375
47.06529998779297
47.313899993896484
47.274600982666016
46.92610168457031
46.85300064086914
47.42259979248047
47.18109893798828
46.9984016418457
47.33760070800781
47.180198669433594
47.040199279785156
47.34120178222656
46.895301818847656
47.32080078125
47.42290115356445
47.23929977416992
47.1421012878418
47.04180145263672
46.894500732421875
46.961700439453125
47.14080047607422
47.22639846801758
47.13650131225586
47.289798736572266
47.256900787353516
46.928199768066406
46.86259841918945
47.27539825439453
47.135501861572266
47.052799224853516
46.975101470947266
47.22700119018555
47.07590103149414
46.807498931884766
47.36389923095703
46.82720184326172
46.9379997253418
47.33980178833008
47.342098236083984
46.950401306152344
47.41809844970703
47.03379821777344
47.21620178222656
47.26179885864258
47.513099670410156
47.28779983520508
47.08420181274414
47.30649948120117
46.90589904785156
46.93230056762695
47.05229949951172
47.00469970703125
47.34260177612305
47.032901763916016
47.03839874267578
47.1963005065918
47.41699981689453
47.517398834228516
47.142799377441406
47.04499816894531
47.2400016784668
47.429500579833984
47.31669998168945
47.12699890136719
53.187400817871094
53.15879821777344
53.38050079345703
53.344398498535156
53.397098541259766
52.9473991394043
53.48889923095703
53.40530014038086
53.36830139160156
53.35850143432617
53.16510009765625
52.964599609375
53.43050003051758
52.84550094604492
53.04399871826172
53.427101135253906
53.444400787353516
52.80179977416992
53.42509841918945
52.87730026245117
52.91469955444336
52.990299224853516
52.937400817871094
53.3213005065918
53.110599517822266
53.46770095825195
53.379798889160156
52.860198974609375
52.934200286865234
53.65549850463867
53.54389953613281
53.412899017333984
53.36109924316406
52.864601135253906
53.30179977416992
52.9739990234375
53.019901275634766
53.11949920654297
53.062198638916016
53.33760070800781
53.2765998840332
53.572898864746094
53.69940185546875
53.1255989074707
53.73400115966797
53.3838996887207
53.42720031738281
53.142601013183594
52.96310043334961
53.12310028076172
53.052398681640625
53.167301177978516
53.06439971923828
53.2859001159668
53.49660110473633
50.372100830078125
50.57320022583008
50.82979965209961
50.313499450683594
50.74300003051758
50.72890090942383
50.30509948730469
50.28860092163086
50.66640090942383
50.61869812011719
50.759498596191406
50.67380142211914
50.424800872802734
50.477500915527344
50.7411003112793
50.53390121459961
50.685298919677734
50.6890983581543
51.0281982421875
50.86389923095703
50.75579833984375
50.18939971923828
50.67509841918945
50.4640998840332
50.818599700927734
50.85919952392578
50.37289810180664
50.347999572753906
51.00899887084961
51.458099365234375
50.801700592041016
51.0088005065918
51.04790115356445
50.94419860839844
51.376399993896484
51.18349838256836
51.06019973754883
50.859100341796875
51.12990188598633
51.168701171875
51.17509841918945
51.41429901123047
50.76089859008789
51.34830093383789
50.72269821166992
50.90660095214844
51.13600158691406
51.091800689697266
50.87739944458008
51.34400177001953
51.38750076293945
51.097198486328125
51.481201171875
50.878700256347656
50.72880172729492
51.312801361083984
50.85430145263672
55.051700592041016
55.013301849365234
54.8739013671875
54.882999420166016
54.97629928588867
39.12220001220703
39.1338005065918
39.17720031738281
39.231201171875
38.982601165771484
38.9364013671875
39.052799224853516
39.03670120239258
39.041500091552734
39.182899475097656
39.41999816894531
39.32120132446289
39.356998443603516
39.36899948120117
39.226898193359375
38.85390090942383
38.51890182495117
39.11869812011719
39.283599853515625
38.46500015258789
39.412601470947266
39.48350143432617
38.916900634765625
39.50120162963867
39.307899475097656
39.23379898071289
39.374900817871094
39.32889938354492
41.48889923095703
41.39789962768555
41.61709976196289
41.52009963989258
41.337799072265625
41.23350143432617
41.21659851074219
41.471099853515625
41.44419860839844
41.356300354003906
41.50529861450195
41.5791015625
41.31990051269531
41.50579833984375
41.217899322509766
41.58509826660156
41.3297004699707
41.42100143432617
41.59130096435547
41.495399475097656
41.482200622558594
41.20830154418945
41.36309814453125
41.204498291015625
41.50859832763672
41.35419845581055
41.663700103759766
41.43980026245117
41.256900787353516
41.589698791503906
41.37289810180664
41.24660110473633
41.62310028076172
41.21839904785156
41.38180160522461
41.492698669433594
41.67210006713867
41.503299713134766
41.34830093383789
41.20930099487305
41.36240005493164
41.70840072631836
41.3401985168457
41.4015998840332
41.225799560546875
41.45429992675781
41.577301025390625
41.71009826660156
41.12350082397461
41.48099899291992
41.46739959716797
41.42100143432617
41.68170166015625
41.5098991394043
41.30780029296875
41.29330062866211
41.57889938354492
41.13750076293945
41.268699645996094
41.39910125732422
41.42470169067383
41.598899841308594
41.26539993286133
41.625
44.97650146484375
44.79650115966797
44.65840148925781
45.062599182128906
45.10089874267578
44.888099670410156
45.175498962402344
45.21229934692383
45.23419952392578
45.26639938354492
44.766700744628906
44.80939865112305
45.10100173950195
45.14849853515625
44.689998626708984
44.708499908447266
44.740699768066406
44.75429916381836
45.042198181152344
44.84199905395508
44.917198181152344
45.308799743652344
45.28990173339844
44.783199310302734
45.28450012207031
44.775299072265625
45.14179992675781
45.10309982299805
44.840999603271484
45.28099822998047
45.148799896240234
44.94599914550781
44.99660110473633
44.901798248291016
44.86330032348633
45.20600128173828
44.7942008972168
45.07849884033203
44.87179946899414
44.94839859008789
44.7849006652832
44.801700592041016
44.984798431396484
45.17639923095703
45.20869827270508
45.309898376464844
45.19219970703125
46.081600189208984
46.0166015625
46.15760040283203
46.0802001953125
45.9202995300293
46.03239822387695
45.908199310302734
45.821800231933594
45.954898834228516
45.97890090942383
46.16749954223633
45.69850158691406
46.263999938964844
45.73109817504883
45.830299377441406
46.22079849243164
46.15829849243164
45.89550018310547
45.8583984375
46.07709884643555
45.8916015625
46.080101013183594
45.7848014831543
46.11069869995117
45.94430160522461
46.176700592041016
45.81959915161133
45.840301513671875
45.989601135253906
46.110801696777344
46.01810073852539
46.092098236083984
46.000701904296875
46.1151008605957
46.23889923095703
45.78129959106445
46.08580017089844
46.02040100097656
45.82360076904297
45.8572998046875
53.17720031738281
38.59049987792969
38.686100006103516
38.70389938354492
38.77360153198242
38.518001556396484
38.34859848022461
38.57379913330078
38.5536003112793
38.79100036621094
38.372501373291016
38.217899322509766
38.38399887084961
38.085899353027344
38.12900161743164
38.281700134277344
38.37910079956055
38.25379943847656
38.12120056152344
38.39870071411133
38.42060089111328
38.26729965209961
38.492401123046875
38.41780090332031
38.21950149536133
38.174598693847656
38.39289855957031
38.48379898071289
38.543701171875
38.38759994506836
38.311798095703125
38.438899993896484
38.53110122680664
38.49620056152344
46.80950164794922
46.9370002746582
46.82360076904297
47.021400451660156
46.88159942626953
47.126800537109375
47.20180130004883
47.21689987182617
47.21889877319336
46.96689987182617
46.9818000793457
47.139400482177734
47.132598876953125
47.27080154418945
47.088199615478516
46.93439865112305
46.51100158691406
46.587501525878906
46.66659927368164
46.6161003112793
46.7765998840332
46.95830154418945
46.983299255371094
46.88079833984375
46.75339889526367
46.682498931884766
46.842098236083984
46.75590133666992
47.045799255371094
46.96889877319336
47.1068000793457
47.05099868774414
46.51340103149414
46.389801025390625
46.60900115966797
46.639400482177734
46.42210006713867
46.250999450683594
46.53990173339844
46.32160186767578
46.41120147705078
46.82099914550781
46.477500915527344
46.477298736572266
46.53580093383789
46.74720001220703
46.68090057373047
46.88359832763672
46.311100006103516
46.23109817504883
50.44049835205078
50.370601654052734
50.33810043334961
50.73500061035156
50.640201568603516
50.33610153198242
50.5630989074707
50.631900787353516
50.30730056762695
50.695701599121094
50.7057991027832
50.85559844970703
50.44459915161133
50.510398864746094
40.3567008972168
40.09450149536133
40.553001403808594
40.43980026245117
40.07440185546875
40.449100494384766
40.268798828125
40.17850112915039
40.303001403808594
40.19900131225586
40.36989974975586
40.118900299072266
40.55569839477539
40.25659942626953
40.091800689697266
40.483001708984375
40.500999450683594
40.1598014831543
40.18560028076172
40.25149917602539
40.28120040893555
40.041500091552734
40.35639953613281
40.39910125732422
40.53229904174805
40.41109848022461
40.533199310302734
40.23419952392578
40.36520004272461
40.18769836425781
40.33110046386719
40.073699951171875
40.51649856567383
40.18439865112305
40.557498931884766
40.509498596191406
40.26900100708008
40.56949996948242
40.24020004272461
40.325199127197266
40.11330032348633
40.22829818725586
40.389198303222656
40.09939956665039
40.168399810791016
40.2234992980957
40.418800354003906
40.48780059814453
40.5723991394043
40.20280075073242
40.31719970703125
40.30649948120117
40.3916015625
40.261199951171875
40.43769836425781
40.547298431396484
40.51139831542969
40.6239013671875
40.13999938964844
40.24380111694336
40.362300872802734
40.68560028076172
40.45869827270508
40.52410125732422
40.26789855957031
40.57590103149414
41.31340026855469
41.428199768066406
41.43170166015625
41.762901306152344
41.218101501464844
41.30390167236328
41.29999923706055
41.49470138549805
41.60100173950195
41.647098541259766
41.680599212646484
41.627201080322266
41.59410095214844
41.58489990234375
41.628501892089844
41.41389846801758
41.4651985168457
41.47549819946289
41.46329879760742
41.293701171875
41.213600158691406
41.70759963989258
41.53369903564453
41.31399917602539
41.216800689697266
41.39680099487305
41.46760177612305
41.40510177612305
41.30609893798828
41.49879837036133
41.68659973144531
41.60219955444336
41.692501068115234
41.29840087890625
41.323001861572266
41.339599609375
41.1869010925293
41.59479904174805
41.39500045776367
41.172401428222656
41.638099670410156
41.51219940185547
41.67409896850586
41.49909973144531
41.790000915527344
41.67430114746094
41.78839874267578
41.28689956665039
41.495601654052734
41.20180130004883
41.68550109863281
41.54159927368164
41.354698181152344
41.249000549316406
41.43299865722656
41.152198791503906
41.305198669433594
41.150699615478516
42.53839874267578
42.3484001159668
42.654701232910156
42.49359893798828
42.52439880371094
42.34939956665039
42.482601165771484
42.40599822998047
42.750701904296875
42.597801208496094
42.66830062866211
42.6885986328125
42.706600189208984
42.09199905395508
42.160301208496094
42.10710144042969
42.57720184326172
42.239498138427734
42.38840103149414
42.49440002441406
42.312198638916016
42.18130111694336
42.30400085449219
42.377201080322266
42.658199310302734
42.43069839477539
42.65489959716797
42.5525016784668
42.2692985534668
42.41350173950195
42.48099899291992
41.95859909057617
41.96910095214844
42.25040054321289
42.293701171875
42.31480026245117
42.43410110473633
42.18769836425781
42.33380126953125
42.314998626708984
42.25749969482422
42.05540084838867
42.12160110473633
42.2682991027832
42.08380126953125
41.85279846191406
42.27899932861328
42.293399810791016
42.365501403808594
42.24689865112305
42.13169860839844
41.8385009765625
41.98109817504883
41.977298736572266
42.17610168457031
41.86859893798828
42.1531982421875
42.08599853515625
41.9182014465332
42.250099182128906
42.0526008605957
42.00120162963867
42.09270095825195
41.930301666259766
51.65169906616211
51.47819900512695
51.61399841308594
51.350799560546875
51.7942008972168
51.66350173950195
51.5161018371582
51.78879928588867
51.45930099487305
51.59700012207031
51.33869934082031
51.805198669433594
51.953800201416016
51.86349868774414
51.97890090942383
51.861900329589844
51.725399017333984
51.80849838256836
51.98109817504883
51.84769821166992
51.628700256347656
51.77909851074219
51.674800872802734
51.620601654052734
51.663700103759766
51.690399169921875
51.987098693847656
51.676998138427734
51.72710037231445
51.75910186767578
53.796199798583984
54.039100646972656
54.100399017333984
54.04069900512695
54.28160095214844
54.17150115966797
53.902801513671875
54.216400146484375
54.016700744628906
54.16960144042969
54.03010177612305
53.98830032348633
54.245399475097656
54.26839828491211
54.0619010925293
54.086299896240234
54.076900482177734
54.267398834228516
54.365501403808594
54.37820053100586
54.41059875488281
54.31769943237305
54.332801818847656
54.585201263427734
54.399600982666016
54.36840057373047
54.69020080566406
54.755001068115234
54.10409927368164
54.11669921875
54.4640007019043
54.67599868774414
54.49610137939453
54.653499603271484
54.49039840698242
54.460601806640625
54.61180114746094
54.58290100097656
54.23809814453125
54.2760009765625
54.38079833984375
54.44919967651367
54.56230163574219
54.045799255371094
54.050899505615234
54.126800537109375
54.569801330566406
54.36859893798828
54.44049835205078
54.5172004699707
53.96160125732422
54.645198822021484
54.57820129394531
54.37120056152344
54.20600128173828
54.278099060058594
53.87739944458008
53.965301513671875
54.204498291015625
54.29930114746094
54.10390090942383
54.007301330566406
54.15530014038086
53.994998931884766
43.73379898071289
47.47380065917969
47.75630187988281
47.58980178833008
48.053001403808594
47.822898864746094
48.02159881591797
47.91389846801758
47.57749938964844
48.088199615478516
47.945899963378906
48.09349822998047
47.985599517822266
47.78689956665039
47.72159957885742
47.874900817871094
47.39649963378906
47.86600112915039
47.6963996887207
47.8827018737793
47.75120162963867
47.56639862060547
47.52579879760742
47.64789962768555
47.5255012512207
47.706600189208984
47.45069885253906
47.747100830078125
47.532100677490234
47.417701721191406
47.81060028076172
47.629798889160156
47.7234992980957
47.40919876098633
47.49209976196289
47.4547004699707
47.75360107421875
47.59109878540039
47.43510055541992
47.62099838256836
47.6338996887207
47.81760025024414
47.48640060424805
47.34640121459961
47.60240173339844
47.564701080322266
47.33890151977539
47.77750015258789
47.87779998779297
47.39120101928711
47.58649826049805
47.34040069580078
47.9546012878418
47.74129867553711
47.78340148925781
47.78390121459961
47.30580139160156
47.41669845581055
47.46870040893555
47.80849838256836
47.414398193359375
47.67509841918945
47.722900390625
47.722801208496094
47.63719940185547
47.63309860229492
47.47169876098633
47.58319854736328
47.57170104980469
47.620601654052734
47.67390060424805
47.8031005859375
47.85580062866211
47.8385009765625
51.97700119018555
51.79859924316406
51.862998962402344
52.07749938964844
51.6505012512207
51.7047004699707
51.517398834228516
52.035499572753906
51.97079849243164
52.105899810791016
52.0885009765625
52.13949966430664
51.514801025390625
51.59270095825195
51.73939895629883
52.28229904174805
52.02690124511719
52.09659957885742
51.91749954223633
51.96760177612305
51.98080062866211
51.525699615478516
51.495601654052734
51.86840057373047
51.65010070800781
51.56570053100586
52.289798736572266
52.26219940185547
52.361698150634766
51.92340087890625
51.78310012817383
51.59109878540039
52.44169998168945
52.220699310302734
51.642398834228516
51.65810012817383
51.69430160522461
51.94969940185547
51.95240020751953
52.14289855957031
52.224700927734375
52.18370056152344
51.90039825439453
51.998600006103516
52.30379867553711
52.37710189819336
52.3922004699707
52.51729965209961
51.95650100708008
52.186500549316406
51.90589904785156
51.685001373291016
51.72710037231445
51.749000549316406
52.341400146484375
51.80759811401367
51.846900939941406
52.12480163574219
52.186798095703125
52.2504997253418
52.41239929199219
52.472801208496094
52.22129821777344
52.204498291015625
52.55979919433594
52.36180114746094
52.42259979248047
52.4453010559082
52.04079818725586
52.170799255371094
52.130699157714844
53.31480026245117
53.38610076904297
53.311500549316406
53.54050064086914
53.215301513671875
53.35350036621094
53.64580154418945
53.753501892089844
53.75149917602539
53.42720031738281
53.58340072631836
53.69620132446289
53.38140106201172
53.806800842285156
53.46480178833008
53.442501068115234
53.60430145263672
53.453800201416016
53.61869812011719
53.39670181274414
53.55830001831055
53.83060073852539
53.64929962158203
53.79970169067383
53.48910140991211
53.97439956665039
53.70610046386719
53.55590057373047
53.67259979248047
53.94810104370117
53.567100524902344
53.48270034790039
53.56209945678711
53.91600036621094
53.756900787353516
53.967201232910156
53.88399887084961
53.679901123046875
53.65760040283203
53.62289810180664
53.72129821777344
53.413700103759766
53.433799743652344
53.55030059814453
53.52410125732422
53.541099548339844
53.56919860839844
53.9635009765625
53.87310028076172
53.54909896850586
53.87030029296875
53.73040008544922
53.46179962158203
54.02370071411133
53.47370147705078
53.51620101928711
53.78820037841797
53.77280044555664
53.87990188598633
53.94329833984375
54.03239822387695
53.902400970458984
53.87089920043945
53.27560043334961
53.33380126953125
53.61220169067383
54.058101654052734
53.808799743652344
53.90520095825195
53.80099868774414
46.05929946899414
45.58409881591797
45.7151985168457
45.523101806640625
45.794898986816406
46.094600677490234
46.05979919433594
45.969600677490234
46.125301361083984
45.849700927734375
45.737300872802734
45.645999908447266
46.157501220703125
45.63460159301758
45.364200592041016
45.49509811401367
45.6880989074707
45.451698303222656
45.81760025024414
45.72520065307617
45.75239944458008
45.92340087890625
45.52980041503906
45.49380111694336
45.38479995727539
45.63330078125
45.88840103149414
45.993900299072266
45.79949951171875
45.69889831542969
45.772499084472656
45.64390182495117
45.598201751708984
45.427398681640625
45.292301177978516
45.27349853515625
45.19850158691406
45.79159927368164
45.38159942626953
45.54209899902344
45.30189895629883
45.54890060424805
45.619998931884766
45.48099899291992
45.6619987487793
45.68230056762695
45.53049850463867
45.4359016418457
45.18769836425781
45.40959930419922
45.267601013183594
45.264198303222656
45.589599609375
45.52299880981445
45.37810134887695
45.68669891357422
45.252498626708984
45.569801330566406
45.47829818725586
45.502601623535156
45.33700180053711
45.34109878540039
45.295799255371094
45.47650146484375
45.36159896850586
45.184600830078125
45.539100646972656
47.061798095703125
47.499298095703125
47.50090026855469
47.09560012817383
47.42959976196289
47.464698791503906
47.33100128173828
47.13750076293945
47.088600158691406
47.042301177978516
47.375301361083984
47.051998138427734
46.99209976196289
47.272701263427734
47.57120132446289
47.612300872802734
47.55690002441406
47.19449996948242
47.34629821777344
47.3026008605957
47.325199127197266
47.72460174560547
47.67399978637695
47.536800384521484
47.57320022583008
47.514400482177734
47.311500549316406
47.26060104370117
47.288700103759766
47.15850067138672
47.37459945678711
47.36249923706055
47.94390106201172
47.81919860839844
47.75429916381836
47.769798278808594
47.563201904296875
47.57870101928711
47.381900787353516
47.350799560546875
47.364200592041016
47.2318000793457
47.97999954223633
40.497798919677734
40.126399993896484
40.21760177612305
40.119300842285156
40.313899993896484
40.232398986816406
40.597198486328125
40.54290008544922
40.417701721191406
40.468299865722656
39.995399475097656
40.11410140991211
40.56700134277344
40.50490188598633
40.29389953613281
40.17570114135742
40.063899993896484
40.20800018310547
40.47840118408203
40.38140106201172
40.23460006713867
40.4286994934082
40.48540115356445
40.397300720214844
40.25120162963867
40.297401428222656
39.88029861450195
40.29819869995117
39.91699981689453
40.013301849365234
39.89250183105469
40.49319839477539
40.37990188598633
40.47779846191406
40.36520004272461
41.86360168457031
42.10260009765625
41.87459945678711
42.195899963378906
42.02450180053711
42.05630111694336
42.23789978027344
42.33869934082031
41.77180099487305
41.86320114135742
42.21590042114258
42.31460189819336
42.13750076293945
42.3140983581543
42.037601470947266
41.961299896240234
41.859798431396484
42.13909912109375
41.97460174560547
42.13349914550781
42.03739929199219
42.0099983215332
41.838401794433594
41.855499267578125
42.197601318359375
41.95209884643555
42.29610061645508
42.36320114135742
41.875
42.240699768066406
42.36750030517578
42.222999572753906
42.013099670410156
42.021400451660156
41.94260025024414
41.94089889526367
41.867401123046875
41.73400115966797
41.8754997253418
41.715999603271484
42.3223991394043
41.76409912109375
42.02080154418945
41.91619873046875
41.743099212646484
42.34410095214844
42.13330078125
42.034400939941406
42.24089813232422
40.925498962402344
40.727500915527344
40.83760070800781
41.04130172729492
40.633399963378906
41.07310104370117
40.971900939941406
40.95050048828125
40.60129928588867
40.91579818725586
40.81230163574219
40.76860046386719
40.71070098876953
40.97489929199219
41.09270095825195
40.89250183105469
40.71179962158203
40.639400482177734
40.79840087890625
40.63330078125
41.11389923095703
40.80419921875
40.760501861572266
40.745601654052734
40.66239929199219
41.04899978637695
40.86240005493164
41.065399169921875
41.1254997253418
40.69779968261719
40.67639923095703
40.581199645996094
41.048301696777344
40.85200119018555
40.66080093383789
40.785099029541016
40.97359848022461
40.802398681640625
41.15039825439453
40.86830139160156
41.040000915527344
40.97010040283203
40.79439926147461
41.02859878540039
40.9114990234375
40.993099212646484
40.839298248291016
41.075199127197266
40.73590087890625
40.981201171875
41.13090133666992
40.89950180053711
40.826900482177734
40.74720001220703
40.9807014465332
40.90129852294922
40.743900299072266
41.032100677490234
50.02370071411133
50.11640167236328
49.982601165771484
50.4275016784668
50.385101318359375
50.51919937133789
50.3931999206543
50.1775016784668
50.16080093383789
50.07429885864258
50.0182991027832
50.00830078125
50.3473014831543
50.60179901123047
50.524200439453125
50.52130126953125
50.31480026245117
50.5099983215332
50.070701599121094
50.12969970703125
50.435001373291016
50.519500732421875
50.05179977416992
50.23529815673828
50.53150177001953
50.33250045776367
50.140499114990234
50.23429870605469
50.10129928588867
50.097198486328125
50.039798736572266
50.38869857788086
50.454898834228516
50.53919982910156
49.938201904296875
50.18450164794922
50.05950164794922
49.96149826049805
49.981998443603516
49.887901306152344
49.8125
50.18600082397461
50.09629821777344
50.30730056762695
50.33300018310547
50.267799377441406
49.826499938964844
49.90589904785156
50.05179977416992
50.01110076904297
50.43000030517578
50.42290115356445
49.84859848022461
49.740501403808594
53.712501525878906
53.628501892089844
53.263099670410156
53.12189865112305
54.20589828491211
54.1077995300293
54.23910140991211
53.72589874267578
53.653099060058594
53.42879867553711
53.620201110839844
53.5281982421875
54.24959945678711
54.144798278808594
54.14390182495117
53.752498626708984
54.175201416015625
53.71189880371094
53.9192008972168
53.811798095703125
53.182498931884766
53.08580017089844
54.12220001220703
53.90950012207031
53.49399948120117
53.74369812011719
53.19110107421875
53.450599670410156
53.23780059814453
53.77349853515625
53.72700119018555
53.690399169921875
53.29930114746094
53.49879837036133
53.31100082397461
53.24760055541992
54.028900146484375
54.00410079956055
53.90610122680664
53.86880111694336
53.89899826049805
53.58810043334961
53.51129913330078
53.92539978027344
53.783599853515625
53.73360061645508
53.67559814453125
53.865501403808594
53.39509963989258
53.382198333740234
53.37379837036133
53.3307991027832
53.828800201416016
43.375
43.35200119018555
43.285400390625
43.749900817871094
43.81660079956055
43.59400177001953
43.38249969482422
43.50859832763672
43.392799377441406
43.67879867553711
43.50469970703125
43.82680130004883
43.439998626708984
43.49620056152344
43.554901123046875
43.72529983520508
43.66059875488281
43.70800018310547
43.64360046386719
43.64229965209961
43.34170150756836
43.560001373291016
43.39350128173828
43.45399856567383
43.34519958496094
43.4015998840332
43.569400787353516
43.45199966430664
43.536800384521484
43.649600982666016
43.737098693847656
43.62459945678711
43.564300537109375
43.33720016479492
43.200199127197266
43.371299743652344
42.94150161743164
43.15840148925781
43.023799896240234
43.01499938964844
43.40810012817383
43.53710174560547
43.4906005859375
43.436100006103516
43.049400329589844
43.2599983215332
43.1328010559082
43.257301330566406
43.56890106201172
43.228599548339844
43.16910171508789
43.194400787353516
43.23040008544922
42.90610122680664
43.41550064086914
43.31809997558594
43.39500045776367
43.01070022583008
43.166900634765625
43.00790023803711
43.00080108642578
43.24599838256836
43.09199905395508
43.27009963989258
43.117801666259766
43.72740173339844
43.83549880981445
44.0172004699707
43.64030075073242
43.239898681640625
43.19929885864258
43.09510040283203
43.91389846801758
43.0192985534668
42.852699279785156
42.923301696777344
43.28139877319336
43.06039810180664
43.06809997558594
43.361000061035156
43.06100082397461
44.1171989440918
43.95370101928711
44.11090087890625
43.911399841308594
44.029701232910156
43.77259826660156
43.75080108642578
43.6431999206543
43.665401458740234
43.938201904296875
43.82490158081055
43.85110092163086
43.78499984741211
44.10430145263672
43.98899841308594
44.12220001220703
43.81489944458008
43.544700622558594
43.74480056762695
43.64680099487305
43.6151008605957
43.5791015625
43.464599609375
43.862300872802734
43.80870056152344
44.093299865722656
43.962398529052734
44.055301666259766
43.76319885253906
43.81529998779297
44.00600051879883
43.625301361083984
43.382301330566406
43.52330017089844
43.5786018371582
43.4119987487793
43.66529846191406
43.53499984741211
43.46820068359375
43.284000396728516
43.3838996887207
43.28020095825195
43.792198181152344
43.67570114135742
43.61819839477539
43.5088996887207
43.710601806640625
43.45389938354492
43.704498291015625
43.759700775146484
43.6796989440918
43.60409927368164
43.40760040283203
43.36090087890625
43.652400970458984
43.484798431396484
43.31639862060547
43.3125
46.29029846191406
46.18199920654297
46.305198669433594
46.130401611328125
46.03990173339844
45.83580017089844
45.958499908447266
45.81520080566406
45.854000091552734
46.11949920654297
45.93040084838867
46.19820022583008
45.984901428222656
46.30630111694336
46.16960144042969
46.31740188598633
46.0004997253418
46.173301696777344
46.03620147705078
45.855899810791016
46.09749984741211
46.2411003112793
45.764198303222656
46.016700744628906
45.79679870605469
45.931800842285156
46.27939987182617
46.36289978027344
46.388999938964844
45.88800048828125
45.93830108642578
46.14179992675781
46.3140983581543
46.22650146484375
46.239200592041016
46.15399932861328
45.860599517822266
46.105899810791016
45.58319854736328
45.64070129394531
46.20719909667969
46.112300872802734
46.0900993347168
46.055301666259766
45.80590057373047
45.69219970703125
45.684200286865234
45.55839920043945
45.82419967651367
45.9296989440918
46.12770080566406
45.88100051879883
46.12120056152344
46.04610061645508
45.85169982910156
45.74589920043945
45.75429916381836
46.07389831542969
45.684898376464844
45.652198791503906
45.6068000793457
45.57379913330078
45.50510025024414
45.97090148925781
45.83509826660156
46.1619987487793
46.073299407958984
46.02640151977539
47.690399169921875
47.78030014038086
47.680599212646484
47.61280059814453
45.9026985168457
47.838600158691406
47.79600143432617
47.78450012207031
45.940101623535156
45.854000091552734
46.1973991394043
45.74509811401367
46.14099884033203
46.18600082397461
45.79199981689453
46.135501861572266
47.167701721191406
47.35860061645508
47.225399017333984
47.110599517822266
47.79140090942383
47.770599365234375
47.73720169067383
47.70000076293945
47.55759811401367
47.447200775146484
47.29130172729492
47.47999954223633
47.655399322509766
47.647300720214844
47.52239990234375
47.82699966430664
47.41709899902344
46.88869857788086
46.97629928588867
46.864898681640625
47.089500427246094
47.390098571777344
47.49639892578125
47.27949905395508
47.57440185546875
47.03369903564453
47.19670104980469
46.96160125732422
47.2947998046875
47.639801025390625
47.61309814453125
47.48720169067383
47.054500579833984
47.26219940185547
47.377201080322266
47.160499572753906
47.33580017089844
47.17359924316406
46.968299865722656
51.98320007324219
52.013999938964844
52.4005012512207
52.1255989074707
52.30780029296875
52.11819839477539
52.1859016418457
52.61709976196289
52.54759979248047
52.64310073852539
52.22930145263672
52.20029830932617
52.167999267578125
52.24290084838867
52.47570037841797
52.274898529052734
52.4833984375
52.34960174560547
51.98030090332031
52.05550003051758
52.02690124511719
41.78850173950195
41.82500076293945
42.078399658203125
42.16590118408203
41.786800384521484
41.97460174560547
42.089900970458984
41.901100158691406
42.29280090332031
42.20840072631836
42.185298919677734
42.04650115966797
42.074501037597656
41.89390182495117
41.763999938964844
41.860599517822266
41.655399322509766
41.76559829711914
42.23360061645508
42.126399993896484
41.940399169921875
41.76029968261719
41.668800354003906
41.879600524902344
42.014801025390625
42.0786018371582
41.68980026245117
42.24599838256836
41.73849868774414
42.059600830078125
41.95109939575195
41.78310012817383
41.921199798583984
41.84519958496094
42.02159881591797
41.759498596191406
41.80659866333008
41.70869827270508
41.9995002746582
41.89950180053711
41.702598571777344
41.7947998046875
41.83940124511719
41.81330108642578
42.09270095825195
42.016998291015625
41.752899169921875
41.922401428222656
41.816200256347656
41.822200775146484
41.87950134277344
42.050498962402344
41.99620056152344
42.010501861572266
41.64739990234375
42.18429946899414
41.80270004272461
41.88869857788086
41.92399978637695
41.64830017089844
42.1786994934082
42.09370040893555
42.12839889526367
42.14080047607422
41.90299987792969
41.911399841308594
41.86389923095703
41.76679992675781
41.756500244140625
42.083499908447266
41.750999450683594
42.0255012512207
41.9546012878418
46.76499938964844
46.5349006652832
46.73910140991211
46.69160079956055
46.58649826049805
46.36130142211914
46.47819900512695
46.532798767089844
46.40119934082031
46.464599609375
46.68009948730469
46.62179946899414
46.55179977416992
46.5880012512207
46.288299560546875
46.15380096435547
46.21220016479492
46.087398529052734
46.32339859008789
46.441898345947266
46.25559997558594
46.35430145263672
46.169898986816406
46.11800003051758
46.19990158081055
46.00400161743164
46.198299407958984
46.43280029296875
46.250701904296875
46.36470031738281
45.93090057373047
45.87710189819336
46.29790115356445
45.852901458740234
46.05580139160156
46.10919952392578
45.988800048828125
46.01100158691406
46.049598693847656
45.753501892089844
45.87770080566406
46.196998596191406
46.176300048828125
46.20790100097656
45.822601318359375
45.86149978637695
45.89649963378906
45.983699798583984
46.330101013183594
46.27439880371094
46.352298736572266
46.039398193359375
46.109901428222656
45.92470169067383
45.852699279785156
46.04710006713867
45.739200592041016
45.819801330566406
45.94139862060547
46.067501068115234
45.87009811401367
45.98780059814453
49.07320022583008
49.11759948730469
49.15999984741211
48.98310089111328
49.22719955444336
49.16669845581055
49.306800842285156
48.97779846191406
48.77640151977539
48.82360076904297
48.891300201416016
49.09980010986328
48.6963005065918
49.01250076293945
49.108699798583984
49.25590133666992
49.16270065307617
48.799400329589844
48.69029998779297
48.94459915161133
48.75389862060547
49.252899169921875
48.8578987121582
49.304500579833984
49.182701110839844
49.11240005493164
48.831298828125
48.898101806640625
48.98659896850586
49.299598693847656
48.90370178222656
49.11130142211914
49.1870002746582
49.21870040893555
49.03900146484375
48.71770095825195
48.78379821777344
49.205501556396484
49.27470016479492
48.7484016418457
49.125
48.83369827270508
48.93429946899414
49.16170120239258
49.28969955444336
48.98040008544922
49.25469970703125
48.72880172729492
49.01409912109375
48.67890167236328
48.847900390625
49.02149963378906
48.9556999206543
48.84489822387695
49.21039962768555
48.575599670410156
48.8739013671875
48.580101013183594
48.76810073852539
48.517799377441406
48.69540023803711
48.588401794433594
48.99509811401367
48.64360046386719
48.97919845581055
48.81489944458008
48.72330093383789
48.81460189819336
48.52560043334961
48.91230010986328
51.98350143432617
51.78929901123047
52.553199768066406
51.84400177001953
51.992401123046875
51.91320037841797
52.1797981262207
52.657100677490234
52.441200256347656
52.2421989440918
52.275001525878906
52.14619827270508
52.45500183105469
52.126800537109375
52.86320114135742
52.94369888305664
52.70899963378906
52.781700134277344
52.247398376464844
52.4739990234375
52.34450149536133
52.42020034790039
52.44449996948242
52.45100021362305
52.310298919677734
52.24729919433594
52.96870040893555
52.646400451660156
52.20719909667969
52.92179870605469
52.80730056762695
52.8109016418457
52.737701416015625
52.69430160522461
53.15890121459961
53.082000732421875
52.99789810180664
52.93259811401367
53.14619827270508
53.19929885864258
53.0906982421875
53.141700744628906
52.99639892578125
53.04410171508789
52.94729995727539
52.73320007324219
52.43370056152344
52.51430130004883
53.055599212646484
53.09980010986328
52.865501403808594
52.65570068359375
52.49440002441406
52.5640983581543
52.88460159301758
53.1963996887207
53.438899993896484
53.08620071411133
53.316898345947266
52.677398681640625
53.213199615478516
53.389400482177734
52.91339874267578
52.93479919433594
52.64469909667969
52.717201232910156
52.5713005065918
52.64250183105469
52.50199890136719
52.602298736572266
52.829498291015625
52.86009979248047
53.58869934082031
52.710201263427734
53.09280014038086
52.647098541259766
52.683998107910156
53.05609893798828
52.78889846801758
52.587501525878906
52.75429916381836
52.71979904174805
53.285301208496094
53.31639862060547
53.48540115356445
53.46229934692383
54.28990173339844
54.13650131225586
53.6614990234375
53.70009994506836
53.775001525878906
54.32509994506836
54.33879852294922
53.985599517822266
53.53229904174805
53.62799835205078
54.044700622558594
54.24480056762695
53.692298889160156
53.60419845581055
53.52090072631836
53.898399353027344
54.21080017089844
53.994598388671875
53.660499572753906
53.58530044555664
54.173099517822266
53.57830047607422
54.05849838256836
54.016300201416016
53.58250045776367
54.16239929199219
53.733299255371094
53.76449966430664
53.5619010925293
53.671600341796875
53.87189865112305
54.081199645996094
53.73929977416992
54.29159927368164
53.870399475097656
54.16849899291992
54.28519821166992
53.862300872802734
53.95880126953125
53.78340148925781
53.96110153198242
54.27170181274414
53.78160095214844
53.59859848022461
53.85260009765625
54.153499603271484
54.24089813232422
53.569000244140625
54.08580017089844
54.10940170288086
45.499000549316406
45.66830062866211
45.29990005493164
45.486900329589844
45.37799835205078
45.49850082397461
45.614601135253906
45.272499084472656
45.19419860839844
45.35340118408203
45.418399810791016
45.552799224853516
45.54710006713867
45.80649948120117
45.933101654052734
45.773399353027344
45.75090026855469
45.582698822021484
45.7234992980957
45.506900787353516
45.500301361083984
45.88050079345703
45.390098571777344
45.698699951171875
45.70249938964844
45.53850173950195
45.333499908447266
45.46590042114258
45.8484001159668
45.327999114990234
45.46049880981445
45.56380081176758
45.7510986328125
45.810298919677734
45.4635009765625
45.6161003112793
45.576698303222656
45.83300018310547
45.44060134887695
45.43239974975586
45.77090072631836
45.6505012512207
45.84880065917969
45.471500396728516
45.89540100097656
45.801700592041016
45.875
45.60960006713867
