# vtk DataFile Version 3.0
SHAPE_sfm_50k_v20200323
ASCII
DATASET POLYDATA
POINTS 5140 float
0.16371089 0.15328074 0.09980932
0.16371089 0.15425915 0.09886548
0.16258478 0.15425915 0.09980932
0.16203088 0.15487015 0.09980932
0.16203088 0.1559391 0.09913811
0.16103238 0.1559391 0.09980932
0.16371089 0.1553601 0.09812936
0.16328436 0.1559391 0.09812936
0.14355087 0.16759837 0.09980932
0.14355087 0.1676991 0.09972498
0.14336276 0.1676991 0.09980932
0.14187092 0.16863596 0.09980932
0.14187092 0.16937912 0.09925535
0.1409514 0.16937912 0.09980932
0.14355087 0.16937912 0.09832129
0.1469109 0.16569251 0.09980932
0.1469109 0.16601914 0.09957597
0.14634931 0.16601914 0.09980932
0.14859092 0.16601914 0.09903559
0.14859092 0.16506362 0.09980932
0.15027088 0.16601914 0.09838113
0.15027088 0.16445917 0.09980932
0.14523089 0.16667837 0.09980932
0.14523089 0.1676991 0.09898254
0.1469109 0.1676991 0.09825018
0.14390343 0.16937912 0.09812936
0.14523089 0.16862774 0.09812936
0.1469109 0.16782302 0.09812936
0.14714563 0.1676991 0.09812936
0.14859092 0.16692883 0.09812936
0.15027088 0.16622037 0.09812936
0.15363091 0.16232389 0.09980932
0.15363091 0.16265911 0.09943512
0.15309584 0.16265911 0.09980932
0.15699089 0.16012412 0.09980932
0.15699089 0.16097909 0.09914461
0.1558913 0.16097909 0.09980932
0.15531087 0.16135454 0.09980932
0.15531087 0.16265911 0.09848812
0.1561678 0.16265911 0.09812936
0.15699089 0.16225755 0.09812936
0.16035092 0.15672326 0.09980932
0.16035092 0.15761912 0.09933588
0.15951794 0.15761912 0.09980932
0.1586709 0.15842587 0.09980932
0.1586709 0.15929914 0.099244684
0.15785336 0.15929914 0.09980932
0.16035092 0.15929914 0.09827235
0.16203088 0.15761912 0.09828493
0.16218668 0.15761912 0.09812936
0.160573 0.15929914 0.09812936
0.16203088 0.15782923 0.09812936
0.1586709 0.16097909 0.09812978
0.15867162 0.16097909 0.09812936
0.16035092 0.15950722 0.09812936
0.1586709 0.1609798 0.09812936
0.1519509 0.16348982 0.09980932
0.1519509 0.16433913 0.09911081
0.15048999 0.16433913 0.09980932
0.15363091 0.16433913 0.09826848
0.15068585 0.16601914 0.09812936
0.1519509 0.16536582 0.09812936
0.15363091 0.16450417 0.09812936
0.15385014 0.16433913 0.09812936
0.15531087 0.16310167 0.09812936
0.12339091 0.17598897 0.10484937
0.12339091 0.17609912 0.104732305
0.123179495 0.17609912 0.10484937
0.11331087 0.18254256 0.10484937
0.11331087 0.18281913 0.10459164
0.112971604 0.18281913 0.10484937
0.11499089 0.18111545 0.10484937
0.11499089 0.18113911 0.10482648
0.11495948 0.18113911 0.10484937
0.11667091 0.17993575 0.10484937
0.11667091 0.18113911 0.10369149
0.11499089 0.18281913 0.10332975
0.11523944 0.18281913 0.10316935
0.11667091 0.1817345 0.10316935
0.12003088 0.1777634 0.10484937
0.12003088 0.17777914 0.104831904
0.12000364 0.17777914 0.10484937
0.11835086 0.17880839 0.10484937
0.11835086 0.1794591 0.10417315
0.11736578 0.1794591 0.10484937
0.11979467 0.1794591 0.10316935
0.12003088 0.17931128 0.10316935
0.1217109 0.17684942 0.10484937
0.1217109 0.17777914 0.10382822
0.12288499 0.17777914 0.10316935
0.12339091 0.17750984 0.10316935
0.1217109 0.17840683 0.10316935
0.117410004 0.18113911 0.10316935
0.11835086 0.18044353 0.10316935
0.1284309 0.1724717 0.10484937
0.1284309 0.17273915 0.10454759
0.12802637 0.17273915 0.10484937
0.13011092 0.17130524 0.10484937
0.13011092 0.17273915 0.10340354
0.12675089 0.17370558 0.10484937
0.12675089 0.1744191 0.10415605
0.12585807 0.1744191 0.10484937
0.12507087 0.17609912 0.103698105
0.12507087 0.17504913 0.10484937
0.12566948 0.17609912 0.10316935
0.12675089 0.17533004 0.10316935
0.12802368 0.1744191 0.10316935
0.1284309 0.17411208 0.10316935
0.13011092 0.17299354 0.10316935
0.13179088 0.16992676 0.10484937
0.13179088 0.17105913 0.10379401
0.13043195 0.17105913 0.10484937
0.1324647 0.16937912 0.10484937
0.13276905 0.17105913 0.10316935
0.1334709 0.16937912 0.10412398
0.1334709 0.17054677 0.10316935
0.1304959 0.17273915 0.10316935
0.13179088 0.17180032 0.10316935
0.13499391 0.16937912 0.10316935
0.12507087 0.1765039 0.10316935
0.11499089 0.18300128 0.10316935
0.13683087 0.16006166 0.10820934
0.13683087 0.16097909 0.107789904
0.13626772 0.16097909 0.10820934
0.13683087 0.16265911 0.10706672
0.13543981 0.16265911 0.10820934
0.1284309 0.1691069 0.10820934
0.1284309 0.16937912 0.107958466
0.12790048 0.16937912 0.10820934
0.13011092 0.16937912 0.10712692
0.13011092 0.16840172 0.10820934
0.1334709 0.16510242 0.10820934
0.1334709 0.16601914 0.1071485
0.13259858 0.16601914 0.10820934
0.13515091 0.16306299 0.10820934
0.13515091 0.16433913 0.10723618
0.1341775 0.16433913 0.10820934
0.13683087 0.16350746 0.106529325
0.13603503 0.16433913 0.106529325
0.13414621 0.16601914 0.106529325
0.13515091 0.16512567 0.106529325
0.13179088 0.16707432 0.10820934
0.13179088 0.1676991 0.10762873
0.13115144 0.1676991 0.10820934
0.13257504 0.1676991 0.106529325
0.1334709 0.16666198 0.106529325
0.13079852 0.16937912 0.106529325
0.13179088 0.16858387 0.106529325
0.14355087 0.15507567 0.10820934
0.14355087 0.1559391 0.10764447
0.142147 0.1559391 0.10820934
0.15027088 0.15185678 0.10820934
0.15027088 0.15257913 0.10771629
0.14902538 0.15257913 0.10820934
0.14523089 0.1542418 0.10820934
0.14523089 0.15425915 0.10819623
0.14518714 0.15425915 0.10820934
0.1469109 0.15373445 0.10820934
0.1469109 0.15425915 0.107861966
0.14523089 0.1559391 0.10698059
0.14659607 0.1559391 0.106529325
0.1469109 0.15581566 0.106529325
0.14859092 0.15425915 0.107218415
0.14859092 0.1528421 0.10820934
0.15007043 0.15425915 0.106529325
0.15027088 0.15414888 0.106529325
0.14859092 0.15503037 0.106529325
0.1771509 0.12655461 0.10988936
0.1771509 0.12737912 0.10918364
0.17628205 0.12737912 0.10988936
0.17547089 0.128169 0.10988936
0.17547089 0.12905914 0.10915986
0.17458886 0.12905914 0.10988936
0.17654943 0.12905914 0.10820934
0.1771509 0.12847352 0.10820934
0.18387091 0.11762071 0.10988936
0.18387091 0.1189791 0.108983606
0.18286192 0.1189791 0.10988936
0.18051088 0.122030795 0.10988936
0.18051088 0.12233913 0.10968289
0.18031675 0.12233913 0.10988936
0.1821909 0.11975479 0.10988936
0.1821909 0.12065911 0.109184235
0.18146014 0.12065911 0.10988936
0.18387091 0.1200735 0.10820934
0.18335545 0.12065911 0.10820934
0.1821909 0.12212473 0.10820934
0.18204492 0.12233913 0.10820934
0.18495917 0.11561912 0.10988936
0.18555087 0.11729914 0.108432084
0.18406808 0.11729914 0.10988936
0.18555087 0.11561912 0.10926172
0.18581045 0.11729914 0.10820934
0.18555087 0.11777079 0.10820934
0.18479341 0.1189791 0.10820934
0.18051088 0.12401909 0.1087248
0.17930734 0.12401909 0.10988936
0.17883092 0.12469882 0.10988936
0.17883092 0.1256991 0.109209806
0.1780082 0.1256991 0.10988936
0.18051088 0.12494141 0.10820934
0.18001002 0.1256991 0.10820934
0.18105805 0.12401909 0.10820934
0.17841148 0.12737912 0.10820934
0.17883092 0.12698847 0.10820934
0.1704309 0.13389248 0.10988936
0.1704309 0.13409913 0.109763
0.17029035 0.13409913 0.10988936
0.1704309 0.13577914 0.1087015
0.16914344 0.13577914 0.10988936
0.17379087 0.12986833 0.10988936
0.17379087 0.1307391 0.10917339
0.17292911 0.1307391 0.10988936
0.17211092 0.1316312 0.10988936
0.17211092 0.13241911 0.10932174
0.17147231 0.13241911 0.10988936
0.17379087 0.13190085 0.10820934
0.17334336 0.13241911 0.10820934
0.17487502 0.1307391 0.10820934
0.17547089 0.13013768 0.10820934
0.17211092 0.13409913 0.10827008
0.1721757 0.13409913 0.10820934
0.17097211 0.13577914 0.10820934
0.17211092 0.13419366 0.10820934
0.1771509 0.12457889 0.111569315
0.1771509 0.1256991 0.110634655
0.17608327 0.1256991 0.111569315
0.17379087 0.1277706 0.111569315
0.17379087 0.12905914 0.11053404
0.172562 0.12905914 0.111569315
0.17547089 0.12627476 0.111569315
0.17547089 0.12737912 0.1105611
0.17421108 0.12737912 0.111569315
0.18352342 0.11561912 0.111569315
0.18387091 0.11729914 0.1101149
0.18262547 0.11729914 0.111569315
0.18387091 0.11561912 0.11115888
0.1821909 0.11785382 0.111569315
0.1821909 0.1189791 0.11054227
0.18115795 0.1189791 0.111569315
0.18051088 0.11982709 0.111569315
0.18051088 0.12065911 0.11092815
0.1799748 0.12065911 0.111569315
0.17896855 0.12233913 0.111569315
0.17883092 0.12252605 0.111569315
0.17883092 0.12401909 0.110358626
0.1776151 0.12401909 0.111569315
0.1704309 0.1314215 0.111569315
0.1704309 0.13241911 0.11082843
0.16960001 0.13241911 0.111569315
0.16875088 0.13355047 0.111569315
0.16875088 0.13409913 0.11123684
0.16834861 0.13409913 0.111569315
0.16875088 0.13577914 0.11024967
0.16726375 0.13577914 0.111569315
0.17211092 0.12953454 0.111569315
0.17211092 0.1307391 0.11057332
0.17100829 0.1307391 0.111569315
0.17379087 0.11832774 0.11828932
0.17379087 0.1189791 0.11792186
0.17331177 0.1189791 0.11828932
0.17547089 0.11630708 0.11828932
0.17547089 0.11729914 0.11771169
0.17459482 0.11729914 0.11828932
0.1771509 0.11561912 0.11762765
0.1771509 0.11729914 0.11672935
0.176094 0.11561912 0.11828932
0.17547089 0.1189791 0.11669442
0.17558843 0.1189791 0.116609365
0.1771509 0.11746669 0.116609365
0.17211092 0.120658815 0.11828932
0.17211092 0.12065911 0.1182892
0.17211068 0.12065911 0.11828932
0.17379087 0.12065911 0.116965085
0.17211092 0.12233913 0.117323846
0.17096531 0.12233913 0.11828932
0.17303693 0.12233913 0.116609365
0.17379087 0.12130672 0.116609365
0.17425352 0.12065911 0.116609365
0.17547089 0.11911571 0.116609365
0.1704309 0.12299508 0.11828932
0.1704309 0.12401909 0.117538124
0.16937107 0.12401909 0.11828932
0.16875088 0.12456119 0.11828932
0.16875088 0.1256991 0.1174362
0.16743976 0.1256991 0.11828932
0.16993958 0.1256991 0.116609365
0.1704309 0.12522948 0.116609365
0.16707093 0.12602717 0.11828932
0.16707093 0.12737912 0.117352635
0.16554838 0.12737912 0.11828932
0.16539091 0.12751895 0.11828932
0.16371089 0.12905914 0.11822119
0.16371089 0.1289627 0.11828932
0.16539091 0.12905914 0.11721811
0.1663593 0.12905914 0.116609365
0.16707093 0.12843621 0.116609365
0.16827548 0.12737912 0.116609365
0.16875088 0.12691706 0.116609365
0.17211092 0.12346995 0.116609365
0.17163509 0.12401909 0.116609365
0.17854315 0.11561912 0.116609365
0.17730135 0.11729914 0.116609365
0.1643703 0.1307391 0.116609365
0.16539091 0.12990534 0.116609365
0.16371089 0.1307391 0.11699143
0.16371089 0.13121921 0.116609365
0.11667091 0.1376136 0.13172933
0.11667091 0.13913912 0.1308305
0.11539686 0.13913912 0.13172933
0.11331087 0.14198709 0.13172933
0.11331087 0.14249909 0.13151672
0.11308622 0.14249909 0.13172933
0.11499089 0.13959825 0.13172933
0.11499089 0.14081913 0.13102046
0.11397928 0.14081913 0.13172933
0.11667091 0.14064229 0.13004932
0.11653614 0.14081913 0.13004932
0.11499089 0.14249909 0.13025239
0.115312755 0.14249909 0.13004932
0.11835086 0.13577914 0.13166437
0.11835086 0.1374591 0.13061056
0.116796315 0.1374591 0.13172933
0.118258476 0.13577914 0.13172933
0.11917657 0.1374591 0.13004932
0.12003088 0.13651109 0.13004932
0.12003088 0.13577914 0.13051519
0.11835086 0.13846928 0.13004932
0.11781657 0.13913912 0.13004932
0.120805025 0.13577914 0.13004932
0.12675089 0.13015556 0.13172933
0.12675089 0.1307391 0.13110742
0.12512624 0.1307391 0.13172933
0.12507087 0.13076401 0.13172933
0.12339091 0.13241911 0.1311008
0.12339091 0.1316508 0.13172933
0.12507087 0.13241911 0.13037929
0.12675089 0.13197625 0.13004932
0.12585175 0.13241911 0.13004932
0.1284309 0.1307391 0.13058278
0.1284309 0.12969673 0.13172933
0.12945318 0.1307391 0.13004932
0.12936229 0.12905914 0.13172933
0.13011092 0.12905914 0.13111481
0.13011092 0.13026905 0.13004932
0.1284309 0.13144189 0.13004932
0.12339091 0.1338799 0.13004932
0.12507087 0.13289142 0.13004932
0.13156378 0.12905914 0.13004932
0.14187092 0.12174237 0.13172933
0.14187092 0.12233913 0.13122031
0.1408264 0.12233913 0.13172933
0.14355087 0.120905876 0.13172933
0.14355087 0.12233913 0.13058421
0.14859092 0.11841214 0.13172933
0.14859092 0.1189791 0.13130715
0.14747703 0.1189791 0.13172933
0.15027088 0.1189791 0.13084987
0.15027088 0.11780256 0.13172933
0.14523089 0.12015611 0.13172933
0.14523089 0.12065911 0.13134423
0.14410526 0.12065911 0.13172933
0.1469109 0.11929464 0.13172933
0.1469109 0.12065911 0.13073531
0.14510983 0.12233913 0.13004932
0.14523089 0.122288704 0.13004932
0.1469109 0.121548355 0.13004932
0.14859092 0.12065911 0.13010094
0.14874232 0.12065911 0.13004932
0.15027088 0.119959 0.13004932
0.14859092 0.120732784 0.13004932
0.13851088 0.12373799 0.13172933
0.13851088 0.12401909 0.13146892
0.13803762 0.12401909 0.13172933
0.1401909 0.12272304 0.13172933
0.1401909 0.12401909 0.13060942
0.13683087 0.12473643 0.13172933
0.13683087 0.1256991 0.13079205
0.138304 0.1256991 0.13004932
0.13851088 0.1255883 0.13004932
0.1401909 0.12470949 0.13004932
0.14148861 0.12401909 0.13004932
0.14187092 0.12382406 0.13004932
0.14355087 0.12302196 0.13004932
0.13683087 0.12646902 0.13004932
0.14355087 0.11461288 0.13676932
0.14355087 0.11561912 0.13600925
0.14233315 0.11561912 0.13676932
0.15027088 0.1103856 0.13676932
0.15027088 0.11057913 0.13652435
0.14986306 0.11057913 0.13676932
0.14859092 0.1111151 0.13676932
0.14859092 0.11225909 0.13586506
0.14692569 0.11225909 0.13676932
0.15007192 0.11225909 0.13508937
0.15027088 0.112087846 0.13508937
0.14523089 0.11340058 0.13676932
0.14523089 0.11393911 0.1363078
0.1444211 0.11393911 0.13676932
0.1469109 0.11226916 0.13676932
0.1469109 0.11393911 0.13546088
0.14523089 0.11561912 0.13510999
0.14527303 0.11561912 0.13508937
0.1469109 0.11447859 0.13508937
0.14772272 0.11393911 0.13508937
0.14859092 0.11336398 0.13508937
0.15363091 0.10393888 0.13676932
0.15363091 0.10553914 0.13614199
0.15300089 0.10553914 0.13676932
0.15531087 0.10217911 0.13603732
0.15531087 0.10385913 0.13536373
0.15366542 0.10385913 0.13676932
0.15441298 0.10217911 0.13676932
0.15675133 0.10217911 0.13508937
0.15568268 0.10385913 0.13508937
0.15531087 0.10478425 0.13508937
0.15500784 0.10553914 0.13508937
0.15363091 0.1072191 0.1354734
0.15236217 0.1072191 0.13676932
0.1519509 0.10844588 0.13676932
0.1519509 0.10889912 0.13644591
0.15174246 0.10889912 0.13676932
0.1530512 0.10889912 0.13508937
0.15363091 0.10801399 0.13508937
0.1541428 0.1072191 0.13508937
0.1519509 0.11038083 0.13508937
0.15177637 0.11057913 0.13508937
0.13683087 0.098463416 0.15356937
0.13683087 0.09881914 0.15330186
0.13638985 0.09881914 0.15356937
0.1334709 0.10136533 0.15356937
0.1334709 0.10217911 0.15299532
0.13261282 0.10217911 0.15356937
0.13515091 0.099882245 0.15356937
0.13515091 0.10049909 0.15313616
0.13443339 0.10049909 0.15356937
0.13683087 0.10049909 0.15212849
0.13511097 0.10217911 0.15188935
0.13515091 0.102145135 0.15188935
0.13683087 0.100803375 0.15188935
0.1217109 0.10845882 0.15356937
0.1217109 0.10889912 0.15309891
0.121120274 0.10889912 0.15356937
0.12339091 0.10763329 0.15356937
0.12339091 0.10889912 0.15234533
0.11331087 0.11393911 0.15222624
0.11331087 0.11461812 0.15188935
0.11163092 0.11511582 0.15188935
0.114614785 0.11393911 0.15188935
0.11499089 0.11225909 0.15279457
0.11499089 0.11375332 0.15188935
0.11667091 0.11225909 0.15235147
0.11667091 0.113007605 0.15188935
0.11835086 0.11019975 0.15356937
0.11835086 0.11057913 0.15315738
0.1172604 0.11057913 0.15356937
0.12003088 0.11057913 0.15250358
0.12003088 0.10965347 0.15356937
0.11667091 0.11078876 0.15356937
0.11810577 0.11225909 0.15188935
0.11835086 0.11213893 0.15188935
0.12003088 0.111279905 0.15188935
0.12131119 0.11057913 0.15188935
0.1217109 0.11034912 0.15188935
0.12339091 0.10952479 0.15188935
0.13011092 0.10458928 0.15356937
0.13011092 0.10553914 0.15260509
0.12877095 0.10553914 0.15356937
0.12507087 0.10679799 0.15356937
0.12507087 0.1072191 0.15313742
0.12424135 0.1072191 0.15356937
0.12675089 0.1072191 0.15229604
0.12675089 0.1060161 0.15356937
0.12464517 0.10889912 0.15188935
0.12507087 0.10867965 0.15188935
0.12675089 0.10764778 0.15188935
0.12766457 0.1072191 0.15188935
0.1284309 0.105646074 0.15356937
0.1284309 0.10688937 0.15188935
0.13011092 0.106081784 0.15188935
0.13179088 0.102904916 0.15356937
0.13179088 0.10385913 0.1528469
0.13068992 0.10385913 0.15356937
0.13334322 0.10385913 0.15188935
0.1334709 0.10374254 0.15188935
0.13103372 0.10553914 0.15188935
0.13179088 0.105073154 0.15188935
0.13683087 0.09209913 0.1570296
0.13694572 0.09209913 0.15692934
0.13683087 0.09249449 0.15692934
0.13515091 0.16923624 0.10316935
0.13515091 0.16937912 0.10308096
0.13683087 0.1678778 0.10316935
0.13683087 0.16937912 0.10225096
0.15531087 0.15583885 0.10316935
0.15531087 0.1559391 0.103093594
0.15516657 0.1559391 0.10316935
0.15699089 0.1559391 0.102218
0.15699089 0.15472966 0.10316935
0.1217109 0.122190356 0.14180931
0.1217109 0.12233913 0.14165375
0.12136859 0.12233913 0.14180931
0.12339091 0.12233913 0.14067414
0.12339091 0.121286035 0.14180931
0.11667091 0.12547177 0.14180931
0.11667091 0.1256991 0.14170286
0.11649281 0.1256991 0.14180931
0.11331087 0.12867343 0.14180931
0.11331087 0.12905914 0.14155862
0.11277318 0.12905914 0.14180931
0.11499089 0.12727445 0.14180931
0.11499089 0.12737912 0.14175174
0.114866555 0.12737912 0.14180931
0.11667091 0.12737912 0.14094391
0.11499089 0.12905914 0.14068499
0.116618276 0.12905914 0.14012936
0.11667091 0.12902492 0.14012936
0.11835086 0.12371206 0.14180931
0.11835086 0.12401909 0.14159992
0.11794293 0.12401909 0.14180931
0.12003088 0.12401909 0.14091215
0.12003088 0.12292236 0.14180931
0.11835086 0.1256991 0.14059535
0.11910981 0.1256991 0.14012936
0.12003088 0.12500829 0.14012936
0.12156093 0.12401909 0.14012936
0.1217109 0.12392503 0.14012936
0.12339091 0.12286562 0.14012936
0.11776215 0.12737912 0.14012936
0.11835086 0.12655002 0.14012936
0.1284309 0.11895615 0.14180931
0.1284309 0.1189791 0.14178732
0.12839866 0.1189791 0.14180931
0.13011092 0.11782718 0.14180931
0.13011092 0.1189791 0.1408312
0.12507087 0.12059754 0.14180931
0.12507087 0.12065911 0.14173701
0.12490976 0.12065911 0.14180931
0.12675089 0.12065911 0.14084533
0.12675089 0.12001562 0.14180931
0.12426901 0.12233913 0.14012936
0.12507087 0.1219008 0.14012936
0.12675089 0.12109059 0.14012936
0.12776357 0.12065911 0.14012936
0.1284309 0.12041843 0.14012936
0.13011092 0.11998862 0.14012936
0.13179088 0.11703771 0.14180931
0.13179088 0.11729914 0.14157698
0.1311878 0.11729914 0.14180931
0.1334709 0.11643249 0.14180931
0.1334709 0.11729914 0.1411244
0.13179088 0.1189791 0.14027336
0.13216221 0.1189791 0.14012936
0.1334709 0.11839908 0.14012936
0.13515091 0.11729914 0.1404992
0.13515091 0.11572379 0.14180931
0.13530272 0.11561912 0.14180931
0.13683087 0.11561912 0.14091805
0.13571686 0.11729914 0.14012936
0.13683087 0.11651111 0.14012936
0.13515091 0.11765522 0.14012936
0.13179088 0.11925119 0.14012936
0.11163092 0.1307391 0.14086011
0.1099509 0.1307391 0.14172319
0.1099509 0.13064587 0.14180931
0.11163092 0.12972224 0.14180931
0.11275208 0.1307391 0.14012936
0.11331087 0.13044322 0.14012936
0.11004704 0.13241911 0.14012936
0.11163092 0.13133848 0.14012936
0.1099509 0.13241911 0.14019886
0.11499089 0.12962908 0.14012936
0.1099509 0.13250065 0.14012936
0.08979088 0.14507395 0.14348933
0.08979088 0.14585912 0.1430547
0.08880025 0.14585912 0.14348933
0.08475089 0.14827645 0.14348933
0.083070874 0.1492191 0.1432719
0.083070874 0.14889431 0.14348933
0.08475089 0.1492191 0.1429278
0.08643091 0.14763063 0.14348933
0.08643091 0.1492191 0.14257398
0.088110864 0.14639819 0.14348933
0.088110864 0.14753914 0.14285639
0.08657098 0.14753914 0.14348933
0.08979088 0.14753914 0.14212736
0.088110864 0.1492191 0.14194015
0.088428736 0.1492191 0.14180931
0.08979088 0.14816779 0.14180931
0.0914709 0.14397562 0.14348933
0.0914709 0.1441791 0.1433917
0.09112722 0.1441791 0.14348933
0.09315091 0.14339519 0.14348933
0.09315091 0.1441791 0.14314589
0.0914709 0.14585912 0.14246705
0.09315091 0.14585912 0.1420922
0.09483087 0.1441791 0.14254579
0.09417242 0.14249909 0.14348933
0.09483087 0.14249909 0.14315918
0.09558171 0.1441791 0.14180931
0.09651089 0.1426782 0.14180931
0.09651089 0.14249909 0.14189145
0.093873024 0.14585912 0.14180931
0.09483087 0.14513886 0.14180931
0.09064156 0.14753914 0.14180931
0.0914709 0.14700395 0.14180931
0.09315091 0.14624918 0.14180931
0.083070874 0.15089911 0.1422346
0.08475089 0.15089911 0.14188448
0.08519393 0.15089911 0.14180931
0.08643091 0.15045607 0.14180931
0.083070874 0.15151858 0.14180931
0.08475089 0.15104562 0.14180931
0.088110864 0.1494475 0.14180931
0.0966416 0.14249909 0.14180931
0.1099509 0.11868358 0.15020934
0.1099509 0.1189791 0.15001109
0.109048486 0.1189791 0.15020934
0.13683087 0.08669323 0.15860936
0.13683087 0.08705914 0.15848848
0.13666815 0.08705914 0.15860936
0.13683087 0.0887391 0.15793082
0.1359182 0.0887391 0.15860936
0.12339091 0.17267144 0.10820934
0.12339091 0.17273915 0.10814193
0.12331474 0.17273915 0.10820934
0.12003088 0.17609912 0.1066778
0.11835086 0.17609912 0.107788235
0.11835086 0.17572188 0.10820934
0.11773807 0.17609912 0.10820934
0.1217109 0.17402607 0.10820934
0.1217109 0.1744191 0.107611686
0.120976746 0.1744191 0.10820934
0.12003088 0.1748628 0.10820934
0.12339091 0.1742953 0.106529325
0.123184085 0.1744191 0.106529325
0.1217109 0.17527914 0.106529325
0.12026358 0.17609912 0.106529325
0.11667091 0.17680794 0.10820934
0.11667091 0.17777914 0.107138544
0.11548829 0.17777914 0.10820934
0.11499089 0.17824805 0.10820934
0.11667091 0.17834634 0.106529325
0.11499089 0.1794591 0.10676059
0.11371547 0.1794591 0.10820934
0.11522001 0.1794591 0.106529325
0.11163092 0.18067223 0.10820934
0.11163092 0.18113911 0.10762784
0.11033422 0.18113911 0.10820934
0.11331087 0.17978251 0.10820934
0.113067746 0.18113911 0.106529325
0.11331087 0.18096906 0.106529325
0.11163092 0.1820637 0.106529325
0.11499089 0.17963374 0.106529325
0.11835086 0.1772381 0.106529325
0.11749518 0.17777914 0.106529325
0.12003088 0.17623073 0.106529325
0.12675089 0.17005247 0.10820934
0.12675089 0.17105913 0.10731241
0.12534875 0.17105913 0.10820934
0.12507087 0.17273915 0.10688713
0.12507087 0.17127132 0.10820934
0.12561738 0.17273915 0.106529325
0.12675089 0.17193896 0.106529325
0.12814116 0.17105913 0.106529325
0.1284309 0.1708824 0.106529325
0.13011092 0.16981894 0.106529325
0.12507087 0.17314589 0.106529325
0.16875088 0.116551936 0.12332931
0.16875088 0.11729914 0.12302074
0.16846669 0.11729914 0.12332931
0.1704309 0.11561912 0.12233725
0.1704309 0.11729914 0.12168488
0.16875088 0.1189791 0.121919364
0.16728705 0.1189791 0.12332931
0.16911703 0.11561912 0.12332931
0.16907936 0.1189791 0.121649355
0.1704309 0.11736035 0.121649355
0.16707093 0.12065911 0.121943444
0.16539091 0.12065911 0.12326279
0.16539091 0.12058866 0.12332931
0.16530657 0.12065911 0.12332931
0.16371089 0.12201363 0.12332931
0.16539091 0.12233913 0.121839315
0.16371089 0.12233913 0.123048455
0.16707093 0.11919463 0.12332931
0.16707093 0.12103623 0.121649355
0.16566038 0.12233913 0.121649355
0.16745996 0.12065911 0.121649355
0.16875088 0.11934304 0.121649355
0.17137176 0.11561912 0.121649355
0.17047077 0.11729914 0.121649355
0.16539091 0.122582495 0.121649355
0.16385949 0.12401909 0.121649355
0.16371089 0.12401909 0.12175205
0.16371089 0.12415981 0.121649355
0.13683087 0.13222098 0.12500933
0.13683087 0.13241911 0.124863
0.13649869 0.13241911 0.12500933
0.1334709 0.13577914 0.1237869
0.13179088 0.13577914 0.124797374
0.13179088 0.13548607 0.12500933
0.1314308 0.13577914 0.12500933
0.13515091 0.13321173 0.12500933
0.13515091 0.13409913 0.12422255
0.1336078 0.13409913 0.12500933
0.1334709 0.13418907 0.12500933
0.13683087 0.13409913 0.12343308
0.13515091 0.13511235 0.12332931
0.13423061 0.13577914 0.12332931
0.12675089 0.1390096 0.12500933
0.12675089 0.13913912 0.124905914
0.1265617 0.13913912 0.12500933
0.13683087 0.13420808 0.12332931
0.1284309 0.13801515 0.12500933
0.13011092 0.13695675 0.12500933
0.13011092 0.1374591 0.12469295
0.12940216 0.1374591 0.12500933
0.1284309 0.13913912 0.12414107
0.13011092 0.13913912 0.12342206
0.12507087 0.14032143 0.12500933
0.12675089 0.14081913 0.123654455
0.12507087 0.14081913 0.12466499
0.12455416 0.14081913 0.12500933
0.12339091 0.1421687 0.12500933
0.12507087 0.14249909 0.123589545
0.12339091 0.14249909 0.12481251
0.12545317 0.14249909 0.12332931
0.12675089 0.14125735 0.12332931
0.127366 0.14081913 0.12332931
0.1284309 0.14016187 0.12332931
0.13011092 0.13925087 0.12332931
0.13179088 0.1374591 0.12368974
0.13235658 0.1374591 0.12332931
0.1334709 0.13644874 0.12332931
0.13179088 0.1379624 0.12332931
0.13028157 0.13913912 0.12332931
0.1469109 0.12808555 0.12500933
0.14523089 0.12905914 0.12465903
0.14523089 0.12865382 0.12500933
0.14401883 0.12905914 0.12500933
0.15027088 0.12724078 0.12500933
0.15027088 0.12737912 0.12490615
0.14982289 0.12737912 0.12500933
0.1469109 0.12905914 0.124210924
0.14859092 0.12768799 0.12500933
0.14859092 0.12905914 0.12385687
0.15027088 0.12905914 0.12369159
0.16035092 0.12223607 0.12500933
0.16035092 0.12233913 0.12490061
0.159985 0.12233913 0.12500933
0.16203088 0.12233913 0.12414029
0.16371089 0.120218575 0.12500933
0.16371089 0.12065911 0.12460473
0.16326016 0.12065911 0.12500933
0.16203088 0.121635675 0.12500933
0.16324586 0.12233913 0.12332931
0.15363091 0.12566847 0.12500933
0.15363091 0.1256991 0.1249899
0.15357131 0.1256991 0.12500933
0.15531087 0.124577224 0.12500933
0.15699089 0.12356639 0.12500933
0.15699089 0.12401909 0.12471613
0.15616101 0.12401909 0.12500933
0.15531087 0.1256991 0.12439087
0.15699089 0.1256991 0.12371108
0.1519509 0.12737912 0.124464065
0.1519509 0.12649947 0.12500933
0.15363091 0.12737912 0.12395546
0.1519509 0.12905914 0.12346956
0.15240294 0.12905914 0.12332931
0.15363091 0.1283297 0.12332931
0.15531087 0.12737912 0.12336883
0.15699089 0.12631655 0.12332931
0.15540618 0.12737912 0.12332931
0.15531087 0.12743115 0.12332931
0.1586709 0.12277621 0.12500933
0.1586709 0.12401909 0.124111384
0.16035092 0.12401909 0.12349352
0.15784293 0.1256991 0.12332931
0.1586709 0.12514466 0.12332931
0.16035092 0.12424272 0.12332931
0.10140741 0.13409913 0.14684936
0.10155088 0.1336124 0.14684936
0.10155088 0.13409913 0.14702925
0.10161567 0.13241911 0.14684936
0.10323089 0.13241911 0.14780709
0.10323089 0.13409913 0.14772335
0.10155088 0.13436657 0.14684936
0.10323089 0.13502067 0.14684936
0.10323089 0.12905914 0.1471031
0.10491091 0.12905914 0.14742032
0.10323089 0.1307391 0.14739308
0.10491091 0.1307391 0.14789668
0.10659087 0.12905914 0.14721456
0.10659087 0.1307391 0.14696595
0.10491091 0.13241911 0.14772919
0.10659087 0.13081366 0.14684936
0.105401695 0.13241911 0.14684936
0.10688168 0.12905914 0.14684936
0.10663867 0.1307391 0.14684936
0.10491091 0.13344443 0.14684936
0.104503274 0.13409913 0.14684936
0.12507087 0.17105913 0.1084052
0.12339091 0.17105913 0.10966721
0.12339091 0.17078912 0.10988936
0.12507087 0.16940445 0.10988936
0.12510425 0.16937912 0.10988936
0.12675089 0.16937912 0.10883263
0.1099509 0.17609912 0.11349079
0.11031526 0.17609912 0.11324933
0.1099509 0.17631692 0.11324933
0.11331087 0.17273915 0.11507818
0.11163092 0.17273915 0.11609253
0.11163092 0.17223608 0.116609365
0.110848784 0.17273915 0.116609365
0.11499089 0.1703946 0.116609365
0.11499089 0.17105913 0.11572936
0.11375773 0.17105913 0.116609365
0.11331087 0.17130303 0.116609365
0.11667091 0.16937912 0.116336375
0.11609185 0.17105913 0.11492935
0.116429925 0.16937912 0.116609365
0.11667091 0.17065787 0.11492935
0.11354375 0.17273915 0.11492935
0.11499089 0.17178166 0.11492935
0.1099509 0.173316 0.116609365
0.11064577 0.1744191 0.11492935
0.1099509 0.1744191 0.11540267
0.11163092 0.17382973 0.11492935
0.1099509 0.17484647 0.11492935
0.11331087 0.17288446 0.11492935
0.11829072 0.16937912 0.11492935
0.10323089 0.17404884 0.11996934
0.10323089 0.1744191 0.11957064
0.10239136 0.1744191 0.11996934
0.10155088 0.17482018 0.11996934
0.10226679 0.17609912 0.11828932
0.10155088 0.17609912 0.11866835
0.09987092 0.17575061 0.11996934
0.10323089 0.17561746 0.11828932
0.10659087 0.17251253 0.11996934
0.10659087 0.17273915 0.119782716
0.10625523 0.17273915 0.11996934
0.10827088 0.17077476 0.11996934
0.1099509 0.17105913 0.11861375
0.10827088 0.17105913 0.119752675
0.10797894 0.17105913 0.11996934
0.10972017 0.16937912 0.11996934
0.1099509 0.16937912 0.119819134
0.10827088 0.17273915 0.11844483
0.10846007 0.17273915 0.11828932
0.1099509 0.17148215 0.11828932
0.10491091 0.1744191 0.11884627
0.10491091 0.17336684 0.11996934
0.10592741 0.1744191 0.11828932
0.10659087 0.17406368 0.11828932
0.10491091 0.17488939 0.11828932
0.10827088 0.17288655 0.11828932
0.10155088 0.17649454 0.11828932
0.15027088 0.114742815 0.13340935
0.15027088 0.11561912 0.13292298
0.14901817 0.11561912 0.13340935
0.1586709 0.10362613 0.13340935
0.1586709 0.10385913 0.13333312
0.15846872 0.10385913 0.13340935
0.15699089 0.10755336 0.13340935
0.15699089 0.10889912 0.13286534
0.15578997 0.10889912 0.13340935
0.16035092 0.1025219 0.13340935
0.16035092 0.10385913 0.13293508
0.1577115 0.10553914 0.13340935
0.1586709 0.10553914 0.13293651
0.16035092 0.10553914 0.13233086
0.16079044 0.10217911 0.13340935
0.16203088 0.10385913 0.13240227
0.16203088 0.10217911 0.1330404
0.16371089 0.10217911 0.1323168
0.16371089 0.10385913 0.13174996
0.16186047 0.10553914 0.13172933
0.16203088 0.105377436 0.13172933
0.16371089 0.103907764 0.13172933
0.15722036 0.1072191 0.13340935
0.1586709 0.1072191 0.13265428
0.16035092 0.1072191 0.13193801
0.1586709 0.10889912 0.13215306
0.15981036 0.10889912 0.13172933
0.16035092 0.10809398 0.13172933
0.16078776 0.1072191 0.13172933
0.15363091 0.111555815 0.13340935
0.15363091 0.11225909 0.13307318
0.15299761 0.11225909 0.13340935
0.15531087 0.109487 0.13340935
0.15699089 0.11057913 0.13225701
0.15531087 0.11057913 0.13298711
0.15447217 0.11057913 0.13340935
0.15531087 0.11225909 0.132319
0.15671724 0.11225909 0.13172933
0.15699089 0.111967266 0.13172933
0.1519509 0.1132617 0.13340935
0.15363091 0.11393911 0.13226584
0.1519509 0.11393911 0.13302371
0.15119547 0.11393911 0.13340935
0.1519509 0.11561912 0.13218775
0.15289438 0.11561912 0.13172933
0.15363091 0.11497831 0.13172933
0.15505737 0.11393911 0.13172933
0.15531087 0.11371654 0.13172933
0.1582517 0.11057913 0.13172933
0.1586709 0.11010897 0.13172933
0.09987092 0.1441791 0.13941601
0.10155088 0.14249909 0.13944766
0.10155088 0.1441791 0.1387017
0.102227926 0.1441791 0.13844934
0.10323089 0.14331037 0.13844934
0.09987092 0.14249909 0.14012286
0.10323089 0.14249909 0.13879564
0.10155088 0.14488155 0.13844934
0.10073453 0.14585912 0.13844934
0.09987092 0.14585912 0.13879809
0.09651089 0.14646739 0.14012936
0.0981909 0.14585912 0.13954428
0.0981909 0.14753914 0.13889572
0.09651089 0.14753914 0.13962904
0.09940606 0.14753914 0.13844934
0.09987092 0.1469813 0.13844934
0.09706622 0.14585912 0.14012936
0.09651089 0.1492191 0.13892922
0.0981909 0.14879835 0.13844934
0.09784341 0.1492191 0.13844934
0.10407722 0.14249909 0.13844934
0.08475089 0.15607452 0.13844934
0.08436984 0.1559391 0.13844934
0.08475089 0.1559391 0.1386703
0.09651089 0.15063494 0.13844934
0.08643091 0.15624696 0.13844934
0.08643091 0.1559391 0.13919637
0.08770871 0.1559391 0.13844934
0.1469109 0.10490912 0.14180931
0.1469109 0.10553914 0.1415188
0.14652276 0.10553914 0.14180931
0.14355087 0.10889053 0.14180931
0.14355087 0.10889912 0.14180115
0.14354056 0.10889912 0.14180931
0.14859092 0.10217911 0.1417248
0.14859092 0.10385913 0.14120498
0.14847481 0.10217911 0.14180931
0.14761776 0.10385913 0.14180931
0.15027088 0.10385913 0.14016542
0.15027088 0.10217911 0.14060685
0.14859092 0.10553914 0.14049444
0.14914113 0.10553914 0.14012936
0.15027088 0.10394317 0.14012936
0.1469109 0.1072191 0.14074197
0.14529473 0.1072191 0.14180931
0.14523089 0.10889912 0.14051905
0.14523089 0.10728657 0.14180931
0.14611179 0.10889912 0.14012936
0.1469109 0.108359575 0.14012936
0.14859092 0.10622561 0.14012936
0.14779204 0.1072191 0.14012936
0.1401909 0.11127508 0.14180931
0.1401909 0.11225909 0.1410611
0.1390574 0.11225909 0.14180931
0.14187092 0.11010218 0.14180931
0.14355087 0.11057913 0.14023933
0.14187092 0.11057913 0.14135066
0.14113057 0.11057913 0.14180931
0.14187092 0.11199522 0.14012936
0.14156204 0.11225909 0.14012936
0.14355087 0.11070496 0.14012936
0.13851088 0.11275828 0.14180931
0.13851088 0.11393911 0.1409466
0.13720632 0.11393911 0.14180931
0.1401909 0.113474965 0.14012936
0.13967192 0.11393911 0.14012936
0.13683087 0.11431146 0.14180931
0.13851088 0.115057886 0.14012936
0.13792694 0.11561912 0.14012936
0.14371085 0.11057913 0.14012936
0.14523089 0.10936314 0.14012936
0.15032095 0.10385913 0.14012936
0.15088421 0.10217911 0.14012936
0.13683087 0.1827926 0.08972934
0.13683087 0.18281913 0.08969745
0.13677692 0.18281913 0.08972934
0.12675089 0.18922246 0.08972934
0.12675089 0.18953913 0.08945957
0.12637186 0.18953913 0.08972934
0.1284309 0.18953913 0.088118404
0.13011092 0.18723762 0.08972934
0.13011092 0.18785912 0.08903554
0.12893444 0.18785912 0.08972934
0.1284309 0.18812239 0.08972934
0.13011092 0.18860632 0.08804932
0.12851489 0.18953913 0.08804932
0.1334709 0.18490136 0.08972934
0.1334709 0.1861791 0.08830187
0.1318143 0.1861791 0.08972934
0.13515091 0.18384522 0.08972934
0.1367597 0.18449914 0.08804932
0.13515091 0.18449914 0.08912656
0.13414836 0.18449914 0.08972934
0.13683087 0.18445075 0.08804932
0.13384295 0.1861791 0.08804932
0.13515091 0.18547344 0.08804932
0.13179088 0.1861974 0.08972934
0.1314264 0.18785912 0.08804932
0.13179088 0.18762505 0.08804932
0.1334709 0.18641454 0.08804932
0.13683087 0.1794591 0.09337923
0.13752908 0.1794591 0.09308931
0.13683087 0.17980981 0.09308931
0.15027088 0.17031664 0.09308931
0.15027088 0.16937912 0.09420434
0.1519509 0.16937912 0.09374103
0.11835086 0.17273915 0.11177716
0.11835086 0.17292994 0.111569315
0.11667091 0.17405206 0.111569315
0.11667091 0.17273915 0.112968594
0.11029202 0.17777914 0.111569315
0.1099509 0.17777914 0.11175045
0.118762255 0.17273915 0.111569315
0.11163092 0.17609912 0.11247179
0.113253415 0.17609912 0.111569315
0.11163092 0.17704582 0.111569315
0.1099509 0.1779648 0.111569315
0.10827088 0.17587042 0.11492935
0.10827088 0.17609912 0.11466679
0.107856095 0.17609912 0.11492935
0.10659087 0.17677337 0.11492935
0.10659087 0.17777914 0.1138154
0.10493243 0.17777914 0.11492935
0.10748541 0.17777914 0.11324933
0.10659087 0.17833555 0.11324933
0.10827088 0.17732579 0.11324933
0.09651089 0.16420883 0.13172933
0.09651089 0.16265911 0.13253734
0.0981909 0.16265911 0.13177153
0.09826434 0.16265911 0.13172933
0.0981909 0.1627326 0.13172933
0.15027088 0.096147776 0.14348933
0.15027088 0.09713912 0.14306358
0.149876 0.09713912 0.14348933
0.15027088 0.09881914 0.14214316
0.14878428 0.09881914 0.14348933
0.14859092 0.09908587 0.14348933
0.14859092 0.10049909 0.1426079
0.14763153 0.10049909 0.14348933
0.1469109 0.10162687 0.14348933
0.1469109 0.10217911 0.14316472
0.14660066 0.10217911 0.14348933
0.15027088 0.099368095 0.14180931
0.14950383 0.10049909 0.14180931
0.14859092 0.10198337 0.14180931
0.15055972 0.0954591 0.14348933
0.15135306 0.09377909 0.14348933
0.1519509 0.09377909 0.14305106
0.1519509 0.0954591 0.14237228
0.15266293 0.0954591 0.14180931
0.1519509 0.097106814 0.14180931
0.15193462 0.09713912 0.14180931
0.15074205 0.09881914 0.14180931
0.14355087 0.106860936 0.14348933
0.14355087 0.1072191 0.14328429
0.14316803 0.1072191 0.14348933
0.14187092 0.108115256 0.14348933
0.14187092 0.10889912 0.14291343
0.14086139 0.10889912 0.14348933
0.1469109 0.10385913 0.1423395
0.1458239 0.10385913 0.14348933
0.14523089 0.10476112 0.14348933
0.14523089 0.10553914 0.14295498
0.14455968 0.10553914 0.14348933
0.14523089 0.1072191 0.14186844
0.1401909 0.10938972 0.14348933
0.1401909 0.11057913 0.14240238
0.13864118 0.11057913 0.14348933
0.13851088 0.11225909 0.1421912
0.13683087 0.11225909 0.14343551
0.13851088 0.11068827 0.14348933
0.13683087 0.11219996 0.14348933
0.13683087 0.11393911 0.14205769
0.081915915 0.1492191 0.14348933
0.083070874 0.14753914 0.14440385
0.08139092 0.1492191 0.14358088
0.08139092 0.1493479 0.14348933
0.0797109 0.14967299 0.14348933
0.16371089 0.14678437 0.106529325
0.16371089 0.14753914 0.10599759
0.16279125 0.14753914 0.106529325
0.16035092 0.14879435 0.106529325
0.16035092 0.1492191 0.106163114
0.15935719 0.1492191 0.106529325
0.16203088 0.14795822 0.106529325
0.16203088 0.1492191 0.10535136
0.16289121 0.1492191 0.10484937
0.16371089 0.14869642 0.10484937
0.15699089 0.15017694 0.106529325
0.15699089 0.15089911 0.10606286
0.1558938 0.15089911 0.106529325
0.15363091 0.15239328 0.106529325
0.15363091 0.15257913 0.10641071
0.15332472 0.15257913 0.106529325
0.15531087 0.15257913 0.10572007
0.15531087 0.15131003 0.106529325
0.1519509 0.15331668 0.106529325
0.15027088 0.15425915 0.1064398
0.15699089 0.15257913 0.10492149
0.15363091 0.15425915 0.10524163
0.1519509 0.15425915 0.105838805
0.1513452 0.1559391 0.10484937
0.15027088 0.1559391 0.10516992
0.1519509 0.15565681 0.10484937
0.15448886 0.15425915 0.10484937
0.15531087 0.15372169 0.10484937
0.15363091 0.15478414 0.10484937
0.15699089 0.15266848 0.10484937
0.1586709 0.15089911 0.10539004
0.1586709 0.14948452 0.106529325
0.15996242 0.15089911 0.10484937
0.15715408 0.15257913 0.10484937
0.1586709 0.15165436 0.10484937
0.16035092 0.15069264 0.10484937
0.16203088 0.14969611 0.10484937
0.14187092 0.15876013 0.106529325
0.14187092 0.15929914 0.10614911
0.14082378 0.15929914 0.106529325
0.14355087 0.15790015 0.106529325
0.14355087 0.15929914 0.10544959
0.13851088 0.16120732 0.106529325
0.13851088 0.16265911 0.10565141
0.13747555 0.16265911 0.106529325
0.1401909 0.15968275 0.106529325
0.1401909 0.16097909 0.1056743
0.13872492 0.16097909 0.106529325
0.13959974 0.16265911 0.10484937
0.1401909 0.16209656 0.10484937
0.14195216 0.16097909 0.10484937
0.14355087 0.16012526 0.10484937
0.14187092 0.16097909 0.10488132
0.14187092 0.16102242 0.10484937
0.14523089 0.15657222 0.106529325
0.14523089 0.15761912 0.105801135
0.14390635 0.15761912 0.106529325
0.1469109 0.15761912 0.10521087
0.1469109 0.1559391 0.10642108
0.14489663 0.15929914 0.10484937
0.14523089 0.15909147 0.10484937
0.14795911 0.15761912 0.10484937
0.14859092 0.1559391 0.1057221
0.14859092 0.15726799 0.10484937
0.1469109 0.15817463 0.10484937
0.15027088 0.15645325 0.10484937
0.13851088 0.16430157 0.10484937
0.13683087 0.16433913 0.105976015
0.13848537 0.16433913 0.10484937
0.13683087 0.16566008 0.10484937
0.1821909 0.115235806 0.11324933
0.1821909 0.11561912 0.113093406
0.18204427 0.11561912 0.11324933
0.18274957 0.11393911 0.11324933
0.18387091 0.11492473 0.111569315
0.14859092 0.14249909 0.114245564
0.1469109 0.14249909 0.11450824
0.1469109 0.14164001 0.11492935
0.14551246 0.14249909 0.11492935
0.15027088 0.14249909 0.11409107
0.14859092 0.14114821 0.11492935
0.15027088 0.14089465 0.11492935
0.17547089 0.11057913 0.12094024
0.17547089 0.11225909 0.12027845
0.17401582 0.11225909 0.121649355
0.1758908 0.11225909 0.11996934
0.1771509 0.11068189 0.11996934
0.17444742 0.11057913 0.121649355
0.1771509 0.11057913 0.12002471
0.17211092 0.11471069 0.121649355
0.17211092 0.11561912 0.12110099
0.17379087 0.11263901 0.121649355
0.17379087 0.11393911 0.120771796
0.1727522 0.11393911 0.121649355
0.17379087 0.11526084 0.11996934
0.17354321 0.11561912 0.11996934
0.07467091 0.15699053 0.14012936
0.07635087 0.15761912 0.13906834
0.07467091 0.15761912 0.13979682
0.07356882 0.15761912 0.14012936
0.07629216 0.1559391 0.14012936
0.07635087 0.1559391 0.14010683
0.0753001 0.15929914 0.13844934
0.07635087 0.15844017 0.13844934
0.07467091 0.15929914 0.13880119
0.07734406 0.15761912 0.13844934
0.078030884 0.1559391 0.13928357
0.078030884 0.15708137 0.13844934
0.07467091 0.1597426 0.13844934
0.0797109 0.1559391 0.1386173
0.0797109 0.15612108 0.13844934
0.08015853 0.1559391 0.13844934
0.09539968 0.14753914 0.14012936
0.09483087 0.14805347 0.14012936
0.09483087 0.1492191 0.1395739
0.093159795 0.1492191 0.14012936
0.084346 0.15425915 0.14012936
0.083070874 0.15425915 0.13976464
0.083070874 0.15379888 0.14012936
0.08979088 0.15143228 0.14012936
0.08979088 0.15257913 0.13959262
0.08896905 0.15257913 0.14012936
0.083070874 0.1555695 0.13844934
0.08475089 0.15465832 0.14012936
0.08643091 0.15530944 0.14012936
0.08826095 0.15425915 0.14012936
0.08979088 0.15425915 0.1387243
0.088110864 0.15449083 0.14012936
0.08979088 0.15460801 0.13844934
0.088110864 0.15574962 0.13844934
0.09315091 0.14922476 0.14012936
0.0914709 0.15089911 0.13975033
0.0914709 0.15020967 0.14012936
0.09042668 0.15089911 0.14012936
0.09315091 0.15089911 0.13929793
0.0914709 0.15257913 0.13888088
0.093063176 0.15257913 0.13844934
0.09315091 0.15254223 0.13844934
0.09483087 0.15089911 0.1388407
0.09619987 0.15089911 0.13844934
0.09483087 0.15186566 0.13844934
0.0914709 0.15339327 0.13844934
0.090292215 0.15425915 0.13844934
0.09847921 0.1441791 0.14012936
0.0981909 0.14452338 0.14012936
0.09985703 0.14249909 0.14012936
0.12675089 0.18547326 0.09308931
0.12675089 0.1861791 0.092413634
0.12566632 0.1861791 0.09308931
0.13011092 0.18382758 0.09308931
0.13011092 0.18449914 0.092393845
0.1285922 0.18449914 0.09308931
0.1284309 0.18456995 0.09308931
0.12852818 0.1861791 0.091409355
0.1284309 0.1861791 0.091454476
0.12507087 0.18659723 0.09308931
0.12507087 0.18785912 0.091939
0.12346947 0.18785912 0.09308931
0.13011092 0.18545032 0.091409355
0.12675089 0.18734878 0.091409355
0.12599236 0.18785912 0.091409355
0.12339091 0.18792933 0.09308931
0.12339091 0.18953913 0.09188637
0.12507087 0.18847322 0.091409355
0.12398392 0.18953913 0.091409355
0.1284309 0.18622708 0.091409355
0.13174134 0.18281913 0.09308931
0.13181722 0.18449914 0.091409355
0.13179088 0.18281913 0.09305683
0.1334709 0.18317884 0.091409355
0.1334709 0.18281913 0.09178457
0.13179088 0.18449914 0.09143153
0.13179088 0.18451965 0.091409355
0.13402075 0.18281913 0.091409355
0.14187092 0.17604977 0.09308931
0.14355087 0.17513216 0.09308931
0.14355087 0.17609912 0.092086226
0.1469109 0.17251879 0.09308931
0.1469109 0.17273915 0.09294483
0.14672512 0.17273915 0.09308931
0.14187092 0.17609912 0.09303978
0.14178604 0.17609912 0.09308931
0.14523089 0.1743415 0.09308931
0.14523089 0.1744191 0.093028456
0.1450969 0.1744191 0.09308931
0.1469109 0.1744191 0.09230092
0.14523089 0.1760484 0.091409355
0.14508682 0.17609912 0.091409355
0.1401909 0.1772182 0.09308931
0.1401909 0.17777914 0.092605025
0.13957864 0.17777914 0.09308931
0.13851088 0.17886251 0.09308931
0.13851088 0.1794591 0.09260884
0.13990927 0.1794591 0.091409355
0.1401909 0.17918527 0.091409355
0.14187092 0.17777914 0.091451615
0.14194185 0.17777914 0.091409355
0.14355087 0.17679095 0.091409355
0.14187092 0.17782617 0.091409355
0.15057456 0.14081913 0.11492935
0.15027088 0.14081913 0.11497256
0.15027088 0.13913912 0.11606315
0.1519509 0.1404807 0.11492935
0.1519509 0.13913912 0.11572006
0.15363091 0.13913912 0.11550245
0.15363091 0.14017415 0.11492935
0.15531087 0.13913912 0.11521754
0.15531087 0.13966334 0.11492935
0.15699089 0.13577914 0.11626837
0.1586709 0.13577914 0.11534789
0.1586709 0.13647026 0.11492935
0.15767914 0.1374591 0.11492935
0.15699089 0.1374591 0.11532888
0.1560027 0.13913912 0.11492935
0.13683087 0.14514565 0.116609365
0.13683087 0.14585912 0.11616245
0.13561642 0.14585912 0.116609365
0.1334709 0.14707118 0.116609365
0.1334709 0.14753914 0.11637995
0.13264889 0.14753914 0.116609365
0.15955561 0.13577914 0.11492935
0.15699089 0.13819343 0.11492935
0.13179088 0.1481753 0.116609365
0.1334709 0.1492191 0.11567047
0.13179088 0.1492191 0.11618486
0.1307354 0.1492191 0.116609365
0.13515091 0.14621913 0.116609365
0.13515091 0.14753914 0.115965456
0.1357202 0.1492191 0.11492935
0.13683087 0.14845514 0.11492935
0.13683087 0.14753914 0.11536315
0.13515091 0.1492191 0.11512843
0.13011092 0.1498928 0.116609365
0.13011092 0.15089911 0.11618492
0.1292519 0.15089911 0.116609365
0.1284309 0.151824 0.116609365
0.1284309 0.15257913 0.11624822
0.12791479 0.15257913 0.116609365
0.13011092 0.15257913 0.11528632
0.12675089 0.1553337 0.116609365
0.12675089 0.1559391 0.11642906
0.12650108 0.1559391 0.116609365
0.1295644 0.15425915 0.11492935
0.1284309 0.15425915 0.115575105
0.13011092 0.15344107 0.11492935
0.12714869 0.15425915 0.116609365
0.1284309 0.1559391 0.115279704
0.13179088 0.15089911 0.11542258
0.12913513 0.1559391 0.11492935
0.13328743 0.15089911 0.11492935
0.1334709 0.15078795 0.11492935
0.13103151 0.15257913 0.11492935
0.13179088 0.15196568 0.11492935
0.13515091 0.14966238 0.11492935
0.12339091 0.16139585 0.116609365
0.12339091 0.16265911 0.11608073
0.12265587 0.16265911 0.116609365
0.17883092 0.11215228 0.11828932
0.17883092 0.11225909 0.11820671
0.17867595 0.11225909 0.11828932
0.17721957 0.11393911 0.11828932
0.17883092 0.11393911 0.11722991
0.1771509 0.11404157 0.11828932
0.17883092 0.11517483 0.116609365
0.17952287 0.11393911 0.116609365
0.12339091 0.15092492 0.11996934
0.12339091 0.15257913 0.11963114
0.12285441 0.15257913 0.11996934
0.12339091 0.15425915 0.11952552
0.12339091 0.1559391 0.118858665
0.121772885 0.1559391 0.11996934
0.122541904 0.15425915 0.11996934
0.1284309 0.14558232 0.11996934
0.13011092 0.14425123 0.11996934
0.13011092 0.14585912 0.11884931
0.12675089 0.1472159 0.11996934
0.12675089 0.14753914 0.11977592
0.12645668 0.14753914 0.11996934
0.1284309 0.14585912 0.119805664
0.12813914 0.14585912 0.11996934
0.12507087 0.14889205 0.11996934
0.12675089 0.1492191 0.1187931
0.12507087 0.1492191 0.11974087
0.12473297 0.1492191 0.11996934
0.1284309 0.14753914 0.11875853
0.12915123 0.14753914 0.11828932
0.13011092 0.14665341 0.11828932
0.12759179 0.1492191 0.11828932
0.1284309 0.14831531 0.11828932
0.13179088 0.14270109 0.11996934
0.13179088 0.1441791 0.11908522
0.13020039 0.1441791 0.11996934
0.13202387 0.14249909 0.11996934
0.1334709 0.14249909 0.11928418
0.1334709 0.14412796 0.11828932
0.13339955 0.1441791 0.11828932
0.13179088 0.1453014 0.11828932
0.13106894 0.14585912 0.11828932
0.13515091 0.14249909 0.11865154
0.13622403 0.14249909 0.11828932
0.13515091 0.143112 0.11828932
0.12610406 0.15089911 0.11828932
0.12507087 0.15089911 0.11891213
0.12675089 0.15012944 0.11828932
0.12340188 0.15089911 0.11996934
0.12507087 0.15257913 0.11863682
0.12507087 0.15425915 0.11831787
0.12550092 0.15257913 0.11828932
0.12509876 0.15425915 0.11828932
0.12418002 0.1559391 0.11828932
0.12507087 0.15432388 0.11828932
0.12003088 0.15899658 0.11996934
0.12003088 0.15929914 0.11980298
0.11979473 0.15929914 0.11996934
0.1704309 0.113110006 0.12332931
0.1704309 0.11393911 0.12298545
0.16990894 0.11393911 0.12332931
0.17211092 0.10982615 0.12332931
0.17379087 0.11057913 0.122130245
0.17211092 0.11057913 0.12318751
0.17379087 0.10889912 0.12247047
0.17188865 0.11057913 0.12332931
0.17211092 0.11225909 0.12280801
0.17379087 0.11225909 0.121849984
0.17236817 0.10889912 0.12332931
0.171081 0.11225909 0.12332931
0.17211092 0.11393911 0.1220952
0.09987092 0.17030567 0.12500933
0.09987092 0.17105913 0.12438688
0.09867948 0.17105913 0.12500933
0.0981909 0.17134666 0.12500933
0.09651089 0.17273915 0.12451097
0.09651089 0.17222649 0.12500933
0.098982096 0.17273915 0.12332931
0.0981909 0.17273915 0.12370309
0.10132182 0.16937912 0.12500933
0.10155088 0.17105913 0.12355241
0.10155088 0.16937912 0.12488893
0.09987092 0.17228705 0.12332931
0.10208154 0.17105913 0.12332931
0.10323089 0.16937912 0.12397447
0.10323089 0.17036039 0.12332931
0.10155088 0.17133915 0.12332931
0.1231423 0.14249909 0.12500933
0.0981909 0.17311311 0.12332931
0.10462564 0.16937912 0.12332931
0.09651089 0.1706509 0.12668934
0.09651089 0.16937912 0.12815174
0.0981909 0.16937912 0.1267676
0.0981909 0.16946638 0.12668934
0.12339091 0.1365518 0.12836936
0.12339091 0.1374591 0.12783495
0.122249365 0.1374591 0.12836936
0.1217109 0.13801062 0.12836936
0.1217109 0.13913912 0.12784585
0.120723724 0.13913912 0.12836936
0.09831083 0.16937912 0.12668934
0.13683087 0.12823105 0.12836936
0.13683087 0.12905914 0.12764004
0.13533682 0.12905914 0.12836936
0.12339091 0.13913912 0.12686989
0.12003088 0.13996398 0.12836936
0.12003088 0.14081913 0.12797996
0.11933142 0.14081913 0.12836936
0.11835086 0.14202344 0.12836936
0.12003088 0.14249909 0.1270642
0.11835086 0.14249909 0.128131
0.118006885 0.14249909 0.12836936
0.122198045 0.14081913 0.12668934
0.12339091 0.13944477 0.12668934
0.1217109 0.14081913 0.12701377
0.12063599 0.14249909 0.12668934
0.1217109 0.14136183 0.12668934
0.12507087 0.13565296 0.12836936
0.12507087 0.13577914 0.12828836
0.1248135 0.13577914 0.12836936
0.12675089 0.13577914 0.12764415
0.1284309 0.13577914 0.12680563
0.12675089 0.13483256 0.12836936
0.1284309 0.13437974 0.12836936
0.13011092 0.13329846 0.12836936
0.13011092 0.13409913 0.12780741
0.12925851 0.13409913 0.12836936
0.13011092 0.13499957 0.12668934
0.12867606 0.13577914 0.12668934
0.13179088 0.13126165 0.12836936
0.13244385 0.1307391 0.12836936
0.13179088 0.13241911 0.12755993
0.1334709 0.1307391 0.12786087
0.1334709 0.13010406 0.12836936
0.13067591 0.13241911 0.12836936
0.13515091 0.1307391 0.12702212
0.13515091 0.12917572 0.12836936
0.13308501 0.13241911 0.12668934
0.1334709 0.13214314 0.12668934
0.13577223 0.1307391 0.12668934
0.13683087 0.13015842 0.12668934
0.13515091 0.13112181 0.12668934
0.13108009 0.13409913 0.12668934
0.13179088 0.13342607 0.12668934
0.16203088 0.10553914 0.1316633
0.16203088 0.1072191 0.13112119
0.16203088 0.10889912 0.13045713
0.16035092 0.10889912 0.1314995
0.16371089 0.10553914 0.13101646
0.16371089 0.1072191 0.13015816
0.16371089 0.10742408 0.13004932
0.16265225 0.10889912 0.13004932
0.15531087 0.11393911 0.13163266
0.15699089 0.11393911 0.13097468
0.15699089 0.11225909 0.13161609
0.15363091 0.11561912 0.13138238
0.15531087 0.11561912 0.13074723
0.15699089 0.11561912 0.13019642
0.1586709 0.11057913 0.13155213
0.16035092 0.11057913 0.13084713
0.1586709 0.11225909 0.13090768
0.16035092 0.11225909 0.13025168
0.16203088 0.110193074 0.13004932
0.16184843 0.11057913 0.13004932
0.1586709 0.11393911 0.13025573
0.16083848 0.11225909 0.13004932
0.159136 0.11393911 0.13004932
0.1573658 0.11561912 0.13004932
0.1586709 0.114423156 0.13004932
0.16035092 0.112733126 0.13004932
0.1334709 0.16850734 0.10484937
0.13515091 0.16687453 0.10484937
0.13515091 0.1676991 0.104160935
0.13428092 0.1676991 0.10484937
0.13683087 0.16601914 0.10452077
0.13628042 0.16601914 0.10484937
0.13683087 0.1676991 0.10328016
0.1519509 0.1559391 0.10465065
0.15363091 0.1559391 0.103956014
0.16371089 0.1492191 0.10424289
0.15699089 0.15425915 0.103569
0.15531087 0.15425915 0.10442832
0.17016256 0.1072191 0.12500933
0.1704309 0.10889912 0.12466523
0.17002153 0.10889912 0.12500933
0.1704309 0.1072191 0.124744505
0.17211092 0.1072191 0.12371829
0.17211092 0.10889912 0.12348589
0.1704309 0.11057913 0.124269634
0.16938925 0.11057913 0.12500933
0.16875088 0.11168295 0.12500933
0.1704309 0.11225909 0.12366995
0.16875088 0.11225909 0.12477681
0.16847324 0.11225909 0.12500933
0.16875088 0.11393911 0.1242173
0.16799271 0.11393911 0.12500933
0.16783494 0.11561912 0.12500933
0.16875088 0.11561912 0.12369695
0.1099509 0.16245294 0.12500933
0.1099509 0.16265911 0.12490544
0.109793484 0.16265911 0.12500933
0.15699089 0.101833165 0.13508937
0.15699089 0.10217911 0.13492861
0.1586709 0.098960936 0.13508937
0.1586709 0.10049909 0.1344935
0.15775937 0.10049909 0.13508937
0.15878433 0.09881914 0.13508937
0.16035092 0.09881914 0.13442287
0.1586709 0.10217911 0.13392779
0.16035092 0.10049909 0.13396397
0.16035092 0.10217911 0.13352278
0.16203088 0.10049909 0.1336805
0.16203088 0.10123134 0.13340935
0.1469109 0.11561912 0.13431916
0.15027088 0.11225909 0.13498959
0.1401909 0.09041911 0.15486667
0.1401909 0.09209913 0.15435079
0.13965458 0.09041911 0.15524933
0.1401909 0.08916259 0.15524933
0.14187092 0.0887391 0.15398219
0.13890195 0.09209913 0.15524933
0.14237767 0.0887391 0.15356937
0.1419667 0.09041911 0.15356937
0.14187092 0.09041911 0.15363595
0.14034373 0.0887391 0.15524933
0.14187092 0.09074348 0.15356937
0.14136976 0.09209913 0.15356937
0.13851088 0.0931294 0.15524933
0.1401909 0.09377909 0.15384892
0.13851088 0.09377909 0.15507254
0.13829118 0.09377909 0.15524933
0.1396442 0.0954591 0.15356937
0.13851088 0.0954591 0.1545662
0.1401909 0.0944463 0.15356937
0.13770694 0.0954591 0.15524933
0.14054507 0.09377909 0.15356937
0.13683087 0.096532285 0.15524933
0.13851202 0.09713912 0.15356937
0.13683087 0.09713912 0.1547378
0.13851088 0.09713912 0.15357038
0.13851088 0.09714031 0.15356937
0.13179088 0.18278497 0.09308931
0.13515091 0.1807043 0.09308931
0.13515091 0.18113911 0.09267613
0.13436413 0.18113911 0.09308931
0.1334709 0.18163115 0.09308931
0.13515091 0.18223888 0.091409355
0.13683087 0.18113911 0.09188345
0.13683087 0.18154466 0.091409355
0.1469109 0.10889912 0.1396732
0.14859092 0.1072191 0.13954177
0.15027088 0.10553914 0.139317
0.15027088 0.1072191 0.138571
0.1490866 0.10889912 0.13844934
0.15027088 0.107774794 0.13844934
0.14859092 0.10889912 0.13858292
0.14187092 0.11225909 0.139914
0.14355087 0.11225909 0.13886121
0.13851088 0.11561912 0.13971147
0.1401909 0.11393911 0.13975582
0.14187092 0.11393911 0.13848135
0.14008468 0.11561912 0.13844934
0.1401909 0.115516484 0.13844934
0.14355087 0.1127066 0.13844934
0.14191306 0.11393911 0.13844934
0.14187092 0.113975406 0.13844934
0.14523089 0.11057913 0.13921806
0.1469109 0.110180736 0.13844934
0.14645463 0.11057913 0.13844934
0.14434677 0.11225909 0.13844934
0.14523089 0.11167401 0.13844934
0.14859092 0.109110475 0.13844934
0.1519509 0.10217911 0.13918903
0.1519509 0.10385913 0.13882032
0.1526838 0.10217911 0.13844934
0.15229893 0.10385913 0.13844934
0.1519509 0.104569376 0.13844934
0.15138215 0.10553914 0.13844934
0.15057307 0.1072191 0.13844934
0.16875088 0.13909024 0.10820934
0.16875088 0.13913912 0.10817984
0.16871846 0.13913912 0.10820934
0.1704309 0.13653445 0.10820934
0.1704309 0.1374591 0.10760751
0.16979021 0.1374591 0.10820934
0.1704309 0.13910508 0.106529325
0.17040807 0.13913912 0.106529325
0.16917402 0.14081913 0.106529325
0.16739744 0.14081913 0.10820934
0.16875088 0.14081913 0.10696551
0.16707093 0.14118338 0.10820934
0.16707093 0.14249909 0.10717639
0.16584831 0.14249909 0.10820934
0.16875088 0.14134228 0.106529325
0.16777736 0.14249909 0.106529325
0.17211092 0.13667691 0.106529325
0.17156428 0.1374591 0.106529325
0.17211092 0.13577914 0.10714117
0.17271918 0.13577914 0.106529325
0.16539091 0.1441791 0.10719982
0.16539091 0.14294398 0.10820934
0.1639626 0.1441791 0.10820934
0.1771509 0.12905914 0.10767332
0.17861938 0.12905914 0.106529325
0.1771509 0.13029158 0.106529325
0.16539091 0.14506769 0.106529325
0.16371089 0.14585912 0.10710922
0.16371089 0.14440602 0.10820934
0.16707093 0.14337939 0.106529325
0.16632491 0.1441791 0.106529325
0.16454315 0.14585912 0.106529325
0.11729014 0.15089911 0.12500933
0.11667091 0.15089911 0.12549916
0.11667091 0.1492191 0.12614879
0.1182369 0.1492191 0.12500933
0.11163092 0.15765458 0.12668934
0.1116696 0.15761912 0.12668934
0.11163092 0.15929914 0.12544063
0.11005211 0.15929914 0.12668934
0.11331087 0.15627319 0.12668934
0.11331087 0.15761912 0.12534615
0.11667091 0.15201372 0.12500933
0.11376029 0.15761912 0.12500933
0.11331087 0.158027 0.12500933
0.11216694 0.15929914 0.12500933
0.11499089 0.1559391 0.125146
0.115103185 0.1559391 0.12500933
0.11499089 0.15614432 0.12500933
0.11361992 0.1559391 0.12668934
0.11163092 0.16008049 0.12500933
0.11101204 0.16097909 0.12500933
0.1099509 0.16097909 0.1257604
0.1099509 0.15941972 0.12668934
0.16684288 0.11561912 0.12668934
0.16707093 0.11729914 0.12583634
0.1660077 0.11729914 0.12668934
0.16539091 0.11761278 0.12668934
0.16572821 0.1189791 0.12500933
0.16539091 0.1189791 0.12522474
0.16371089 0.1182248 0.12668934
0.16371089 0.1189791 0.12612793
0.16707093 0.11561912 0.1264722
0.16747254 0.11729914 0.12500933
0.16707093 0.11804438 0.12500933
0.16539091 0.11913413 0.12500933
0.16377497 0.10385913 0.13172933
0.16539091 0.10385913 0.13097635
0.16617239 0.10385913 0.13004932
0.16539091 0.10535765 0.13004932
0.16525275 0.10553914 0.13004932
0.16386443 0.1072191 0.13004932
0.08332652 0.15761912 0.13676932
0.083070874 0.15761912 0.13679454
0.083070874 0.1559391 0.13808861
0.08643091 0.15726823 0.13676932
0.08475089 0.15747046 0.13676932
0.088110864 0.1559391 0.13818917
0.088110864 0.15716833 0.13676932
0.083070874 0.15765315 0.13676932
0.0914709 0.1559391 0.13702837
0.0914709 0.15637541 0.13676932
0.08979088 0.1568563 0.13676932
0.08979088 0.1559391 0.13747182
0.09300953 0.1559391 0.13676932
0.13515091 0.09760821 0.15524933
0.13515091 0.09881914 0.15431401
0.1335544 0.09881914 0.15524933
0.13592482 0.09713912 0.15524933
0.13011092 0.10206795 0.15524933
0.13011092 0.10217911 0.15517369
0.13001597 0.10217911 0.15524933
0.13179088 0.10217911 0.15409067
0.1334709 0.10049909 0.15414509
0.13179088 0.10049909 0.15520903
0.1334709 0.09888989 0.15524933
0.13179088 0.1004408 0.15524933
0.13173032 0.10049909 0.15524933
0.12003088 0.107797086 0.15524933
0.120882034 0.1072191 0.15524933
0.12003088 0.10889912 0.15451452
0.1217109 0.106832504 0.15524933
0.12339091 0.10601652 0.15524933
0.12339091 0.1072191 0.15404889
0.1217109 0.1072191 0.15488562
0.12507087 0.105400264 0.15524933
0.12507087 0.10553914 0.15508887
0.12463039 0.10553914 0.15524933
0.11667091 0.11057913 0.15377262
0.12897742 0.10385913 0.15524933
0.13011092 0.10385913 0.15408114
0.12675089 0.10505092 0.15524933
0.12675089 0.10553914 0.15435663
0.1284309 0.10452235 0.15524933
0.1284309 0.10553914 0.15379116
0.16035092 0.1559391 0.10024509
0.1586709 0.1559391 0.101311356
0.1586709 0.15569699 0.101489335
0.15835822 0.1559391 0.101489335
0.16371089 0.1516869 0.101489335
0.16371089 0.15257913 0.100569695
0.16252577 0.15257913 0.101489335
0.16203088 0.15425915 0.100268036
0.16203088 0.15296417 0.101489335
0.1604234 0.15425915 0.101489335
0.16035092 0.15432 0.101489335
0.15027088 0.16234148 0.101489335
0.15027088 0.16265911 0.101329535
0.14900184 0.16265911 0.101489335
0.1401909 0.16937912 0.10028967
0.13851088 0.16937912 0.101364344
0.1401909 0.16774112 0.101489335
0.13851088 0.16921747 0.101489335
0.13828969 0.16937912 0.101489335
0.14355087 0.16536903 0.101489335
0.14355087 0.16601914 0.10106197
0.14251184 0.16601914 0.101489335
0.14187092 0.1676991 0.10048202
0.14187092 0.16638625 0.101489335
0.14023566 0.1676991 0.101489335
0.1469109 0.16315919 0.101489335
0.14523089 0.16433913 0.101409286
0.14523089 0.16421527 0.101489335
0.1450479 0.16433913 0.101489335
0.14523089 0.16601914 0.10031322
0.1469109 0.16433913 0.1007376
0.14859092 0.16433913 0.10037801
0.15027088 0.16433913 0.09991148
0.14859092 0.162718 0.101489335
0.15699089 0.15717071 0.101489335
0.15699089 0.15761912 0.10123655
0.15652859 0.15761912 0.101489335
0.15699089 0.15929914 0.10037729
0.15531087 0.15912819 0.101489335
0.15531087 0.15929914 0.10141066
0.15518737 0.15929914 0.101489335
0.15363091 0.16115385 0.101489335
0.1519509 0.16265911 0.10055789
0.1519509 0.16147071 0.101489335
0.15387326 0.16097909 0.101489335
0.15531087 0.16097909 0.10020617
0.1586709 0.15761912 0.100299865
0.10827088 0.18067539 0.10988936
0.1099509 0.17973667 0.10988936
0.1099509 0.18113911 0.108374864
0.16539091 0.1256991 0.1195263
0.16371089 0.12653542 0.11996934
0.16465867 0.1256991 0.11996934
0.16539091 0.12737912 0.11838642
0.16371089 0.12737912 0.119383484
0.16707093 0.1256991 0.11851719
0.11055267 0.17105913 0.11828932
0.11163092 0.16937912 0.11905542
0.11163092 0.1703915 0.11828932
0.1704309 0.12233913 0.118723005
0.11331087 0.16937912 0.11862764
0.11331087 0.16972846 0.11828932
0.11499089 0.16937912 0.1183289
0.115065694 0.16937912 0.11828932
0.11499089 0.16940385 0.11828932
0.16203088 0.12565136 0.121649355
0.16203088 0.1256991 0.121614605
0.16195798 0.1256991 0.121649355
0.1586709 0.12755823 0.121649355
0.15699089 0.12905914 0.12131545
0.15699089 0.12860835 0.121649355
0.16035092 0.12662268 0.121649355
0.16035092 0.12737912 0.12109491
0.15898567 0.12737912 0.121649355
0.16371089 0.1256991 0.1205605
0.16006207 0.12905914 0.11996934
0.1586709 0.12905914 0.12056425
0.16203088 0.12737912 0.12031749
0.16035092 0.12889433 0.11996934
0.1626634 0.12737912 0.11996934
0.14355087 0.13343233 0.121649355
0.14355087 0.13409913 0.121209115
0.1423822 0.13409913 0.121649355
0.1401909 0.13557422 0.121649355
0.1401909 0.13577914 0.12154433
0.13943303 0.13577914 0.121649355
0.16203088 0.12783849 0.11996934
0.14187092 0.13577914 0.120838255
0.14187092 0.13444996 0.121649355
0.14859092 0.13212848 0.121649355
0.15027088 0.13222486 0.121649355
0.15027088 0.13241911 0.121534735
0.14859092 0.13241911 0.12145838
0.1470657 0.13241911 0.121649355
0.14355087 0.13577914 0.119969636
0.1469109 0.13409913 0.12065932
0.14523089 0.13409913 0.12077895
0.1469109 0.13246632 0.121649355
0.14523089 0.13283998 0.121649355
0.14523089 0.135108 0.11996934
0.14355159 0.13577914 0.11996934
0.14859092 0.13409913 0.120560616
0.1469109 0.13507748 0.11996934
0.14859092 0.13489127 0.11996934
0.15027088 0.13409913 0.12050447
0.13683087 0.13661617 0.121649355
0.13851088 0.13597417 0.121649355
0.13851088 0.1374591 0.120821565
0.13683087 0.1374591 0.121251196
0.15027088 0.13454401 0.11996934
0.13759476 0.13913912 0.11996934
0.13851088 0.1386388 0.11996934
0.1401909 0.1374591 0.12046167
0.1401909 0.13798112 0.11996934
0.13683087 0.13913912 0.12026474
0.14187092 0.13702422 0.11996934
0.14125246 0.1374591 0.11996934
0.14355087 0.1357795 0.11996934
0.13683087 0.13952392 0.11996934
0.1519509 0.13196874 0.121649355
0.15363091 0.1308006 0.121649355
0.15363091 0.13241911 0.12018713
0.1519509 0.13241911 0.12136784
0.15699089 0.1307391 0.11998215
0.15531087 0.1307391 0.12071726
0.156228 0.12905914 0.121649355
0.15531087 0.12960482 0.121649355
0.15372092 0.1307391 0.121649355
0.15531087 0.1315924 0.11996934
0.15398473 0.13241911 0.11996934
0.1517055 0.13409913 0.11996934
0.1519509 0.13397413 0.11996934
0.15699089 0.13075483 0.11996934
0.15363091 0.1326499 0.11996934
0.1586709 0.12984776 0.11996934
0.15702158 0.1307391 0.11996934
0.10491091 0.16917491 0.12332931
0.10659087 0.16788459 0.12332931
0.10659087 0.16937912 0.12227401
0.10491091 0.16937912 0.12319955
0.1099509 0.16504538 0.12332931
0.1099509 0.16601914 0.12245229
0.10871744 0.16601914 0.12332931
0.1099509 0.16693163 0.121649355
0.10827088 0.1676991 0.12233028
0.10827088 0.16641808 0.12332931
0.10680467 0.1676991 0.12332931
0.10745573 0.16937912 0.121649355
0.109120786 0.1676991 0.121649355
0.10827088 0.16857117 0.121649355
0.10827088 0.15122968 0.13172933
0.10827088 0.15257913 0.13132617
0.10769296 0.15257913 0.13172933
0.1099509 0.1492191 0.1311194
0.1099509 0.15089911 0.13077411
0.109137535 0.1492191 0.13172933
0.108424544 0.15089911 0.13172933
0.1099509 0.14755458 0.13172933
0.10659087 0.15492946 0.13172933
0.10659087 0.1559391 0.13137463
0.10581881 0.1559391 0.13172933
0.1099509 0.15257913 0.13041303
0.10827088 0.15425915 0.13091525
0.1099509 0.1533035 0.13004932
0.10934907 0.15425915 0.13004932
0.106956184 0.15425915 0.13172933
0.10827088 0.1559391 0.13046387
0.10880613 0.1559391 0.13004932
0.1401909 0.11730069 0.13676932
0.13851088 0.1189791 0.13620058
0.13851088 0.11841124 0.13676932
0.13767326 0.1189791 0.13676932
0.14187092 0.11729914 0.13566712
0.14187092 0.115994215 0.13676932
0.1401931 0.11729914 0.13676932
0.1401909 0.1189791 0.13515136
0.14028895 0.1189791 0.13508937
0.14355087 0.11680776 0.13508937
0.14284557 0.11729914 0.13508937
0.13683087 0.119549096 0.13676932
0.1376599 0.12065911 0.13508937
0.13683087 0.12065911 0.13558325
0.14187092 0.11794382 0.13508937
0.13851088 0.12014902 0.13508937
0.1401909 0.11904627 0.13508937
0.13683087 0.12114787 0.13508937
0.14523089 0.11564714 0.13508937
0.1099509 0.14179993 0.13508937
0.1099509 0.14249909 0.13490322
0.109787345 0.14249909 0.13508937
0.1099509 0.1348157 0.13844934
0.1099509 0.13577914 0.13786164
0.10903603 0.13577914 0.13844934
0.0981909 0.13241911 0.14585254
0.09987092 0.13241911 0.14579293
0.09987092 0.13370621 0.14516935
0.09822452 0.13409913 0.14516935
0.09651089 0.13241911 0.14636639
0.09651089 0.13409913 0.1457307
0.0981909 0.13409913 0.14518198
0.0981909 0.13413405 0.14516935
0.09651089 0.13555181 0.14516935
0.10044336 0.13409913 0.14516935
0.10155088 0.13241911 0.14677766
0.10155088 0.13500333 0.14516935
0.10766685 0.12905914 0.14516935
0.106591284 0.1307391 0.14516935
0.10659087 0.13073981 0.14516935
0.10580945 0.13241911 0.14516935
0.10323089 0.13542914 0.14516935
0.10491091 0.13409913 0.14626834
0.10491091 0.13453102 0.14516935
0.10527474 0.13409913 0.14516935
0.10827088 0.12233913 0.14782575
0.10659087 0.12233913 0.14850566
0.10659087 0.12230718 0.14852932
0.106530905 0.12233913 0.14852932
0.10323089 0.12465066 0.14852932
0.10323089 0.1256991 0.1480076
0.10173488 0.1256991 0.14852932
0.10827088 0.12144202 0.14852932
0.1099509 0.12089515 0.14852932
0.1099509 0.12233913 0.14738539
0.09987092 0.12737912 0.14808145
0.0981909 0.12737912 0.14807555
0.09987092 0.12650251 0.14852932
0.0981909 0.12905914 0.14735863
0.09987092 0.12905914 0.1472641
0.09651089 0.12905914 0.14748183
0.10155088 0.12737912 0.14777544
0.10155088 0.12581009 0.14852932
0.10323089 0.12737912 0.14733836
0.10155088 0.12905914 0.14705703
0.10491091 0.12332344 0.14852932
0.10659087 0.12401909 0.14740482
0.10491091 0.12401909 0.14812931
0.10400474 0.12401909 0.14852932
0.10491091 0.1256991 0.14726177
0.108198404 0.12401909 0.14684936
0.10827088 0.12397516 0.14684936
0.105864465 0.1256991 0.14684936
0.10659087 0.12503642 0.14684936
0.1099509 0.12312329 0.14684936
0.10517877 0.12737912 0.14684936
0.10491091 0.12737912 0.14692423
0.10659087 0.12861294 0.14684936
0.09651089 0.1307391 0.14717272
0.09651089 0.13143927 0.14684936
0.09483087 0.13183612 0.14684936
0.09483087 0.1307391 0.14720425
0.097566545 0.1307391 0.14684936
0.0981909 0.13026482 0.14684936
0.09987092 0.12994486 0.14684936
0.10208732 0.1307391 0.14684936
0.10155088 0.12976867 0.14684936
0.14187092 0.0954591 0.15172961
0.14187092 0.09713912 0.15091607
0.14165431 0.0954591 0.15188935
0.14051253 0.09713912 0.15188935
0.1401909 0.09760356 0.15188935
0.1401909 0.09881914 0.15123537
0.1427908 0.09713912 0.15020934
0.14355087 0.0954591 0.15048257
0.14355087 0.09591788 0.15020934
0.14187092 0.098771095 0.15020934
0.14183444 0.09881914 0.15020934
0.1401909 0.10034257 0.15020934
0.14002562 0.10049909 0.15020934
0.13851088 0.10049909 0.15121326
0.13851088 0.09948617 0.15188935
0.13727099 0.10049909 0.15188935
0.13776189 0.10217911 0.15020934
0.13683087 0.10217911 0.15076151
0.1391918 0.09881914 0.15188935
0.1439569 0.0954591 0.15020934
0.13851088 0.10166913 0.15020934
0.13683087 0.10289633 0.15020934
0.1374399 0.08537912 0.15860936
0.13851088 0.08537912 0.15776363
0.13851088 0.08705914 0.15718475
0.13851088 0.08780873 0.15692934
0.13810861 0.0887391 0.15692934
0.13881707 0.08705914 0.15692934
0.13683087 0.09041911 0.1574178
0.13522863 0.09041911 0.15860936
0.13515091 0.09209913 0.15816882
0.13515091 0.09061015 0.15860936
0.13440931 0.09209913 0.15860936
0.13179809 0.0954591 0.15860936
0.13316852 0.09377909 0.15860936
0.1334709 0.09377909 0.15842101
0.1334709 0.0954591 0.1575177
0.1334709 0.09338385 0.15860936
0.13626355 0.09377909 0.15692934
0.13515091 0.09377909 0.15754512
0.13478035 0.0954591 0.15692934
0.13515091 0.09514701 0.15692934
0.11835086 0.1846078 0.09980932
0.11667091 0.1861791 0.099319905
0.11667091 0.1856584 0.09980932
0.12003088 0.18295377 0.09980932
0.12003088 0.18449914 0.09849724
0.118459105 0.18449914 0.09980932
0.12003088 0.18488336 0.09812936
0.11858344 0.1861791 0.09812936
0.11835086 0.1861791 0.09834638
0.1217109 0.18281913 0.09869775
0.1217109 0.18343705 0.09812936
0.12046343 0.18449914 0.09812936
0.12253648 0.18281913 0.09812936
0.1201756 0.18281913 0.09980932
0.11835086 0.18636948 0.09812936
0.13851088 0.17164314 0.09980932
0.13851088 0.17273915 0.099006385
0.13767159 0.17273915 0.09980932
0.1401909 0.16996884 0.09980932
0.1401909 0.17105913 0.098920554
0.13897228 0.17105913 0.09980932
0.1401909 0.17197907 0.09812936
0.13934308 0.17273915 0.09812936
0.14187092 0.17083067 0.09812936
0.14155543 0.17105913 0.09812936
0.13683087 0.1737675 0.09980932
0.13683087 0.1744191 0.09941068
0.14355087 0.16960937 0.09812936
0.13851088 0.1741659 0.09812936
0.13836843 0.1744191 0.09812936
0.13683087 0.17595482 0.09812936
0.0914709 0.16900033 0.13004932
0.09315091 0.16884333 0.13004932
0.09315091 0.16937912 0.1293892
0.0914709 0.16937912 0.1296145
0.08979088 0.16919088 0.13004932
0.08979088 0.16937912 0.12986013
0.09483087 0.16854578 0.13004932
0.096181035 0.16937912 0.12836936
0.09483087 0.16937912 0.12908861
0.09651089 0.16728795 0.13004932
0.09651089 0.1676991 0.12976047
0.09616828 0.1676991 0.13004932
0.10155088 0.16252774 0.13004932
0.10155088 0.16265911 0.12996098
0.10136348 0.16265911 0.13004932
0.09651089 0.16914874 0.12836936
0.10827088 0.15695912 0.13004932
0.10827088 0.15761912 0.12965104
0.10765755 0.15761912 0.13004932
0.10659087 0.15862721 0.13004932
0.10659087 0.15929914 0.12964132
0.10588622 0.15929914 0.13004932
0.10323089 0.1614371 0.13004932
0.10323089 0.16265911 0.12919965
0.1099509 0.1559391 0.12901428
0.1099509 0.15709722 0.12836936
0.1095714 0.15761912 0.12836936
0.10827088 0.15895832 0.12836936
0.10796493 0.15929914 0.12836936
0.10491091 0.16097909 0.12949267
0.10491091 0.16010499 0.13004932
0.10387939 0.16097909 0.13004932
0.10481304 0.16265911 0.12836936
0.10659087 0.16097909 0.12840095
0.1066314 0.16097909 0.12836936
0.10659087 0.16102427 0.12836936
0.10491091 0.16257924 0.12836936
0.0981909 0.16549093 0.13004932
0.0981909 0.16601914 0.12960568
0.09757179 0.16601914 0.13004932
0.09987092 0.16388339 0.13004932
0.09987092 0.16433913 0.12975821
0.099425495 0.16433913 0.13004932
0.10155088 0.16433913 0.1288673
0.09987092 0.16601914 0.1284897
0.10323089 0.16392034 0.12836936
0.10263145 0.16433913 0.12836936
0.10010481 0.16601914 0.12836936
0.10155088 0.16507995 0.12836936
0.09790403 0.1676991 0.12836936
0.09987092 0.16616553 0.12836936
0.0981909 0.1674248 0.12836936
0.15027088 0.10049909 0.14119992
0.1519509 0.09713912 0.14179775
0.1519509 0.09881914 0.14101574
0.15363091 0.0954591 0.14104936
0.15363091 0.09713912 0.14033404
0.15363091 0.09754884 0.14012936
0.15293938 0.09881914 0.14012936
0.15384477 0.09713912 0.14012936
0.15470403 0.0954591 0.14012936
0.1519509 0.10009748 0.14012936
0.1516363 0.10049909 0.14012936
0.13011092 0.112093925 0.14684936
0.13011092 0.11225909 0.14670143
0.12980616 0.11225909 0.14684936
0.13683087 0.10746771 0.14684936
0.13683087 0.10889912 0.14586172
0.13522434 0.10889912 0.14684936
0.12674266 0.11393911 0.14684936
0.12675089 0.11393911 0.14684609
0.12507087 0.11561912 0.14619866
0.12507087 0.11476368 0.14684936
0.123428166 0.11561912 0.14684936
0.12675089 0.113934994 0.14684936
0.1284309 0.11301416 0.14684936
0.1284309 0.11393911 0.14602718
0.12675089 0.11561912 0.1455042
0.12739432 0.11561912 0.14516935
0.1284309 0.11494297 0.14516935
0.13011092 0.11393911 0.1452224
0.1334709 0.11038315 0.14684936
0.1334709 0.11057913 0.14669767
0.13314193 0.11057913 0.14684936
0.13011092 0.11399937 0.14516935
0.1334709 0.11225909 0.14527914
0.13179088 0.11225909 0.1459808
0.13179088 0.111269 0.14684936
0.13515091 0.10897726 0.14684936
0.13515091 0.11057913 0.14593521
0.13393962 0.11225909 0.14516935
0.13515091 0.11183125 0.14516935
0.13683087 0.10995287 0.14516935
0.1362732 0.11057913 0.14516935
0.1302442 0.11393911 0.14516935
0.13179088 0.11324024 0.14516935
0.1334709 0.11238301 0.14516935
0.14355087 0.10099137 0.14684936
0.14355087 0.10217911 0.1461716
0.14264083 0.10217911 0.14684936
0.14868438 0.0954591 0.14684936
0.14871156 0.09377909 0.14684936
0.14944655 0.09377909 0.14516935
0.14923507 0.0954591 0.14516935
0.14893448 0.09713912 0.14516935
0.14859092 0.09713912 0.14583984
0.14859092 0.095834374 0.14684936
0.147758 0.09713912 0.14684936
0.1469109 0.09775847 0.14684936
0.1469109 0.09881914 0.14559993
0.14538097 0.09881914 0.14684936
0.14859092 0.09769946 0.14516935
0.14736009 0.09881914 0.14516935
0.13515091 0.18281913 0.09070572
0.13011092 0.1861791 0.0907338
0.12675089 0.18785912 0.090948254
0.1284309 0.18785912 0.08997998
0.12507087 0.18953913 0.09063992
0.1334709 0.18449914 0.09013167
0.13179088 0.1861791 0.08974853
0.10323089 0.1725254 0.121649355
0.10323089 0.17273915 0.121433765
0.102722526 0.17273915 0.121649355
0.09987092 0.174048 0.121649355
0.09987092 0.1744191 0.12128171
0.09911829 0.1744191 0.121649355
0.10155088 0.1744191 0.12039307
0.10155088 0.1732229 0.121649355
0.10491091 0.1717363 0.121649355
0.10572106 0.17105913 0.121649355
0.10491091 0.17273915 0.12066874
0.10659087 0.17105913 0.121013254
0.10659087 0.17024261 0.121649355
0.10827088 0.16937912 0.12103078
0.09651089 0.16433913 0.13165566
0.096363425 0.16433913 0.13172933
0.08979088 0.1676991 0.1316202
0.088110864 0.1676991 0.13166705
0.088110864 0.16762745 0.13172933
0.08979088 0.16758525 0.13172933
0.09315091 0.16713244 0.13172933
0.0914709 0.1676991 0.1315004
0.0914709 0.16745442 0.13172933
0.09315091 0.1676991 0.13126871
0.09651089 0.16601914 0.13074741
0.094988585 0.16601914 0.13172933
0.09483087 0.16619933 0.13172933
0.09483087 0.1676991 0.13081834
0.09987092 0.16129404 0.13172933
0.09987092 0.16265911 0.13079283
0.10155088 0.16019374 0.13172933
0.10155088 0.16097909 0.1311554
0.10034233 0.16097909 0.13172933
0.10323089 0.16097909 0.13037702
0.102724075 0.15929914 0.13172933
0.10323089 0.15875655 0.13172933
0.10323089 0.15929914 0.13144848
0.10491091 0.15679562 0.13172933
0.10491091 0.15761912 0.13132098
0.10417557 0.15761912 0.13172933
0.10491091 0.15929914 0.13050875
0.10659087 0.15761912 0.13055053
0.0981909 0.16433913 0.13082948
0.1099509 0.13913912 0.13597146
0.1099509 0.14081913 0.13530973
0.10834885 0.14081913 0.13676932
0.108928144 0.13913912 0.13676932
0.10827088 0.14160955 0.13676932
0.10827088 0.14249909 0.13666126
0.10809982 0.14249909 0.13676932
0.1099509 0.1376735 0.13676932
0.08139092 0.15929914 0.13593712
0.08139092 0.15800804 0.13676932
0.083070874 0.15929914 0.13576028
0.078030884 0.15965241 0.13676932
0.078537464 0.15929914 0.13676932
0.078030884 0.16097909 0.13611367
0.0797109 0.15866315 0.13676932
0.0797109 0.15929914 0.13637808
0.0797109 0.16097909 0.13540903
0.0797109 0.16173834 0.13508937
0.083070874 0.1604538 0.13508937
0.08139092 0.16067296 0.13508937
0.08067334 0.16097909 0.13508937
0.1099509 0.1374591 0.13689491
0.10827088 0.1374591 0.13803324
0.10827088 0.13664883 0.13844934
0.10659087 0.13892138 0.13844934
0.10827088 0.13913912 0.1372833
0.10659087 0.13913912 0.13836631
0.10760677 0.1374591 0.13844934
0.10644162 0.13913912 0.13844934
0.10659087 0.14081913 0.13786349
0.10530907 0.14081913 0.13844934
0.10491091 0.14140707 0.13844934
0.10491091 0.14249909 0.13809577
0.10659087 0.14249909 0.1374059
0.10827088 0.14081913 0.13683423
0.08139092 0.1559391 0.13817975
0.08139092 0.15566462 0.13844934
0.07635087 0.15929914 0.1377987
0.078030884 0.15761912 0.13806102
0.0797109 0.15761912 0.13745615
0.078030884 0.15929914 0.13697621
0.08139092 0.15761912 0.13703856
0.09651089 0.14585912 0.14043006
0.1099509 0.12866837 0.14348933
0.1099509 0.12905914 0.14319465
0.10948628 0.12905914 0.14348933
0.11667091 0.118270755 0.14852932
0.11667091 0.1189791 0.14695022
0.11534673 0.1189791 0.14852932
0.11163092 0.12029892 0.14852932
0.11163092 0.12065911 0.14822277
0.11067104 0.12065911 0.14852932
0.11331087 0.12065911 0.14729634
0.11331087 0.11942619 0.14852932
0.11331087 0.12121189 0.14684936
0.11196798 0.12233913 0.14684936
0.11163092 0.12233913 0.14701208
0.11391038 0.12065911 0.14684936
0.11499089 0.11993098 0.14684936
0.11835086 0.1167438 0.14852932
0.11835086 0.11729914 0.14800724
0.117776394 0.11729914 0.14852932
0.12003088 0.11729914 0.14714757
0.12001419 0.11561912 0.14852932
0.11499089 0.11908865 0.14852932
0.11667091 0.11902338 0.14684936
0.11835086 0.11819005 0.14684936
0.12003088 0.11759764 0.14684936
0.12065452 0.11729914 0.14684936
0.1217109 0.11561912 0.14768478
0.1217109 0.11667538 0.14684936
0.12003088 0.11561912 0.14852151
0.11674833 0.1189791 0.14684936
0.11163092 0.12254012 0.14684936
0.12339091 0.11561912 0.14686504
0.12339091 0.11563903 0.14684936
0.10659087 0.12003875 0.15020934
0.10659087 0.12065911 0.14975765
0.105451286 0.12065911 0.15020934
0.10491091 0.12233913 0.14916715
0.10827088 0.12065911 0.14914635
0.10827088 0.119237244 0.15020934
0.10491091 0.12093067 0.15020934
0.1099509 0.12065911 0.1487225
0.10155088 0.1256991 0.14858577
0.10323089 0.12401909 0.14886561
0.13851088 0.09209913 0.15554217
0.13683087 0.09377909 0.15653744
0.13683087 0.0954591 0.1559309
0.1401909 0.0887391 0.15537283
0.1586709 0.14735979 0.10820934
0.1586709 0.14753914 0.108065456
0.15802556 0.14753914 0.10820934
0.16035092 0.14753914 0.1075919
0.16035092 0.14682144 0.10820934
0.15699089 0.1478762 0.10820934
0.15699089 0.1492191 0.1071969
0.15531087 0.14880061 0.10820934
0.15531087 0.1492191 0.107895106
0.15467 0.1492191 0.10820934
0.16213763 0.14585912 0.10820934
0.1586709 0.1492191 0.10675153
0.16203088 0.14594156 0.10820934
0.16203088 0.14753914 0.10688087
0.15363091 0.14991677 0.10820934
0.15363091 0.15089911 0.107500285
0.15207124 0.15089911 0.10820934
0.1519509 0.15257913 0.10705599
0.15531087 0.15089911 0.10677406
0.1519509 0.1509692 0.10820934
0.1401909 0.15690011 0.10820934
0.1401909 0.15761912 0.10770616
0.13901085 0.15761912 0.10820934
0.13851088 0.1580522 0.10820934
0.13851088 0.15929914 0.107548505
0.13739783 0.15929914 0.10820934
0.14187092 0.15761912 0.10728201
0.14355087 0.15761912 0.10673109
0.1401909 0.15929914 0.10676637
0.14187092 0.15611243 0.10820934
0.13851088 0.16097909 0.10666177
0.16539091 0.10553914 0.12993708
0.16707093 0.1054796 0.12836936
0.16704798 0.10553914 0.12836936
0.16539091 0.1072191 0.12899527
0.16631967 0.1072191 0.12836936
0.16707093 0.10385913 0.1290097
0.16539615 0.10889912 0.12836936
0.16539091 0.10889912 0.12837258
0.164662 0.11057913 0.12836936
0.16371089 0.10889912 0.12937668
0.16539091 0.10891014 0.12836936
0.16371089 0.11225909 0.12855706
0.16407418 0.11225909 0.12836936
0.16371089 0.113438785 0.12836936
0.16371089 0.11057913 0.12889388
0.12339091 0.17898238 0.101489335
0.12339091 0.1794591 0.100916296
0.12252504 0.1794591 0.101489335
0.12003088 0.18094248 0.101489335
0.12003088 0.18113911 0.10130289
0.11975986 0.18113911 0.101489335
0.11835086 0.18236524 0.101489335
0.11835086 0.18281913 0.10114047
0.11782968 0.18281913 0.101489335
0.12003088 0.18281913 0.099918455
0.1217109 0.17992276 0.101489335
0.12238425 0.18113911 0.09980932
0.1217109 0.18113911 0.10023108
0.12339091 0.18049628 0.09980932
0.1284309 0.17576545 0.101489335
0.1284309 0.17609912 0.10113242
0.12790436 0.17609912 0.101489335
0.13011092 0.17478544 0.101489335
0.13011092 0.17609912 0.10010055
0.13683087 0.17061567 0.101489335
0.13683087 0.17105913 0.10122624
0.13628823 0.17105913 0.101489335
0.1217109 0.18159217 0.09980932
0.13179088 0.17387354 0.101489335
0.13179088 0.1744191 0.10099426
0.13079971 0.1744191 0.101489335
0.1334709 0.17296344 0.101489335
0.1334709 0.1744191 0.100319654
0.13067698 0.17609912 0.09980932
0.13515091 0.1719709 0.101489335
0.13515091 0.17273915 0.10103759
0.13391823 0.17273915 0.101489335
0.13683087 0.17273915 0.100354105
0.1334709 0.17498124 0.09980932
0.13179088 0.17560911 0.09980932
0.13515091 0.1744191 0.099876136
0.13515091 0.17450982 0.09980932
0.1354726 0.1744191 0.09980932
0.12675089 0.17681158 0.101489335
0.12675089 0.17777914 0.10038164
0.12525648 0.17777914 0.101489335
0.12507087 0.17790473 0.101489335
0.12675089 0.17831689 0.09980932
0.1276061 0.17777914 0.09980932
0.1284309 0.17729425 0.09980932
0.1249702 0.1794591 0.09980932
0.12507087 0.1793958 0.09980932
0.13011092 0.17636812 0.09980932
0.17547089 0.11281884 0.11996934
0.17470342 0.11393911 0.11996934
0.1099509 0.1676991 0.121022195
0.1099509 0.16916007 0.11996934
0.1334709 0.12737912 0.13066491
0.13179088 0.12737912 0.13146964
0.13179088 0.12715179 0.13172933
0.1334709 0.12663746 0.13172933
0.13011092 0.128407 0.13172933
0.13140696 0.12737912 0.13172933
0.13539171 0.1256991 0.13172933
0.13477904 0.12737912 0.13004932
0.13515091 0.12585711 0.13172933
0.13515091 0.12723464 0.13004932
0.13179088 0.12889141 0.13004932
0.1334709 0.12795687 0.13004932
0.11835086 0.13569063 0.13172933
0.12003088 0.13410056 0.13172933
0.1217109 0.13267046 0.13172933
0.1217109 0.13409913 0.1306682
0.12003243 0.13409913 0.13172933
0.12209362 0.13241911 0.13172933
0.1217109 0.13503122 0.13004932
0.12304312 0.13409913 0.13004932
0.09315091 0.15257913 0.13842967
0.09651089 0.15089911 0.13836703
0.09483087 0.15257913 0.1381655
0.09315091 0.15425915 0.13758942
0.0914709 0.15425915 0.13798729
0.09651089 0.15257913 0.13792118
0.09483087 0.15425915 0.13751271
0.09651089 0.15425915 0.13731137
0.09315091 0.15589923 0.13676932
0.09651089 0.15508825 0.13676932
0.09483087 0.1555373 0.13676932
0.10323089 0.1441791 0.13807651
0.10155088 0.14585912 0.13812843
0.10323089 0.14585912 0.13737383
0.09987092 0.1492191 0.13771138
0.0981909 0.1492191 0.13832572
0.09987092 0.14753914 0.13827935
0.10155088 0.14753914 0.13756296
0.10155088 0.1492191 0.1369423
0.1031459 0.14753914 0.13676932
0.10187334 0.1492191 0.13676932
0.10323089 0.14742297 0.13676932
0.10637015 0.1441791 0.13676932
0.10659087 0.14397669 0.13676932
0.10491091 0.1441791 0.13737985
0.104543924 0.14585912 0.13676932
0.10491091 0.14551407 0.13676932
0.0981909 0.15089911 0.13807788
0.09945631 0.15257913 0.13676932
0.0981909 0.15257913 0.13760766
0.09987092 0.15197337 0.13676932
0.09987092 0.15089911 0.1372374
0.10059738 0.15089911 0.13676932
0.10155088 0.1496157 0.13676932
0.097733915 0.15425915 0.13676932
0.0981909 0.1538688 0.13676932
0.13011092 0.11561912 0.14378491
0.1284309 0.11561912 0.14460471
0.13683087 0.11057913 0.14475152
0.13515091 0.11225909 0.14479354
0.13179088 0.11393911 0.1446012
0.1334709 0.11393911 0.1438503
0.13088185 0.11561912 0.14348933
0.13676071 0.11225909 0.14348933
0.1334709 0.11438632 0.14348933
0.13179088 0.11524367 0.14348933
0.13422477 0.11393911 0.14348933
0.13515091 0.11340886 0.14348933
0.15027088 0.09377909 0.14437869
0.15027088 0.0954591 0.14378414
0.1217109 0.16396672 0.116609365
0.1217109 0.16433913 0.11639175
0.12136489 0.16433913 0.116609365
0.12003088 0.16571897 0.116609365
0.12003088 0.16601914 0.11642459
0.11975503 0.16601914 0.116609365
0.12339091 0.16433913 0.11539927
0.11667091 0.16918206 0.116609365
0.12251818 0.16601914 0.11492935
0.12339091 0.16524595 0.11492935
0.11835086 0.16756552 0.116609365
0.11835086 0.1676991 0.11649111
0.11824834 0.1676991 0.116609365
0.1217109 0.16601914 0.115380436
0.11835086 0.16932845 0.11492935
0.12003088 0.1676991 0.11510536
0.12025899 0.1676991 0.11492935
0.12003088 0.16789335 0.11492935
0.1217109 0.16654378 0.11492935
0.12675089 0.15761912 0.115941316
0.12570769 0.15761912 0.116609365
0.1284309 0.15761912 0.11493817
0.12844676 0.15761912 0.11492935
0.12507087 0.15864968 0.116609365
0.12675089 0.15929914 0.11532429
0.12507087 0.15929914 0.116348535
0.12465459 0.15929914 0.116609365
0.12507087 0.16097909 0.11573526
0.12364477 0.16097909 0.116609365
0.12675089 0.160721 0.11492935
0.12661117 0.16097909 0.11492935
0.12735039 0.15929914 0.11492935
0.1284309 0.15764225 0.11492935
0.12518942 0.16265911 0.11492935
0.12507087 0.16265911 0.11500338
0.124079704 0.16433913 0.11492935
0.12507087 0.16282153 0.11492935
0.13851088 0.14585912 0.115558594
0.1401909 0.14294416 0.116609365
0.1401909 0.1441791 0.11595073
0.13855219 0.1441791 0.116609365
0.13851088 0.14420795 0.116609365
0.14187092 0.14249909 0.116425246
0.14355087 0.14249909 0.11585048
0.14355087 0.1441791 0.1150876
0.1411435 0.14249909 0.116609365
0.14187092 0.1441791 0.115560144
0.14143592 0.14585912 0.11492935
0.14187092 0.14562827 0.11492935
0.1401909 0.14585912 0.11518821
0.13840812 0.14753914 0.11492935
0.13851088 0.14746803 0.11492935
0.14355087 0.14453208 0.11492935
0.14397323 0.1441791 0.11492935
0.14523089 0.14249909 0.11503741
0.14523089 0.142784 0.11492935
0.1401909 0.14655238 0.11492935
0.12003088 0.14651638 0.12500933
0.12003088 0.14753914 0.1245155
0.11935812 0.14753914 0.12500933
0.11835086 0.14903992 0.12500933
0.12003088 0.1492191 0.12361613
0.11835086 0.1492191 0.12491974
0.12048906 0.14585912 0.12500933
0.1217109 0.14585912 0.12414947
0.1217109 0.14735824 0.12332931
0.12158412 0.14753914 0.12332931
0.12040079 0.1492191 0.12332931
0.122954786 0.14585912 0.12332931
0.11571407 0.15425915 0.12500933
0.11667091 0.15425915 0.1242232
0.11667091 0.1559391 0.12368724
0.11835086 0.15089911 0.12420866
0.11667091 0.15257913 0.124779254
0.11636281 0.15257913 0.12500933
0.11835086 0.15257913 0.12366536
0.11886674 0.15257913 0.12332931
0.11948925 0.15089911 0.12332931
0.12003088 0.14982158 0.12332931
0.11811036 0.15425915 0.12332931
0.11719781 0.1559391 0.12332931
0.11835086 0.15375757 0.12332931
0.12423515 0.1441791 0.12332931
0.12507087 0.14300615 0.12332931
0.11499089 0.15761912 0.12426391
0.11331087 0.15929914 0.12425795
0.11667091 0.15688837 0.12332931
0.12339091 0.1441791 0.123937875
0.12339091 0.14531231 0.12332931
0.11628264 0.15761912 0.12332931
0.115211785 0.15929914 0.12332931
0.11499089 0.15929914 0.1234788
0.11163092 0.16097909 0.12457666
0.11163092 0.16265911 0.12383285
0.11331087 0.16097909 0.12357023
0.11331087 0.1614939 0.12332931
0.11242068 0.16265911 0.12332931
0.11374223 0.16097909 0.12332931
0.11499089 0.15958935 0.12332931
0.11090964 0.16433913 0.12332931
0.1099509 0.16433913 0.12390295
0.11163092 0.16361749 0.12332931
0.11331087 0.1492191 0.12844774
0.11340934 0.1492191 0.12836936
0.11331087 0.14946926 0.12836936
0.1099509 0.15425915 0.12953421
0.11161274 0.15425915 0.12836936
0.11082286 0.1559391 0.12836936
0.11163092 0.15257913 0.12914875
0.112374365 0.15257913 0.12836936
0.11163092 0.15422791 0.12836936
0.110544026 0.15257913 0.13004932
0.1099509 0.14538431 0.13340935
0.1099509 0.14585912 0.13296363
0.10944915 0.14585912 0.13340935
0.1334709 0.1217885 0.13676932
0.13515091 0.12065911 0.13670906
0.13515091 0.12233913 0.13509145
0.1334709 0.12233913 0.13631245
0.13515383 0.12233913 0.13508937
0.1350615 0.12065911 0.13676932
0.13515091 0.120604694 0.13676932
0.13266337 0.12233913 0.13676932
0.13011092 0.123476624 0.13676932
0.13011092 0.12401909 0.13630936
0.12844521 0.12401909 0.13676932
0.12507087 0.12553662 0.13676932
0.12675089 0.124620855 0.13676932
0.12675089 0.1256991 0.1358299
0.1284309 0.1256991 0.1353608
0.1284309 0.124023676 0.13676932
0.12507087 0.1256991 0.13663039
0.12480879 0.1256991 0.13676932
0.12507087 0.12737912 0.13512227
0.12339091 0.12737912 0.13597259
0.12339091 0.1265642 0.13676932
0.12512994 0.12737912 0.13508937
0.12675089 0.12652338 0.13508937
0.13011092 0.12550801 0.13508937
0.12951893 0.1256991 0.13508937
0.12507087 0.12741 0.13508937
0.1284309 0.1260004 0.13508937
0.12339091 0.12815136 0.13508937
0.1334709 0.12381536 0.13508937
0.13314986 0.12401909 0.13508937
0.13179088 0.12401909 0.13571545
0.13179088 0.12473035 0.13508937
0.13179088 0.12283343 0.13676932
0.11667091 0.1307559 0.13676932
0.11499089 0.13241911 0.13652906
0.11499089 0.13216203 0.13676932
0.11467725 0.13241911 0.13676932
0.11331087 0.13356787 0.13676932
0.11331087 0.13409913 0.1363478
0.112748146 0.13409913 0.13676932
0.11667091 0.13241911 0.1352376
0.13515091 0.12234157 0.13508937
0.11502606 0.13409913 0.13508937
0.11667091 0.1325857 0.13508937
0.11499089 0.13409913 0.13511619
0.11163092 0.1354202 0.13676932
0.11331087 0.13577914 0.13524464
0.11163092 0.13577914 0.13654801
0.11136323 0.13577914 0.13676932
0.11499089 0.1341359 0.13508937
0.11835086 0.12987047 0.13676932
0.11938709 0.1307391 0.13508937
0.11835086 0.1307391 0.1358231
0.116696954 0.1307391 0.13676932
0.11352384 0.13577914 0.13508937
0.1169042 0.13241911 0.13508937
0.11835086 0.13150793 0.13508937
0.11972684 0.12905914 0.13676932
0.12003088 0.1302672 0.13508937
0.12003088 0.12905914 0.136529
0.11331087 0.13610888 0.13508937
0.11246061 0.1374591 0.13508937
0.11163092 0.1374591 0.1356788
0.12165773 0.12905914 0.13508937
0.11012387 0.1374591 0.13676932
0.11115706 0.13913912 0.13508937
0.11018103 0.14081913 0.13508937
0.11163092 0.13852859 0.13508937
0.1792543 0.11729914 0.11492935
0.18035108 0.11561912 0.11492935
0.18051088 0.11561912 0.11477944
0.18051088 0.11729914 0.11373219
0.18116552 0.11729914 0.11324933
0.17883092 0.11780608 0.11492935
0.18051088 0.11785549 0.11324933
0.17883092 0.1189791 0.11396763
0.17774475 0.1189791 0.11492935
0.17953598 0.1189791 0.11324933
0.1771509 0.12065911 0.11431572
0.17838365 0.12065911 0.11324933
0.17724288 0.12233913 0.11324933
0.17883092 0.11999291 0.11324933
0.1771509 0.12233913 0.113328606
0.1771509 0.12245214 0.11324933
0.1771509 0.11968112 0.11492935
0.16891992 0.12905914 0.11492935
0.1704309 0.12905914 0.11361286
0.16875088 0.1307391 0.11367056
0.16875088 0.12921846 0.11492935
0.1704309 0.12945545 0.11324933
0.16922462 0.1307391 0.11324933
0.16707093 0.13241911 0.11368212
0.16539091 0.13241911 0.11481401
0.16539091 0.13225865 0.11492935
0.16519052 0.13241911 0.11492935
0.16712362 0.1307391 0.11492935
0.16707093 0.1307894 0.11492935
0.16371089 0.13347256 0.11492935
0.16539091 0.13409913 0.11363998
0.16371089 0.13409913 0.11446002
0.16875088 0.13124949 0.11324933
0.16761029 0.13241911 0.11324933
0.16412258 0.13577914 0.11324933
0.16371089 0.13577914 0.11338517
0.16539091 0.13481778 0.11324933
0.16707093 0.13302088 0.11324933
0.16602415 0.13409913 0.11324933
0.11621708 0.17273915 0.11324933
0.11499089 0.17273915 0.11398551
0.11667091 0.17105913 0.114563555
0.11667091 0.17245233 0.11324933
0.16371089 0.13604891 0.11324933
0.17079777 0.12905914 0.11324933
0.11163092 0.1744191 0.114264876
0.11163092 0.17534316 0.11324933
0.11331087 0.17440826 0.11324933
0.11329037 0.1744191 0.11324933
0.11835086 0.17105913 0.11345258
0.11499089 0.17353451 0.11324933
0.11835086 0.16937912 0.11488679
0.11863136 0.17105913 0.11324933
0.11835086 0.17127353 0.11324933
0.12003088 0.16937912 0.11363456
0.12050599 0.16937912 0.11324933
0.12003088 0.16984308 0.11324933
0.14187092 0.1256991 0.12857804
0.14187092 0.1259448 0.12836936
0.1401909 0.12665999 0.12836936
0.1401909 0.1256991 0.12923172
0.14523089 0.12401909 0.12871048
0.14355087 0.12401909 0.12930658
0.14247358 0.1256991 0.12836936
0.14355087 0.12524605 0.12836936
0.14523089 0.12233913 0.13000926
0.1469109 0.12233913 0.12943855
0.14619207 0.12401909 0.12836936
0.14523089 0.124449074 0.12836936
0.1469109 0.12374443 0.12836936
0.15531087 0.11682582 0.13004932
0.15531087 0.11729914 0.12978086
0.15459657 0.11729914 0.13004932
0.15363091 0.11794406 0.13004932
0.15363091 0.1189791 0.12937477
0.15220392 0.1189791 0.13004932
0.15699089 0.11588466 0.13004932
0.15699089 0.11729914 0.12920454
0.14859092 0.12233913 0.12899527
0.14859092 0.123367965 0.12836936
0.15027088 0.12233913 0.12861887
0.15027088 0.12292838 0.12836936
0.15622449 0.1189791 0.12836936
0.15531087 0.1189791 0.12875906
0.1519509 0.1191383 0.13004932
0.1519509 0.12065911 0.12895665
0.15027088 0.12065911 0.12954709
0.15699089 0.11854267 0.12836936
0.15100962 0.12233913 0.12836936
0.1519509 0.12168926 0.12836936
0.15349948 0.12065911 0.12836936
0.15363091 0.12057549 0.12836936
0.1586709 0.11561912 0.1295217
0.1586709 0.11729914 0.12860963
0.15952402 0.11729914 0.12836936
0.16035092 0.11561912 0.12883762
0.16035092 0.116748035 0.12836936
0.15531087 0.11953986 0.12836936
0.16182506 0.11561912 0.12836936
0.11499089 0.14298838 0.13004932
0.11499089 0.1441791 0.12957874
0.11429709 0.1441791 0.13004932
0.11331087 0.14565712 0.13004932
0.11331087 0.14585912 0.12995544
0.11316842 0.14585912 0.13004932
0.1586709 0.11774933 0.12836936
0.11499089 0.14585912 0.12880841
0.11667091 0.1441791 0.12842771
0.11667091 0.14429563 0.12836936
0.115600884 0.14585912 0.12836936
0.11667091 0.14249909 0.12925586
0.11163092 0.14849085 0.13004932
0.11331087 0.14753914 0.12918583
0.11163092 0.1492191 0.1298202
0.11443752 0.14753914 0.12836936
0.11499089 0.1467331 0.12836936
0.112117946 0.14753914 0.13004932
0.11134678 0.1492191 0.13004932
0.11675233 0.1441791 0.12836936
0.11163092 0.15089911 0.12961087
0.1128661 0.15089911 0.12836936
0.11108804 0.15089911 0.13004932
0.13767064 0.18113911 0.091409355
0.13851088 0.18063289 0.091409355
0.15027088 0.16893327 0.09476933
0.14915055 0.16937912 0.09476933
0.15363091 0.16762084 0.09476933
0.15363091 0.1676991 0.0946953
0.15346003 0.1676991 0.09476933
0.1519509 0.16834617 0.09476933
0.15531087 0.16662109 0.09476933
0.1284309 0.1806646 0.096449345
0.1284309 0.18113911 0.09603575
0.12761623 0.18113911 0.096449345
0.1284309 0.18274581 0.09476933
0.12830484 0.18281913 0.09476933
0.12675089 0.18281913 0.09555271
0.13011092 0.18113911 0.09535357
0.13011092 0.18189645 0.09476933
0.13011092 0.17978895 0.096449345
0.12675089 0.18171418 0.096449345
0.13515091 0.17764115 0.096449345
0.13683087 0.17689157 0.096449345
0.13683087 0.17777914 0.09490177
0.13515091 0.17777914 0.09624025
0.1334709 0.17820853 0.096449345
0.134731 0.17777914 0.096449345
0.13417375 0.1794591 0.09476933
0.1334709 0.1794591 0.09517577
0.13179088 0.1794591 0.09600076
0.13179088 0.17895424 0.096449345
0.13075143 0.1794591 0.096449345
0.13142139 0.18113911 0.09476933
0.13179088 0.18092746 0.09476933
0.13515091 0.17888546 0.09476933
0.13683087 0.17787963 0.09476933
0.1217109 0.18547285 0.096449345
0.1217109 0.1861791 0.09591094
0.120848 0.1861791 0.096449345
0.12339091 0.18409234 0.096449345
0.12339091 0.18449914 0.09612295
0.1228683 0.18449914 0.096449345
0.12339091 0.1861791 0.09483823
0.1334709 0.17989647 0.09476933
0.12003088 0.18684494 0.096449345
0.12003088 0.18785912 0.09565893
0.12339091 0.18625271 0.09476933
0.1217109 0.18756694 0.09476933
0.12136167 0.18785912 0.09476933
0.12521964 0.18281913 0.096449345
0.125539 0.18449914 0.09476933
0.12507087 0.18449914 0.09506932
0.12507087 0.18292296 0.096449345
0.12675089 0.18370551 0.09476933
0.12347895 0.1861791 0.09476933
0.12507087 0.18482792 0.09476933
0.1401909 0.11561912 0.13835898
0.13851088 0.11729914 0.13801286
0.13851088 0.116925955 0.13844934
0.13683087 0.11799157 0.13844934
0.13683087 0.1189791 0.13738897
0.1401909 0.11729914 0.13677093
0.13791263 0.11729914 0.13844934
0.14187092 0.11561912 0.13708308
0.16875088 0.14873064 0.09980932
0.16875088 0.1492191 0.09928313
0.16817582 0.1492191 0.09980932
0.1704309 0.14752775 0.09980932
0.1704309 0.14753914 0.099797934
0.17041475 0.14753914 0.09980932
0.17379087 0.14396471 0.09980932
0.17379087 0.1441791 0.09956756
0.17362958 0.1441791 0.09980932
0.17245328 0.14585912 0.09980932
0.17211092 0.14633113 0.09980932
0.17500657 0.14249909 0.09980932
0.16539091 0.15206921 0.09980932
0.16539091 0.15257913 0.098998934
0.16467255 0.15257913 0.09980932
0.16707093 0.15039378 0.09980932
0.16707093 0.15089911 0.099190444
0.16665226 0.15089911 0.09980932
0.16875088 0.15014684 0.09812936
0.16783547 0.15089911 0.09812936
0.16600293 0.15257913 0.09812936
0.16707093 0.15158445 0.09812936
0.16539091 0.15324056 0.09812936
0.16450411 0.15425915 0.09812936
0.16875088 0.14249909 0.10559949
0.1704309 0.13913912 0.10650495
0.1704309 0.14124453 0.10484937
0.16950762 0.14249909 0.10484937
0.1704309 0.14081913 0.10517874
0.17379087 0.13668597 0.10484937
0.17334735 0.1374591 0.10484937
0.17211092 0.1374591 0.106018394
0.17211092 0.13913912 0.10489264
0.17379087 0.13577914 0.10539952
0.17076564 0.14081913 0.10484937
0.17211092 0.13919836 0.10484937
0.17431903 0.13577914 0.10484937
0.17216176 0.13913912 0.10484937
0.17883092 0.12905914 0.10636732
0.17883092 0.13070351 0.10484937
0.1787886 0.1307391 0.10484937
0.18051088 0.12905914 0.10510597
0.18051088 0.12935102 0.10484937
0.1771509 0.1307391 0.10612121
0.16707093 0.1441791 0.105980426
0.16539091 0.14585912 0.10593864
0.16707093 0.14585912 0.10503432
0.18086398 0.12905914 0.10484937
0.1771509 0.13224834 0.10484937
0.16839987 0.1441791 0.10484937
0.16729027 0.14585912 0.10484937
0.16875088 0.14365911 0.10484937
0.16512954 0.14753914 0.10484937
0.16707093 0.14611864 0.10484937
0.16539091 0.14730054 0.10484937
0.18387091 0.12065911 0.1078116
0.18723089 0.11729914 0.10705522
0.18555087 0.1189791 0.10761115
0.18387091 0.12233913 0.10673192
0.1821909 0.12233913 0.10808119
0.18792653 0.11729914 0.106529325
0.18723089 0.11842215 0.106529325
0.18689883 0.1189791 0.106529325
0.18414223 0.12233913 0.106529325
0.18555087 0.12065911 0.10659978
0.18555087 0.12076831 0.106529325
0.18564999 0.12065911 0.106529325
0.1821909 0.12401909 0.10719171
0.18387091 0.12267935 0.106529325
0.18295807 0.12401909 0.106529325
0.1821909 0.125314 0.106529325
0.18051088 0.1256991 0.10777339
0.17883092 0.12737912 0.1078935
0.18051088 0.12737912 0.10656497
0.18195325 0.1256991 0.106529325
0.18051088 0.1274209 0.106529325
0.17883092 0.12888789 0.106529325
0.18055588 0.12737912 0.106529325
0.17668062 0.1307391 0.106529325
0.17547089 0.1307391 0.107647866
0.17379087 0.13241911 0.10778788
0.17379087 0.13409913 0.106583744
0.17547089 0.13199067 0.106529325
0.17509514 0.13241911 0.106529325
0.17384392 0.13409913 0.106529325
0.17379087 0.1341762 0.106529325
0.1217109 0.1492191 0.122403234
0.12339091 0.14585912 0.12305513
0.12339091 0.14753914 0.12216231
0.1226781 0.1492191 0.121649355
0.12339091 0.14834017 0.121649355
0.1217109 0.14753914 0.123233825
0.12003088 0.15089911 0.12290004
0.12003088 0.15257913 0.12244895
0.1217109 0.15068603 0.121649355
0.12157631 0.15089911 0.121649355
0.12003088 0.15425915 0.12195131
0.11835086 0.15425915 0.123179644
0.120839894 0.15257913 0.121649355
0.12036735 0.15425915 0.121649355
0.12003088 0.15507919 0.121649355
0.11835086 0.1559391 0.12259188
0.119616985 0.1559391 0.121649355
0.12507087 0.14585912 0.12207255
0.12567711 0.14585912 0.121649355
0.12507087 0.1441791 0.12280771
0.12675089 0.14439589 0.121649355
0.12675089 0.14249909 0.12250522
0.12675089 0.1441791 0.12176278
0.1284309 0.14249909 0.12166628
0.12846649 0.14249909 0.121649355
0.1284309 0.1425277 0.121649355
0.12692106 0.1441791 0.121649355
0.12423593 0.14753914 0.121649355
0.12507087 0.14664608 0.121649355
0.11667091 0.15929914 0.12219444
0.11667091 0.15761912 0.12301794
0.11331087 0.16265911 0.12277481
0.11499089 0.16097909 0.12254217
0.11499089 0.16265911 0.121668726
0.11667091 0.16030246 0.121649355
0.11617881 0.16097909 0.121649355
0.118567705 0.15761912 0.121649355
0.11735618 0.15929914 0.121649355
0.11835086 0.15789545 0.121649355
0.11835086 0.15761912 0.1217936
0.11501813 0.16265911 0.121649355
0.11331087 0.16433913 0.121973425
0.11163092 0.16433913 0.12290552
0.11331087 0.16491675 0.121649355
0.11163092 0.16585898 0.121649355
0.11499089 0.16270071 0.121649355
0.11386955 0.16433913 0.121649355
0.11133522 0.16601914 0.121649355
0.12507087 0.116826355 0.14516935
0.12397772 0.11729914 0.14516935
0.12675089 0.11601788 0.14516935
0.1099509 0.1256991 0.1453462
0.110299826 0.1256991 0.14516935
0.1099509 0.12600762 0.14516935
0.12339091 0.11729914 0.14542404
0.12339091 0.11755729 0.14516935
0.1099509 0.11729914 0.15106377
0.1401909 0.17273915 0.097436756
0.14187092 0.17105913 0.09795275
0.14355087 0.17105913 0.09694478
0.14355087 0.17167783 0.096449345
0.14195079 0.17273915 0.096449345
0.14187092 0.17273915 0.09649286
0.13851088 0.1744191 0.09793642
0.13683087 0.17609912 0.09794226
0.13788801 0.17609912 0.096449345
0.1401909 0.1737976 0.096449345
0.13952583 0.1744191 0.096449345
0.14523089 0.16937912 0.09739354
0.14431089 0.17105913 0.096449345
0.14187092 0.17278457 0.096449345
0.13851088 0.17548162 0.096449345
0.14523089 0.17037278 0.096449345
0.14675695 0.16937912 0.096449345
0.15027088 0.10889912 0.13814774
0.14355087 0.11393911 0.13731268
0.14859092 0.11057913 0.13730338
0.1469109 0.11057913 0.13815889
0.1469109 0.11225909 0.13677874
0.14523089 0.11225909 0.13794771
0.15363091 0.10217911 0.13749596
0.15363091 0.10385913 0.13680628
0.1519509 0.10553914 0.13794205
0.1519509 0.1072191 0.13743028
0.078030884 0.15089911 0.14313301
0.0797109 0.15089911 0.1426889
0.0797109 0.15257913 0.14183494
0.07467091 0.15425915 0.14182559
0.07471746 0.15425915 0.14180931
0.07467091 0.15428072 0.14180931
0.07981634 0.15257913 0.14180931
0.08139092 0.15196401 0.14180931
0.08139092 0.15089911 0.14246956
0.078030884 0.15257913 0.14212683
0.0797109 0.15261936 0.14180931
0.078030884 0.15303457 0.14180931
0.07635087 0.15365386 0.14180931
0.07635087 0.15257913 0.1426383
0.11667091 0.11393911 0.15133944
0.11499089 0.11561912 0.15093401
0.11331087 0.11561912 0.1513407
0.11499089 0.11393911 0.15178308
0.11163092 0.11561912 0.1516144
0.1103552 0.11561912 0.15188935
0.12003088 0.11225909 0.1511738
0.1217109 0.11057913 0.15173182
0.11835086 0.11225909 0.15180758
0.11667091 0.11561912 0.15039048
0.122362375 0.11225909 0.15020934
0.12339091 0.11057913 0.15113142
0.1217109 0.11225909 0.15049556
0.12339091 0.111685336 0.15020934
0.11701143 0.11561912 0.15020934
0.11835086 0.11458349 0.15020934
0.11835086 0.11393911 0.1506888
0.11957008 0.11393911 0.15020934
0.12003088 0.113658905 0.15020934
0.12675089 0.10889912 0.15085658
0.12507087 0.10889912 0.15173039
0.1217109 0.11261088 0.15020934
0.1284309 0.1072191 0.15159187
0.1284309 0.108860314 0.15020934
0.1283384 0.10889912 0.15020934
0.13011092 0.1072191 0.15097192
0.13515091 0.10385913 0.15065691
0.1334709 0.10385913 0.15181026
0.13515091 0.10217911 0.15186265
0.1334709 0.10553914 0.15069023
0.13179088 0.10553914 0.15152314
0.13011092 0.10823995 0.15020934
0.13579977 0.10385913 0.15020934
0.13515091 0.10457307 0.15020934
0.13422245 0.10553914 0.15020934
0.13179088 0.1072191 0.15023312
0.13179088 0.10725057 0.15020934
0.1334709 0.10612577 0.15020934
0.13183582 0.1072191 0.15020934
0.12675089 0.10967374 0.15020934
0.12535107 0.11057913 0.15020934
0.12507087 0.11057913 0.1503804
0.14187092 0.09516758 0.15188935
0.1433717 0.09377909 0.15188935
0.14355087 0.09362972 0.15188935
0.14355087 0.09377909 0.15180203
0.12507087 0.1107505 0.15020934
0.14485693 0.09209913 0.15188935
0.14443886 0.09041911 0.15188935
0.14523089 0.09041911 0.15128097
0.1469109 0.09209913 0.15045944
0.14523089 0.09209913 0.1516721
0.1469109 0.091104746 0.15020934
0.14646989 0.09377909 0.15020934
0.14523089 0.09377909 0.15102127
0.1469109 0.09325528 0.15020934
0.14717162 0.09209913 0.15020934
0.14647949 0.09041911 0.15020934
0.14523089 0.094597936 0.15020934
0.1284309 0.19103932 0.086369365
0.1284309 0.19121909 0.08619532
0.12822336 0.19121909 0.086369365
0.11667091 0.18374753 0.101489335
0.11667091 0.18449914 0.100863725
0.115582585 0.18449914 0.101489335
0.11835086 0.18449914 0.09988883
0.13851088 0.17105913 0.100168556
0.16371089 0.15008342 0.10316935
0.16371089 0.15089911 0.102276
0.16256332 0.15089911 0.10316935
0.16035092 0.15425915 0.1015431
0.1586709 0.15425915 0.10271856
0.1586709 0.1537903 0.10316935
0.16035092 0.15260643 0.10316935
0.15783715 0.15425915 0.10316935
0.16203088 0.15129793 0.10316935
0.16203088 0.15257913 0.101872176
0.16038692 0.15257913 0.10316935
0.1469109 0.16059339 0.10316935
0.1469109 0.16097909 0.102885455
0.14623785 0.16097909 0.10316935
0.14523089 0.16265911 0.10248861
0.14355087 0.16265911 0.10316381
0.14355087 0.16265088 0.10316935
0.14353383 0.16265911 0.10316935
0.15027088 0.15900362 0.10316935
0.15027088 0.15929914 0.10296926
0.14962286 0.15929914 0.10316935
0.14859092 0.15980297 0.10316935
0.14859092 0.16097909 0.102392465
0.15027088 0.16097909 0.10206786
0.1469109 0.16265911 0.1018047
0.14523089 0.16164863 0.10316935
0.1401909 0.16584522 0.10316935
0.1401909 0.16601914 0.103061706
0.14001608 0.16601914 0.10316935
0.14187092 0.16371071 0.10316935
0.14187092 0.16433913 0.10285196
0.14128673 0.16433913 0.10316935
0.14859092 0.16265911 0.101525456
0.14355087 0.16433913 0.10211757
0.14187092 0.16601914 0.10178301
0.13851088 0.1676991 0.10259721
0.1401909 0.1676991 0.101520866
0.13851088 0.16690934 0.10316935
0.13710368 0.1676991 0.10316935
0.15271455 0.15761912 0.10316935
0.15363091 0.15761912 0.10283998
0.15363091 0.15929914 0.10236183
0.15363091 0.15704262 0.10316935
0.15531087 0.15761912 0.10211846
0.1519509 0.15814662 0.10316935
0.1519509 0.15929914 0.10262886
0.1519509 0.16097909 0.10186371
0.15363091 0.16097909 0.10171357
0.11835086 0.16504931 0.11828932
0.11835086 0.16601914 0.11779067
0.117898524 0.16601914 0.11828932
0.12003088 0.16433913 0.117497
0.11667091 0.16851443 0.11828932
0.12003088 0.16311133 0.11828932
0.118866146 0.16433913 0.11828932
0.12042272 0.16265911 0.11828932
0.1217109 0.16265911 0.1173729
0.11749238 0.1676991 0.11828932
0.12339091 0.157341 0.11828932
0.12507087 0.15761912 0.117013246
0.12339091 0.15761912 0.11817399
0.12339091 0.15929914 0.11747995
0.12507087 0.1559391 0.11763427
0.13851088 0.14249909 0.11750212
0.1401909 0.14249909 0.1168696
0.13851088 0.1441791 0.116628736
0.13683087 0.14249909 0.11808947
0.13683087 0.1441791 0.11722037
0.12339091 0.16097909 0.116779834
0.17547089 0.11393911 0.11941734
0.1771509 0.11393911 0.11833307
0.17547089 0.11561912 0.11866233
0.17379087 0.11561912 0.11977169
0.1771509 0.11225909 0.11916056
0.13683087 0.12233913 0.13398728
0.13011092 0.1256991 0.13488266
0.12339091 0.12905914 0.13405296
0.1217109 0.12905914 0.13505015
0.1217109 0.12902254 0.13508937
0.15531087 0.09767473 0.13844934
0.15699089 0.09790635 0.13676932
0.15531087 0.09881914 0.13778695
0.15644503 0.09881914 0.13676932
0.1545611 0.09881914 0.13844934
0.15363091 0.10019392 0.13844934
0.15531087 0.10049909 0.13687375
0.15343285 0.10049909 0.13844934
0.15363091 0.10049909 0.13827196
0.15699089 0.09713912 0.13720176
0.15564263 0.09713912 0.13844934
0.15544331 0.10049909 0.13676932
0.15531087 0.10068923 0.13676932
0.157507 0.09713912 0.13676932
0.16203088 0.11544877 0.12836936
0.16203088 0.11561912 0.12830576
0.16371089 0.11561912 0.12784699
0.16371089 0.11393911 0.12827685
0.16348267 0.11393911 0.12836936
0.16203088 0.11057913 0.12994286
0.16203088 0.11225909 0.12949595
0.16035092 0.11393911 0.1295338
0.16203088 0.11393911 0.12888178
0.09651089 0.13577914 0.1450797
0.09586328 0.13577914 0.14516935
0.08979088 0.14121145 0.14516935
0.08979088 0.14249909 0.14466724
0.08837086 0.14249909 0.14516935
0.09483087 0.1374591 0.1447365
0.09483087 0.13913912 0.14409146
0.09315091 0.13913912 0.14476833
0.09315091 0.13753289 0.14516935
0.093211055 0.1374591 0.14516935
0.09651089 0.1374591 0.14441374
0.09483087 0.13620406 0.14516935
0.09215897 0.13913912 0.14516935
0.09315091 0.14081913 0.14433548
0.090277135 0.14081913 0.14516935
0.0914709 0.1398707 0.14516935
0.0914709 0.14081913 0.14481893
0.096336305 0.13913912 0.14348933
0.09651089 0.13901848 0.14348933
0.09483087 0.14069897 0.14348933
0.09475988 0.14081913 0.14348933
0.09315091 0.14249909 0.14382663
0.0914709 0.14249909 0.1441519
0.09987092 0.13409913 0.14498398
0.09987092 0.13577914 0.1441302
0.0981909 0.13577914 0.14463714
0.10323089 0.1350767 0.14348933
0.10187203 0.13577914 0.14348933
0.1060701 0.13241911 0.14348933
0.10155088 0.13577914 0.14374915
0.10736793 0.1307391 0.14348933
0.10491091 0.13409913 0.1441519
0.10491091 0.13379198 0.14348933
0.10456228 0.13409913 0.14348933
0.10827088 0.12905914 0.1444597
0.10827088 0.12994719 0.14348933
0.10659087 0.13168907 0.14348933
0.0981909 0.1374591 0.14380834
0.09888494 0.1374591 0.14348933
0.0981909 0.13790667 0.14348933
0.09987092 0.13674682 0.14348933
0.10155088 0.135925 0.14348933
0.13851088 0.18281913 0.088716894
0.1889109 0.11888474 0.10484937
0.18884903 0.1189791 0.10484937
0.18723089 0.1189791 0.10625145
0.18723089 0.12065911 0.10538903
0.18723089 0.121546745 0.10484937
0.18555087 0.12233913 0.10549542
0.18387091 0.1256991 0.10486457
0.1821909 0.1256991 0.10632864
0.18387091 0.12401909 0.10575846
0.1879242 0.12065911 0.10484937
0.18648654 0.12233913 0.10484937
0.18269545 0.12737912 0.10484937
0.18387091 0.12572461 0.10484937
0.1821909 0.12737912 0.10528126
0.1821909 0.12791127 0.10484937
0.18388736 0.1256991 0.10484937
0.18498099 0.12401909 0.10484937
0.18555087 0.12331188 0.10484937
0.17547089 0.13241911 0.10616556
0.17547089 0.13409913 0.104881614
0.17698246 0.13241911 0.10484937
0.17550701 0.13409913 0.10484937
0.17547089 0.13414335 0.10484937
0.12603009 0.1374591 0.12668934
0.12675089 0.13696969 0.12668934
0.12507087 0.1374591 0.12714562
0.1284309 0.13590103 0.12668934
0.12507087 0.13807458 0.12668934
0.12369597 0.13913912 0.12668934
0.13851088 0.12744915 0.12836936
0.13865769 0.12737912 0.12836936
0.13916212 0.12905914 0.12668934
0.13851088 0.12905914 0.12694272
0.1401909 0.12737912 0.12772927
0.14355087 0.1256991 0.12801036
0.14355087 0.12726504 0.12668934
0.14326203 0.12737912 0.12668934
0.14187092 0.12737912 0.12716547
0.1401909 0.1286053 0.12668934
0.1469109 0.1256991 0.12687781
0.14523089 0.1256991 0.12739328
0.1469109 0.12401909 0.12815782
0.14187092 0.1279611 0.12668934
0.14811099 0.1256991 0.12668934
0.14859092 0.12401909 0.12794277
0.14859092 0.12561661 0.12668934
0.15027088 0.12401909 0.12784901
0.15699089 0.1189791 0.12806228
0.1469109 0.12594455 0.12668934
0.14523089 0.12658846 0.12668934
0.15027088 0.12528527 0.12668934
0.15531087 0.12065911 0.12760791
0.15363091 0.12065911 0.128319
0.15363091 0.12233913 0.127273
0.1519509 0.12233913 0.12801751
0.16035092 0.11729914 0.12814954
0.15699089 0.12065911 0.12696889
0.15699089 0.12106675 0.12668934
0.15531087 0.12202722 0.12668934
0.15484947 0.12233913 0.12668934
0.16203088 0.11729914 0.12767503
0.16035092 0.1189791 0.12768689
0.1586709 0.1189791 0.12772033
0.1586709 0.12065911 0.12687483
0.16289228 0.1189791 0.12668934
0.16203088 0.1189791 0.12718984
0.16371089 0.11729914 0.12721106
0.16179377 0.12065911 0.12668934
0.16035092 0.12065911 0.12722918
0.16203088 0.120408 0.12668934
0.1586709 0.12087178 0.12668934
0.16035092 0.12117028 0.12668934
0.15244108 0.12401909 0.12668934
0.15363091 0.12315005 0.12668934
0.1519509 0.12401909 0.1269888
0.1519509 0.12436086 0.12668934
0.10827088 0.1189791 0.15040651
0.1284309 0.10141772 0.15692934
0.1284309 0.10217911 0.1564512
0.12773561 0.10217911 0.15692934
0.13011092 0.09973997 0.15692934
0.13011092 0.10049909 0.15634587
0.12930006 0.10049909 0.15692934
0.13263297 0.09713912 0.15692934
0.1334709 0.09713912 0.15644738
0.13179088 0.09881914 0.15636149
0.13179088 0.09795159 0.15692934
0.13102895 0.09881914 0.15692934
0.1334709 0.096401155 0.15692934
0.13515091 0.09713912 0.15562466
0.13515091 0.0954591 0.15676317
0.1334709 0.09881914 0.15530023
0.12339091 0.10553914 0.15564176
0.12675089 0.10385913 0.15647486
0.12507087 0.10385913 0.15668169
0.12675089 0.10315257 0.15692934
0.12507087 0.103547156 0.15692934
0.1284309 0.10385913 0.15564606
0.13851088 0.09041911 0.15605804
0.1374116 0.09041911 0.15692934
0.13851088 0.0887391 0.1566222
0.12675089 0.10217911 0.1575115
0.1284309 0.10049909 0.15755889
0.13011092 0.09881914 0.15764359
0.13179088 0.09546715 0.15860936
0.13179088 0.09713912 0.15748021
0.13033807 0.09713912 0.15860936
0.13011092 0.18953913 0.08682123
0.13179088 0.18785912 0.08779326
0.13179088 0.18910587 0.086369365
0.13088006 0.18953913 0.086369365
0.12339091 0.18785912 0.09315571
0.1217109 0.18785912 0.09452829
0.12675089 0.18449914 0.09403977
0.12507087 0.1861791 0.093501896
0.1284309 0.18449914 0.093164474
0.1284309 0.18281913 0.09471187
0.13011092 0.18281913 0.094019145
0.14190567 0.1744191 0.09476933
0.14355087 0.1744191 0.09384927
0.14187092 0.17443746 0.09476933
0.1401909 0.17541516 0.09476933
0.1401909 0.17609912 0.09407416
0.14355087 0.173576 0.09476933
0.1391831 0.17609912 0.09476933
0.14859092 0.17105913 0.09310874
0.1469109 0.17105913 0.09436068
0.1469109 0.17069477 0.09476933
0.14523089 0.17223352 0.09476933
0.14645737 0.17105913 0.09476933
0.14523089 0.17273915 0.09433183
0.14468795 0.17273915 0.09476933
0.1486221 0.17105913 0.09308931
0.14859092 0.1710791 0.09308931
0.14859092 0.16964 0.09476933
0.13851088 0.17666477 0.09476933
0.13851088 0.17777914 0.09387645
0.13699234 0.17777914 0.09476933
0.1771509 0.1374591 0.10163507
0.17735702 0.1374591 0.101489335
0.1771509 0.13772166 0.101489335
0.1771509 0.13577914 0.10251573
0.17878288 0.13577914 0.101489335
0.17015165 0.1441791 0.10316935
0.1704309 0.1441791 0.10291448
0.1704309 0.14585912 0.10158232
0.16875088 0.14585912 0.10308668
0.16875088 0.14577878 0.10316935
0.16867524 0.14585912 0.10316935
0.1704309 0.14378709 0.10316935
0.19059092 0.12065911 0.101807386
0.1908614 0.12065911 0.101489335
0.19059092 0.1210596 0.101489335
0.19059092 0.1189791 0.103140146
0.16707093 0.14753914 0.10273877
0.16707093 0.1472593 0.10316935
0.16539091 0.14862049 0.10316935
0.16672748 0.14753914 0.10316935
0.16707093 0.1485703 0.101489335
0.16641921 0.1492191 0.101489335
0.16539091 0.1492191 0.10247156
0.16471577 0.1492191 0.10316935
0.17211092 0.14249909 0.102485806
0.17211092 0.14408976 0.101489335
0.1720472 0.1441791 0.101489335
0.16828632 0.14753914 0.101489335
0.1704309 0.14595163 0.101489335
0.16875088 0.14719349 0.101489335
0.16539091 0.15037888 0.101489335
0.16481364 0.15089911 0.101489335
0.1705448 0.14585912 0.101489335
0.17328823 0.14249909 0.101489335
0.1713363 0.14249909 0.10316935
0.14333689 0.1189791 0.13340935
0.14355087 0.1189791 0.13331094
0.14355087 0.12065911 0.13192937
0.14187092 0.11981022 0.13340935
0.14187092 0.12065911 0.13267437
0.1406883 0.12065911 0.13340935
0.13851088 0.12197876 0.13340935
0.1401909 0.121024966 0.13340935
0.1401909 0.12233913 0.1321083
0.13851088 0.12233913 0.13305894
0.13786757 0.12233913 0.13340935
0.14523089 0.11789602 0.13340935
0.14355087 0.118860245 0.13340935
0.1469109 0.11691928 0.13340935
0.1469109 0.11729914 0.1331416
0.14626026 0.11729914 0.13340935
0.14859092 0.11729914 0.13253078
0.14859092 0.11589843 0.13340935
0.1469109 0.1189791 0.13195643
0.14523089 0.1189791 0.13260278
0.15027088 0.11729914 0.13205072
0.13683087 0.12298131 0.13340935
0.13683087 0.12401909 0.1324394
0.15114278 0.11729914 0.13172933
0.1519509 0.11660701 0.13172933
0.11163092 0.14521211 0.13172933
0.11112648 0.14585912 0.13172933
0.11234182 0.1441791 0.13172933
0.11163092 0.1441791 0.1327242
0.11163092 0.14249909 0.13322833
0.11102694 0.1441791 0.13340935
0.111417174 0.14249909 0.13340935
0.1099509 0.14753914 0.13173631
0.10995942 0.14753914 0.13172933
0.1217109 0.12401909 0.14004305
0.1217109 0.1256991 0.1385611
0.12003088 0.1256991 0.13956705
0.12339091 0.12401909 0.13902947
0.11667091 0.12905914 0.14009073
0.12003088 0.1270982 0.13844934
0.11971694 0.12737912 0.13844934
0.11835086 0.12737912 0.13960883
0.12188965 0.1256991 0.13844934
0.12339091 0.124669135 0.13844934
0.1217109 0.12582624 0.13844934
0.11835086 0.12869215 0.13844934
0.11786711 0.12905914 0.13844934
0.12777364 0.12233913 0.13844934
0.12675089 0.12233913 0.13883677
0.13011092 0.12065911 0.13958147
0.1284309 0.12065911 0.13988015
0.12507087 0.12233913 0.13965389
0.13515091 0.1189791 0.13872746
0.1334709 0.1189791 0.13956007
0.13683087 0.11729914 0.13925841
0.13011092 0.12166202 0.13844934
0.1284309 0.12210959 0.13844934
0.13179088 0.12065911 0.13904414
0.13551444 0.1189791 0.13844934
0.13515091 0.11921799 0.13844934
0.1334709 0.120018065 0.13844934
0.13247764 0.12065911 0.13844934
0.13179088 0.12107915 0.13844934
0.12675089 0.12274605 0.13844934
0.124370575 0.12401909 0.13844934
0.12507087 0.12358791 0.13844934
0.114807844 0.1307391 0.13844934
0.11331087 0.1307391 0.13969573
0.11331087 0.1316837 0.13844934
0.11233032 0.13241911 0.13844934
0.11163092 0.13241911 0.13896117
0.110619545 0.13409913 0.13844934
0.1099509 0.13409913 0.138917
0.11667091 0.129754 0.13844934
0.11499089 0.13063818 0.13844934
0.11163092 0.13305998 0.13844934
0.09651089 0.14081913 0.14257154
0.09483087 0.14081913 0.14344898
0.09651089 0.13913912 0.1434159
0.10827088 0.1307391 0.1426988
0.10659087 0.13241911 0.1425983
0.10323089 0.13577914 0.14251372
0.10827088 0.13177311 0.14180931
0.107408464 0.13241911 0.14180931
0.10979152 0.1307391 0.14180931
0.10491091 0.13409913 0.14257583
0.10403299 0.13577914 0.14180931
0.10659087 0.1330769 0.14180931
0.10547966 0.13409913 0.14180931
0.0981909 0.13913912 0.14264044
0.09987092 0.1374591 0.14303234
0.10491091 0.1347211 0.14180931
0.10323089 0.1366657 0.14180931
0.102363765 0.1374591 0.14180931
0.10155088 0.1374591 0.1422557
0.09987092 0.13913912 0.14185122
0.0981909 0.14065146 0.14180931
0.09802014 0.14081913 0.14180931
0.10155088 0.13810301 0.14180931
0.09996641 0.13913912 0.14180931
0.09987092 0.13920552 0.14180931
0.1099509 0.12401909 0.14628568
0.10827088 0.12401909 0.14682701
0.10659087 0.1256991 0.1465737
0.10659087 0.12737912 0.14635417
0.10827088 0.1256991 0.14604494
0.10827088 0.12788147 0.14516935
0.108600914 0.12737912 0.14516935
0.10827088 0.12737912 0.14538321
0.09315091 0.13408422 0.14684936
0.09315091 0.13409913 0.146849
0.09314984 0.13409913 0.14684936
0.09483087 0.13241911 0.14667019
0.09483087 0.13409913 0.14609191
0.09483087 0.13577914 0.14533302
0.09315091 0.13577914 0.14590827
0.088110864 0.14249909 0.1452699
0.088110864 0.14081913 0.14596984
0.08979088 0.14081913 0.14532319
0.0914709 0.1374591 0.1459293
0.0914709 0.13577914 0.1465902
0.09315091 0.1374591 0.14519039
0.08979088 0.13913912 0.14599696
0.0914709 0.13913912 0.14542225
0.09987092 0.1307391 0.14647552
0.0981909 0.1307391 0.1466457
0.10155088 0.1307391 0.14664295
0.14187092 0.09209913 0.15325144
0.14355087 0.0887391 0.15259877
0.14355087 0.09041911 0.15248862
0.14187092 0.09377909 0.15260991
0.14355087 0.09209913 0.15244159
0.1401909 0.0954591 0.15307423
0.13851088 0.09881914 0.15230426
0.1401909 0.09713912 0.15214393
0.16707093 0.136096 0.111569315
0.16707093 0.1374591 0.11079356
0.16612566 0.1374591 0.111569315
0.16875088 0.13634515 0.10988936
0.16800028 0.1374591 0.10988936
0.16539091 0.13823324 0.111569315
0.16707093 0.13881159 0.10988936
0.16680264 0.13913912 0.10988936
0.16539091 0.13913912 0.11095038
0.16421813 0.13913912 0.111569315
0.16539091 0.14071041 0.10988936
0.16528708 0.14081913 0.10988936
0.16371089 0.14081913 0.11090061
0.16371089 0.13957024 0.111569315
0.11499089 0.17516142 0.111569315
0.116132855 0.1744191 0.111569315
0.11667091 0.17533004 0.10988936
0.11559558 0.17609912 0.10988936
0.11499089 0.17609912 0.110408455
0.11331087 0.17606664 0.111569315
0.11331087 0.17609912 0.111535996
0.11667091 0.1744191 0.111079365
0.16371089 0.14231855 0.10988936
0.12003088 0.17203695 0.111569315
0.121074796 0.17105913 0.111569315
0.12003088 0.17273915 0.11098459
0.1217109 0.17035818 0.111569315
0.12264788 0.16937912 0.111569315
0.12339091 0.16937912 0.11102465
0.12311119 0.17105913 0.10988936
0.1217109 0.17105913 0.11106005
0.11835086 0.1742956 0.10988936
0.11810708 0.1744191 0.10988936
0.12179077 0.17273915 0.10988936
0.1217109 0.17273915 0.10997006
0.11331087 0.17777914 0.11005315
0.11163092 0.17777914 0.110893995
0.1217109 0.17286408 0.10988936
0.12003088 0.17378873 0.10988936
0.11331087 0.17799258 0.10988936
0.11163092 0.17898613 0.10988936
0.11061579 0.1794591 0.10988936
0.1099509 0.1794591 0.1101605
0.11356419 0.17777914 0.10988936
0.11499089 0.17660272 0.10988936
0.11835086 0.11987567 0.14516935
0.11835086 0.12065911 0.1445218
0.11673868 0.12065911 0.14516935
0.12339091 0.1189791 0.14385816
0.1217109 0.1189791 0.14472392
0.1217109 0.118497014 0.14516935
0.120608985 0.1189791 0.14516935
0.11499089 0.121750474 0.14516935
0.11667091 0.12069428 0.14516935
0.11667091 0.12233913 0.14381948
0.11499089 0.12233913 0.14473382
0.11433101 0.12233913 0.14516935
0.12003088 0.12065911 0.14392474
0.12003088 0.121159256 0.14348933
0.11835086 0.121769845 0.14348933
0.117268205 0.12233913 0.14348933
0.12003088 0.11921173 0.14516935
0.11331087 0.12331307 0.14516935
0.11331087 0.12401909 0.14466563
0.1124717 0.12401909 0.14516935
0.12130803 0.12065911 0.14348933
0.12339091 0.119431734 0.14348933
0.1217109 0.120474994 0.14348933
0.11514014 0.12401909 0.14348933
0.11667091 0.12274122 0.14348933
0.11499089 0.12401909 0.14358279
0.11331087 0.1256991 0.1435894
0.11163092 0.1256991 0.1444973
0.11163092 0.12467295 0.14516935
0.1099509 0.12737912 0.14436588
0.11499089 0.12416834 0.14348933
0.113470316 0.1256991 0.14348933
0.12507087 0.11729914 0.14473537
0.11331087 0.12584692 0.14348933
0.11148119 0.12737912 0.14348933
0.11163092 0.12725437 0.14348933
0.12675089 0.11729914 0.14407334
0.12675089 0.118006766 0.14348933
0.12507087 0.11870515 0.14348933
0.12438047 0.1189791 0.14348933
0.12790692 0.11729914 0.14348933
0.13011092 0.1159721 0.14348933
0.1284309 0.116962075 0.14348933
0.13515091 0.09041911 0.15866497
0.13179088 0.0954591 0.15861478
0.1284309 0.1895957 0.08804932
0.13011092 0.1899293 0.086369365
0.12675089 0.19091833 0.08804932
0.12675089 0.19121909 0.087739915
0.12642628 0.19121909 0.08804932
0.10827088 0.17777914 0.11276308
0.10659087 0.1794591 0.112164766
0.10755503 0.1794591 0.111569315
0.10827088 0.17899984 0.111569315
0.10659087 0.18006837 0.111569315
0.16875088 0.10553914 0.1269401
0.16707093 0.10553914 0.12834987
0.169002 0.10553914 0.12668934
0.16875088 0.106530786 0.12668934
0.16707093 0.1072191 0.12786189
0.16855663 0.1072191 0.12668934
0.16795713 0.10889912 0.12668934
0.16707093 0.10889912 0.1273183
0.16539091 0.11057913 0.12795988
0.16723317 0.11057913 0.12668934
0.16707093 0.11057913 0.12681451
0.16707093 0.111017644 0.12668934
0.16539091 0.11393911 0.12749168
0.16539091 0.11225909 0.12765667
0.1667254 0.11225909 0.12668934
0.16653204 0.11393911 0.12668934
0.16539091 0.11561912 0.12745723
0.1519509 0.11729914 0.13137928
0.15363091 0.11729914 0.13045618
0.1519509 0.1189791 0.13018373
0.11331087 0.1441791 0.13078311
0.11163092 0.14753914 0.13041976
0.11163092 0.14585912 0.13123807
0.10827088 0.14718008 0.13340935
0.10827088 0.14753914 0.1331735
0.10798681 0.14753914 0.13340935
0.10323089 0.15514821 0.13340935
0.10323089 0.1559391 0.13302556
0.10254252 0.1559391 0.13340935
0.10659087 0.14967608 0.13340935
0.10659087 0.15089911 0.13299969
0.10599172 0.15089911 0.13340935
0.10659087 0.15257913 0.13247624
0.10517722 0.15257913 0.13340935
0.10827088 0.1492191 0.13236931
0.10827088 0.15089911 0.13182983
0.10682851 0.1492191 0.13340935
0.10491091 0.15302408 0.13340935
0.10491091 0.1559391 0.13213232
0.10401589 0.15425915 0.13340935
0.10491091 0.15425915 0.13288864
0.10659087 0.15425915 0.13193426
0.09648317 0.16097909 0.13340935
0.09651089 0.16097909 0.13340196
0.08643091 0.16414165 0.13340935
0.08643091 0.16433913 0.13333556
0.0856083 0.16433913 0.13340935
0.08475089 0.16466397 0.13340935
0.08475089 0.16601914 0.13280436
0.08643091 0.16601914 0.13274732
0.08653802 0.16433913 0.13340935
0.09315091 0.1624093 0.13340935
0.09315091 0.16265911 0.13331923
0.0926314 0.16265911 0.13340935
0.09651089 0.1609661 0.13340935
0.09483087 0.16265911 0.13299814
0.09483087 0.16172308 0.13340935
0.088110864 0.16601914 0.13302991
0.08979088 0.16601914 0.13312587
0.088110864 0.1643951 0.13340935
0.08979088 0.16470706 0.13340935
0.0914709 0.16601914 0.1328412
0.09315091 0.16433913 0.13290378
0.09315091 0.16601914 0.1324037
0.0914709 0.16433913 0.1332455
0.09483087 0.16433913 0.13238564
0.09483087 0.16601914 0.13181224
0.0914709 0.16348737 0.13340935
0.09036362 0.16433913 0.13340935
0.09987092 0.15895605 0.13340935
0.09987092 0.15929914 0.13316247
0.09938842 0.15929914 0.13340935
0.10155088 0.15726697 0.13340935
0.10155088 0.15761912 0.13324192
0.101291895 0.15761912 0.13340935
0.10323089 0.15761912 0.13226655
0.10155088 0.15929914 0.1323131
0.09987092 0.16097909 0.13195005
0.0981909 0.16097909 0.13277069
0.0981909 0.1600272 0.13340935
0.1284309 0.12233913 0.1382409
0.13011092 0.12233913 0.13776979
0.1334709 0.12065911 0.1377714
0.13179088 0.12233913 0.13720742
0.12507087 0.12401909 0.13806286
0.12675089 0.12401909 0.13730225
0.12339091 0.1256991 0.1375517
0.1284309 0.12401909 0.13677332
0.11499089 0.1307391 0.13831386
0.11667091 0.1307391 0.13679019
0.11163092 0.13409913 0.13768014
0.11331087 0.13241911 0.13776651
0.11835086 0.12905914 0.13799271
0.14859092 0.09881914 0.14374617
0.1469109 0.09922111 0.14516935
0.1469109 0.10049909 0.14416727
0.14585108 0.10049909 0.14516935
0.14523089 0.10161996 0.14516935
0.14523089 0.10217911 0.14490274
0.14490384 0.10217911 0.14516935
0.14355087 0.10400623 0.14516935
0.14355087 0.10553914 0.14419124
0.14199978 0.10553914 0.14516935
0.1401909 0.10711342 0.14516935
0.1401909 0.1072191 0.14509389
0.14006364 0.1072191 0.14516935
0.13851088 0.108522594 0.14516935
0.13851088 0.10889912 0.14490238
0.13804871 0.10889912 0.14516935
0.1401909 0.10889912 0.14390585
0.14187092 0.10565275 0.14516935
0.14187092 0.1072191 0.14409634
0.14523089 0.10385913 0.14410552
0.14369631 0.10385913 0.14516935
0.13851088 0.11057913 0.14358088
0.16371089 0.1559391 0.09774831
0.1469109 0.16929191 0.096449345
0.14859092 0.1676991 0.097255796
0.14988446 0.1676991 0.096449345
0.15027088 0.1675021 0.096449345
0.14859092 0.1683594 0.096449345
0.13731897 0.15425915 0.111569315
0.13683087 0.15257913 0.11286375
0.13851088 0.15331948 0.111569315
0.13851088 0.15257913 0.11205551
0.13683087 0.15425915 0.11185339
0.1395942 0.15257913 0.111569315
0.15076464 0.1441791 0.11324933
0.1519509 0.14585912 0.11189428
0.15027088 0.14585912 0.11227772
0.1519509 0.1441791 0.11294183
0.15315127 0.14585912 0.111569315
0.15363091 0.1441791 0.11259273
0.15363091 0.1456486 0.111569315
0.15531087 0.1441791 0.112038285
0.15363091 0.14308304 0.11324933
0.15531087 0.1426037 0.11324933
0.15552878 0.14249909 0.11324933
0.13683087 0.15465969 0.111569315
0.14355087 0.15029156 0.111569315
0.14355087 0.1492191 0.11227384
0.14523089 0.1492191 0.11169073
0.14523089 0.1494053 0.111569315
0.14552367 0.1492191 0.111569315
0.1519509 0.14359605 0.11324933
0.15027088 0.14438689 0.11324933
0.1519509 0.14631528 0.111569315
0.15699089 0.14388502 0.111569315
0.15699089 0.14249909 0.11265239
0.1586709 0.14249909 0.111973375
0.1586709 0.14309669 0.111569315
0.15980804 0.14249909 0.111569315
0.1771509 0.12401909 0.11203548
0.175848 0.12401909 0.11324933
0.17547089 0.12448013 0.11324933
0.17547089 0.1256991 0.11217281
0.17413396 0.1256991 0.11324933
0.15641022 0.1441791 0.111569315
0.15531087 0.14472747 0.111569315
0.15027088 0.14682633 0.111569315
0.17379087 0.12594974 0.11324933
0.17379087 0.12737912 0.11190441
0.1723215 0.12737912 0.11324933
0.17211092 0.1276052 0.11324933
0.17211092 0.12905914 0.11197612
0.1217109 0.1676991 0.113743454
0.12229544 0.1676991 0.11324933
0.12339091 0.1668399 0.11324933
0.12339091 0.16601914 0.11426929
0.13011092 0.15761912 0.11404845
0.1284309 0.15929914 0.114215225
0.13011092 0.15929914 0.113256544
0.12675089 0.16097909 0.11484417
0.12675089 0.16265911 0.11396065
0.1284309 0.16097909 0.11356774
0.1217109 0.16822332 0.11324933
0.13011092 0.1559391 0.11449972
0.13179088 0.15698493 0.11324933
0.13179088 0.1559391 0.11371425
0.13261902 0.1559391 0.11324933
0.13136 0.15761912 0.11324933
0.13012272 0.15929914 0.11324933
0.13011092 0.15931511 0.11324933
0.12507087 0.16433913 0.114114255
0.12892908 0.16097909 0.11324933
0.12799299 0.16265911 0.11324933
0.1284309 0.16194308 0.11324933
0.12675089 0.16391087 0.11324933
0.12438029 0.16601914 0.11324933
0.14187092 0.14585912 0.11483088
0.14355087 0.14585912 0.114326805
0.13851088 0.14753914 0.11490318
0.1401909 0.14753914 0.11454597
0.12631816 0.16433913 0.11324933
0.12507087 0.16538692 0.11324933
0.14187092 0.14753914 0.11403039
0.14355087 0.14753914 0.11342123
0.14107317 0.1492191 0.11324933
0.14187092 0.14874369 0.11324933
0.1401909 0.1492191 0.113595694
0.14355087 0.14780271 0.11324933
0.14523089 0.1441791 0.114445
0.13851088 0.1492191 0.114102155
0.13683087 0.1492191 0.114550024
0.14523089 0.14585912 0.11373535
0.1469109 0.1441791 0.11386791
0.14859092 0.1441791 0.11362794
0.15027088 0.1441791 0.11337152
0.1469109 0.14576572 0.11324933
0.14859092 0.14498556 0.11324933
0.14677876 0.14585912 0.11324933
0.13683087 0.15089911 0.11366168
0.13851088 0.15062612 0.11324933
0.1401909 0.14974523 0.11324933
0.13801914 0.15089911 0.11324933
0.13683087 0.15177256 0.11324933
0.14402771 0.14753914 0.11324933
0.14523089 0.14679635 0.11324933
0.11163092 0.17105913 0.117732674
0.11331087 0.17105913 0.116886586
0.1099509 0.17273915 0.11720559
0.1334709 0.14147347 0.11996934
0.13515091 0.14032388 0.11996934
0.13515091 0.14081913 0.11961731
0.13440084 0.14081913 0.11996934
0.13683087 0.14081913 0.11903241
0.13683087 0.14212847 0.11828932
0.12339091 0.1492191 0.121010035
0.1217109 0.15089911 0.1215305
0.12339091 0.15089911 0.11997768
0.12003088 0.1559391 0.12131986
0.1217109 0.15425915 0.12047145
0.1217109 0.15257913 0.12081686
0.1217109 0.1559391 0.12001458
0.1284309 0.1441791 0.12077114
0.12675089 0.14585912 0.1208348
0.13011092 0.1441791 0.12001696
0.12507087 0.14753914 0.12105462
0.13011092 0.14249909 0.120911926
0.13179088 0.14249909 0.12008861
0.12003088 0.15761912 0.12068811
0.11835086 0.15929914 0.12094423
0.11667091 0.16097909 0.121305615
0.11667091 0.16265911 0.1205475
0.16203088 0.12401909 0.122784525
0.16035092 0.1256991 0.12232968
0.15699089 0.12737912 0.122602314
0.1586709 0.1256991 0.122959405
0.1586709 0.12737912 0.121780366
0.16203088 0.12322563 0.12332931
0.16075373 0.12401909 0.12332931
0.14187092 0.1319232 0.12332931
0.14355087 0.13112724 0.12332931
0.14355087 0.13241911 0.12236217
0.13851088 0.13364488 0.12332931
0.13851088 0.13409913 0.12290016
0.1371293 0.13409913 0.12332931
0.1401909 0.13287795 0.12332931
0.1401909 0.13409913 0.1224235
0.13683087 0.13577914 0.12208894
0.13851088 0.13577914 0.12175396
0.14187092 0.13241911 0.122967154
0.14100271 0.13241911 0.12332931
0.14187092 0.13409913 0.121863216
0.14523089 0.13063449 0.12332931
0.14523089 0.1307391 0.1232439
0.14481771 0.1307391 0.12332931
0.1469109 0.13022101 0.12332931
0.1469109 0.1307391 0.12294826
0.14523089 0.13241911 0.121961504
0.14859092 0.1307391 0.12262872
0.1469109 0.13241911 0.12168059
0.15027088 0.1307391 0.12261179
0.14859092 0.12976849 0.12332931
0.15027088 0.12964141 0.12332931
0.15363091 0.12905914 0.122846395
0.15363091 0.1307391 0.12169781
0.1519509 0.1307391 0.12237576
0.15531087 0.12905914 0.12206438
0.1519509 0.12929505 0.12332931
0.13851088 0.12935507 0.12668934
0.13683087 0.1307391 0.12618229
0.13851088 0.1307391 0.12553158
0.1401909 0.12905914 0.1263453
0.1401909 0.1307391 0.12510237
0.13851088 0.1314404 0.12500933
0.15027088 0.1256991 0.12628177
0.1519509 0.1256991 0.12556246
0.15699089 0.12233913 0.125837
0.1586709 0.12233913 0.12538251
0.11667091 0.14786404 0.12668934
0.11584681 0.1492191 0.12668934
0.12003088 0.14316821 0.12668934
0.12003088 0.1441791 0.12614861
0.119170725 0.1441791 0.12668934
0.11835086 0.14535004 0.12668934
0.11835086 0.14585912 0.12646368
0.11802429 0.14585912 0.12668934
0.12003088 0.14585912 0.12533394
0.1217109 0.14249909 0.12602517
0.1217109 0.1441791 0.1251801
0.1401909 0.13084579 0.12500933
0.14044112 0.1307391 0.12500933
0.14187092 0.13006026 0.12500933
0.14187092 0.12905914 0.12583098
0.14355087 0.12905914 0.12516138
0.14355087 0.12922817 0.12500933
0.11835086 0.14753914 0.125729
0.11688298 0.14753914 0.12668934
0.121964395 0.1441791 0.12500933
0.1217109 0.14446568 0.12500933
0.11499089 0.15100777 0.12668934
0.11504984 0.15089911 0.12668934
0.11499089 0.15257913 0.12611154
0.11499089 0.15425915 0.12575403
0.114001274 0.15425915 0.12668934
0.1143257 0.15257913 0.12668934
0.19059092 0.11894524 0.10316935
0.19056451 0.1189791 0.10316935
0.18951857 0.12065911 0.10316935
0.1889109 0.12164533 0.10316935
0.1889109 0.12233913 0.102549165
0.18838584 0.12233913 0.10316935
0.18973196 0.12233913 0.101489335
0.18723089 0.123669624 0.10316935
0.1889109 0.12352604 0.101489335
0.18723089 0.12401909 0.10287687
0.18855757 0.12401909 0.101489335
0.18729377 0.1256991 0.101489335
0.18723089 0.1256991 0.101552695
0.18555087 0.1257906 0.10316935
0.18555087 0.12737912 0.10206786
0.18446404 0.12737912 0.10316935
0.18723089 0.12578243 0.101489335
0.1860919 0.12737912 0.101489335
0.18561321 0.1256991 0.10316935
0.18387091 0.12817633 0.10316935
0.18387091 0.12905914 0.10255161
0.18312806 0.12905914 0.10316935
0.18691558 0.12401909 0.10316935
0.17547089 0.13690507 0.10316935
0.17547089 0.1374591 0.102899104
0.17515248 0.1374591 0.10316935
0.17624456 0.13577914 0.10316935
0.17547089 0.13913912 0.10210338
0.17424089 0.13913912 0.10316935
0.17614752 0.13913912 0.101489335
0.18494046 0.12905914 0.101489335
0.18555087 0.12816644 0.101489335
0.1771509 0.1346786 0.10316935
0.17547089 0.14014238 0.101489335
0.17379087 0.14081913 0.10242328
0.17495269 0.14081913 0.101489335
0.17379087 0.13972086 0.10316935
0.17379087 0.14198124 0.101489335
0.18051088 0.13151771 0.10316935
0.18051088 0.13241911 0.10257748
0.17948377 0.13241911 0.10316935
0.1821909 0.1300649 0.10316935
0.1821909 0.1307391 0.10269973
0.18142164 0.1307391 0.10316935
0.17276675 0.14081913 0.10316935
0.17211092 0.14151669 0.10316935
0.17883092 0.13301611 0.10316935
0.17883092 0.13409913 0.10248813
0.17770702 0.13409913 0.10316935
0.18051088 0.13409913 0.10162756
0.17883092 0.13573366 0.101489335
0.18387091 0.13061339 0.101489335
0.18377006 0.1307391 0.101489335
0.1821909 0.13241911 0.1015825
0.18231905 0.13241911 0.101489335
0.18051088 0.13438302 0.101489335
0.18076307 0.13409913 0.101489335
0.1821909 0.13256311 0.101489335
0.12507087 0.13913912 0.12586752
0.12675089 0.1374591 0.12630424
0.1284309 0.1374591 0.12543395
0.12339091 0.14081913 0.12584111
0.13011092 0.13577914 0.12591347
0.14355087 0.12737912 0.12659201
0.14523089 0.12737912 0.12606725
0.1469109 0.12737912 0.1255897
0.14859092 0.1256991 0.12662426
0.14859092 0.12737912 0.12527099
0.15531087 0.12233913 0.12647101
0.16203088 0.12065911 0.12651744
0.15363091 0.12401909 0.12605944
0.15531087 0.12401909 0.12533018
0.14393902 0.10049909 0.14684936
0.14523089 0.10049909 0.1457676
0.1401909 0.10472244 0.14684936
0.1401909 0.10553914 0.14626834
0.1391868 0.10553914 0.14684936
0.14187092 0.10313618 0.14684936
0.14187092 0.10385913 0.14640304
0.14118272 0.10385913 0.14684936
0.14523089 0.09895837 0.14684936
0.14187092 0.10553914 0.14524898
0.13851088 0.10610336 0.14684936
0.13851088 0.1072191 0.14607432
0.13714123 0.1072191 0.14684936
0.14355087 0.10385913 0.14525965
0.12003088 0.115609944 0.14852932
0.12339091 0.113526165 0.14852932
0.12339091 0.11393911 0.14816687
0.122710586 0.11393911 0.14852932
0.1217109 0.11459267 0.14852932
0.13515091 0.106753826 0.14852932
0.13647181 0.10553914 0.14852932
0.13683087 0.1072191 0.14703098
0.13683087 0.10553914 0.14826122
0.1334709 0.10816014 0.14852932
0.1345793 0.1072191 0.14852932
0.1334709 0.10889912 0.14796504
0.13515091 0.1072191 0.14813206
0.13515091 0.10889912 0.14689657
0.13683087 0.10517204 0.14852932
0.13258034 0.10889912 0.14852932
0.12507087 0.112603426 0.14852932
0.12507087 0.11393911 0.14747122
0.12577754 0.11225909 0.14852932
0.12675089 0.11225909 0.14815995
0.12675089 0.11179304 0.14852932
0.13011092 0.1102705 0.14852932
0.13011092 0.11057913 0.14823624
0.12936944 0.11057913 0.14852932
0.1284309 0.11225909 0.14750585
0.1284309 0.11100632 0.14852932
0.13179088 0.11057913 0.14748797
0.13179088 0.10945332 0.14852932
0.14848953 0.09209913 0.14852932
0.14859092 0.09377909 0.14733067
0.14814687 0.09377909 0.14852932
0.14859092 0.09209913 0.14816836
0.14888835 0.09209913 0.14684936
0.14859092 0.0954591 0.14703402
0.14702833 0.0954591 0.14852932
0.14202148 0.10049909 0.14852932
0.14355087 0.10049909 0.1471605
0.14523089 0.09663385 0.14852932
0.14523089 0.09713912 0.14819309
0.14469808 0.09713912 0.14852932
0.1469109 0.09559554 0.14852932
0.1469109 0.09713912 0.14753303
0.14355087 0.09850323 0.14852932
0.14523089 0.09881914 0.14694974
0.14355087 0.09881914 0.14830884
0.14333582 0.09881914 0.14852932
0.14187092 0.10065389 0.14852932
0.14187092 0.10217911 0.14740029
0.14031327 0.10217911 0.14852932
0.14355087 0.09713912 0.14949217
0.14187092 0.09881914 0.1501815
0.14187092 0.10049909 0.14867947
0.1401909 0.10049909 0.15008208
0.1401909 0.10217911 0.14862415
0.13851088 0.10217911 0.14977708
0.13683087 0.10385913 0.14949611
0.13841015 0.10385913 0.14852932
0.13851088 0.10378224 0.14852932
0.1401909 0.10230726 0.14852932
0.14523089 0.0954591 0.14936909
0.1469109 0.0954591 0.14859417
0.09315091 0.17017049 0.12836936
0.0914709 0.17056686 0.12836936
0.09483087 0.1699019 0.12836936
0.13179088 0.12905914 0.12990817
0.13515091 0.12737912 0.12990394
0.13683087 0.12737912 0.12917551
0.12339091 0.13409913 0.1299065
0.13515091 0.12905914 0.1284661
0.12339091 0.13577914 0.12885752
0.1217109 0.13577914 0.12958238
0.1334709 0.12905914 0.12918136
0.083070874 0.16097909 0.13482419
0.08139092 0.16097909 0.13493398
0.08139092 0.16265911 0.1343964
0.0797109 0.16265911 0.13480017
0.083070874 0.16265911 0.13424906
0.1099509 0.1441791 0.13426957
0.108982146 0.1441791 0.13508937
0.10827088 0.14495707 0.13508937
0.10827088 0.14585912 0.1343554
0.107387304 0.14585912 0.13508937
0.18051088 0.11528987 0.11492935
0.18109876 0.11393911 0.11492935
0.1821909 0.11393911 0.113782436
0.10827088 0.16425502 0.12500933
0.10659087 0.1657145 0.12500933
0.108187616 0.16433913 0.12500933
0.10827088 0.16601914 0.12363514
0.10659087 0.16601914 0.12475589
0.10827088 0.16433913 0.12494972
0.10323089 0.16807592 0.12500933
0.10155088 0.16924435 0.12500933
0.10616976 0.16601914 0.12500933
0.10659087 0.1676991 0.12346187
0.10491091 0.1676991 0.1243135
0.10491091 0.16686839 0.12500933
0.10373324 0.1676991 0.12500933
0.16707093 0.11393911 0.12616375
0.16707093 0.11225909 0.12637767
0.10827088 0.16159701 0.12668934
0.10827088 0.16265911 0.12606302
0.10745609 0.16265911 0.12668934
0.10872036 0.16097909 0.12668934
0.10323089 0.1676991 0.12535736
0.10155088 0.1676991 0.12641373
0.10491091 0.16506547 0.12668934
0.10491091 0.16601914 0.1258106
0.103625834 0.16601914 0.12668934
0.10659087 0.16358417 0.12668934
0.10659087 0.16433913 0.1261417
0.1058054 0.16433913 0.12668934
0.10155088 0.16738737 0.12668934
0.10096264 0.1676991 0.12668934
0.09987092 0.16829228 0.12668934
0.09987092 0.16937912 0.12576559
0.10323089 0.16630715 0.12668934
0.11163092 0.12905914 0.14228079
0.1401909 0.08705914 0.15581176
0.14088541 0.08705914 0.15524933
0.14355087 0.14109397 0.116609365
0.14187092 0.14216411 0.116609365
0.14523089 0.14081913 0.115980536
0.14388901 0.14081913 0.116609365
0.1469109 0.14081913 0.115395814
0.1469109 0.13914841 0.116609365
0.14694333 0.13913912 0.116609365
0.14859092 0.13913912 0.11630455
0.14859092 0.14081913 0.11511925
0.14859092 0.13871992 0.116609365
0.15027088 0.13831478 0.116609365
0.14523089 0.13989931 0.116609365
0.16371089 0.13241911 0.11569312
0.16203088 0.13241911 0.116493255
0.16203088 0.13227898 0.116609365
0.16035092 0.13409913 0.11582717
0.1586709 0.13409913 0.116585165
0.1586709 0.13406968 0.116609365
0.15862077 0.13409913 0.116609365
0.15699089 0.13523138 0.116609365
0.16035092 0.13316816 0.116609365
0.161784 0.13241911 0.116609365
0.15633017 0.13577914 0.116609365
0.16035092 0.13527918 0.11492935
0.16203088 0.13409913 0.115121216
0.16252834 0.13409913 0.11492935
0.16203088 0.13435495 0.11492935
0.1519509 0.13759542 0.116609365
0.15363091 0.13709462 0.116609365
0.15363091 0.1374591 0.11638138
0.1523217 0.1374591 0.116609365
0.15531087 0.1374591 0.116217524
0.15531087 0.13672036 0.116609365
0.12675089 0.12846601 0.13340935
0.12507087 0.12905914 0.1333017
0.12507087 0.12894952 0.13340935
0.12478483 0.12905914 0.13340935
0.13011092 0.12681633 0.13340935
0.13011092 0.12737912 0.13275203
0.12912107 0.12737912 0.13340935
0.12675089 0.12905914 0.13287458
0.1284309 0.12905914 0.1324313
0.1284309 0.12786287 0.13340935
0.13179088 0.1261394 0.13340935
0.1334709 0.12581742 0.13340935
0.13375771 0.1256991 0.13340935
0.13515091 0.1256991 0.1320068
0.13515091 0.124456346 0.13340935
0.13552189 0.12401909 0.13340935
0.121686816 0.1307391 0.13340935
0.1217109 0.1307391 0.13339368
0.1217109 0.13241911 0.13193801
0.12003088 0.13204092 0.13340935
0.12339091 0.1307391 0.13248608
0.11835086 0.13340706 0.13340935
0.11835086 0.13409913 0.13287416
0.117456794 0.13409913 0.13340935
0.11956775 0.13241911 0.13340935
0.12003088 0.13241911 0.13307068
0.11667091 0.1348437 0.13340935
0.11667091 0.13577914 0.1328201
0.11584592 0.13577914 0.13340935
0.12339091 0.12970781 0.13340935
0.1217109 0.13072193 0.13340935
0.12003088 0.13409913 0.13173047
0.11499089 0.13710606 0.13340935
0.11667091 0.1374591 0.13182375
0.11499089 0.1374591 0.13322648
0.11478311 0.1374591 0.13340935
0.11163092 0.14178348 0.13340935
0.11331087 0.14081913 0.13226065
0.11331087 0.13917083 0.13340935
0.11334109 0.13913912 0.13340935
0.111983895 0.14081913 0.13340935
0.11499089 0.13913912 0.13204983
0.12507087 0.1307391 0.13175109
0.13851088 0.10553914 0.14723507
0.1401909 0.10385913 0.14746323
0.13851088 0.10385913 0.14846864
0.11835086 0.11561912 0.14937708
0.12003088 0.11393911 0.15000346
0.1217109 0.11393911 0.14909169
0.12339091 0.11225909 0.14971271
0.13011092 0.10889912 0.14971927
0.1284309 0.10889912 0.15017787
0.13515091 0.10553914 0.14956626
0.1334709 0.1072191 0.14928058
0.12675089 0.11057913 0.14948192
0.12507087 0.11225909 0.14882818
0.13179088 0.10889912 0.14900187
0.1284309 0.11057913 0.14886525
0.1469109 0.09377909 0.14986232
0.14355087 0.17273915 0.09558663
0.13851088 0.17609912 0.095483154
0.1401909 0.1744191 0.0958319
0.14187092 0.1744191 0.09478876
0.14523089 0.17105913 0.095799536
0.1469109 0.16937912 0.09634009
0.14859092 0.16937912 0.095106155
0.16539091 0.15425915 0.09721044
0.12339091 0.18222386 0.09812936
0.12339091 0.18281913 0.09756073
0.1249488 0.18113911 0.09812936
0.12507087 0.18113911 0.09804544
0.12507087 0.18281913 0.09653947
0.12675089 0.18113911 0.096939236
0.1284309 0.17890698 0.09812936
0.1284309 0.1794591 0.09757146
0.12747687 0.1794591 0.09812936
0.13645959 0.17609912 0.09812936
0.13011092 0.1794591 0.09673795
0.13011092 0.17798048 0.09812936
0.12675089 0.17991072 0.09812936
0.12507087 0.18105394 0.09812936
0.1284309 0.14081913 0.12282458
0.13011092 0.14081913 0.1220794
0.13011092 0.14139915 0.121649355
0.13515091 0.13577914 0.122829765
0.13515091 0.1374591 0.12192652
0.1334709 0.1374591 0.122707814
0.13577384 0.1374591 0.121649355
0.13360697 0.13913912 0.121649355
0.13515091 0.13796031 0.121649355
0.1334709 0.13913912 0.12171307
0.13179088 0.13913912 0.12253854
0.1334709 0.13922995 0.121649355
0.13179088 0.14036477 0.121649355
0.13103998 0.14081913 0.121649355
0.121985435 0.12737912 0.13676932
0.12003088 0.12884969 0.13676932
0.1217109 0.12754214 0.13676932
0.1334709 0.17777914 0.09692702
0.13179088 0.17777914 0.09756854
0.13179088 0.1772396 0.09812936
0.1334709 0.17670351 0.09812936
0.13051248 0.17777914 0.09812936
0.13515091 0.17641163 0.09812936
0.1217109 0.18449914 0.0972034
0.12003088 0.1861791 0.096990675
0.1889109 0.1189791 0.10479382
0.1889109 0.12065911 0.10392651
0.18387091 0.12737912 0.10375497
0.1821909 0.12905914 0.10390988
0.18723089 0.12233913 0.10429177
0.18555087 0.12401909 0.104365796
0.18555087 0.1256991 0.1032317
0.17379087 0.1374591 0.10441908
0.17379087 0.13913912 0.10353193
0.17547089 0.13577914 0.10377154
0.1704309 0.14249909 0.1039764
0.1771509 0.13241911 0.10471699
0.1771509 0.13409913 0.103536874
0.17211092 0.14081913 0.10366151
0.17883092 0.1307391 0.104818195
0.18051088 0.1307391 0.10372141
0.17883092 0.13241911 0.10356125
0.16875088 0.1374591 0.10917297
0.16707093 0.13913912 0.109671324
0.16707093 0.14081913 0.10848346
0.16539091 0.14081913 0.10981384
0.16539091 0.14249909 0.10856977
0.16371089 0.14249909 0.10974851
0.16371089 0.1441791 0.108379275
0.11667091 0.17609912 0.10900143
0.12003088 0.1744191 0.108930856
0.11163092 0.1794591 0.109491676
0.11835086 0.1744191 0.10973385
0.11499089 0.17777914 0.1087006
0.11331087 0.1794591 0.10858598
0.1099509 0.18128419 0.10820934
0.12339091 0.1676991 0.11242452
0.12339091 0.16871697 0.111569315
0.1217109 0.16937912 0.11228123
0.13179088 0.15929914 0.112229675
0.13179088 0.15761912 0.11295274
0.1334709 0.15761912 0.11190143
0.1334709 0.1559391 0.112762004
0.1334709 0.15837783 0.111569315
0.1340279 0.15761912 0.111569315
0.13515091 0.15632427 0.111569315
0.13284379 0.15929914 0.111569315
0.1284309 0.16265911 0.112979144
0.13011092 0.16265911 0.11187002
0.13011092 0.16097909 0.112529844
0.13070261 0.16265911 0.111569315
0.12675089 0.16433913 0.11299285
0.13179088 0.16082907 0.111569315
0.13169229 0.16097909 0.111569315
0.12675089 0.16601914 0.11175725
0.12507087 0.16601914 0.112693995
0.13515091 0.1559391 0.11179033
0.13548583 0.1559391 0.111569315
0.124620974 0.1676991 0.111569315
0.12705469 0.16601914 0.111569315
0.1284309 0.16433913 0.11196622
0.12903887 0.16433913 0.111569315
0.1284309 0.16489863 0.111569315
0.12507087 0.16733354 0.111569315
0.12675089 0.1662274 0.111569315
0.13011092 0.16331387 0.111569315
0.14523089 0.14753914 0.11282787
0.14859092 0.14585912 0.11278334
0.1469109 0.14585912 0.11321023
0.1469109 0.14753914 0.1122354
0.14187092 0.1492191 0.11290601
0.14857304 0.14753914 0.111569315
0.1469109 0.14841431 0.111569315
0.13851088 0.15089911 0.11308268
0.14859092 0.14753038 0.111569315
0.1401909 0.15089911 0.112458795
0.1401909 0.15219486 0.111569315
0.14187092 0.15089911 0.111715704
0.14187092 0.15112042 0.111569315
0.14230424 0.15089911 0.111569315
0.1519509 0.14249909 0.11380848
0.15363091 0.14249909 0.113591164
0.15531087 0.14249909 0.11332151
0.17376047 0.12401909 0.11492935
0.17379087 0.12401909 0.11490467
0.17379087 0.1256991 0.11349377
0.17379087 0.123984754 0.11492935
0.17547089 0.12401909 0.113577396
0.17211092 0.12568557 0.11492935
0.17211092 0.1256991 0.11491814
0.17547089 0.12233913 0.11468384
0.17515874 0.12233913 0.11492935
0.17547089 0.12192142 0.11492935
0.17638779 0.12065911 0.11492935
0.17209798 0.1256991 0.11492935
0.1704309 0.12755525 0.11492935
0.1705876 0.12737912 0.11492935
0.17211092 0.12737912 0.11345485
0.095392644 0.17273915 0.12500933
0.1821909 0.11729914 0.112223476
0.18051088 0.1189791 0.11222926
0.17883092 0.12065911 0.11281988
0.17883092 0.12233913 0.11172745
0.16875088 0.13241911 0.112312704
0.1704309 0.1307391 0.112116486
0.16707093 0.13409913 0.1125665
0.16707093 0.13577914 0.11173025
0.16539091 0.13577914 0.11278227
0.16371089 0.1374591 0.11258885
0.16539091 0.1374591 0.11204103
0.16371089 0.13913912 0.11179516
0.11499089 0.1744191 0.11240354
0.11331087 0.1744191 0.11323783
0.12003088 0.17105913 0.112298936
0.16203088 0.13577914 0.1139352
0.16035092 0.13577914 0.11457303
0.15699089 0.13913912 0.11443046
0.1519509 0.14081913 0.11472604
0.15699089 0.14081913 0.113621086
0.15531087 0.14081913 0.1142579
0.15363091 0.14081913 0.114551395
0.15699089 0.14152175 0.11324933
0.15944058 0.13913912 0.11324933
0.1586709 0.13913912 0.11358127
0.1586709 0.1374591 0.11436054
0.16131103 0.1374591 0.11324933
0.16203088 0.1370253 0.11324933
0.16035092 0.13821048 0.11324933
0.16035092 0.1374591 0.11358008
0.1334709 0.15089911 0.11487517
0.13179088 0.15257913 0.114687234
0.13011092 0.15425915 0.11469421
0.1334709 0.15257913 0.11417225
0.1586709 0.14000648 0.11324933
0.1579138 0.14081913 0.11324933
0.13179088 0.15425915 0.114242464
0.13601208 0.15257913 0.11324933
0.13515091 0.15257913 0.11361328
0.13515091 0.15089911 0.114349455
0.1334709 0.15425915 0.113604516
0.13428539 0.15425915 0.11324933
0.13515091 0.1534214 0.11324933
0.1334709 0.15500802 0.11324933
0.1401909 0.12065911 0.13372406
0.14187092 0.1189791 0.13414738
0.13851088 0.12065911 0.13463339
0.14859092 0.11561912 0.13358131
0.14523089 0.11729914 0.133863
0.14355087 0.11729914 0.13469556
0.07467091 0.1559391 0.14071223
0.072990894 0.1559391 0.14130762
0.0914709 0.14753914 0.14152136
0.09315091 0.14753914 0.14099434
0.09651089 0.1441791 0.1411747
0.0914709 0.1492191 0.14067742
0.08979088 0.1492191 0.141296
0.072990894 0.15761912 0.14031318
0.072990894 0.1579355 0.14012936
0.09483087 0.14585912 0.14135978
0.09483087 0.14753914 0.14038125
0.09315091 0.1492191 0.14013228
0.08475089 0.15257913 0.14105263
0.083070874 0.15257913 0.14100817
0.08643091 0.15089911 0.14158341
0.088110864 0.15089911 0.141134
0.08979088 0.15089911 0.14039597
0.088110864 0.15257913 0.14071229
0.08643091 0.15257913 0.1412898
0.08475089 0.15425915 0.1403977
0.08643091 0.15425915 0.1408464
0.088110864 0.15425915 0.14026394
0.0981909 0.1441791 0.14028308
0.0981909 0.14249909 0.14095756
0.088110864 0.14279646 0.14516935
0.088110864 0.1441791 0.14470622
0.08979088 0.1441791 0.14395979
0.08643091 0.14585912 0.14439616
0.08475089 0.14585912 0.14481995
0.08643091 0.14427972 0.14516935
0.086594045 0.1441791 0.14516935
0.088110864 0.14585912 0.14384738
0.08475089 0.14523512 0.14516935
0.08387554 0.14585912 0.14516935
0.08475089 0.14753914 0.14392093
0.08643091 0.14753914 0.14353958
0.16875088 0.1072191 0.12650803
0.16875088 0.10889912 0.12609318
0.16875088 0.11057913 0.12549248
0.08475089 0.15761912 0.13665989
0.08643091 0.15761912 0.13650587
0.08475089 0.15929914 0.13568172
0.08475089 0.16049874 0.13508937
0.088110864 0.15761912 0.13643345
0.08979088 0.15761912 0.13623914
0.08979088 0.15929914 0.13534454
0.088110864 0.15929914 0.13543776
0.08643091 0.1602869 0.13508937
0.08643091 0.15929914 0.13558319
0.088110864 0.15999734 0.13508937
0.09225738 0.15929914 0.13508937
0.0914709 0.15761912 0.13605371
0.09315091 0.15761912 0.13584295
0.0914709 0.15929914 0.13522044
0.09315091 0.15898651 0.13508937
0.09483087 0.1559391 0.13653132
0.09651089 0.1559391 0.13619652
0.09651089 0.15761912 0.13531062
0.09483087 0.15761912 0.13555756
0.09315091 0.1559391 0.13674894
0.08979088 0.1598162 0.13508937
0.098362565 0.15761912 0.13508937
0.0981909 0.15761912 0.1351575
0.0981909 0.1559391 0.13575587
0.09651089 0.15800858 0.13508937
0.09975237 0.1559391 0.13508937
0.0981909 0.1577205 0.13508937
0.09483087 0.15848243 0.13508937
0.0914709 0.15954262 0.13508937
0.17547089 0.12065911 0.11565861
0.17379087 0.12233913 0.11601457
0.16707093 0.12905914 0.116156906
0.16875088 0.12737912 0.116298944
0.1704309 0.1256991 0.11625531
0.1771509 0.1189791 0.115409344
0.17211092 0.12401909 0.1162332
0.16875088 0.12905914 0.115063876
0.1704309 0.12737912 0.11506668
0.17883092 0.11729914 0.11529145
0.17883092 0.11561912 0.116362184
0.16707093 0.1307391 0.114966005
0.16539091 0.1307391 0.11599651
0.1334709 0.18113911 0.09358832
0.13179088 0.18113911 0.0945808
0.13515091 0.1794591 0.09421113
0.16203088 0.14249909 0.11069271
0.16035092 0.14249909 0.111371905
0.16035092 0.14213979 0.111569315
0.16219819 0.14081913 0.111569315
0.13683087 0.15717506 0.10988936
0.13644922 0.15761912 0.10988936
0.13515091 0.15761912 0.11086771
0.13683087 0.1559391 0.110699266
0.13515091 0.15929914 0.10996273
0.1334709 0.15929914 0.111171275
0.16203088 0.1409474 0.111569315
0.16349226 0.14249909 0.10988936
0.13515091 0.1594345 0.10988936
0.13415658 0.16097909 0.10988936
0.1334709 0.16265911 0.10998115
0.13179088 0.16265911 0.11102787
0.13179088 0.16097909 0.11150691
0.1334709 0.16097909 0.11040279
0.13356179 0.16265911 0.10988936
0.13523668 0.15929914 0.10988936
0.12507087 0.16937912 0.109911054
0.12675089 0.16819495 0.10988936
0.12507087 0.1676991 0.111275524
0.12755585 0.1676991 0.10988936
0.12675089 0.1676991 0.11030474
0.13011092 0.16433913 0.11104652
0.1284309 0.16601914 0.11076215
0.13011092 0.16601914 0.109910876
0.13017029 0.16601914 0.10988936
0.13179088 0.1652472 0.10988936
0.1334709 0.1635645 0.10988936
0.13179088 0.16433913 0.11072001
0.1332848 0.16433913 0.10988936
0.13011092 0.16605002 0.10988936
0.1284309 0.16715658 0.10988936
0.14859092 0.1492191 0.11036226
0.14859092 0.14753914 0.11156258
0.15027088 0.14753914 0.11106041
0.15025431 0.1492191 0.10988936
0.15027088 0.14921242 0.10988936
0.1469109 0.1492191 0.11097905
0.18051088 0.11393911 0.11555806
0.13011092 0.14753914 0.11769828
0.13011092 0.1492191 0.11689803
0.1284309 0.1492191 0.11779383
0.1334709 0.14585912 0.11725524
0.13179088 0.14585912 0.117910236
0.1334709 0.1441791 0.11825761
0.13515091 0.14585912 0.116772324
0.13515091 0.1441791 0.11764857
0.13179088 0.14753914 0.11690053
0.12675089 0.15089911 0.11792907
0.12675089 0.15257913 0.1174126
0.1284309 0.15089911 0.117045134
0.12675089 0.15425915 0.11693677
0.1217109 0.16097909 0.11797461
0.12126237 0.16097909 0.11828932
0.123242795 0.15761912 0.11828932
0.12230855 0.15929914 0.11828932
0.1217109 0.1602335 0.11828932
0.14523089 0.13577914 0.11934462
0.16358572 0.12905914 0.11828932
0.16203088 0.12905914 0.1190801
0.15027088 0.13577914 0.11854997
0.14859092 0.13577914 0.11918774
0.1469109 0.13577914 0.11934802
0.16035092 0.12905914 0.119844526
0.14187092 0.1374591 0.119622916
0.14355087 0.1374591 0.11876002
0.14355087 0.1383723 0.11828932
0.14223373 0.13913912 0.11828932
0.14187092 0.13913912 0.11839715
0.1401909 0.13913912 0.11894867
0.13851088 0.13913912 0.11960396
0.13851088 0.14081913 0.11837432
0.14483577 0.1374591 0.11828932
0.14187092 0.13931572 0.11828932
0.1469109 0.13691783 0.11828932
0.14523089 0.13724875 0.11828932
0.13873023 0.14081913 0.11828932
0.1401909 0.14007169 0.11828932
0.13851088 0.14096159 0.11828932
0.15092766 0.13577914 0.11828932
0.15363091 0.13409913 0.11874488
0.1519509 0.13409913 0.11982146
0.15363091 0.13470566 0.11828932
0.1519509 0.13536161 0.11828932
0.15027088 0.13605487 0.11828932
0.14859092 0.136684 0.11828932
0.15699089 0.13241911 0.11864796
0.15531087 0.13241911 0.11928865
0.15790182 0.13241911 0.11828932
0.16035092 0.1307391 0.11859438
0.1586709 0.1307391 0.11929557
0.1586709 0.13203222 0.11828932
0.15531087 0.13375866 0.11828932
0.15473104 0.13409913 0.11828932
0.15699089 0.1328687 0.11828932
0.16105694 0.1307391 0.11828932
0.16203088 0.13014662 0.11828932
0.16035092 0.13113654 0.11828932
0.095510006 0.17105913 0.12668934
0.09651089 0.17105913 0.126241
0.09483087 0.17128152 0.12668934
0.09483087 0.17273915 0.1252363
0.09315091 0.17174244 0.12668934
0.11499089 0.12065911 0.14606175
0.11331087 0.12233913 0.14595047
0.1217109 0.11729914 0.14631644
0.12003088 0.1189791 0.14539286
0.11835086 0.1189791 0.14597014
0.11667091 0.12065911 0.14519992
0.11163092 0.12401909 0.14562503
0.113848805 0.11729914 0.15020934
0.11331087 0.11729914 0.15028867
0.11499089 0.117038906 0.15020934
0.11331087 0.11742002 0.15020934
0.11163092 0.11810088 0.15020934
0.11667091 0.116191745 0.15020934
0.11163092 0.11729914 0.15066937
0.15531087 0.16601914 0.095413834
0.15363091 0.16601914 0.09642419
0.15363091 0.1659962 0.096449345
0.15357965 0.16601914 0.096449345
0.1519509 0.1676991 0.09543428
0.15027088 0.1676991 0.096232265
0.1519509 0.1667372 0.096449345
0.15531087 0.16512257 0.096449345
0.16707093 0.1492191 0.10086194
0.16875088 0.14753914 0.101086944
0.17211092 0.1441791 0.101429254
0.17211092 0.14585912 0.100186855
0.16539091 0.15089911 0.10107723
0.17379087 0.14249909 0.10102907
0.13851088 0.13241911 0.12434271
0.14355087 0.1307391 0.12365368
0.14187092 0.1307391 0.12436685
0.1401909 0.13241911 0.12368938
0.11499089 0.1492191 0.12724963
0.11667091 0.14585912 0.12762484
0.11667091 0.14753914 0.12683138
0.11499089 0.14753914 0.12797287
0.11835086 0.1441791 0.1272386
0.11331087 0.15089911 0.12799242
0.11331087 0.15257913 0.12755695
0.11331087 0.15425915 0.12724283
0.11163092 0.15425915 0.12835768
0.11499089 0.15089911 0.12673172
0.11163092 0.1559391 0.12788835
0.11331087 0.1559391 0.12692109
0.1284309 0.12737912 0.13378164
0.12675089 0.12737912 0.13432422
0.13515091 0.12401909 0.13369885
0.1334709 0.12401909 0.1349189
0.13179088 0.1256991 0.13403544
0.1334709 0.1256991 0.13355914
0.11499089 0.13577914 0.13404182
0.11667091 0.13409913 0.13391122
0.11835086 0.13241911 0.13425604
0.12003088 0.1307391 0.1346108
0.11331087 0.13913912 0.13343427
0.11331087 0.1374591 0.13452014
0.11163092 0.13913912 0.1347479
0.11163092 0.14081913 0.13372955
0.15699089 0.10049909 0.13567159
0.15699089 0.09881914 0.13632527
0.1586709 0.09881914 0.13515171
0.1217109 0.12737912 0.13694724
0.12003088 0.12737912 0.1382061
0.10659087 0.13549262 0.14012936
0.10659087 0.13577914 0.13997015
0.106343925 0.13577914 0.14012936
0.09987092 0.14248466 0.14012936
0.10323089 0.1394952 0.14012936
0.10323089 0.14081913 0.13947245
0.101805925 0.14081913 0.14012936
0.10827088 0.13577914 0.13894507
0.10827088 0.13409913 0.14000407
0.10155088 0.14104688 0.14012936
0.10827088 0.13392347 0.14012936
0.10805094 0.13409913 0.14012936
0.10659087 0.1374591 0.1390802
0.10491091 0.13748157 0.14012936
0.10492951 0.1374591 0.14012936
0.10491091 0.13913912 0.13930014
0.10354358 0.13913912 0.14012936
0.1334709 0.17609912 0.09874627
0.13179088 0.17609912 0.09931126
0.13515091 0.17609912 0.09847042
0.12339091 0.18113911 0.099185914
0.1284309 0.17777914 0.09928939
0.13011092 0.17777914 0.09832463
0.12675089 0.1794591 0.09859654
0.12507087 0.1794591 0.09974226
0.13515091 0.16601914 0.105686635
0.1334709 0.1676991 0.10558584
0.13179088 0.16937912 0.10551062
0.10827088 0.1794591 0.11112216
0.1401909 0.14081913 0.11781475
0.14355087 0.13913912 0.11787483
0.1469109 0.1374591 0.11788365
0.14523089 0.1374591 0.11817035
0.14355087 0.14081913 0.11677036
0.14523089 0.13913912 0.11715713
0.1469109 0.13913912 0.116616815
0.14187092 0.14081913 0.11739966
0.15027088 0.1374591 0.11718902
0.14859092 0.1374591 0.11758664
0.15531087 0.13577914 0.11707577
0.15699089 0.13409913 0.11735496
0.15531087 0.13409913 0.118047446
0.15363091 0.13577914 0.11752233
0.16035092 0.13241911 0.117251605
0.1586709 0.13241911 0.11797705
0.1519509 0.13577914 0.117940694
0.16203088 0.1307391 0.1178377
0.1519509 0.1374591 0.1166946
0.1099509 0.15761912 0.1280277
0.10827088 0.16097909 0.1270515
0.10827088 0.15929914 0.12808958
0.1099509 0.15929914 0.12676552
0.10659087 0.16265911 0.12730482
0.10491091 0.16265911 0.12831375
0.0981909 0.1676991 0.12814781
0.09987092 0.1676991 0.12718287
0.10155088 0.16601914 0.12774745
0.10323089 0.16433913 0.12809083
0.10323089 0.16601914 0.12692365
0.10491091 0.16433913 0.12723956
0.08643091 0.1441791 0.14521572
0.13683087 0.15761912 0.109591454
0.13515091 0.16097909 0.10911766
0.13683087 0.15929914 0.10859373
0.1284309 0.1676991 0.10945687
0.13011092 0.1676991 0.108759135
0.13515091 0.16265911 0.10845646
0.13179088 0.16601914 0.10912785
0.1334709 0.16433913 0.109668344
0.15027088 0.1492191 0.10988489
0.16875088 0.1441791 0.104516774
0.16539091 0.14753914 0.1046066
0.11763716 0.16265911 0.11996934
0.11835086 0.16161168 0.11996934
0.11835086 0.16097909 0.12022963
0.1187405 0.16097909 0.11996934
0.121046364 0.15761912 0.11996934
0.1217109 0.1560961 0.11996934
0.11624169 0.16601914 0.11996934
0.11499089 0.16601914 0.120503336
0.11499089 0.16433913 0.12093517
0.11163092 0.1676991 0.12014422
0.11163092 0.16601914 0.12151
0.11331087 0.16601914 0.1209763
0.11647761 0.16433913 0.11996934
0.11667091 0.16399086 0.11996934
0.11499089 0.1676991 0.12027559
0.11629319 0.1676991 0.11996934
0.11499089 0.16801679 0.11996934
0.1704309 0.1189791 0.120590895
0.16707093 0.12233913 0.120735615
0.11331087 0.1676991 0.11998448
0.11331087 0.16771859 0.11996934
0.11163092 0.16795218 0.11996934
0.17237014 0.11729914 0.11996934
0.17211092 0.11729914 0.12017891
0.17211092 0.11766869 0.11996934
0.17117709 0.1189791 0.11996934
0.16875088 0.12065911 0.12075564
0.16988993 0.12065911 0.11996934
0.16875088 0.12198138 0.11996934
0.16838652 0.12233913 0.11996934
0.1704309 0.11999446 0.11996934
0.16539091 0.12401909 0.12063441
0.16649711 0.12401909 0.11996934
0.16539091 0.12501997 0.11996934
0.16707093 0.12350136 0.11996934
0.12507087 0.19119602 0.08972934
0.12507087 0.19121909 0.089717776
0.12506169 0.19121909 0.08972934
0.12507087 0.19122952 0.08972934
0.1401909 0.18090636 0.08972934
0.1401909 0.18113911 0.08949819
0.13989794 0.18113911 0.08972934
0.13851088 0.18206614 0.08972934
0.0981909 0.17105913 0.12526998
0.13515091 0.13241911 0.12566349
0.13179088 0.13409913 0.12610117
0.1334709 0.13241911 0.12645808
0.1334709 0.13409913 0.12508103
0.11163092 0.15761912 0.126717
0.16539091 0.11729914 0.12690851
0.14859092 0.11393911 0.13469931
0.15027088 0.11393911 0.13390163
0.15363091 0.10889912 0.13467136
0.15531087 0.1072191 0.13434765
0.15531087 0.10553914 0.1348857
0.15699089 0.10553914 0.13382313
0.15699089 0.1072191 0.13352892
0.15699089 0.10385913 0.13415298
0.15531087 0.10889912 0.13364455
0.15363091 0.11057913 0.13388452
0.1519509 0.11057913 0.13497505
0.1519509 0.11225909 0.13402477
0.10491091 0.14585912 0.13659838
0.10659087 0.14585912 0.13573012
0.10659087 0.1441791 0.13666913
0.10323089 0.14753914 0.13672242
0.10323089 0.1492191 0.1359962
0.10563654 0.14753914 0.13508937
0.10659087 0.14663023 0.13508937
0.10491091 0.14753914 0.13561645
0.10450274 0.1492191 0.13508937
0.10491091 0.14854425 0.13508937
0.10827088 0.1441791 0.13570377
0.10217428 0.15257913 0.13508937
0.10155088 0.15089911 0.13618085
0.10323089 0.15130281 0.13508937
0.10323089 0.15089911 0.13526466
0.10155088 0.15257913 0.13541272
0.0981909 0.15425915 0.1365225
0.09987092 0.15257913 0.13647732
0.10155088 0.15328938 0.13508937
0.09987092 0.15425915 0.13558015
0.10075331 0.15425915 0.13508937
0.09987092 0.1557504 0.13508937
0.103511095 0.15089911 0.13508937
0.1334709 0.11561912 0.14246646
0.13515091 0.11393911 0.14303628
0.13515091 0.11561912 0.14188007
0.13179088 0.11561912 0.14313468
0.1217109 0.1794591 0.102003425
0.12003088 0.1794591 0.10300991
0.11667091 0.18281913 0.10226002
0.12339091 0.17777914 0.10287073
0.12675089 0.17609912 0.102312
0.11835086 0.18113911 0.10249552
0.1334709 0.17273915 0.10165414
0.13179088 0.17273915 0.10244426
0.1334709 0.17105913 0.10278228
0.13515091 0.17105913 0.10200885
0.13011092 0.1744191 0.10185829
0.1284309 0.1744191 0.102875024
0.12507087 0.17777914 0.10163465
0.11499089 0.18449914 0.10184005
0.11499089 0.18488026 0.101489335
0.14355087 0.15425915 0.10878655
0.14187092 0.15425915 0.1095247
0.14187092 0.15369815 0.10988936
0.14355087 0.15281576 0.10988936
0.1401909 0.15473944 0.10988936
0.14101565 0.15425915 0.10988936
0.1401909 0.1559391 0.108962506
0.13851088 0.15568006 0.10988936
0.13851088 0.1559391 0.10968968
0.13816828 0.1559391 0.10988936
0.14719898 0.15089911 0.10988936
0.14859092 0.15089911 0.10939202
0.1469109 0.15257913 0.10892585
0.14859092 0.15257913 0.10837427
0.15027088 0.15089911 0.108861476
0.14859092 0.15003753 0.10988936
0.1469109 0.15106618 0.10988936
0.14523089 0.15200531 0.10988936
0.14523089 0.15257913 0.10948613
0.1440835 0.15257913 0.10988936
0.14187092 0.1559391 0.10832575
0.1519509 0.1492191 0.109396964
0.1519509 0.14853281 0.10988936
0.15363091 0.1492191 0.10872975
0.15363091 0.1477282 0.10988936
0.15699089 0.14582175 0.10988936
0.15699089 0.14585912 0.10985699
0.1569038 0.14585912 0.10988936
0.16035092 0.14470649 0.10988936
0.1586709 0.14585912 0.10942361
0.1586709 0.14527738 0.10988936
0.16035092 0.14585912 0.1090031
0.16203088 0.14366394 0.10988936
0.16203088 0.1441791 0.1095154
0.1612826 0.1441791 0.10988936
0.15531087 0.14753914 0.109167546
0.15699089 0.14753914 0.1084657
0.15392381 0.14753914 0.10988936
0.15531087 0.14665723 0.10988936
0.16203088 0.14585912 0.10827735
0.13851088 0.15761912 0.10847017
0.1519509 0.15089911 0.108259946
0.1401909 0.15257913 0.11130199
0.13851088 0.15425915 0.1109328
0.1401909 0.15425915 0.11022666
0.14355087 0.15089911 0.11119059
0.14187092 0.15257913 0.11060795
0.14355087 0.15257913 0.110070914
0.14523089 0.15089911 0.11061898
0.1469109 0.15089911 0.10999563
0.15699089 0.1441791 0.11132303
0.15531087 0.14585912 0.11057392
0.1519509 0.14753914 0.11065164
0.15363091 0.14585912 0.11141011
0.1586709 0.1441791 0.110762805
0.16035092 0.1441791 0.11027548
0.15363091 0.14753914 0.110039264
0.10827088 0.1744191 0.11659804
0.10827088 0.17440891 0.116609365
0.10659087 0.17539626 0.116609365
0.10659087 0.17609912 0.11573723
0.10825533 0.1744191 0.116609365
0.10519022 0.17609912 0.116609365
0.10491091 0.17624903 0.116609365
0.10491091 0.17777914 0.11494449
0.10323089 0.17777914 0.11607632
0.10323089 0.17723763 0.116609365
0.10491091 0.17779356 0.11492935
0.1217109 0.15761912 0.11947808
0.1217109 0.15929914 0.118706495
0.12003088 0.16097909 0.11911258
0.11667091 0.16433913 0.11984268
0.11667091 0.16601914 0.119689316
0.12003088 0.16265911 0.118528694
0.11835086 0.16265911 0.11952266
0.11835086 0.16433913 0.11865184
0.11667091 0.1676991 0.11972138
0.1704309 0.12065911 0.119595915
0.17379087 0.11729914 0.118854254
0.17211092 0.1189791 0.11922184
0.16875088 0.12233913 0.11976305
0.16707093 0.12401909 0.11963633
0.16875088 0.12401909 0.1186901
0.13179088 0.14081913 0.12129244
0.1334709 0.14081913 0.12045792
0.13515091 0.13913912 0.120910496
0.16707093 0.1189791 0.123677045
0.11835086 0.13913912 0.12970868
0.12003088 0.13913912 0.12873968
0.12003088 0.1374591 0.12952206
0.11667091 0.14081913 0.12996718
0.11835086 0.14081913 0.12894496
0.1217109 0.1374591 0.12864175
0.12507087 0.13409913 0.12931308
0.12675089 0.13409913 0.12886307
0.1284309 0.13241911 0.12948927
0.12675089 0.13241911 0.12975356
0.13011092 0.13241911 0.12877163
0.13011092 0.1307391 0.12970784
0.1284309 0.13409913 0.12866768
0.13179088 0.1307391 0.12871453
0.14187092 0.12401909 0.12990108
0.13851088 0.1256991 0.12995169
0.13851088 0.12737912 0.12843361
0.15363091 0.09881914 0.13938847
0.1519509 0.10049909 0.13985184
0.15531087 0.09713912 0.13876429
0.14523089 0.17609912 0.091353685
0.13851088 0.18113911 0.09087077
0.14187092 0.1794591 0.08995643
0.1401909 0.1794591 0.09116277
0.14355087 0.17777914 0.090500206
0.15699089 0.16265911 0.09781954
0.16203088 0.15929914 0.097028285
0.16035092 0.16097909 0.096986026
0.1586709 0.16265911 0.09706029
0.15531087 0.16433913 0.097194284
0.15699089 0.16433913 0.09650448
0.15699089 0.16439635 0.096449345
0.1519509 0.16601914 0.097314626
0.1586709 0.16341203 0.096449345
0.15711242 0.16433913 0.096449345
0.15946233 0.16265911 0.096449345
0.17547089 0.14081913 0.10099974
0.1771509 0.14025038 0.09980932
0.1766398 0.14081913 0.09980932
0.1771509 0.13913912 0.10064539
0.18051088 0.13577914 0.10079232
0.17883092 0.13577914 0.10146108
0.17547089 0.14201993 0.09980932
0.18387091 0.1307391 0.101402014
0.17883092 0.1374591 0.100543946
0.11163092 0.18281913 0.105746776
0.11331087 0.18113911 0.10631332
0.11667091 0.1794591 0.10534665
0.12339091 0.1744191 0.106410235
0.1217109 0.17609912 0.10567847
0.11835086 0.17777914 0.10593477
0.1284309 0.17105913 0.10635701
0.13011092 0.17105913 0.10512063
0.12675089 0.17273915 0.10576573
0.12507087 0.1744191 0.105407566
0.10323089 0.17609912 0.11777875
0.10491091 0.17609912 0.11678305
0.10659087 0.1744191 0.11786106
0.09987092 0.17273915 0.122927874
0.0981909 0.1744191 0.122098
0.10323089 0.17105913 0.12286773
0.10155088 0.17273915 0.12213197
0.10491091 0.17105913 0.122159034
0.0981909 0.17494428 0.121649355
0.09483087 0.17105913 0.12693605
0.09315091 0.17105913 0.12736478
0.10491091 0.14081913 0.13863465
0.0797109 0.15467554 0.14012936
0.08139092 0.1544168 0.14012936
0.08163768 0.15425915 0.14012936
0.078030884 0.15492487 0.14012936
0.07635087 0.15590495 0.14012936
0.10659087 0.13409913 0.14097992
0.10491091 0.13577914 0.14111164
0.10827088 0.13241911 0.14128217
0.0981909 0.14081913 0.14172307
0.10323089 0.1374591 0.14129451
0.10323089 0.13913912 0.14031944
0.10155088 0.13913912 0.14115968
0.09987092 0.14081913 0.14091119
0.10155088 0.14081913 0.14024231
0.10491091 0.1374591 0.14014187
0.12003088 0.12233913 0.1423491
0.1217109 0.12065911 0.14333096
0.11835086 0.12233913 0.14292327
0.12339091 0.12065911 0.1424394
0.11163092 0.12737912 0.14340535
0.11331087 0.12737912 0.14251134
0.11667091 0.12401909 0.142544
0.11499089 0.1256991 0.142616
0.12507087 0.1189791 0.14325646
0.12675089 0.1189791 0.14269635
0.1284309 0.11729914 0.1431981
0.13011092 0.11729914 0.14230064
0.11499089 0.1189791 0.14869276
0.11331087 0.1189791 0.14899072
0.11499089 0.11729914 0.15005001
0.11667091 0.11729914 0.14968398
0.11163092 0.1189791 0.14963433
0.1586709 0.15257913 0.1041967
0.16035092 0.15089911 0.10466835
0.16203088 0.15089911 0.10356471
0.16035092 0.15257913 0.10319576
0.14523089 0.15929914 0.10471699
0.14355087 0.16097909 0.10427943
0.1469109 0.15929914 0.10411671
0.14187092 0.16265911 0.103729874
0.1401909 0.16265911 0.10448524
0.14523089 0.16097909 0.10361752
0.14859092 0.15929914 0.103523225
0.14859092 0.15761912 0.10464212
0.15027088 0.15761912 0.10411522
0.13851088 0.16601914 0.10386047
0.1401909 0.16433913 0.10381678
0.13851088 0.16433913 0.104831725
0.1519509 0.15761912 0.10345492
0.16035092 0.14081913 0.11222634
0.1586709 0.14081913 0.11291745
0.16035092 0.13913912 0.112886935
0.16203088 0.1374591 0.113033265
0.16203088 0.13913912 0.112341076
0.16203088 0.14081913 0.111634284
0.13515091 0.15425915 0.112831265
0.10659087 0.1492191 0.13358065
0.10491091 0.1492191 0.13477728
0.10659087 0.14753914 0.13444117
0.10155088 0.1559391 0.13397834
0.09987092 0.1559391 0.13502553
0.10323089 0.15257913 0.13456216
0.10155088 0.15425915 0.13465247
0.10323089 0.15425915 0.13384166
0.10491091 0.15257913 0.1335831
0.10491091 0.15089911 0.13415381
0.08979088 0.16097909 0.13453868
0.088110864 0.16097909 0.13463798
0.08643091 0.16097909 0.13476828
0.08643091 0.16265911 0.13398805
0.088110864 0.16265911 0.13385692
0.08475089 0.16265911 0.13414976
0.08475089 0.16097909 0.13486794
0.0914709 0.16097909 0.13433054
0.0914709 0.16265911 0.13358828
0.09315091 0.15929914 0.13492009
0.09315091 0.16097909 0.13400802
0.08979088 0.16265911 0.13376984
0.09483087 0.15929914 0.13466266
0.09651089 0.15929914 0.13434836
0.08475089 0.16433913 0.13355574
0.09483087 0.16097909 0.13375911
0.083070874 0.16433913 0.13389114
0.08979088 0.16433913 0.13345662
0.09987092 0.15761912 0.1342847
0.088110864 0.16433913 0.13341871
0.0981909 0.15929914 0.13392636
0.0797109 0.15425915 0.1405547
0.078030884 0.15425915 0.14076409
0.07635087 0.15425915 0.14130571
0.08139092 0.15257913 0.14140412
0.08139092 0.15425915 0.14026728
POLYGONS 9953 39812
3 0 1 2
3 3 4 5
3 3 1 4
3 1 6 4
3 6 7 4
3 3 2 1
3 8 9 10
3 11 12 13
3 11 14 12
3 11 10 14
3 10 9 14
3 15 16 17
3 18 16 15
3 15 19 18
3 20 18 19
3 19 21 20
3 22 9 8
3 23 9 22
3 22 17 23
3 17 24 23
3 17 16 24
3 25 23 26
3 25 9 23
3 25 14 9
3 26 23 24
3 24 27 26
3 28 16 29
3 16 18 29
3 28 24 16
3 29 18 20
3 20 30 29
3 24 28 27
3 31 32 33
3 34 35 36
3 37 32 31
3 38 32 37
3 37 39 38
3 37 36 39
3 36 35 39
3 35 40 39
3 41 42 43
3 44 45 46
3 44 43 45
3 43 42 45
3 42 47 45
3 41 4 42
3 4 48 42
3 41 5 4
3 4 7 49
3 49 48 4
3 50 42 51
3 42 48 51
3 50 47 42
3 48 49 51
3 34 46 35
3 46 45 35
3 45 52 35
3 53 45 54
3 45 47 54
3 53 52 45
3 40 35 52
3 52 55 40
3 52 53 55
3 47 50 54
3 56 57 58
3 56 33 57
3 33 32 57
3 32 59 57
3 21 58 20
3 58 60 20
3 58 57 60
3 57 61 60
3 61 57 59
3 59 62 61
3 63 32 64
3 32 38 64
3 63 59 32
3 38 39 64
3 59 63 62
3 20 60 30
3 65 66 67
3 68 69 70
3 71 72 73
3 74 72 71
3 75 72 74
3 68 73 69
3 73 72 69
3 72 76 69
3 77 75 78
3 77 72 75
3 77 76 72
3 79 80 81
3 82 83 84
3 82 85 83
3 82 86 85
3 82 80 86
3 82 81 80
3 87 80 79
3 88 80 87
3 87 89 88
3 87 67 89
3 67 66 89
3 66 90 89
3 86 80 88
3 88 91 86
3 88 89 91
3 74 84 75
3 84 92 75
3 84 93 92
3 84 83 93
3 83 85 93
3 75 92 78
3 94 95 96
3 97 95 94
3 98 95 97
3 99 100 101
3 102 66 65
3 65 103 102
3 103 101 102
3 101 104 102
3 101 105 104
3 101 100 105
3 99 106 100
3 99 96 106
3 96 95 106
3 95 107 106
3 107 95 98
3 98 108 107
3 100 106 105
3 109 110 111
3 109 112 110
3 112 113 110
3 112 114 113
3 114 115 113
3 97 116 98
3 97 111 116
3 111 110 116
3 110 117 116
3 110 113 117
3 114 118 115
3 98 116 108
3 90 66 102
3 102 119 90
3 102 104 119
3 76 77 120
3 121 122 123
3 122 124 125
3 125 123 122
3 126 127 128
3 129 127 126
3 126 130 129
3 131 132 133
3 134 135 136
3 134 124 135
3 124 137 135
3 137 138 135
3 134 125 124
3 131 139 132
3 131 140 139
3 131 135 140
3 131 136 135
3 135 138 140
3 141 142 143
3 141 144 142
3 141 133 144
3 133 145 144
3 133 132 145
3 130 146 129
3 130 147 146
3 130 143 147
3 143 142 147
3 142 144 147
3 132 139 145
3 148 149 150
3 151 152 153
3 154 155 156
3 157 155 154
3 158 155 157
3 148 159 149
3 148 156 159
3 156 155 159
3 160 158 161
3 160 159 158
3 159 155 158
3 162 158 157
3 157 163 162
3 163 153 162
3 153 152 162
3 152 164 162
3 152 165 164
3 161 158 162
3 162 166 161
3 162 164 166
3 167 168 169
3 170 171 172
3 170 168 171
3 168 173 171
3 168 174 173
3 170 169 168
3 175 176 177
3 178 179 180
3 181 182 183
3 181 176 182
3 176 184 182
3 184 185 182
3 181 177 176
3 178 186 179
3 186 187 179
3 178 182 186
3 178 183 182
3 182 185 186
3 188 189 190
3 191 189 188
3 192 189 191
3 175 193 176
3 193 194 176
3 175 190 193
3 190 189 193
3 189 192 193
3 176 194 184
3 180 195 196
3 179 195 180
3 197 198 199
3 197 200 198
3 200 201 198
3 197 195 200
3 197 196 195
3 179 187 202
3 202 195 179
3 195 202 200
3 167 198 168
3 198 203 168
3 198 204 203
3 167 199 198
3 198 201 204
3 168 203 174
3 205 206 207
3 206 208 209
3 209 207 206
3 210 211 212
3 213 214 215
3 213 216 214
3 216 217 214
3 213 211 216
3 213 212 211
3 210 171 211
3 171 218 211
3 171 219 218
3 210 172 171
3 171 173 219
3 211 218 216
3 205 220 206
3 205 215 220
3 215 214 220
3 214 217 221
3 221 220 214
3 222 220 223
3 222 206 220
3 222 208 206
3 220 221 223
3 224 225 226
3 227 228 229
3 230 231 232
3 230 225 231
3 225 167 231
3 167 169 231
3 230 226 225
3 227 232 228
3 232 172 228
3 232 231 172
3 231 170 172
3 231 169 170
3 233 234 235
3 236 234 233
3 237 238 239
3 237 177 238
3 237 235 177
3 235 175 177
3 235 234 175
3 240 241 242
3 243 178 180
3 243 241 178
3 243 242 241
3 240 183 241
3 240 181 183
3 240 238 181
3 240 239 238
3 238 177 181
3 241 183 178
3 236 188 190
3 190 234 236
3 234 190 175
3 244 245 246
3 244 180 245
3 180 196 245
3 244 243 180
3 224 197 225
3 197 199 225
3 224 246 197
3 246 245 197
3 245 196 197
3 225 199 167
3 247 248 249
3 250 251 252
3 250 207 251
3 250 205 207
3 250 248 205
3 250 249 248
3 251 253 254
3 254 252 251
3 251 207 209
3 209 253 251
3 255 256 257
3 255 228 256
3 228 212 256
3 228 210 212
3 255 229 228
3 247 215 248
3 247 213 215
3 247 257 213
3 257 256 213
3 256 212 213
3 228 172 210
3 248 215 205
3 258 259 260
3 261 262 263
3 261 264 262
3 264 265 262
3 261 266 264
3 258 262 259
3 262 267 259
3 258 263 262
3 268 262 269
3 262 265 269
3 268 267 262
3 270 271 272
3 270 273 271
3 270 260 273
3 260 259 273
3 271 274 275
3 275 272 271
3 276 274 277
3 274 273 277
3 274 271 273
3 278 259 279
3 259 267 279
3 278 273 259
3 267 268 279
3 273 278 277
3 280 281 282
3 283 284 285
3 283 282 284
3 282 281 284
3 281 286 284
3 281 287 286
3 288 289 290
3 291 292 293
3 294 292 291
3 291 290 294
3 290 289 294
3 289 295 294
3 289 296 295
3 288 285 289
3 285 284 289
3 284 297 289
3 284 298 297
3 284 286 298
3 289 297 296
3 280 274 281
3 274 299 281
3 299 300 281
3 280 275 274
3 274 276 299
3 281 300 287
3 264 301 302
3 302 265 264
3 265 302 269
3 303 294 304
3 303 305 294
3 305 292 294
3 294 295 304
3 305 303 306
3 307 308 309
3 310 311 312
3 313 314 315
3 313 308 314
3 308 316 314
3 316 317 314
3 313 309 308
3 310 318 311
3 310 314 318
3 310 315 314
3 314 317 319
3 319 318 314
3 320 321 322
3 322 323 320
3 324 321 325
3 321 326 325
3 321 320 326
3 307 321 308
3 321 327 308
3 327 328 308
3 307 322 321
3 321 324 327
3 326 329 325
3 308 328 316
3 330 331 332
3 333 334 335
3 336 334 333
3 333 331 336
3 331 337 336
3 337 338 336
3 333 332 331
3 339 331 330
3 330 340 339
3 340 341 339
3 340 342 341
3 342 343 341
3 343 344 341
3 337 331 339
3 339 345 337
3 339 341 345
3 346 334 336
3 336 347 346
3 336 338 347
3 343 348 344
3 349 350 351
3 352 350 349
3 353 350 352
3 354 355 356
3 357 355 354
3 354 358 357
3 359 360 361
3 362 360 359
3 363 360 362
3 352 361 353
3 361 364 353
3 361 360 364
3 360 365 364
3 365 360 363
3 363 366 365
3 362 356 363
3 356 367 363
3 356 355 367
3 368 355 369
3 355 357 369
3 368 367 355
3 366 363 367
3 367 370 366
3 367 368 370
3 371 372 373
3 374 372 371
3 375 372 374
3 376 373 377
3 373 378 377
3 373 372 378
3 372 379 378
3 379 372 375
3 375 380 379
3 374 351 375
3 351 350 375
3 350 381 375
3 350 382 381
3 382 350 353
3 353 383 382
3 375 381 380
3 377 378 384
3 385 386 387
3 388 389 390
3 391 392 393
3 391 390 392
3 390 394 392
3 390 395 394
3 390 389 395
3 396 397 398
3 399 397 396
3 400 397 399
3 385 398 386
3 398 397 386
3 397 401 386
3 402 401 403
3 401 397 403
3 397 400 403
3 399 393 400
3 393 392 400
3 392 404 400
3 392 405 404
3 392 394 405
3 400 404 403
3 406 407 408
3 409 410 411
3 411 412 409
3 409 413 414
3 414 410 409
3 406 415 407
3 415 416 407
3 406 410 415
3 406 411 410
3 410 414 415
3 407 417 418
3 418 408 407
3 419 420 421
3 419 422 420
3 419 423 422
3 419 418 423
3 418 417 423
3 407 416 424
3 424 417 407
3 417 424 423
3 388 420 389
3 420 425 389
3 425 426 389
3 388 421 420
3 420 422 425
3 389 426 395
3 427 428 429
3 430 431 432
3 433 434 435
3 433 436 434
3 433 429 436
3 429 428 436
3 430 435 431
3 435 434 431
3 434 437 431
3 434 438 437
3 438 434 436
3 436 439 438
3 440 441 442
3 443 441 440
3 444 441 443
3 445 446 447
3 448 449 450
3 448 445 449
3 450 449 451
3 451 452 450
3 445 448 446
3 453 454 455
3 456 454 453
3 453 457 456
3 458 455 451
3 455 454 451
3 454 459 451
3 454 460 459
3 460 454 456
3 456 461 460
3 457 462 456
3 457 442 462
3 442 441 462
3 441 463 462
3 463 441 444
3 444 464 463
3 456 462 461
3 451 459 452
3 465 466 467
3 468 469 470
3 471 469 468
3 468 472 471
3 443 470 444
3 470 473 444
3 470 469 473
3 469 474 473
3 474 469 471
3 471 475 474
3 472 476 471
3 472 477 476
3 477 478 476
3 477 467 478
3 467 466 478
3 466 479 478
3 471 476 475
3 480 481 482
3 480 431 481
3 431 483 481
3 431 484 483
3 480 432 431
3 465 485 466
3 465 481 485
3 481 486 485
3 465 482 481
3 481 483 486
3 431 437 484
3 466 485 479
3 444 473 464
3 487 488 489
3 490 491 118
3 492 491 490
3 493 491 492
3 494 495 496
3 497 495 494
3 494 498 497
3 499 500 501
3 502 500 499
3 499 503 502
3 504 505 506
3 507 508 509
3 510 511 512
3 510 513 511
3 510 506 513
3 506 505 513
3 507 514 508
3 507 512 514
3 512 511 514
3 515 513 516
3 515 514 513
3 514 511 513
3 517 518 519
3 520 518 517
3 517 521 520
3 504 522 505
3 504 519 522
3 519 518 522
3 523 520 524
3 523 522 520
3 522 518 520
3 521 501 520
3 501 525 520
3 501 526 525
3 501 500 526
3 526 500 502
3 502 527 526
3 520 525 524
3 528 513 529
3 513 522 529
3 513 505 522
3 522 523 529
3 513 528 516
3 530 531 532
3 533 531 530
3 534 531 533
3 535 536 537
3 538 536 535
3 535 539 538
3 503 540 502
3 503 541 540
3 503 537 541
3 537 536 541
3 541 536 538
3 538 542 541
3 539 543 538
3 539 532 543
3 532 531 543
3 531 544 543
3 544 531 534
3 534 545 544
3 538 543 542
3 546 547 548
3 549 547 546
3 550 547 549
3 533 548 534
3 548 551 534
3 548 547 551
3 552 550 553
3 552 547 550
3 552 551 547
3 554 550 549
3 549 555 554
3 555 556 554
3 556 557 554
3 557 558 554
3 557 559 558
3 553 550 554
3 554 560 553
3 554 558 560
3 545 534 551
3 551 561 545
3 551 552 561
3 502 540 527
3 562 563 564
3 564 565 562
3 565 509 562
3 509 566 562
3 509 567 566
3 509 508 567
3 568 563 569
3 563 562 569
3 568 570 563
3 562 566 569
3 567 508 514
3 514 571 567
3 514 515 571
3 570 568 572
3 573 574 575
3 576 577 578
3 579 577 576
3 580 579 576
3 581 579 580
3 582 583 584
3 582 585 583
3 582 575 585
3 575 574 585
3 580 584 581
3 584 583 581
3 583 586 581
3 587 583 588
3 583 585 588
3 587 586 583
3 589 590 591
3 592 590 589
3 593 590 592
3 573 594 574
3 573 591 594
3 591 590 594
3 594 593 595
3 590 593 594
3 592 596 593
3 592 597 596
3 597 598 596
3 599 598 600
3 598 601 600
3 599 596 598
3 602 596 603
3 602 593 596
3 602 595 593
3 596 599 603
3 604 594 605
3 604 574 594
3 604 585 574
3 605 594 595
3 595 606 605
3 585 604 588
3 595 602 606
3 607 579 608
3 577 579 607
3 609 581 610
3 609 579 581
3 609 608 579
3 611 607 608
3 608 612 611
3 608 609 612
3 610 581 586
3 586 613 610
3 586 587 613
3 601 614 600
3 615 616 617
3 618 619 620
3 619 621 622
3 622 620 619
3 623 624 625
3 626 627 628
3 628 627 629
3 630 631 632
3 628 633 626
3 625 624 631
3 630 625 631
3 624 634 635
3 624 635 631
3 633 636 637
3 633 637 626
3 632 631 636
3 633 632 636
3 638 639 640
3 631 635 636
3 641 642 643
3 641 643 644
3 641 639 642
3 642 645 643
3 646 647 648
3 641 640 639
3 649 650 647
3 646 649 647
3 649 651 650
3 648 647 652
3 649 643 651
3 647 650 652
3 649 644 643
3 643 653 651
3 638 629 639
3 643 645 653
3 629 654 655
3 629 655 639
3 654 627 626
3 629 627 654
3 639 655 642
3 626 656 654
3 657 658 659
3 626 637 656
3 660 624 661
3 661 624 623
3 659 662 660
3 661 659 660
3 658 663 662
3 659 658 662
3 128 664 658
3 657 128 658
3 127 665 664
3 128 127 664
3 129 666 665
3 665 127 129
3 634 624 660
3 658 664 663
3 660 662 667
3 660 667 634
3 129 146 666
3 668 669 670
3 668 671 672
3 668 672 669
3 670 673 674
3 668 675 671
3 676 669 677
3 669 673 670
3 676 673 669
3 669 672 677
3 678 679 680
3 680 679 681
3 682 683 684
3 680 685 678
3 681 679 683
3 682 681 683
3 679 678 686
3 687 679 686
3 685 688 678
3 687 683 679
3 685 674 689
3 685 689 688
3 673 676 689
3 674 673 689
3 671 690 691
3 678 688 686
3 672 691 677
3 691 672 671
3 684 683 692
3 693 684 692
3 683 687 692
3 693 694 684
3 694 693 695
3 696 697 698
3 699 700 701
3 701 700 702
3 703 704 705
3 701 706 699
3 698 707 704
3 703 698 704
3 706 704 699
3 698 697 707
3 704 708 709
3 704 709 699
3 708 704 707
3 706 705 704
3 710 711 712
3 707 713 708
3 714 711 710
3 715 716 717
3 714 717 718
3 718 711 714
3 717 716 719
3 717 719 718
3 720 721 722
3 720 722 723
3 712 711 721
3 720 712 721
3 724 723 725
3 724 725 726
3 727 722 728
3 723 722 725
3 727 725 722
3 722 721 728
3 729 711 718
3 729 718 730
3 730 718 719
3 729 721 711
3 721 729 728
3 719 731 730
3 715 700 732
3 715 732 716
3 733 700 734
3 715 702 700
3 733 732 700
3 700 699 734
3 716 732 735
3 736 716 735
3 732 733 735
3 736 719 716
3 719 736 731
3 699 709 734
3 737 738 739
3 739 738 740
3 741 742 743
3 744 738 737
3 737 745 746
3 746 744 737
3 743 747 746
3 745 743 746
3 748 749 750
3 743 742 747
3 751 749 748
3 752 753 754
3 755 756 751
3 748 755 751
3 753 682 756
3 755 753 756
3 757 758 759
3 755 754 753
3 760 758 757
3 761 762 763
3 760 763 764
3 764 758 760
3 763 762 765
3 763 765 764
3 766 742 767
3 767 742 741
3 767 759 768
3 767 768 766
3 742 766 769
3 759 758 768
3 770 766 771
3 769 747 742
3 770 769 766
3 766 768 771
3 772 768 758
3 758 764 772
3 764 765 773
3 774 764 773
3 771 768 772
3 774 772 764
3 772 774 775
3 772 775 771
3 761 776 777
3 777 762 761
3 750 778 777
3 776 750 777
3 779 777 780
3 750 749 778
3 779 765 762
3 779 762 777
3 778 781 780
3 780 777 778
3 782 783 784
3 783 785 786
3 787 783 786
3 788 782 784
3 787 784 783
3 788 784 789
3 789 784 787
3 790 791 792
3 792 791 793
3 791 794 793
3 793 794 795
3 796 786 792
3 792 793 796
3 793 795 797
3 798 793 797
3 794 799 800
3 798 796 793
3 795 800 797
3 800 795 794
3 787 786 801
3 802 787 801
3 796 798 801
3 786 796 801
3 787 802 789
3 803 804 805
3 806 659 803
3 805 806 803
3 807 808 659
3 806 807 659
3 623 804 803
3 808 657 659
3 803 659 661
3 803 661 623
3 808 128 657
3 809 810 811
3 812 813 814
3 814 813 815
3 816 817 818
3 814 819 812
3 816 820 821
3 816 821 817
3 816 822 820
3 820 823 821
3 819 818 824
3 819 824 812
3 818 817 825
3 818 825 824
3 826 827 828
3 817 821 825
3 815 829 827
3 826 815 827
3 829 813 812
3 815 813 829
3 828 827 830
3 812 831 829
3 820 832 823
3 812 824 831
3 833 834 835
3 836 837 838
3 839 836 838
3 835 840 837
3 836 835 837
3 841 842 843
3 835 834 840
3 844 845 846
3 844 846 847
3 848 849 845
3 844 848 845
3 841 847 850
3 841 850 842
3 851 846 852
3 847 846 850
3 851 850 846
3 846 845 852
3 853 834 854
3 854 834 833
3 854 843 855
3 854 855 853
3 843 842 856
3 843 856 855
3 853 857 840
3 840 834 853
3 856 842 850
3 853 855 857
3 850 851 858
3 850 858 856
3 838 837 859
3 860 861 862
3 863 864 865
3 866 867 868
3 863 869 870
3 870 864 863
3 871 865 864
3 864 872 871
3 864 870 872
3 872 870 873
3 874 875 870
3 869 874 870
3 876 877 878
3 874 876 875
3 879 875 880
3 878 875 876
3 873 870 875
3 879 873 875
3 878 881 880
3 880 875 878
3 882 871 872
3 872 883 882
3 872 873 883
3 883 873 884
3 883 885 867
3 866 883 867
3 886 885 887
3 866 882 883
3 883 884 887
3 885 883 887
3 888 884 873
3 873 879 888
3 889 890 891
3 884 888 887
3 892 893 894
3 892 894 895
3 892 868 867
3 892 867 893
3 889 895 896
3 889 896 890
3 897 896 898
3 895 894 896
3 896 894 893
3 896 893 898
3 899 900 901
3 899 901 902
3 891 890 900
3 899 891 900
3 860 902 903
3 860 903 861
3 904 900 905
3 902 901 903
3 904 903 901
3 904 901 900
3 906 900 896
3 906 896 907
3 896 897 907
3 900 890 896
3 908 893 909
3 900 906 905
3 867 885 909
3 893 867 909
3 893 908 898
3 885 886 909
3 910 911 912
3 913 911 914
3 915 911 910
3 913 912 911
3 911 916 914
3 910 912 917
3 918 910 917
3 912 913 917
3 918 919 910
3 920 921 922
3 920 922 923
3 924 922 925
3 920 926 921
3 921 919 925
3 922 921 925
3 927 922 928
3 929 927 928
3 922 924 928
3 927 923 922
3 916 930 914
3 919 918 925
3 931 932 933
3 927 929 934
3 931 933 935
3 935 933 936
3 936 937 935
3 938 939 940
3 941 942 943
3 944 945 946
3 946 945 947
3 948 945 944
3 944 949 948
3 938 945 950
3 938 950 939
3 951 945 952
3 938 947 945
3 951 950 945
3 945 948 952
3 939 953 940
3 940 953 954
3 955 942 956
3 956 942 941
3 953 957 955
3 956 953 955
3 956 954 953
3 953 958 957
3 953 939 959
3 960 953 959
3 950 951 959
3 939 950 959
3 961 962 963
3 953 960 958
3 964 965 966
3 964 966 967
3 943 942 965
3 964 943 965
3 967 966 962
3 961 967 962
3 966 968 969
3 966 969 962
3 965 970 968
3 968 966 965
3 971 962 972
3 971 972 973
3 962 974 975
3 962 975 972
3 976 972 557
3 971 963 962
3 972 977 978
3 972 978 557
3 972 975 977
3 976 973 972
3 979 955 980
3 962 969 974
3 979 965 942
3 979 942 955
3 965 979 970
3 955 957 980
3 981 948 949
3 949 982 981
3 948 981 952
3 983 984 985
3 986 987 988
3 989 987 986
3 990 991 992
3 993 992 989
3 986 993 989
3 992 994 995
3 992 995 989
3 996 997 998
3 992 991 994
3 999 1000 1001
3 999 1001 1002
3 985 1003 1000
3 999 985 1000
3 996 1004 997
3 985 984 1003
3 1002 1001 1004
3 996 1002 1004
3 1001 1000 1005
3 1001 1005 1004
3 990 1006 1007
3 990 1007 991
3 1006 997 1008
3 1006 1008 1007
3 1006 998 997
3 997 1009 1008
3 991 1007 994
3 1010 1011 1012
3 1013 1014 1015
3 1016 1017 1018
3 1018 1019 1016
3 811 1020 1021
3 1016 1022 1017
3 810 1023 1020
3 811 810 1020
3 1023 1024 1025
3 1023 1025 1020
3 1021 1020 1026
3 1027 1028 1029
3 1027 830 809
3 809 1028 1027
3 1030 1031 1032
3 1030 1033 1031
3 1032 1031 1034
3 1029 1035 1033
3 1030 1029 1033
3 1035 1028 809
3 1029 1028 1035
3 1031 1033 1034
3 809 811 1035
3 1036 1037 1038
3 1038 1039 1040
3 1038 1040 1036
3 1041 1042 1043
3 1042 1044 1043
3 1043 1044 1045
3 1046 1047 1048
3 1049 1050 1051
3 1052 1053 1047
3 1046 1052 1047
3 1046 1045 1044
3 1046 1044 1052
3 1054 946 1050
3 1049 1054 1050
3 1049 1048 1047
3 1049 1047 1054
3 1047 1053 1054
3 1055 1056 1057
3 1057 1058 1055
3 1059 1058 1057
3 1041 1058 1042
3 1060 1061 1042
3 1058 1060 1042
3 1058 1059 1060
3 1041 1055 1058
3 1062 1044 1042
3 1042 1061 1062
3 1063 1064 1065
3 1044 1062 1052
3 1066 1065 1067
3 1066 1067 1068
3 1065 941 943
3 1065 943 1067
3 1050 1069 1070
3 1065 1064 941
3 1071 1072 1073
3 1070 1051 1050
3 938 940 1072
3 1071 938 1072
3 1070 1069 938
3 1071 1070 938
3 947 1069 1050
3 1050 946 947
3 1063 1074 1064
3 1069 947 938
3 1063 1073 1072
3 1063 1072 1074
3 954 1074 1072
3 1072 940 954
3 1074 956 941
3 941 1064 1074
3 1075 1076 1077
3 1074 954 956
3 1078 1079 1080
3 1080 1079 1081
3 1080 1076 963
3 1080 963 1078
3 1080 1077 1076
3 1076 961 963
3 1068 967 1076
3 1075 1068 1076
3 1067 964 967
3 1068 1067 967
3 1076 967 961
3 1067 943 964
3 973 1079 1078
3 973 1078 971
3 1078 963 971
3 973 1082 1079
3 1082 973 976
3 1083 1084 578
3 1085 1086 1087
3 1085 1083 1086
3 1088 1089 1090
3 1091 1092 1093
3 1091 1094 1095
3 1095 1092 1091
3 1090 1096 1095
3 1094 1090 1095
3 1089 1097 1096
3 1090 1089 1096
3 1098 1099 1100
3 1101 1102 1103
3 1104 1102 1105
3 1105 1102 1101
3 1100 1099 1104
3 1105 1100 1104
3 1106 1107 165
3 1099 1108 1104
3 1106 1109 1110
3 1110 1107 1106
3 1103 1102 1109
3 1106 1103 1109
3 1111 1112 1110
3 1111 1110 1113
3 1113 1110 1109
3 1112 1107 1110
3 1114 1104 1115
3 1109 1116 1113
3 1109 1102 1104
3 1114 1109 1104
3 1108 1117 1115
3 1115 1104 1108
3 1118 1099 1098
3 1109 1114 1116
3 1119 1093 1118
3 1098 1119 1118
3 1093 1092 1120
3 1093 1120 1118
3 1121 1099 1122
3 1092 1123 1120
3 1121 1108 1099
3 1099 1118 1122
3 1123 1092 1095
3 1118 1120 1122
3 1095 1096 1124
3 1095 1124 1123
3 1125 1126 1127
3 1108 1121 1117
3 1125 1128 1129
3 1129 1126 1125
3 1130 1131 1132
3 1133 1134 1135
3 1134 1136 1131
3 1130 1134 1131
3 1130 1135 1134
3 1134 1137 1136
3 1127 1126 1134
3 1133 1127 1134
3 1138 1126 1139
3 1126 1140 1134
3 1138 1140 1126
3 1126 1129 1139
3 1140 1141 1137
3 1137 1134 1140
3 1142 1143 1144
3 1140 1138 1141
3 1142 160 1145
3 1142 1145 1143
3 1128 1144 1129
3 160 1146 1145
3 1143 1147 1129
3 1144 1143 1129
3 1148 1143 1145
3 1143 1148 1147
3 1149 1150 1151
3 1145 1152 1148
3 1145 1146 1150
3 1149 1145 1150
3 1112 1153 1151
3 1151 1150 1112
3 1129 1147 1139
3 1145 1149 1152
3 1131 1154 1155
3 137 1131 1155
3 137 1132 1131
3 1154 1156 1155
3 1155 1156 1157
3 1131 1136 1154
3 1112 1111 1153
3 1158 233 1159
3 1158 1159 1160
3 1158 1161 1162
3 1158 1162 233
3 1163 1164 1165
3 1165 1164 1166
3 1167 1163 1168
3 1165 1168 1163
3 1168 1169 1167
3 1170 1171 1172
3 1173 1170 1174
3 1172 1175 1170
3 1173 1171 1170
3 1170 1176 1174
3 1177 1178 690
3 1179 1180 1181
3 1182 1183 1178
3 1177 1182 1178
3 1177 1181 1180
3 1177 1180 1182
3 1184 1185 1186
3 1184 1186 1187
3 1188 1189 1185
3 1184 1188 1185
3 1190 1186 1191
3 1187 1186 1192
3 1190 1192 1186
3 1186 1185 1191
3 1193 1194 1195
3 1192 1190 1196
3 1185 1189 1194
3 1193 1185 1194
3 1197 1198 1195
3 1195 1194 1197
3 1197 1199 1198
3 1185 1193 1191
3 920 923 1200
3 1201 1200 1202
3 1201 1202 1203
3 1200 923 927
3 1200 927 1202
3 1204 1205 1206
3 1207 1208 1209
3 932 1210 1205
3 1204 932 1205
3 1211 933 932
3 1204 1211 932
3 936 933 1212
3 1212 933 1211
3 1213 1209 1208
3 1208 1214 1213
3 1212 1215 937
3 1212 937 936
3 1215 1216 1217
3 1215 1217 937
3 1215 1213 1214
3 1215 1214 1216
3 1218 1219 1220
3 1220 1219 1221
3 1207 1221 1208
3 1222 1219 1218
3 1221 1219 1223
3 1221 1223 1208
3 1224 1223 1222
3 1224 1222 1225
3 1218 1203 1222
3 1223 1219 1222
3 1202 1226 1222
3 1203 1202 1222
3 1226 927 934
3 1227 1226 934
3 1225 1222 1226
3 1226 1202 927
3 1226 1227 1228
3 1226 1228 1225
3 1208 1223 1229
3 1230 1208 1229
3 1223 1224 1229
3 1230 1214 1208
3 915 910 1231
3 1214 1230 1216
3 1232 921 926
3 1231 1233 915
3 910 919 921
3 1232 910 921
3 1232 1231 910
3 1234 1235 1236
3 1237 1238 1239
3 1240 1241 1242
3 1240 1239 1241
3 1242 1235 1234
3 1234 1240 1242
3 1243 1244 1245
3 1243 1236 1244
3 1239 1246 1241
3 1239 1238 1246
3 1235 1247 1248
3 1249 1244 1250
3 1236 1248 1244
3 1236 1235 1248
3 1249 1245 1244
3 1244 1248 1251
3 1244 1252 1250
3 1244 1251 1252
3 1242 1241 1253
3 1237 1254 1238
3 1247 1235 1242
3 1242 1253 1247
3 1255 1256 1257
3 1256 1258 1257
3 1254 1259 1238
3 1254 1256 1259
3 1259 1260 1246
3 1259 1255 1260
3 1255 1259 1256
3 1246 1238 1259
3 1258 1261 1257
3 1262 1263 1264
3 1265 1266 1267
3 1262 1268 1269
3 1264 1268 1262
3 1270 1271 1272
3 1267 1266 1273
3 1263 1272 1264
3 1270 1273 1271
3 1270 1267 1273
3 1271 1274 1275
3 1274 1271 1273
3 1272 1271 1264
3 1271 1275 1264
3 1276 1277 1278
3 1279 1280 1011
3 1277 1281 1280
3 1277 1282 1281
3 1279 1278 1280
3 1278 1277 1280
3 1269 1268 1283
3 1284 1283 1285
3 1276 1283 1277
3 1276 1269 1283
3 1282 1277 1283
3 1283 1286 1282
3 1283 1268 1285
3 1268 1264 1285
3 1283 1284 1286
3 1287 1288 1289
3 1290 1291 1292
3 1287 1291 1290
3 1287 1289 1291
3 1293 1292 1294
3 1294 1295 1293
3 1292 1293 1290
3 1288 1287 1169
3 1296 1297 1298
3 1299 1300 1296
3 1294 1301 1295
3 1299 1296 1298
3 1302 1303 1304
3 1305 1306 1307
3 1297 1308 1298
3 1300 1299 1309
3 1310 1307 1311
3 1307 1306 1311
3 1310 1312 1313
3 1310 1311 1312
3 1314 1304 1315
3 1304 1303 1315
3 1314 1306 1305
3 1315 1306 1314
3 1306 1315 1311
3 1316 1315 1317
3 1303 1318 1315
3 1311 1315 1319
3 1320 1321 1322
3 1323 1324 1325
3 1315 1318 1317
3 1316 1319 1315
3 1322 1321 1326
3 1327 1328 1329
3 1323 1326 1324
3 1323 1322 1326
3 1330 1331 1332
3 1331 1324 1332
3 1324 1331 1333
3 1333 1325 1324
3 1327 1331 1334
3 1327 1333 1331
3 1324 1326 1332
3 1327 1334 1328
3 1320 1335 1321
3 1320 1313 1335
3 1331 1330 1336
3 1336 1334 1331
3 1337 1335 1311
3 1335 1312 1311
3 1313 1312 1335
3 1337 1311 1338
3 1339 1326 1321
3 1335 1337 1340
3 1339 1335 1340
3 1339 1321 1335
3 1319 1316 1341
3 1326 1339 1332
3 1338 1311 1319
3 1319 1341 1338
3 1342 1343 1344
3 1345 1346 1347
3 1348 1347 1346
3 1346 1349 1348
3 1350 1349 264
3 1349 1351 264
3 1349 1352 1351
3 1351 301 264
3 1350 1348 1349
3 1353 1354 1355
3 1356 1357 1358
3 1358 1359 1356
3 1355 1356 1359
3 1354 1356 1355
3 1360 1361 1362
3 1363 1364 1365
3 1360 1366 1367
3 1362 1366 1360
3 1368 1365 1369
3 1365 1364 1369
3 1368 1370 1371
3 1368 1369 1370
3 1367 1366 1372
3 1373 1372 1374
3 1363 1372 1364
3 1363 1367 1372
3 1375 1369 1376
3 1369 1372 1376
3 1372 1362 1374
3 1372 1366 1362
3 1377 1378 1379
3 1377 1380 1378
3 1369 1364 1372
3 1372 1373 1376
3 1381 1382 1383
3 1361 1378 1362
3 1380 1381 1378
3 1381 1383 1378
3 1361 1379 1378
3 1378 1383 1384
3 1378 1385 1362
3 1378 1384 1385
3 1386 1387 1388
3 1362 1385 1374
3 1382 1381 1386
3 1386 1388 1382
3 1389 1390 1391
3 1390 1369 1391
3 1371 1390 1392
3 1370 1390 1371
3 1390 1393 1354
3 1353 1392 1390
3 1390 1370 1369
3 1353 1390 1354
3 1369 1375 1391
3 1356 1393 1394
3 1390 1389 1395
3 1395 1393 1390
3 1396 1394 1393
3 1397 1356 1398
3 1354 1393 1356
3 1393 1395 1396
3 1394 1396 1398
3 1399 1400 1401
3 1356 1394 1398
3 1397 1357 1356
3 1402 1403 1404
3 1403 671 675
3 1405 1406 1407
3 1405 1408 1406
3 675 1404 1403
3 1405 1407 1409
3 1407 1410 1409
3 1407 1406 1411
3 1405 1412 1408
3 1409 1410 1413
3 1175 1406 1408
3 1406 1175 1172
3 1411 1410 1407
3 1402 1410 1414
3 1402 1413 1410
3 1172 1411 1406
3 1402 1414 1403
3 1181 1414 1410
3 690 671 1177
3 1181 1410 1179
3 1410 1411 1179
3 1414 1181 1177
3 1411 1172 1179
3 671 1403 1177
3 1403 1414 1177
3 1415 1416 1417
3 1418 1419 1420
3 1417 1421 1422
3 1417 1416 1421
3 1422 1419 1418
3 1418 1417 1422
3 1415 1423 1424
3 1423 1425 1424
3 1416 1426 1421
3 1415 1424 1416
3 1427 1424 1425
3 1426 1416 1424
3 1427 1428 1429
3 1427 1425 1428
3 1424 1430 1426
3 1424 1427 1430
3 724 726 1431
3 1422 1421 1432
3 1428 1433 1429
3 1434 1435 1436
3 1436 1437 1434
3 1438 1439 1440
3 1441 1442 1443
3 1436 1444 1437
3 1445 1446 1447
3 1439 1448 1442
3 1449 1450 1451
3 1441 1440 1442
3 1440 1439 1442
3 1452 1451 1453
3 1451 1450 1453
3 1452 1454 1455
3 1452 1453 1454
3 1449 1443 1442
3 1456 1442 1457
3 1449 1458 1450
3 1449 1442 1458
3 1459 1450 1460
3 1450 1458 1460
3 1442 1448 1457
3 1456 1458 1442
3 1461 1462 1463
3 1464 1462 1461
3 1459 1453 1450
3 1458 1456 1460
3 1465 1464 1466
3 1466 1467 1465
3 1461 1466 1464
3 1468 1469 1470
3 1470 1471 1472
3 1470 1469 1471
3 1467 1472 1465
3 1467 1470 1472
3 1473 1474 1475
3 1474 1476 1475
3 1477 1476 1474
3 1473 1475 1478
3 1479 1476 1477
3 1477 1480 1479
3 1476 1481 1475
3 1476 1482 1481
3 1447 1446 1483
3 1446 1484 1483
3 1480 1483 1479
3 1480 1447 1483
3 1479 1483 1485
3 1468 1486 1469
3 1482 1476 1479
3 1479 1485 1482
3 1468 1478 1475
3 1475 1481 1487
3 1468 1475 1486
3 1475 1487 1486
3 1469 1486 1471
3 1488 1489 888
3 888 879 1488
3 887 1490 1491
3 887 1489 1490
3 1489 1492 1493
3 1488 1492 1489
3 1489 1493 1494
3 1495 1490 1489
3 887 888 1489
3 1495 1489 1494
3 907 1496 906
3 907 1497 1496
3 898 1498 897
3 905 1499 904
3 905 1500 1499
3 905 906 1500
3 907 897 1497
3 897 1498 1497
3 1501 1500 1496
3 909 1502 908
3 906 1496 1500
3 1496 1497 1501
3 886 1491 1503
3 898 1504 1498
3 909 1503 1502
3 909 886 1503
3 1502 1503 1505
3 1505 1504 1502
3 898 1502 1504
3 898 908 1502
3 1503 1491 1490
3 1490 1495 1506
3 1507 1503 1506
3 1503 1490 1506
3 1497 1504 1508
3 1498 1504 1497
3 1503 1507 1509
3 1509 1505 1503
3 1510 1508 1504
3 1511 1497 1512
3 1510 1504 1513
3 1504 1505 1513
3 1508 1510 1512
3 1505 1509 1513
3 1497 1508 1512
3 1511 1501 1497
3 1514 114 112
3 1515 1516 1517
3 1157 1518 1519
3 1519 1518 1520
3 1514 1516 114
3 1515 1519 1516
3 1519 1520 1516
3 1514 1517 1516
3 490 1516 1520
3 1516 118 114
3 1516 490 118
3 1113 1521 1111
3 1522 1521 1113
3 1520 492 490
3 1097 1523 1096
3 1524 1525 1115
3 1115 1117 1524
3 1113 1116 1522
3 1115 1525 1114
3 1114 1525 496
3 1525 494 496
3 1116 1114 1522
3 1114 496 1522
3 494 1525 1524
3 1524 498 494
3 1526 1527 1528
3 1529 1527 1526
3 1529 1530 1527
3 1527 1530 1531
3 1528 1532 1533
3 1527 1532 1528
3 1412 1531 1530
3 1534 1532 1535
3 1534 1533 1532
3 1534 1536 1537
3 1534 1535 1536
3 1404 1538 1402
3 1538 1536 1402
3 1536 1538 1539
3 1539 1537 1536
3 1540 1539 1538
3 1538 1404 675
3 1536 1535 1402
3 1538 1541 1540
3 1532 1527 1405
3 1527 1531 1405
3 675 1541 1538
3 1409 1532 1405
3 1413 1535 1532
3 1535 1413 1402
3 1531 1412 1405
3 1532 1409 1413
3 1542 1543 1544
3 1545 1546 413
3 1547 1548 1549
3 1547 1550 1551
3 1545 1552 1546
3 1547 1551 1548
3 1551 1553 1548
3 1548 1553 1554
3 1554 1552 1548
3 1545 1549 1552
3 1549 1548 1552
3 1555 1553 1551
3 1553 1555 1556
3 874 1554 1553
3 874 1553 1556
3 403 1557 402
3 395 1558 394
3 1559 1560 1561
3 1562 1563 1559
3 1562 1559 1561
3 1561 1560 1564
3 1563 1565 1566
3 1566 1567 1563
3 1563 1567 1559
3 1562 1568 1563
3 1559 1567 1569
3 1567 1566 1569
3 1570 1560 1569
3 1560 1559 1569
3 1571 1560 1572
3 1571 1564 1560
3 1571 1573 1574
3 1571 1572 1573
3 1575 1576 1577
3 1576 1573 1577
3 1573 1576 1578
3 1578 1574 1573
3 1579 1572 1560
3 1572 1579 1577
3 1573 1572 1577
3 1560 1570 1579
3 1580 1578 1576
3 1576 1575 1581
3 1580 1576 1582
3 1576 1583 1582
3 1583 1584 427
3 1583 1581 1584
3 1581 1583 1576
3 427 1582 1583
3 1585 1256 1254
3 1586 1587 1588
3 1012 1587 1586
3 1258 1256 1585
3 1585 1589 1258
3 1589 1588 1261
3 1588 1590 1261
3 1591 1587 1012
3 1589 1261 1258
3 1591 1592 1590
3 1588 1587 1590
3 1590 1587 1591
3 958 1593 957
3 959 1594 960
3 952 1595 951
3 959 951 1595
3 958 1594 1593
3 959 1595 1594
3 1595 1596 1594
3 1597 1594 1598
3 1594 1596 1598
3 1594 1599 1593
3 958 960 1594
3 970 1600 968
3 1601 1600 970
3 1597 1599 1594
3 968 1600 969
3 977 975 1602
3 975 1603 1602
3 974 1603 975
3 977 1602 978
3 974 969 1603
3 969 1604 1603
3 1603 1605 1602
3 1603 1606 1605
3 1600 1601 1607
3 1608 1604 1600
3 969 1600 1604
3 1608 1600 1607
3 1604 1608 1609
3 980 1610 979
3 1606 1603 1604
3 1604 1609 1606
3 957 1611 1612
3 957 1593 1611
3 980 957 1610
3 957 1612 1610
3 1610 1613 1601
3 1610 1614 1613
3 970 979 1601
3 979 1610 1601
3 1599 1615 1611
3 1599 1597 1615
3 1610 1612 1614
3 1611 1593 1599
3 1616 1617 982
3 1616 1618 1619
3 1601 1613 1607
3 982 1617 981
3 1620 1621 1595
3 952 981 1620
3 1619 1617 1616
3 952 1620 1595
3 1595 1621 1622
3 1622 1596 1595
3 981 1617 1620
3 1617 1619 1620
3 1596 1622 1598
3 1623 1624 1625
3 1626 1627 1628
3 1623 1628 1627
3 1623 1627 1629
3 1629 1630 1624
3 1623 1629 1624
3 1624 1630 1631
3 1632 1625 1624
3 1624 1633 1632
3 1634 1635 1636
3 1637 1638 1635
3 1633 1637 1635
3 1634 1633 1635
3 1631 1633 1624
3 1626 1639 1640
3 1626 1640 1627
3 1633 1631 1637
3 1634 1632 1633
3 1627 1640 1629
3 1641 1642 1639
3 1626 222 1641
3 1626 1641 1639
3 1636 1635 1643
3 1644 1636 1643
3 1644 1643 1645
3 1646 1647 1648
3 1643 1649 1650
3 1651 1643 1650
3 1652 1653 1643
3 1635 1652 1643
3 1635 1638 1652
3 1643 1653 1649
3 1651 1645 1643
3 1649 1654 1650
3 1650 1654 1088
3 1655 1656 1657
3 1657 1658 1655
3 1659 1660 1661
3 1659 1661 1662
3 1663 1664 1660
3 1656 1655 1665
3 1663 1666 1664
3 1664 1667 1668
3 1664 1668 1661
3 1660 1664 1661
3 1669 1670 1671
3 1672 1669 1671
3 1672 1671 1666
3 1663 1672 1666
3 1673 1674 1675
3 1661 1673 1675
3 1676 1661 1675
3 1664 1666 1667
3 1677 1678 1679
3 1675 1674 1542
3 1661 1668 1673
3 1676 1662 1661
3 1680 1681 1682
3 1683 1680 1682
3 1682 1684 1683
3 1685 1678 1677
3 1685 1540 1686
3 1679 1678 1687
3 1679 1687 1681
3 1680 1679 1681
3 1682 1688 752
3 752 1684 1682
3 1678 1686 1687
3 1686 1678 1685
3 1682 1681 1688
3 881 1689 1492
3 1690 1691 1692
3 1692 1693 1492
3 1690 1692 1492
3 1689 1690 1492
3 1493 1694 1494
3 1694 1493 1492
3 1492 1693 1694
3 1695 1696 1697
3 932 1695 1697
3 931 935 1698
3 1698 1699 931
3 932 931 1699
3 932 1699 1695
3 937 1700 1701
3 937 1701 1698
3 935 937 1698
3 1696 1695 1702
3 1703 1704 1705
3 1705 1706 1703
3 1706 1705 1701
3 1701 1700 1706
3 1703 1707 1704
3 1708 1709 1710
3 1580 1582 1711
3 1712 1713 1714
3 1582 427 429
3 1582 429 1709
3 1711 1582 1709
3 1708 1711 1709
3 1712 1715 1713
3 1716 1717 1718
3 1718 1717 1719
3 1719 1717 1720
3 1715 1717 430
3 432 1715 430
3 1712 1720 1717
3 1712 1717 1715
3 1709 435 1716
3 1710 1709 1716
3 1718 1710 1716
3 1717 1716 430
3 1716 435 430
3 1709 429 433
3 1709 433 435
3 1721 1722 1723
3 1724 1725 1726
3 1726 1727 1724
3 1724 1727 1722
3 440 1727 1726
3 1722 1727 440
3 1722 440 442
3 1722 442 1723
3 1726 443 440
3 1728 1729 1730
3 1723 442 457
3 1731 455 458
3 1723 457 453
3 1732 1714 1713
3 1713 1733 1732
3 1728 1734 1735
3 1735 1729 1728
3 1736 465 467
3 1736 467 1737
3 1737 1735 1736
3 1736 1735 1734
3 1725 1730 470
3 1725 470 1726
3 1732 1733 465
3 1736 1732 465
3 1735 472 468
3 468 1729 1735
3 1730 1729 468
3 1730 468 470
3 1737 467 477
3 1737 477 472
3 472 1735 1737
3 1726 470 443
3 1715 432 480
3 1733 1713 1715
3 1733 1715 480
3 482 1733 480
3 1733 482 465
3 1738 1739 1740
3 1740 1739 1741
3 1742 1743 1744
3 1744 2 1745
3 1746 1744 1745
3 1746 1745 1747
3 1740 1748 1738
3 1747 1745 1738
3 1748 1747 1738
3 1743 0 2
3 1744 1743 2
3 1749 1750 1751
3 1745 2 3
3 1745 3 5
3 1745 5 1738
3 1752 1753 1754
3 1754 1753 1755
3 1755 1753 1756
3 1757 1758 1759
3 1758 10 1760
3 1759 1758 1760
3 1761 1759 1760
3 1761 1760 1762
3 1760 13 1752
3 1762 1760 1752
3 1754 1762 1752
3 1758 8 10
3 1763 1764 1765
3 1765 1764 1766
3 1760 10 11
3 1760 11 13
3 1766 1764 1767
3 1757 1766 1767
3 1757 1767 1758
3 1768 1764 1763
3 1769 1768 1763
3 1767 1764 1768
3 17 1767 1768
3 17 1768 15
3 1750 1770 1769
3 1751 1750 1769
3 1771 1751 1769
3 1763 1771 1769
3 1770 21 19
3 19 1769 1770
3 1769 19 15
3 15 1768 1769
3 1772 1773 1774
3 1767 17 22
3 1767 22 8
3 8 1758 1767
3 1774 1773 1775
3 1776 1774 1775
3 1776 1775 1777
3 1776 1777 1778
3 1779 33 1780
3 1781 1779 1780
3 1749 1781 1780
3 1780 1750 1749
3 36 1775 34
3 1782 1778 1777
3 1777 1783 1782
3 1779 31 33
3 1782 1783 31
3 1779 1782 31
3 1783 1777 1775
3 36 1783 1775
3 1772 1741 1784
3 1772 1784 1773
3 1783 36 37
3 1783 37 31
3 1739 1738 41
3 1784 1739 41
3 43 1784 41
3 1741 1739 1784
3 1784 43 44
3 1773 1784 44
3 1775 1773 44
3 46 1775 44
3 1750 1780 56
3 58 1750 56
3 1775 46 34
3 1738 5 41
3 1770 58 21
3 1780 33 56
3 58 1770 1750
3 1785 1786 1787
3 290 1788 288
3 1789 1790 1788
3 1788 1791 1792
3 1789 1788 1792
3 1791 291 293
3 293 1792 1791
3 290 1791 1788
3 1788 1793 288
3 1794 1795 1796
3 1797 275 280
3 1793 285 288
3 1791 290 291
3 1798 1799 1796
3 1796 1795 1798
3 1794 845 849
3 1794 849 1795
3 1800 1801 1802
3 1800 1802 1799
3 1799 1798 1800
3 845 1794 852
3 1803 1804 1805
3 1806 1807 1808
3 1809 1810 1811
3 1812 1804 695
3 695 1804 1803
3 1810 1813 1814
3 1811 1810 1814
3 1806 1811 1814
3 1814 1807 1806
3 1805 1804 1815
3 1809 1805 1815
3 1809 1815 1810
3 1810 1816 1813
3 1816 1810 1815
3 1815 1804 1812
3 1817 1815 1812
3 1817 1812 1789
3 1818 1819 1820
3 1821 1822 1823
3 1815 1817 1824
3 1815 1824 1816
3 1820 1819 1825
3 1826 1820 1825
3 1821 1826 1825
3 1825 1822 1821
3 1827 1828 1829
3 1829 1830 1827
3 1827 1830 1831
3 1819 1832 1825
3 1833 1834 1835
3 1835 1834 1836
3 1818 1836 1834
3 1834 1819 1818
3 1837 1834 1833
3 1838 1832 1819
3 1819 1834 1837
3 1838 1819 1837
3 1830 1839 1833
3 1831 1830 1833
3 1835 1831 1833
3 1833 1840 1837
3 1839 1841 1840
3 1840 1833 1839
3 1842 1839 1830
3 1830 1829 1842
3 1843 1844 1845
3 1845 1846 1843
3 1842 1847 1841
3 1841 1839 1842
3 1848 1845 1849
3 1823 1822 1850
3 1823 1850 1845
3 1844 1823 1845
3 1850 1851 1849
3 1849 1845 1850
3 1848 1852 1846
3 1848 1846 1845
3 1853 1825 1832
3 1850 1822 1825
3 1854 1850 1825
3 1854 1825 1853
3 1832 1838 1855
3 1852 1848 1856
3 1850 1854 1851
3 1832 1855 1853
3 1857 1858 1859
3 1859 1860 1857
3 1828 1857 1860
3 1860 1829 1828
3 1807 1861 1862
3 1863 1807 1862
3 1864 1863 1862
3 1864 1862 1865
3 1862 1866 1867
3 1865 1862 1867
3 1858 1865 1867
3 1858 1867 1859
3 1868 1842 1860
3 1868 1860 1869
3 1861 1870 1866
3 1866 1862 1861
3 1842 1868 1847
3 1859 1871 1869
3 1869 1860 1859
3 1842 1829 1860
3 1807 1814 1872
3 1861 1807 1872
3 1873 1861 1872
3 1859 1867 1871
3 1861 1873 1870
3 1814 1813 1872
3 1874 1875 1876
3 1876 1877 1874
3 1874 1877 1433
3 1878 1879 1880
3 1879 1881 1882
3 1880 1879 1882
3 1883 1880 1882
3 1883 1882 1884
3 1882 1885 1876
3 1884 1882 1876
3 1875 1884 1876
3 1881 1886 1882
3 1882 1886 1887
3 1882 1887 1885
3 1888 1889 1890
3 1891 1892 1893
3 1893 1892 1894
3 1895 1891 1893
3 1896 1897 1898
3 1888 1894 1892
3 1892 1899 1889
3 1888 1892 1889
3 1900 1889 1901
3 1902 1900 1901
3 1889 1900 1890
3 1890 1900 1903
3 1896 1903 1900
3 1896 1900 1904
3 1896 1904 1897
3 1889 1899 1901
3 1905 1904 1900
3 1900 1902 1905
3 1906 1907 1908
3 1908 1907 1909
3 387 386 1910
3 1911 387 1910
3 1911 1910 1912
3 1913 1907 1906
3 1906 1912 1914
3 1906 1914 1913
3 386 1915 1916
3 386 1916 1910
3 1917 1918 1919
3 1910 1916 1920
3 1910 1920 1914
3 1912 1910 1914
3 1921 1907 1913
3 1917 1909 1907
3 1907 1921 1918
3 1917 1907 1918
3 1915 386 401
3 1913 1914 1922
3 1919 1918 1923
3 1913 1922 1921
3 401 402 1924
3 401 1924 1915
3 1925 1926 1927
3 1928 1929 1930
3 1931 1932 1933
3 1934 1931 1933
3 1935 1931 1936
3 1936 1931 1937
3 1937 1934 1938
3 1937 1938 1939
3 1939 1936 1937
3 1934 1937 1931
3 783 782 1940
3 1940 1933 1932
3 783 1940 1932
3 783 1932 1941
3 789 1942 788
3 782 788 1942
3 1942 1940 782
3 783 1941 785
3 1943 1944 800
3 1945 1946 797
3 797 1946 798
3 1947 1942 789
3 801 1948 802
3 1944 1945 800
3 800 1945 797
3 800 799 1943
3 789 1949 1947
3 801 798 1946
3 1946 1950 1948
3 801 1946 1948
3 1948 1950 1949
3 789 802 1948
3 789 1948 1949
3 1951 1952 1953
3 1953 1952 1954
3 1955 1956 1957
3 1958 1959 1960
3 1960 1951 1958
3 1953 1958 1951
3 1961 1962 1963
3 1962 1961 1964
3 1964 1961 1965
3 1966 1962 1964
3 1957 1956 1967
3 1968 1957 1967
3 1967 1961 1968
3 1968 1961 1963
3 1967 1969 790
3 1970 1965 1961
3 1961 1967 1970
3 1956 1969 1967
3 1971 1954 1972
3 1971 1972 1973
3 1971 1973 1974
3 790 1970 1967
3 1974 1973 1975
3 1974 1975 1956
3 1955 1974 1956
3 1954 1952 1972
3 1976 1951 1977
3 1975 1973 1972
3 1978 1975 1972
3 1978 1972 1979
3 1960 1980 1977
3 1977 1951 1960
3 1972 1952 1951
3 1976 1972 1951
3 1975 1978 1981
3 1982 1969 1956
3 1956 1975 1982
3 1972 1976 1979
3 794 791 1983
3 791 790 1969
3 1969 1982 791
3 1981 1982 1975
3 794 1983 799
3 791 1982 1981
3 791 1981 1983
3 1984 1985 1986
3 1986 1987 1984
3 1988 1966 1989
3 1965 1990 1989
3 1989 1964 1965
3 1988 1984 1966
3 1966 1964 1989
3 792 1991 790
3 1970 1992 1990
3 1990 1965 1970
3 1984 1988 1985
3 1991 792 785
3 785 792 786
3 1992 1970 790
3 1991 1992 790
3 1993 1994 1995
3 1995 1994 1996
3 1997 1994 1998
3 1999 1994 1993
3 1993 2000 2001
3 1999 1993 2001
3 1994 1999 2002
3 1997 1996 1994
3 2002 2003 1998
3 1994 2002 1998
3 1998 2004 2005
3 1998 2005 2006
3 2007 1998 2006
3 2007 2006 2008
3 2006 2009 2010
3 2008 2006 2010
3 439 2008 2010
3 2007 2011 1998
3 2000 2012 2001
3 1998 2003 2004
3 2006 2005 2013
3 2006 2013 2009
3 2010 2009 2014
3 618 2015 2016
3 618 2016 2017
3 618 2017 619
3 621 619 2018
3 2019 621 2018
3 2020 2017 2016
3 621 2021 2022
3 2017 2020 2018
3 619 2017 2018
3 2021 487 2023
3 2024 2021 2023
3 2024 2023 2025
3 2022 622 621
3 2026 2027 2028
3 2028 2029 2026
3 2030 2028 2027
3 2024 2022 2021
3 2031 2032 489
3 2025 2023 2032
3 2030 2025 2032
3 2030 2032 2028
3 2033 2029 2032
3 2033 2032 2034
3 2023 487 489
3 2032 2023 489
3 2032 2031 2034
3 2029 2028 2032
3 2035 2036 2037
3 2038 2039 2040
3 2041 2042 2043
3 2039 2041 2043
3 2035 2039 2043
3 2043 2036 2035
3 2044 2045 2046
3 2044 2046 2039
3 2038 2044 2039
3 2035 2040 2039
3 2039 2046 2041
3 2044 2047 2045
3 2038 2048 2044
3 2043 2042 2049
3 2050 2051 2052
3 2053 2054 2055
3 2050 2055 2054
3 2054 2056 2057
3 2054 2057 2051
3 2050 2054 2051
3 12 2058 2059
3 12 2059 2054
3 13 12 2054
3 2053 13 2054
3 2060 2051 2061
3 2054 2059 2056
3 14 2062 2058
3 2058 12 14
3 2051 2057 2063
3 2060 2052 2051
3 2063 2064 2061
3 2051 2063 2061
3 14 25 2062
3 2061 2064 2065
3 2066 2067 2068
3 2068 2069 2066
3 2070 2066 2069
3 2069 2071 2070
3 2072 2073 2074
3 2074 2068 2072
3 2072 2068 2067
3 2075 2076 2077
3 2078 2079 2080
3 2076 2081 2073
3 2077 2076 2073
3 2072 2077 2073
3 2082 2083 2084
3 2085 2086 2087
3 2078 2088 2089
3 2089 2079 2078
3 2082 1905 2090
3 2082 2090 2091
3 2082 2091 2092
3 2082 2092 2083
3 2084 2083 2093
3 2085 2084 2093
3 2085 2093 2094
3 2085 2094 2086
3 2087 2086 2095
3 2096 2087 2095
3 2096 2095 2097
3 2083 2092 2093
3 2095 2098 2089
3 2097 2095 2089
3 2088 2097 2089
3 2086 2099 2095
3 2086 2094 2100
3 2099 2101 2102
3 2102 2095 2099
3 2095 2102 2098
3 2103 2104 2105
3 2106 2107 2108
3 2099 2100 2101
3 2100 2099 2086
3 2106 2109 2107
3 2108 2107 2110
3 2108 2110 2104
3 2103 2108 2104
3 2109 2089 2111
3 2112 2109 2111
3 2080 2079 2109
3 2106 2080 2109
3 2113 2110 2107
3 2107 2109 2114
3 2113 2107 2114
3 2109 2079 2089
3 2105 2104 2115
3 2075 2105 2115
3 2075 2115 2076
3 2109 2112 2114
3 2076 2115 2081
3 2110 2116 2117
3 2117 2104 2110
3 2104 2117 2115
3 2089 2098 2111
3 2110 2113 2116
3 1054 944 946
3 1052 2118 1053
3 976 557 556
3 1053 2118 949
3 1054 1053 949
3 1054 949 944
3 1060 2119 1061
3 1061 2120 1062
3 1059 2121 2122
3 1060 1059 2122
3 1060 2122 2119
3 2119 2122 2123
3 2120 2119 2123
3 2124 2120 2123
3 2119 2120 1061
3 1052 2120 2118
3 2122 2125 2123
3 2125 2122 2121
3 2121 2126 2125
3 2120 2124 2127
3 1052 1062 2120
3 2127 2128 2118
3 2120 2127 2118
3 982 949 2118
3 2118 2128 982
3 2129 2130 2131
3 2132 2133 2134
3 2135 2136 2137
3 2138 2135 2137
3 2138 2137 2139
3 2140 2136 2135
3 2141 2131 2142
3 2140 2141 2142
3 2142 2136 2140
3 2136 2143 2137
3 2144 2143 2142
3 2144 2142 2145
3 2131 2130 2146
3 2131 2146 2142
3 2147 2148 2149
3 2146 2150 2145
3 2145 2142 2146
3 2143 2136 2142
3 2149 2151 2152
3 2153 2149 2152
3 2152 2130 2153
3 2153 2130 2129
3 2154 2133 2155
3 2155 2148 2154
3 2154 2148 2147
3 2149 2148 2151
3 2156 2155 2157
3 2154 2134 2133
3 2158 2159 2155
3 2133 2158 2155
3 2160 2152 2161
3 2155 2159 2157
3 2156 2151 2148
3 2156 2148 2155
3 2151 2162 2161
3 2161 2152 2151
3 2160 2146 2130
3 2160 2130 2152
3 2151 2156 2162
3 2146 2160 2150
3 2163 2164 2165
3 2166 2167 2168
3 2168 2169 2166
3 2169 2170 2171
3 2172 2169 2171
3 2172 2171 2173
3 2174 2175 2176
3 2174 2171 2177
3 2174 2177 2178
3 2174 2178 2175
3 2172 2166 2169
3 2171 2170 2177
3 2174 2173 2171
3 1590 1592 2179
3 1592 985 2179
3 1592 983 985
3 1590 2179 1261
3 1246 2180 1241
3 1247 2181 1248
3 2181 986 988
3 1253 2181 1247
3 2182 2181 1253
3 1253 1241 2182
3 1251 2183 1252
3 1251 1248 2183
3 1248 988 2183
3 1248 2181 988
3 2182 993 986
3 2182 992 993
3 1257 2184 1255
3 2185 2180 1246
3 1241 992 2182
3 1241 2180 992
3 2180 990 992
3 986 2181 2182
3 1255 2184 996
3 1257 1261 2184
3 1261 1002 2184
3 1261 999 1002
3 1246 1260 2185
3 1260 998 2185
3 1260 1255 998
3 1255 996 998
3 2185 1006 990
3 2185 998 1006
3 1261 2179 999
3 2179 985 999
3 2184 1002 996
3 990 2180 2185
3 2186 2187 2188
3 2189 2190 2191
3 2188 833 835
3 2188 2187 833
3 839 2190 2192
3 2192 836 839
3 2192 2190 2189
3 2189 2193 2192
3 2193 835 2192
3 2193 2188 835
3 2194 2195 2196
3 2195 2197 2196
3 2197 843 2196
3 2197 841 843
3 2192 835 836
3 2198 2197 2195
3 2194 2187 2186
3 2196 2187 2194
3 2199 848 844
3 2197 847 841
3 833 2187 2196
3 2196 854 833
3 2198 2199 2197
3 2199 847 2197
3 2199 844 847
3 2198 1885 2199
3 2196 843 854
3 1036 2200 2201
3 2202 2203 2204
3 2204 2205 2202
3 2206 2207 2208
3 2209 2207 2206
3 2070 2202 2207
3 2207 2066 2070
3 2200 2210 2211
3 2211 2201 2200
3 2208 2202 2205
3 2207 2202 2208
3 2212 2210 2213
3 2210 2075 2213
3 2075 2077 2213
3 2212 2211 2210
3 2066 2207 2209
3 2209 2067 2066
3 2212 2209 2206
3 2213 2209 2212
3 2214 2215 1039
3 2216 2217 2218
3 2216 2219 2217
3 2216 2220 2219
3 2067 2209 2213
3 2213 2072 2067
3 2213 2077 2072
3 2221 2222 2220
3 2078 2080 2215
3 2078 2217 2219
3 2219 2088 2078
3 2223 2224 2225
3 2220 2222 2219
3 2214 2218 2215
3 2218 2217 2215
3 2217 2078 2215
3 2221 2225 2226
3 2225 2224 2226
3 2087 2224 2085
3 2224 2227 2085
3 2223 2227 2224
3 2223 1897 2227
3 2223 1898 1897
3 2221 2226 2222
3 1904 1905 2082
3 2227 2084 2085
3 2097 2222 2096
3 2222 2226 2096
3 2087 2226 2224
3 2084 2227 2082
3 2227 1897 2082
3 1897 1904 2082
3 2228 2200 1040
3 1040 1039 2228
3 1039 2215 2228
3 2215 2106 2228
3 2097 2219 2222
3 2226 2087 2096
3 2219 2097 2088
3 1040 2200 1036
3 2228 2108 2103
3 2215 2080 2106
3 2210 2105 2075
3 2106 2108 2228
3 2105 2228 2103
3 2105 2210 2228
3 2210 2200 2228
3 2229 2230 2231
3 2231 2232 2229
3 2233 2234 2235
3 2233 1925 2234
3 2236 2229 2232
3 1925 1927 2234
3 2233 2230 1925
3 2233 2231 2230
3 1702 2237 2238
3 2239 2237 1702
3 2240 2241 2242
3 2243 2244 2241
3 2237 2244 2243
3 2243 2238 2237
3 2242 2245 2246
3 2241 2244 2242
3 2244 2245 2242
3 2239 2247 2248
3 2245 2249 2246
3 2249 2237 2248
3 2249 2244 2237
3 2249 2245 2244
3 2248 2237 2239
3 1929 2250 2251
3 2252 1930 1929
3 2253 2254 2255
3 2253 2256 2254
3 2253 2255 2257
3 2252 2251 2256
3 2252 1929 2251
3 2257 2258 2259
3 2255 2258 2257
3 2260 2261 930
3 2260 2262 2261
3 2256 2251 2254
3 2232 2251 2236
3 2251 2250 2236
3 2232 2254 2251
3 2254 2232 2231
3 2231 2263 2254
3 2235 2262 2233
3 2262 2258 2233
3 2260 2258 2262
3 2260 2259 2258
3 2255 2254 2263
3 2263 2258 2255
3 1697 2264 1210
3 2258 2263 2233
3 2263 2231 2233
3 2265 2264 1199
3 1210 2264 2265
3 1191 2266 1190
3 1195 2267 1193
3 1198 2267 1195
3 2241 2268 2243
3 2241 2267 2268
3 2241 2269 2267
3 1198 1199 2268
3 2268 2267 1198
3 1191 1193 2266
3 1193 2269 2266
3 1193 2267 2269
3 2243 2268 2270
3 2270 2238 2243
3 2238 2270 1696
3 1696 1702 2238
3 1199 2264 2268
3 2264 2270 2268
3 2270 1697 1696
3 2264 1697 2270
3 2266 2269 2240
3 2269 2241 2240
3 2271 926 920
3 2272 2273 2274
3 2275 2276 2277
3 2278 2279 2280
3 2281 2279 2278
3 2278 2282 2281
3 2279 2281 2283
3 2284 2285 2279
3 2282 2286 2281
3 2282 2287 2286
3 1959 2280 1960
3 2280 2285 1960
3 2280 2279 2285
3 2284 2279 2283
3 2281 2286 2283
3 2288 2289 2290
3 2288 2291 2289
3 2288 2292 2291
3 2282 2293 2287
3 2293 2277 2287
3 2277 2276 2287
3 2276 2294 2287
3 2290 2289 2295
3 2295 2289 2291
3 2291 2296 2295
3 2297 2298 2299
3 2292 2300 2291
3 2275 2295 2276
3 2295 2301 2276
3 2275 2290 2295
3 2291 2297 2296
3 2276 2301 2294
3 1980 1960 2285
3 2285 2302 1980
3 2297 2291 2298
3 2291 2300 2298
3 2299 2298 2303
3 2303 2304 2299
3 2285 2284 2302
3 2305 2306 2307
3 2306 1953 2308
3 1953 1954 2308
3 2309 2306 2305
3 2305 2310 2309
3 2311 2307 2308
3 2307 2306 2308
3 2309 1958 1953
3 1958 2309 2312
3 2312 1959 1958
3 2310 617 2309
3 617 2312 2309
3 617 616 2312
3 1953 2306 2309
3 2313 1968 1963
3 2313 1957 1968
3 2314 1974 1955
3 1974 2308 1971
3 2308 1954 1971
3 489 488 2315
3 2315 1564 1571
3 2316 1574 1578
3 1578 2317 2316
3 2318 1568 1562
3 489 1571 2316
3 1571 1574 2316
3 489 2315 1571
3 2317 1578 1580
3 2319 2320 2321
3 2322 2320 2319
3 2319 2323 2322
3 2324 2321 2325
3 2326 2327 2328
3 2325 2327 2326
3 2326 2324 2325
3 1651 1650 2329
3 1093 2330 2320
3 2331 2322 2323
3 2332 2322 2331
3 2331 2329 2332
3 2321 2330 2325
3 2321 2320 2330
3 1093 2322 1091
3 1093 2320 2322
3 2332 1094 1091
3 2332 1090 1094
3 2333 2334 2335
3 2336 152 151
3 2329 1650 2332
3 1650 1090 2332
3 1650 1088 1090
3 1091 2322 2332
3 2334 1101 1103
3 2333 2328 2334
3 2328 2337 2334
3 2328 2327 2337
3 151 2338 2336
3 2338 2335 2336
3 2335 2334 2336
3 2334 1103 2336
3 2337 1105 1101
3 2337 1100 1105
3 165 152 2336
3 2336 1106 165
3 1100 2325 1098
3 1100 2327 2325
3 1100 2337 2327
3 1101 2334 2337
3 2339 2340 2341
3 2342 2343 2344
3 2342 2341 2343
3 2341 2340 2343
3 2336 1103 1106
3 1098 2325 2330
3 2330 1119 1098
3 2330 1093 1119
3 150 149 2345
3 149 2346 2345
3 1127 2345 1125
3 1127 2340 2345
3 2340 2347 2343
3 2348 2340 2339
3 2345 2340 2348
3 2348 150 2345
3 2343 2349 122
3 121 2344 2343
3 1135 2343 1133
3 2343 2347 1133
3 1127 2347 2340
3 1125 2345 2346
3 2346 1128 1125
3 121 2343 122
3 2349 1135 1130
3 2347 1127 1133
3 1144 149 1142
3 149 159 1142
3 1135 2349 2343
3 1132 122 1130
3 122 2349 1130
3 1132 124 122
3 1144 2346 149
3 159 160 1142
3 2346 1144 1128
3 124 1132 137
3 1692 2350 1693
3 1692 2351 2350
3 2351 2352 2350
3 1693 2353 1694
3 2350 2353 1693
3 2350 2352 2354
3 1692 2355 2351
3 1692 1691 2355
3 2353 2354 2356
3 2356 2357 2353
3 2358 2359 2360
3 2359 2357 2360
3 2354 2353 2350
3 1494 2353 2359
3 2353 2357 2359
3 1494 1694 2353
3 2361 2362 2363
3 2358 2364 2359
3 2357 2356 2360
3 2364 2358 2362
3 2362 2361 2364
3 2365 2366 2367
3 2368 2369 2370
3 2371 2372 2373
3 2371 2374 2372
3 2375 2376 2377
3 2375 2367 2376
3 2367 2378 2376
3 2367 2366 2378
3 2371 2370 2374
3 2370 2369 2374
3 2377 2369 2368
3 2368 2375 2377
3 2379 2380 2381
3 2382 2380 2379
3 2383 2380 2382
3 2384 2385 2386
3 2048 2369 2387
3 2369 2377 2387
3 2048 2374 2369
3 2377 2376 2387
3 2388 2389 2390
3 2391 2389 2388
3 2392 2389 2391
3 2382 2393 2383
3 2394 2395 2396
3 2394 2397 2395
3 2394 2386 2397
3 2386 2385 2397
3 2392 2398 2399
3 2391 2396 2392
3 2396 2395 2392
3 2395 2400 2392
3 2382 2390 2393
3 2390 2399 2393
3 2390 2389 2399
3 2399 2389 2392
3 2400 2401 2398
3 2400 2402 2401
3 2403 2404 2405
3 2365 2406 2366
3 2402 2395 2060
3 2395 2397 2060
3 2402 2400 2395
3 2398 2392 2400
3 2405 2404 2407
3 2403 2408 2404
3 2403 2381 2408
3 2381 2409 2408
3 2406 2410 2366
3 2406 2411 2410
3 2406 2405 2411
3 2405 2407 2411
3 2366 2410 2378
3 2383 2393 2412
3 2381 2380 2409
3 2409 2380 2383
3 2383 2412 2409
3 2404 2408 2407
3 1350 264 266
3 1179 1172 1171
3 1171 1173 2413
3 1180 2414 1182
3 1179 2413 1180
3 2413 2414 1180
3 1179 1171 2413
3 2415 848 2199
3 2415 2416 848
3 1887 1886 2415
3 1881 2415 1886
3 1887 2199 1885
3 1887 2415 2199
3 2417 2418 2419
3 2419 2420 2417
3 2421 2422 343
3 2422 348 343
3 2421 343 342
3 376 377 2423
3 2419 2418 2422
3 2420 2424 2417
3 2420 2425 2424
3 2425 2426 2424
3 2425 2423 2426
3 2422 2427 348
3 2422 2418 2427
3 2427 2418 2417
3 2417 2428 2427
3 2429 320 323
3 2430 320 2429
3 326 320 2430
3 2431 2432 2433
3 2423 377 2426
3 377 384 2426
3 2417 2424 2428
3 335 334 2434
3 2430 2433 326
3 2433 2432 326
3 2432 329 326
3 2432 2435 329
3 2431 334 2432
3 334 2436 2432
3 334 346 2436
3 2431 2434 334
3 2432 2436 2435
3 1225 2437 1224
3 934 2438 1227
3 1228 2437 1225
3 2439 2437 1228
3 932 1697 1210
3 1217 1700 937
3 1216 1700 1217
3 1706 1700 1216
3 1229 2440 2441
3 1229 1224 2440
3 1224 2437 2440
3 1216 1230 1706
3 1228 2442 2439
3 1228 1227 2442
3 1227 2438 2442
3 1229 2441 1230
3 1703 2441 2440
3 2437 2439 2443
3 2443 2440 2437
3 2439 2442 2444
3 1230 2441 1706
3 2441 1703 1706
3 1707 2440 2445
3 1707 1703 2440
3 2444 2446 2447
3 914 2448 913
3 917 2449 918
3 917 2450 2449
3 2444 2443 2439
3 2445 2440 2443
3 2443 2447 2445
3 2447 2443 2444
3 928 2451 2452
3 928 924 2451
3 924 2453 2451
3 925 2454 2453
3 917 913 2450
3 913 2448 2450
3 925 2453 924
3 928 2452 929
3 2454 2449 2450
3 2451 2454 2455
3 2453 2454 2451
3 2454 2456 2457
3 925 918 2454
3 918 2449 2454
3 2456 2454 2458
3 2454 2450 2458
3 2459 2262 2460
3 2459 2461 2262
3 2461 2261 2262
3 2462 2461 2463
3 2457 2455 2454
3 914 2461 2448
3 914 930 2461
3 930 2261 2461
3 2450 2462 2458
3 934 2464 2438
3 934 929 2464
3 929 2452 2464
3 2462 2450 2461
3 2450 2448 2461
3 2461 2459 2463
3 2262 2235 2460
3 2465 2466 2467
3 2466 2468 2467
3 2466 2464 2468
3 2469 2451 2470
3 2464 2451 2468
3 2452 2451 2464
3 2442 2464 2466
3 2438 2464 2442
3 2471 2466 2472
3 2471 2444 2466
3 2444 2442 2466
3 2466 2465 2472
3 2451 2455 2470
3 2469 2468 2451
3 2455 2457 2470
3 2468 2469 2467
3 2444 2471 2446
3 2473 2474 2145
3 2145 2150 2473
3 2158 2475 2159
3 2157 2476 2156
3 2145 2474 2144
3 2161 2477 2160
3 2478 2477 2161
3 2161 2162 2478
3 2150 2479 2473
3 2157 2159 2476
3 2159 2475 2476
3 2475 2480 2476
3 2475 1081 2480
3 2478 2481 2482
3 2162 2156 2478
3 2156 2483 2478
3 2156 2484 2483
3 2150 2160 2479
3 2160 2477 2479
3 2477 2482 2479
3 2482 2477 2478
3 2485 2486 2169
3 2169 2168 2485
3 2156 2476 2484
3 2476 2480 2484
3 2478 2483 2481
3 2487 2488 2489
3 2490 2491 2492
3 2487 1344 2493
3 2487 2493 2488
3 2494 820 822
3 2495 2488 2493
3 2495 2493 2496
3 2497 2498 2499
3 2495 2500 2488
3 2490 2500 2491
3 1344 1343 2493
3 2490 2489 2488
3 2490 2488 2500
3 2498 832 820
3 2499 2498 820
3 2501 2498 2502
3 2498 2501 832
3 2497 2492 2502
3 2497 2502 2498
3 2494 2499 820
3 2492 2491 2502
3 2502 2503 2504
3 2500 2495 2505
3 1328 2506 1329
3 1329 2506 2507
3 2503 2491 2505
3 2502 2504 2501
3 2503 2502 2491
3 2491 2500 2505
3 2508 2506 1328
3 1328 1334 2508
3 2509 2508 1334
3 1334 1336 2509
3 2510 2511 2512
3 2510 2512 2513
3 2510 2507 2506
3 2510 2506 2511
3 2512 2514 2513
3 2513 2514 2515
3 2514 2511 2516
3 2517 2514 2516
3 2518 2506 2508
3 2518 2508 2519
3 2508 2509 2519
3 2518 2511 2506
3 2520 2521 2514
3 2514 2517 2520
3 2522 1343 2523
3 2511 2518 2516
3 1342 2514 1343
3 2514 2512 2511
3 1342 2515 2514
3 2514 2521 1343
3 2524 1303 1302
3 2525 2526 2527
3 2528 2527 2524
3 1302 2528 2524
3 2522 2493 1343
3 1343 2521 2523
3 2493 2522 2496
3 2521 2520 2523
3 2529 2530 2531
3 2532 2529 2533
3 2534 2533 2535
3 2531 2533 2529
3 2526 2536 2524
3 2527 2526 2524
3 2532 2533 2526
3 2525 2532 2526
3 2537 1318 2524
3 2537 2524 2538
3 2538 2524 2536
3 1318 1303 2524
3 2534 2536 2526
3 2534 2526 2533
3 2531 2539 2535
3 2535 2533 2531
3 2540 2531 2530
3 2530 2541 2542
3 2531 2540 2539
3 2541 1166 2542
3 1318 2537 1317
3 2536 2543 2538
3 2540 2530 2542
3 2536 2534 2543
3 2544 2545 2546
3 2547 2548 2549
3 2547 2549 1658
3 2544 2550 2551
3 2552 2553 2545
3 2545 2553 2554
3 2551 2555 2552
3 2546 2545 2548
3 2547 2546 2548
3 2551 2552 2545
3 2544 2551 2545
3 1670 2556 2557
3 2557 2558 1670
3 2549 2559 1658
3 1658 2559 1655
3 1665 2560 2561
3 2554 2548 2545
3 2556 2561 2560
3 2560 2557 2556
3 1665 1655 2559
3 1665 2559 2562
3 2563 2562 2559
3 2559 2564 2563
3 2559 2549 2565
3 2564 2559 2565
3 1665 2562 2560
3 2549 2548 2565
3 2557 2566 2567
3 2562 2563 2568
3 2569 726 2570
3 2567 2558 2557
3 2566 2557 2568
3 2548 2554 2565
3 2557 2560 2562
3 2557 2562 2568
3 1671 2571 1666
3 1667 2572 1668
3 2558 2573 2571
3 1671 2558 2571
3 2569 2574 726
3 726 725 2570
3 2574 2569 2575
3 725 727 2570
3 2571 2576 2577
3 2571 2578 2572
3 1673 2579 1674
3 2577 2578 2571
3 1671 1670 2558
3 2573 2576 2571
3 1666 2571 2572
3 1667 1666 2572
3 1674 2579 2580
3 1542 1674 2580
3 2579 2581 2582
3 2583 2579 2582
3 2572 2581 2579
3 1673 2572 2579
3 1542 2580 1543
3 1673 1668 2572
3 2581 2584 2582
3 2578 2577 2585
3 2586 2587 2588
3 2558 2567 2573
3 2584 2572 2585
3 2583 2580 2579
3 2584 2581 2572
3 2572 2578 2585
3 2587 1543 2580
3 2587 2580 2588
3 2587 2586 1878
3 2580 2583 2588
3 2589 2590 2591
3 2592 2593 2594
3 2595 2596 2597
3 2090 2594 2091
3 2594 2090 2592
3 2595 2597 2592
3 1901 2595 2592
3 1901 2598 2595
3 2597 2593 2592
3 2599 2600 2601
3 2602 2603 2604
3 2602 2604 2605
3 2606 2604 1923
3 2602 2607 2603
3 2608 2603 2607
3 2602 2605 2609
3 1919 2603 1917
3 1917 2603 2608
3 2610 2611 2612
3 2613 2614 2615
3 2616 2615 2617
3 2617 2615 2614
3 2603 1919 1923
3 2604 2603 1923
3 2615 2618 2613
3 2613 2618 2619
3 2619 2620 2621
3 2622 2619 2621
3 2623 2618 2624
3 2619 2618 2620
3 2617 2625 2626
3 2617 2626 2616
3 2612 2611 2625
3 2617 2612 2625
3 2624 2615 2616
3 2620 2623 2627
3 2616 2626 2628
3 2616 2628 2624
3 2623 2620 2618
3 2618 2615 2624
3 2620 2627 2629
3 2629 2621 2620
3 2605 2630 2631
3 2609 2605 2631
3 2632 2633 2625
3 2625 2611 2632
3 2610 2634 2632
3 2632 2611 2610
3 2609 2631 2632
3 2634 2609 2632
3 2635 2636 2637
3 2637 2636 2638
3 2639 2640 2641
3 2642 2636 2635
3 2630 2605 2604
3 2632 2631 2633
3 2604 2606 2643
3 2604 2643 2630
3 2638 2636 2640
3 2639 2638 2640
3 2644 2636 2645
3 2636 2646 2640
3 2647 2648 2649
3 2647 2649 2650
3 2641 2640 2648
3 2647 2641 2648
3 2646 2644 2651
3 2640 2646 2651
3 2652 2653 2654
3 2652 2654 2655
3 2644 2646 2636
3 2636 2642 2645
3 2648 2640 2651
3 2656 2648 2651
3 2655 2654 2657
3 2635 2655 2657
3 2654 2653 2658
3 2654 2658 2657
3 2652 2659 2660
3 2652 2660 2653
3 2635 2657 2642
3 2659 2661 2660
3 2649 2648 2662
3 2663 2649 2662
3 2236 2664 2229
3 2663 2664 2649
3 2642 2657 2645
3 2661 2665 2660
3 2649 2664 2650
3 2650 2664 2666
3 2229 2667 2668
3 2648 2656 2662
3 2230 2668 1925
3 2668 2230 2229
3 2669 2667 2229
3 2664 2669 2229
3 2664 2663 2669
3 2236 2666 2664
3 2670 2671 2672
3 2672 2673 2670
3 2672 1160 2674
3 2675 2670 2673
3 2673 2674 2676
3 2674 2673 2672
3 2675 2676 2677
3 2675 2677 2678
3 2675 2673 2676
3 2676 2679 2677
3 2680 2681 2682
3 2677 2679 2683
3 2684 2682 2685
3 2682 2684 2680
3 2683 2681 2680
3 2686 2683 2680
3 2686 2678 2677
3 2686 2677 2683
3 2687 2688 2689
3 2690 2687 2689
3 2688 2691 2692
3 2688 2692 2689
3 2693 2694 2695
3 2695 2694 2696
3 2690 2689 2697
3 2695 2698 2693
3 2699 2700 2701
3 2689 2692 2702
3 2696 2694 2700
3 2699 2696 2700
3 2689 2702 2693
3 2698 2689 2693
3 2698 2697 2689
3 2702 2703 2693
3 2704 2705 2701
3 2701 2700 2706
3 2693 2703 2707
3 2700 2708 2706
3 2708 2694 2693
3 2708 2693 2707
3 2704 2701 2706
3 2708 2700 2694
3 821 2709 2710
3 825 821 2710
3 2711 2712 2709
3 821 2711 2709
3 2705 2704 2713
3 2688 2714 2691
3 825 2710 824
3 823 2711 821
3 830 827 810
3 830 810 809
3 827 2715 2716
3 827 2716 810
3 829 831 2715
3 829 2715 827
3 831 2717 2718
3 831 2718 2715
3 823 2719 2711
3 2710 2709 2720
3 832 2721 2719
3 823 832 2719
3 831 824 2717
3 2715 2718 2716
3 824 2710 2720
3 824 2720 2717
3 2719 2722 2723
3 2719 2723 2712
3 2724 2725 2726
3 2722 2721 2724
3 2722 2724 2726
3 2712 2711 2719
3 2722 2719 2721
3 2727 2728 2729
3 2729 2730 2727
3 383 2731 2732
3 2727 2733 2728
3 2734 2732 2731
3 2731 2735 2736
3 2731 2737 2738
3 2731 2738 2734
3 364 2735 2731
3 383 364 2731
3 2737 2731 2736
3 2737 2736 2739
3 2740 2741 2742
3 2743 2744 2745
3 2740 2746 2747
3 2747 2741 2740
3 2748 2749 2739
3 2739 2736 2748
3 2750 2751 2749
3 2749 2748 2750
3 2752 2753 2741
3 2752 2741 2747
3 369 2754 2755
3 2755 2756 369
3 2742 2753 2744
3 2743 2742 2744
3 2752 2747 2757
3 2742 2741 2753
3 2758 2756 2755
3 2758 2755 2759
3 2755 2760 2759
3 2758 2750 2756
3 2745 2744 2755
3 2754 2745 2755
3 2744 2761 2760
3 2744 2760 2755
3 2762 2763 2747
3 1511 2762 2747
3 2764 2762 2765
3 2764 2765 2766
3 2753 2767 2761
3 2761 2744 2753
3 2746 1511 2747
3 2753 2752 2767
3 2750 2758 2751
3 2765 2768 2766
3 2769 2770 2771
3 2772 2773 2774
3 2757 2747 2763
3 2764 2763 2762
3 2763 2764 2775
3 2763 2775 2757
3 2771 2770 2776
3 2772 2771 2776
3 2770 2777 2778
3 2779 2770 2778
3 2780 2777 2770
3 2769 2780 2770
3 2772 2776 2773
3 2769 319 2780
3 2781 2782 2589
3 2781 2589 2783
3 2784 2782 2785
3 2781 2786 2782
3 2773 2782 2786
3 2779 2776 2770
3 2781 2783 2787
3 2786 2774 2773
3 2780 1455 2788
3 2590 2589 2782
3 2777 2788 2778
3 2788 2777 2780
3 2782 2773 2776
3 2782 2776 2785
3 2782 2784 2590
3 2776 2779 2785
3 2789 2595 2598
3 2790 2789 2783
3 2789 2790 2596
3 2598 2791 2789
3 2791 2787 2783
3 2783 2789 2791
3 2783 2589 2591
3 2790 2783 2591
3 2596 2595 2789
3 1591 2792 1592
3 1280 1281 2793
3 1264 1275 1285
3 1011 2792 1591
3 1012 1011 1591
3 1280 2793 2792
3 1011 1280 2792
3 2794 1014 2795
3 2796 2797 2798
3 1015 1014 2799
3 2799 1014 2794
3 2800 2797 2796
3 2801 2802 2803
3 2802 2804 2805
3 2802 2805 2806
3 2807 2808 2804
3 2804 2802 2807
3 2807 2802 2809
3 2809 2802 2801
3 2803 2802 2806
3 2810 2803 2806
3 2811 2812 2813
3 2813 2814 2811
3 2815 2816 2817
3 2815 2817 2818
3 2818 2819 2820
3 2820 2819 2821
3 2811 2814 2816
3 2820 2815 2818
3 2821 2822 2807
3 2809 2821 2807
3 2819 2823 2822
3 2821 2819 2822
3 2816 2814 2824
3 2816 2824 2817
3 2813 2825 2824
3 2824 2814 2813
3 2826 2827 2828
3 2829 2830 2831
3 2826 2831 2832
3 2826 2832 2827
3 2818 2833 2823
3 2823 2819 2818
3 2818 2817 2833
3 2807 2822 2808
3 2834 2828 2835
3 2831 2830 2832
3 2832 2836 2837
3 2827 2838 2835
3 2828 2827 2835
3 2837 2827 2832
3 2827 2837 2838
3 2839 2840 2841
3 2842 2839 2841
3 2806 2843 2840
3 2839 2806 2840
3 2829 2842 2841
3 2841 2830 2829
3 2832 2844 2836
3 2806 2805 2843
3 2830 2841 2845
3 2844 2830 2845
3 2841 2840 2845
3 2844 2832 2830
3 1162 236 233
3 1162 188 236
3 1605 2846 2847
3 2848 1605 2847
3 2849 1909 2850
3 2846 2851 2847
3 2848 2847 2852
3 1912 2846 1911
3 2851 1906 1908
3 1912 2851 2846
3 2846 2853 1911
3 2852 1908 1909
3 2849 2852 1909
3 1908 2847 2851
3 2852 2847 1908
3 2851 1912 1906
3 2853 387 1911
3 2850 1909 1917
3 2810 2806 2839
3 2854 2855 2856
3 2857 2858 2859
3 2860 2861 2862
3 2863 2862 2861
3 2864 2858 2857
3 2860 2865 2861
3 2866 2867 2868
3 2869 2870 2871
3 2856 2872 2870
3 2869 2856 2870
3 2856 2855 2872
3 2872 2873 2870
3 2870 2874 2867
3 2866 2870 2867
3 2866 2871 2870
3 2870 2875 2874
3 0 2868 2867
3 2867 2876 2877
3 1 2877 6
3 2867 2874 2876
3 2870 2873 2875
3 0 2867 2877
3 0 2877 1
3 1637 2878 1638
3 1631 1630 2879
3 1637 2880 2881
3 1637 2881 2878
3 2879 2882 1631
3 1629 2879 1630
3 1639 1642 2883
3 2883 2884 2885
3 1629 2886 2879
3 1642 2887 2883
3 1631 2882 2880
3 1637 1631 2880
3 1639 2883 2885
3 1639 2885 1640
3 2888 2882 2889
3 2887 2890 2883
3 2879 2886 2889
3 2882 2879 2889
3 1640 2885 2886
3 1629 1640 2886
3 2891 2886 2885
3 2885 2884 2891
3 1647 2892 2893
3 1647 2893 2894
3 2895 2896 2893
3 2893 2892 2895
3 2882 2888 2880
3 2886 2891 2889
3 1647 2894 2897
3 1648 1647 2897
3 1649 2898 2899
3 1649 2899 1654
3 1649 1653 2898
3 2898 2900 2899
3 2895 2901 2896
3 2897 2894 2902
3 1652 2898 1653
3 2898 2903 2904
3 2878 2881 2905
3 1088 2899 1089
3 2904 2900 2898
3 2905 2903 2898
3 1652 2905 2898
3 1652 1638 2878
3 1652 2878 2905
3 1089 2906 1097
3 2900 2907 2908
3 2900 2904 2907
3 2899 2908 2906
3 2899 2906 1089
3 2908 2899 2900
3 1088 1654 2899
3 184 2909 185
3 174 1646 173
3 193 2910 2911
3 193 2911 194
3 186 2912 2913
3 186 2913 187
3 185 2909 2912
3 186 185 2912
3 2910 2914 2915
3 2915 2916 2911
3 2910 2915 2911
3 193 192 2910
3 2917 2918 2919
3 2920 2918 2911
3 2917 2912 2909
3 2917 2909 2918
3 2911 2918 2909
3 184 2911 2909
3 2911 2916 2920
3 184 194 2911
3 2921 2913 2922
3 2923 2921 2922
3 200 2924 2925
3 2913 2912 2922
3 200 2925 201
3 2918 2920 2919
3 202 187 2913
3 2913 2921 202
3 204 201 2926
3 204 2926 203
3 2925 2927 2926
3 201 2925 2926
3 200 2921 2924
3 2924 2928 2925
3 2921 2923 2924
3 200 202 2921
3 2927 2929 2930
3 2930 2926 2927
3 2931 2927 2925
3 2925 2928 2931
3 174 203 1647
3 174 1647 1646
3 2926 2930 1647
3 203 2926 1647
3 219 173 2932
3 219 2932 2933
3 1646 1648 2932
3 173 1646 2932
3 2912 2917 2922
3 2927 2931 2929
3 219 2933 218
3 216 2934 217
3 2934 2935 221
3 2933 2932 2936
3 223 1641 222
3 221 217 2934
3 2936 2937 2934
3 216 2936 2934
3 216 218 2933
3 216 2933 2936
3 2938 2935 2934
3 2934 2937 2938
3 2935 2938 2939
3 2935 2939 1641
3 223 2935 1641
3 223 221 2935
3 2939 1642 1641
3 2553 2940 2554
3 2555 2941 2942
3 2943 2942 2944
3 2945 2940 2553
3 2552 2945 2553
3 2552 2555 2942
3 2552 2942 2945
3 2565 2940 2946
3 2946 2947 2564
3 2948 2949 2946
3 2940 2948 2946
3 2940 2945 2942
3 2943 2940 2942
3 2564 2947 2563
3 2565 2946 2564
3 2568 2950 2951
3 2568 2951 2566
3 2568 2563 2947
3 2568 2947 2950
3 2940 2943 2948
3 2565 2554 2940
3 2952 2947 2946
3 2946 2949 2952
3 2947 2952 2953
3 2951 2950 2954
3 2950 2953 2954
3 2953 2950 2947
3 2567 2566 2951
3 2951 2955 2567
3 2955 2951 2954
3 2956 2955 2954
3 2575 2569 2957
3 2575 2957 2941
3 2958 2959 2960
3 2569 2959 2957
3 2570 2961 2959
3 2570 2959 2569
3 2570 727 2961
3 2961 2962 2959
3 2963 2964 2965
3 2966 2962 2961
3 2967 2957 2968
3 2962 2966 2960
3 2958 2957 2959
3 2959 2962 2960
3 2961 2963 2965
3 2966 2961 2965
3 2576 2969 2577
3 2573 2970 2576
3 2582 2971 2583
3 2970 2969 2576
3 2967 2942 2941
3 2967 2941 2957
3 2942 2967 2944
3 2957 2958 2968
3 2582 2972 2971
3 2585 2577 2969
3 2582 2584 2972
3 2972 2973 2971
3 2585 2969 2972
3 2585 2972 2584
3 2969 2974 2975
3 2969 2975 2972
3 2955 2956 2976
3 2573 2567 2955
3 2977 2970 2978
3 2976 2979 2955
3 2980 2973 2972
3 2972 2975 2980
3 2573 2955 2979
3 2573 2979 2970
3 2588 2981 2982
3 2588 2982 2586
3 2588 2583 2971
3 2588 2971 2981
3 2977 2969 2970
3 2970 2979 2978
3 2969 2977 2974
3 2979 2976 2978
3 2981 2983 2984
3 2984 2982 2981
3 2971 2973 2985
3 2986 2971 2985
3 2586 2987 1879
3 1878 2586 1879
3 2982 2984 2987
3 2586 2982 2987
3 2973 2980 2985
3 2986 2981 2971
3 1879 2987 1881
3 2981 2986 2983
3 2137 2988 2989
3 2139 2137 2989
3 2143 2990 2988
3 2988 2137 2143
3 2991 2992 2993
3 2139 2989 2994
3 2304 2139 2994
3 2143 2144 2990
3 2994 2989 2995
3 617 2996 615
3 2056 2997 2057
3 2058 2998 2059
3 2998 2999 3000
3 3001 3002 2998
3 2998 3002 2997
3 3001 2998 3000
3 2056 2059 2997
3 2059 2998 2997
3 2999 2998 2058
3 2058 2062 2999
3 2064 3003 3004
3 3003 3005 3004
3 2997 3006 3007
3 2065 2064 3004
3 2063 2057 3007
3 2057 2997 3007
3 2063 3003 2064
3 2063 3007 3003
3 25 3008 2999
3 3008 3009 2999
3 3002 3001 3010
3 2062 25 2999
3 3006 2997 3002
3 3002 3010 3006
3 3003 3011 3005
3 3003 3007 3011
3 2999 3009 3000
3 3004 3005 2812
3 3008 3012 3009
3 3008 3013 3012
3 1598 3014 1597
3 1609 1608 385
3 1608 3015 385
3 1609 387 2853
3 1609 385 387
3 1609 2846 1606
3 2853 2846 1609
3 1606 2846 1605
3 1607 3015 1608
3 1611 1615 3016
3 1615 1597 3016
3 3017 3018 3019
3 3016 3017 1611
3 1614 1612 3019
3 1612 3017 3019
3 1611 3017 1612
3 1614 3019 1613
3 3016 390 391
3 1607 1613 3015
3 3017 3016 391
3 393 3018 3017
3 3014 388 390
3 393 3017 391
3 1597 390 3016
3 1597 3014 390
3 3018 393 399
3 3020 3021 1619
3 3018 399 396
3 3015 398 385
3 1613 3019 396
3 396 3019 3018
3 1613 398 3015
3 1613 396 398
3 3020 412 411
3 411 3021 3020
3 1619 406 408
3 1619 3021 406
3 1620 408 3022
3 1620 1619 408
3 1619 1618 3020
3 1620 3022 1621
3 419 421 3014
3 1598 3023 419
3 418 3023 3022
3 1598 419 3014
3 3022 3023 1621
3 3022 408 418
3 3021 411 406
3 1621 3023 1622
3 3014 421 388
3 1598 1622 3023
3 3023 418 419
3 578 577 1083
3 3024 3025 3026
3 3027 3028 3029
3 3030 3025 3031
3 3025 3032 3031
3 1083 607 3032
3 1083 577 607
3 1087 1086 3032
3 1086 1083 3032
3 3026 3033 3024
3 3032 3025 1087
3 3026 3034 3035
3 3026 3030 3034
3 3033 3035 3036
3 3035 3033 3026
3 607 611 3031
3 3036 3037 3033
3 3030 3026 3025
3 3031 3032 607
3 450 452 3038
3 446 3039 3040
3 450 3041 448
3 3038 3041 450
3 3040 3042 447
3 447 446 3040
3 447 3042 3043
3 460 461 3044
3 463 3045 462
3 460 3046 459
3 3044 3046 460
3 3039 3038 3047
3 3041 3038 3039
3 446 448 3039
3 448 3041 3039
3 3048 3045 3049
3 3048 3050 3045
3 462 3045 3050
3 3048 3049 3051
3 461 3050 3044
3 461 462 3050
3 3049 3045 463
3 463 464 3049
3 3052 3038 3053
3 3038 3054 3053
3 3055 3054 3044
3 3054 3046 3044
3 459 3046 3054
3 3055 3044 3056
3 452 3054 3038
3 452 459 3054
3 3057 3058 474
3 474 475 3057
3 3050 3048 3059
3 474 3058 473
3 3056 3044 3050
3 3050 3059 3056
3 3052 3047 3038
3 3054 3055 3053
3 3060 3061 3062
3 3061 3060 3063
3 476 3062 3057
3 476 3060 3062
3 3063 3060 479
3 475 476 3057
3 478 3060 476
3 479 3060 478
3 484 3064 3065
3 484 3066 3064
3 486 483 3067
3 483 3065 3067
3 486 3068 485
3 486 3067 3068
3 3063 3069 3061
3 484 3065 483
3 3067 3065 3064
3 3064 3070 3071
3 3072 3064 3071
3 3072 3067 3064
3 3070 3064 2010
3 3064 3066 2010
3 484 437 3066
3 3070 2010 2014
3 3069 3063 3073
3 3073 3074 3069
3 3073 3068 3075
3 3068 3067 3075
3 3068 3073 3063
3 3076 3073 3075
3 479 485 3063
3 485 3068 3063
3 3058 3057 3077
3 3078 3079 3058
3 473 3058 3079
3 3078 3058 3077
3 464 473 3049
3 473 3079 3049
3 3073 3076 3074
3 3067 3072 3075
3 3080 2000 1993
3 3080 3081 2000
3 3082 3083 3081
3 3080 1993 1995
3 3079 3078 3084
3 3057 3062 3077
3 3051 3049 3079
3 3079 3084 3051
3 3085 3086 3087
3 3088 3089 3090
3 3087 3089 3085
3 3081 3083 2000
3 3091 3092 3093
3 3092 3088 3093
3 3082 3085 3092
3 3085 3089 3092
3 3088 3090 3094
3 3082 3092 3083
3 3089 3087 3090
3 3087 3095 3090
3 1997 1998 2011
3 3092 3091 3096
3 3088 3094 3093
3 2012 3083 3092
3 2012 2000 3083
3 3092 3089 3088
3 2012 3092 3096
3 3097 3098 3099
3 3100 3101 3102
3 2040 2372 2038
3 2372 2374 2038
3 2372 3103 3101
3 3100 2373 2372
3 3100 2372 3101
3 2384 3104 2385
3 2384 1756 3104
3 2374 2048 2038
3 3103 2035 2037
3 3103 2040 2035
3 2040 3103 2372
3 2037 3101 3103
3 2385 3104 2050
3 3104 2055 2050
3 2052 2397 2050
3 2397 2385 2050
3 2055 1753 1752
3 2055 3104 1753
3 1756 1753 3104
3 2055 1752 2053
3 1752 13 2053
3 2397 2052 2060
3 3105 3106 3107
3 3108 3109 3110
3 3110 3111 3108
3 3107 3106 1742
3 3110 3109 3112
3 3113 1742 1744
3 3113 3107 1742
3 3113 3114 3115
3 3113 1744 3114
3 3111 3115 3108
3 3115 1747 3108
3 1740 3109 3108
3 3108 1748 1740
3 3109 1741 497
3 3109 1740 1741
3 498 3112 497
3 3112 3109 497
3 3116 3117 3118
3 3119 3120 3121
3 3121 3120 3122
3 3123 3124 3125
3 3114 1744 1746
3 3108 1747 1748
3 3115 3114 1747
3 3114 1746 1747
3 3126 3125 3127
3 3125 3128 3127
3 3126 3117 3116
3 3127 3117 3126
3 3118 3129 3119
3 3118 3117 3129
3 3121 3130 3119
3 3130 3118 3119
3 3131 3132 3133
3 3134 3135 3136
3 1751 3127 3128
3 1751 3137 3127
3 3137 3129 3117
3 1751 3128 1749
3 3125 3124 3128
3 3117 3127 3137
3 1759 3138 1757
3 1759 3135 3138
3 3131 3136 3139
3 3136 3135 3139
3 3122 3120 3138
3 3131 3139 3132
3 3134 3138 3135
3 3134 3122 3138
3 3140 1756 493
3 3140 1755 1756
3 3132 3141 3140
3 492 3140 493
3 3142 3133 3140
3 3133 3132 3140
3 1759 3139 3135
3 3142 3140 3143
3 3139 1759 1761
3 3141 1762 1754
3 3132 3139 1761
3 1762 3141 3132
3 3141 1754 1755
3 1762 3132 1761
3 492 3143 3140
3 1755 3140 3141
3 1763 3129 3137
3 3137 1771 1763
3 3129 1763 1765
3 3138 1766 1757
3 3138 3120 3119
3 1765 3119 3129
3 1766 3119 1765
3 1766 3138 3119
3 3144 3145 3146
3 3147 3148 3145
3 3149 3146 3150
3 3149 3144 3146
3 3149 3124 3123
3 3150 3124 3149
3 3137 1751 1771
3 3147 3145 3144
3 3146 3148 1776
3 3146 3145 3148
3 3148 495 497
3 1778 3146 1776
3 1774 497 1772
3 1774 3148 497
3 3147 496 3148
3 496 495 3148
3 3151 1781 1749
3 1781 3151 3152
3 3152 3151 3150
3 1749 3128 3151
3 3151 3128 3124
3 3150 3146 3152
3 3148 1774 1776
3 3124 3150 3151
3 497 1741 1772
3 1782 3152 3146
3 3152 1782 1779
3 3152 1779 1781
3 3146 1778 1782
3 3153 3154 3155
3 3153 3156 3154
3 2494 822 3157
3 3158 3156 3159
3 3157 822 1801
3 3158 3160 3161
3 3161 1344 2487
3 3161 2487 3156
3 2487 2489 3156
3 3153 3159 3156
3 3158 3161 3156
3 3156 2490 3154
3 2490 2492 3154
3 3157 3162 2499
3 3163 3164 3165
3 3154 2492 2497
3 2499 2494 3157
3 3162 3154 2497
3 3162 3155 3154
3 3156 2489 2490
3 3162 2497 2499
3 3166 3165 3164
3 3164 2507 2510
3 2513 3166 2510
3 3166 3164 2510
3 3167 1329 2507
3 2507 3164 3167
3 3163 1397 3164
3 1397 3167 3164
3 3168 3169 2525
3 2527 3170 3168
3 3171 3168 3172
3 2527 3168 2525
3 3173 2515 1342
3 3172 3168 3170
3 3166 2513 2515
3 2515 3173 3166
3 3170 2527 2528
3 3169 2532 2525
3 1302 3172 3170
3 3170 2528 1302
3 2413 3174 2414
3 2413 3175 3174
3 3174 3175 1350
3 266 3176 3174
3 2414 3174 3176
3 266 3174 1350
3 1182 3176 3177
3 1182 2414 3176
3 2413 3178 3175
3 2413 1173 3178
3 2416 849 848
3 1348 3175 3178
3 3175 1348 1350
3 3178 1347 1348
3 1923 3179 2606
3 2625 3180 2626
3 3181 3182 3183
3 3183 2629 3181
3 3183 3182 2665
3 3184 3185 3186
3 3185 3187 3186
3 3184 3186 3188
3 3189 3186 3190
3 3189 3188 3186
3 1618 3191 3192
3 3189 3190 3192
3 3189 3192 3191
3 3192 3020 1618
3 3184 3193 3185
3 3184 3194 3193
3 412 3020 3192
3 3190 3195 3196
3 412 3192 3196
3 3192 3190 3196
3 3186 3187 3195
3 3195 3190 3186
3 3193 3197 3185
3 2303 2139 2304
3 3198 3199 2768
3 3198 3200 3199
3 2363 3201 3202
3 3198 3202 3200
3 3202 3201 3200
3 1494 2359 1495
3 1506 3203 1507
3 2361 3204 3203
3 1513 3205 1510
3 3203 3204 1507
3 3203 2364 2361
3 1495 2359 2364
3 1507 3204 1509
3 1506 2364 3203
3 1506 1495 2364
3 1509 3204 3206
3 3202 3206 2363
3 1513 1509 3205
3 1509 3206 3205
3 3205 2765 2762
3 1512 1510 3205
3 1512 2762 1511
3 1512 3205 2762
3 2765 3205 3206
3 3206 3202 3198
3 2768 3206 3198
3 2768 2765 3206
3 3206 3204 2363
3 3204 2361 2363
3 1939 3207 3208
3 3209 3210 3211
3 3212 3213 3214
3 3215 3216 3212
3 3208 3207 3217
3 3215 3212 3214
3 3218 3208 3212
3 3208 3217 3212
3 3215 3214 3219
3 3218 3212 3216
3 3219 3214 3220
3 3209 3221 3210
3 3222 3220 3223
3 3222 3219 3220
3 3213 3212 3217
3 3222 3223 3221
3 3224 3217 3225
3 3224 3213 3217
3 3220 3214 3213
3 3213 3224 3226
3 3227 3220 3226
3 3220 3213 3226
3 3223 3220 3228
3 3228 3229 3223
3 3221 3229 3210
3 3221 3223 3229
3 3230 3231 3232
3 1938 1934 3230
3 3232 3207 1938
3 1938 3230 3232
3 1933 3230 1934
3 1938 3207 1939
3 3220 3227 597
3 597 3228 3220
3 1947 3233 3234
3 1945 3235 1946
3 1942 1947 3236
3 1947 3234 3236
3 1940 1942 3231
3 1942 3236 3231
3 1940 3230 1933
3 1940 3231 3230
3 1945 1944 3237
3 3238 3239 3240
3 3241 2274 3242
3 3237 3243 1945
3 1943 3241 3237
3 3241 3242 3237
3 3243 3235 1945
3 1944 1943 3237
3 1950 3238 1949
3 3217 3232 3244
3 3238 3240 3233
3 1947 1949 3238
3 3235 3239 3238
3 1947 3238 3233
3 1950 1946 3238
3 1946 3235 3238
3 3244 3245 3246
3 3247 3231 3236
3 3225 3217 3244
3 3244 3246 3225
3 3232 3231 3247
3 3245 3244 3232
3 3207 3232 3217
3 3245 3232 3247
3 3236 3248 3247
3 3236 3234 3248
3 1003 984 3249
3 3250 3251 3252
3 2915 3250 3252
3 2915 3252 2916
3 3253 3254 3255
3 2919 3253 3255
3 2919 3255 2917
3 3252 3253 2916
3 2916 3253 2920
3 2924 3256 3257
3 2924 3257 2928
3 2922 3258 2923
3 3253 3259 3254
3 3259 3253 3252
3 3252 3251 3259
3 2919 2920 3253
3 3254 3260 3255
3 3261 3257 3262
3 3257 3263 2928
3 2928 3263 2931
3 2895 2892 2929
3 2929 2892 2930
3 2930 2892 1647
3 2924 2923 3258
3 2924 3258 3256
3 2922 3255 3258
3 3263 3261 3264
3 3263 3264 2901
3 2931 3263 2901
3 2931 2901 2895
3 2929 2931 2895
3 3261 3263 3257
3 3257 3256 3262
3 1648 2897 2932
3 3256 3265 3262
3 3265 3256 3258
3 3258 3266 3265
3 3255 3260 3267
3 2922 2917 3255
3 3255 3267 3266
3 3255 3266 3258
3 2938 2937 3268
3 3268 3269 2938
3 2939 2887 1642
3 2932 2897 2902
3 2932 2902 3270
3 2932 3270 3268
3 2936 2932 3268
3 2936 3268 2937
3 3269 3271 3272
3 2938 3269 3272
3 2938 3272 2890
3 2938 2890 2887
3 2939 2938 2887
3 3271 3269 3268
3 3268 3270 3271
3 3273 1464 3274
3 1463 1462 3275
3 1438 1463 3275
3 1438 3275 1439
3 1465 3276 3274
3 3274 1464 1465
3 3275 3273 3277
3 3278 1448 1439
3 1439 3275 3277
3 3278 1439 3277
3 3275 1462 1464
3 3273 3275 1464
3 3279 3280 3281
3 3279 3281 3282
3 1445 3279 3282
3 3282 1446 1445
3 2729 3283 3280
3 2734 3284 2733
3 1448 3278 1457
3 1465 1472 3276
3 2733 3284 3285
3 2733 3285 3286
3 2728 2733 3286
3 2728 3286 3287
3 3287 3283 2728
3 2728 3283 2729
3 3283 3288 3281
3 3280 3283 3281
3 2737 3289 3290
3 2738 2737 3290
3 3290 3284 2738
3 2738 3284 2734
3 2739 3291 2737
3 3287 3286 3292
3 3287 3292 3288
3 3288 3283 3287
3 3293 3289 3291
3 3293 3291 3294
3 3293 3294 3295
3 3296 3294 2751
3 2751 3294 2749
3 3294 3291 2749
3 2749 3291 2739
3 2737 3291 3289
3 2757 3297 2752
3 3289 3293 3298
3 3289 3298 3299
3 3299 3290 3289
3 3290 3299 3285
3 3285 3284 3290
3 3296 3300 3295
3 3295 3294 3296
3 2767 2752 3301
3 2761 2767 3301
3 3301 3302 2761
3 2760 3302 3303
3 2759 2760 3303
3 2759 3303 3304
3 2759 3304 2758
3 2761 3302 2760
3 2766 3305 2764
3 3306 3307 3308
3 3308 3301 3306
3 3303 3302 3301
3 3309 3303 3301
3 3309 3301 3308
3 2752 3297 3306
3 2752 3306 3301
3 2768 3199 3310
3 2766 2768 3310
3 2766 3310 3305
3 2764 3305 3311
3 2775 2764 3311
3 2775 3311 3312
3 3312 3297 2775
3 2775 3297 2757
3 3297 3312 3313
3 3314 3315 3310
3 3310 3316 1683
3 3314 3310 1683
3 3305 3310 3311
3 3311 3310 3315
3 3199 3200 3310
3 3310 3200 3316
3 3317 3318 3319
3 3320 3313 3321
3 3321 3313 3318
3 3313 3320 3307
3 3307 3306 3313
3 3312 3311 3313
3 3313 3311 3318
3 3313 3306 3297
3 3322 3304 3323
3 2758 3304 3324
3 2758 3324 3296
3 2751 2758 3296
3 3318 3317 3321
3 3315 3314 3319
3 3318 3311 3315
3 3318 3315 3319
3 3303 3309 3323
3 3324 3322 3325
3 3324 3325 3300
3 3300 3296 3324
3 3322 3324 3304
3 3304 3303 3323
3 3326 617 2310
3 3326 2310 2305
3 3327 3328 3329
3 3330 3331 3332
3 3333 3334 3335
3 3336 3333 3335
3 3336 3335 3337
3 3338 3334 3333
3 3327 3332 3331
3 1712 1714 3328
3 3331 1712 3328
3 3327 3331 3328
3 1710 3334 1708
3 1711 3339 3340
3 1711 3340 2317
3 1711 2317 1580
3 2033 3340 3339
3 3338 2033 3339
3 3338 3339 3334
3 3334 3341 3335
3 1719 3335 3341
3 1719 1720 3331
3 3335 1719 3331
3 3337 3335 3331
3 3330 3337 3331
3 3339 1711 1708
3 1710 3341 3334
3 3334 3339 1708
3 3341 1710 1718
3 3331 1720 1712
3 3341 1718 1719
3 3342 1725 1724
3 3343 3344 3345
3 3345 3344 3346
3 3328 1714 1732
3 3329 3328 3347
3 3345 3329 3347
3 3345 3347 3343
3 3343 1734 1728
3 1728 3344 3343
3 3344 1728 1730
3 1561 3348 1562
3 3349 2019 3350
3 3350 3348 3349
3 3342 1730 1725
3 3347 1732 1736
3 3347 1736 1734
3 1734 3343 3347
3 1732 3347 3328
3 1564 2315 3348
3 3348 1561 1564
3 488 3349 3348
3 3348 2315 488
3 3350 2318 1562
3 3348 3350 1562
3 3351 3352 3327
3 3329 3351 3327
3 3353 3330 3332
3 3353 3332 3352
3 3354 2026 2029
3 2029 3338 3333
3 3354 2029 3333
3 3354 3333 3355
3 3354 3355 3356
3 3352 3332 3327
3 3353 3337 3330
3 2029 2033 3338
3 3355 3333 3336
3 3355 3336 3337
3 3356 3355 3337
3 3351 3345 3346
3 488 487 2021
3 2021 3349 488
3 3349 2021 621
3 621 2019 3349
3 3351 3329 3345
3 994 3357 995
3 1007 3358 3359
3 1007 3359 3360
3 994 1007 3360
3 994 3360 3357
3 1009 3358 1008
3 1008 3358 1007
3 2837 2836 3361
3 3361 3362 2837
3 2837 3362 2838
3 3362 3361 1249
3 2840 3363 1236
3 2840 1236 3364
3 2845 2840 3364
3 2845 3364 2844
3 2843 3363 2840
3 1234 3363 3365
3 1239 3365 3366
3 1239 3366 3367
3 1239 3367 1237
3 2805 3366 3365
3 2843 2805 3365
3 2843 3365 3363
3 3363 1234 1236
3 3361 1245 1249
3 3364 1236 1243
3 2844 3364 1243
3 2836 2844 1243
3 2836 1243 1245
3 2836 1245 3361
3 3365 1239 1240
3 3365 1240 1234
3 3368 3369 1262
3 3370 3368 1262
3 3371 3370 1262
3 1262 1269 3372
3 3371 1262 3372
3 3373 3369 3368
3 3371 3372 3374
3 3367 1254 1237
3 3375 3376 3377
3 3378 3379 3376
3 3378 3376 1265
3 1265 1267 3380
3 3378 1265 3380
3 3378 3380 3381
3 3377 3376 3379
3 3369 1263 1262
3 3375 3382 3383
3 3375 3383 1265
3 1265 3376 3375
3 2795 1014 1013
3 2795 1013 3382
3 3384 2795 3382
3 3384 3382 3375
3 3377 3384 3375
3 3385 3374 3386
3 3385 3386 3387
3 3369 1272 1263
3 3380 1267 1270
3 3373 3381 3380
3 3380 1270 1272
3 3380 1272 3369
3 3373 3380 3369
3 3386 1278 1279
3 3386 1279 1011
3 3387 3386 1011
3 3387 1011 1010
3 2825 3387 1010
3 3372 1276 1278
3 3372 1278 3386
3 3374 3372 3386
3 3372 1269 1276
3 3388 3389 3390
3 3389 3388 3391
3 3391 3392 3389
3 3393 3394 3395
3 3393 3395 3396
3 3397 3393 3396
3 3397 3396 3398
3 3399 3394 3393
3 3400 3401 3402
3 3401 3400 3403
3 3398 3396 3404
3 3405 3398 3404
3 3406 3407 3404
3 3406 3404 3408
3 3408 3409 3410
3 3406 3408 3410
3 3406 3410 3411
3 3405 3404 3407
3 3399 3412 3413
3 3413 3414 3394
3 3399 3413 3394
3 3404 3415 3408
3 3395 3416 3417
3 3417 3396 3395
3 3417 3415 3404
3 3396 3417 3404
3 3410 3418 3419
3 3410 3419 3106
3 3105 3410 3106
3 3395 3420 3416
3 3420 3395 3394
3 3394 3414 3420
3 3412 3421 3413
3 3399 3422 3412
3 3106 3419 1742
3 3410 3409 3418
3 3105 3411 3410
3 3423 3424 3425
3 3426 3423 3425
3 3426 3425 3427
3 3426 3427 3428
3 3429 3430 3431
3 3431 3432 3429
3 3429 3432 3433
3 3434 3424 3435
3 3436 3437 3438
3 3425 352 349
3 349 3427 3425
3 3427 349 351
3 3428 3427 351
3 3430 3428 351
3 3430 351 3431
3 862 861 3439
3 3440 862 3439
3 3439 3437 3440
3 3440 3437 3436
3 3438 3437 3441
3 3438 3441 3442
3 3434 3438 3442
3 3442 3424 3434
3 361 3424 3442
3 361 3442 359
3 3443 358 354
3 354 3439 3443
3 356 3441 3437
3 356 3437 3439
3 356 3439 354
3 861 3443 3439
3 3433 3432 373
3 3444 3433 373
3 3444 373 3445
3 3441 356 362
3 3425 361 352
3 3441 362 359
3 359 3442 3441
3 361 3425 3424
3 3446 3443 861
3 861 903 3447
3 3446 861 3447
3 3431 351 374
3 3445 373 376
3 3431 374 371
3 371 3432 3431
3 3432 371 373
3 3448 3449 2600
3 2599 3448 2600
3 3450 3451 3452
3 3452 312 3450
3 3453 3454 3452
3 3452 3451 3453
3 3443 3446 358
3 903 904 3447
3 3455 3456 1895
3 3456 3455 2600
3 2600 3449 3456
3 3451 3450 3448
3 3453 3451 3448
3 2599 3453 3448
3 525 3457 3458
3 524 525 3458
3 524 3458 3459
3 526 527 3460
3 3460 3457 526
3 526 3457 525
3 524 3459 523
3 516 3461 515
3 529 523 3459
3 3459 3462 3463
3 3459 3463 3464
3 529 3459 3464
3 529 3464 528
3 3465 3458 3457
3 3465 3457 3460
3 3465 3460 3466
3 3458 3465 3467
3 3458 3467 3462
3 3462 3459 3458
3 3464 3463 3468
3 3464 3468 3469
3 528 3464 3469
3 528 3469 3461
3 516 528 3461
3 542 543 3470
3 542 3470 3471
3 3472 3473 545
3 545 3473 544
3 544 3473 543
3 3471 3474 542
3 542 3474 541
3 541 3474 540
3 553 560 3475
3 3475 3476 553
3 559 3477 558
3 553 3476 552
3 3472 3478 3479
3 3479 3473 3472
3 3473 3479 3470
3 543 3473 3470
3 552 3476 3480
3 561 552 3480
3 3480 3472 561
3 561 3472 545
3 558 3477 2849
3 558 2849 3481
3 560 558 3481
3 560 3481 3475
3 3475 3481 3482
3 3475 3482 3483
3 3483 3476 3475
3 3480 3484 3485
3 3480 3485 3478
3 3478 3472 3480
3 3476 3483 3484
3 3476 3484 3480
3 3471 3470 3486
3 3460 3487 3466
3 3471 3486 3488
3 3488 3474 3471
3 540 3474 3488
3 3488 3487 3460
3 540 3488 3460
3 527 540 3460
3 571 3489 3490
3 567 571 3490
3 566 3490 3491
3 569 566 3491
3 569 3491 3492
3 569 3492 3493
3 569 3493 568
3 567 3490 566
3 3493 3494 3495
3 568 3493 3495
3 572 568 3495
3 3490 3489 3491
3 515 3461 3496
3 571 515 3496
3 571 3496 3497
3 571 3497 3489
3 3495 3494 1928
3 3493 3492 3498
3 3493 3498 3494
3 3226 3224 3499
3 3226 3499 3500
3 3226 3500 3227
3 3225 3501 3224
3 3242 3502 3237
3 3243 3503 3235
3 3233 3504 3234
3 3500 3499 598
3 598 3499 601
3 3500 598 3227
3 3227 598 597
3 3224 3501 3499
3 3502 3505 3506
3 3237 3502 3506
3 3237 3506 3503
3 3243 3237 3503
3 2273 564 3507
3 2274 2273 3507
3 2274 3507 3502
3 3242 2274 3502
3 3233 3508 3509
3 3233 3509 3504
3 3510 3511 3508
3 3503 3510 3508
3 3235 3503 3508
3 3239 3235 3508
3 3239 3508 3240
3 3502 3507 3505
3 3246 3245 3512
3 3225 3246 3512
3 3512 3501 3225
3 3247 3513 3245
3 3503 3506 3510
3 3508 3511 3514
3 3233 3240 3508
3 3508 3514 3509
3 3504 3515 3516
3 3504 3516 3517
3 3234 3504 3517
3 3248 3234 3517
3 3247 3248 3517
3 3517 3513 3247
3 3513 3518 3512
3 3245 3513 3512
3 3519 3512 3518
3 3499 3501 3512
3 3520 3499 3512
3 3520 3512 3519
3 3517 3516 3521
3 3522 3518 3513
3 3513 3517 3521
3 3522 3513 3521
3 3504 3509 3515
3 3518 3522 3523
3 614 601 3499
3 3499 3520 614
3 3518 3523 3519
3 1977 1980 3524
3 3524 3525 1977
3 1977 3525 1976
3 1979 3526 1978
3 1981 3527 1983
3 3526 3527 1978
3 1978 3527 1981
3 3525 3524 3528
3 3528 3524 2991
3 1976 3525 3528
3 1979 1976 3528
3 1979 3528 3526
3 3527 3529 1943
3 1983 3527 1943
3 799 1983 1943
3 3530 3531 3528
3 3528 2991 2993
3 3530 3528 2993
3 3526 3528 3527
3 3527 3528 3531
3 3532 3533 3534
3 1986 1985 1935
3 1935 3535 1986
3 3531 3530 3529
3 3527 3531 3529
3 3533 3536 3537
3 3535 1935 3536
3 3536 1935 1936
3 3532 3535 3536
3 3532 3536 3533
3 3534 3533 3538
3 3208 3537 3536
3 3208 3536 1936
3 3208 1936 1939
3 3537 3538 3533
3 3211 3539 3540
3 3540 3541 3209
3 3211 3540 3209
3 3219 3542 3215
3 3543 3538 3542
3 3542 3538 3544
3 3221 3545 3222
3 3544 3216 3215
3 3537 3208 3218
3 3216 3544 3538
3 3538 3537 3218
3 3216 3538 3218
3 3219 3546 3542
3 3542 3544 3215
3 1985 1931 1935
3 1989 1990 3547
3 3547 3548 1989
3 1989 3548 1988
3 3541 3221 3209
3 3546 3219 3222
3 3221 3541 3545
3 3545 3546 3222
3 1932 3549 1941
3 1991 3549 1992
3 1990 1992 3549
3 3549 3547 1990
3 1932 1931 3548
3 3548 3547 1932
3 1988 3548 1931
3 1985 1988 1931
3 1941 3549 785
3 785 3549 1991
3 3547 3549 1932
3 1569 3550 1570
3 3551 3552 1565
3 1565 3552 1566
3 3081 3553 3554
3 3081 3554 3082
3 1579 1570 3550
3 3550 3553 1579
3 1577 3555 1575
3 1569 1566 3552
3 1569 3552 3554
3 1569 3554 3550
3 3086 3552 3551
3 3553 3081 3080
3 1577 1579 3553
3 3080 1995 3555
3 3553 3080 3555
3 1577 3553 3555
3 3553 3550 3554
3 1584 1997 3556
3 427 1584 3556
3 3556 428 427
3 3555 3557 1575
3 1575 3557 1581
3 3554 3085 3082
3 3552 3086 3554
3 3554 3086 3085
3 428 3556 2007
3 2008 428 2007
3 3557 1996 1997
3 1996 3557 3555
3 3555 1995 1996
3 1581 3557 1997
3 1584 1581 1997
3 1997 2011 3556
3 436 2008 439
3 3556 2011 2007
3 2008 436 428
3 3558 3559 3560
3 3558 253 3561
3 3561 3562 3559
3 3558 3561 3559
3 3563 3560 3559
3 3564 3565 3566
3 3559 3564 3566
3 3563 3559 3566
3 3563 3566 3567
3 3566 3565 3568
3 3568 3569 3570
3 3566 3568 3570
3 3567 3566 3570
3 3571 3567 3570
3 3559 3562 3564
3 253 209 3561
3 3558 254 253
3 3572 3573 3574
3 3572 3574 3575
3 3572 3575 3576
3 3577 3572 3576
3 3576 3578 3577
3 1018 3579 3573
3 3577 3578 1024
3 3570 3569 3580
3 3581 3582 3583
3 3584 3585 3586
3 3586 805 3587
3 3586 3587 3588
3 3584 3586 3588
3 3584 3588 3582
3 3581 3583 1022
3 3573 3579 3574
3 1017 1022 3589
3 1017 3589 3590
3 1017 3590 3579
3 1018 1017 3579
3 3591 3592 3588
3 3588 3587 3591
3 3588 3592 3583
3 3582 3588 3583
3 1025 3593 3594
3 1025 3594 1020
3 3592 3591 3595
3 3592 3595 3596
3 3596 3583 3592
3 3579 3590 3574
3 1022 3583 3596
3 1022 3596 3589
3 3593 3597 3598
3 3598 3594 3593
3 3594 3598 3599
3 1020 3594 3599
3 1020 3599 3600
3 1026 1020 3600
3 1024 3578 3593
3 1025 1024 3593
3 3600 3599 1786
3 3593 3601 3597
3 3576 3575 3602
3 3601 3593 3578
3 3601 3578 3576
3 3601 3576 3602
3 3603 3604 3605
3 3606 3607 2995
3 2995 3607 3608
3 3608 3607 3609
3 3610 3611 3612
3 3612 3613 3610
3 3610 3613 3614
3 3615 3616 3617
3 3617 3604 3615
3 3604 3617 3618
3 3604 3618 3612
3 3605 3604 3612
3 3611 3605 3612
3 3603 3619 3615
3 3615 3604 3603
3 3620 3621 3622
3 3615 3623 3616
3 3606 3624 3625
3 3625 3607 3606
3 3607 3625 3623
3 3609 3607 3623
3 3609 3623 3615
3 3619 3609 3615
3 3626 3613 3627
3 3613 3628 3621
3 3614 3613 3621
3 3620 3614 3621
3 3621 3629 3630
3 3622 3621 3630
3 3631 3622 3630
3 3631 3630 2992
3 2992 3630 3632
3 2993 2992 3632
3 3628 3626 3633
3 3634 3629 3621
3 3621 3628 3633
3 3634 3621 3633
3 3626 3628 3613
3 3613 3612 3627
3 2988 3635 2989
3 3612 3618 3627
3 3629 3634 3636
3 3632 3637 2272
3 3629 3636 3638
3 3638 3630 3629
3 3630 3638 3637
3 3630 3637 3632
3 3639 3640 3641
3 3641 3635 3639
3 3635 3641 3642
3 2989 3635 3642
3 2989 3642 3606
3 2995 2989 3606
3 3639 3635 2990
3 2990 3635 2988
3 3606 3642 3624
3 3639 3643 3640
3 2473 3644 3645
3 3645 2474 2473
3 2474 3645 3643
3 2144 2474 3643
3 2144 3643 3639
3 2990 2144 3639
3 2473 2479 3644
3 3646 2022 2024
3 3356 3647 3354
3 3647 2026 3354
3 3648 995 3649
3 995 3357 3649
3 3357 3360 3649
3 3650 3651 3652
3 3650 3097 3651
3 3097 3099 3651
3 3650 3648 3097
3 3648 3649 3097
3 1035 3653 1033
3 811 3653 1035
3 1021 3653 811
3 1034 1033 3654
3 1033 3653 3654
3 3653 3655 3654
3 3653 3656 3655
3 3656 3653 1021
3 1021 1026 3656
3 3654 3655 3657
3 2351 3658 3659
3 2351 3659 2352
3 3658 3660 3661
3 3662 3663 3664
3 3664 3665 3662
3 2360 3666 2358
3 2360 3665 3666
3 2352 3662 2354
3 3659 3662 2352
3 2354 3665 2356
3 3662 3665 2354
3 3663 3662 3661
3 3662 3658 3661
3 3662 3659 3658
3 3667 3668 3665
3 3668 3667 3669
3 2363 3670 3201
3 2363 3671 3670
3 2363 2362 3671
3 3671 3672 3673
3 3673 3670 3671
3 3201 3670 3674
3 3665 3668 3666
3 2360 2356 3665
3 2358 3671 2362
3 3666 3671 2358
3 3672 3671 3669
3 3671 3666 3669
3 3666 3668 3669
3 3665 3664 3667
3 3674 3200 3201
3 3674 3673 1677
3 3670 3673 3674
3 353 364 383
3 3447 3675 3446
3 3447 3676 3675
3 3447 904 3676
3 2742 1499 1500
3 2742 3676 1499
3 2740 1500 1501
3 1501 2746 2740
3 3676 2742 2743
3 369 357 3677
3 3677 2754 369
3 3677 2745 2754
3 904 1499 3676
3 358 3446 357
3 3446 3677 357
3 3446 3675 3677
3 2745 3675 2743
3 3675 3676 2743
3 2745 3677 3675
3 2742 1500 2740
3 2771 3678 2769
3 3678 311 2769
3 311 318 2769
3 318 319 2769
3 3678 2771 2772
3 3449 3679 3456
3 3680 3679 3449
3 3680 2774 2786
3 1501 1511 2746
3 311 3678 3450
3 3450 312 311
3 3448 3680 3449
3 3448 3678 3680
3 3678 2772 3680
3 2772 2774 3680
3 3448 3450 3678
3 1892 2791 2598
3 2598 1899 1892
3 2786 3679 3680
3 1895 3679 1891
3 3679 2781 1891
3 2781 2787 1891
3 1895 3456 3679
3 3679 2786 2781
3 1891 2787 2791
3 2791 1892 1891
3 3681 3682 3683
3 3684 3685 3686
3 3687 3688 3689
3 3689 3690 3691
3 3688 3690 3689
3 3687 3692 3688
3 3692 3693 3688
3 3687 3694 3692
3 3692 1893 1894
3 3681 3455 3682
3 3681 2600 3455
3 3681 2601 2600
3 3683 3692 3694
3 3682 3692 3683
3 1893 3682 1895
3 3682 3455 1895
3 1893 3692 3682
3 3695 3691 3690
3 3684 3696 3685
3 3684 3697 3696
3 3697 3698 3696
3 1898 3698 1896
3 3698 3699 1896
3 1898 3696 3698
3 3690 1890 1903
3 1894 3693 3692
3 1890 3688 1888
3 3688 3693 1888
3 1890 3690 3688
3 3693 1894 1888
3 3695 3698 3697
3 3695 3690 3698
3 3690 3699 3698
3 3700 3701 1037
3 3702 3703 3704
3 3705 3704 3706
3 3704 3707 3706
3 3704 3703 3707
3 3708 3703 3702
3 1903 3699 3690
3 3699 1903 1896
3 3709 3710 3711
3 3712 3701 3700
3 3713 3710 3709
3 3709 3714 3713
3 3714 1037 3713
3 3714 3700 1037
3 2204 3707 3715
3 2205 3715 3716
3 3708 3707 3703
3 3708 3715 3707
3 3708 3717 3715
3 3716 3715 3717
3 3717 3718 3716
3 3719 3720 3721
3 3722 3720 3719
3 3720 3713 3723
3 3710 3713 3720
3 2201 1037 1036
3 2201 3723 1037
3 3723 3713 1037
3 3721 3723 3724
3 2204 3715 2205
3 3725 3722 3726
3 3725 3720 3722
3 3725 3711 3720
3 3711 3710 3720
3 3718 3726 3716
3 3726 3719 3716
3 3726 3722 3719
3 3724 2212 2206
3 3724 2211 2212
3 3727 3728 3729
3 3730 3731 3732
3 3730 3733 3731
3 3730 3686 3733
3 3686 3685 3733
3 3727 3734 3728
3 3720 3723 3721
3 3723 2201 2211
3 2211 3724 3723
3 2205 3716 3719
3 3719 2208 2205
3 2208 3719 3721
3 3721 2206 2208
3 2206 3721 3724
3 3729 3735 3736
3 3729 3728 3735
3 1037 3736 1038
3 3701 3736 1037
3 1039 3736 2214
3 3736 3735 2214
3 1039 1038 3736
3 2218 3734 2216
3 3727 3732 3734
3 3732 3731 3734
3 2220 3734 2221
3 3734 3733 2221
3 3734 3731 3733
3 3736 3701 3712
3 3712 3737 3736
3 3737 3729 3736
3 3733 2225 2221
3 2218 3728 3734
3 2218 3735 3728
3 3734 2220 2216
3 3735 2218 2214
3 2225 3685 2223
3 3685 3696 2223
3 2225 3733 3685
3 3696 1898 2223
3 3479 3738 3470
3 3739 3738 3479
3 3479 3478 3739
3 2849 2850 3481
3 3483 3740 3484
3 3485 3739 3478
3 3741 3739 3485
3 3481 1917 2608
3 3481 2850 1917
3 3740 2607 2602
3 3488 3742 3487
3 3743 3742 3488
3 3488 3486 3743
3 3466 3487 3744
3 3487 2619 3744
3 3485 3484 3741
3 3484 2609 3741
3 3484 3740 2609
3 3740 2602 2609
3 3483 3482 3740
3 3482 2607 3740
3 3482 2608 2607
3 3482 3481 2608
3 3745 3738 2610
3 3738 3739 2610
3 2614 3743 3745
3 3745 2617 2614
3 3745 2612 2617
3 3744 2619 2622
3 2610 3739 3741
3 3741 2634 2610
3 3487 3742 2619
3 3742 2613 2619
3 2613 3742 3743
3 3743 2614 2613
3 3486 3470 3743
3 3470 3738 3743
3 3738 3745 3743
3 2612 3745 2610
3 3489 3746 2637
3 2637 3746 3747
3 3747 2635 2637
3 3498 3748 3494
3 3498 3492 3748
3 3492 3749 3748
3 3749 2641 3748
3 3749 2639 2641
3 3741 2609 2634
3 3491 3749 3492
3 3497 3746 3489
3 3747 3746 3497
3 3497 3496 3747
3 3491 2638 3749
3 3491 2637 2638
3 3491 3489 2637
3 3496 3469 2652
3 3469 3750 2652
3 3750 2659 2652
3 3747 2655 2635
3 1929 2650 2666
3 2666 2250 1929
3 2250 2666 2236
3 1928 3748 1929
3 3748 2647 1929
3 2647 2650 1929
3 1928 3494 3748
3 3748 2641 2647
3 3749 2638 2639
3 3496 2655 3747
3 3496 2652 2655
3 3461 3469 3496
3 559 2852 3477
3 559 978 2852
3 978 1602 2852
3 1602 2848 2852
3 1602 1605 2848
3 3477 2852 2849
3 1043 1045 3751
3 2177 2170 1043
3 3752 3753 3754
3 3755 3756 3757
3 3755 1051 3756
3 3755 1049 1051
3 3755 3753 1049
3 3755 3754 3753
3 2170 1041 1043
3 2170 2169 1041
3 2169 2486 1041
3 2177 3751 2178
3 2177 1043 3751
3 3752 2178 3753
3 2178 1048 3753
3 2178 3751 1048
3 3751 1046 1048
3 3751 1045 1046
3 3753 1048 1049
3 3758 3759 3760
3 3761 3762 3763
3 3764 3765 3766
3 3764 3767 3765
3 3764 3762 3767
3 3764 3763 3762
3 3768 3762 3761
3 3769 3762 3768
3 2485 1056 1055
3 1055 2486 2485
3 2486 1055 1041
3 3757 3770 3771
3 3756 3770 3757
3 3756 1051 1070
3 1070 3770 3756
3 3758 3770 3759
3 3770 1071 3759
3 1071 1073 3759
3 3758 3771 3770
3 3768 3760 3769
3 3760 3759 3769
3 3759 1065 3769
3 3759 1063 1065
3 1068 3769 1066
3 1068 3767 3769
3 3767 3762 3769
3 3769 1065 1066
3 1081 2475 3772
3 3772 1080 1081
3 3772 1077 1080
3 3767 1068 1075
3 3770 1070 1071
3 3759 1073 1063
3 2158 3766 2475
3 3766 3772 2475
3 3766 3765 3772
3 1077 3765 1075
3 3765 3767 1075
3 1077 3772 3765
3 6 3773 7
3 26 3008 25
3 26 27 3008
3 27 3013 3008
3 27 3774 3013
3 29 3775 28
3 29 3776 3775
3 29 30 3776
3 30 3777 3776
3 27 28 3774
3 28 3778 3774
3 28 3775 3778
3 3775 3776 3778
3 3779 3780 3781
3 3780 3782 3781
3 3779 3783 3780
3 3782 3784 3781
3 3785 3786 3787
3 3785 3788 3786
3 3789 3790 3791
3 3789 3786 3790
3 3786 3788 3790
3 3792 3790 3793
3 3793 3794 3792
3 3794 3795 3792
3 3783 3779 3796
3 3797 3798 3799
3 3799 3800 3797
3 3799 3801 3800
3 3802 3788 3785
3 3790 3788 3802
3 3802 3793 3790
3 3803 3785 3787
3 3786 3789 3804
3 3805 3806 3807
3 3807 3808 3805
3 3807 3809 3808
3 2685 3810 3811
3 3812 3813 3814
3 3812 224 3813
3 224 226 3813
3 3795 3806 3792
3 3806 3815 3792
3 3806 3805 3815
3 3791 3790 3792
3 3792 3816 3791
3 3792 3815 3816
3 3817 3787 3786
3 3786 3804 3817
3 3818 3814 3819
3 3814 232 3819
3 3814 3813 232
3 3813 230 232
3 3813 226 230
3 3819 232 227
3 3812 3810 224
3 3812 3811 3810
3 3818 3819 3820
3 3821 3822 2714
3 3821 227 3822
3 227 229 3822
3 3821 3820 227
3 3820 3819 227
3 2724 2721 2501
3 2501 2504 2724
3 2505 3823 2503
3 2505 2495 3823
3 2495 3824 3823
3 2495 3825 3824
3 2495 3826 3825
3 2504 2503 2724
3 2496 3826 2495
3 2501 2721 832
3 2509 3827 3828
3 3827 3829 3828
3 2516 3830 2517
3 3830 3831 2520
3 2520 2517 3830
3 2516 3832 3830
3 2516 3828 3832
3 2516 2518 3828
3 2503 2725 2724
3 2503 3823 2725
3 3823 3833 2725
3 3823 3824 3833
3 3834 3827 2509
3 2509 1336 3834
3 2519 3828 2518
3 2519 2509 3828
3 3827 3834 3835
3 3834 3836 3835
3 3836 3837 3835
3 3827 3838 3839
3 3839 3829 3827
3 3829 3839 3840
3 2523 3841 2522
3 2523 3831 3841
3 3842 3828 3840
3 3828 3829 3840
3 3842 3832 3828
3 3843 3831 3844
3 3831 3832 3844
3 3831 3830 3832
3 3832 3842 3844
3 3838 3827 3835
3 3831 3843 3845
3 3826 3846 3825
3 2535 3847 2534
3 3848 3847 2535
3 2535 2539 3848
3 2538 3849 2537
3 3850 3849 2538
3 2538 2543 3850
3 3831 3851 3841
3 3831 3845 3851
3 2523 2520 3831
3 2496 3846 3826
3 2496 3841 3846
3 3841 3852 3846
3 2496 2522 3841
3 3841 3851 3852
3 3853 3848 3854
3 3847 3848 3853
3 3855 3853 3856
3 3855 3850 3853
3 3855 3857 3850
3 3856 3853 3854
3 3854 3858 3856
3 2542 3859 2540
3 1317 3860 3861
3 1317 2537 3860
3 2537 3849 3860
3 3860 3850 3857
3 3849 3850 3860
3 2543 3853 3850
3 2543 2534 3853
3 2534 3847 3853
3 3862 3859 3863
3 1164 1163 3864
3 3864 3863 1164
3 3864 1167 3865
3 1163 1167 3864
3 3866 3863 3864
3 3864 3867 3866
3 3867 3864 3865
3 2542 1164 3859
3 1164 3863 3859
3 2542 1166 1164
3 2539 2540 3848
3 2540 3859 3848
3 3859 3862 3848
3 3868 3863 3866
3 3868 3862 3863
3 3869 3861 3860
3 3870 3860 3857
3 3857 3871 3870
3 3869 3872 3873
3 3857 3855 3871
3 3865 3803 3867
3 3874 3848 3875
3 3848 3862 3875
3 3874 3854 3848
3 3862 3868 3875
3 3854 3874 3858
3 3872 3860 3870
3 3872 3869 3860
3 1796 3876 1794
3 3877 3876 1796
3 1796 1799 3877
3 852 1794 3878
3 1794 815 3878
3 1794 3876 815
3 3877 818 819
3 3878 815 826
3 3876 814 815
3 814 3876 3877
3 3877 819 814
3 1799 818 3877
3 1799 816 818
3 1799 1802 816
3 822 816 1802
3 1802 1801 822
3 3879 1381 1380
3 3880 3881 3882
3 3883 3881 3880
3 3880 1856 3883
3 3879 3882 1381
3 3882 1386 1381
3 3882 3881 1386
3 1387 3881 3884
3 3881 3883 3884
3 1387 1386 3881
3 2944 3885 2943
3 3886 3887 1353
3 2954 3888 2956
3 2952 3889 2953
3 3890 3889 2952
3 3890 1355 1359
3 1359 3889 3890
3 2954 3889 3888
3 3889 3891 3888
3 2948 3886 2949
3 2948 3887 3886
3 2948 3885 3887
3 2948 2943 3885
3 3886 3890 2952
3 2952 2949 3886
3 1355 3890 1353
3 3890 3886 1353
3 2960 3892 3893
3 3892 1367 3893
3 3892 1360 1367
3 2960 2966 3892
3 1360 3892 3894
3 3894 1361 1360
3 2968 3895 2967
3 2968 3893 3895
3 2954 2953 3889
3 3889 1359 1358
3 1358 3891 3889
3 2960 3893 2958
3 2965 3892 2966
3 2965 3894 3892
3 2965 2964 3894
3 2964 3896 3894
3 3893 1367 1363
3 1379 3896 1377
3 3896 3897 1377
3 1379 3894 3896
3 3897 1380 1377
3 3894 1379 1361
3 3885 1371 1392
3 1392 3887 3885
3 3893 1363 3895
3 1363 1365 3895
3 2968 2958 3893
3 2944 3895 3885
3 3895 1368 3885
3 1368 1371 3885
3 2944 2967 3895
3 3895 1365 1368
3 3898 1399 3899
3 1399 1401 3899
3 2978 2976 3898
3 3887 1392 1353
3 2974 3900 2975
3 2975 3901 2980
3 3900 3901 2975
3 2956 3898 2976
3 3888 3898 2956
3 2978 3899 2977
3 2978 3898 3899
3 3902 1805 3903
3 3902 1803 1805
3 1803 3902 694
3 694 695 1803
3 773 779 3904
3 779 3905 3904
3 3905 3906 3904
3 1811 3905 1809
3 3907 3902 3908
3 3907 756 3902
3 756 694 3902
3 756 684 694
3 781 3908 3903
3 3908 3902 3903
3 3909 3910 3911
3 3912 3913 3914
3 3915 3913 3912
3 3916 3913 3915
3 713 3914 3917
3 3914 3913 3917
3 3913 3918 3917
3 1823 3916 1821
3 3905 3903 1809
3 1811 3906 3905
3 1808 3904 3906
3 3906 1806 1808
3 3906 1811 1806
3 3903 1805 1809
3 3909 3919 3920
3 3911 3919 3909
3 1821 3916 3921
3 3921 1826 1821
3 3921 1820 1826
3 3922 3923 3924
3 3925 3923 3922
3 3926 3923 3925
3 3910 3924 3911
3 3924 3927 3911
3 1823 3913 3916
3 1823 3918 3913
3 3915 3920 3916
3 3920 3921 3916
3 3920 3919 3921
3 1820 3911 1818
3 1820 3919 3911
3 1820 3921 3919
3 1831 3926 3928
3 1831 3929 3926
3 1828 3928 3930
3 1827 3928 1828
3 1818 3911 3927
3 3927 1836 1818
3 1836 3927 3929
3 3929 1835 1836
3 3924 3923 3927
3 3923 3926 3929
3 3929 3927 3923
3 3931 3926 3925
3 3928 3926 3931
3 3932 3928 3931
3 3930 3928 3932
3 1831 3928 1827
3 3933 3934 3935
3 1828 3930 3935
3 3935 1857 1828
3 1857 3935 3934
3 3934 1858 1857
3 1865 3933 1864
3 3933 3936 1864
3 1865 3934 3933
3 3929 1831 1835
3 1843 3917 3918
3 3918 1844 1843
3 3918 1823 1844
3 3935 3930 3932
3 3932 3937 3935
3 3937 770 3935
3 770 3933 3935
3 3936 1863 1864
3 3934 1865 1858
3 2575 2941 2555
3 3938 3939 1484
3 3940 3939 3938
3 3938 3281 3940
3 3281 3941 3940
3 3941 3942 3940
3 696 3939 3940
3 3940 3943 696
3 3943 3940 3942
3 741 3944 3945
3 3945 767 741
3 3945 759 767
3 761 3946 3947
3 3947 776 761
3 3947 750 776
3 3948 1657 3949
3 3950 3951 3952
3 3953 3954 3955
3 3953 3956 3954
3 3953 3952 3956
3 3952 3951 3956
3 3950 3957 3951
3 3957 3958 3951
3 3942 3959 3943
3 3960 3941 3961
3 3941 3962 3961
3 3960 3942 3941
3 3961 3962 3963
3 3963 3964 3961
3 3942 3960 3959
3 3963 740 3964
3 3954 3965 3955
3 2546 3965 2544
3 3965 3954 2544
3 3954 3956 2544
3 3948 3965 1657
3 3965 2547 1657
3 2547 1658 1657
3 3948 3966 3965
3 3950 1459 3957
3 3957 1431 3967
3 3967 3958 3957
3 2550 3951 3968
3 3951 3958 3968
3 2550 3956 3951
3 3958 3967 3968
3 3955 3965 3966
3 3969 3970 1656
3 3971 3972 3973
3 3973 3974 3971
3 3971 2561 2556
3 2556 3972 3971
3 3972 1669 1672
3 1672 3973 3972
3 3972 2556 1670
3 3965 2546 2547
3 3956 2550 2544
3 1657 1656 3970
3 3970 3949 1657
3 3969 3971 3974
3 3969 1656 3971
3 1656 2561 3971
3 1656 1665 2561
3 1670 1669 3972
3 3975 3403 3976
3 3403 3400 3977
3 3977 3976 3403
3 3978 3979 3980
3 3978 3981 3979
3 3978 3977 3981
3 3977 3402 3981
3 3982 3980 3979
3 3979 3981 3983
3 3984 3985 3986
3 3986 3987 3984
3 3988 3989 3990
3 3988 3991 3989
3 3991 3992 3989
3 3988 3993 3991
3 3977 3400 3402
3 3994 3995 3996
3 3982 3984 3997
3 3984 3987 3993
3 3993 3997 3984
3 3982 3983 3984
3 3983 3985 3984
3 3982 3979 3983
3 3998 3999 4000
3 3998 3388 3999
3 3998 3391 3388
3 3998 4001 3391
3 3999 4002 4003
3 4003 4000 3999
3 4004 3999 3390
3 3999 3388 3390
3 3993 3987 3991
3 3994 4005 3995
3 3994 4006 4005
3 3994 3990 4006
3 3990 3989 4006
3 3989 3992 4006
3 3987 3986 3991
3 4007 3391 4001
3 4002 4008 4009
3 4008 4010 4009
3 4011 4003 4002
3 4002 4004 4008
3 4009 4010 4012
3 4013 4014 4015
3 4016 4017 4018
3 4016 3995 4017
3 4004 4002 3999
3 4011 4009 4019
3 4020 3412 3422
3 4020 4009 3412
3 4009 3421 3412
3 4009 4012 3421
3 4020 4019 4009
3 4011 4002 4009
3 4021 4022 4023
3 4021 4015 4022
3 4015 4014 4022
3 4014 4024 4022
3 4007 4022 3391
3 4022 3392 3391
3 4022 4025 3392
3 4007 4023 4022
3 3995 4026 4017
3 4026 4027 4017
3 4016 3996 3995
3 4013 4018 4014
3 4018 4017 4014
3 4017 4028 4014
3 4017 4027 4029
3 4029 4028 4017
3 4025 4022 4024
3 4024 4030 4025
3 4031 4014 4032
3 4014 4028 4032
3 4031 4024 4014
3 4028 4029 4032
3 4024 4031 4030
3 3995 4005 4026
3 3277 4033 3278
3 3277 3273 4033
3 3273 4034 4033
3 4034 710 4033
3 710 712 4033
3 4035 4034 3274
3 3274 3276 4035
3 3276 1472 4035
3 3274 4034 3273
3 4033 720 723
3 1457 3278 4033
3 4033 712 720
3 4036 723 724
3 4037 702 715
3 3288 3941 3281
3 3285 4038 3286
3 3962 3941 3288
3 1472 4037 4035
3 4037 717 4035
3 4037 715 717
3 710 4034 4035
3 4035 714 710
3 4035 717 714
3 1457 4033 4036
3 4033 723 4036
3 4039 4038 3299
3 3298 4039 3299
3 4040 4039 3298
3 740 4039 739
3 740 4038 4039
3 740 3963 4038
3 739 4039 4040
3 4040 737 739
3 3288 3292 3962
3 3292 3286 3962
3 3286 3963 3962
3 3286 4038 3963
3 3295 4041 3293
3 3944 4041 3295
3 3295 3300 3944
3 3299 4038 3285
3 4042 743 745
3 3308 4043 3309
3 3307 4043 3308
3 3946 4043 3307
3 1683 1684 3314
3 3947 3946 3307
3 3307 3320 3947
3 3320 3321 3947
3 3298 3293 4040
3 3293 4042 4040
3 3293 4041 4042
3 743 3944 741
3 743 4042 3944
3 4042 4041 3944
3 737 4040 4042
3 4042 745 737
3 3321 3317 755
3 3317 4044 755
3 4044 754 755
3 3323 4045 3322
3 3325 3944 3300
3 3945 3944 3325
3 3325 3322 3945
3 3322 4045 3945
3 3321 750 3947
3 3321 748 750
3 3319 4044 3317
3 3319 754 4044
3 3319 3314 754
3 3314 1684 754
3 1684 752 754
3 3321 755 748
3 757 4045 4046
3 4046 760 757
3 4046 763 760
3 4045 759 3945
3 4045 757 759
3 3323 4046 4045
3 3323 3309 4046
3 3309 4043 4046
3 763 3946 761
3 763 4043 3946
3 763 4046 4043
3 2163 4047 4048
3 4048 3754 3755
3 2175 2178 3752
3 4049 4050 4051
3 4052 4053 4054
3 4055 4048 4047
3 4055 2176 4048
3 2176 2175 4048
3 2175 3754 4048
3 2175 3752 3754
3 2163 4048 2164
3 4048 3755 2164
3 3755 3757 2164
3 3760 4056 4053
3 4057 4058 4059
3 4057 4050 4058
3 4050 3763 4058
3 4050 3761 3763
3 4057 4051 4050
3 2132 4059 2133
3 4059 4058 2133
3 4052 2164 4053
3 2164 4060 4053
3 4052 2165 2164
3 4049 4054 4050
3 4054 4053 4050
3 4053 4056 4050
3 3760 4053 3758
3 4053 4060 3758
3 4060 3771 3758
3 2133 3766 2158
3 4058 3764 2133
3 3764 3766 2133
3 4058 3763 3764
3 3761 4050 4056
3 4056 3768 3761
3 4056 3760 3768
3 2164 3757 3771
3 3771 4060 2164
3 4061 2300 2292
3 4062 4063 4064
3 4065 2300 4061
3 4066 4067 4068
3 4067 4069 4068
3 4070 4071 4072
3 4071 4073 4072
3 4073 4074 4072
3 2134 4073 2132
3 4073 4068 2132
3 2134 4074 4073
3 2298 2300 4065
3 4065 4064 2298
3 4064 4063 2298
3 4063 2303 2298
3 4075 4069 4067
3 4070 4072 4076
3 4066 4073 4071
3 4066 4068 4073
3 4077 4063 4062
3 4078 4063 4077
3 4077 4079 4078
3 4079 4080 4078
3 4080 2135 4078
3 4080 2140 2135
3 2139 4063 2138
3 4063 4078 2138
3 4081 4080 4079
3 4082 4083 4084
3 4085 4080 4081
3 4081 4086 4085
3 4086 4084 4085
3 4084 2131 4085
3 4084 4083 2131
3 4083 2129 2131
3 4076 4072 4087
3 4072 2149 4087
3 4072 2147 2149
3 2129 4083 4087
3 4087 2153 2129
3 4087 2149 2153
3 2147 4072 4074
3 4074 2154 2147
3 2139 2303 4063
3 4078 2135 2138
3 2140 4080 4085
3 4085 2141 2140
3 4085 2131 2141
3 4088 4083 4082
3 4087 4083 4088
3 4088 4076 4087
3 4089 4090 4091
3 4092 4090 4089
3 4092 4093 2167
3 2167 4090 4092
3 4091 4094 4095
3 4090 4094 4091
3 4090 2167 2166
3 4074 2134 2154
3 4096 4097 2163
3 4098 4099 4100
3 4101 4099 4098
3 4102 4099 4101
3 4103 4104 4105
3 4103 4100 4104
3 4100 4099 4104
3 2176 4099 2174
3 2166 4094 4090
3 4103 4105 4106
3 4106 4097 4096
3 4105 4097 4106
3 4107 4108 4109
3 4107 4096 4108
3 4096 2163 4108
3 2163 2165 4108
3 4099 4102 2174
3 2176 4104 4099
3 4101 2172 4102
3 2172 2173 4102
3 4101 4095 2172
3 4095 4094 2172
3 4094 2166 2172
3 4102 2173 2174
3 2001 4110 1999
3 2002 4111 2003
3 2002 4106 4111
3 2002 4103 4106
3 2004 2003 4112
3 2003 4111 4112
3 4111 4106 4096
3 4096 4112 4111
3 4109 4113 4107
3 4113 4112 4107
3 4109 4114 4113
3 4112 4096 4107
3 2002 1999 4103
3 1999 4110 4103
3 2004 4113 2005
3 2013 4115 2009
3 2013 4114 4115
3 2013 2005 4114
3 2005 4113 4114
3 2004 4112 4113
3 2014 2009 4116
3 2009 4115 4116
3 4115 4117 4116
3 4115 4118 4117
3 4118 4115 4114
3 4114 4119 4118
3 4116 4117 4075
3 4114 4109 4119
3 2001 2012 4110
3 2012 4120 4110
3 4120 4100 4110
3 4120 4098 4100
3 4098 4120 4121
3 4121 4101 4098
3 4110 4100 4103
3 4121 4095 4101
3 2068 4122 4123
3 4123 2069 2068
3 2074 4124 4122
3 4122 2068 2074
3 2427 4125 348
3 2074 2073 4124
3 4126 4127 1445
3 1447 4126 1445
3 346 4128 2436
3 1447 4129 4126
3 2435 4130 4131
3 2435 4131 329
3 2436 4128 4130
3 2435 2436 4130
3 4132 4125 2428
3 2428 4125 2427
3 384 4126 2426
3 2426 4126 2424
3 2428 2424 4132
3 4127 4126 384
3 2424 4126 4129
3 2424 4129 4132
3 4133 4134 2247
3 2247 4134 2248
3 2246 2249 4135
3 2246 4135 4136
3 4135 4133 4137
3 2249 4134 4135
3 4134 4133 4135
3 2248 4134 2249
3 1926 4138 1927
3 1927 4138 4139
3 4140 4138 4141
3 4140 4141 4142
3 4138 2599 2601
3 4138 2601 4141
3 4140 4139 4138
3 4143 2672 2671
3 4143 1158 2672
3 4143 4144 1158
3 1158 1160 2672
3 4145 1161 1158
3 4144 4145 1158
3 1544 1543 2587
3 4146 1544 2587
3 4147 4148 4149
3 4147 4149 4150
3 1880 2587 1878
3 4148 4151 4149
3 4149 4151 2587
3 1880 4149 2587
3 4152 1425 4153
3 4153 1425 1423
3 4147 4150 4154
3 1428 1425 4152
3 4146 2587 4151
3 4146 4151 4148
3 4155 1875 1874
3 1874 4156 4155
3 1884 4150 4149
3 1884 4149 1883
3 4149 1880 1883
3 1884 4155 4150
3 4155 1884 1875
3 4157 4154 4156
3 4157 4156 4158
3 4154 4150 4155
3 4154 4155 4156
3 4158 4156 1428
3 4152 4158 1428
3 4156 1874 1433
3 4156 1433 1428
3 1539 4159 4160
3 4160 1537 1539
3 4161 4162 4163
3 1676 1675 4164
3 1675 1542 4162
3 4161 1675 4162
3 4161 4164 1675
3 1542 1544 4162
3 4159 1539 1685
3 1685 1539 1540
3 4165 4152 4153
3 4153 4166 4165
3 4167 4168 4169
3 4170 4171 4172
3 4172 4171 4168
3 4167 4172 4168
3 4171 4147 4154
3 4171 4154 4168
3 4173 4166 4174
3 4175 4176 1444
3 4173 4177 4165
3 4165 4166 4173
3 4174 1423 4176
3 4175 4174 4176
3 4166 4153 1423
3 4174 4166 1423
3 4168 4157 4158
3 4169 4168 4158
3 4165 4158 4152
3 4168 4154 4157
3 4162 4148 4171
3 4170 4162 4171
3 4170 4163 4162
3 4162 4146 4148
3 4171 4148 4147
3 4162 1544 4146
3 4177 4169 4158
3 4177 4158 4165
3 4178 509 565
3 4178 565 564
3 564 2273 4178
3 2018 3350 2019
3 2018 4179 2318
3 2018 2318 3350
3 2018 2020 4179
3 4179 4180 1568
3 489 2316 2031
3 1568 2318 4179
3 2034 2317 3340
3 2034 3340 2033
3 2031 2316 2317
3 2034 2031 2317
3 4181 2529 4182
3 4182 2529 2532
3 4183 2541 2530
3 4184 4183 2530
3 1166 4183 4185
3 1166 4185 1165
3 4186 4187 4185
3 1166 2541 4183
3 4188 4189 4185
3 4187 4188 4185
3 4190 4188 4187
3 2530 2529 4181
3 1289 4188 4191
3 4191 4188 4190
3 4185 4183 4192
3 4192 4183 4184
3 4181 4184 2530
3 4192 4186 4185
3 4193 4194 306
3 306 4194 4195
3 4196 4197 4198
3 4198 4197 4199
3 4200 1297 1296
3 4198 4201 4196
3 4199 4197 1297
3 4200 4199 1297
3 1288 4189 4188
3 4188 1289 1288
3 4189 1168 1165
3 1165 4185 4189
3 1288 1169 1168
3 1168 4189 1288
3 4195 4194 4202
3 4200 1296 4203
3 4204 4196 4205
3 4206 4205 4194
3 4205 4206 4207
3 4205 4207 4204
3 4208 1289 4191
3 4209 4210 4211
3 4208 4211 1291
3 1291 1289 4208
3 1308 1297 4196
3 1308 4196 4204
3 4201 4205 4196
3 1297 4197 4196
3 4202 4194 4205
3 4201 4202 4205
3 4206 4194 4193
3 4206 4193 2699
3 1301 4212 1309
3 4210 4212 1292
3 1301 1294 4212
3 4212 1300 1309
3 4211 4210 1292
3 4211 1292 1291
3 4212 4210 4213
3 4213 4210 4209
3 4213 1296 1300
3 4213 1300 4212
3 1292 4212 1294
3 4213 4203 1296
3 4214 4215 4216
3 4216 4215 4217
3 4218 4219 4220
3 4221 4215 4214
3 4222 4221 4223
3 4223 4221 4214
3 4220 342 4222
3 4223 4220 4222
3 4224 2422 4219
3 4218 4224 4219
3 2420 2419 4224
3 4224 2419 2422
3 4219 2422 2421
3 4224 4225 2420
3 4226 4227 2420
3 4225 4226 2420
3 4219 2421 342
3 4220 4219 342
3 4228 4227 4226
3 3444 3445 4229
3 376 2423 4227
3 4228 376 4227
3 4228 4229 3445
3 4228 3445 376
3 4230 4231 4232
3 4233 4230 4232
3 2434 4232 4234
3 2434 4234 335
3 4235 4236 4237
3 4232 4231 4234
3 4238 4239 4236
3 4235 4238 4236
3 4227 2423 2425
3 4227 2425 2420
3 4233 4239 4238
3 4240 4241 4242
3 4243 4231 4244
3 4244 4231 4230
3 4233 4232 4239
3 4234 4231 4243
3 4245 4239 4232
3 2433 4245 4232
3 4245 2433 2430
3 4232 2434 2431
3 4246 4247 4248
3 4246 4248 4249
3 4246 4242 4241
3 4246 4241 4247
3 4240 4236 4241
3 4239 4245 4236
3 4236 2429 323
3 4236 323 4241
3 2429 4236 4245
3 4240 4237 4236
3 2433 4232 2431
3 4245 2430 2429
3 4250 4251 310
3 4250 310 312
3 4252 4253 4251
3 4250 4254 4251
3 313 315 4251
3 4253 313 4251
3 4255 309 313
3 4253 4255 313
3 4248 4255 4249
3 4249 4255 4253
3 4248 4247 307
3 309 4248 307
3 4252 4251 4254
3 309 4255 4248
3 4250 312 3452
3 4250 3452 3454
3 332 4256 4215
3 4215 4221 330
3 4256 333 335
3 335 4234 4256
3 330 4221 4222
3 4256 332 333
3 4222 342 340
3 4222 340 330
3 4241 323 322
3 4251 315 310
3 4247 322 307
3 322 4247 4241
3 4217 4256 4234
3 4243 4217 4234
3 332 4215 330
3 4217 4215 4256
3 3435 3424 3423
3 4075 4257 4069
3 4258 4259 4119
3 4075 4117 4259
3 4075 4259 4257
3 4051 4257 4258
3 4051 4258 4049
3 4119 4109 4258
3 4257 4259 4258
3 4047 4105 4055
3 4047 4097 4105
3 4105 4104 4055
3 4097 4047 2163
3 4104 2176 4055
3 4119 4259 4118
3 4118 4259 4117
3 4068 4059 2132
3 4257 4051 4057
3 4108 4052 4258
3 4109 4108 4258
3 4108 2165 4052
3 4052 4054 4258
3 4059 4069 4057
3 4258 4054 4049
3 4059 4068 4069
3 4069 4257 4057
3 3053 4260 3052
3 3056 4261 3055
3 3055 2292 4260
3 3053 3055 4260
3 3055 4261 4061
3 3055 4061 2292
3 3056 3059 4262
3 4262 4261 3056
3 3051 4263 3048
3 4264 4265 3069
3 3069 4265 3061
3 3071 4266 3072
3 2014 4116 3070
3 4116 4075 4266
3 3071 4116 4266
3 3071 3070 4116
3 4075 4067 4266
3 3048 4064 4262
3 3059 3048 4262
3 4263 4062 4064
3 3048 4263 4064
3 4262 4065 4061
3 4061 4261 4262
3 3061 4265 3062
3 4262 4064 4065
3 4266 4071 4267
3 3072 4266 4267
3 4266 4067 4066
3 4266 4066 4071
3 3077 4268 3078
3 4267 4071 4070
3 3051 3084 4269
3 4269 4263 3051
3 3074 4264 3069
3 3075 4267 3076
3 3074 3076 4270
3 4270 4264 3074
3 4267 4076 4270
3 3076 4267 4270
3 3075 3072 4267
3 4267 4070 4076
3 4271 4265 4264
3 4084 4271 4264
3 4271 4086 4081
3 4081 4268 4271
3 4062 4263 4269
3 4271 4084 4086
3 4269 4079 4077
3 4269 4077 4062
3 3078 4079 4269
3 3084 3078 4269
3 4268 4081 4079
3 3078 4268 4079
3 3077 3062 4271
3 3077 4271 4268
3 4084 4264 4082
3 3062 4265 4271
3 3094 3090 4089
3 3093 4272 3091
3 3096 3091 4120
3 3096 4120 2012
3 4272 4121 4120
3 3091 4272 4120
3 4270 4088 4082
3 4082 4264 4270
3 4270 4076 4088
3 3093 3094 4091
3 3093 4091 4272
3 4272 4091 4095
3 3094 4089 4091
3 4095 4121 4272
3 3000 4273 3001
3 3011 4274 3005
3 3006 4275 3007
3 3007 3371 4274
3 3011 3007 4274
3 4276 3370 3371
3 3371 4275 4276
3 3012 4277 3009
3 4276 3368 3370
3 3012 3377 3379
3 3012 3379 4277
3 3013 4278 3377
3 3012 3013 3377
3 3007 4275 3371
3 3371 3374 4274
3 3006 3010 4276
3 4276 4275 3006
3 3010 3373 3368
3 3010 3368 4276
3 3001 4273 3373
3 3010 3001 3373
3 2812 3387 2813
3 4273 3381 3373
3 2812 4274 3385
3 2812 3385 3387
3 4274 3374 3385
3 2812 3005 4274
3 2813 3387 2825
3 3009 3381 4273
3 3000 3009 4273
3 4277 3378 3381
3 3009 4277 3381
3 3377 4278 4279
3 4277 3379 3378
3 4279 2795 3384
3 4279 3384 3377
3 2876 4280 2877
3 4281 4282 2047
3 4283 4284 4285
3 4281 4283 4285
3 4284 4286 2810
3 2839 4284 2810
3 2839 4285 4284
3 4287 4288 4289
3 2065 3004 4290
3 4291 4288 4292
3 4292 4288 4287
3 4293 4284 4294
3 4294 4284 4283
3 4281 4285 4282
3 4286 4284 4293
3 1174 3178 1173
3 1182 3177 1183
3 730 4295 729
3 728 2961 727
3 730 731 4296
3 4296 4295 730
3 729 4295 2961
3 728 729 2961
3 2964 4295 4297
3 4295 2963 2961
3 708 4298 709
3 708 713 3917
3 3917 4298 708
3 734 709 4298
3 4298 4299 4300
3 4298 3917 1843
3 4301 4298 1843
3 4302 4300 4303
3 4301 4299 4298
3 4302 4304 4300
3 4300 4299 4303
3 2964 2963 4295
3 4295 4296 4297
3 735 4305 736
3 734 4300 733
3 733 4300 4305
3 735 733 4305
3 734 4298 4300
3 4300 4304 4305
3 682 684 756
3 4304 4302 4306
3 773 3904 774
3 771 3933 770
3 771 775 3936
3 3936 3933 771
3 774 3904 3936
3 775 774 3936
3 731 4305 4296
3 4299 4301 4303
3 4305 4307 4308
3 4305 4308 4296
3 4307 4305 4304
3 731 736 4305
3 4296 4308 4297
3 4304 4306 4307
3 3904 1808 1863
3 3904 1863 3936
3 3903 3905 780
3 780 3905 779
3 780 781 3903
3 2622 2621 4309
3 4310 2661 2659
3 4310 4311 2665
3 4310 2665 2661
3 4311 4309 3183
3 4311 3183 2665
3 4309 2621 2629
3 4309 2629 3183
3 2801 4288 4291
3 4291 2809 2801
3 4289 4288 2803
3 4288 2801 2803
3 4312 4313 4314
3 4314 4315 4312
3 4286 2803 2810
3 4314 4313 4316
3 4293 4289 4286
3 4289 2803 4286
3 4317 4290 2812
3 4290 3004 2812
3 4317 2811 2816
3 4317 2812 2811
3 4312 2816 2815
3 4291 2821 2809
3 4316 4313 2821
3 4313 2820 2821
3 4292 2821 4291
3 4292 4316 2821
3 4315 2816 4312
3 4315 4317 2816
3 2820 4313 4312
3 4312 2815 2820
3 2046 4318 4319
3 4318 2828 4319
3 4282 2829 2831
3 2041 2046 4319
3 4318 2826 2828
3 4318 2831 2826
3 2041 4319 2042
3 2045 2047 2831
3 2047 4282 2831
3 2045 4318 2046
3 2045 2831 4318
3 4319 2828 2834
3 2829 4282 4285
3 4285 2842 2829
3 4285 2839 2842
3 3975 3976 4320
3 3250 4320 3251
3 3250 3975 4320
3 4321 3977 3978
3 3262 4322 3261
3 3254 4321 3978
3 3254 3259 4321
3 4322 3994 4323
3 3994 3996 4323
3 3264 4323 2901
3 3264 4322 4323
3 4320 4321 3259
3 3259 3251 4320
3 3254 4324 3260
3 3254 3980 4324
3 3254 3978 3980
3 4320 3976 3977
3 3977 4321 4320
3 4324 3980 3982
3 3262 3265 4322
3 4325 3997 3993
3 3993 4326 4325
3 3988 3990 4322
3 4326 3993 3988
3 3265 4326 4322
3 4326 3988 4322
3 3267 3982 4325
3 3982 3997 4325
3 3264 3261 4322
3 3267 4325 3266
3 4325 4326 3265
3 3265 3266 4325
3 3267 4324 3982
3 3267 3260 4324
3 2883 4327 2884
3 2884 4328 2891
3 4007 4001 4329
3 2880 4330 2881
3 3998 4000 4327
3 2883 4329 3998
3 4327 4328 2884
3 2883 3998 4327
3 4331 4332 3271
3 3271 3270 4331
3 4322 3990 3994
3 2902 4331 3270
3 3271 4332 4329
3 4332 4007 4329
3 3272 4329 2890
3 3272 3271 4329
3 4020 3422 4330
3 2880 2888 4020
3 4011 4019 4333
3 2880 4020 4330
3 4328 4003 4011
3 2893 4334 2894
3 2888 4333 4020
3 4333 4019 4020
3 4327 4000 4003
3 4003 4328 4327
3 2883 2890 4329
3 4329 4001 3998
3 2891 4328 4333
3 4328 4011 4333
3 2889 4333 2888
3 2889 2891 4333
3 4323 4018 4335
3 4323 4016 4018
3 2896 2901 4335
3 2901 4323 4335
3 4023 4331 4021
3 4331 4336 4021
3 4323 3996 4016
3 4335 4018 4013
3 2902 4336 4331
3 2902 2894 4336
3 2896 4334 2893
3 4335 4334 2896
3 4015 4336 4335
3 4336 4334 4335
3 2894 4334 4336
3 4015 4335 4013
3 4332 4023 4007
3 4023 4332 4331
3 4336 4015 4021
3 3561 4337 3562
3 3561 1628 4337
3 3564 4338 3565
3 3568 3565 4339
3 3565 4338 4339
3 3568 4340 3569
3 3568 4339 4340
3 3580 3569 4340
3 1636 4340 1634
3 3580 4341 4342
3 3580 4340 4341
3 209 208 1626
3 3564 1623 4338
3 3561 209 1628
3 209 1626 1628
3 3564 3562 4337
3 4337 1628 1623
3 1623 1625 4338
3 3564 4337 1623
3 4343 1645 1651
3 3574 4344 3575
3 1645 4343 4342
3 4341 1636 1644
3 3587 804 625
3 804 623 625
3 805 804 3587
3 3591 3587 625
3 4338 1625 1632
3 1632 4339 4338
3 4340 4339 1634
3 1636 4341 4340
3 1645 4341 1644
3 1645 4342 4341
3 4339 1632 1634
3 208 222 1626
3 3596 630 632
3 3596 3595 630
3 4345 633 628
3 3596 632 4345
3 4345 632 633
3 3598 4346 3599
3 625 630 3595
3 3595 3591 625
3 3589 3596 4345
3 3574 629 4344
3 3589 4347 3590
3 4345 4347 3589
3 3590 4347 628
3 628 4347 4345
3 3574 628 629
3 3574 3590 628
3 4348 641 644
3 4348 640 641
3 3601 4348 4349
3 4348 644 4349
3 3599 646 648
3 3599 4346 646
3 1786 648 1787
3 1786 3599 648
3 3602 4348 3601
3 3602 3575 4348
3 4349 4346 3598
3 3598 3597 4349
3 3575 4344 638
3 3597 3601 4349
3 3575 638 4348
3 638 640 4348
3 1787 648 4350
3 4349 644 649
3 646 4346 4349
3 4349 649 646
3 4344 629 638
3 3825 4351 3824
3 3833 4352 3585
3 3833 4351 4352
3 3833 4353 2725
3 3833 3585 4353
3 3838 4354 3839
3 4355 4354 3838
3 3835 3837 4356
3 3837 4357 4356
3 4355 4356 4358
3 4359 4357 4360
3 4361 4354 4358
3 4354 4355 4358
3 3844 4362 3843
3 3844 4363 4362
3 3833 3824 4351
3 3840 4364 3842
3 3835 4355 3838
3 3835 4356 4355
3 3844 4364 4363
3 3844 3842 4364
3 4365 4363 4364
3 3845 4366 3851
3 4354 4361 4367
3 4364 4368 4365
3 3852 3851 4369
3 3851 4366 4369
3 3852 4370 3846
3 3852 4369 4370
3 4371 4372 4360
3 4356 4359 4358
3 4357 4371 4360
3 4359 4356 4357
3 3840 3839 4367
3 3839 4354 4367
3 3840 4367 4364
3 4367 4368 4364
3 3825 4370 4351
3 4370 4373 4351
3 4374 4369 4366
3 4375 4376 4377
3 4378 4370 4369
3 4369 4379 4378
3 4370 4378 4373
3 3825 3846 4370
3 3843 4362 4375
3 4376 4362 4380
3 3845 4375 4366
3 3845 3843 4375
3 4374 4366 4377
3 4366 4375 4377
3 4362 4363 4380
3 4376 4375 4362
3 3867 3803 3787
3 3875 4381 3874
3 3866 3867 4382
3 3787 4382 3867
3 3868 4383 4384
3 3858 3874 3798
3 3875 4384 4381
3 3875 3868 4384
3 4363 4365 4380
3 3856 4385 3855
3 4351 4373 4352
3 4369 4374 4379
3 3866 4383 3868
3 4382 4383 3866
3 3858 4385 3856
3 3798 4385 3858
3 4384 4386 4387
3 3870 4388 3872
3 4389 4382 3787
3 3787 3817 4389
3 3873 3782 3780
3 3873 3872 3782
3 4390 4388 3870
3 3870 3871 4390
3 3801 4381 4387
3 4381 4384 4387
3 3874 4381 3798
3 4381 3799 3798
3 4386 4384 4382
3 4384 4383 4382
3 3801 3799 4381
3 4386 4382 4389
3 4391 4390 4392
3 4392 4393 4391
3 4394 4385 3798
3 4394 4392 4385
3 4392 4394 4393
3 3784 3782 4390
3 3782 4388 4390
3 3872 4388 3782
3 3784 4390 4391
3 3855 4385 4392
3 4394 3798 3797
3 3871 3855 4390
3 3855 4392 4390
3 3802 4395 4396
3 4396 3793 3802
3 1167 4395 3802
3 3785 3865 1167
3 4397 3794 3793
3 4397 3795 3794
3 3865 3785 3803
3 3793 4396 4397
3 3785 1167 3802
3 4398 4399 4400
3 4401 4402 4399
3 4403 4400 4404
3 4403 4398 4400
3 3811 4405 2685
3 4405 2684 2685
3 4401 4405 4402
3 4401 4406 4405
3 4407 2680 4405
3 2680 2684 4405
3 2686 2680 4408
3 4407 4405 4406
3 4401 4399 4398
3 4403 4404 4409
3 4407 4408 2680
3 4410 2688 2687
3 4410 4411 2688
3 4411 4412 2688
3 4412 4400 3818
3 4412 4404 4400
3 4412 3820 3821
3 4400 3814 3818
3 4412 3821 2688
3 3821 2714 2688
3 4399 4402 3812
3 3814 4400 4399
3 3811 4402 4405
3 3814 4399 3812
3 4411 4409 4404
3 3820 4412 3818
3 4402 3811 3812
3 4404 4412 4411
3 1812 1790 1789
3 1420 1419 4413
3 1899 2598 1901
3 557 978 559
3 4414 237 239
3 4414 235 237
3 2674 239 4415
3 2674 4414 239
3 2683 240 242
3 2683 2679 240
3 2683 4416 2681
3 2683 242 4416
3 2676 4415 2679
3 1160 4414 2674
3 235 4414 1159
3 2676 2674 4415
3 1159 4414 1160
3 1159 233 235
3 4417 243 244
3 3810 246 224
3 4417 246 3810
3 4417 244 246
3 2702 247 4418
3 247 249 4418
3 2691 4419 2692
3 2702 4418 2703
3 4416 4417 2681
3 4416 242 243
3 2679 4415 240
3 2681 4417 2682
3 2685 2682 3810
3 2682 4417 3810
3 243 4417 4416
3 4415 239 240
3 2707 2703 4418
3 4418 249 250
3 4418 250 4420
3 250 252 4420
3 2691 257 4419
3 2691 255 257
3 4420 252 254
3 254 4421 4420
3 2707 4420 2708
3 2706 4422 2704
3 2702 2692 247
3 2692 4419 247
3 2706 2708 4420
3 2707 4418 4420
3 2706 4420 4422
3 4420 4421 4422
3 3567 4423 3563
3 4423 4424 3563
3 4422 4421 3558
3 3560 4424 4422
3 4421 254 3558
3 4425 3567 3571
3 3567 4425 4423
3 4424 3560 3563
3 3822 229 255
3 4419 257 247
3 2691 2714 255
3 2714 3822 255
3 4422 4424 4423
3 3560 4422 3558
3 2713 2704 4423
3 2704 4422 4423
3 2720 2709 3573
3 2709 1018 3573
3 4426 4427 2720
3 2720 3573 4426
3 4426 3572 3577
3 4426 3573 3572
3 2709 1019 1018
3 3577 4427 4426
3 2716 1023 810
3 2716 2718 1023
3 2712 1019 2709
3 2717 4427 2718
3 4427 3577 1024
3 2720 4427 2717
3 2718 4427 1023
3 4427 1024 1023
3 3584 3582 4428
3 4353 3585 3584
3 2725 4353 4428
3 4353 3584 4428
3 4428 3582 3581
3 2712 2723 1016
3 2723 1022 1016
3 2726 4428 2722
3 1016 1019 2712
3 4428 3581 1022
3 2726 2725 4428
3 2723 2722 1022
3 2722 4428 1022
3 4429 4430 4207
3 4207 4206 4429
3 2699 2701 4206
3 4207 4430 4204
3 1309 4431 1301
3 1290 4432 1287
3 4206 2701 4429
3 2701 2705 4429
3 4204 4430 1308
3 1301 4433 4434
3 1301 4431 4433
3 4434 4435 1295
3 1295 1301 4434
3 3795 4434 4436
3 4434 4433 4436
3 4435 4434 4397
3 4397 4396 4435
3 1169 1287 1167
3 1287 4395 1167
3 1293 4432 1290
3 4435 4432 1293
3 4432 4435 4395
3 1295 4435 1293
3 1287 4432 4395
3 4395 4435 4396
3 4437 4438 4439
3 4440 4429 4441
3 4437 4439 4442
3 4439 4443 4442
3 4441 4429 2705
3 2705 2713 4441
3 4440 4430 4429
3 4440 4443 4430
3 1298 1308 4439
3 1308 4443 4439
3 3795 4397 4434
3 1298 4439 1299
3 1309 4439 4438
3 1309 1299 4439
3 1308 4430 4443
3 1309 4438 4431
3 1338 4444 1337
3 1340 4445 1339
3 4446 3834 1336
3 1336 1330 4446
3 1337 4444 4447
3 1341 4444 1338
3 1340 4447 4445
3 1340 1337 4447
3 4431 4438 4448
3 4449 4433 4431
3 4443 4440 4442
3 4449 4431 4448
3 1317 3861 1316
3 1332 4446 1330
3 4438 4437 4448
3 4433 4449 4436
3 1339 4450 4446
3 1339 4445 4450
3 4451 4452 4453
3 1332 1339 4446
3 3834 4450 3836
3 4446 4450 3834
3 4450 4447 4454
3 4445 4447 4450
3 1316 3869 4453
3 1316 3861 3869
3 4453 4444 1341
3 1341 1316 4453
3 4451 4453 3873
3 4453 3869 3873
3 4447 4453 4452
3 4444 4453 4447
3 3837 3836 4450
3 4455 4447 4456
3 3837 4450 4457
3 4450 4454 4457
3 4452 4451 4456
3 4454 4455 4457
3 4447 4452 4456
3 4455 4454 4447
3 1922 1914 4458
3 1914 4459 4458
3 3429 4460 4458
3 4458 3430 3429
3 4459 3423 3426
3 4458 3428 3430
3 4459 3426 4458
3 3426 3428 4458
3 1922 4460 1921
3 4458 4460 1922
3 1921 4460 1918
3 1918 4460 3433
3 4460 3429 3433
3 1923 3433 3179
3 1923 1918 3433
3 4461 3440 3436
3 4461 862 3440
3 4462 3438 3434
3 3436 1557 4461
3 3453 4138 1926
3 4138 3453 2599
3 3179 3433 3444
3 1926 3454 3453
3 1924 402 4462
3 402 1557 4462
3 1924 4463 1915
3 4462 4463 1924
3 3435 4463 4462
3 4462 3434 3435
3 1557 3438 4462
3 1557 3436 3438
3 1187 4464 1184
3 1187 4465 4464
3 605 4466 604
3 4467 4466 605
3 603 4468 2271
3 603 599 4468
3 588 604 4469
3 604 4466 4469
3 605 606 4467
3 588 4469 4470
3 4471 1187 4472
3 1187 4471 4465
3 4464 1188 1184
3 603 4473 602
3 603 2271 4473
3 588 4470 587
3 600 4468 599
3 4467 4474 1201
3 4474 1200 1201
3 1203 4475 1201
3 4475 4467 1201
3 4476 4477 612
3 612 609 4476
3 610 4478 609
3 612 4477 611
3 606 602 4467
3 602 4473 4467
3 4469 4467 4475
3 4466 4467 4469
3 4473 2271 920
3 1200 4474 4473
3 4473 4474 4467
3 1200 4473 920
3 4479 4480 1207
3 1209 4481 4479
3 4478 4479 4482
3 1209 4479 1207
3 1206 4477 4476
3 4483 4482 4484
3 4483 1204 4476
3 1204 1206 4476
3 613 4478 610
3 4479 4478 613
3 609 4482 4476
3 609 4478 4482
3 4470 4480 4479
3 4482 4479 4481
3 613 587 4479
3 587 4470 4479
3 4485 1213 1215
3 1221 4470 1220
3 1212 4484 4485
3 4485 1215 1212
3 1220 4469 4475
3 4475 1218 1220
3 4470 4469 1220
3 1221 4480 4470
3 1212 4483 4484
3 1211 4483 1212
3 4476 4482 4483
3 1211 1204 4483
3 4481 1209 1213
3 1213 4485 4481
3 4484 4481 4485
3 4482 4481 4484
3 4486 1231 1232
3 926 4468 4486
3 926 2271 4468
3 600 4487 4468
3 4487 4486 4468
3 4480 1221 1207
3 4475 1203 1218
3 1231 4486 4487
3 926 4486 1232
3 600 614 4487
3 4487 1233 1231
3 4488 3210 4489
3 3210 4490 4489
3 4491 4492 4493
3 4488 4489 4494
3 4494 4489 4491
3 4489 4495 4491
3 4488 3211 3210
3 4493 4494 4491
3 4496 4492 4497
3 4493 4492 4496
3 576 4498 4499
3 4499 580 576
3 578 1084 4498
3 4498 576 578
3 584 4499 4491
3 4495 575 582
3 584 4491 582
3 4491 4495 582
3 575 4495 4489
3 575 4489 573
3 4489 4490 573
3 4492 4491 4499
3 4499 4498 4492
3 4497 4498 1084
3 4497 4492 4498
3 591 4490 3229
3 4490 3210 3229
3 4499 584 580
3 591 3229 589
3 4490 591 573
3 3228 597 592
3 589 3229 3228
3 3228 592 589
3 3661 4500 3663
3 3661 1526 4500
3 4500 1526 1528
3 1528 4501 4500
3 3663 4501 3664
3 4500 4501 3663
3 3669 4160 3672
3 3673 3672 4160
3 4159 1685 1677
3 4502 1533 1534
3 4160 4159 3673
3 1677 3673 4159
3 4501 1528 1533
3 1533 4502 4501
3 4501 4502 3667
3 3667 3664 4501
3 3669 4502 1534
3 3669 3667 4502
3 3669 1534 4160
3 1534 1537 4160
3 1556 876 874
3 1556 877 876
3 1699 4503 1695
3 4504 4503 1699
3 1695 4505 2239
3 1695 4503 4505
3 1699 1698 4504
3 1702 1695 2239
3 4506 2239 4505
3 2247 2239 4506
3 4507 4508 4509
3 4509 4510 4507
3 4511 4512 4510
3 4510 4513 4511
3 4506 4505 4512
3 4512 4511 4506
3 1701 4504 1698
3 4507 4504 1701
3 4503 4504 4512
3 4512 4505 4503
3 4512 4507 4510
3 4504 4507 4512
3 1705 4507 1701
3 4508 4507 1705
3 4514 4515 4516
3 4514 4517 4515
3 4517 4509 4508
3 4514 4516 4518
3 4519 4520 4521
3 4521 4522 4519
3 4516 4519 4522
3 4523 4519 4516
3 1704 4508 1705
3 4515 4508 1704
3 4513 4510 4509
3 4509 4524 4513
3 1707 4523 4516
3 4508 4515 4517
3 1704 4516 4515
3 1704 1707 4516
3 4525 4526 4527
3 4528 4521 4526
3 4526 4521 4520
3 4527 4529 4525
3 4526 4530 4528
3 4526 4525 4530
3 4531 4522 4521
3 4521 4528 4531
3 4518 4516 4522
3 4522 4531 4518
3 4517 4514 4532
3 4520 4527 4526
3 4524 4509 4517
3 4517 4532 4524
3 277 4533 4407
3 277 278 4533
3 277 4407 4534
3 4407 4406 4534
3 296 4535 295
3 298 4536 297
3 4533 4408 4407
3 287 4537 286
3 277 4534 276
3 279 4533 278
3 269 4538 268
3 2686 4408 4533
3 279 268 4538
3 279 4538 4533
3 4538 2686 4533
3 299 4534 4539
3 4534 4398 4539
3 2687 4540 4536
3 299 4539 300
3 287 300 4537
3 300 4539 4537
3 4534 4401 4398
3 299 276 4534
3 286 4537 4541
3 296 4540 4535
3 298 4541 4536
3 298 286 4541
3 2687 4536 4410
3 4536 4541 4410
3 296 297 4540
3 297 4536 4540
3 2670 4542 4543
3 269 2675 4538
3 302 301 4543
3 4543 2671 2670
3 269 302 4542
3 4542 2670 2675
3 2675 2678 4538
3 269 4542 2675
3 4539 4398 4403
3 4534 4406 4401
3 4539 4403 4537
3 4403 4409 4537
3 4541 4411 4410
3 4543 4542 302
3 4537 4409 4411
3 4411 4541 4537
3 4544 2698 2695
3 2697 4535 2690
3 4545 2695 2696
3 2695 4545 4544
3 4540 2687 2690
3 4544 2697 2698
3 4535 4540 2690
3 2697 4544 4535
3 304 4535 4545
3 4535 4544 4545
3 4538 2678 2686
3 304 4545 303
3 303 4545 4193
3 4545 2696 4193
3 304 295 4535
3 306 303 4193
3 4193 2696 2699
3 1901 2592 1902
3 2592 2090 1905
3 1905 1902 2592
3 438 3066 437
3 2010 3066 438
3 438 439 2010
3 2823 2833 4546
3 4546 4547 2823
3 2823 4547 2822
3 1010 4548 2825
3 4547 1585 1254
3 2822 4547 1254
3 2822 1254 3367
3 2808 2822 3367
3 2804 3366 2805
3 2825 4548 2824
3 2824 4548 2817
3 2804 2808 3367
3 3367 3366 2804
3 4546 1588 1589
3 2817 1588 4546
3 2833 2817 4546
3 4546 1589 1585
3 1585 4547 4546
3 1010 1012 1586
3 1586 4548 1010
3 4548 1586 1588
3 2817 4548 1588
3 4549 4550 4551
3 3571 3570 4552
3 4553 4554 4555
3 4556 4553 4555
3 4360 4556 4555
3 4360 4555 4359
3 4358 4359 4555
3 4555 4557 4558
3 4358 4555 4558
3 4360 4372 4556
3 3570 3580 4549
3 4552 3570 4549
3 4559 4552 4549
3 4551 4559 4549
3 4358 4558 4361
3 4352 3586 3585
3 3796 4556 4372
3 3580 4560 4549
3 4558 4557 4561
3 4562 4558 4561
3 4563 4564 4565
3 4565 4566 4563
3 4567 4563 4566
3 4566 4562 4567
3 4557 4568 4561
3 4562 4566 4558
3 4367 4566 4565
3 4367 4565 4368
3 4568 4557 4555
3 4555 4554 4568
3 4565 4564 4368
3 4368 4564 4365
3 4361 4558 4566
3 4367 4361 4566
3 807 4569 4570
3 4571 4569 3586
3 4373 4571 3586
3 4352 4373 3586
3 4374 4572 4573
3 4379 4374 4573
3 4571 4573 4570
3 4569 4571 4570
3 4376 4574 4575
3 4377 4376 4575
3 4377 4575 4374
3 4380 4574 4376
3 4378 4379 4573
3 4573 4571 4378
3 4378 4571 4373
3 4574 4576 4575
3 4577 4574 4578
3 4564 4563 4579
3 4580 4564 4579
3 4581 4580 4579
3 4563 4567 4579
3 4580 4581 4578
3 4577 4576 4574
3 4574 4580 4578
3 4576 4582 4583
3 4583 4575 4576
3 4575 4583 4572
3 4374 4575 4572
3 4365 4564 4580
3 4380 4365 4580
3 4380 4580 4574
3 4573 4572 4570
3 4584 4585 4586
3 4587 4584 4586
3 4587 4586 4588
3 3817 4585 4389
3 4389 4585 4386
3 4387 4589 3801
3 4576 4577 4582
3 4386 4585 4584
3 4387 4386 4584
3 4387 4584 4589
3 4586 4585 3817
3 1351 4143 4543
3 1351 4543 301
3 1351 1352 4590
3 1351 4590 4143
3 4143 2671 4543
3 4590 4144 4143
3 1376 4591 4592
3 1376 4592 4593
3 1376 4593 1375
3 1374 4591 1373
3 1384 4594 4595
3 1384 4595 1385
3 1382 4596 1383
3 1376 1373 4591
3 1304 4597 4598
3 4598 3172 1302
3 1304 4598 1302
3 4597 4594 4596
3 1307 4594 1305
3 1385 4595 4599
3 1385 4599 4591
3 1374 1385 4591
3 4598 4596 1388
3 1388 4596 1382
3 1383 4596 4594
3 1384 1383 4594
3 4596 4598 4597
3 1387 3171 3172
3 1388 1387 3172
3 1388 3172 4598
3 1395 1389 4600
3 4600 4601 1395
3 1391 4600 1389
3 4597 1304 1314
3 1322 4593 1320
3 1375 4593 4602
3 1391 1375 4602
3 1391 4602 4600
3 4591 4599 1310
3 1313 4591 1310
3 1307 4599 4595
3 1307 4595 4594
3 4597 1314 1305
3 1305 4594 4597
3 4599 1307 1310
3 1313 4592 4591
3 1327 1329 3167
3 4603 1327 3167
3 1398 4603 3167
3 1398 3167 1397
3 4603 1333 1327
3 1333 4603 4601
3 4601 1325 1333
3 1398 1396 4603
3 4601 4600 1323
3 1325 4601 1323
3 1322 4602 4593
3 4593 4592 1320
3 1396 1395 4601
3 4601 4603 1396
3 4602 1322 1323
3 4600 4602 1323
3 4604 3173 1342
3 1344 4604 1342
3 3160 4605 4604
3 4604 3161 3160
3 1344 3161 4604
3 3165 3166 4606
3 4606 3166 4607
3 3163 3165 4606
3 4592 1313 1320
3 4608 4607 3166
3 4608 3166 3173
3 4608 3173 4604
3 4608 4604 4605
3 1840 4609 1837
3 1837 4609 1838
3 1792 293 4610
3 1792 4610 4611
3 4612 4613 1841
3 4613 4614 1841
3 1841 4614 1840
3 4614 4609 1840
3 1789 1792 1817
3 1816 4615 1813
3 1817 1792 4611
3 1824 1817 4611
3 4611 4615 1824
3 1824 4615 1816
3 4616 4617 4618
3 4619 4616 4618
3 1854 4616 4620
3 1854 4620 4621
3 4622 4623 3883
3 1848 4622 3883
3 1856 1848 3883
3 4619 4620 4616
3 1849 1851 4621
3 4621 4622 1849
3 1849 4622 1848
3 1841 1847 4612
3 1851 1854 4621
3 4617 4616 1855
3 1855 4616 1853
3 1853 4616 1854
3 4609 4624 4617
3 1838 4609 4617
3 1855 1838 4617
3 4620 4619 4625
3 4617 4624 4618
3 4614 4626 4627
3 4627 4609 4614
3 4609 4627 4624
3 3884 3883 4623
3 4628 4623 4622
3 4622 4621 4629
3 4628 4622 4629
3 4620 4625 4629
3 4629 4621 4620
3 4623 4628 4630
3 4623 4630 3884
3 1847 1868 4631
3 1847 4631 4612
3 4632 4633 1871
3 1871 4633 1869
3 4632 4634 4635
3 4635 4633 4632
3 1868 4633 4635
3 1868 4635 4631
3 4612 4636 4637
3 4637 4613 4612
3 4613 4637 4626
3 4626 4614 4613
3 1869 4633 1868
3 4638 4639 1870
3 1870 4639 1866
3 1866 4639 1867
3 1870 4640 4638
3 1813 4615 4641
3 1872 1813 4641
3 1872 4641 4642
3 4643 4642 4641
3 4642 4643 4640
3 1873 4642 4640
3 1870 1873 4640
3 4639 4644 4645
3 4639 4645 4632
3 1867 4639 4632
3 1871 1867 4632
3 1872 4642 1873
3 4632 4645 4634
3 4638 4646 4644
3 4644 4639 4638
3 4647 4641 4615
3 4647 4615 4611
3 4647 4611 4648
3 4641 4649 4643
3 4612 4631 4636
3 4638 4640 4646
3 4641 4647 4649
3 4611 4610 4648
3 4650 4651 1420
3 4650 1420 4413
3 4652 4650 4413
3 4652 4413 4653
3 4654 4652 4653
3 1434 4651 4650
3 2294 4655 2287
3 2287 4655 2286
3 2283 4656 2284
3 2994 4657 2299
3 2299 4657 2297
3 4658 4659 2296
3 2296 4659 2295
3 2297 4657 3609
3 2296 2297 3609
3 2296 3609 4658
3 2299 2304 2994
3 4655 3610 3614
3 4655 3614 4656
3 2283 4655 4656
3 4660 4655 2294
3 2295 4659 2301
3 4660 3611 3610
3 3610 4655 4660
3 2283 2286 4655
3 4661 3524 1980
3 4658 3609 3619
3 4660 3605 3611
3 4658 3619 3603
3 4656 3622 4661
3 2284 4656 4661
3 2302 2284 4661
3 1980 2302 4661
3 2294 3605 4660
3 2994 2995 3608
3 3608 4657 2994
3 4657 3608 3609
3 3603 4659 4658
3 4659 3603 3605
3 2301 4659 3605
3 2294 2301 3605
3 2992 2991 3524
3 3524 4661 3631
3 2992 3524 3631
3 4656 3620 3622
3 4656 3614 3620
3 4661 3622 3631
3 4662 4663 3040
3 4662 3040 3039
3 4662 3039 4664
3 4663 4665 4666
3 3047 3052 4667
3 4663 4662 4665
3 3047 4667 4664
3 4664 3039 3047
3 4668 3040 4663
3 3043 3042 4668
3 3043 4668 2996
3 4666 4668 4663
3 4668 4666 615
3 615 2996 4668
3 3042 3040 4668
3 4669 4670 4671
3 4671 4670 4672
3 4673 2799 2794
3 2794 4674 4673
3 4675 4672 4670
3 4670 2796 2798
3 4669 2800 2796
3 2796 4670 4669
3 4673 2798 2799
3 4671 4676 4669
3 4675 4670 2798
3 4675 2798 4673
3 4673 4674 4675
3 4675 4674 3777
3 3408 3415 2854
3 3408 2854 2856
3 3408 2856 4677
3 2857 2859 4678
3 3413 2862 4679
3 3413 4679 3414
3 4678 2859 2854
3 3415 4678 2854
3 3416 2857 4678
3 3417 3416 4678
3 3417 4678 3415
3 3408 4677 3409
3 4680 2863 2864
3 3420 4680 2864
3 3416 3420 2864
3 3416 2864 2857
3 3418 3409 2869
3 3418 2869 2871
3 3418 2871 4681
3 3418 4681 3419
3 3414 4680 3420
3 3421 4682 2860
3 3413 3421 2860
3 3413 2860 2862
3 4682 2865 2860
3 2863 4680 4679
3 4679 2862 2863
3 4679 4680 3414
3 1742 3419 2866
3 1742 2866 2868
3 1742 2868 1743
3 3409 4677 2869
3 1743 2868 0
3 4677 2856 2869
3 4681 2871 2866
3 3419 4681 2866
3 751 756 3907
3 3908 778 749
3 3908 749 751
3 3908 751 3907
3 4683 697 3943
3 3943 697 696
3 765 779 773
3 778 3908 781
3 3914 4683 3912
3 4684 3910 3909
3 3909 4685 4684
3 4685 3909 3920
3 4686 3915 3912
3 3912 4683 4686
3 3914 707 697
3 3914 697 4683
3 3964 4685 3961
3 3961 4685 3960
3 3943 3959 4686
3 4686 4683 3943
3 3960 4685 3920
3 3960 3920 4686
3 3959 3960 4686
3 4684 4685 3964
3 3931 746 747
3 746 3931 3925
3 3925 744 746
3 4684 3924 3910
3 769 770 3937
3 769 3937 3932
3 3932 747 769
3 747 3932 3931
3 740 3924 4684
3 3964 740 4684
3 4686 3920 3915
3 707 3914 713
3 744 3925 3922
3 3922 738 744
3 738 3922 3924
3 740 738 3924
3 3968 2574 2551
3 3968 2551 2550
3 726 2574 1431
3 1431 2574 3967
3 3968 3967 2574
3 2575 2555 2551
3 2574 2575 2551
3 2784 4687 2590
3 2785 2779 4688
3 4688 4689 4690
3 2785 4688 4690
3 3949 4687 4690
3 4690 4689 3948
3 3949 4690 3948
3 4690 4687 2784
3 1484 1446 3282
3 2785 4690 2784
3 2778 4688 2779
3 3282 3281 3938
3 3282 3938 1484
3 4688 3955 3966
3 1453 1459 3950
3 4691 3952 3953
3 2778 2788 4691
3 4692 4693 2596
3 2591 4692 2790
3 4689 3966 3948
3 3966 4689 4688
3 4691 1454 3950
3 3952 4691 3950
3 2788 1455 1454
3 1454 4691 2788
3 3953 3955 4688
3 4691 3953 4688
3 2778 4691 4688
3 1454 1453 3950
3 2597 4694 4695
3 2597 4695 2593
3 4696 3970 3969
3 3974 4693 4692
3 4695 4697 2593
3 2593 4697 2594
3 2596 4693 4694
3 2597 2596 4694
3 2591 2590 4687
3 4687 4696 4692
3 2591 4687 4692
3 2596 2790 4692
3 4692 4696 3969
3 3974 4692 3969
3 3970 4696 4687
3 4687 3949 3970
3 3973 4694 4693
3 4693 3974 3973
3 4698 4697 4695
3 4695 4694 4698
3 1672 4698 4694
3 4694 3973 1672
3 2628 4220 4699
3 2624 2628 4699
3 4699 4700 2624
3 4700 4214 4216
3 4214 4700 4699
3 2626 3180 4218
3 2626 4218 4220
3 2628 2626 4220
3 2629 4217 3181
3 2624 4700 2623
3 2623 4700 4216
3 2627 2623 4216
3 2627 4216 4217
3 2629 2627 4217
3 2606 3179 4701
3 2643 2606 4701
3 4701 4702 2643
3 2643 4702 2630
3 4702 4701 4228
3 4226 4702 4228
3 3179 3444 4229
3 3179 4229 4701
3 4703 3180 2625
3 2630 4702 2631
3 4699 4220 4223
3 4699 4223 4214
3 2631 4702 4704
3 2633 2631 4704
3 2633 4704 4703
3 2625 2633 4703
3 4240 4242 4705
3 4706 4240 4705
3 2651 4706 4705
3 2651 4705 2656
3 2658 2653 4707
3 2658 4707 2657
3 2660 4708 2653
3 2651 2644 4706
3 4703 4224 4218
3 4218 3180 4703
3 4701 4229 4228
3 4226 4704 4702
3 2645 4706 2644
3 4704 4226 4225
3 4704 4225 4224
3 4224 4703 4704
3 2657 4707 4706
3 2645 2657 4706
3 4708 4230 4233
3 3181 4243 4244
3 4706 4237 4240
3 4707 4238 4235
3 4707 4235 4237
3 4707 4237 4706
3 2660 2665 4708
3 4708 4233 4238
3 2653 4708 4238
3 2653 4238 4707
3 4244 3182 3181
3 3182 4244 4230
3 3182 4230 4708
3 2665 3182 4708
3 4253 4709 4710
3 4710 4249 4253
3 4705 4242 4246
3 2662 2656 4705
3 4711 4709 4252
3 4254 4711 4252
3 2668 2667 4711
3 4711 4712 2668
3 4710 4709 4711
3 2669 4710 4711
3 2669 4711 2667
3 2662 4710 2663
3 4246 4249 4710
3 4705 4246 4710
3 2662 4705 4710
3 2669 2663 4710
3 1916 4463 4459
3 1920 1916 4459
3 1920 4459 1914
3 1915 4463 1916
3 4463 3435 3423
3 4463 3423 4459
3 1925 4712 4250
3 1925 4250 3454
3 1925 3454 1926
3 4254 4712 4711
3 3181 4217 4243
3 4709 4253 4252
3 4712 4254 4250
3 1925 2668 4712
3 3187 4713 3195
3 3185 4714 3187
3 3195 4713 409
3 3196 3195 409
3 3196 409 412
3 4714 4713 3187
3 1545 413 409
3 4713 1545 409
3 1549 4713 4714
3 4714 4715 1547
3 1549 4714 1547
3 4713 1549 1545
3 4715 1550 1547
3 3466 3744 3465
3 3744 2622 4309
3 3465 3744 4309
3 3467 3465 4309
3 3467 4309 4716
3 4716 4309 4311
3 4716 4311 4310
3 4310 4717 4716
3 3463 2659 3750
3 3468 3463 3750
3 3468 3750 3469
3 3462 4717 3463
3 3462 3467 4716
3 4716 4717 3462
3 4717 4310 2659
3 3463 4717 2659
3 4718 4719 4720
3 911 915 4721
3 4722 4723 4724
3 4721 915 1233
3 4725 4726 3495
3 4723 916 911
3 4724 4723 911
3 4727 4724 911
3 4721 4727 911
3 4718 4725 4719
3 4728 572 3495
3 3495 4726 4728
3 4728 4726 4729
3 4725 3495 1928
3 1930 4725 1928
3 4729 4726 4725
3 4718 4729 4725
3 4730 2256 2253
3 4725 1930 2252
3 4730 4719 4725
3 4730 4725 2252
3 4731 4732 4733
3 4731 4733 4734
3 4719 4730 4720
3 4720 4730 4732
3 2256 4730 2252
3 2253 2257 4733
3 4730 2253 4733
3 4732 4730 4733
3 2401 4735 2398
3 2060 2061 2402
3 4735 4736 2398
3 2398 4736 2399
3 2061 4290 4737
3 2402 2061 4737
3 2401 2402 4737
3 4737 4735 2401
3 2387 2376 2044
3 2387 2044 2048
3 2378 4738 2376
3 2399 4736 2393
3 4738 4281 2047
3 2376 4738 2047
3 2376 2047 2044
3 4287 4739 4740
3 2408 4739 4287
3 2408 4287 4289
3 2407 2408 4289
3 2410 4294 4283
3 2378 2410 4283
3 2378 4283 4738
3 4740 4292 4287
3 2411 2407 4741
3 4741 4742 2411
3 2411 4742 2410
3 2061 2065 4290
3 2407 4289 4741
3 4740 4739 2412
3 2412 4739 2409
3 2409 4739 2408
3 4740 4316 4292
3 4735 4315 4314
3 4314 4736 4735
3 2393 4736 4314
3 4737 4290 4317
3 4737 4317 4315
3 4315 4735 4737
3 4738 4283 4281
3 4741 4293 4294
3 4294 4742 4741
3 2410 4742 4294
3 2393 4314 4316
3 2393 4316 4740
3 2412 2393 4740
3 4741 4289 4293
3 493 1756 2384
3 140 138 4743
3 140 4743 139
3 137 1155 138
3 4743 1517 4744
3 139 4743 4744
3 145 139 4744
3 144 4744 1514
3 161 1146 160
3 4744 1517 1514
3 4743 1519 1515
3 4743 1515 1517
3 145 4744 144
3 1155 1157 1519
3 138 1155 1519
3 138 1519 4743
3 147 144 1514
3 147 1514 112
3 147 112 4745
3 147 4745 146
3 166 1112 1150
3 161 166 1150
3 1150 1146 161
3 165 1107 164
3 164 1107 1112
3 166 164 1112
3 3600 4746 1026
3 1026 4746 3656
3 3656 4746 3655
3 3600 1786 1785
3 1785 4746 3600
3 3655 4746 1785
3 3168 3171 4630
3 4630 3171 3884
3 4629 4747 4628
3 4618 4748 4619
3 4625 4747 4629
3 4747 3169 3168
3 4628 4747 3168
3 4630 4628 3168
3 293 292 4610
3 3884 3171 1387
3 4627 4626 4749
3 4749 4750 4627
3 4627 4750 4624
3 4751 4181 4182
3 4752 4749 4753
3 4624 4750 4752
3 4618 4624 4752
3 4618 4752 4748
3 4748 4751 4754
3 4619 4748 4754
3 4625 4619 4754
3 4754 4747 4625
3 4182 4754 4751
3 2532 3169 4747
3 2532 4747 4754
3 2532 4754 4182
3 4748 4752 4192
3 4184 4748 4192
3 4755 4191 4190
3 4190 4756 4755
3 4751 4184 4181
3 4753 4186 4192
3 4192 4752 4753
3 4184 4751 4748
3 4636 4756 4637
3 4626 4637 4756
3 4756 4749 4626
3 4750 4749 4752
3 4187 4753 4749
3 4749 4756 4190
3 4187 4749 4190
3 4755 4756 4636
3 4203 4757 4758
3 4203 4758 4200
3 4645 4759 4757
3 4645 4757 4760
3 4643 4649 4761
3 4761 4762 4643
3 4643 4762 4640
3 4757 4759 4758
3 4760 4763 4634
3 4634 4763 4635
3 4635 4763 4631
3 4753 4187 4186
3 4634 4645 4760
3 4644 4646 4758
3 4758 4759 4644
3 4644 4759 4645
3 4640 4762 4758
3 4646 4640 4758
3 305 306 4195
3 4195 4764 305
3 4761 4201 4198
3 4198 4762 4761
3 4762 4198 4199
3 4762 4199 4758
3 4610 292 305
3 4648 4610 305
3 4648 305 4764
3 4648 4764 4647
3 4764 4195 4202
3 4764 4202 4761
3 4647 4764 4761
3 4649 4647 4761
3 4209 4760 4757
3 4765 4211 4208
3 4765 4208 4191
3 4191 4755 4765
3 4757 4203 4213
3 4757 4213 4209
3 4631 4763 4755
3 4636 4631 4755
3 4761 4202 4201
3 4758 4199 4200
3 4211 4765 4763
3 4211 4763 4760
3 4211 4760 4209
3 4763 4765 4755
3 2091 4766 2092
3 2081 1435 2073
3 4164 4767 4768
3 4768 4769 1676
3 4164 4768 1676
3 4768 4767 2094
3 2101 2100 4767
3 4161 4163 4770
3 4767 4161 4770
3 2101 4767 4770
3 2093 2092 4766
3 2093 4766 4769
3 2093 4769 4768
3 2093 4768 2094
3 2094 4767 2100
3 4770 4771 2101
3 2101 4771 2102
3 2102 4771 2098
3 2115 4772 1436
3 2115 1436 1435
3 2081 2115 1435
3 4773 4772 2116
3 2116 2113 4773
3 1444 1436 4772
3 4772 4773 4175
3 1444 4772 4175
3 2114 2112 4774
3 2114 4774 2113
3 2111 4775 2112
3 4767 4164 4161
3 2116 4772 2117
3 2117 4772 2115
3 2112 4775 4776
3 2112 4776 4774
3 4777 4771 4770
3 4172 4777 4770
3 4172 4770 4170
3 2098 4771 4777
3 4777 4172 4167
3 4169 4776 4775
3 4775 4777 4167
3 4169 4775 4167
3 4173 4774 4776
3 4774 4173 4174
3 4774 4174 4773
3 2113 4774 4773
3 2111 2098 4777
3 2111 4777 4775
3 4773 4174 4175
3 4776 4177 4173
3 4776 4169 4177
3 4770 4163 4170
3 4778 4493 4496
3 4778 4494 4493
3 3539 3211 4488
3 4568 4554 4779
3 4561 4780 4562
3 4561 123 4780
3 4561 121 123
3 3580 4342 4560
3 4553 4779 4554
3 4779 4781 4568
3 4572 4782 128
3 4782 126 128
3 126 4782 4783
3 4783 130 126
3 4582 4782 4583
3 4783 4782 4582
3 4570 4572 808
3 4572 128 808
3 4780 123 125
3 125 4784 4780
3 4570 808 807
3 4583 4782 4572
3 4561 4781 121
3 4561 4568 4781
3 4780 4784 4567
3 4567 4562 4780
3 4582 4577 4783
3 4577 4785 4783
3 4785 143 4783
3 4785 141 143
3 4579 4784 134
3 4579 4567 4784
3 4784 125 134
3 4786 136 131
3 4578 4786 131
3 4578 4581 4786
3 4579 136 4786
3 4579 134 136
3 4579 4786 4581
3 4578 4785 4577
3 4578 133 4785
3 4578 131 133
3 4785 133 141
3 4783 143 130
3 4588 4787 4587
3 2905 3399 3393
3 2905 4330 3399
3 2905 2881 4330
3 2904 3397 3398
3 2905 4788 2903
3 2905 3393 4788
3 3398 3405 2907
3 2907 2904 3398
3 4330 3422 3399
3 1523 3411 3105
3 3406 3411 1523
3 1097 2906 3406
3 2906 4789 3406
3 4789 3407 3406
3 2908 2907 4789
3 2907 3407 4789
3 2907 3405 3407
3 1097 3406 1523
3 2904 4788 3397
3 2904 2903 4788
3 4788 3393 3397
3 2908 4789 2906
3 4790 3901 4791
3 3901 3900 4791
3 3900 4792 4791
3 4792 4793 4791
3 2974 3899 4792
3 2974 2977 3899
3 3899 1401 4793
3 4793 4792 3899
3 4794 3898 3888
3 3891 1358 4795
3 3898 4794 1399
3 2974 4792 3900
3 4794 3888 4795
3 3888 3891 4795
3 4796 4797 4798
3 1881 4799 2415
3 1881 2987 4799
3 2987 4800 4799
3 2983 4797 4801
3 2983 2986 4797
3 2986 4798 4797
3 4798 4802 4796
3 2985 3901 4798
3 3901 4803 4798
3 4803 4802 4798
3 2985 2980 3901
3 2984 4800 2987
3 2983 4800 2984
3 4801 4800 2983
3 2985 4798 2986
3 4804 4805 4806
3 3901 4790 4803
3 677 4807 676
3 686 4808 687
3 4797 4796 4805
3 4805 4804 4797
3 4806 4809 4804
3 4810 4809 4806
3 4811 4799 4809
3 4809 4810 4811
3 4801 4797 4804
3 4804 4809 4801
3 4800 4801 4809
3 4809 4799 4800
3 2416 2415 4799
3 4799 4811 2416
3 1178 1183 4812
3 4812 4813 1178
3 677 4814 4807
3 4814 4815 4807
3 686 688 4816
3 4816 4817 4818
3 1178 4813 691
3 691 690 1178
3 689 676 4807
3 686 4816 4808
3 4816 4818 4808
3 4818 4819 4808
3 689 4816 688
3 689 4807 4816
3 4807 4820 4816
3 4820 4817 4816
3 695 693 4821
3 4821 4822 4823
3 4808 4819 4824
3 4808 4824 4822
3 695 4821 1812
3 4821 1790 1812
3 4821 4823 1790
3 692 4821 693
3 692 687 4821
3 687 4808 4821
3 4808 4822 4821
3 677 691 4814
3 691 4813 4814
3 4813 4812 4814
3 4807 4815 4820
3 997 1004 1009
3 4825 4826 4827
3 4825 3652 4826
3 989 3648 3650
3 989 995 3648
3 3650 987 989
3 4825 988 3652
3 988 3650 3652
3 988 987 3650
3 4827 4826 4828
3 4829 4830 4831
3 3249 984 983
3 983 4832 3249
3 3778 2794 2795
3 3778 3776 2794
3 3776 4674 2794
3 3777 4674 3776
3 4279 4278 3774
3 3774 3778 4279
3 3778 2795 4279
3 3774 4278 3013
3 4551 4550 3809
3 4833 1418 1420
3 4833 1417 1418
3 4176 1423 1415
3 1457 4036 1456
3 1444 1417 4833
3 1444 4176 1417
3 4176 1415 1417
3 1420 4651 4833
3 1437 4651 1434
3 4833 4651 1437
3 1437 1444 4833
3 3939 698 4834
3 3939 696 698
3 1487 4835 1486
3 1487 1481 4835
3 1485 4836 1482
3 4834 4836 1485
3 1485 1483 4834
3 1483 3939 4834
3 1460 1456 4036
3 1471 4037 1472
3 1482 4836 1481
3 1484 3939 1483
3 1460 3957 1459
3 1460 4036 3957
3 4036 724 3957
3 724 1431 3957
3 4837 705 706
3 705 4834 703
3 705 4836 4834
3 705 4837 4836
3 4834 698 703
3 4835 702 4037
3 4835 701 702
3 701 4835 4837
3 4837 706 701
3 1481 4836 4835
3 4836 4837 4835
3 1471 1486 4037
3 1486 4835 4037
3 2091 2594 4697
3 1660 4697 1663
3 4697 4698 1663
3 1660 4838 4697
3 2091 4697 4766
3 4697 4838 4766
3 4839 1679 1680
3 3674 1677 1679
3 1679 4839 3674
3 1683 3316 4839
3 4839 1680 1683
3 4698 1672 1663
3 4769 1662 1676
3 3200 3674 4839
3 4839 3316 3200
3 1662 4766 1659
3 4766 4838 1659
3 1662 4769 4766
3 4838 1660 1659
3 405 4840 404
3 405 4841 4840
3 405 394 4841
3 394 1558 4841
3 423 4842 422
3 416 4843 424
3 4844 4843 416
3 4844 4845 4846
3 415 4844 416
3 415 4845 4844
3 415 4847 4845
3 415 414 4847
3 4840 4841 860
3 862 4461 4840
3 1546 4847 414
3 414 413 1546
3 403 4840 1557
3 4840 4461 1557
3 403 404 4840
3 862 4840 860
3 4847 865 871
3 871 4845 4847
3 1554 874 869
3 4845 871 882
3 4847 1552 863
3 4847 1546 1552
3 863 1552 1554
3 1554 869 863
3 868 4843 866
3 4843 4846 866
3 868 4848 4843
3 865 4847 863
3 4846 4843 4844
3 423 4848 4842
3 423 4843 4848
3 423 424 4843
3 895 4842 892
3 4842 4848 892
3 895 4849 4842
3 4848 868 892
3 426 4850 4851
3 891 4851 889
3 4851 4849 889
3 4851 4850 4849
3 425 422 4849
3 422 4842 4849
3 395 4851 1558
3 395 426 4851
3 882 4846 4845
3 4846 882 866
3 425 4850 426
3 425 4849 4850
3 4851 891 899
3 4841 902 860
3 4849 895 889
3 902 4851 899
3 902 4841 4851
3 4841 1558 4851
3 2463 4852 2462
3 2463 4853 4852
3 2463 2459 4853
3 2459 4854 4853
3 2458 4855 2456
3 4855 4856 2457
3 2457 2456 4855
3 2460 4854 2459
3 4519 4523 2445
3 2445 2447 4519
3 4520 4519 2447
3 2447 2446 4520
3 2445 4523 1707
3 4857 4853 4858
3 4857 4859 4853
3 4859 4852 4853
3 4860 4856 4861
3 4862 4139 4140
3 2458 4859 4855
3 2458 2462 4859
3 2462 4852 4859
3 4139 4862 2234
3 4142 4862 4140
3 4142 4853 4862
3 4853 4854 4862
3 2460 4862 4854
3 2460 2235 4862
3 2235 2234 4862
3 2234 1927 4139
3 4863 4864 4865
3 4864 4866 4865
3 4863 4867 4864
3 2472 4868 2471
3 4856 4866 4864
3 2467 4867 4869
3 2467 4864 4867
3 2467 2469 4864
3 2467 4869 2465
3 2470 4864 2469
3 2470 2457 4864
3 2457 4856 4864
3 4856 4859 4861
3 4856 4855 4859
3 4859 4857 4861
3 4853 4142 4858
3 4867 4863 4870
3 4871 4872 4873
3 4856 4860 4874
3 4874 4866 4856
3 4527 4868 4871
3 4872 4871 4870
3 4871 4869 4870
3 4869 4867 4870
3 2446 2471 4527
3 2471 4868 4527
3 4529 4527 4873
3 4527 4871 4873
3 2472 4871 4868
3 2472 2465 4871
3 2465 4869 4871
3 2446 4527 4520
3 4866 4874 4865
3 2480 1079 1082
3 2481 2483 4875
3 2483 4876 4875
3 4876 4877 4875
3 4875 4878 2481
3 2484 4876 2483
3 2484 1082 4876
3 2484 2480 1082
3 1081 1079 2480
3 2482 4878 2479
3 2481 4878 2482
3 556 4876 976
3 4876 1082 976
3 556 4877 4876
3 4879 4880 86
3 86 91 4879
3 91 2367 4879
3 91 89 2367
3 78 4881 77
3 86 4880 85
3 90 4882 89
3 2368 4880 4879
3 4879 2375 2368
3 4879 2367 2375
3 105 4883 104
3 92 4884 4881
3 4884 2373 4881
3 4884 2371 2373
3 4884 2370 2371
3 93 85 2370
3 85 2368 2370
3 85 4880 2368
3 78 92 4881
3 89 2365 2367
3 89 4882 2365
3 93 4884 92
3 93 2370 4884
3 113 4885 4886
3 113 4887 4885
3 115 4888 4887
3 115 118 4888
3 4889 2382 2379
3 115 4887 113
3 117 4886 116
3 117 113 4886
3 105 106 2381
3 106 2379 2381
3 106 4890 2379
3 2379 4890 4889
3 107 4890 106
3 108 4890 107
3 4889 4890 108
3 105 2381 4883
3 2388 4886 4885
3 4885 2391 2388
3 4889 2390 2382
3 4885 2396 2391
3 108 116 4889
3 116 2390 4889
3 116 4886 2390
3 4886 2388 2390
3 2396 4887 2394
3 4887 4888 2394
3 2396 4885 4887
3 4888 2386 2394
3 118 491 4888
3 2386 493 2384
3 2386 4888 493
3 4888 491 493
3 4891 2405 2406
3 4883 2381 2403
3 119 104 2403
3 104 4883 2403
3 2365 4882 4891
3 4891 2406 2365
3 4891 4882 90
3 90 119 4891
3 119 2403 4891
3 2403 2405 4891
3 4881 2373 3100
3 4892 3102 4893
3 77 4881 3102
3 4881 3100 3102
3 120 77 4892
3 77 3102 4892
3 4894 4895 4896
3 4896 4897 4894
3 4898 4899 4900
3 4899 4895 4900
3 4901 4902 4903
3 4900 4902 4901
3 4901 4898 4900
3 4896 4895 4899
3 4904 4905 4906
3 4905 4907 4906
3 153 4905 151
3 4905 4908 151
3 4909 4908 4905
3 4909 4587 4908
3 4587 4787 4908
3 4910 4904 4906
3 4911 4912 4913
3 4910 4912 4911
3 4906 4912 4910
3 4909 4905 4904
3 4895 4914 4900
3 150 4894 148
3 150 4895 4894
3 150 4914 4895
3 4915 4787 4588
3 4588 4916 4915
3 4917 4915 4916
3 4916 4918 4917
3 157 4906 4907
3 4907 163 157
3 4907 153 163
3 4919 4920 4921
3 4912 154 156
3 154 4912 4906
3 4906 157 154
3 4894 156 148
3 153 4907 4905
3 4897 4913 4894
3 4913 4912 4894
3 4912 156 4894
3 4922 4923 4924
3 4925 4923 4922
3 4926 4927 4928
3 4926 4343 4927
3 2326 4929 4930
3 4930 2324 2326
3 4924 4920 4919
3 4923 4920 4924
3 4918 4931 4917
3 4931 4929 4917
3 4929 2328 4917
3 4929 2326 2328
3 4932 4929 4931
3 4932 4930 4929
3 4932 4921 4930
3 4921 4920 4930
3 4925 2323 2319
3 4930 2321 2324
3 2323 4925 4933
3 4933 2331 2323
3 2321 4923 2319
3 2321 4920 4923
3 2321 4930 4920
3 2319 4923 4925
3 4927 4933 4925
3 2329 4927 1651
3 4927 4343 1651
3 2329 4933 4927
3 4926 4342 4343
3 4926 4560 4342
3 4922 4928 4925
3 4928 4927 4925
3 4903 4902 4934
3 2341 4900 2339
3 2341 4902 4900
3 2341 4934 4902
3 4935 2335 2338
3 4917 2328 2333
3 4553 4934 4779
3 4553 4903 4934
3 4915 4917 2333
3 2335 4935 4915
3 151 4908 4935
3 4935 2338 151
3 4933 2329 2331
3 4908 4915 4935
3 4787 4915 4908
3 2335 4915 2333
3 2339 4900 4914
3 4914 2348 2339
3 4914 150 2348
3 4781 2344 121
3 2344 4779 2342
3 4779 4934 2342
3 2344 4781 4779
3 4934 2341 2342
3 4391 4936 3784
3 4937 4903 4556
3 4937 4901 4903
3 4901 4937 4938
3 4938 4898 4901
3 3784 4938 4937
3 3784 4936 4938
3 3796 3779 4556
3 3779 4937 4556
3 4394 4939 4940
3 4939 4941 4940
3 3781 4937 3779
3 3781 3784 4937
3 3797 4939 4394
3 4393 4936 4391
3 4940 4936 4393
3 4393 4394 4940
3 4913 4941 4942
3 4941 4939 4942
3 4911 4942 4943
3 4943 4910 4911
3 3800 3801 4942
3 3801 4589 4942
3 4589 4943 4942
3 4913 4942 4911
3 4941 4897 4896
3 4938 4899 4898
3 4942 4939 3797
3 3797 3800 4942
3 4899 4940 4896
3 4899 4936 4940
3 4899 4938 4936
3 4896 4940 4941
3 4944 4921 4945
3 4944 4919 4921
3 4946 4586 3817
3 3817 3804 4946
3 4945 4947 3791
3 3791 3816 4945
3 3816 3815 4945
3 3815 4944 4945
3 4943 4904 4910
3 4941 4913 4897
3 3791 4947 3789
3 3805 4944 3815
3 4904 4589 4909
3 4589 4584 4909
3 4904 4943 4589
3 4584 4587 4909
3 3808 4944 3805
3 4948 4944 3808
3 3808 3809 4948
3 3809 4949 4948
3 4931 4947 4945
3 4931 4950 4947
3 4945 4921 4932
3 4950 4931 4918
3 4946 4916 4588
3 4916 4946 4950
3 4950 4918 4916
3 4931 4945 4932
3 3804 3789 4946
3 3789 4950 4946
3 3789 4947 4950
3 4588 4586 4946
3 4549 4560 4926
3 4949 4928 4922
3 4556 4903 4553
3 4949 4922 4924
3 4928 4549 4926
3 4928 4550 4549
3 4928 4949 4550
3 3809 4550 4949
3 4919 4944 4948
3 4948 4924 4919
3 4924 4948 4949
3 826 4951 4952
3 828 4951 826
3 4953 1029 4954
3 4953 4955 1029
3 4953 4954 4956
3 4952 4951 4955
3 4955 4951 1029
3 4951 1027 1029
3 1027 4951 828
3 828 830 1027
3 4957 4956 1032
3 4956 1030 1032
3 4956 4954 1030
3 4958 4959 4960
3 4960 4957 4958
3 4957 1032 4958
3 4958 1032 4961
3 4954 1029 1030
3 4962 4606 4607
3 4607 4963 4962
3 1401 4964 4793
3 1400 4964 1401
3 4795 1358 1357
3 1399 4963 1400
3 1399 4794 4963
3 4794 4962 4963
3 4795 4962 4794
3 4795 1357 4962
3 1357 4606 4962
3 1357 3163 4606
3 4965 4966 4802
3 4811 849 2416
3 1795 849 4811
3 1798 1795 4811
3 4964 4605 3160
3 3160 4967 4964
3 4803 4965 4802
3 4802 4966 4796
3 4605 4964 4608
3 4964 4963 4608
3 4964 1400 4963
3 4963 4607 4608
3 4791 4968 4790
3 4791 4964 4968
3 4964 4967 4968
3 4791 4793 4964
3 3159 4968 3158
3 4968 4967 3158
3 3159 4969 4968
3 3155 4966 3153
3 4805 4970 3157
3 4803 4969 4965
3 4803 4790 4969
3 4790 4968 4969
3 1800 1798 4806
3 4806 1801 1800
3 4806 3157 1801
3 4806 4805 3157
3 4811 4810 1798
3 4796 4970 4805
3 4966 4970 4796
3 4806 1798 4810
3 4817 4971 1797
3 1183 4972 4812
3 3177 4972 1183
3 4814 4973 4815
3 4820 4971 4817
3 4818 4974 4819
3 4818 1797 4974
3 4818 4817 1797
3 4966 3155 3162
3 3162 4970 4966
3 4970 3162 3157
3 1357 1397 3163
3 4966 4965 3153
3 4965 4969 3153
3 4969 3159 3153
3 4967 3160 3158
3 4820 4815 4973
3 4973 260 270
3 4971 272 275
3 275 1797 4971
3 4972 263 258
3 4820 4973 4971
3 4973 270 4971
3 270 272 4971
3 263 4972 261
3 4972 3176 261
3 4972 3177 3176
3 3176 266 261
3 4814 4972 4973
3 4972 258 4973
3 258 260 4973
3 4814 4812 4972
3 4975 4976 283
3 285 1793 4975
3 4976 282 283
3 282 4974 280
3 4974 1797 280
3 282 4976 4974
3 285 4975 283
3 4822 4975 1793
3 4824 4976 4975
3 4824 4974 4976
3 4824 4819 4974
3 4824 4975 4822
3 4823 1788 1790
3 4823 1793 1788
3 4823 4822 1793
3 4306 4977 4307
3 4978 4977 4306
3 4297 4308 3896
3 4308 4977 3896
3 4303 4301 4979
3 4301 1852 4979
3 4301 1846 1852
3 4307 4977 4308
3 4297 3896 2964
3 1843 1846 4301
3 4303 4979 4302
3 3880 4979 1852
3 1852 1856 3880
3 4978 3882 3879
3 1808 1807 1863
3 4306 4302 4978
3 4302 4979 4978
3 4979 3880 4978
3 3880 3882 4978
3 4977 3897 3896
3 1380 4977 3879
3 4977 4978 3879
3 1380 3897 4977
3 1686 1540 668
3 1540 1541 668
3 1541 675 668
3 1687 670 4980
3 1687 4980 1681
3 1686 668 670
3 753 681 682
3 4980 674 685
3 1688 680 681
3 1688 1681 680
3 1681 4980 680
3 4980 685 680
3 670 674 4980
3 1687 1686 670
3 752 1688 753
3 1688 681 753
3 327 4981 328
3 327 4982 4981
3 327 324 4982
3 324 4983 4982
3 316 4984 317
3 317 2780 319
3 4984 2780 317
3 325 4983 324
3 328 4981 4985
3 1451 4985 1449
3 4985 4981 1449
3 4981 4982 1449
3 1443 4982 4983
3 4986 1440 1441
3 316 4985 4984
3 316 328 4985
3 4131 4130 1438
3 1440 4986 4131
3 1443 4983 1441
3 4983 4986 1441
3 325 4986 4983
3 325 329 4986
3 329 4131 4986
3 1440 4131 1438
3 347 4128 346
3 4987 4128 347
3 347 338 4987
3 338 4988 4987
3 4989 4990 345
3 345 341 4989
3 341 4991 4989
3 341 4992 4991
3 4982 1443 1449
3 337 4990 338
3 344 4992 341
3 345 4990 337
3 1455 4985 1452
3 1455 2780 4985
3 2780 4984 4985
3 4985 1451 1452
3 4993 1467 1466
3 4993 1470 1467
3 344 4994 4992
3 344 348 4994
3 1470 4991 1468
3 1470 4989 4991
3 1470 4993 4989
3 1466 4988 4993
3 1461 4987 4988
3 4988 1466 1461
3 4990 4989 4993
3 4993 4988 4990
3 338 4990 4988
3 1463 4987 1461
3 1463 4130 4987
3 4130 4128 4987
3 4130 1463 1438
3 365 2735 364
3 366 2735 365
3 2736 2735 366
3 1477 4132 4129
3 4129 1480 1477
3 4129 1447 1480
3 4991 1478 1468
3 1478 4992 1473
3 4992 4994 1473
3 1478 4991 4992
3 4994 1474 1473
3 348 4125 4994
3 1474 4132 1477
3 1474 4125 4132
3 1474 4994 4125
3 380 381 2730
3 381 2727 2730
3 381 4995 2727
3 2733 2732 2734
3 2730 4996 380
3 382 4995 381
3 383 4995 382
3 2732 4995 383
3 368 2756 2748
3 2756 2750 2748
3 379 4996 378
3 380 4996 379
3 369 2756 368
3 370 2736 366
3 2748 2736 370
3 370 368 2748
3 1445 4127 4997
3 4997 3279 1445
3 4997 3280 3279
3 378 4996 4997
3 3280 2730 2729
3 3280 4996 2730
3 3280 4997 4996
3 2733 4995 2732
3 2733 2727 4995
3 384 378 4127
3 378 4997 4127
3 1492 1488 880
3 880 881 1492
3 887 1491 886
3 880 1488 879
3 2123 4998 2124
3 2127 4998 3189
3 2127 2124 4998
3 2128 1616 982
3 4999 1616 2128
3 5000 3194 3184
3 2127 4999 2128
3 2127 3189 4999
3 3189 3191 4999
3 2123 5000 4998
3 5000 3184 4998
3 3184 3188 4998
3 2123 2125 5000
3 4999 3191 1618
3 1618 1616 4999
3 4998 3188 3189
3 3529 3632 3241
3 3632 2274 3241
3 3632 2272 2274
3 3529 3530 3632
3 2993 3632 3530
3 3529 3241 1943
3 2183 988 4825
3 1274 5001 1275
3 2793 5002 2792
3 1281 4831 5002
3 2793 1281 5002
3 5003 5004 1286
3 1282 5004 1281
3 1286 5004 1282
3 1285 5005 1284
3 5002 4831 4832
3 2792 5002 4832
3 4829 5004 5003
3 5004 4829 4831
3 1281 5004 4831
3 1592 2792 4832
3 1592 4832 983
3 40 5006 39
3 49 7 3773
3 50 5007 5008
3 54 50 5008
3 53 5008 5009
3 55 53 5009
3 54 5008 53
3 5009 5006 55
3 55 5006 40
3 51 5007 50
3 4676 5010 5011
3 63 5010 4676
3 30 60 3777
3 5011 5012 4676
3 5006 5011 5010
3 39 5006 5010
3 62 63 4676
3 62 4676 4671
3 62 4671 4672
3 62 4672 5013
3 64 39 5010
3 64 5010 63
3 61 62 5013
3 61 5013 60
3 5006 5009 5014
3 5011 5006 5014
3 5011 5015 5012
3 5009 5016 5014
3 60 5013 4675
3 60 4675 3777
3 5015 5011 5014
3 5013 4672 4675
3 4008 5017 4010
3 4012 4682 3421
3 4008 5018 5019
3 4008 5019 5017
3 3390 5020 4004
3 5021 5022 4030
3 4030 5022 4025
3 4025 5022 3392
3 4010 5017 5023
3 4012 4010 5023
3 4026 5024 4027
3 5017 5019 5023
3 4008 4004 5020
3 4008 5020 5018
3 4012 5023 2865
3 4012 2865 4682
3 5022 5025 3389
3 3390 3389 5025
3 3389 3392 5022
3 3390 5025 5020
3 652 70 5026
3 652 5027 68
3 652 68 70
3 642 5028 645
3 5029 65 67
3 651 5027 650
3 636 67 5030
3 636 5030 637
3 635 5029 67
3 636 635 67
3 634 5029 635
3 642 655 84
3 642 84 5028
3 655 5031 82
3 655 82 84
3 654 656 5031
3 654 5031 655
3 656 79 81
3 656 81 5031
3 645 74 71
3 653 645 71
3 5027 73 68
3 645 5028 74
3 651 653 5027
3 652 650 5027
3 653 71 73
3 653 73 5027
3 664 5032 94
3 664 94 96
3 5033 97 94
3 94 5032 5033
3 665 666 5033
3 5033 5032 665
3 663 664 96
3 663 96 5034
3 5028 84 74
3 5030 67 87
3 665 5032 664
3 663 5034 662
3 656 637 79
3 5031 81 82
3 637 5030 87
3 637 87 79
3 146 4745 109
3 146 109 111
3 5033 111 97
3 4745 112 109
3 5034 96 99
3 5035 101 103
3 666 146 111
3 666 111 5033
3 5034 99 101
3 662 5034 101
3 5035 103 65
3 65 5029 5035
3 5035 5029 667
3 667 5029 634
3 662 101 5035
3 667 662 5035
3 852 3878 851
3 840 5036 837
3 5037 5036 840
3 856 5038 855
3 858 851 826
3 858 826 4952
3 5038 4955 4953
3 851 3878 826
3 856 858 5038
3 855 5038 4953
3 4952 4955 5038
3 858 4952 5038
3 857 4956 5037
3 840 857 5037
3 857 855 4953
3 857 4953 4956
3 837 5036 4960
3 5037 4956 4957
3 5037 4957 4960
3 4960 5036 5037
3 1421 5039 2191
3 1421 2191 5040
3 5039 2189 2191
3 5041 2186 2188
3 1432 1421 5040
3 1430 1427 5042
3 5042 5039 1430
3 1427 5041 2188
3 1427 2188 5042
3 1426 5039 1421
3 1430 5039 1426
3 1429 5041 1427
3 5043 2194 2186
3 2186 5041 5043
3 1876 1885 2198
3 5043 2195 2194
3 2195 1876 2198
3 1433 1877 5043
3 5043 1877 1876
3 2195 5043 1876
3 5042 2188 2193
3 5042 2193 2189
3 1429 1433 5043
3 1429 5043 5041
3 2189 5039 5042
3 5040 2191 5044
3 4124 4650 5045
3 4122 4124 5045
3 2073 1434 4650
3 4124 2073 4650
3 5045 5046 4122
3 4123 4122 5046
3 4654 5046 5045
3 2073 1435 1434
3 5045 4650 4652
3 5045 4652 4654
3 1689 878 877
3 878 1689 881
3 4722 4733 4723
3 4722 4734 4733
3 4733 5047 4723
3 5048 2265 1199
3 5048 1199 1197
3 5049 5050 2265
3 5048 5049 2265
3 1197 1194 5051
3 5052 5051 1194
3 1206 1205 5050
3 5051 5048 1197
3 5047 2259 2260
3 930 916 4723
3 1194 1189 5052
3 5052 1189 1188
3 2259 5047 4733
3 4733 2257 2259
3 4723 5047 2260
3 930 4723 2260
3 1205 1210 2265
3 5050 1205 2265
3 3514 5053 5054
3 3514 5054 3509
3 4718 4720 5054
3 5053 4718 5054
3 3505 3507 570
3 3505 570 5055
3 3510 5053 3511
3 3507 563 570
3 3505 5055 3506
3 564 563 3507
3 3519 5056 3520
3 5057 5058 5059
3 3519 3523 5060
3 5060 5056 3519
3 3521 5059 3522
3 3515 5057 3516
3 3516 5057 5059
3 3521 3516 5059
3 4728 5055 570
3 5055 4728 4729
3 5053 4729 4718
3 570 572 4728
3 3510 3506 5053
3 3514 3511 5053
3 5055 4729 5053
3 3506 5055 5053
3 5061 4724 4727
3 5061 4727 4721
3 5054 5062 5057
3 3515 5054 5057
3 5059 5058 4722
3 4724 5059 4722
3 4721 5060 5061
3 4724 5061 5059
3 3523 3522 5060
3 4487 5056 5060
3 5059 5061 5060
3 3522 5059 5060
3 614 3520 5056
3 5056 4487 614
3 1233 4487 5060
3 1233 5060 4721
3 4734 5058 5057
3 5057 5062 4731
3 5062 4732 4731
3 5054 4720 4732
3 3515 3509 5054
3 4734 5057 4731
3 4732 5062 5054
3 3623 501 5063
3 3616 3623 5063
3 5064 499 501
3 3623 5064 501
3 3625 5064 3623
3 5063 5065 3616
3 5066 5064 3624
3 3624 5064 3625
3 3616 5065 3617
3 3617 5065 3618
3 3637 5067 4178
3 2272 3637 4178
3 509 4178 5068
3 509 5068 507
3 3636 5067 3638
3 3638 5067 3637
3 2272 4178 2273
3 5068 5067 3636
3 3626 5069 5070
3 3633 3626 5070
3 504 506 5070
3 5069 504 5070
3 5066 503 499
3 499 5064 5066
3 3633 5070 3634
3 3627 5069 3626
3 5069 519 504
3 5063 521 517
3 3641 5071 3642
3 5063 501 521
3 5065 519 5069
3 3618 5065 5069
3 517 5065 5063
3 5065 517 519
3 5070 506 510
3 3636 3634 5070
3 3627 3618 5069
3 5068 512 507
3 3636 5070 5068
3 4178 5067 5068
3 5070 510 512
3 5070 512 5068
3 3642 535 537
3 3642 537 5066
3 535 5071 5072
3 3642 5071 535
3 530 5073 5074
3 530 532 5072
3 3624 3642 5066
3 5074 533 530
3 3640 3643 5072
3 3645 3644 5074
3 5073 530 5072
3 3643 5073 5072
3 5072 5071 3640
3 3640 5071 3641
3 5074 5073 3645
3 3645 5073 3643
3 4877 556 555
3 5074 548 533
3 4875 549 546
3 4877 555 549
3 549 4875 4877
3 2479 4878 548
3 2479 548 5074
3 546 4878 4875
3 4878 546 548
3 5066 537 503
3 5072 539 535
3 3644 2479 5074
3 5072 532 539
3 4665 4662 5075
3 4665 5075 5076
3 2277 5077 2275
3 4662 5077 5075
3 4664 5077 4662
3 4666 4665 5076
3 5078 5077 4667
3 4667 5077 4664
3 4666 616 615
3 5076 5079 4666
3 5079 616 4666
3 4260 2288 2290
3 4260 2290 5078
3 4260 2292 2288
3 4667 3052 4260
3 5075 2293 2282
3 2282 5076 5075
3 4667 4260 5078
3 5075 2277 2293
3 2278 5079 5076
3 2280 2312 616
3 2312 2280 1959
3 5076 2282 2278
3 2277 5075 5077
3 5077 5078 2275
3 2280 616 5079
3 2280 5079 2278
3 5078 2290 2275
3 1122 5080 1121
3 1123 5081 1120
3 1117 1121 1524
3 5082 3107 3113
3 5080 3112 1524
3 1121 5080 1524
3 3115 5081 3113
3 1096 1523 3105
3 3115 5083 5081
3 5081 5082 3113
3 1124 3107 5082
3 1123 1124 5082
3 1096 3105 3107
3 1124 1096 3107
3 1120 5083 5080
3 1122 1120 5080
3 5082 5081 1123
3 1120 5081 5083
3 1148 5084 1147
3 5085 3121 3122
3 1148 1152 5086
3 5086 5084 1148
3 1141 1138 5087
3 1137 1141 5087
3 5085 3122 5087
3 1138 5085 5087
3 1137 5088 1136
3 5083 3115 3111
3 5087 5088 1137
3 1139 5085 1138
3 3110 5080 5083
3 5080 3110 3112
3 1524 3112 498
3 5083 3111 3110
3 3118 5089 5086
3 3118 5086 3116
3 3121 5085 5089
3 5089 5084 5086
3 1139 5089 5085
3 5090 5091 5092
3 1147 5084 5089
3 1139 1147 5089
3 1149 5091 5090
3 1149 5090 5086
3 3125 5090 5092
3 3125 5092 3123
3 5092 5091 1151
3 1151 5091 1149
3 1152 1149 5086
3 1151 1153 5092
3 3133 5093 5094
3 3133 5094 3131
3 3136 5094 3134
3 5093 5095 5094
3 1157 5093 1518
3 1136 5088 5094
3 1156 5095 5093
3 1157 1156 5093
3 1154 5095 1156
3 5090 3125 3126
3 1154 1136 5094
3 1154 5094 5095
3 5089 3118 3130
3 5089 3130 3121
3 5090 3126 3116
3 3116 5086 5090
3 3144 1521 1522
3 3144 1522 3147
3 3123 5092 5096
3 3144 5096 1521
3 1153 1111 5092
3 1520 3143 492
3 1111 1521 5096
3 1111 5096 5092
3 1518 5093 3142
3 3143 1518 3142
3 5093 3133 3142
3 3143 1520 1518
3 5094 5088 5087
3 5094 5087 3134
3 5094 3136 3131
3 5087 3122 3134
3 5096 3144 3149
3 5096 3149 3123
3 1522 496 3147
3 805 3586 4569
3 4569 807 806
3 4569 806 805
3 4448 5097 5098
3 4448 5098 4449
3 4437 5099 5097
3 4448 4437 5097
3 4440 5100 5101
3 4442 4440 5101
3 5100 4423 5101
3 5101 4423 4425
3 2713 5100 4441
3 4441 5100 4440
3 4442 5101 5099
3 4423 5100 2713
3 4442 5099 4437
3 4436 3806 3795
3 5102 4552 4559
3 5102 4559 4551
3 4457 4357 3837
3 3873 3780 4451
3 5101 4425 3571
3 4552 5101 3571
3 4551 5097 5102
3 4552 5102 5101
3 3807 5098 5097
3 3809 3807 5097
3 5099 5101 5097
3 5097 5101 5102
3 4449 3807 3806
3 4436 4449 3806
3 3809 5097 4551
3 4449 5098 3807
3 4372 4371 5103
3 5103 3783 3796
3 4455 4371 4357
3 4457 4455 4357
3 4372 5103 3796
3 4455 5103 4371
3 4456 3783 5103
3 4456 5103 4455
3 4451 3780 3783
3 4456 4451 3783
3 4861 5104 5105
3 4861 5105 4860
3 4861 4857 5106
3 4861 5106 5104
3 4858 5106 4857
3 4873 5107 5108
3 4870 4863 5109
3 4872 5110 5107
3 4873 4872 5107
3 4870 5110 4872
3 4873 5108 4529
3 4870 5109 5111
3 4870 5111 5110
3 5106 3683 3694
3 4141 2601 3681
3 4865 5109 4863
3 3694 5104 5106
3 3681 3683 5106
3 4858 3681 5106
3 4858 4142 4141
3 4858 4141 3681
3 5104 3694 3687
3 3691 5112 5113
3 5109 5112 3695
3 3697 5109 3695
3 5113 5112 5109
3 4865 5113 5109
3 5113 3689 3691
3 4865 4874 5113
3 3689 5113 3687
3 5105 5113 4860
3 5105 5104 3687
3 5113 5105 3687
3 5110 5111 3684
3 3686 5110 3684
3 4860 5113 4874
3 3686 5107 5110
3 5114 5115 4513
3 5115 5116 4513
3 5117 5115 5118
3 4513 4524 5114
3 5119 5116 5117
3 4133 5120 4137
3 4513 5116 4511
3 5120 5116 5119
3 5116 5120 4506
3 2247 4506 5120
3 4137 5120 5119
3 4506 4511 5116
3 5112 3691 3695
3 3697 5111 5109
3 5120 4133 2247
3 5111 3697 3684
3 5114 5121 5122
3 4514 5123 5124
3 3711 5124 3709
3 5122 5125 5114
3 4524 4532 5121
3 5121 5114 4524
3 4514 5124 5121
3 4532 4514 5121
3 5126 5123 4531
3 4531 5123 4518
3 4531 4528 5127
3 5127 5126 4531
3 5115 5114 5125
3 5116 5115 5117
3 4518 5123 4514
3 5125 5118 5115
3 3704 5119 5117
3 3704 5117 3702
3 3704 5128 5119
3 5129 3700 3714
3 5129 3714 3709
3 4137 5119 5130
3 5130 5119 5128
3 3700 5129 5127
3 3700 5127 3712
3 3709 5124 5129
3 5129 5126 5127
3 3711 5122 5121
3 3711 5121 5124
3 5129 5124 5123
3 5123 5126 5129
3 5122 3711 3725
3 3726 5131 5125
3 4529 5132 4525
3 5131 3726 3718
3 3717 5133 3718
3 3718 5133 5131
3 5125 5122 3725
3 3726 5125 3725
3 5118 5125 5131
3 5133 3708 3702
3 3717 3708 5133
3 5131 5133 5118
3 5128 3704 3705
3 3702 5117 5118
3 5133 3702 5118
3 5134 3737 3712
3 3712 5127 5134
3 5134 3729 3737
3 5132 5108 5107
3 5132 5107 3730
3 5132 3732 3727
3 5107 3686 3730
3 5132 3729 5134
3 4525 5132 5134
3 3732 5132 3730
3 5132 3727 3729
3 5134 5127 4528
3 5108 5132 4529
3 4530 4525 5134
3 4528 4530 5134
3 5058 4734 4722
3 5135 5136 3034
3 3034 5136 3035
3 5136 5051 5052
3 5052 5137 5136
3 3031 611 4477
3 4477 5138 3031
3 3036 3035 5136
3 5136 5137 3036
3 5137 1188 4464
3 3028 5137 4464
3 3031 5138 3030
3 5137 5052 1188
3 3036 5137 3028
3 3029 3028 4464
3 4464 4465 3029
3 5139 5049 5048
3 5048 5135 5139
3 5139 5050 5049
3 5050 4477 1206
3 5138 5139 5135
3 5050 5139 5138
3 5050 5138 4477
3 5135 5048 5051
3 5051 5136 5135
3 3030 5138 5135
3 3034 3030 5135

CELL_DATA 9953
SCALARS longitude float 1
LOOKUP_TABLE default
43.3025016784668
43.89580154418945
43.6349983215332
43.56679916381836
43.694801330566406
43.499000549316406
49.44309997558594
50.07040023803711
49.89820098876953
49.70610046386719
49.54309844970703
48.51190185546875
48.367401123046875
48.20479965209961
48.0088996887207
47.8125
49.262901306152344
49.15869903564453
48.88130187988281
48.8302001953125
48.62620162963867
49.33980178833008
49.397499084472656
49.601600646972656
49.04990005493164
48.94810104370117
48.51850128173828
48.330101013183594
48.67020034790039
48.1156005859375
48.020301818847656
48.772300720214844
46.64860153198242
45.734798431396484
46.434600830078125
46.35060119628906
46.194698333740234
46.06010055541992
45.93519973754883
45.943599700927734
44.50310134887695
45.11009979248047
44.90879821777344
44.7593994140625
44.81079864501953
44.25149917602539
44.20650100708008
44.10860061645508
43.92219924926758
44.098201751708984
44.50899887084961
44.32109832763672
44.6973991394043
44.212799072265625
45.515499114990234
45.36439895629883
45.415199279785156
45.12519836425781
44.924198150634766
45.313899993896484
45.692298889160156
45.59080123901367
45.413700103759766
44.810699462890625
47.285400390625
47.02439880371094
46.87099838256836
46.93560028076172
47.6505012512207
47.7140007019043
47.51129913330078
47.478599548339844
47.19729995727539
47.10219955444336
46.64149856567383
46.45320129394531
46.81760025024414
46.29719924926758
46.924800872802734
47.83570098876953
54.9911994934082
58.22209930419922
57.59299850463867
57.406898498535156
57.28219985961914
57.99319839477539
57.80039978027344
57.877498626708984
57.43009948730469
57.527198791503906
57.73270034790039
55.97520065307617
56.637001037597656
56.4567985534668
56.325401306152344
56.225101470947266
56.15129852294922
55.803001403808594
55.680301666259766
55.47129821777344
55.27939987182617
55.11909866333008
55.17509841918945
55.92649841308594
55.83449935913086
55.549400329589844
57.023799896240234
57.02690124511719
56.86840057373047
56.716800689697266
56.53689956665039
57.1880989074707
53.38399887084961
53.15950012207031
53.05459976196289
54.02080154418945
54.85380172729492
54.67839813232422
54.41939926147461
54.43040084838867
54.27000045776367
54.10540008544922
53.865699768066406
53.686500549316406
53.515899658203125
53.55929946899414
53.3224983215332
53.21699905395508
53.95029830932617
52.42210006713867
52.18830108642578
52.181400299072266
51.97269821166992
51.96620178222656
52.908599853515625
52.796199798583984
52.66460037231445
52.6088981628418
52.35940170288086
51.720001220703125
52.99850082397461
54.93130111694336
54.83039855957031
54.59410095214844
57.82059860229492
49.62080001831055
49.9275016784668
49.86869812011719
52.85219955444336
52.69409942626953
52.52109909057617
51.21200180053711
50.56119918823242
50.28089904785156
50.190399169921875
50.34159851074219
50.16419982910156
51.10380172729492
50.93629837036133
50.77119827270508
50.7943000793457
50.54999923706055
51.84749984741211
51.74720001220703
51.59709930419922
51.456298828125
51.299598693847656
52.367801666259766
52.20539855957031
52.088199615478516
51.93090057373047
51.8307991027832
51.19139862060547
47.40909957885742
45.470699310302734
46.72850036621094
46.583099365234375
46.4744987487793
47.2047004699707
46.99380111694336
46.83319854736328
46.61750030517578
46.73440170288086
46.72019958496094
46.25630187988281
46.060001373291016
45.85210037231445
45.72809982299805
45.765899658203125
45.652099609375
46.3848991394043
46.32389831542969
46.025001525878906
35.70349884033203
36.317501068115234
36.06570053100586
36.07310104370117
35.9453010559082
35.904598236083984
32.85430145263672
34.114200592041016
33.484500885009766
33.24580001831055
33.18880081176758
33.33580017089844
33.09080123901367
34.00669860839844
33.954200744628906
33.803001403808594
33.73189926147461
33.56570053100586
32.272499084472656
32.07939910888672
32.16400146484375
32.63859939575195
32.694801330566406
32.50579833984375
32.403499603271484
32.32229995727539
32.94240188598633
34.438899993896484
34.258201599121094
35.072898864746094
34.8931999206543
34.90589904785156
34.6890983581543
34.68259811401367
34.14649963378906
34.342899322509766
34.529998779296875
35.45389938354492
35.448699951171875
35.33599853515625
35.29050064086914
35.13600158691406
35.73109817504883
38.18989944458008
38.49869918823242
38.39059829711914
36.93769836425781
37.55329895019531
37.39310073852539
37.382301330566406
37.18619918823242
37.15060043334961
36.68560028076172
36.689998626708984
36.559898376464844
36.525299072265625
36.35459899902344
36.97760009765625
38.09090042114258
37.9182014465332
37.72529983520508
37.62139892578125
37.80400085449219
38.10749816894531
38.191898345947266
38.398799896240234
37.92679977416992
35.33190155029297
36.5713005065918
35.963401794433594
35.69139862060547
35.62519836425781
35.78969955444336
35.53960037231445
36.3651008605957
36.41490173339844
36.207801818847656
36.19839859008789
35.9911994934082
32.48640060424805
32.3031005859375
33.11320114135742
33.03150177001953
32.887001037597656
32.789798736572266
32.618099212646484
33.72529983520508
34.190101623535156
34.05839920043945
33.98469924926758
33.652801513671875
33.505001068115234
33.346500396728516
33.33940124511719
33.171199798583984
33.81380081176758
32.226600646972656
32.402099609375
32.54999923706055
34.69430160522461
34.43790054321289
34.52220153808594
34.309200286865234
35.12049865722656
35.15760040283203
34.97610092163086
34.851200103759766
34.76639938354492
35.375701904296875
37.8213996887207
38.4567985534668
38.34989929199219
38.243499755859375
38.11909866333008
38.061798095703125
38.78730010986328
38.69350051879883
38.48270034790039
38.68330001831055
37.1952018737793
36.9281005859375
36.96969985961914
36.819400787353516
36.785301208496094
37.71979904174805
37.57389831542969
37.48109817504883
37.34280014038086
37.2401008605957
36.61330032348633
37.89229965209961
34.371700286865234
33.73139953613281
33.47650146484375
33.467498779296875
33.31850051879883
34.135501861572266
34.0989990234375
33.96839904785156
33.81039810180664
33.60639953613281
34.00809860229492
35.032501220703125
34.945098876953125
34.75790023803711
34.54610061645508
35.341800689697266
35.21730041503906
35.19369888305664
35.03049850463867
35.069801330566406
34.422000885009766
34.234798431396484
34.62289810180664
34.143699645996094
34.79560089111328
36.02410125732422
36.669898986816406
36.442501068115234
36.31230163574219
36.40439987182617
36.28010177612305
37.308998107910156
38.0369987487793
37.94940185546875
37.72529983520508
37.621498107910156
37.6974983215332
37.55950164794922
37.082698822021484
36.966800689697266
37.04290008544922
36.91790008544922
36.7057991027832
37.332801818847656
35.754798889160156
35.70090103149414
35.84920120239258
35.60279846191406
35.44060134887695
36.06700134277344
33.18159866333008
33.37670135498047
33.51530075073242
38.2041015625
38.358299255371094
38.2755012512207
37.9724006652832
38.60749816894531
50.019100189208984
51.49440002441406
50.7666015625
50.435298919677734
50.36909866333008
50.4921989440918
50.289398193359375
51.338199615478516
51.0906982421875
51.0625
50.72529983520508
50.96149826049805
49.280601501464844
49.17179870605469
49.007301330566406
48.82339859008789
48.90599822998047
49.66659927368164
49.5901985168457
49.74720001220703
49.54159927368164
49.27539825439453
48.51279830932617
50.02870178222656
45.96730041503906
46.71689987182617
46.64360046386719
46.26559829711914
46.22629928588867
46.41569900512695
46.13909912109375
45.71849822998047
45.51649856567383
45.35810089111328
45.16590118408203
44.99489974975586
45.02880096435547
45.85129928588867
45.77669906616211
45.485599517822266
46.99679946899414
46.901798248291016
46.60919952392578
44.75040054321289
40.79560089111328
40.503501892089844
40.43870162963867
38.71030044555664
38.535301208496094
38.3385009765625
39.75379943847656
39.46630096435547
39.397701263427734
40.16170120239258
40.170799255371094
39.931400299072266
39.984500885009766
39.73820114135742
39.69900131225586
39.1234016418457
39.123199462890625
38.886199951171875
38.777801513671875
38.55160140991211
38.9375
39.35860061645508
39.2578010559082
39.07350158691406
41.85139846801758
41.604698181152344
41.512001037597656
42.287601470947266
42.25899887084961
42.01539993286133
42.102298736572266
41.845401763916016
41.78350067138672
41.22629928588867
41.08369827270508
41.168399810791016
41.04100036621094
40.774898529052734
40.71620178222656
41.462501525878906
42.52799987792969
38.84669876098633
36.35689926147461
37.080101013183594
36.76060104370117
36.76369857788086
36.64699935913086
36.49700164794922
38.1234016418457
37.828399658203125
37.76599884033203
38.57490158081055
38.411800384521484
38.49580001831055
38.32160186767578
38.188499450683594
37.94580078125
37.522098541259766
37.41600036621094
37.50320053100586
37.35179901123047
37.06959915161133
37.78860092163086
34.38890075683594
33.721900939941406
33.62929916381836
33.382598876953125
33.6072998046875
34.19139862060547
34.247501373291016
33.95249938964844
33.96799850463867
33.82870101928711
34.844600677490234
34.7400016784668
35.602901458740234
35.52519989013672
35.352298736572266
35.25299835205078
35.05179977416992
34.519901275634766
34.740699768066406
34.94770050048828
36.091800689697266
35.99039840698242
36.139400482177734
35.86429977416992
35.68550109863281
36.38100051879883
35.83340072631836
37.42179870605469
36.62710189819336
36.465301513671875
36.229000091552734
36.019901275634766
37.144100189208984
36.950401306152344
37.05630111694336
36.938899993896484
36.67070007324219
36.585201263427734
41.82780075073242
41.54050064086914
41.449100494384766
45.45539855957031
44.61119842529297
44.76689910888672
44.29890060424805
44.22380065917969
45.10559844970703
43.11090087890625
42.888099670410156
42.67399978637695
43.578800201416016
43.42409896850586
43.499298095703125
43.35329818725586
43.0547981262207
42.98059844970703
42.471900939941406
42.24079895019531
42.04359817504883
42.12300109863281
41.81549835205078
41.73970031738281
42.611900329589844
43.84239959716797
39.05929946899414
40.63100051879883
40.441898345947266
40.21009826660156
41.10770034790039
41.12260055541992
40.847900390625
40.912899017333984
40.607200622558594
40.518798828125
40.05440139770508
39.79169845581055
39.745399475097656
39.51620101928711
39.38460159301758
39.33539962768555
40.19779968261719
38.23249816894531
37.886199951171875
37.86349868774414
37.73630142211914
37.6775016784668
38.89680099487305
38.62770080566406
38.55149841308594
38.50230026245117
38.23939895629883
37.463600158691406
39.02899932861328
41.38840103149414
33.9744987487793
51.41590118408203
51.2067985534668
51.09939956665039
45.11840057373047
45.00640106201172
44.829498291015625
45.16270065307617
45.004398345947266
44.791099548339844
47.13059997558594
48.73429870605469
47.92850112915039
47.779701232910156
47.53070068359375
47.27479934692383
48.549198150634766
48.296199798583984
48.06129837036133
47.76380157470703
47.90359878540039
47.912601470947266
46.3489990234375
46.180999755859375
45.96189880371094
46.97919845581055
46.74829864501953
46.50149917602539
46.21419906616211
46.401100158691406
46.33359909057617
45.615501403808594
45.579498291015625
45.43989944458008
45.29790115356445
45.13949966430664
45.04949951171875
45.890899658203125
47.22520065307617
47.05139923095703
47.12350082397461
46.72800064086914
47.546199798583984
42.81269836425781
42.59379959106445
42.47200012207031
43.97890090942383
43.83869934082031
43.660400390625
44.60459899902344
44.44089889526367
44.259700775146484
44.0817985534668
43.94160079956055
43.848201751708984
43.462501525878906
43.20589828491211
42.99829864501953
43.11040115356445
42.80289840698242
42.759498596191406
43.54750061035156
41.69260025024414
41.45840072631836
41.35960006713867
42.135398864746094
42.105899810791016
41.84939956665039
41.62699890136719
41.658599853515625
41.91419982910156
41.121299743652344
40.87540054321289
40.68109893798828
40.555599212646484
40.662899017333984
40.4827995300293
41.27989959716797
41.190101623535156
40.94419860839844
42.399200439453125
42.29890060424805
42.0703010559082
44.72800064086914
49.78620147705078
49.56990051269531
49.215999603271484
49.195499420166016
49.03310012817383
48.86389923095703
49.948299407958984
49.693199157714844
50.168701171875
49.45640182495117
48.67900085449219
48.581199645996094
48.20709991455078
50.29389953613281
58.431800842285156
60.66189956665039
60.51620101928711
60.102500915527344
59.992801666259766
59.23640060424805
58.92879867553711
58.76649856567383
58.57550048828125
59.72380065917969
59.55730056762695
59.504600524902344
59.09550094604492
58.87070083618164
59.31439971923828
57.62820053100586
57.390098571777344
57.24440002441406
58.178199768066406
57.952598571777344
57.740699768066406
57.49290084838867
57.550201416015625
56.930198669433594
56.73270034790039
56.52149963378906
56.24660110473633
56.05699920654297
56.49399948120117
56.91419982910156
57.012001037597656
57.26890182495117
56.65489959716797
58.150901794433594
58.2421989440918
58.4984016418457
57.817298889160156
57.68349838256836
58.63159942626953
57.39229965209961
60.75090026855469
60.82270050048828
60.199100494384766
60.29249954223633
60.54600143432617
61.037200927734375
60.8828010559082
60.64500045776367
59.827701568603516
59.68040084838867
59.42169952392578
55.89039993286133
47.3129997253418
32.44060134887695
32.857398986816406
32.70159912109375
54.46310043334961
55.95180130004883
56.12300109863281
55.12630081176758
55.764400482177734
54.67729949951172
54.86750030517578
54.64469909667969
54.77410125732422
55.47560119628906
55.64149856567383
55.19060134887695
55.33729934692383
56.76539993286133
55.02830123901367
57.110198974609375
57.38750076293945
56.9015998840332
57.15190124511719
58.432899475097656
56.96289825439453
58.05379867553711
58.14120101928711
57.91809844970703
58.498199462890625
57.69200134277344
58.28960037231445
57.58879852294922
57.557701110839844
56.51300048828125
57.34090042114258
56.3468017578125
56.4994010925293
56.02799987792969
56.19900131225586
56.69049835205078
55.9098014831543
53.50979995727539
55.71070098876953
54.13869857788086
54.2577018737793
53.945499420166016
53.90760040283203
53.680301666259766
53.73500061035156
53.189701080322266
53.23550033569336
53.02180099487305
52.97869873046875
52.69459915161133
52.790401458740234
54.41960144042969
53.4093017578125
54.07550048828125
54.31850051879883
52.445098876953125
34.76129913330078
34.44060134887695
34.65739822387695
35.152099609375
34.38090133666992
34.829498291015625
34.9463996887207
35.04140090942383
34.63050079345703
36.01470184326172
36.11149978637695
36.652198791503906
35.81269836425781
36.24330139160156
36.43769836425781
35.956600189208984
36.1598014831543
35.7056999206543
36.34980010986328
35.39820098876953
35.51580047607422
35.19599914550781
35.29169845581055
34.23030090332031
35.84410095214844
34.54029846191406
34.40769958496094
36.60129928588867
36.811798095703125
36.493499755859375
37.012699127197266
37.14780044555664
44.0702018737793
45.71189880371094
45.85940170288086
44.822200775146484
45.47890090942383
44.443199157714844
44.49769973754883
45.14030075073242
44.205299377441406
45.03239822387695
45.19879913330078
44.729801177978516
45.011199951171875
47.67290115356445
44.619598388671875
47.45600128173828
46.5901985168457
47.02730178833008
47.339599609375
46.74140167236328
46.98059844970703
48.22890090942383
48.395301818847656
47.79629898071289
48.002899169921875
48.75960159301758
48.96009826660156
48.37590026855469
48.54159927368164
48.585899353027344
48.165401458740234
47.61050033569336
47.55500030517578
47.23740005493164
47.850101470947266
47.99319839477539
47.121299743652344
46.17599868774414
46.415401458740234
45.85649871826172
46.08470153808594
46.04819869995117
45.658599853515625
46.36280059814453
46.58879852294922
46.20000076293945
46.792701721191406
46.91559982299805
45.4838981628418
41.41490173339844
41.67530059814453
40.30459976196289
41.33580017089844
40.9109001159668
41.119300842285156
40.66830062866211
40.67359924316406
37.35490036010742
40.438899993896484
37.237701416015625
36.382999420166016
36.932498931884766
37.08890151977539
36.64590072631836
36.71160125732422
39.29100036621094
36.58409881591797
39.10169982910156
38.32310104370117
38.72480010986328
39.00230026245117
38.48270034790039
38.70800018310547
40.012001037597656
40.106300354003906
39.5802001953125
39.804100036621094
40.20090103149414
39.4182014465332
40.034698486328125
40.429100036621094
40.191898345947266
39.83580017089844
39.43669891357422
39.21049880981445
38.829200744628906
39.04819869995117
39.63050079345703
39.22760009765625
39.355201721191406
39.53229904174805
37.9828987121582
38.174800872802734
37.71189880371094
37.71609878540039
38.269100189208984
37.48899841308594
38.50830078125
38.284000396728516
37.91669845581055
37.99760055541992
52.84360122680664
52.44070053100586
52.411598205566406
52.895301818847656
52.67879867553711
52.793701171875
52.6244010925293
51.31439971923828
51.28450012207031
50.86479949951172
50.83720016479492
51.79249954223633
51.523799896240234
50.96289825439453
51.1875
50.53850173950195
51.44969940185547
50.81100082397461
50.68510055541992
52.099098205566406
52.10219955444336
51.63990020751953
51.832401275634766
52.36040115356445
54.05830001831055
53.71889877319336
53.8473014831543
53.50299835205078
53.6265983581543
54.157901763916016
53.4197998046875
53.81850051879883
54.04650115966797
53.144901275634766
58.00279998779297
56.97159957885742
57.16350173950195
56.1505012512207
56.7681999206543
55.754600524902344
55.97090148925781
55.64080047607422
55.639801025390625
56.52519989013672
56.64550018310547
56.22209930419922
56.419898986816406
57.66429901123047
56.042598724365234
57.404701232910156
57.510398864746094
57.051998138427734
57.24369812011719
57.7401008605957
56.92900085449219
55.38399887084961
56.72589874267578
59.430999755859375
59.9109001159668
60.089900970458984
59.66429901123047
59.76300048828125
58.3385009765625
59.506099700927734
57.52040100097656
57.677398681640625
57.115299224853516
57.31990051269531
57.9828987121582
58.17729949951172
57.62580108642578
57.77629852294922
57.822200775146484
57.42279815673828
59.058101654052734
59.17599868774414
58.651100158691406
58.84090042114258
58.415000915527344
58.550498962402344
59.18920135498047
59.302101135253906
58.25400161743164
58.91469955444336
57.913299560546875
58.127498626708984
59.989601135253906
37.58190155029297
33.19850158691406
34.705501556396484
32.890499114990234
33.095001220703125
33.41270065307617
33.54249954223633
33.255699157714844
33.30400085449219
32.67530059814453
32.65340042114258
32.19940185546875
32.44390106201172
32.93479919433594
32.429100036621094
32.98059844970703
33.03879928588867
32.61050033569336
32.695899963378906
33.90409851074219
33.9901008605957
33.67639923095703
33.722801208496094
34.4193000793457
34.40330123901367
34.23910140991211
34.25149917602539
33.93349838256836
34.16490173339844
33.606300354003906
33.3849983215332
36.13629913330078
33.81669998168945
35.26380157470703
35.4098014831543
34.960899353027344
35.029701232910156
35.81380081176758
35.99959945678711
35.65660095214844
35.63610076904297
35.489601135253906
35.505001068115234
36.708499908447266
36.855098724365234
36.32929992675781
36.510398864746094
37.21110153198242
37.40190124511719
36.82360076904297
37.044700622558594
37.076499938964844
36.84109878540039
36.243499755859375
36.12699890136719
35.89500045776367
36.19240188598633
34.95370101928711
36.560699462890625
34.65620040893555
34.88859939575195
35.20009994506836
34.497501373291016
54.88570022583008
54.4734001159668
54.930198669433594
54.67649841308594
54.27870178222656
55.03419876098633
55.21070098876953
54.825401306152344
55.4203987121582
56.34159851074219
56.59389877319336
56.06290054321289
56.342098236083984
55.81850051879883
56.07040023803711
56.68050003051758
56.81060028076172
56.32149887084961
56.757301330566406
54.05649948120117
55.591800689697266
61.519500732421875
57.06880187988281
61.3406982421875
61.17570114135742
60.89860153198242
35.662899017333984
37.184200286865234
34.66780090332031
34.872398376464844
34.7056999206543
34.45989990234375
35.28900146484375
35.53580093383789
34.969600677490234
35.20349884033203
35.207801818847656
34.75749969482422
35.860801696777344
36.104400634765625
36.83399963378906
36.939998626708984
36.56129837036133
36.480201721191406
36.33359909057617
36.4109992980957
35.79199981689453
35.880699157714844
35.410099029541016
35.545799255371094
38.68000030517578
36.16490173339844
37.7848014831543
37.942501068115234
37.32659912109375
37.53580093383789
38.23320007324219
38.402198791503906
38.21269989013672
38.34489822387695
37.84450149536133
37.94300079345703
39.09149932861328
39.431800842285156
38.96049880981445
39.11109924316406
39.837799072265625
38.91559982299805
39.70970153808594
39.86989974975586
39.454200744628906
39.67409896850586
37.140201568603516
38.69609832763672
37.45669937133789
37.20819854736328
37.60770034790039
36.8473014831543
34.50239944458008
34.320899963378906
34.65439987182617
53.189300537109375
56.23970031738281
56.096500396728516
55.34489822387695
55.698299407958984
55.91360092163086
55.59939956665039
55.75920104980469
54.41379928588867
55.40999984741211
53.63560104370117
53.811500549316406
53.36069869995117
53.44309997558594
54.276100158691406
53.27220153808594
54.01470184326172
54.148101806640625
53.715999603271484
53.99480056762695
54.97909927368164
55.17369842529297
54.662601470947266
54.8828010559082
54.59109878540039
54.558799743652344
55.23889923095703
52.64690017700195
48.36759948730469
55.78710174560547
55.90420150756836
58.16749954223633
55.562198638916016
57.91680145263672
58.057899475097656
57.55009841918945
57.860801696777344
58.24689865112305
58.437198638916016
58.0797004699707
58.272499084472656
59.13800048828125
58.93600082397461
59.21189880371094
58.650001525878906
58.75590133666992
58.342899322509766
58.50749969482422
59.010101318359375
58.22200012207031
59.252201080322266
58.879798889160156
59.111000061035156
32.8135986328125
33.053001403808594
33.28969955444336
34.00469970703125
34.789798736572266
33.81869888305664
33.747798919677734
33.53860092163086
33.499900817871094
34.605499267578125
34.65169906616211
34.33000183105469
34.40290069580078
34.14860153198242
31.94659996032715
32.065101623535156
31.946199417114258
32.54290008544922
32.68410110473633
32.532798767089844
32.24589920043945
32.374900817871094
33.15250015258789
32.90650177001953
36.750099182128906
33.350399017333984
37.21630096435547
37.5088005065918
37.06660079956055
37.175201416015625
35.17919921875
36.92319869995117
35.98080062866211
35.051700592041016
35.766700744628906
35.77989959716797
35.41619873046875
35.597999572753906
35.069400787353516
34.82809829711914
36.61880111694336
35.30609893798828
36.2672004699707
36.36899948120117
36.290000915527344
36.065399169921875
36.69089889526367
36.79169845581055
38.2682991027832
36.438899993896484
39.00630187988281
39.11539840698242
38.60279846191406
38.85599899291992
38.48970031738281
38.539798736572266
38.01789855957031
37.979400634765625
37.801300048828125
37.765899658203125
38.26169967651367
37.50299835205078
39.365699768066406
39.29290008544922
39.028499603271484
39.61970138549805
39.789100646972656
60.89899826049805
61.587100982666016
61.34510040283203
42.03049850463867
42.972599029541016
42.63399887084961
42.813899993896484
42.44060134887695
42.41019821166992
42.25550079345703
42.234798431396484
43.88759994506836
44.81060028076172
44.51559829711914
44.6077995300293
44.14189910888672
44.27069854736328
45.5786018371582
44.180599212646484
45.26810073852539
45.47930145263672
44.92720031738281
45.07780075073242
45.78310012817383
45.6598014831543
45.412899017333984
45.74760055541992
44.718299865722656
45.340301513671875
44.80390167236328
44.85540008544922
44.36280059814453
44.459999084472656
43.71889877319336
45.096099853515625
43.324501037597656
43.5276985168457
43.12990188598633
43.33689880371094
43.90829849243164
43.16429901123047
44.06829833984375
43.71080017089844
42.934898376464844
43.532100677490234
42.622798919677734
42.86589813232422
48.34989929199219
44.17919921875
47.9723014831543
48.167701721191406
49.570499420166016
48.97140121459961
49.29869842529297
49.28779983520508
49.17490005493164
49.15230178833008
48.59450149536133
48.73040008544922
48.34320068359375
48.623600006103516
48.50579833984375
48.13719940185547
48.79079818725586
48.9010009765625
47.3661003112793
48.607398986816406
46.97819900512695
47.1692008972168
47.76900100708008
46.830501556396484
47.676700592041016
47.6411018371582
47.3213005065918
47.55400085449219
46.606300354003906
47.245201110839844
46.70119857788086
46.73569869995117
46.27989959716797
46.35580062866211
47.9370002746582
46.97949981689453
49.890499114990234
49.959598541259766
49.818599700927734
49.98849868774414
50.18090057373047
49.60530090332031
46.023799896240234
32.307701110839844
32.37770080566406
32.08729934692383
32.176700592041016
43.96009826660156
44.15999984741211
43.602901458740234
43.760799407958984
43.38779830932617
32.55139923095703
32.25410079956055
32.47159957885742
32.45880126953125
32.06230163574219
33.86050033569336
33.20159912109375
33.705501556396484
33.70909881591797
33.44609832763672
33.49489974975586
64.45539855957031
64.73079681396484
63.9995002746582
64.2155990600586
64.54049682617188
64.8385009765625
64.74579620361328
64.3582992553711
63.621700286865234
64.84400177001953
63.828399658203125
63.8120002746582
63.15409851074219
63.30870056152344
62.89099884033203
64.09609985351562
56.84709930419922
57.34590148925781
57.64860153198242
57.0098991394043
57.26100158691406
61.55080032348633
59.53739929199219
61.726600646972656
61.537498474121094
61.44660186767578
61.39820098876953
61.12710189819336
61.21910095214844
59.83409881591797
59.8484992980957
60.616798400878906
60.849700927734375
60.219398498535156
60.4833984375
60.107398986816406
59.98400115966797
58.48820114135742
58.834999084472656
59.30910110473633
58.37220001220703
58.967498779296875
59.21630096435547
58.66350173950195
58.5077018737793
58.12110137939453
58.71590042114258
57.90999984741211
57.96659851074219
57.4375
57.562198638916016
58.25199890136719
57.50790023803711
57.78419876098633
58.15359878540039
59.25709915161133
59.457801818847656
58.95600128173828
59.660099029541016
55.310699462890625
59.76969909667969
56.07229995727539
55.20709991455078
55.647701263427734
55.71670150756836
55.58729934692383
55.7952995300293
54.88050079345703
55.317100524902344
55.22480010986328
55.601600646972656
55.406898498535156
56.39929962158203
56.16510009765625
55.15060043334961
54.95949935913086
55.94160079956055
56.66450119018555
56.159698486328125
55.96220016479492
56.58060073852539
56.30950164794922
56.6973991394043
56.529300689697266
55.39670181274414
54.58039855957031
55.691200256347656
55.57630157470703
54.19670104980469
54.00040054321289
54.49760055541992
54.299400329589844
54.6239013671875
54.46030044555664
54.37689971923828
54.73849868774414
53.8484001159668
50.86970138549805
49.61949920654297
51.14699935913086
51.03110122680664
50.221900939941406
49.722999572753906
50.5723991394043
50.104698181152344
49.91780090332031
50.40420150756836
50.19649887084961
50.42509841918945
50.51559829711914
51.75310134887695
52.37300109863281
52.046600341796875
51.92110061645508
52.14950180053711
51.98139953613281
51.238399505615234
51.24290084838867
51.60139846801758
51.40800094604492
51.7041015625
51.59590148925781
51.15909957885742
50.96039962768555
51.40729904174805
43.00709915161133
42.46649932861328
42.772098541259766
42.786598205566406
42.13309860229492
42.06549835205078
42.43230056762695
43.1260986328125
40.702598571777344
41.04759979248047
41.84989929199219
40.87839889526367
46.8672981262207
47.89440155029297
40.54999923706055
41.2140007019043
48.19329833984375
48.032501220703125
48.55860137939453
48.36199951171875
47.28229904174805
47.14099884033203
47.63119888305664
47.54249954223633
47.854698181152344
47.5182991027832
47.165000915527344
47.84339904785156
49.230201721191406
49.902801513671875
47.332698822021484
47.685001373291016
49.39820098876953
50.87710189819336
49.74209976196289
49.577999114990234
49.96540069580078
49.945098876953125
50.21179962158203
50.14690017700195
50.510398864746094
50.502899169921875
49.71950149536133
50.73500061035156
49.04600143432617
48.89509963989258
50.18840026855469
50.37269973754883
48.534000396728516
48.5349006652832
48.731300354003906
48.40739822387695
49.373600006103516
48.826499938964844
49.093101501464844
49.14759826660156
47.82040023803711
49.53089904785156
48.16899871826172
48.07830047607422
52.79990005493164
32.117401123046875
32.33190155029297
32.45280075073242
32.80149841308594
32.805301666259766
32.562801361083984
32.9463005065918
32.6703987121582
50.97669982910156
51.66809844970703
51.63169860839844
51.34709930419922
51.18069839477539
48.265899658203125
49.33539962768555
48.639198303222656
48.49399948120117
49.674598693847656
49.46329879760742
50.03609848022461
49.88460159301758
48.76599884033203
48.727699279785156
49.188499450683594
48.977699279785156
49.410400390625
49.24169921875
48.54909896850586
48.62089920043945
47.58760070800781
47.34429931640625
49.31660079956055
48.95759963989258
47.09920120239258
47.92890167236328
47.209800720214844
47.22269821166992
47.8119010925293
47.52830123901367
47.964698791503906
47.80659866333008
46.48139953613281
48.24789810180664
46.86280059814453
46.784400939941406
50.09579849243164
49.942501068115234
50.39310073852539
50.16230010986328
50.68090057373047
50.60060119628906
50.01089859008789
50.70539855957031
49.64950180053711
50.989200592041016
50.34149932861328
50.52259826660156
50.86130142211914
51.263301849365234
51.013301849365234
50.72679901123047
50.967201232910156
53.00279998779297
51.095001220703125
51.48649978637695
33.726898193359375
34.09199905395508
32.57659912109375
32.36050033569336
33.989498138427734
32.672298431396484
32.86320114135742
32.682899475097656
32.29899978637695
33.04690170288086
32.30350112915039
32.55500030517578
32.898399353027344
33.39670181274414
33.31880187988281
32.71849822998047
33.61320114135742
33.342498779296875
33.94710159301758
33.15660095214844
32.9739990234375
33.531700134277344
32.87839889526367
33.866600036621094
33.6505012512207
59.784698486328125
60.57590103149414
60.197601318359375
59.97669982910156
60.45909881591797
60.19710159301758
59.34260177612305
59.15760040283203
59.93659973144531
59.545501708984375
59.17770004272461
59.641998291015625
58.86629867553711
58.95589828491211
59.51649856567383
59.27410125732422
49.107601165771484
60.336299896240234
58.57379913330078
60.24480056762695
60.1068000793457
48.112300872802734
48.8223991394043
59.892799377441406
43.36880111694336
48.4474983215332
49.55419921875
48.58879852294922
48.42060089111328
49.936100006103516
49.72370147705078
50.28499984741211
50.124698638916016
49.08649826049805
48.78919982910156
49.367401123046875
49.12300109863281
49.5260009765625
49.33000183105469
48.58300018310547
49.01210021972656
47.36149978637695
47.214298248291016
49.733001708984375
49.1614990234375
46.777099609375
46.55289840698242
47.02080154418945
45.870399475097656
46.21609878540039
45.99140167236328
46.47650146484375
46.2963981628418
44.88359832763672
44.72439956665039
44.43479919433594
45.13349914550781
44.24129867553711
44.007301330566406
44.80009841918945
44.65959930419922
43.62810134887695
43.60430145263672
43.89120101928711
43.754798889160156
44.03350067138672
45.736698150634766
44.38999938964844
44.298500061035156
45.402801513671875
45.1151008605957
45.493900299072266
45.38090133666992
45.8577995300293
33.42290115356445
33.29359817504883
34.02320098876953
33.79399871826172
33.17449951171875
33.1265983581543
33.328800201416016
33.73419952392578
33.7244987487793
33.52289962768555
36.261600494384766
36.148399353027344
35.559600830078125
36.957401275634766
36.81330108642578
36.595298767089844
35.93220138549805
35.718101501464844
36.43360137939453
34.85850143432617
36.41350173950195
36.20209884643555
34.34830093383789
35.4473991394043
34.740299224853516
34.540199279785156
34.819698333740234
35.04930114746094
35.21620178222656
35.10430145263672
34.225399017333984
33.97560119628906
34.383201599121094
34.23759841918945
35.643798828125
35.6057014465332
34.61539840698242
34.833499908447266
35.521400451660156
36.02429962158203
35.330101013183594
35.12739944458008
35.69340133666992
35.00579833984375
35.816001892089844
36.21609878540039
51.78409957885742
51.148399353027344
50.522499084472656
50.63750076293945
51.50469970703125
50.91640090942383
50.84700012207031
51.35559844970703
51.10380172729492
51.44729995727539
51.323299407958984
45.762901306152344
45.61949920654297
50.9984016418457
42.36289978027344
44.66899871826172
44.467498779296875
45.44369888305664
44.822601318359375
44.96860122680664
45.01530075073242
45.199798583984375
45.17580032348633
44.79990005493164
44.72610092163086
32.47760009765625
32.3224983215332
32.224098205566406
32.27349853515625
32.91790008544922
32.73139953613281
32.17639923095703
33.28179931640625
33.20330047607422
33.602500915527344
33.5005989074707
33.8140983581543
33.74359893798828
33.93579864501953
33.81909942626953
34.24549865722656
34.077301025390625
33.52519989013672
34.335601806640625
32.69860076904297
32.480499267578125
34.268001556396484
32.757198333740234
33.20719909667969
33.404998779296875
32.38309860229492
33.00090026855469
55.944400787353516
33.042198181152344
32.2666015625
31.829999923706055
32.93579864501953
31.981300354003906
32.023399353027344
32.311100006103516
32.545501708984375
32.749698638916016
32.54330062866211
31.843700408935547
31.960399627685547
32.34000015258789
32.16939926147461
38.21480178833008
36.759498596191406
33.01559829711914
32.43389892578125
32.733001708984375
33.25709915161133
32.15140151977539
32.34379959106445
32.45209884643555
32.26190185546875
32.64459991455078
32.5359001159668
32.99639892578125
32.909000396728516
33.66600036621094
33.58789825439453
34.0526008605957
33.931400299072266
34.29890060424805
34.21379852294922
34.468299865722656
34.32440185546875
33.59939956665039
33.820499420166016
33.94900131225586
33.36690139770508
34.834999084472656
34.657501220703125
35.04890060424805
34.99580001831055
35.27410125732422
35.04240036010742
34.88669967651367
35.3838996887207
54.214599609375
53.304100036621094
53.069698333740234
54.09590148925781
53.92179870605469
53.626399993896484
53.542598724365234
52.97840118408203
53.77119827270508
53.12200164794922
53.38159942626953
53.214698791503906
36.5525016784668
35.777801513671875
35.01279830932617
35.30849838256836
36.25740051269531
35.48460006713867
35.46739959716797
35.86909866333008
35.65610122680664
36.19919967651367
36.0614013671875
38.093299865722656
38.006099700927734
36.06589889526367
38.35210037231445
39.59159851074219
39.387001037597656
39.09880065917969
39.84669876098633
38.834800720214844
38.76179885864258
39.496498107910156
39.3755989074707
38.17169952392578
38.62810134887695
38.51279830932617
38.41669845581055
38.768798828125
37.280799865722656
39.11949920654297
39.011199951171875
36.87419891357422
36.7052001953125
36.98820114135742
37.01279830932617
37.727901458740234
37.572200775146484
37.74769973754883
37.629398345947266
36.464900970458984
36.22420120239258
37.29930114746094
36.55110168457031
34.12630081176758
34.000999450683594
38.011600494384766
34.366798400878906
34.832801818847656
34.615699768066406
34.18830108642578
34.76250076293945
35.13959884643555
35.348201751708984
34.509300231933594
34.3931999206543
35.53670120239258
39.50490188598633
38.859798431396484
39.1255989074707
39.201698303222656
39.319400787353516
39.40769958496094
39.50400161743164
39.69660186767578
39.80739974975586
40.443599700927734
40.25080108642578
40.084800720214844
40.168399810791016
39.708499908447266
38.61800003051758
38.762699127197266
39.85559844970703
40.03810119628906
38.93709945678711
38.29859924316406
38.47439956665039
38.473899841308594
40.73720169067383
40.862300872802734
41.08089828491211
36.08580017089844
41.34469985961914
41.398101806640625
40.878700256347656
40.725799560546875
40.480098724365234
41.08509826660156
41.27349853515625
41.50299835205078
41.71149826049805
52.13759994506836
51.910099029541016
54.78730010986328
55.013099670410156
54.34199905395508
52.308998107910156
54.174598693847656
54.4989013671875
54.7057991027832
54.65019989013672
53.59769821166992
53.71549987792969
53.91130065917969
54.052799224853516
55.39540100097656
55.25189971923828
55.35060119628906
54.2755012512207
35.01300048828125
55.6619987487793
54.97959899902344
55.24829864501953
35.608001708984375
35.66080093383789
35.85770034790039
34.826499938964844
34.75189971923828
35.18669891357422
35.387699127197266
35.44599914550781
35.92879867553711
36.009700775146484
35.1077995300293
34.922000885009766
35.723899841308594
32.53150177001953
32.21049880981445
32.62329864501953
32.477699279785156
32.43880081176758
33.230499267578125
33.07640075683594
32.8568000793457
62.10070037841797
61.89250183105469
61.25120162963867
61.47159957885742
61.597900390625
61.81100082397461
60.63370132446289
60.85879898071289
60.967498779296875
62.18659973144531
59.8302001953125
59.96070098876953
60.33399963378906
60.44089889526367
59.48830032348633
36.16939926147461
35.375099182128906
38.13999938964844
35.67879867553711
35.82310104370117
35.69879913330078
35.854400634765625
38.01380157470703
36.9468994140625
37.057899475097656
37.32680130004883
37.44309997558594
37.53839874267578
37.59349822998047
37.742401123046875
36.644100189208984
36.54990005493164
36.671199798583984
37.173500061035156
36.99140167236328
36.187801361083984
36.47370147705078
41.90520095825195
40.97719955444336
41.21329879760742
41.40829849243164
41.3567008972168
41.55179977416992
41.74570083618164
41.916099548339844
41.263301849365234
40.17959976196289
42.19580078125
43.43439865112305
42.528499603271484
38.38349914550781
38.52830123901367
39.85139846801758
40.020301818847656
39.0901985168457
39.29679870605469
39.444400787353516
39.524200439453125
40.57400131225586
40.817298889160156
38.74480056762695
38.92530059814453
40.061500549316406
40.14469909667969
40.304100036621094
40.515899658203125
39.39659881591797
39.58660125732422
39.70069885253906
40.959999084472656
37.794898986816406
38.17599868774414
38.122398376464844
38.35150146484375
38.622100830078125
44.38679885864258
44.506500244140625
42.99760055541992
43.426700592041016
43.37879943847656
43.606998443603516
44.1869010925293
43.89039993286133
43.993900299072266
43.198299407958984
43.223899841308594
47.32889938354492
43.597599029541016
43.792598724365234
43.95759963989258
50.40810012817383
50.51210021972656
50.731201171875
49.18259811401367
49.46480178833008
49.42599868774414
49.558101654052734
49.80419921875
50.130001068115234
50.08409881591797
50.19879913330078
49.3484001159668
48.3473014831543
48.53689956665039
49.722999572753906
49.97679901123047
48.64070129394531
48.809600830078125
49.003700256347656
48.245399475097656
48.02830123901367
48.51940155029297
48.5432014465332
48.41569900512695
47.56949996948242
47.5525016784668
47.66310119628906
47.82619857788086
47.7156982421875
47.81560134887695
48.1083984375
48.174598693847656
45.11539840698242
48.78580093383789
49.05799865722656
49.13059997558594
45.24409866333008
45.437599182128906
45.612998962402344
45.72359848022461
46.68439865112305
46.68600082397461
46.96659851074219
47.1422004699707
45.63479995727539
45.92290115356445
46.01539993286133
46.56019973754883
46.298500061035156
46.41279983520508
45.72370147705078
45.788299560546875
44.80039978027344
44.985198974609375
46.013301849365234
46.23189926147461
44.3489990234375
44.552101135253906
44.60350036621094
44.624000549316406
44.80739974975586
44.959598541259766
45.16270065307617
45.21149826049805
47.10350036621094
47.29349899291992
45.41510009765625
44.20830154418945
47.55339813232422
46.926300048828125
47.449100494384766
58.784698486328125
37.27989959716797
37.43109893798828
37.57429885864258
37.60710144042969
37.82120132446289
37.905601501464844
37.47159957885742
37.07310104370117
56.83639907836914
35.69169998168945
36.96039962768555
37.60369873046875
56.420101165771484
56.53340148925781
57.135398864746094
56.91669845581055
55.82310104370117
55.97700119018555
56.105899810791016
57.24250030517578
37.80400085449219
39.180999755859375
38.48680114746094
37.49909973144531
37.59080123901367
38.82210159301758
38.76279830932617
38.8744010925293
39.11429977416992
37.93090057373047
38.09489822387695
38.310298919677734
38.71220016479492
38.47600173950195
37.83089828491211
37.91780090332031
37.76089859008789
43.08060073852539
44.12139892578125
38.16960144042969
38.41239929199219
43.35919952392578
43.49660110473633
43.74829864501953
43.95560073852539
41.45800018310547
41.57849884033203
41.78300094604492
43.399898529052734
42.38249969482422
42.402099609375
42.691200256347656
42.8916015625
42.679500579833984
43.28799819946289
42.89979934692383
43.129398345947266
42.0536994934082
42.03200149536133
42.143798828125
42.639198303222656
42.29819869995117
42.35029983520508
41.8390007019043
41.612701416015625
44.73550033569336
44.95560073852539
41.938899993896484
42.014198303222656
45.04280090332031
44.25360107421875
44.48590087890625
44.497398376464844
44.66889953613281
44.74789810180664
45.31039810180664
45.077701568603516
43.71770095825195
44.087799072265625
44.13330078125
43.989601135253906
43.40629959106445
45.45240020751953
44.400299072265625
43.60540008544922
40.714599609375
40.93429946899414
41.12950134277344
41.266998291015625
39.766700744628906
39.69110107421875
39.8317985534668
40.105098724365234
40.352699279785156
40.38850021362305
40.49570083618164
40.621700286865234
41.430301666259766
41.31639862060547
39.95000076293945
40.05009841918945
41.68619918823242
40.98970031738281
41.077301025390625
41.40079879760742
39.280399322509766
39.50149917602539
39.62070083618164
40.75379943847656
39.78620147705078
39.099300384521484
57.8671989440918
58.079498291015625
58.239498138427734
56.53150177001953
56.755401611328125
56.806400299072266
56.962398529052734
57.204200744628906
57.52669906616211
57.49290084838867
57.638301849365234
56.9098014831543
57.12969970703125
57.350101470947266
54.60860061645508
53.785499572753906
54.014198303222656
53.581298828125
55.6525993347168
54.207298278808594
54.26169967651367
54.32059860229492
54.64250183105469
54.65190124511719
54.78739929199219
54.99530029296875
55.223899841308594
55.21160125732422
55.448001861572266
54.40439987182617
55.086299896240234
54.900001525878906
40.369300842285156
40.674198150634766
39.17340087890625
39.31399917602539
39.590599060058594
40.30099868774414
40.047298431396484
40.18130111694336
39.1254997253418
39.27470016479492
41.261600494384766
39.57109832763672
39.874298095703125
39.93479919433594
40.64059829711914
40.879600524902344
40.945701599121094
41.01350021362305
38.83549880981445
40.319801330566406
41.38719940185547
40.532100677490234
38.52299880981445
38.72930145263672
52.314998626708984
51.01169967651367
53.220001220703125
53.48740005493164
53.87160110473633
53.82929992675781
53.78670120239258
54.04410171508789
54.19820022583008
53.66999816894531
52.94409942626953
53.12860107421875
52.96849822998047
52.75149917602539
52.855499267578125
52.95709991455078
53.03919982910156
52.59280014038086
50.5906982421875
51.00360107421875
51.227298736572266
52.777000427246094
51.95330047607422
50.805599212646484
50.81100082397461
50.44409942626953
52.444801330566406
51.56050109863281
51.73469924926758
51.72119903564453
51.96030044555664
52.21099853515625
52.204498291015625
48.784000396728516
48.9380989074707
50.66310119628906
48.015899658203125
48.274600982666016
48.56629943847656
51.99449920654297
52.33689880371094
52.301300048828125
52.77320098876953
51.0192985534668
51.181400299072266
51.47650146484375
51.567298889160156
51.25299835205078
51.989898681640625
51.713600158691406
51.006900787353516
49.29499816894531
49.567901611328125
49.79990005493164
51.52790069580078
49.97990036010742
50.257598876953125
50.33089828491211
49.070098876953125
48.752899169921875
49.74810028076172
49.789798736572266
49.5906982421875
48.38520050048828
48.470699310302734
48.916099548339844
48.90359878540039
50.16709899902344
50.70249938964844
50.42689895629883
49.257198333740234
50.562198638916016
51.07160186767578
50.798301696777344
50.37689971923828
50.38840103149414
50.62409973144531
50.56480026245117
53.8494987487793
53.960601806640625
53.15629959106445
52.57080078125
52.66419982910156
53.34809875488281
52.97880172729492
51.68899917602539
52.070499420166016
52.174198150634766
53.51459884643555
52.07350158691406
52.088401794433594
51.700199127197266
51.77180099487305
34.10390090942383
34.34410095214844
34.808101654052734
34.18769836425781
33.76900100708008
33.97079849243164
34.49100112915039
34.63370132446289
34.963199615478516
34.808101654052734
35.48080062866211
35.60340118408203
35.609901428222656
35.95320129394531
36.42610168457031
36.307498931884766
36.44660186767578
35.41299819946289
33.64070129394531
35.21269989013672
35.96979904174805
36.2692985534668
36.75270080566406
31.95170021057129
32.0525016784668
32.324501037597656
32.60110092163086
32.6859016418457
31.965499877929688
33.39649963378906
32.20589828491211
32.3297004699707
33.89099884033203
33.85599899291992
34.177398681640625
33.29079818725586
35.38690185546875
35.5265998840332
35.07509994506836
33.687599182128906
34.449798583984375
34.4833984375
34.718299865722656
34.94200134277344
35.21220016479492
35.070499420166016
34.09090042114258
34.36199951171875
34.812801361083984
35.140201568603516
57.7056999206543
56.99420166015625
57.3567008972168
57.17250061035156
57.282100677490234
57.60649871826172
56.54719924926758
56.71969985961914
56.67729949951172
57.1952018737793
56.93960189819336
56.31660079956055
56.586299896240234
57.54840087890625
51.27299880981445
50.68560028076172
50.889801025390625
50.862300872802734
51.01599884033203
51.012298583984375
50.24470138549805
50.36880111694336
50.31629943847656
50.46080017089844
51.64789962768555
50.62310028076172
49.922000885009766
50.02000045776367
51.296600341796875
51.50090026855469
51.65510177612305
51.55569839477539
49.70800018310547
51.86349868774414
61.293399810791016
61.46500015258789
61.7495002746582
61.91469955444336
60.60070037841797
60.86109924316406
60.98040008544922
60.088600158691406
58.031700134277344
60.26110076904297
60.21950149536133
60.404598236083984
55.527400970458984
56.233699798583984
57.66790008544922
57.87409973144531
55.10309982299805
55.07550048828125
55.20240020751953
55.36989974975586
55.64030075073242
55.83539962768555
55.90399932861328
56.06159973144531
56.50310134887695
56.68709945678711
56.94609832763672
55.483001708984375
57.23680114746094
57.2244987487793
57.38970184326172
56.536800384521484
56.1885986328125
56.718101501464844
56.854698181152344
57.09280014038086
59.42430114746094
58.72669982910156
56.48889923095703
56.394500732421875
58.54650115966797
58.83660125732422
59.064998626708984
59.18109893798828
57.89500045776367
58.033199310302734
58.12699890136719
58.33290100097656
58.8651008605957
58.46649932861328
58.67509841918945
57.96969985961914
59.55970001220703
59.766300201416016
59.94020080566406
58.23440170288086
60.031898498535156
59.19110107421875
59.32600021362305
59.577301025390625
57.53369903564453
58.958099365234375
34.504398345947266
33.71969985961914
40.195701599121094
33.96649932861328
34.195899963378906
34.39690017700195
32.5880012512207
32.95909881591797
32.05950164794922
32.301300048828125
32.49150085449219
32.435699462890625
32.680198669433594
32.772701263427734
32.740501403808594
33.42839813232422
32.3291015625
32.1432991027832
31.9335994720459
33.09339904785156
33.25270080566406
33.56079864501953
33.39509963989258
34.03200149536133
33.805198669433594
40.79570007324219
38.50199890136719
42.219600677490234
42.414798736572266
42.805999755859375
41.95330047607422
41.259498596191406
41.625099182128906
41.82720184326172
42.35810089111328
42.05820083618164
41.877498626708984
40.95069885253906
41.21369934082031
39.64789962768555
41.419700622558594
41.537899017333984
41.967098236083984
40.06719970703125
40.102901458740234
40.46139907836914
40.56850051879883
38.89500045776367
39.27040100097656
39.37080001831055
39.806800842285156
39.62120056152344
38.74639892578125
39.043399810791016
38.862701416015625
40.757999420166016
39.317901611328125
39.89229965209961
39.63290023803711
40.2775993347168
40.386600494384766
41.05929946899414
40.79710006713867
40.043701171875
41.204200744628906
35.395301818847656
32.3489990234375
32.47209930419922
32.964599609375
32.86669921875
33.10540008544922
33.92380142211914
33.37950134277344
33.603599548339844
33.80459976196289
32.708900451660156
33.20429992675781
33.37839889526367
53.319698333740234
53.23939895629883
53.125301361083984
53.57339859008789
55.126399993896484
56.02090072631836
56.16130065917969
55.77330017089844
55.68050003051758
55.47710037231445
56.607398986816406
56.388099670410156
56.346500396728516
56.1505012512207
55.83470153808594
55.618900299072266
54.164798736572266
54.9015007019043
55.519901275634766
55.32350158691406
55.264801025390625
55.93899917602539
54.2494010925293
53.93170166015625
53.95100021362305
53.8047981262207
54.7056999206543
54.6244010925293
54.54079818725586
54.44459915161133
54.87329864501953
54.7056999206543
53.653499603271484
53.467498779296875
54.09090042114258
54.987701416015625
59.167999267578125
60.2495002746582
59.39149856567383
59.242000579833984
60.12950134277344
60.01070022583008
60.04899978637695
59.854000091552734
59.665199279785156
59.488800048828125
58.53049850463867
58.36119842529297
58.4015007019043
58.25529861450195
59.74150085449219
58.10110092163086
58.940799713134766
58.81489944458008
57.36790084838867
58.03329849243164
59.0640983581543
58.95859909057617
57.81129837036133
57.7411994934082
57.59239959716797
57.65660095214844
58.6505012512207
59.5817985534668
62.12900161743164
61.974300384521484
61.2036018371582
61.06850051879883
61.75640106201172
61.6702995300293
59.8765983581543
59.80500030517578
61.66859817504883
61.525901794433594
60.21149826049805
60.12049865722656
60.23270034790039
60.114601135253906
61.30500030517578
61.213199615478516
60.70280075073242
60.58470153808594
58.516300201416016
57.81560134887695
57.57040023803711
57.380401611328125
60.85879898071289
60.75429916381836
60.43870162963867
57.068599700927734
58.17390060424805
57.695499420166016
57.57830047607422
56.368099212646484
57.18989944458008
58.250099182128906
58.0900993347168
58.06930160522461
56.71200180053711
56.5077018737793
56.28010177612305
56.127601623535156
56.165401458740234
55.93009948730469
55.899600982666016
56.88410186767578
55.24140167236328
55.89929962158203
56.995201110839844
56.816898345947266
56.45759963989258
55.66619873046875
55.65950012207031
55.424598693847656
59.20399856567383
58.966800689697266
58.81890106201172
58.744998931884766
57.18389892578125
56.59489822387695
57.299400329589844
59.342098236083984
59.09550094604492
58.38759994506836
59.80179977416992
58.86970138549805
59.339298248291016
59.5098991394043
59.51599884033203
52.04199981689453
52.017601013183594
52.72949981689453
52.527000427246094
51.67190170288086
52.45650100708008
52.27539825439453
52.3468017578125
62.6327018737793
62.536800384521484
63.94969940185547
63.4995002746582
63.225799560546875
63.002498626708984
63.85300064086914
63.771400451660156
63.73820114135742
62.74089813232422
63.60129928588867
63.15169906616211
63.245399475097656
63.485801696777344
62.84339904785156
51.37300109863281
51.28099822998047
52.38570022583008
52.1864013671875
52.543701171875
51.77619934082031
51.46120071411133
52.890499114990234
52.6692008972168
53.641300201416016
53.42290115356445
51.94409942626953
51.701900482177734
51.50149917602539
51.94350051879883
52.160499572753906
52.327598571777344
52.87260055541992
52.89289855957031
53.16910171508789
53.17110061645508
52.367000579833984
52.62200164794922
62.09700012207031
52.63970184326172
52.48970031738281
62.54309844970703
62.24409866333008
64.45439910888672
63.70280075073242
63.39970016479492
63.418701171875
63.530601501464844
63.77370071411133
62.97420120239258
63.26279830932617
64.17569732666016
64.05259704589844
63.80929946899414
63.062599182128906
62.920501708984375
62.54800033569336
62.389801025390625
62.80270004272461
62.76729965209961
62.2848014831543
62.36119842529297
64.08190155029297
63.870399475097656
56.494598388671875
49.58219909667969
45.61289978027344
47.279300689697266
47.054298400878906
46.81439971923828
46.984100341796875
47.46080017089844
46.650901794433594
46.45240020751953
47.74689865112305
47.715301513671875
47.43989944458008
47.22990036010742
46.79209899902344
44.745399475097656
44.56380081176758
44.29330062866211
46.23699951171875
46.032100677490234
45.884300231933594
45.77880096435547
44.86309814453125
44.68149948120117
44.57109832763672
43.837398529052734
44.067100524902344
45.3036003112793
45.35430145263672
45.077999114990234
44.31529998779297
45.55839920043945
47.96879959106445
47.840301513671875
44.02090072631836
43.932498931884766
43.48529815673828
43.356201171875
47.607398986816406
48.59519958496094
48.95199966430664
49.087501525878906
48.344600677490234
48.08399963378906
49.09749984741211
48.925498962402344
48.43560028076172
48.01210021972656
47.884300231933594
47.78409957885742
47.750099182128906
47.470699310302734
48.52259826660156
51.28820037841797
51.05699920654297
50.204200744628906
49.67169952392578
49.316001892089844
33.8661994934082
33.694400787353516
34.43280029296875
34.686100006103516
32.3651008605957
34.13249969482422
34.160499572753906
33.86429977416992
34.94449996948242
42.9452018737793
42.80580139160156
42.65919876098633
43.28950119018555
43.866600036621094
43.72420120239258
43.53559875488281
41.6963005065918
43.09299850463867
42.36800003051758
42.315399169921875
42.101600646972656
43.274200439453125
43.065101623535156
42.8650016784668
42.88460159301758
42.52629852294922
42.30220031738281
44.52090072631836
45.2849006652832
41.99800109863281
42.068599700927734
41.922000885009766
42.5984992980957
44.7052001953125
44.252601623535156
44.21110153198242
44.000701904296875
45.077598571777344
44.90399932861328
44.7942008972168
44.82160186767578
44.39830017089844
44.16469955444336
45.428199768066406
45.36800003051758
43.78099822998047
43.822601318359375
44.03229904174805
44.476200103759766
48.385799407958984
48.994998931884766
48.78450012207031
48.644100189208984
45.07809829711914
43.505401611328125
43.420799255371094
43.21739959716797
47.67599868774414
47.68439865112305
48.24959945678711
48.29410171508789
48.66429901123047
48.10139846801758
48.03179931640625
47.79880142211914
49.306400299072266
49.229400634765625
48.98619842529297
48.787200927734375
48.5078010559082
47.96649932861328
47.871498107910156
49.36759948730469
49.28919982910156
48.630699157714844
47.374900817871094
47.185298919677734
49.177101135253906
49.58760070800781
49.41849899291992
49.78730010986328
47.549400329589844
46.985599517822266
47.66790008544922
49.933799743652344
32.535099029541016
32.43519973754883
32.36389923095703
32.905399322509766
32.687599182128906
32.54520034790039
32.210201263427734
32.12329864501953
33.041500091552734
33.22650146484375
33.626800537109375
33.45249938964844
32.768798828125
33.28580093383789
33.31589889526367
33.140899658203125
34.51279830932617
33.85110092163086
33.36289978027344
34.100399017333984
34.28580093383789
55.5275993347168
56.480098724365234
57.099098205566406
56.937198638916016
55.99369812011719
55.85210037231445
55.75849914550781
55.602699279785156
56.75320053100586
56.57099914550781
56.33729934692383
56.15530014038086
53.91640090942383
53.69219970703125
53.59109878540039
51.35639953613281
56.43980026245117
56.246299743652344
56.62160110473633
56.07529830932617
52.96580123901367
52.702598571777344
52.614898681640625
53.43320083618164
52.00379943847656
51.804100036621094
51.63570022583008
51.4718017578125
52.78419876098633
52.37839889526367
52.2504997253418
52.25519943237305
53.297298431396484
53.222801208496094
53.05699920654297
52.87110137939453
52.37889862060547
52.21200180053711
54.569801330566406
55.26620101928711
51.96839904785156
51.7859001159668
52.11800003051758
52.489498138427734
54.64619827270508
54.402198791503906
54.23440170288086
54.13990020751953
55.17620086669922
55.052398681640625
54.9474983215332
54.847900390625
55.426300048828125
53.51539993286133
53.995201110839844
53.839298248291016
53.734798431396484
54.47880172729492
33.063499450683594
32.79439926147461
32.631900787353516
33.3046989440918
32.978599548339844
33.03310012817383
32.76530075073242
57.07609939575195
56.930999755859375
56.99509811401367
56.7755012512207
57.43629837036133
57.15010070800781
43.88629913330078
43.709800720214844
44.4995002746582
44.441898345947266
44.774200439453125
42.599300384521484
44.035499572753906
43.513301849365234
43.27949905395508
43.20560073852539
43.0359001159668
44.30730056762695
44.16569900512695
44.01639938354492
43.9385986328125
48.924400329589844
48.66569900512695
48.53839874267578
47.8025016784668
42.90589904785156
42.86320114135742
43.612098693847656
47.06629943847656
48.287200927734375
48.154598236083984
48.21200180053711
48.027801513671875
47.42020034790039
47.418701171875
47.273101806640625
47.27000045776367
47.73469924926758
58.60150146484375
57.4109001159668
58.400699615478516
58.25019836425781
61.8125
60.55950164794922
60.29610061645508
60.150699615478516
59.13249969482422
58.894901275634766
58.696800231933594
59.859901428222656
57.94660186767578
57.72829818725586
57.522300720214844
59.394500732421875
59.270999908447266
58.38399887084961
58.62919998168945
57.93040084838867
59.686500549316406
59.66849899291992
59.06760025024414
59.22200012207031
58.23460006713867
54.43109893798828
55.165401458740234
54.9452018737793
58.17490005493164
58.81159973144531
58.730098724365234
58.33879852294922
56.47919845581055
56.27170181274414
56.047401428222656
55.722999572753906
54.781700134277344
54.590599060058594
55.91320037841797
56.660099029541016
55.10860061645508
55.810001373291016
55.85749816894531
55.39390182495117
55.544898986816406
55.32820129394531
55.16669845581055
55.057098388671875
53.42409896850586
53.581298828125
53.600399017333984
54.17959976196289
55.634300231933594
54.19620132446289
54.01620101928711
53.81840133666992
54.69340133666992
57.2322998046875
57.015899658203125
56.78329849243164
54.34669876098633
54.35609817504883
53.91669845581055
53.16859817504883
56.94240188598633
56.80939865112305
56.89580154418945
56.116600036621094
56.552101135253906
56.602699279785156
57.29029846191406
57.34400177001953
57.44580078125
57.61640167236328
57.63050079345703
57.19860076904297
55.93360137939453
56.33980178833008
55.758201599121094
56.5004997253418
57.90570068359375
41.815399169921875
41.55870056152344
38.92839813232422
39.76219940185547
42.0161018371582
40.89799880981445
40.66669845581055
40.41790008544922
41.435699462890625
39.45930099487305
39.23809814453125
39.34579849243164
39.22560119628906
40.749900817871094
40.184200286865234
40.26060104370117
40.09870147705078
41.28739929199219
41.160701751708984
41.15679931640625
40.832698822021484
32.332801818847656
32.22710037231445
39.894100189208984
39.69810104370117
40.46989822387695
53.481300354003906
54.137699127197266
53.16490173339844
53.32939910888672
55.44839859008789
53.383201599121094
53.30830001831055
54.788700103759766
53.601600646972656
53.9901008605957
52.96609878540039
53.70479965209961
53.77149963378906
55.09980010986328
55.01359939575195
54.74800109863281
54.969398498535156
54.45650100708008
54.65340042114258
55.22060012817383
54.24570083618164
54.400001525878906
53.722801208496094
51.01390075683594
51.19089889526367
54.10969924926758
54.63140106201172
54.29880142211914
53.909000396728516
50.97200012207031
50.74869918823242
50.72520065307617
50.57350158691406
51.70109939575195
51.85639953613281
51.45690155029297
51.47869873046875
51.99190139770508
52.19490051269531
51.7952995300293
51.9025993347168
51.127201080322266
51.00579833984375
50.826499938964844
51.349098205566406
52.3385009765625
52.12889862060547
52.74449920654297
51.530399322509766
52.52429962158203
51.836700439453125
52.409400939941406
52.47159957885742
46.66579818725586
45.83340072631836
46.25870132446289
46.44110107421875
52.954498291015625
52.57619857788086
53.099098205566406
52.44329833984375
45.01369857788086
45.287899017333984
45.69810104370117
45.237998962402344
46.13970184326172
46.141300201416016
45.513301849365234
45.54499816894531
46.821998596191406
46.701499938964844
46.46979904174805
46.821998596191406
45.940399169921875
45.715999603271484
45.356201171875
45.4453010559082
44.98550033569336
44.58580017089844
45.120399475097656
44.456600189208984
47.10599899291992
46.399898529052734
44.78120040893555
46.09590148925781
50.857398986816406
51.43790054321289
51.5786018371582
50.42390060424805
50.607398986816406
50.826698303222656
50.157501220703125
51.02840042114258
51.25400161743164
50.4906005859375
50.567100524902344
53.19770050048828
53.22129821777344
51.69419860839844
51.881500244140625
52.58649826049805
51.053001403808594
52.79750061035156
52.8739013671875
52.17639923095703
52.195499420166016
52.05799865722656
51.86650085449219
51.590999603271484
51.60609817504883
52.4296989440918
51.35540008544922
52.84410095214844
52.23139953613281
49.0625
53.05649948120117
52.62379837036133
51.195899963378906
52.56529998779297
52.50429916381836
53.89970016479492
54.59450149536133
53.482601165771484
53.57170104980469
49.267799377441406
48.88779830932617
49.45209884643555
48.73149871826172
53.86479949951172
54.213199615478516
55.26029968261719
54.06290054321289
53.464698791503906
53.610801696777344
54.214698791503906
54.371700286865234
55.40330123901367
55.61920166015625
55.020999908447266
55.18510055541992
54.89849853515625
54.982200622558594
55.79650115966797
54.84489822387695
54.85340118408203
54.17530059814453
55.965301513671875
53.21120071411133
54.51919937133789
55.383399963378906
54.73059844970703
54.32529830932617
55.899200439453125
55.81669998168945
56.17660140991211
55.5281982421875
52.7958984375
54.41080093383789
53.8474006652832
54.80830001831055
54.6442985534668
54.1442985534668
54.22719955444336
54.0791015625
54.24470138549805
53.002498626708984
42.096099853515625
42.34600067138672
41.940799713134766
41.97090148925781
41.75960159301758
42.523101806640625
41.43550109863281
41.548301696777344
43.707401275634766
44.793701171875
44.38169860839844
44.42509841918945
41.56119918823242
41.810001373291016
45.00320053100586
45.15119934082031
45.54629898071289
45.61410140991211
45.20069885253906
45.29090118408203
44.0369987487793
44.17580032348633
43.86349868774414
43.98789978027344
44.697601318359375
45.52170181274414
44.32619857788086
44.59469985961914
45.39310073852539
44.95069885253906
45.712501525878906
45.839298248291016
42.775699615478516
42.71929931640625
43.55030059814453
43.61819839477539
43.24850082397461
43.46220016479492
42.969600677490234
42.975799560546875
48.75400161743164
49.036800384521484
49.812400817871094
48.635101318359375
42.50339889526367
43.21630096435547
42.1515007019043
42.38460159301758
49.31330108642578
49.53369903564453
49.020301818847656
49.40639877319336
50.40909957885742
50.57229995727539
49.96730041503906
50.19929885864258
49.38639831542969
49.527400970458984
47.70090103149414
47.91709899902344
49.26530075073242
48.76620101928711
49.78390121459961
49.88349914550781
48.21879959106445
48.356201171875
47.81999969482422
48.140899658203125
47.382198333740234
47.53219985961914
48.479400634765625
47.188899993896484
50.31660079956055
50.50310134887695
51.330501556396484
50.73590087890625
48.610599517822266
47.0359992980957
50.71269989013672
50.95439910888672
51.67430114746094
50.159400939941406
52.0625
51.88719940185547
51.39950180053711
51.24679946899414
50.923099517822266
51.20220184326172
32.83420181274414
32.95209884643555
32.66080093383789
33.196800231933594
33.02619934082031
32.859798431396484
33.3838005065918
33.60300064086914
33.176998138427734
33.43619918823242
34.316200256347656
33.676700592041016
34.632301330566406
34.50120162963867
34.06460189819336
34.05390167236328
33.825199127197266
33.84640121459961
37.42729949951172
37.53030014038086
37.34769821166992
37.529998779296875
38.576499938964844
38.68230056762695
37.74810028076172
38.367698669433594
39.18199920654297
37.77669906616211
38.81159973144531
38.98040008544922
38.01359939575195
38.07379913330078
37.95209884643555
38.194801330566406
39.531898498535156
39.180301666259766
38.41230010986328
39.04949951171875
38.67020034790039
38.61830139160156
39.369300842285156
38.882198333740234
56.084598541259766
56.12919998168945
55.89759826660156
55.86989974975586
39.66680145263672
37.1432991027832
56.4109001159668
55.727298736572266
57.79439926147461
57.930999755859375
57.502498626708984
57.687801361083984
57.143699645996094
57.427398681640625
56.91450119018555
57.044700622558594
55.555301666259766
56.2953987121582
55.150001525878906
55.34450149536133
56.810298919677734
57.297401428222656
56.500099182128906
56.71369934082031
55.311798095703125
55.532501220703125
54.66569900512695
54.99729919433594
54.89540100097656
55.64860153198242
55.21260070800781
41.74470138549805
41.83919906616211
40.63869857788086
41.51959991455078
40.80799865722656
40.13029861450195
40.46580123901367
40.7307014465332
40.24679946899414
40.40840148925781
40.19670104980469
40.06769943237305
37.067298889160156
37.76139831542969
36.716400146484375
36.925899505615234
39.75790023803711
39.78609848022461
39.37820053100586
39.438499450683594
37.270198822021484
37.04029846191406
38.383201599121094
38.604400634765625
37.46670150756836
37.48640060424805
37.03850173950195
37.23569869995117
38.742401123046875
38.71799850463867
38.43659973144531
38.97529983520508
38.07419967651367
38.188899993896484
38.017601013183594
38.1255989074707
36.43980026245117
36.38359832763672
36.06679916381836
36.05939865112305
37.72159957885742
37.77880096435547
36.50189971923828
37.44390106201172
39.14889907836914
35.79819869995117
51.40489959716797
52.156898498535156
36.765098571777344
36.29410171508789
36.459999084472656
36.702701568603516
51.5900993347168
51.82109832763672
51.162200927734375
51.35660171508789
51.04570007324219
51.103599548339844
52.00830078125
50.96780014038086
52.77629852294922
53.017398834228516
52.19710159301758
52.769500732421875
52.46760177612305
51.59239959716797
53.17839813232422
52.37350082397461
50.687801361083984
52.67660140991211
51.020999908447266
50.904300689697266
52.127601623535156
52.046600341796875
52.48080062866211
51.75519943237305
53.79819869995117
53.304100036621094
53.44710159301758
53.741798400878906
53.370601654052734
53.44960021972656
52.94049835205078
53.07979965209961
53.64870071411133
52.89720153808594
52.30540084838867
50.75090026855469
52.74440002441406
52.7328987121582
52.54059982299805
52.54610061645508
48.466800689697266
47.51300048828125
48.15169906616211
48.232200622558594
47.33729934692383
54.6963005065918
54.83440017700195
54.9557991027832
54.54520034790039
54.624900817871094
54.36009979248047
54.45389938354492
54.92129898071289
55.06809997558594
52.47589874267578
52.63589859008789
53.07600021362305
53.2484016418457
53.56560134887695
53.753501892089844
52.77870178222656
53.38610076904297
54.09090042114258
54.11399841308594
53.891998291015625
53.889801025390625
52.84299850463867
52.99610137939453
52.59170150756836
52.70029830932617
56.85499954223633
56.24380111694336
56.5098991394043
56.672298431396484
53.5723991394043
53.66579818725586
53.33449935913086
54.25740051269531
57.2401008605957
56.34339904785156
56.65409851074219
57.12910079956055
57.087799072265625
56.77080154418945
56.99480056762695
55.7421989440918
55.699100494384766
55.47650146484375
55.54169845581055
55.89080047607422
56.08639907836914
56.46260070800781
55.199798583984375
56.00199890136719
56.19559860229492
55.8494987487793
56.379600524902344
32.12649917602539
32.05939865112305
39.769100189208984
39.98789978027344
40.87139892578125
39.897499084472656
40.270599365234375
39.56719970703125
40.121700286865234
39.78450012207031
39.31999969482422
40.581298828125
40.662899017333984
40.23500061035156
40.389801025390625
39.919498443603516
39.17850112915039
40.995201110839844
55.320098876953125
41.48619842529297
40.88240051269531
39.67430114746094
39.86989974975586
40.71099853515625
39.490501403808594
42.70220184326172
42.080501556396484
41.777198791503906
41.887901306152344
41.57609939575195
41.90250015258789
42.45610046386719
42.45930099487305
42.281700134277344
42.29790115356445
42.87480163574219
42.88949966430664
43.31919860839844
42.698699951171875
42.08810043334961
42.98910140991211
43.19070053100586
40.156700134277344
39.41130065917969
39.8838005065918
40.06019973754883
39.522499084472656
39.22700119018555
38.27000045776367
38.403499603271484
39.13370132446289
38.11880111694336
39.662899017333984
39.79069900512695
38.41699981689453
38.589698791503906
39.34669876098633
38.03340148925781
39.048301696777344
39.25270080566406
38.75640106201172
38.95880126953125
38.83729934692383
38.65719985961914
35.94340133666992
36.0629997253418
35.783199310302734
35.847599029541016
39.575199127197266
38.954200744628906
36.151100158691406
36.20349884033203
41.15230178833008
41.40639877319336
40.98929977416992
41.108299255371094
35.566200256347656
36.44860076904297
40.78329849243164
40.816001892089844
40.21329879760742
41.771400451660156
41.0005989074707
40.59000015258789
40.61220169067383
40.38560104370117
40.40739822387695
42.018001556396484
41.327701568603516
41.1265983581543
41.626399993896484
41.73830032348633
41.40660095214844
41.614498138427734
33.25559997558594
36.063899993896484
32.37950134277344
32.61600112915039
33.78409957885742
33.872501373291016
33.41999816894531
33.60660171508789
32.1171989440918
32.48720169067383
32.349300384521484
32.24440002441406
33.2307014465332
32.908599853515625
33.50379943847656
33.302398681640625
32.9922981262207
33.02909851074219
32.7234992980957
32.86309814453125
33.945098876953125
34.02859878540039
34.6869010925293
33.743099212646484
34.82229995727539
33.03820037841797
34.06439971923828
34.178199768066406
35.25550079345703
35.455299377441406
35.17399978637695
35.0797004699707
34.48429870605469
34.6697998046875
34.29869842529297
34.44729995727539
35.402400970458984
35.4838981628418
35.0880012512207
34.897300720214844
35.77510070800781
35.95790100097656
35.69779968261719
35.61259841918945
36.410099029541016
36.58380126953125
36.3031005859375
36.24760055541992
33.64939880371094
35.209800720214844
36.67789840698242
37.29309844970703
37.62419891357422
36.71329879760742
38.222900390625
37.531700134277344
37.118099212646484
37.15079879760742
36.889198303222656
36.94540023803711
37.535499572753906
37.35020065307617
37.656700134277344
37.864601135253906
37.9556999206543
37.83660125732422
38.03730010986328
50.80270004272461
49.911598205566406
50.305198669433594
50.595699310302734
50.477699279785156
50.136199951171875
50.33869934082031
51.199100494384766
51.645301818847656
51.23759841918945
51.12310028076172
50.45690155029297
50.48889923095703
51.838401794433594
51.475399017333984
52.343101501464844
52.49259948730469
52.10060119628906
52.111698150634766
50.815101623535156
51.065799713134766
51.64360046386719
51.4213981628418
51.822200775146484
52.29199981689453
52.13629913330078
51.98609924316406
52.71269989013672
52.79359817504883
52.522300720214844
52.52399826049805
49.43370056152344
49.6068000793457
49.011199951171875
49.23249816894531
48.74480056762695
49.04560089111328
48.60459899902344
48.695899963378906
47.97169876098633
48.55730056762695
49.609798431396484
48.682098388671875
49.233001708984375
48.82059860229492
48.09880065917969
48.32279968261719
53.829200744628906
53.47890090942383
55.14459991455078
53.61840057373047
49.92179870605469
49.68629837036133
50.080101013183594
49.392799377441406
54.848201751708984
54.0432014465332
54.72050094604492
54.78049850463867
54.15589904785156
54.48109817504883
53.97200012207031
54.14149856567383
52.7869987487793
53.0797004699707
53.41939926147461
52.98360061645508
54.64649963378906
54.459800720214844
53.088199615478516
53.317100524902344
55.64039993286133
55.831199645996094
55.39459991455078
55.41590118408203
53.63119888305664
53.24480056762695
53.7848014831543
53.097599029541016
55.6599006652832
55.76150131225586
54.87590026855469
55.05649948120117
56.20800018310547
56.26649856567383
56.008399963378906
55.98419952392578
54.742000579833984
55.278499603271484
56.42210006713867
55.40129852294922
43.0713996887207
43.09830093383789
42.628501892089844
42.722801208496094
48.81650161743164
43.3651008605957
43.27450180053711
42.35490036010742
43.52579879760742
47.1781005859375
50.95349884033203
50.337100982666016
50.14120101928711
50.50709915161133
50.623600006103516
50.338401794433594
50.714698791503906
50.55289840698242
50.205299377441406
50.01490020751953
51.75790023803711
51.87919998168945
51.130001068115234
51.95240020751953
51.31869888305664
51.12969970703125
51.54199981689453
51.46440124511719
49.67850112915039
49.74489974975586
50.60089874267578
49.80120086669922
50.88349914550781
50.77450180053711
51.73360061645508
51.53450012207031
49.981300354003906
52.12260055541992
49.59749984741211
49.34550094604492
35.90810012817383
38.71369934082031
38.60110092163086
39.01499938964844
38.82310104370117
39.2593994140625
39.15629959106445
39.51210021972656
38.4452018737793
36.604801177978516
36.36429977416992
37.351898193359375
36.83089828491211
37.43840026855469
37.241798400878906
36.9640007019043
37.71099853515625
36.62220001220703
38.14979934692383
36.804100036621094
37.24549865722656
36.21799850463867
37.046199798583984
36.40850067138672
36.16659927368164
37.3843994140625
33.993099212646484
37.58470153808594
38.43830108642578
37.85319900512695
37.690101623535156
38.194801330566406
38.04280090332031
33.725399017333984
33.91429901123047
34.32350158691406
34.143699645996094
34.63840103149414
34.475101470947266
33.90359878540039
34.73350143432617
35.70309829711914
35.456600189208984
35.041900634765625
35.697601318359375
34.958099365234375
34.8385009765625
34.064701080322266
35.18159866333008
35.9651985168457
35.43600082397461
35.2859001159668
60.990501403808594
62.40890121459961
64.16649627685547
62.12220001220703
61.87969970703125
61.35350036621094
61.0989990234375
61.676700592041016
61.435298919677734
62.66189956665039
61.92470169067383
62.607200622558594
62.40810012817383
63.15829849243164
62.770999908447266
61.419898986816406
63.3026008605957
62.319400787353516
61.55070114135742
44.365299224853516
45.35369873046875
44.75239944458008
44.582000732421875
45.82059860229492
45.59510040283203
46.07310104370117
43.124000549316406
42.267799377441406
43.49639892578125
43.34159851074219
44.73929977416992
44.737998962402344
45.105098724365234
44.90850067138672
42.21889877319336
42.49300003051758
42.43170166015625
42.18330001831055
42.86750030517578
42.6234016418457
42.1057014465332
41.88479995727539
44.35060119628906
44.10169982910156
43.53820037841797
43.49409866333008
43.64899826049805
43.380699157714844
44.10599899291992
43.847999572753906
40.900299072265625
40.665401458740234
42.66559982299805
41.059200286865234
43.06930160522461
42.96659851074219
44.57360076904297
43.867698669433594
40.15299987792969
39.87730026245117
40.33639907836914
40.06629943847656
39.51219940185547
40.34489822387695
39.88370132446289
39.605098724365234
37.76129913330078
37.49599838256836
38.270999908447266
38.046199798583984
38.700401306152344
38.52840042114258
39.84400177001953
37.88639831542969
37.92100143432617
37.56019973754883
37.81679916381836
38.0177001953125
37.2333984375
37.12730026245117
37.3484001159668
37.03419876098633
39.458900451660156
39.341400146484375
38.76890182495117
38.503299713134766
39.10279846191406
38.91279983520508
39.177101135253906
39.00920104980469
40.86040115356445
41.315399169921875
41.223899841308594
41.110599517822266
41.53390121459961
41.49660110473633
39.129798889160156
38.33369827270508
33.80350112915039
33.55509948730469
33.152801513671875
33.92150115966797
41.47439956665039
40.61690139770508
41.831600189208984
41.717899322509766
32.13399887084961
32.089298248291016
32.24549865722656
33.32320022583008
32.628700256347656
32.44670104980469
32.80440139770508
32.560699462890625
31.97570037841797
33.03990173339844
32.03030014038086
31.7987003326416
35.13290023803711
32.85300064086914
32.176300048828125
33.185298919677734
33.443199157714844
32.438499450683594
33.159400939941406
56.11899948120117
57.73759841918945
57.03739929199219
56.842098236083984
57.365299224853516
57.28879928588867
57.453800201416016
51.2052001953125
51.01430130004883
56.70880126953125
57.50379943847656
57.318199157714844
57.23379898071289
57.62229919433594
51.14739990234375
51.00279998779297
51.38639831542969
51.35240173339844
50.673500061035156
50.87900161743164
50.832801818847656
50.59320068359375
50.368099212646484
51.614601135253906
42.68330001831055
44.062400817871094
43.85929870605469
42.78450012207031
44.2135009765625
43.015499114990234
42.90769958496094
43.2958984375
43.16999816894531
43.68170166015625
43.78020095825195
44.180198669433594
44.083499908447266
44.51959991455078
44.40340042114258
44.57849884033203
44.44770050048828
47.637001037597656
48.459598541259766
48.5713996887207
46.69390106201172
43.27410125732422
43.890201568603516
43.57600021362305
43.50270080566406
47.05609893798828
47.018798828125
47.41510009765625
47.32979965209961
47.96649932861328
47.7588005065918
48.29029846191406
48.0166015625
49.823299407958984
49.19929885864258
47.25709915161133
47.463199615478516
47.70539855957031
47.23040008544922
46.8120002746582
47.49850082397461
49.086700439453125
49.13880157470703
49.529998779296875
49.33190155029297
48.66960144042969
49.69889831542969
49.04869842529297
48.84149932861328
50.76100158691406
50.63819885253906
50.124000549316406
50.776798248291016
50.2047004699707
50.04119873046875
49.34640121459961
50.496299743652344
49.46289825439453
50.104801177978516
49.6172981262207
50.008201599121094
50.30550003051758
49.82160186767578
50.66460037231445
50.41630172729492
47.83290100097656
47.72829818725586
48.14080047607422
48.82339859008789
48.55780029296875
48.22090148925781
48.43980026245117
48.55690002441406
45.8927001953125
45.595001220703125
46.178001403808594
46.029300689697266
46.477298736572266
46.388999938964844
47.565101623535156
45.75619888305664
45.71860122680664
45.73149871826172
45.11520004272461
45.82709884643555
45.013301849365234
45.14310073852539
45.39799880981445
45.22719955444336
46.867698669433594
46.57640075683594
46.447601318359375
46.94459915161133
46.76449966430664
46.242698669433594
45.4390983581543
46.55849838256836
44.79970169067383
46.223201751708984
46.33330154418945
46.48189926147461
46.02669906616211
54.49760055541992
54.243099212646484
55.402801513671875
53.87649917602539
55.53620147705078
53.44350051879883
53.19660186767578
53.48809814453125
53.60770034790039
54.11149978637695
53.56719970703125
54.152099609375
54.26499938964844
55.03300094604492
51.80229949951172
54.49290084838867
55.17470169067383
54.75600051879883
54.707000732421875
53.83150100708008
54.85409927368164
51.91740036010742
51.58140182495117
51.98139953613281
51.852298736572266
51.215301513671875
51.42129898071289
51.64400100708008
51.435298919677734
45.612300872802734
46.034400939941406
46.157901763916016
45.836700439453125
52.53459930419922
46.15330123901367
52.222999572753906
52.41429901123047
46.147701263427734
45.43280029296875
46.44490051269531
46.33039855957031
32.94929885864258
32.82789993286133
32.8385009765625
33.2224006652832
33.163700103759766
33.01890182495117
33.522701263427734
33.34870147705078
32.61640167236328
32.54909896850586
57.017799377441406
32.61650085449219
32.752601623535156
32.41350173950195
41.82360076904297
44.04090118408203
46.54439926147461
46.346500396728516
46.679901123046875
32.19380187988281
32.23139953613281
32.40869903564453
32.827999114990234
32.7234992980957
33.4025993347168
33.06909942626953
33.17580032348633
33.53689956665039
31.953800201416016
31.96030044555664
33.43790054321289
32.91529846191406
33.213600158691406
33.0172004699707
32.54349899291992
32.75299835205078
31.786800384521484
43.13639831542969
35.508399963378906
35.403499603271484
34.81019973754883
35.19200134277344
34.98139953613281
33.569000244140625
34.29079818725586
34.48889923095703
35.368900299072266
34.4567985534668
34.262901306152344
33.82429885864258
34.657100677490234
34.188899993896484
34.019798278808594
34.914798736572266
34.90230178833008
35.13970184326172
35.1416015625
35.75619888305664
35.597900390625
36.06050109863281
35.757301330566406
35.43450164794922
35.153099060058594
35.37689971923828
35.48400115966797
34.84960174560547
34.624298095703125
54.640499114990234
57.842899322509766
55.773799896240234
55.71540069580078
54.76679992675781
55.82939910888672
55.11000061035156
55.03450012207031
56.19049835205078
55.47010040283203
56.398799896240234
57.55730056762695
56.77479934692383
56.60430145263672
55.349998474121094
57.04899978637695
55.15380096435547
55.317901611328125
56.14609909057617
55.68220138549805
56.19889831542969
56.08660125732422
56.77870178222656
57.04130172729492
57.47480010986328
57.21139907836914
53.70479965209961
53.63130187988281
54.172298431396484
53.74829864501953
53.44729995727539
54.31340026855469
56.37310028076172
56.62820053100586
52.8047981262207
51.163299560546875
52.97930145263672
53.00299835205078
53.29309844970703
53.30630111694336
53.24369812011719
53.3848991394043
50.74169921875
51.97209930419922
49.9650993347168
50.80970001220703
50.25899887084961
50.27069854736328
51.04290008544922
50.52690124511719
51.96030044555664
54.50510025024414
52.209598541259766
52.232601165771484
51.7224006652832
52.41910171508789
51.73469924926758
51.547401428222656
54.426300048828125
53.57600021362305
54.87289810180664
54.74679946899414
53.88249969482422
54.28609848022461
54.54990005493164
54.08470153808594
53.43339920043945
53.187599182128906
53.15639877319336
32.276100158691406
32.309898376464844
32.40950012207031
33.0625
33.085201263427734
33.35179901123047
32.5718994140625
32.766998291015625
34.493499755859375
34.58729934692383
33.9474983215332
32.83110046386719
32.645999908447266
32.44990158081055
32.95930099487305
33.217899322509766
34.617000579833984
34.73379898071289
34.93320083618164
35.532798767089844
35.605201721191406
35.816001892089844
34.21699905395508
34.29240036010742
33.702701568603516
34.97200012207031
35.18040084838867
35.224098205566406
35.42580032348633
35.32820129394531
34.816200256347656
34.440799713134766
36.42070007324219
34.35860061645508
34.237701416015625
34.06480026245117
33.423500061035156
33.56919860839844
33.6150016784668
33.74549865722656
37.26150131225586
37.3577995300293
37.9473991394043
36.557098388671875
36.68259811401367
36.78160095214844
36.83039855957031
37.029998779296875
37.38909912109375
37.476600646972656
37.652801513671875
37.854000091552734
37.77220153808594
37.27040100097656
37.075401306152344
47.22439956665039
47.48780059814453
47.6697998046875
47.895301818847656
46.81010055541992
46.926998138427734
47.6713981628418
48.294700622558594
47.872100830078125
48.092899322509766
47.3406982421875
47.38520050048828
42.67829895019531
42.8130989074707
42.912200927734375
43.14780044555664
42.30910110473633
41.24369812011719
48.430198669433594
46.583499908447266
41.395599365234375
41.54059982299805
41.553199768066406
41.719200134277344
41.92470169067383
41.9838981628418
42.544700622558594
42.558101654052734
40.57889938354492
40.59320068359375
40.891998291015625
40.96780014038086
40.19559860229492
41.869598388671875
42.16640090942383
42.23630142211914
40.347599029541016
40.11360168457031
40.12730026245117
39.55540084838867
39.61140060424805
39.90660095214844
39.99259948730469
40.34379959106445
37.168701171875
40.4921989440918
40.74399948120117
40.83430099487305
41.1702995300293
41.21379852294922
39.854000091552734
39.86429977416992
37.573699951171875
37.85110092163086
38.03779983520508
38.28239822387695
38.46310043334961
38.6859016418457
38.84659957885742
38.14699935913086
36.19020080566406
37.779598236083984
37.847999572753906
38.173099517822266
38.22819900512695
38.10380172729492
37.33209991455078
37.560298919677734
35.6526985168457
35.834598541259766
36.04819869995117
36.36320114135742
36.49399948120117
36.672698974609375
36.86669921875
36.93050003051758
37.090999603271484
36.11259841918945
35.7859992980957
35.96080017089844
36.22090148925781
36.25550079345703
35.547698974609375
35.584800720214844
36.763301849365234
37.20859909057617
37.09560012817383
37.395599365234375
37.477500915527344
36.89659881591797
36.9286003112793
37.31779861450195
38.89469909667969
39.02410125732422
39.255401611328125
39.27690124511719
36.91669845581055
36.35060119628906
36.608299255371094
36.622100830078125
38.51890182495117
39.21620178222656
39.44540023803711
39.52389907836914
39.063499450683594
38.69459915161133
47.65019989013672
47.95069885253906
38.48659896850586
37.67070007324219
36.3760986328125
36.56779861450195
36.83570098876953
36.0348014831543
37.94499969482422
38.26020050048828
38.10029983520508
38.161399841308594
36.12739944458008
35.49800109863281
35.22909927368164
35.21860122680664
35.41699981689453
35.61800003051758
35.863800048828125
36.474998474121094
36.89659881591797
37.44449996948242
37.28580093383789
37.18949890136719
37.393001556396484
35.69839859008789
36.35419845581055
35.86309814453125
36.516300201416016
37.71200180053711
36.78710174560547
40.82789993286133
39.391700744628906
39.48849868774414
38.50419998168945
38.70880126953125
38.919498443603516
39.14360046386719
39.70119857788086
39.71950149536133
40.02939987182617
32.83760070800781
32.904701232910156
33.04290008544922
40.489200592041016
38.98149871826172
39.250701904296875
39.31449890136719
38.770599365234375
33.43510055541992
33.201499938964844
33.46770095825195
33.55950164794922
32.47829818725586
32.74620056152344
38.40439987182617
38.6088981628418
37.515499114990234
37.705501556396484
35.80160140991211
35.87699890136719
35.90359878540039
36.177398681640625
36.33610153198242
38.06570053100586
37.23740005493164
35.57310104370117
36.41080093383789
36.679100036621094
36.70439910888672
39.21110153198242
33.774898529052734
33.57529830932617
33.25640106201172
33.01110076904297
38.890098571777344
55.597599029541016
55.03310012817383
55.17499923706055
55.26599884033203
55.43539810180664
54.75400161743164
54.962398529052734
56.7328987121582
56.92770004272461
57.072898864746094
56.824798583984375
55.75360107421875
55.952598571777344
55.93009948730469
56.15620040893555
55.557899475097656
55.439998626708984
55.064998626708984
54.86579895019531
54.79840087890625
55.00310134887695
55.16389846801758
55.35449981689453
55.71500015258789
56.69969940185547
56.08549880981445
56.24020004272461
56.36280059814453
56.44279861450195
56.621299743652344
55.15019989013672
55.32590103149414
50.84989929199219
50.961299896240234
51.127498626708984
51.2577018737793
51.326900482177734
50.60710144042969
51.5078010559082
54.49769973754883
49.2150993347168
49.54499816894531
49.59600067138672
49.727500915527344
49.796199798583984
49.95209884643555
49.35200119018555
50.78020095825195
49.019798278808594
49.20940017700195
49.31570053100586
48.5442008972168
48.7421989440918
48.81119918823242
48.94020080566406
49.02909851074219
51.886199951171875
52.12080001831055
50.482398986816406
49.935001373291016
50.134300231933594
50.13119888305664
50.244300842285156
50.29930114746094
52.06230163574219
52.28630065917969
52.33190155029297
52.53160095214844
52.497100830078125
51.66510009765625
51.80619812011719
51.74440002441406
51.43040084838867
37.81629943847656
37.68550109863281
37.487098693847656
40.355201721191406
40.557498931884766
40.64590072631836
40.837398529052734
40.220001220703125
32.35340118408203
32.204498291015625
41.04560089111328
41.23059844970703
41.631900787353516
41.67839813232422
41.861000061035156
41.88159942626953
42.058101654052734
41.44900131225586
39.903900146484375
40.04290008544922
40.10609817504883
41.444801330566406
40.74319839477539
40.8307991027832
41.261600494384766
41.12739944458008
42.27090072631836
42.400699615478516
42.41279983520508
40.55739974975586
40.44260025024414
40.24420166015625
39.66350173950195
39.84199905395508
42.65370178222656
42.072200775146484
42.24810028076172
39.799198150634766
39.974700927734375
40.202999114990234
40.393001556396484
41.09370040893555
41.30979919433594
41.46849822998047
39.44850158691406
38.61629867553711
40.26210021972656
40.35380172729492
40.665401458740234
40.66019821166992
40.801300048828125
40.965301513671875
37.889801025390625
38.01649856567383
38.28200149536133
38.357398986816406
38.779598236083984
39.01940155029297
39.041500091552734
39.348899841308594
39.639400482177734
39.62260055541992
38.20640182495117
38.27109909057617
38.834999084472656
38.59619903564453
38.57830047607422
37.94580078125
41.65879821777344
41.82400131225586
42.024898529052734
38.99190139770508
40.03110122680664
39.22719955444336
39.31010055541992
39.88059997558594
37.78850173950195
37.44810104370117
37.630699157714844
41.0968017578125
42.159400939941406
41.36119842529297
41.445899963378906
41.7224006652832
52.71189880371094
52.779598236083984
52.08420181274414
51.85530090332031
52.102500915527344
52.193199157714844
37.96110153198242
37.28889846801758
53.305599212646484
53.200199127197266
52.99729919433594
52.25849914550781
52.3672981262207
52.58359909057617
45.67900085449219
45.88679885864258
46.13570022583008
45.17959976196289
45.39939880371094
45.542701721191406
46.342201232910156
47.88779830932617
46.593299865722656
46.57899856567383
46.73400115966797
46.78089904785156
47.089500427246094
45.78160095214844
45.52180099487305
45.44070053100586
45.9192008972168
46.171199798583984
46.2942008972168
47.09239959716797
47.36589813232422
47.315799713134766
47.57630157470703
47.670799255371094
43.60319900512695
43.8109016418457
42.91170120239258
43.01649856567383
43.243499755859375
44.01449966430664
44.10749816894531
44.394500732421875
41.324798583984375
41.549198150634766
40.618499755859375
41.76150131225586
43.157798767089844
43.20289993286133
43.507999420166016
43.44380187988281
42.06169891357422
42.20399856567383
42.48550033569336
42.55440139770508
40.737701416015625
40.96369934082031
41.05379867553711
41.22779846191406
41.35240173339844
41.57849884033203
41.6781005859375
42.45880126953125
42.70869827270508
42.79779815673828
42.001399993896484
42.172298431396484
43.940101623535156
45.11980056762695
44.24100112915039
44.336700439453125
44.5260009765625
44.90719985961914
44.78519821166992
44.85860061645508
48.740299224853516
48.842899322509766
49.199501037597656
49.38330078125
49.539100646972656
49.7327995300293
49.92559814453125
49.11000061035156
50.33369827270508
50.26390075683594
50.412601470947266
49.02830123901367
47.94150161743164
48.120399475097656
48.36920166015625
48.59410095214844
50.64400100708008
49.85530090332031
50.11840057373047
55.632598876953125
55.878700256347656
56.04180145263672
55.26210021972656
50.39179992675781
51.161800384521484
52.82849884033203
55.991798400878906
55.94129943847656
56.154701232910156
56.32059860229492
55.377601623535156
50.638999938964844
50.643798828125
50.90959930419922
50.92919921875
49.82210159301758
49.74689865112305
50.01300048828125
50.08700180053711
52.37179946899414
52.63570022583008
51.69350051879883
51.47890090942383
51.478599548339844
51.7224006652832
51.97209930419922
50.3129997253418
54.536399841308594
54.85599899291992
55.09049987792969
54.04240036010742
51.14250183105469
51.955299377441406
52.209598541259766
52.19860076904297
53.00529861450195
53.208499908447266
53.13990020751953
53.30059814453125
53.5458984375
53.79999923706055
54.373199462890625
54.35329818725586
54.7333984375
55.206199645996094
55.174800872802734
55.01029968261719
53.51380157470703
54.21189880371094
53.737998962402344
53.99190139770508
52.74340057373047
54.32569885253906
55.77439880371094
55.53020095825195
54.584800720214844
48.514198303222656
48.728599548339844
48.88140106201172
49.717098236083984
50.292999267578125
49.892398834228516
50.142398834228516
48.859901428222656
48.84149932861328
49.01259994506836
49.23680114746094
49.50469970703125
49.99599838256836
50.196800231933594
50.29399871826172
49.48249816894531
48.99150085449219
49.23429870605469
49.68009948730469
49.657901763916016
55.213600158691406
53.96549987792969
54.19219970703125
49.6442985534668
49.81949996948242
55.00529861450195
54.34669876098633
54.30189895629883
54.77909851074219
55.0525016784668
55.32640075683594
54.859901428222656
54.589298248291016
54.52859878540039
55.27690124511719
58.14419937133789
57.66339874267578
57.90330123901367
56.24359893798828
55.980098724365234
55.927799224853516
57.10580062866211
55.875
54.9994010925293
55.76150131225586
55.25590133666992
55.519901275634766
56.50669860839844
56.04100036621094
53.688899993896484
52.68980026245117
52.90190124511719
53.11690139770508
57.45429992675781
56.659000396728516
57.32659912109375
56.88610076904297
52.55149841308594
52.0443000793457
52.19020080566406
52.41320037841797
53.16999816894531
52.89720153808594
53.267601013183594
53.47359848022461
52.392601013183594
52.225799560546875
52.58760070800781
32.892799377441406
31.95479965209961
32.21120071411133
33.11220169067383
32.99580001831055
33.26240158081055
33.389801025390625
34.192100524902344
32.43370056152344
32.49769973754883
32.759300231933594
31.992399215698242
33.50239944458008
33.7150993347168
34.0265007019043
33.8567008972168
33.89459991455078
33.046199798583984
35.13130187988281
35.42879867553711
35.693199157714844
34.44269943237305
34.70560073852539
32.7484016418457
32.312198638916016
32.39289855957031
35.67639923095703
35.91120147705078
34.740501403808594
34.54290008544922
34.294898986816406
34.868499755859375
34.97669982910156
35.2411994934082
36.294700622558594
35.522098541259766
36.114601135253906
39.40610122680664
38.974300384521484
39.224300384521484
39.18299865722656
39.64659881591797
39.875701904296875
39.74679946899414
39.8025016784668
40.07849884033203
40.098899841308594
40.50669860839844
40.388099670410156
40.34939956665039
40.47489929199219
39.48609924316406
38.837799072265625
39.01810073852539
56.4724006652832
56.5974006652832
56.763301849365234
56.935699462890625
57.11050033569336
56.243099212646484
57.24359893798828
40.71070098876953
55.00410079956055
54.15829849243164
54.11280059814453
54.25090026855469
54.317100524902344
54.57780075073242
55.26409912109375
56.307701110839844
55.64229965209961
55.77750015258789
55.910099029541016
55.99980163574219
54.73820114135742
54.546600341796875
54.868499755859375
54.82789993286133
57.70970153808594
57.942298889160156
54.832298278808594
55.016998291015625
55.135101318359375
56.158599853515625
55.354698181152344
55.56039810180664
57.68519973754883
57.8036994934082
58.09170150756836
58.13710021972656
58.3473014831543
58.32749938964844
57.32789993286133
57.50310134887695
58.466800689697266
57.47890090942383
56.83489990234375
57.38650131225586
57.17570114135742
57.0723991394043
45.62160110473633
43.97309875488281
44.065101623535156
44.39759826660156
46.32149887084961
46.588600158691406
46.78229904174805
45.410701751708984
45.50590133666992
45.86069869995117
46.04159927368164
45.952701568603516
46.092498779296875
45.10639953613281
45.35599899291992
47.599700927734375
45.08769989013672
44.24330139160156
44.3380012512207
44.635101318359375
44.602500915527344
44.86909866333008
44.85499954223633
46.784000396728516
47.17340087890625
47.0984992980957
47.31420135498047
47.98099899291992
47.92399978637695
48.11600112915039
48.4281005859375
48.77539825439453
48.94260025024414
47.16230010986328
47.82640075683594
47.3140983581543
47.569400787353516
47.02159881591797
46.52750015258789
43.20840072631836
46.34109878540039
47.964900970458984
49.16419982910156
48.23649978637695
48.36709976196289
48.64789962768555
48.800201416015625
43.0797004699707
43.14970016479492
43.46580123901367
43.4359016418457
43.70050048828125
43.6619987487793
42.80440139770508
42.89289855957031
43.91699981689453
42.75279998779297
41.88650131225586
41.98109817504883
42.28110122680664
42.24829864501953
42.51070022583008
42.49259948730469
41.59769821166992
33.797000885009766
36.17720031738281
35.916900634765625
55.77790069580078
55.659698486328125
55.49769973754883
56.470001220703125
56.32270050048828
56.234798431396484
56.131500244140625
55.85380172729492
58.69779968261719
58.43439865112305
58.32500076293945
59.089500427246094
58.93109893798828
59.005001068115234
58.85169982910156
58.584598541259766
58.462501525878906
59.24420166015625
32.189300537109375
32.277000427246094
32.0901985168457
32.703399658203125
32.91569900512695
33.67190170288086
33.40919876098633
32.594600677490234
32.41899871826172
33.08890151977539
32.8656005859375
32.47129821777344
32.32529830932617
32.33110046386719
33.35710144042969
33.525699615478516
34.70610046386719
34.4827995300293
34.42150115966797
34.16669845581055
34.37009811401367
34.78559875488281
33.45399856567383
33.27399826049805
34.14360046386719
33.939300537109375
33.90760040283203
33.84550094604492
33.622798919677734
33.17660140991211
35.00830078125
34.685699462890625
34.632999420166016
40.389198303222656
37.66109848022461
37.510101318359375
37.32059860229492
36.939701080322266
37.172298431396484
36.66189956665039
36.58440017700195
37.35490036010742
38.34360122680664
38.25279998779297
38.05830001831055
37.14149856567383
38.093299865722656
38.082298278808594
37.847801208496094
37.7317008972168
37.51380157470703
37.914798736572266
36.935298919677734
51.541500091552734
51.51300048828125
51.26649856567383
51.10380172729492
51.850399017333984
52.9630012512207
52.71950149536133
52.511199951171875
36.36970138549805
51.80720138549805
51.71689987182617
52.57270050048828
52.285701751708984
52.17599868774414
52.29439926147461
52.11989974975586
53.879798889160156
54.07400131225586
52.74319839477539
53.27080154418945
53.18980026245117
53.31669998168945
53.16600036621094
52.90729904174805
53.5088005065918
53.72600173950195
53.72880172729492
56.509700775146484
54.74129867553711
55.132999420166016
54.91419982910156
54.447898864746094
54.38019943237305
54.32640075683594
54.0526008605957
53.56380081176758
53.31880187988281
53.25590133666992
54.07870101928711
53.85449981689453
53.618099212646484
53.4463996887207
53.860801696777344
55.34920120239258
56.308101654052734
56.145999908447266
55.95280075073242
55.69729995727539
55.53580093383789
55.89649963378906
55.037498474121094
54.226600646972656
54.64939880371094
54.50080108642578
54.870399475097656
54.3473014831543
55.78519821166992
55.46969985961914
55.39979934692383
59.146400451660156
62.32429885864258
62.73569869995117
62.64619827270508
62.41379928588867
62.239601135253906
55.227901458740234
55.36429977416992
60.23460006713867
59.05799865722656
60.04029846191406
59.844600677490234
59.562599182128906
59.331600189208984
62.270999908447266
61.81809997558594
62.32929992675781
62.25699996948242
62.0275993347168
61.81549835205078
61.60169982910156
60.76860046386719
60.833900451660156
60.075401306152344
60.138099670410156
59.49639892578125
59.64870071411133
59.69649887084961
60.32749938964844
62.0443000793457
60.95610046386719
60.70869827270508
60.522098541259766
60.332000732421875
61.39759826660156
61.311798095703125
61.0806999206543
60.4744987487793
60.260101318359375
57.937801361083984
57.20989990234375
57.04399871826172
56.8661003112793
56.64870071411133
57.75189971923828
60.39080047607422
59.950599670410156
60.167701721191406
61.51959991455078
61.439998626708984
61.06850051879883
60.97529983520508
60.61180114746094
58.28110122680664
58.04669952392578
58.93980026245117
58.997798919677734
58.57229995727539
58.34550094604492
58.78839874267578
57.725399017333984
57.538700103759766
57.32170104980469
57.210899353027344
57.075801849365234
57.15620040893555
58.90919876098633
58.71310043334961
58.37540054321289
56.760799407958984
57.820701599121094
58.0546989440918
57.431800842285156
58.1609992980957
56.41559982299805
56.2588996887207
56.604000091552734
56.04069900512695
43.639400482177734
43.465999603271484
43.28929901123047
41.020599365234375
42.13420104980469
42.96269989013672
42.89339828491211
41.390201568603516
41.144500732421875
42.089698791503906
44.77840042114258
44.596900939941406
44.37120056152344
45.248600006103516
45.218101501464844
42.59080123901367
42.6265983581543
42.3745002746582
42.391998291015625
41.830299377441406
41.76860046386719
41.64609909057617
41.48149871826172
43.70280075073242
43.44850158691406
44.2958984375
44.17060089111328
43.99810028076172
45.48699951171875
43.20240020751953
43.118499755859375
44.96070098876953
45.02320098876953
44.746700286865234
44.665401458740234
44.070701599121094
43.913299560546875
43.994300842285156
43.83140182495117
48.7849006652832
48.63180160522461
48.495601654052734
50.23659896850586
49.97420120239258
49.787899017333984
49.871700286865234
49.694000244140625
42.84550094604492
49.47570037841797
48.67470169067383
48.52149963378906
48.3125
49.280399322509766
49.122798919677734
48.99150085449219
47.76340103149414
47.576900482177734
47.4276008605957
48.253501892089844
50.981201171875
51.21549987792969
51.344200134277344
50.67499923706055
50.57500076293945
50.71369934082031
50.50149917602539
50.222801208496094
49.41460037231445
48.18069839477539
47.98109817504883
47.839900970458984
40.467098236083984
40.25630187988281
40.069400787353516
40.13529968261719
39.85219955444336
40.58620071411133
33.38840103149414
33.12879943847656
34.32619857788086
35.09980010986328
34.99509811401367
34.843299865722656
34.676300048828125
34.64139938354492
32.89120101928711
32.777099609375
32.547698974609375
33.59859848022461
33.299598693847656
34.08549880981445
34.15570068359375
33.90549850463867
33.85580062866211
33.637901306152344
34.431400299072266
36.289398193359375
37.40829849243164
38.17380142211914
38.030601501464844
37.77560043334961
37.640201568603516
37.154998779296875
37.0546989440918
32.04199981689453
32.25669860839844
32.47129821777344
35.53929901123047
35.296600341796875
35.154998779296875
35.38650131225586
35.938899993896484
35.898799896240234
36.086299896240234
35.783599853515625
36.792701721191406
36.674800872802734
36.744300842285156
36.606201171875
37.36589813232422
37.54240036010742
37.442901611328125
37.073001861572266
38.965301513671875
38.860599517822266
38.602298736572266
37.83720016479492
35.61119842529297
36.3734016418457
38.66510009765625
38.604400634765625
38.34880065917969
38.23830032348633
37.99259948730469
38.45140075683594
43.59659957885742
49.43370056152344
49.15119934082031
49.094600677490234
48.981300354003906
48.50600051879883
48.331199645996094
48.140499114990234
48.06669998168945
48.86199951171875
48.78419876098633
48.58689880371094
48.41210174560547
48.11479949951172
47.92850112915039
48.289100646972656
47.738800048828125
43.89860153198242
43.682098388671875
43.41939926147461
43.53779983520508
43.50230026245117
43.00559997558594
42.79759979248047
42.6422004699707
48.417198181152344
46.066200256347656
45.96699905395508
45.768699645996094
43.53260040283203
43.35279846191406
43.17539978027344
43.90810012817383
43.78269958496094
42.22050094604492
42.159000396728516
41.89820098876953
34.9473991394043
35.597198486328125
35.36119842529297
35.417701721191406
42.53260040283203
42.59040069580078
42.46879959106445
43.17509841918945
43.107601165771484
42.8401985168457
44.10319900512695
44.026798248291016
35.99850082397461
36.079200744628906
35.87110137939453
35.843101501464844
35.62590026855469
36.24530029296875
35.15409851074219
35.18000030517578
36.2140998840332
36.831298828125
36.58039855957031
36.65999984741211
36.44919967651367
36.34450149536133
54.92689895629883
54.72119903564453
54.07490158081055
53.814701080322266
53.83409881591797
53.66230010986328
53.48889923095703
54.49039840698242
53.40119934082031
55.05860137939453
50.8025016784668
50.78129959106445
51.779300689697266
52.09130096435547
52.005401611328125
51.64630126953125
51.42649841308594
51.407501220703125
54.5343017578125
54.318199157714844
54.23789978027344
54.01380157470703
50.481201171875
50.45140075683594
51.104801177978516
50.925899505615234
50.20209884643555
49.9807014465332
49.80139923095703
50.47019958496094
50.6593017578125
50.75910186767578
52.71480178833008
52.423500061035156
51.064701080322266
50.88100051879883
51.283199310302734
51.819000244140625
51.691001892089844
51.75790023803711
51.4364013671875
50.21289825439453
52.05329895019531
53.35100173950195
45.80830001831055
45.66619873046875
45.466800689697266
46.81019973754883
46.687801361083984
46.50899887084961
52.417598724365234
52.270599365234375
52.31959915161133
53.263099670410156
53.0458984375
52.929901123046875
52.97460174560547
52.69390106201172
45.78799819946289
45.79100036621094
46.36159896850586
46.397499084472656
46.619300842285156
46.08700180053711
45.99169921875
44.78200149536133
47.31449890136719
47.097801208496094
46.923099517822266
46.793701171875
46.80070114135742
46.28499984741211
46.09159851074219
45.933101654052734
44.792598724365234
44.02149963378906
44.24190139770508
43.810298919677734
43.80569839477539
44.45819854736328
44.402801513671875
44.082298278808594
44.47710037231445
44.460201263427734
44.346500396728516
45.231300354003906
45.09659957885742
45.12409973144531
44.6864013671875
44.801998138427734
47.47019958496094
47.1057014465332
47.02439880371094
47.77170181274414
46.760398864746094
43.98870086669922
45.48469924926758
45.29560089111328
45.64440155029297
45.08340072631836
45.770301818847656
47.36140060424805
47.49449920654297
56.92250061035156
56.70650100708008
56.50699996948242
57.32749938964844
57.3203010559082
57.10340118408203
56.45709991455078
57.48099899291992
57.0786018371582
56.800899505615234
56.682498931884766
56.375999450683594
56.21139907836914
56.029998779296875
55.77109909057617
55.71220016479492
46.908599853515625
46.19609832763672
46.02470016479492
45.81880187988281
46.62590026855469
46.57529830932617
46.34320068359375
46.18479919433594
46.02899932861328
46.327701568603516
50.41120147705078
50.856201171875
52.39440155029297
51.79460144042969
51.589900970458984
51.37269973754883
51.56169891357422
52.133399963378906
52.055999755859375
51.10850143432617
50.969600677490234
50.73699951171875
50.68659973144531
51.3849983215332
51.292198181152344
51.10430145263672
51.08810043334961
48.6796989440918
48.67210006713867
48.52980041503906
48.55690002441406
48.274600982666016
48.15599822998047
49.717498779296875
49.4202995300293
52.00709915161133
51.7593994140625
51.923099517822266
48.99470138549805
48.30910110473633
48.07339859008789
47.95949935913086
47.83409881591797
48.99399948120117
47.598201751708984
47.37080001831055
47.818599700927734
47.2322998046875
47.93429946899414
50.415000915527344
50.621700286865234
49.33110046386719
49.46080017089844
49.26649856567383
50.12329864501953
50.03110122680664
50.16270065307617
49.952598571777344
49.69369888305664
53.01649856567383
53.13159942626953
52.96780014038086
50.727699279785156
54.067100524902344
54.422298431396484
54.19969940185547
52.75590133666992
52.544498443603516
53.38589859008789
53.08209991455078
37.779701232910156
37.68009948730469
37.456199645996094
37.37160110473633
38.802799224853516
38.657901763916016
38.73270034790039
38.46160125732422
37.44430160522461
37.177398681640625
37.1416015625
36.92190170288086
37.83760070800781
37.724300384521484
42.67290115356445
44.13589859008789
43.837799072265625
43.75529861450195
44.52859878540039
44.40399932861328
44.427101135253906
44.00299835205078
38.258399963378906
38.61539840698242
39.0453987121582
38.95899963378906
38.75170135498047
38.068199157714844
43.04909896850586
42.87820053100586
43.71839904785156
43.629600524902344
43.377498626708984
42.01350021362305
41.83919906616211
41.73759841918945
42.391998291015625
42.3745002746582
44.01340103149414
44.247501373291016
43.46540069580078
43.438899993896484
43.20539855957031
42.96080017089844
43.000301361083984
43.2328987121582
41.66999816894531
41.89939880371094
41.237300872802734
41.44390106201172
42.65169906616211
42.57109832763672
42.278499603271484
42.17250061035156
42.14289855957031
41.89699935913086
42.12739944458008
41.450199127197266
41.38010025024414
41.086299896240234
41.05039978027344
41.66230010986328
40.37950134277344
41.02579879760742
41.00910186767578
40.69329833984375
40.59389877319336
40.085899353027344
39.86709976196289
40.27069854736328
42.02349853515625
44.72079849243164
44.61790084838867
44.379600524902344
40.8390007019043
40.62929916381836
40.45439910888672
40.33330154418945
39.70989990234375
40.39649963378906
49.76810073852539
43.43519973754883
43.36140060424805
43.077598571777344
42.940799713134766
42.99369812011719
43.686798095703125
43.621299743652344
43.28229904174805
39.92210006713867
39.87710189819336
39.55860137939453
37.92219924926758
37.85660171508789
37.589698791503906
51.960201263427734
50.22370147705078
50.93709945678711
50.778900146484375
50.606201171875
50.39870071411133
49.91490173339844
49.85049819946289
43.175201416015625
42.69879913330078
42.47909927368164
42.862300872802734
42.25389862060547
42.15439987182617
42.992698669433594
41.9385986328125
51.07709884643555
50.988800048828125
50.960899353027344
50.7218017578125
51.65629959106445
51.59700012207031
51.710899353027344
51.53390121459961
49.757198333740234
49.47949981689453
49.700599670410156
50.18320083618164
49.979000091552734
50.404300689697266
49.829200744628906
51.29990005493164
52.55889892578125
53.27669906616211
53.22959899902344
52.93069839477539
53.140201568603516
53.605098724365234
53.58530044555664
53.3307991027832
51.279998779296875
50.5546989440918
52.315399169921875
52.2775993347168
52.95500183105469
52.66590118408203
52.652198791503906
52.48469924926758
53.48720169067383
31.973800659179688
32.265201568603516
32.14569854736328
32.902000427246094
32.839900970458984
32.69219970703125
32.57350158691406
33.124000549316406
32.97380065917969
33.57360076904297
33.75450134277344
34.41019821166992
34.16559982299805
34.25120162963867
34.04439926147461
32.41429901123047
35.03990173339844
33.5099983215332
33.833900451660156
33.72999954223633
33.381500244140625
33.344398498535156
33.183998107910156
38.0536003112793
37.94820022583008
37.74660110473633
37.680301666259766
38.365299224853516
38.26940155029297
38.0806999206543
37.915000915527344
33.95819854736328
34.95140075683594
34.807701110839844
34.7135009765625
34.57659912109375
34.49829864501953
33.878700256347656
37.44110107421875
38.68069839477539
38.81999969482422
38.606201171875
38.44369888305664
39.031700134277344
36.25279998779297
35.65449905395508
35.41669845581055
38.26430130004883
38.999298095703125
39.60049819946289
39.35599899291992
39.35710144042969
39.232200622558594
39.20920181274414
38.7422981262207
36.8484992980957
36.6422004699707
36.51559829711914
36.5786018371582
37.192298889160156
37.182899475097656
37.093299865722656
37.04880142211914
35.37189865112305
35.493099212646484
35.25379943847656
36.03919982910156
35.90119934082031
35.978599548339844
35.694400787353516
35.88840103149414
36.890499114990234
36.824100494384766
36.29090118408203
36.104000091552734
36.4807014465332
36.01369857788086
36.61470031738281
35.12080001831055
48.07979965209961
47.787200927734375
47.617698669433594
47.66999816894531
47.79930114746094
47.16109848022461
46.92729949951172
46.70109939575195
47.34109878540039
48.281700134277344
48.30149841308594
48.015499114990234
48.77539825439453
46.20719909667969
42.66899871826172
41.59469985961914
42.48529815673828
46.56829833984375
46.631900787353516
46.47330093383789
47.30220031738281
47.2151985168457
46.91130065917969
48.43899917602539
48.44329833984375
41.304298400878906
40.97829818725586
40.9286003112793
41.55149841308594
41.567298889160156
41.80229949951172
41.23860168457031
41.18199920654297
42.29090118408203
41.994300842285156
41.96369934082031
41.72800064086914
40.253501892089844
40.116798400878906
39.980098724365234
41.40599822998047
40.54949951171875
38.23160171508789
38.007198333740234
37.93119812011719
35.99610137939453
37.73320007324219
37.52349853515625
37.33620071411133
40.61800003051758
40.61750030517578
40.38529968261719
40.18009948730469
40.2958984375
40.248600006103516
40.87139892578125
40.786800384521484
36.89509963989258
36.761199951171875
36.67850112915039
38.9192008972168
39.675899505615234
39.60260009765625
39.34260177612305
39.21369934082031
37.371299743652344
37.26679992675781
36.6682014465332
36.58549880981445
36.40959930419922
36.207000732421875
36.25559997558594
37.096500396728516
38.93429946899414
38.87459945678711
38.599098205566406
39.27050018310547
39.16569900512695
38.74509811401367
38.5447998046875
38.382598876953125
38.1968994140625
38.20399856567383
38.43090057373047
34.91059875488281
34.74440002441406
33.93550109863281
36.96799850463867
36.187400817871094
34.625301361083984
34.38650131225586
34.271400451660156
34.392601013183594
34.17660140991211
35.08409881591797
35.035400390625
35.2041015625
36.491798400878906
37.73809814453125
37.38949966430664
37.38330078125
37.26359939575195
37.19889831542969
38.22719955444336
38.092201232910156
35.88819885253906
35.845001220703125
35.691200256347656
36.69089889526367
36.50640106201172
36.60850143432617
36.2504997253418
36.005001068115234
35.889400482177734
38.522300720214844
38.111900329589844
38.28670120239258
37.7515983581543
37.000099182128906
36.900699615478516
36.64739990234375
35.497100830078125
35.72959899902344
43.928001403808594
42.73740005493164
43.70859909057617
38.03419876098633
37.81439971923828
38.925201416015625
38.72700119018555
38.832401275634766
38.4724006652832
38.217498779296875
38.71120071411133
43.57680130004883
43.22740173339844
43.042198181152344
43.12879943847656
37.635501861572266
39.209999084472656
38.42499923706055
38.270301818847656
42.44369888305664
42.349700927734375
42.027099609375
41.87110137939453
41.93949890136719
41.8129997253418
42.79570007324219
42.53020095825195
41.56380081176758
40.388099670410156
41.3656005859375
41.1348991394043
40.8390007019043
40.844398498535156
40.579498291015625
40.65399932861328
39.53609848022461
39.63999938964844
39.50490188598633
40.36800003051758
40.305599212646484
39.96070098876953
39.22079849243164
39.11050033569336
42.99589920043945
42.275299072265625
41.54610061645508
41.48460006713867
41.118499755859375
40.11690139770508
40.02259826660156
39.702701568603516
32.1338996887207
31.952899932861328
31.92289924621582
32.095298767089844
32.682098388671875
32.4370002746582
32.39870071411133
38.862098693847656
35.135398864746094
33.76340103149414
33.48889923095703
33.433799743652344
34.41059875488281
34.1880989074707
33.96179962158203
33.87419891357422
32.55929946899414
34.52799987792969
34.954498291015625
34.70790100097656
35.72650146484375
35.46770095825195
35.39120101928711
35.501399993896484
33.62990188598633
34.071998596191406
33.114898681640625
33.2047004699707
32.95500183105469
32.84360122680664
32.746498107910156
33.47850036621094
34.02109909057617
34.8568000793457
34.76219940185547
34.62839889526367
35.257301330566406
35.01319885253906
34.90890121459961
35.1526985168457
35.68429946899414
35.433998107910156
35.92900085449219
35.317501068115234
34.510101318359375
34.25709915161133
35.632301330566406
36.419898986816406
36.26020050048828
36.01110076904297
35.797298431396484
35.51359939575195
36.9025993347168
36.72669982910156
36.83300018310547
36.71480178833008
36.44839859008789
36.34980010986328
37.209800720214844
36.0901985168457
33.79520034790039
33.65019989013672
33.75870132446289
33.61029815673828
33.323001861572266
33.23469924926758
34.139198303222656
33.020301818847656
61.43050003051758
61.53900146484375
60.9640007019043
61.08369827270508
44.40399932861328
60.666099548339844
43.13199996948242
43.361900329589844
47.3927001953125
43.54159927368164
47.94419860839844
48.14569854736328
47.527198791503906
47.722801208496094
44.07600021362305
44.18450164794922
43.10710144042969
43.319801330566406
43.73740005493164
43.00019836425781
43.45610046386719
43.69990158081055
62.83700180053711
62.98040008544922
63.52119827270508
63.69110107421875
63.02320098876953
63.32659912109375
63.10070037841797
63.23210144042969
52.46889877319336
52.65840148925781
53.10940170288086
53.43170166015625
52.896400451660156
53.06719970703125
52.942901611328125
32.62300109863281
32.50600051879883
32.35179901123047
32.45750045776367
32.09239959716797
32.1703987121582
56.04690170288086
56.26850128173828
56.92729949951172
57.145301818847656
56.44219970703125
56.718299865722656
56.575801849365234
56.62910079956055
58.84429931640625
59.06760025024414
57.31629943847656
58.71220016479492
56.48160171508789
56.624298095703125
57.78139877319336
57.908599853515625
57.2318000793457
57.11669921875
56.87419891357422
57.455501556396484
57.55189895629883
57.73809814453125
58.02429962158203
57.4197998046875
57.643798828125
58.29029846191406
58.447601318359375
58.15449905395508
58.30220031738281
34.112998962402344
33.90739822387695
56.359798431396484
55.6797981262207
55.97570037841797
56.06520080566406
55.936500549316406
56.08000183105469
34.375
34.46480178833008
58.62089920043945
58.74100112915039
57.7666015625
57.05670166015625
57.32320022583008
57.4994010925293
57.22819900512695
57.38159942626953
58.83610153198242
59.55229949951172
58.4370002746582
58.647300720214844
59.179500579833984
59.24660110473633
58.98379898071289
58.95539855957031
57.9379997253418
58.0
58.36240005493164
57.651100158691406
56.675498962402344
56.76530075073242
56.604400634765625
56.534400939941406
56.974998474121094
56.31370162963867
58.15359878540039
58.272300720214844
49.09349822998047
49.44810104370117
49.54290008544922
32.58039855957031
32.18199920654297
32.45050048828125
32.10179901123047
31.953500747680664
34.3400993347168
32.16019821166992
35.09320068359375
35.229400634765625
34.621700286865234
34.86119842529297
44.89690017700195
45.153099060058594
44.45389938354492
44.42940139770508
44.10139846801758
44.04710006713867
43.557098388671875
44.324798583984375
43.4557991027832
43.44770050048828
43.195701599121094
44.80699920654297
42.84749984741211
42.92580032348633
43.94380187988281
44.14229965209961
44.55939865112305
43.720401763916016
38.97919845581055
39.06570053100586
40.10089874267578
40.203399658203125
40.71699905395508
39.936500549316406
40.32320022583008
40.50239944458008
43.24020004272461
43.018699645996094
43.64759826660156
43.73379898071289
43.27439880371094
43.376399993896484
39.261600494384766
40.85770034790039
39.88949966430664
39.4651985168457
39.600799560546875
39.80950164794922
42.52859878540039
41.875999450683594
42.23550033569336
42.47949981689453
40.285701751708984
40.151798248291016
39.74169921875
40.220699310302734
39.390098571777344
39.540199279785156
39.250301361083984
39.227901458740234
41.53229904174805
41.832298278808594
41.69929885864258
41.356998443603516
42.016998291015625
42.23680114746094
41.562400817871094
41.64030075073242
41.139400482177734
41.357398986816406
41.844398498535156
41.062801361083984
45.719200134277344
45.91279983520508
44.422698974609375
45.59989929199219
45.176300048828125
45.257999420166016
44.894901275634766
44.874900817871094
44.081600189208984
44.1338005065918
43.73749923706055
43.942501068115234
44.37409973144531
43.51599884033203
43.21329879760742
43.34189987182617
44.64939880371094
44.64569854736328
42.92879867553711
42.19960021972656
42.716800689697266
42.639198303222656
42.43009948730469
42.39350128173828
47.17219924926758
47.398101806640625
47.13090133666992
46.94490051269531
48.59230041503906
47.039100646972656
48.099700927734375
48.304100036621094
42.9197998046875
43.12649917602539
47.81890106201172
49.3302001953125
46.84040069580078
47.04880142211914
47.64950180053711
46.71099853515625
47.797000885009766
47.91659927368164
48.16859817504883
47.4010009765625
49.92470169067383
50.078800201416016
49.62379837036133
49.67279815673828
49.01020050048828
48.18259811401367
48.807098388671875
48.947898864746094
48.54759979248047
48.828800201416016
47.682701110839844
48.414100646972656
51.45709991455078
51.585899353027344
50.95389938354492
51.4900016784668
50.90399932861328
50.844200134277344
50.42599868774414
50.59379959106445
50.217498779296875
50.46659851074219
49.823001861572266
50.041099548339844
51.178001403808594
50.28150177001953
51.758201599121094
51.89670181274414
46.14229965209961
45.72480010986328
46.465999603271484
46.593101501464844
45.47169876098633
46.26689910888672
45.117801666259766
45.393001556396484
49.306800842285156
51.200199127197266
49.67689895629883
49.550899505615234
46.29690170288086
46.35029983520508
45.97159957885742
46.044898986816406
39.657501220703125
37.498199462890625
36.505401611328125
37.09749984741211
37.23849868774414
37.00310134887695
36.8213005065918
36.23929977416992
36.9005012512207
34.57870101928711
34.82120132446289
34.347999572753906
35.01530075073242
34.235801696777344
36.60879898071289
36.863399505615234
38.082298278808594
37.31010055541992
36.10329818725586
36.11909866333008
35.79800033569336
36.29560089111328
37.705101013183594
36.543800354003906
37.91529846191406
37.46699905395508
44.35369873046875
43.52170181274414
43.96049880981445
44.0078010559082
43.68470001220703
43.82569885253906
43.10810089111328
43.351898193359375
42.32619857788086
39.993099212646484
40.11199951171875
37.96500015258789
37.18370056152344
37.577301025390625
37.63859939575195
37.44599914550781
37.749298095703125
42.84130096435547
42.807498931884766
42.596500396728516
42.569400787353516
43.43669891357422
43.51490020751953
40.29869842529297
43.087501525878906
38.43519973754883
38.3130989074707
38.00230026245117
38.27870178222656
41.12900161743164
38.77980041503906
41.86119842529297
42.117698669433594
39.60770034790039
38.79460144042969
39.2760009765625
39.544498443603516
39.247100830078125
39.154300689697266
38.48109817504883
39.064998626708984
40.317298889160156
40.39310073852539
40.9922981262207
41.08039855957031
42.273399353027344
40.69599914550781
41.885501861572266
42.17390060424805
41.692901611328125
41.61800003051758
41.4213981628418
41.42319869995117
40.63750076293945
40.89929962158203
40.24449920654297
40.44710159301758
31.883800506591797
32.529300689697266
33.008201599121094
33.31439971923828
32.96080017089844
32.832401275634766
39.85240173339844
39.92539978027344
39.55860137939453
32.2599983215332
32.430599212646484
32.626800537109375
32.06079864501953
32.854000091552734
50.31959915161133
51.8223991394043
51.22010040283203
51.50790023803711
51.62369918823242
51.04059982299805
51.15079879760742
49.69029998779297
50.87409973144531
49.422401428222656
49.55110168457031
49.14649963378906
49.310001373291016
51.30659866333008
51.61980056762695
50.8651008605957
51.06420135498047
50.62929916381836
50.785301208496094
50.422698974609375
50.535499572753906
52.358699798583984
50.24369812011719
51.99729919433594
52.18730163574219
51.79790115356445
52.0093994140625
52.40999984741211
50.057098388671875
50.073299407958984
49.86040115356445
49.85580062866211
49.02870178222656
49.65359878540039
48.71950149536133
48.935699462890625
42.99359893798828
56.01580047607422
55.467498779296875
55.64059829711914
55.165401458740234
55.3568000793457
55.53049850463867
54.449798583984375
52.16999816894531
54.09980010986328
54.18960189819336
55.19139862060547
55.380699157714844
55.833900451660156
55.07609939575195
32.301998138427734
33.620201110839844
47.66889953613281
48.361900329589844
47.23569869995117
47.46580123901367
47.95130157470703
48.10609817504883
47.6598014831543
47.984798431396484
45.1510009765625
44.73860168457031
44.967498779296875
45.364200592041016
45.487098693847656
44.9552001953125
45.147098541259766
45.86479949951172
45.32419967651367
46.066001892089844
45.63880157470703
47.857601165771484
47.42570114135742
46.582298278808594
45.852901458740234
46.160301208496094
46.316200256347656
45.5359992980957
46.19609832763672
36.77199935913086
46.187599182128906
39.07160186767578
40.054298400878906
39.655399322509766
39.87649917602539
39.37350082397461
39.47840118408203
46.920101165771484
45.47589874267578
46.806400299072266
46.95920181274414
46.51620101928711
46.79290008544922
47.23469924926758
46.4015998840332
39.31340026855469
39.4468994140625
38.247100830078125
38.393798828125
38.041500091552734
45.958900451660156
47.08440017700195
46.68669891357422
46.93149948120117
46.41699981689453
46.56760025024414
46.07789993286133
46.33110046386719
54.35300064086914
54.25199890136719
54.61940002441406
54.61249923706055
53.30569839477539
53.13420104980469
54.98509979248047
53.510799407958984
54.821800231933594
54.8218994140625
52.349300384521484
52.21910095214844
52.707801818847656
52.518699645996094
53.037601470947266
54.029300689697266
53.696800231933594
53.667999267578125
53.937599182128906
53.824100494384766
52.95989990234375
52.773799896240234
53.39390182495117
53.29999923706055
56.87900161743164
56.93040084838867
56.16320037841797
57.01890182495117
56.775901794433594
56.55080032348633
57.23429870605469
56.313899993896484
56.163299560546875
56.62739944458008
56.453800201416016
57.161800384521484
55.92449951171875
55.809600830078125
55.61750030517578
32.049598693847656
32.19940185546875
32.117698669433594
32.60960006713867
34.65370178222656
32.778499603271484
32.753299713134766
34.96839904785156
35.12220001220703
35.29819869995117
35.03219985961914
32.4911994934082
32.372798919677734
33.139198303222656
33.05059814453125
32.92300033569336
32.2218017578125
32.4182014465332
33.20220184326172
34.477298736572266
33.809600830078125
33.993499755859375
34.4911003112793
34.11869812011719
34.3942985534668
34.32059860229492
33.60319900512695
33.5890007019043
34.88949966430664
33.734901428222656
34.07600021362305
33.984100341796875
33.404300689697266
33.34429931640625
38.313499450683594
38.6797981262207
37.528900146484375
39.86750030517578
38.142601013183594
37.959598541259766
38.47919845581055
38.16270065307617
37.09489822387695
36.98789978027344
34.739898681640625
36.77479934692383
37.41320037841797
37.36690139770508
37.681800842285156
37.50429916381836
39.69240188598633
39.52939987182617
39.089900970458984
39.65909957885742
38.69599914550781
36.1693000793457
39.4093017578125
39.30030059814453
38.358699798583984
38.54439926147461
37.94409942626953
37.76850128173828
38.9718017578125
38.922698974609375
39.255001068115234
39.06679916381836
35.668399810791016
35.537899017333984
35.68360137939453
35.57929992675781
36.81949996948242
36.645999908447266
35.33649826049805
35.92300033569336
36.67940139770508
36.479000091552734
35.985198974609375
35.90290069580078
36.28419876098633
36.20100021362305
36.28860092163086
36.13679885864258
37.13570022583008
36.98080062866211
36.52669906616211
39.13090133666992
39.03179931640625
39.78099822998047
40.11669921875
39.91630172729492
40.41080093383789
40.30929946899414
40.61429977416992
40.427101135253906
40.92850112915039
40.720401763916016
38.66590118408203
39.668399810791016
38.89550018310547
38.81589889526367
39.3922004699707
39.21839904785156
39.5984001159668
39.46099853515625
41.37049865722656
56.5171012878418
41.244998931884766
40.75120162963867
54.310699462890625
54.375
54.20199966430664
54.5166015625
39.790401458740234
39.99570083618164
40.24570083618164
40.610198974609375
40.97010040283203
41.037200927734375
40.13249969482422
38.56589889526367
55.21799850463867
55.08359909057617
55.67919921875
55.362701416015625
55.417701721191406
58.17210006713867
54.78689956665039
54.7140007019043
55.551700592041016
56.355499267578125
55.85340118408203
55.70940017700195
55.925899505615234
55.781898498535156
56.21030044555664
56.097999572753906
57.305999755859375
57.08980178833008
57.42219924926758
57.4921989440918
58.43159866333008
58.25239944458008
58.647098541259766
58.516700744628906
57.154998779296875
56.91809844970703
57.965301513671875
57.76639938354492
56.59080123901367
57.56050109863281
56.80110168457031
56.8921012878418
58.719600677490234
57.716400146484375
58.0458984375
57.933101654052734
56.42940139770508
53.6890983581543
54.008399963378906
53.862701416015625
54.327999114990234
54.16859817504883
50.44919967651367
50.230499267578125
49.782901763916016
49.60089874267578
49.90629959106445
49.40620040893555
50.15010070800781
50.125301361083984
51.697200775146484
51.54410171508789
53.88890075683594
51.041500091552734
50.09270095825195
49.942298889160156
51.326698303222656
51.31489944458008
51.204898834228516
52.365299224853516
50.41360092163086
50.994998931884766
52.66469955444336
52.48360061645508
53.023101806640625
52.849300384521484
49.084800720214844
49.74829864501953
49.22589874267578
49.60240173339844
50.72829818725586
50.6072998046875
50.827301025390625
50.81119918823242
53.3922004699707
53.34870147705078
52.523799896240234
51.980098724365234
52.95690155029297
52.84579849243164
53.205299377441406
53.22700119018555
51.83380126953125
51.674400329589844
52.21149826049805
52.0265007019043
52.33919906616211
52.145301818847656
51.5015983581543
51.853599548339844
44.0994987487793
45.4827995300293
44.51319885253906
44.30350112915039
44.912498474121094
45.878700256347656
45.293399810791016
45.08300018310547
51.33879852294922
46.46929931640625
53.61940002441406
52.62879943847656
44.796600341796875
44.679100036621094
46.212100982666016
46.13029861450195
45.07099914550781
47.46760177612305
44.46989822387695
44.42559814453125
47.94810104370117
47.76100158691406
47.318599700927734
47.13090133666992
45.48720169067383
45.28820037841797
45.75040054321289
45.77899932861328
44.79690170288086
44.794898986816406
45.64910125732422
44.6880989074707
47.074501037597656
46.974998474121094
46.4114990234375
46.63090133666992
46.75120162963867
47.472900390625
47.44160079956055
47.590599060058594
47.33449935913086
46.60689926147461
46.36759948730469
46.867401123046875
46.826900482177734
43.12950134277344
43.06370162963867
43.340301513671875
43.67210006713867
42.685699462890625
42.53030014038086
43.79719924926758
42.78229904174805
43.527000427246094
35.635799407958984
35.42250061035156
36.0525016784668
35.84429931640625
34.91059875488281
34.7218017578125
35.2135009765625
35.10689926147461
34.64500045776367
34.590599060058594
34.22529983520508
34.86970138549805
35.511199951171875
36.14179992675781
34.475101470947266
37.10919952392578
36.89899826049805
36.796199798583984
36.104400634765625
36.17470169067383
36.510101318359375
35.877601623535156
36.73099899291992
36.921199798583984
35.371700286865234
35.73809814453125
35.11040115356445
35.562599182128906
36.34489822387695
36.3025016784668
35.26599884033203
36.465301513671875
37.52539825439453
60.87770080566406
54.21699905395508
40.19430160522461
32.989200592041016
32.7947998046875
33.202701568603516
32.997501373291016
33.7588005065918
33.656700134277344
33.981201171875
33.90250015258789
33.35430145263672
32.7056999206543
32.62910079956055
33.150901794433594
32.531700134277344
32.441001892089844
34.382999420166016
35.01190185546875
34.765098571777344
34.5724983215332
37.877201080322266
37.912899017333984
37.466800689697266
38.10210037231445
34.15330123901367
34.06760025024414
33.49980163574219
34.355201721191406
34.75469970703125
34.66189956665039
34.24700164794922
33.4208984375
38.31909942626953
38.15380096435547
38.410400390625
38.549598693847656
37.37030029296875
37.19459915161133
38.786800384521484
38.974300384521484
38.735599517822266
39.390098571777344
37.73310089111328
37.6057014465332
38.954898834228516
38.46649932861328
39.10710144042969
39.0791015625
40.06039810180664
39.87889862060547
39.21689987182617
39.57400131225586
39.111900329589844
40.36149978637695
40.218299865722656
39.74169921875
36.8745002746582
37.50899887084961
37.08679962158203
36.96860122680664
39.71110153198242
39.38560104370117
39.78260040283203
39.667999267578125
56.293800354003906
56.192298889160156
56.68790054321289
56.4723014831543
56.85200119018555
56.554298400878906
56.06589889526367
56.943599700927734
57.69380187988281
57.380699157714844
55.98400115966797
56.99140167236328
57.160499572753906
56.816200256347656
57.2052001953125
57.29130172729492
54.70280075073242
54.282798767089844
54.60449981689453
54.56660079956055
54.91619873046875
55.61949920654297
55.476600646972656
54.9838981628418
55.82210159301758
55.17679977416992
54.75469970703125
55.36830139160156
55.23080062866211
39.961299896240234
39.71799850463867
39.34560012817383
40.02450180053711
41.5453987121582
42.88600158691406
39.60309982299805
39.65190124511719
40.268699645996094
41.940101623535156
41.72420120239258
42.223201751708984
41.9640998840332
42.242801666259766
42.04090118408203
42.41460037231445
42.63090133666992
43.239601135253906
43.2411994934082
42.650901794433594
42.56919860839844
42.8307991027832
42.282901763916016
43.022300720214844
42.8390007019043
41.08729934692383
40.206298828125
40.92399978637695
40.75510025024414
39.95130157470703
39.87289810180664
40.218299865722656
40.432498931884766
40.66630172729492
40.6349983215332
42.4109001159668
40.89400100708008
41.16889953613281
41.11309814453125
40.4197998046875
41.384498596191406
48.51319885253906
49.1974983215332
50.128501892089844
50.06629943847656
48.62540054321289
48.303199768066406
49.02280044555664
48.811500549316406
41.407100677490234
41.722599029541016
40.59960174560547
41.56650161743164
47.508399963378906
49.84339904785156
41.26070022583008
41.88330078125
49.56340026855469
49.339298248291016
48.301300048828125
49.634300231933594
49.81610107421875
49.83489990234375
49.14849853515625
49.16469955444336
47.887699127197266
47.66400146484375
48.19150161743164
47.927101135253906
48.133399963378906
47.97100067138672
48.479801177978516
48.49340057373047
49.636600494384766
48.80139923095703
49.46039962768555
49.297401428222656
48.45819854736328
49.120601654052734
48.636600494384766
48.97159957885742
40.45249938964844
40.33449935913086
41.04840087890625
40.9630012512207
39.95330047607422
40.7130012512207
40.2943000793457
40.50510025024414
40.77840042114258
40.7047004699707
41.07780075073242
41.293399810791016
41.3380012512207
41.63529968261719
41.44710159301758
38.11790084838867
37.88240051269531
38.90829849243164
38.20100021362305
52.473201751708984
52.657798767089844
41.77750015258789
52.24250030517578
38.65800094604492
38.548301696777344
38.972599029541016
38.90330123901367
39.26810073852539
39.206600189208984
38.619598388671875
38.48249816894531
64.65190124511719
64.7697982788086
58.248600006103516
58.01409912109375
56.51689910888672
56.50019836425781
58.56999969482422
58.3765983581543
57.78219985961914
58.74570083618164
65.10890197753906
65.01629638671875
64.30169677734375
57.015098571777344
56.772300720214844
59.03179931640625
56.19540023803711
57.453399658203125
57.24729919433594
57.80270004272461
57.70600128173828
61.029300689697266
60.735599517822266
60.29100036621094
61.134700775146484
57.491798400878906
57.31330108642578
58.08369827270508
58.142601013183594
56.698299407958984
57.117801666259766
57.32429885864258
56.900299072265625
59.432498931884766
59.822601318359375
60.12900161743164
59.60219955444336
61.33639907836914
60.808101654052734
61.16590118408203
61.30229949951172
59.93320083618164
59.79800033569336
60.65719985961914
60.40629959106445
59.309600830078125
60.061500549316406
59.515499114990234
59.34400177001953
60.26390075683594
58.89690017700195
60.63570022583008
60.4906005859375
58.39229965209961
58.237300872802734
58.7046012878418
59.092498779296875
60.951900482177734
61.13159942626953
60.878700256347656
61.27470016479492
59.99100112915039
60.16170120239258
60.333099365234375
60.40119934082031
55.73889923095703
56.10129928588867
56.35639953613281
55.85279846191406
55.79249954223633
59.215999603271484
58.02479934692383
55.61389923095703
55.96989822387695
55.73640060424805
55.35860061645508
58.22629928588867
58.14720153808594
59.42300033569336
58.635101318359375
58.977500915527344
58.9286994934082
58.10060119628906
59.14649963378906
59.891700744628906
59.55099868774414
60.003700256347656
59.84629821777344
60.52880096435547
60.405601501464844
59.528900146484375
58.8297004699707
59.30189895629883
59.057098388671875
58.70069885253906
58.49380111694336
58.29999923706055
59.609500885009766
59.86790084838867
60.28129959106445
60.022300720214844
57.69879913330078
57.724998474121094
59.62919998168945
57.527198791503906
58.012298583984375
56.786800384521484
57.23419952392578
57.13029861450195
32.3849983215332
32.303001403808594
32.4286994934082
32.635501861572266
32.7515983581543
32.575801849365234
33.81850051879883
34.07720184326172
34.56679916381836
33.290199279785156
34.19060134887695
34.46500015258789
32.87080001831055
33.069801330566406
33.18159866333008
33.0890007019043
33.445499420166016
33.4375
33.66619873046875
33.690399169921875
32.22209930419922
32.067100524902344
61.859901428222656
61.56809997558594
62.19369888305664
61.95180130004883
61.393001556396484
62.27040100097656
62.20249938964844
62.41659927368164
60.57210159301758
60.8125
61.411399841308594
61.291900634765625
61.888999938964844
61.782100677490234
61.064300537109375
60.92639923095703
61.503700256347656
61.745201110839844
61.121498107910156
61.19129943847656
60.576499938964844
60.44540023803711
59.73759841918945
59.97700119018555
60.35240173339844
59.65850067138672
58.48720169067383
58.727298736572266
59.02669906616211
59.08700180053711
60.0723991394043
59.95930099487305
60.93389892578125
60.806800842285156
59.25090026855469
60.11259841918945
59.65439987182617
59.425899505615234
57.97200012207031
58.39390182495117
58.281700134277344
57.74340057373047
58.25210189819336
58.06909942626953
58.86399841308594
58.73630142211914
59.33940124511719
59.23529815673828
60.07699966430664
58.042301177978516
60.465599060058594
60.32609939575195
34.74020004272461
34.70930099487305
34.95009994506836
34.9556999206543
37.680198669433594
37.03929901123047
34.56019973754883
36.402400970458984
35.10649871826172
34.46120071411133
33.85179901123047
34.309898376464844
34.058998107910156
34.18980026245117
34.14720153808594
35.52439880371094
35.47850036621094
37.27909851074219
35.76060104370117
36.18960189819336
36.01210021972656
35.38859939575195
35.352901458740234
36.55820083618164
37.548099517822266
36.922298431396484
36.736698150634766
37.079898834228516
36.87739944458008
37.36149978637695
37.193599700927734
33.11539840698242
33.602901458740234
33.0989990234375
32.91559982299805
33.43220138549805
33.278900146484375
33.686100006103516
33.39459991455078
35.81039810180664
35.19340133666992
36.10820007324219
36.23080062866211
36.778499603271484
33.21099853515625
36.43439865112305
36.644798278808594
38.24909973144531
37.721099853515625
38.56380081176758
38.33940124511719
37.41059875488281
38.045101165771484
37.51179885864258
37.922298431396484
38.05270004272461
38.01850128173828
33.90879821777344
38.32389831542969
38.5974006652832
38.669898986816406
37.878700256347656
38.72679901123047
38.95790100097656
54.51340103149414
54.80950164794922
54.76150131225586
37.090301513671875
36.97370147705078
36.736698150634766
53.65739822387695
53.83530044555664
53.97650146484375
52.70800018310547
54.13119888305664
54.07460021972656
54.27410125732422
54.34109878540039
54.91709899902344
52.79209899902344
53.0536003112793
54.62839889526367
54.79090118408203
53.57939910888672
53.42190170288086
53.419898986816406
53.83789825439453
53.92839813232422
52.87070083618164
52.96630096435547
53.21900177001953
53.222198486328125
41.503501892089844
40.7046012878418
49.15449905395508
49.027000427246094
49.092498779296875
49.389400482177734
49.63010025024414
49.706199645996094
49.7692985534668
48.96760177612305
41.010799407958984
40.99850082397461
41.10499954223633
41.301300048828125
50.03139877319336
53.9463005065918
48.749698638916016
41.13529968261719
49.81370162963867
49.982398986816406
50.76900100708008
50.553199768066406
50.525901794433594
50.380401611328125
49.690399169921875
50.19089889526367
50.56549835205078
50.69169998168945
49.58290100097656
49.392398834228516
50.79790115356445
50.9723014831543
50.18470001220703
50.393001556396484
53.36869812011719
53.589698791503906
53.53179931640625
53.71039962768555
52.744598388671875
52.7218017578125
53.066200256347656
53.28010177612305
51.922401428222656
52.074501037597656
52.31159973144531
51.649200439453125
52.93840026855469
53.14149856567383
53.29719924926758
51.93980026245117
51.6525993347168
50.79930114746094
51.01390075683594
51.00450134277344
50.67490005493164
51.218299865722656
51.81560134887695
51.44269943237305
52.098899841308594
52.21739959716797
52.49399948120117
52.530399322509766
51.15810012817383
51.31489944458008
51.452598571777344
52.88600158691406
44.797298431396484
44.79909896850586
44.69169998168945
44.641998291015625
44.79710006713867
45.48529815673828
51.91130065917969
44.90620040893555
45.070701599121094
45.28609848022461
44.53519821166992
32.743900299072266
32.86429977416992
32.4817008972168
32.53620147705078
32.70389938354492
32.33420181274414
48.871498107910156
49.10129928588867
49.286399841308594
48.604801177978516
47.74340057373047
47.91640090942383
47.21039962768555
48.83430099487305
47.03960037231445
46.679100036621094
46.874698638916016
47.31010055541992
47.7859001159668
48.0619010925293
48.29199981689453
48.3567008972168
46.89929962158203
47.015098571777344
47.32440185546875
47.5181999206543
47.0806999206543
46.317100524902344
46.475399017333984
46.66230010986328
50.21620178222656
50.27199935913086
49.970699310302734
47.17300033569336
49.247100830078125
49.44969940185547
49.63079833984375
49.79819869995117
48.38890075683594
48.57279968261719
48.056800842285156
47.82749938964844
47.4031982421875
47.49879837036133
48.20600128173828
48.761199951171875
51.00130081176758
50.88180160522461
50.945701599121094
51.238399505615234
50.62670135498047
50.45930099487305
50.270599365234375
50.84199905395508
50.008201599121094
50.02629852294922
49.43330001831055
49.078399658203125
50.60139846801758
50.61109924316406
49.59629821777344
49.77989959716797
52.679298400878906
52.8302001953125
53.13520050048828
53.1963996887207
53.028099060058594
52.05440139770508
52.23379898071289
51.93939971923828
48.910701751708984
52.50080108642578
52.516300201416016
52.73899841308594
52.899600982666016
42.86709976196289
43.13679885864258
38.12900161743164
38.23139953613281
42.25090026855469
42.46590042114258
42.52470016479492
42.8047981262207
37.88349914550781
38.833900451660156
38.16230010986328
38.29159927368164
38.546199798583984
38.63130187988281
43.93330001831055
44.13750076293945
44.25320053100586
44.482601165771484
45.475399017333984
45.424198150634766
45.567298889160156
44.3031005859375
44.7849006652832
44.979698181152344
45.15850067138672
42.05730056762695
44.5166015625
43.75320053100586
43.835201263427734
44.10660171508789
43.44499969482422
43.412601470947266
43.52399826049805
44.43069839477539
43.73619842529297
43.036399841308594
43.06650161743164
43.319698333740234
45.79460144042969
45.344200134277344
44.96289825439453
45.17770004272461
44.632301330566406
44.73400115966797
45.46799850463867
45.687801361083984
41.76340103149414
41.9718017578125
41.117801666259766
41.2130012512207
41.351898193359375
41.41339874267578
41.53329849243164
41.71549987792969
42.288700103759766
42.376399993896484
42.67100143432617
42.715999603271484
41.43539810180664
40.129398345947266
40.171600341796875
40.472801208496094
39.9739990234375
38.967098236083984
39.12200164794922
39.32429885864258
39.48080062866211
39.74530029296875
39.75090026855469
39.85219955444336
40.70069885253906
40.827301025390625
40.75389862060547
40.87329864501953
39.52090072631836
41.09170150756836
40.375
40.44449996948242
39.02989959716797
38.81169891357422
38.79280090332031
39.410499572753906
42.077598571777344
40.1244010925293
39.1786994934082
38.526798248291016
60.708900451660156
60.883201599121094
60.981300354003906
61.11800003051758
61.26240158081055
60.6338005065918
46.051300048828125
46.40999984741211
47.219200134277344
43.76029968261719
43.974700927734375
44.77069854736328
44.84170150756836
44.24869918823242
44.40570068359375
44.59080123901367
43.49399948120117
46.650901794433594
46.83679962158203
46.83369827270508
45.97079849243164
45.217899322509766
46.18939971923828
46.32500076293945
46.65140151977539
48.22779846191406
44.72060012817383
45.959999084472656
44.9723014831543
47.666500091552734
47.57939910888672
47.73759841918945
47.97010040283203
45.82749938964844
43.798500061035156
43.90840148925781
44.262298583984375
45.08829879760742
45.48809814453125
45.54669952392578
45.68730163574219
48.666500091552734
48.20249938964844
48.444400787353516
47.470298767089844
47.184200286865234
47.98789978027344
45.80849838256836
45.52980041503906
45.50590133666992
46.20759963989258
44.7599983215332
45.95539855957031
45.04249954223633
45.1338996887207
45.995601654052734
46.25299835205078
46.53499984741211
46.340301513671875
46.73929977416992
46.81909942626953
46.0004997253418
47.114200592041016
47.22129821777344
48.032100677490234
48.10110092163086
47.36800003051758
47.41749954223633
47.13800048828125
47.20719909667969
47.762901306152344
46.95909881591797
47.471500396728516
47.67169952392578
47.87120056152344
47.965599060058594
41.42610168457031
41.53960037231445
41.66559982299805
40.97570037841797
39.864601135253906
39.95090103149414
41.146400451660156
41.26570129394531
40.87289810180664
40.94499969482422
41.16709899902344
41.76530075073242
40.29209899902344
40.39670181274414
40.49509811401367
40.60900115966797
42.050498962402344
42.14339828491211
42.271400451660156
42.37710189819336
40.26100158691406
39.473201751708984
39.6682014465332
39.7593994140625
39.38059997558594
40.15290069580078
39.96110153198242
40.06610107421875
42.62990188598633
42.74340057373047
42.87269973754883
41.88119888305664
42.972198486328125
41.78150177001953
42.377899169921875
42.48350143432617
37.05179977416992
37.57059860229492
37.3484992980957
37.31890106201172
43.757301330566406
43.85940170288086
38.6786994934082
37.71260070800781
44.015899658203125
42.55139923095703
42.63529968261719
42.927799224853516
43.60260009765625
43.684600830078125
44.28160095214844
44.04439926147461
42.389400482177734
42.70830154418945
43.29719924926758
43.525901794433594
42.93840026855469
43.17369842529297
43.114898681640625
42.32709884643555
40.92129898071289
41.22010040283203
41.275901794433594
42.270198822021484
40.332000732421875
40.50699996948242
40.594600677490234
40.857601165771484
42.08869934082031
42.0619010925293
43.34489822387695
44.4093017578125
41.60770034790039
41.631900787353516
41.89120101928711
41.85540008544922
49.8286018371582
50.161598205566406
49.240699768066406
49.46080017089844
49.69960021972656
49.89670181274414
49.75450134277344
52.44929885864258
51.619998931884766
51.691898345947266
51.77560043334961
52.20859909057617
51.81829833984375
51.989498138427734
52.217201232910156
43.29010009765625
52.0614013671875
51.3296012878418
42.95399856567383
43.195499420166016
51.326499938964844
49.88840103149414
50.630001068115234
50.88679885864258
53.37590026855469
53.0458984375
51.66740036010742
51.54079818725586
50.31050109863281
50.3557014465332
50.55379867553711
50.636199951171875
51.070098876953125
50.93629837036133
51.00189971923828
50.06769943237305
53.97019958496094
54.1078987121582
52.69309997558594
53.218299865722656
54.20830154418945
54.37200164794922
53.57699966430664
53.81079864501953
52.6598014831543
52.7234001159668
52.77109909057617
53.31060028076172
52.83259963989258
52.98809814453125
52.58369827270508
52.41189956665039
53.5458984375
53.36429977416992
54.16899871826172
53.93510055541992
53.87369918823242
53.71969985961914
44.60960006713867
44.72159957885742
44.95109939575195
45.46699905395508
45.09669876098633
44.140098571777344
44.339900970458984
44.40230178833008
46.11149978637695
45.199798583984375
45.5088996887207
45.63909912109375
45.79059982299805
45.859798431396484
42.16360092163086
42.281700134277344
42.53010177612305
42.633399963378906
42.69260025024414
42.919898986816406
42.0702018737793
42.26750183105469
43.8745002746582
42.904998779296875
44.7494010925293
45.00709915161133
43.049400329589844
43.224098205566406
43.449798583984375
43.67839813232422
49.466800689697266
49.28239822387695
49.36970138549805
49.74509811401367
47.94150161743164
48.26179885864258
47.46179962158203
49.24879837036133
43.88460159301758
43.97370147705078
42.54800033569336
43.13420104980469
49.00230026245117
43.27090072631836
43.44499969482422
43.556800842285156
48.58259963989258
48.73040008544922
47.40869903564453
46.586700439453125
48.96440124511719
48.184200286865234
48.47309875488281
48.65739822387695
47.1593017578125
47.697898864746094
47.65489959716797
47.90999984741211
46.669700622558594
46.92610168457031
47.059200286865234
46.93830108642578
50.72589874267578
50.490699768066406
49.760799407958984
50.02040100097656
50.98270034790039
51.2052001953125
51.533199310302734
51.605098724365234
50.86750030517578
50.96590042114258
51.25870132446289
50.478599548339844
50.21649932861328
50.08430099487305
50.15399932861328
50.78310012817383
39.54309844970703
39.70500183105469
40.0078010559082
39.2598991394043
39.52470016479492
39.64419937133789
51.86330032348633
51.9911003112793
52.178199768066406
51.4546012878418
46.226600646972656
50.84130096435547
51.629398345947266
51.9213981628418
32.59619903564453
32.138999938964844
32.95000076293945
33.06060028076172
33.26359939575195
32.364898681640625
33.13589859008789
32.97850036621094
32.438201904296875
32.0177001953125
32.2130012512207
32.69820022583008
31.920499801635742
45.569000244140625
45.83250045776367
45.88399887084961
46.024898529052734
46.16550064086914
46.2943000793457
46.55759811401367
46.67789840698242
47.1343994140625
47.21730041503906
47.4901008605957
46.705101013183594
46.29790115356445
46.54710006713867
46.96009826660156
46.87580108642578
51.868900299072266
54.82360076904297
53.79600143432617
54.97549819946289
51.05500030517578
54.12009811401367
54.13869857788086
54.3026008605957
54.58140182495117
51.701499938964844
50.67020034790039
50.92599868774414
51.089500427246094
50.960899353027344
51.15510177612305
51.21839904785156
51.45970153808594
52.21889877319336
51.424800872802734
51.83570098876953
51.749698638916016
52.76070022583008
52.99399948120117
52.002899169921875
52.26150131225586
51.920799255371094
52.68939971923828
52.56489944458008
52.61220169067383
52.58290100097656
51.94350051879883
52.89789962768555
52.98860168457031
52.20309829711914
52.18149948120117
52.300899505615234
52.52629852294922
56.157100677490234
56.39870071411133
55.77859878540039
53.2411994934082
55.934200286865234
55.95389938354492
56.156898498535156
54.09410095214844
54.270599365234375
54.42319869995117
54.512298583984375
55.304901123046875
55.39759826660156
55.59389877319336
53.98630142211914
54.82569885253906
55.00279998779297
55.13019943237305
52.08150100708008
54.657798767089844
53.84619903564453
53.93949890136719
54.188499450683594
53.78300094604492
53.04710006713867
53.131900787353516
53.32590103149414
52.422000885009766
52.65760040283203
52.75640106201172
55.6786994934082
54.98830032348633
55.08549880981445
55.212799072265625
53.501800537109375
53.64690017700195
53.602298736572266
54.73780059814453
51.03609848022461
50.64550018310547
50.871299743652344
50.22589874267578
51.217201232910156
51.132598876953125
51.285499572753906
51.59120178222656
46.720401763916016
51.4723014831543
50.822200775146484
51.05459976196289
51.488800048828125
50.427398681640625
50.407100677490234
50.618099212646484
51.75749969482422
51.8577995300293
52.02330017089844
52.14039993286133
46.21900177001953
46.427101135253906
46.59120178222656
45.75619888305664
45.866798400878906
46.02130126953125
58.56439971923828
58.673301696777344
58.93090057373047
58.7056999206543
58.82310104370117
59.009700775146484
45.82590103149414
45.91749954223633
45.176998138427734
44.14099884033203
44.860801696777344
45.46969985961914
45.45650100708008
45.581600189208984
38.250099182128906
46.18000030517578
43.15330123901367
43.300498962402344
43.43659973144531
44.671199798583984
43.437599182128906
43.567501068115234
43.7411994934082
43.94179916381836
44.4473991394043
44.4208984375
44.54570007324219
44.79800033569336
44.76499938964844
45.290199279785156
45.0629997253418
45.040199279785156
43.93550109863281
44.13890075683594
42.70320129394531
42.75120162963867
44.44580078125
43.6057014465332
43.714698791503906
44.3129997253418
42.512699127197266
42.787899017333984
42.95009994506836
43.431400299072266
43.32619857788086
42.96649932861328
43.1885986328125
42.45970153808594
40.88010025024414
40.74039840698242
40.96160125732422
41.18199920654297
39.53010177612305
39.720001220703125
39.864898681640625
40.82419967651367
41.49909973144531
41.574100494384766
41.817901611328125
43.44219970703125
41.209800720214844
40.49380111694336
40.682098388671875
40.819400787353516
40.11130142211914
40.243499755859375
38.85029983520508
38.91239929199219
39.818199157714844
39.86429977416992
40.085201263427734
40.18709945678711
38.37779998779297
38.551300048828125
38.760398864746094
38.91310119628906
39.1427001953125
39.24980163574219
39.17250061035156
39.29859924316406
41.458499908447266
42.119598388671875
42.30720138549805
42.403499603271484
41.164798736572266
41.420799255371094
42.069698333740234
42.194801330566406
39.519500732421875
40.485198974609375
41.993900299072266
41.772499084472656
41.75960159301758
42.12229919433594
55.102699279785156
60.34280014038086
55.946800231933594
55.529300689697266
55.72330093383789
55.91569900512695
56.35060119628906
56.497100830078125
56.33919906616211
56.445701599121094
55.345401763916016
55.40919876098633
55.64059829711914
55.80329895019531
56.143001556396484
56.81330108642578
56.94779968261719
57.182899475097656
59.7578010559082
59.9827995300293
60.11429977416992
59.289398193359375
59.04330062866211
59.80609893798828
59.39569854736328
59.61069869995117
58.3213996887207
58.61980056762695
57.892799377441406
56.07339859008789
59.417701721191406
59.6609992980957
58.00230026245117
58.22949981689453
57.129798889160156
57.14550018310547
56.967201232910156
57.276798248291016
57.41109848022461
58.006900787353516
57.62369918823242
57.81800079345703
58.47629928588867
58.75120162963867
58.907501220703125
58.894500732421875
57.483001708984375
57.70289993286133
59.16270065307617
58.351200103759766
58.108699798583984
56.74190139770508
59.289798736572266
59.04859924316406
58.263099670410156
49.275699615478516
49.963600158691406
49.81660079956055
49.64619827270508
41.03799819946289
49.03810119628906
49.34939956665039
52.746700286865234
52.76070022583008
52.51060104370117
52.42919921875
52.31230163574219
52.22209930419922
52.97779846191406
52.95930099487305
49.98500061035156
50.160099029541016
53.246700286865234
52.586700439453125
49.50809860229492
49.57360076904297
50.29079818725586
50.26279830932617
52.005001068115234
51.8838005065918
51.90769958496094
51.75419998168945
50.469600677490234
50.55730056762695
50.280601501464844
50.911598205566406
51.13019943237305
51.100101470947266
50.824100494384766
50.6338005065918
50.886600494384766
51.62770080566406
51.456199645996094
51.286399841308594
51.55849838256836
52.15840148925781
44.799400329589844
40.27899932861328
40.15330123901367
40.11980056762695
40.9193000793457
40.49580001831055
40.398101806640625
41.13890075683594
41.0359001159668
39.93429946899414
42.34519958496094
42.15489959716797
41.990299224853516
41.819400787353516
41.727901458740234
41.53200149536133
41.471099853515625
41.357601165771484
42.17959976196289
40.805999755859375
40.721500396728516
40.5364990234375
41.73460006713867
54.08610153198242
54.06669998168945
53.842201232910156
53.682701110839844
53.67279815673828
53.65409851074219
53.344600677490234
53.55149841308594
52.533599853515625
52.032501220703125
52.712398529052734
53.89830017089844
52.315399169921875
52.16529846191406
55.10419845581055
56.575599670410156
56.37730026245117
56.195899963378906
55.49489974975586
55.36050033569336
55.19779968261719
54.89759826660156
54.7056999206543
54.64619827270508
54.753501892089844
54.61069869995117
56.09809875488281
55.8828010559082
55.7588005065918
55.01689910888672
55.47779846191406
54.34830093383789
34.868099212646484
36.193599700927734
55.184600830078125
55.371299743652344
55.70880126953125
55.840599060058594
56.2307014465332
56.09980010986328
55.51300048828125
55.73360061645508
55.907501220703125
56.12879943847656
56.692100524902344
56.572200775146484
33.93349838256836
34.13479995727539
34.61000061035156
34.69329833984375
35.753299713134766
35.60319900512695
34.2328987121582
34.14310073852539
35.1067008972168
35.90010070800781
35.87990188598633
36.024600982666016
35.535701751708984
35.250701904296875
35.21049880981445
35.36520004272461
37.0536994934082
36.877201080322266
36.22850036621094
36.45610046386719
37.18619918823242
37.24660110473633
37.102901458740234
36.84320068359375
36.61859893798828
36.50790023803711
36.58649826049805
34.48059844970703
34.38859939575195
34.29029846191406
34.95640182495117
54.349700927734375
56.8120002746582
56.71670150756836
56.06169891357422
55.8754997253418
56.175498962402344
56.54869842529297
56.41889953613281
56.318599700927734
56.8135986328125
52.26969909667969
53.073299407958984
52.923500061035156
48.5161018371582
48.375
48.23149871826172
48.15060043334961
48.95050048828125
48.7859001159668
48.64780044555664
49.06829833984375
41.634700775146484
60.35449981689453
60.11629867553711
59.39970016479492
48.773101806640625
60.01110076904297
59.78820037841797
59.70280075073242
60.482200622558594
60.3302001953125
60.20800018310547
59.97480010986328
44.08060073852539
43.94879913330078
45.500999450683594
45.23569869995117
44.53969955444336
44.44029998779297
44.155799865722656
44.009700775146484
49.03150177001953
46.27180099487305
44.78110122680664
43.727298736572266
49.50680160522461
49.18149948120117
49.10580062866211
49.23659896850586
45.131099700927734
44.70199966430664
44.76459884643555
45.004798889160156
44.37710189819336
45.88370132446289
45.74100112915039
45.4744987487793
45.359901428222656
45.04240036010742
45.135101318359375
45.976898193359375
45.79050064086914
54.6713981628418
54.38019943237305
54.15079879760742
54.593299865722656
54.83890151977539
54.732398986816406
35.33570098876953
34.974098205566406
35.18239974975586
35.60029983520508
35.532100677490234
53.9911994934082
55.384498596191406
35.1776008605957
35.39950180053711
55.05400085449219
54.830501556396484
55.28329849243164
54.69160079956055
37.48820114135742
37.330299377441406
37.102901458740234
36.910301208496094
35.291099548339844
34.56380081176758
34.355899810791016
34.147098541259766
34.15119934082031
34.03820037841797
33.80160140991211
33.73350143432617
37.338199615478516
37.72529983520508
33.41790008544922
33.288299560546875
37.869998931884766
37.85660171508789
37.68330001831055
37.55070114135742
33.506099700927734
33.72999954223633
32.51150131225586
33.99850082397461
33.13819885253906
33.1083984375
32.81119918823242
32.74869918823242
34.66270065307617
34.45479965209961
34.870601654052734
33.291500091552734
34.382999420166016
35.15890121459961
34.922000885009766
34.849998474121094
35.36989974975586
35.18280029296875
35.55799865722656
35.057701110839844
36.19269943237305
36.23619842529297
36.06169891357422
36.08190155029297
35.7244987487793
35.50320053100586
36.645301818847656
36.41709899902344
34.179100036621094
34.34640121459961
36.03860092163086
35.928001403808594
36.474998474121094
37.1786003112793
35.77560043334961
36.71950149536133
36.87590026855469
36.7958984375
54.28419876098633
54.1077995300293
53.877498626708984
53.64970016479492
55.02040100097656
55.34120178222656
55.247398376464844
53.530799865722656
58.994300842285156
58.82149887084961
58.52320098876953
58.32699966430664
59.15840148925781
54.075199127197266
54.274898529052734
54.23350143432617
55.028900146484375
53.084598541259766
54.8672981262207
54.6510009765625
54.40959930419922
52.928001403808594
53.32600021362305
53.525299072265625
53.487300872802734
53.36819839477539
53.132598876953125
52.89509963989258
52.69200134277344
55.98249816894531
55.792598724365234
56.20240020751953
57.54029846191406
55.669700622558594
56.61140060424805
56.36759948730469
56.35319900512695
56.7947998046875
56.06840133666992
55.8578987121582
55.6879997253418
54.89229965209961
54.97639846801758
54.583499908447266
53.82160186767578
56.3406982421875
57.08729934692383
55.29059982299805
55.50019836425781
57.46839904785156
56.801998138427734
56.78310012817383
56.54059982299805
57.850399017333984
57.65610122680664
57.50849914550781
57.404701232910156
57.35219955444336
57.14619827270508
56.92559814453125
58.05120086669922
55.6234016418457
39.51089859008789
40.60850143432617
40.453399658203125
40.5265007019043
40.91899871826172
40.15330123901367
39.97209930419922
39.7218017578125
39.3661003112793
41.2947998046875
41.00790023803711
40.174400329589844
39.93040084838867
40.398399353027344
56.092899322509766
55.91780090332031
55.743099212646484
55.57400131225586
57.5099983215332
56.23360061645508
55.25979995727539
56.173099517822266
56.073001861572266
55.81809997558594
54.292598724365234
57.11539840698242
57.16469955444336
57.018798828125
56.795799255371094
56.51490020751953
56.41569900512695
56.31370162963867
57.26850128173828
55.48059844970703
55.33380126953125
56.8765983581543
56.70289993286133
52.38309860229492
52.175899505615234
51.89229965209961
51.69559860229492
53.48619842529297
52.05739974975586
52.69879913330078
52.449798583984375
53.955299377441406
53.8583984375
53.733699798583984
53.58570098876953
53.64739990234375
53.42449951171875
53.321800231933594
54.1328010559082
52.60150146484375
52.496700286865234
53.24909973144531
52.288700103759766
53.08760070800781
53.11439895629883
52.90760040283203
52.87699890136719
52.02920150756836
51.85340118408203
52.18669891357422
51.659698486328125
51.515899658203125
51.26459884643555
51.40359878540039
51.38959884643555
54.86589813232422
54.20909881591797
54.50979995727539
54.36869812011719
55.17559814453125
55.06079864501953
55.10150146484375
54.91569900512695
54.63850021362305
54.689998626708984
57.41299819946289
58.040000915527344
57.721500396728516
57.65879821777344
57.89950180053711
57.925498962402344
47.2484016418457
47.04690170288086
47.81230163574219
47.66939926147461
48.39500045776367
48.25680160522461
48.06919860839844
47.41830062866211
45.74570083618164
45.76150131225586
45.4724006652832
45.2869987487793
45.279300689697266
45.066200256347656
44.907100677490234
45.8651008605957
46.452999114990234
46.17250061035156
46.09880065917969
45.476600646972656
47.71480178833008
47.30619812011719
47.36800003051758
47.583499908447266
44.69179916381836
44.54169845581055
44.33100128173828
44.130401611328125
46.04750061035156
45.95539855957031
45.74720001220703
42.89780044555664
46.6245002746582
46.407100677490234
46.36920166015625
47.00130081176758
45.6254997253418
46.83039855957031
46.704498291015625
46.736000061035156
42.37710189819336
42.314998626708984
41.67340087890625
41.53139877319336
43.508399963378906
43.4276008605957
42.75279998779297
42.653900146484375
43.94369888305664
43.82740020751953
43.88930130004883
43.7588996887207
43.55820083618164
43.369998931884766
43.16379928588867
43.009700775146484
42.55039978027344
43.18130111694336
42.253700256347656
42.15999984741211
42.83649826049805
42.8401985168457
43.05080032348633
42.58810043334961
41.982398986816406
41.68429946899414
41.48249816894531
41.877498626708984
41.322898864746094
41.2244987487793
42.05009841918945
41.91640090942383
48.512699127197266
48.284400939941406
48.34049987792969
48.55670166015625
44.79790115356445
44.14550018310547
48.89590072631836
48.702701568603516
44.31460189819336
44.6869010925293
45.07350158691406
44.9718017578125
41.992401123046875
44.80030059814453
44.79949951171875
44.519100189208984
47.98899841308594
47.88639831542969
47.69660186767578
49.345001220703125
49.0099983215332
48.83300018310547
49.20000076293945
48.683799743652344
47.43949890136719
48.42380142211914
48.292598724365234
48.05139923095703
47.966400146484375
47.7864990234375
47.56800079345703
48.52009963989258
48.379600524902344
46.73059844970703
46.752899169921875
48.102901458740234
47.843101501464844
46.474098205566406
47.19390106201172
47.10459899902344
46.856998443603516
46.49449920654297
46.424198150634766
46.05630111694336
45.957000732421875
45.87590026855469
45.75389862060547
45.77009963989258
46.34769821166992
46.942501068115234
47.70909881591797
46.279701232910156
46.07400131225586
47.314300537109375
47.358001708984375
47.575801849365234
47.040000915527344
42.892398834228516
42.787899017333984
44.321800231933594
44.136199951171875
43.39569854736328
43.217899322509766
42.950801849365234
42.812198638916016
45.75910186767578
46.72570037841797
43.52949905395508
42.579898834228516
45.47840118408203
45.28129959106445
45.6421012878418
45.06650161743164
42.371498107910156
42.289798736572266
42.00979995727539
41.981300354003906
43.50090026855469
43.71419906616211
43.15700149536133
43.83530044555664
44.433799743652344
44.114898681640625
44.02220153808594
43.44919967651367
43.89229965209961
43.866798400878906
43.65290069580078
44.47600173950195
41.322200775146484
41.93980026245117
48.716800689697266
42.16680145263672
41.562599182128906
41.58409881591797
41.7943000793457
41.770301818847656
42.570701599121094
42.541500091552734
42.2322998046875
57.982601165771484
57.85070037841797
58.6797981262207
58.46659851074219
58.89149856567383
58.17070007324219
58.28620147705078
58.3557014465332
58.10860061645508
57.997501373291016
59.27870178222656
59.16960144042969
58.95750045776367
59.6973991394043
59.49089813232422
59.38050079345703
59.45330047607422
58.74599838256836
52.26240158081055
52.47610092163086
53.31159973144531
53.116798400878906
51.90489959716797
52.85649871826172
52.68190002441406
52.4739990234375
52.28630065917969
52.00920104980469
51.9833984375
51.840301513671875
54.73440170288086
56.79249954223633
56.67110061645508
56.406700134277344
53.26250076293945
53.45100021362305
54.6234016418457
54.85900115966797
53.026798248291016
52.89659881591797
52.970699310302734
52.627498626708984
53.956600189208984
53.67839813232422
53.6088981628418
53.5536994934082
53.91120147705078
53.72850036621094
54.10770034790039
54.62620162963867
55.24549865722656
54.47880172729492
54.31169891357422
54.108699798583984
55.88600158691406
55.750301361083984
55.57509994506836
55.39149856567383
56.188201904296875
55.145198822021484
55.025901794433594
55.92919921875
35.45100021362305
33.97520065307617
33.775299072265625
34.60580062866211
35.276100158691406
35.933998107910156
35.82429885864258
35.63869857788086
54.83549880981445
55.02009963989258
55.15359878540039
51.6702995300293
54.62879943847656
54.407798767089844
54.23970031738281
53.570899963378906
34.86830139160156
34.719398498535156
35.30550003051758
35.51890182495117
34.05379867553711
35.03340148925781
34.994998931884766
35.120399475097656
33.816200256347656
33.64500045776367
33.6776008605957
33.402198791503906
34.34400177001953
34.30720138549805
34.45800018310547
34.203800201416016
36.44380187988281
36.8135986328125
36.319400787353516
35.990299224853516
35.80950164794922
36.15599822998047
36.63850021362305
36.74209976196289
36.45719909667969
36.242000579833984
36.13740158081055
36.5802001953125
37.22629928588867
37.09230041503906
36.90800094604492
46.63690185546875
46.54710006713867
47.347801208496094
47.186500549316406
45.592201232910156
45.555301666259766
45.32160186767578
46.9203987121582
47.648799896240234
45.14649963378906
45.86130142211914
45.795799255371094
45.704200744628906
46.51250076293945
39.43579864501953
46.3026008605957
46.17660140991211
46.147701263427734
46.315101623535156
47.24480056762695
46.91640090942383
46.699100494384766
47.10639953613281
34.734100341796875
34.53710174560547
34.46929931640625
35.18259811401367
35.458099365234375
34.829200744628906
36.404598236083984
35.46110153198242
35.99639892578125
35.846099853515625
35.74250030517578
35.68579864501953
35.24209976196289
35.032901763916016
36.14899826049805
36.094200134277344
49.61289978027344
49.43669891357422
49.256900787353516
49.054901123046875
50.3568000793457
50.700599670410156
50.480201721191406
48.874298095703125
49.77180099487305
49.68669891357422
49.65140151977539
49.40510177612305
49.04790115356445
48.47330093383789
50.21110153198242
50.00699996948242
47.9202995300293
48.31919860839844
48.83890151977539
48.64630126953125
48.674598693847656
48.49760055541992
48.31520080566406
48.12580108642578
47.15060043334961
47.03739929199219
46.729698181152344
46.6885986328125
45.93050003051758
45.6078987121582
45.55440139770508
45.30870056152344
49.21820068359375
46.288700103759766
45.15190124511719
46.024200439453125
50.17399978637695
50.33919906616211
50.334598541259766
49.957298278808594
46.433998107910156
46.19540023803711
44.98059844970703
44.75149917602539
45.750301361083984
45.81100082397461
46.05569839477539
46.53960037231445
46.97760009765625
46.90230178833008
46.12189865112305
46.367801666259766
46.44139862060547
47.24340057373047
47.38059997558594
47.37110137939453
47.68130111694336
40.11399841308594
39.93669891357422
39.83250045776367
43.99449920654297
43.8838005065918
43.67470169067383
45.52560043334961
45.13410186767578
44.930599212646484
45.34090042114258
44.76129913330078
44.54050064086914
44.31159973144531
44.355499267578125
44.60020065307617
41.59040069580078
41.552398681640625
41.312400817871094
41.116798400878906
41.919498443603516
41.16960144042969
40.95610046386719
40.85969924926758
39.092201232910156
39.12590026855469
42.229698181152344
42.0255012512207
38.80339813232422
39.49409866333008
39.44839859008789
39.203399658203125
42.898101806640625
42.78710174560547
42.597801208496094
42.36479949951172
42.18320083618164
42.22549819946289
42.466800689697266
41.1349983215332
41.37409973144531
42.654598236083984
42.6068000793457
32.97460174560547
32.74980163574219
34.14580154418945
33.074100494384766
32.677398681640625
33.078399658203125
32.99720001220703
33.85350036621094
33.645198822021484
32.05289840698242
33.463401794433594
33.32170104980469
33.27170181274414
32.39550018310547
32.312801361083984
32.502601623535156
32.23500061035156
33.499000549316406
33.73059844970703
32.818199157714844
49.6510009765625
49.63240051269531
49.45909881591797
49.49850082397461
49.214298248291016
49.97249984741211
56.56589889526367
50.49380111694336
52.62630081176758
52.325401306152344
52.3916015625
51.6974983215332
52.007999420166016
51.79389953613281
51.13309860229492
52.55110168457031
52.699100494384766
51.96739959716797
52.183799743652344
52.12810134887695
52.83169937133789
52.97140121459961
46.04240036010742
43.823699951171875
44.79899978637695
44.91120147705078
45.412200927734375
45.51319885253906
45.124698638916016
45.713600158691406
45.79159927368164
44.51070022583008
46.560298919677734
46.75310134887695
47.9203987121582
46.46099853515625
46.31460189819336
46.26679992675781
46.8661994934082
46.97549819946289
47.134300231933594
47.239898681640625
46.39550018310547
46.635799407958984
47.30379867553711
47.575199127197266
45.85649871826172
46.05630111694336
46.305999755859375
45.707698822021484
47.65370178222656
47.84400177001953
46.14690017700195
47.47269821166992
38.730499267578125
39.342899322509766
38.51449966430664
38.64099884033203
38.10499954223633
36.94129943847656
37.02399826049805
37.207298278808594
38.854801177978516
39.02109909057617
35.410499572753906
38.765098571777344
38.35490036010742
38.375999450683594
39.12889862060547
39.2504997253418
37.51100158691406
37.72880172729492
37.40010070800781
37.852298736572266
58.45429992675781
58.20940017700195
58.313899993896484
57.025699615478516
54.905399322509766
57.98249816894531
55.200401306152344
55.41450119018555
54.84000015258789
55.00680160522461
54.73160171508789
56.72100067138672
56.864898681640625
56.46220016479492
56.61830139160156
56.11869812011719
56.384498596191406
55.89789962768555
56.02299880981445
57.308998107910156
57.420799255371094
57.91389846801758
57.102901458740234
57.765201568603516
58.161800384521484
57.520999908447266
57.648799896240234
53.19710159301758
53.31549835205078
52.950599670410156
53.056800842285156
52.785400390625
52.97159957885742
53.40729904174805
53.59600067138672
56.942298889160156
55.28010177612305
53.112098693847656
53.76919937133789
55.794498443603516
56.275699615478516
55.49399948120117
55.70159912109375
52.21379852294922
52.400901794433594
52.73320007324219
52.0968017578125
53.689300537109375
54.33259963989258
52.51359939575195
52.653099060058594
53.933101654052734
53.9640007019043
54.592098236083984
54.68149948120117
54.41239929199219
54.528099060058594
54.173099517822266
54.16350173950195
57.57720184326172
59.675899505615234
59.462501525878906
58.6057014465332
57.80889892578125
57.90679931640625
58.485198974609375
57.66889953613281
58.34389877319336
58.670501708984375
58.3036994934082
58.227298736572266
59.135501861572266
59.26969909667969
58.82740020751953
58.96739959716797
59.75239944458008
59.20050048828125
59.4114990234375
59.53929901123047
60.18149948120117
60.4005012512207
60.16999816894531
59.08599853515625
60.41590118408203
59.356201171875
59.619998931884766
59.108299255371094
59.32809829711914
60.01729965209961
59.73699951171875
58.949501037597656
58.72169876098633
58.82500076293945
57.79169845581055
58.44710159301758
58.0166015625
58.33440017700195
58.174598693847656
58.19340133666992
59.476600646972656
59.77370071411133
58.52040100097656
58.717899322509766
59.888999938964844
60.569801330566406
60.88420104980469
61.04389953613281
60.58150100708008
60.68870162963867
61.24300003051758
61.509498596191406
61.31700134277344
60.41550064086914
60.94969940185547
61.18349838256836
32.24789810180664
32.39189910888672
53.41239929199219
53.27470016479492
53.351200103759766
62.6422004699707
62.819000244140625
62.23860168457031
62.44609832763672
63.202598571777344
63.53049850463867
61.8109016418457
62.97570037841797
53.31719970703125
53.89759826660156
63.74530029296875
63.916900634765625
53.169498443603516
52.92599868774414
53.498600006103516
53.68009948730469
61.99760055541992
62.06850051879883
51.973201751708984
52.3135986328125
52.015499114990234
51.87889862060547
50.28839874267578
50.53860092163086
51.54610061645508
50.07059860229492
50.758201599121094
49.94329833984375
55.11750030517578
53.46590042114258
54.69300079345703
54.94879913330078
53.95050048828125
53.117801666259766
53.43220138549805
53.624900817871094
50.69049835205078
50.972198486328125
51.48939895629883
50.552101135253906
51.260398864746094
51.80739974975586
51.12990188598633
51.06800079345703
54.19490051269531
54.47439956665039
52.68370056152344
52.77880096435547
53.599700927734375
53.83610153198242
54.61040115356445
54.071800231933594
54.43470001220703
55.06639862060547
54.24489974975586
54.27870178222656
55.37620162963867
55.466400146484375
55.02180099487305
54.86940002441406
53.28900146484375
52.79790115356445
52.648399353027344
52.2947998046875
52.59429931640625
53.030601501464844
52.53409957885742
45.207000732421875
45.22010040283203
45.03129959106445
44.942501068115234
44.76839828491211
45.587398529052734
44.391700744628906
44.50790023803711
45.67729949951172
45.9922981262207
48.90700149536133
49.144798278808594
48.779998779296875
48.610599517822266
48.50400161743164
48.77320098876953
49.39860153198242
48.37179946899414
47.14080047607422
47.29100036621094
47.26810073852539
47.12590026855469
44.65919876098633
44.74079895019531
47.55739974975586
46.77560043334961
46.75640106201172
45.8317985534668
43.60089874267578
45.484901428222656
46.37900161743164
46.3036003112793
45.92110061645508
46.219398498535156
47.54240036010742
47.82440185546875
46.47159957885742
48.3114013671875
47.96440124511719
48.752201080322266
47.802799224853516
47.94990158081055
43.898399353027344
44.032100677490234
43.57170104980469
43.75230026245117
42.416099548339844
42.937599182128906
44.051300048828125
42.33509826660156
42.88859939575195
42.02349853515625
42.80039978027344
42.70589828491211
43.237098693847656
43.34230041503906
42.254798889160156
42.417701721191406
40.5443000793457
41.999900817871094
41.20209884643555
40.738800048828125
40.8484001159668
41.50640106201172
41.76490020751953
41.255699157714844
41.556400299072266
44.29100036621094
43.527099609375
41.73509979248047
43.14780044555664
45.95069885253906
46.13140106201172
45.61579895019531
45.80070114135742
45.64310073852539
46.34349822998047
45.20140075683594
45.318599700927734
47.019100189208984
46.61149978637695
46.898399353027344
44.60810089111328
44.78969955444336
44.28990173339844
44.62289810180664
46.1609001159668
46.292598724365234
44.78879928588867
45.9557991027832
46.787498474121094
47.463600158691406
47.6150016784668
46.68080139160156
45.8120002746582
45.37070083618164
47.18539810180664
47.14630126953125
45.14250183105469
43.912200927734375
43.27069854736328
44.28409957885742
42.956600189208984
44.23979949951172
44.17660140991211
43.289798736572266
42.45119857788086
43.470001220703125
43.08679962158203
42.85540008544922
42.97249984741211
42.62480163574219
42.69850158691406
43.595401763916016
43.637901306152344
43.14789962768555
43.38970184326172
47.65449905395508
48.4734001159668
47.346099853515625
47.52280044555664
48.70610046386719
48.889198303222656
48.584999084472656
48.59159851074219
49.250099182128906
43.576900482177734
49.0973014831543
48.33089828491211
43.85350036621094
44.10919952392578
44.47480010986328
43.754798889160156
47.669498443603516
47.537498474121094
48.26300048828125
47.63529968261719
48.114200592041016
46.682701110839844
47.766998291015625
47.92620086669922
46.8307991027832
47.03990173339844
46.71780014038086
46.59320068359375
46.560001373291016
46.708099365234375
47.0807991027832
46.38209915161133
49.850799560546875
49.72779846191406
49.31159973144531
49.8567008972168
50.36989974975586
49.38010025024414
49.9724006652832
50.161800384521484
49.87419891357422
46.95589828491211
49.58829879760742
49.75849914550781
47.91780090332031
48.191898345947266
47.20709991455078
47.285301208496094
45.69169998168945
45.65409851074219
46.344398498535156
45.89910125732422
46.12630081176758
50.779300689697266
45.88290023803711
46.090999603271484
50.32600021362305
50.51639938354492
50.109901428222656
50.67539978027344
49.22740173339844
49.17559814453125
49.546600341796875
48.85559844970703
46.03300094604492
46.270198822021484
45.39939880371094
53.87910079956055
53.55649948120117
53.75740051269531
41.43389892578125
41.57929992675781
41.11640167236328
41.27470016479492
40.46649932861328
40.61600112915039
40.32699966430664
40.34429931640625
40.085601806640625
40.321800231933594
40.78670120239258
40.01839828491211
40.939300537109375
42.25310134887695
40.992401123046875
41.18899917602539
49.44309997558594
48.121299743652344
40.48759841918945
40.68880081176758
41.27899932861328
40.87080001831055
41.60150146484375
41.64630126953125
40.96379852294922
40.97869873046875
41.96039962768555
41.99620056152344
41.522701263427734
41.74700164794922
48.95940017700195
48.56760025024414
49.161399841308594
49.223201751708984
48.76409912109375
48.941001892089844
48.60850143432617
48.78670120239258
48.27579879760742
48.444801330566406
54.70589828491211
54.88460159301758
54.439701080322266
54.46070098876953
54.17879867553711
57.206298828125
56.195499420166016
56.80670166015625
57.0359001159668
56.65629959106445
57.362300872802734
56.20140075683594
56.442298889160156
54.11790084838867
53.39690017700195
55.93539810180664
54.33869934082031
53.870601654052734
53.93259811401367
53.67879867553711
53.68619918823242
54.46839904785156
55.36709976196289
55.65719985961914
55.83110046386719
55.53300094604492
55.601898193359375
55.176300048828125
55.47890090942383
54.88370132446289
55.026100158691406
54.631099700927734
54.875099182128906
56.40399932861328
56.55839920043945
55.246299743652344
56.74729919433594
61.10369873046875
61.41080093383789
61.62620162963867
60.8921012878418
62.08789825439453
62.62879943847656
61.53049850463867
62.1609001159668
62.05500030517578
62.34170150756836
62.5536003112793
61.86539840698242
55.491600036621094
56.045799255371094
62.52199935913086
56.193199157714844
60.63010025024414
59.850101470947266
60.14929962158203
60.8656005859375
60.41239929199219
60.637298583984375
60.087100982666016
60.16379928588867
59.340599060058594
59.47370147705078
58.82609939575195
59.04290008544922
61.084598541259766
61.696998596191406
59.74639892578125
61.32059860229492
62.32619857788086
62.24369812011719
62.56100082397461
59.39149856567383
59.75849914550781
62.87009811401367
62.794498443603516
59.117698669433594
58.96989822387695
59.86859893798828
59.17470169067383
60.46080017089844
60.225799560546875
59.708099365234375
59.47159957885742
60.587100982666016
61.2151985168457
57.68960189819336
61.31570053100586
61.67100143432617
61.517398834228516
60.840301513671875
61.02280044555664
61.334800720214844
62.08679962158203
61.946800231933594
61.56869888305664
62.65629959106445
61.93410110473633
61.86289978027344
58.624298095703125
58.731998443603516
58.285701751708984
57.310298919677734
57.23899841308594
57.59130096435547
56.916099548339844
58.01070022583008
58.00859832763672
57.35409927368164
57.846900939941406
58.57460021972656
57.465999603271484
58.160301208496094
58.342899322509766
53.42300033569336
62.754798889160156
62.85820007324219
63.447898864746094
63.58110046386719
61.50859832763672
61.72740173339844
63.24250030517578
63.470001220703125
64.00360107421875
64.0790023803711
62.0447998046875
63.83539962768555
63.799800872802734
64.2479019165039
64.50140380859375
62.374900817871094
62.53030014038086
62.166900634765625
61.723899841308594
62.2599983215332
62.07270050048828
61.82310104370117
62.89179992675781
63.035701751708984
62.32749938964844
62.49409866333008
SCALARS latitude float 1
LOOKUP_TABLE default
23.907699584960938
23.93160057067871
23.840200424194336
23.672000885009766
23.59320068359375
23.911699295043945
24.33009910583496
24.308399200439453
24.147300720214844
24.197399139404297
24.17930030822754
24.24169921875
24.138399124145508
24.142099380493164
23.960399627685547
24.016799926757812
24.31570053100586
24.218299865722656
24.206100463867188
24.034000396728516
24.081499099731445
23.887500762939453
24.059600830078125
24.006099700927734
23.874099731445312
23.774999618530273
23.878400802612305
23.952800750732422
23.90399932861328
23.796300888061523
23.6914005279541
23.757299423217773
24.034000396728516
23.931800842285156
24.01569938659668
23.877199172973633
23.72920036315918
23.848600387573242
23.773099899291992
23.60099983215332
23.941299438476562
23.93470001220703
23.935100555419922
23.881799697875977
23.716899871826172
23.874000549316406
23.70829963684082
23.929100036621094
23.578800201416016
23.581600189208984
23.580299377441406
23.595600128173828
23.595600128173828
23.469100952148438
23.92639923095703
23.867599487304688
23.692699432373047
23.579500198364258
23.58970069885254
23.583799362182617
23.584299087524414
23.47570037841797
23.467500686645508
23.468700408935547
24.03510093688965
24.01799964904785
23.97410011291504
23.81399917602539
23.993200302124023
23.827800750732422
23.88330078125
23.70840072631836
23.694499969482422
23.585100173950195
23.68549919128418
23.71780014038086
23.70330047607422
23.570100784301758
23.568099975585938
23.668500900268555
25.99340057373047
25.984100341796875
26.043500900268555
26.046899795532227
25.93120002746582
25.99720001220703
26.006000518798828
25.846500396728516
25.584699630737305
25.752599716186523
25.708499908447266
26.048900604248047
25.989700317382812
25.82200050354004
25.721799850463867
25.885499954223633
26.05139923095703
26.042299270629883
25.935300827026367
25.759599685668945
25.851999282836914
25.83169937133789
25.66659927368164
25.776399612426758
25.60610008239746
25.59429931640625
25.93709945678711
25.767099380493164
25.717899322509766
25.82110023498535
25.653799057006836
25.59309959411621
25.96500015258789
25.961599349975586
25.81529998779297
25.921899795532227
25.872800827026367
25.877300262451172
25.872100830078125
25.709699630737305
25.659500122070312
25.755599975585938
25.756999969482422
25.827699661254883
25.79840087890625
25.631099700927734
25.651599884033203
25.51099967956543
25.590900421142578
25.88319969177246
25.88629913330078
25.713699340820312
25.747600555419922
25.573699951171875
25.673200607299805
25.816699981689453
25.712499618530273
25.542999267578125
25.541200637817383
25.5718994140625
25.506099700927734
25.708900451660156
25.551799774169922
25.546199798583984
25.53499984741211
27.12929916381836
26.947500228881836
27.089599609375
26.98069953918457
26.854900360107422
26.86400032043457
26.899700164794922
26.944900512695312
26.848800659179688
26.677400588989258
26.610700607299805
26.95870018005371
26.74449920654297
26.68720054626465
26.76180076599121
26.926300048828125
26.604299545288086
26.89109992980957
26.73940086364746
26.810400009155273
26.6643009185791
26.735700607299805
26.68429946899414
26.627300262451172
26.787099838256836
26.7283992767334
26.576900482177734
26.58060073852539
27.063499450683594
26.821800231933594
27.05590057373047
27.026599884033203
26.959299087524414
26.899200439453125
26.943899154663086
26.92289924621582
26.58799934387207
26.658300399780273
26.855300903320312
26.805599212646484
26.825300216674805
26.802200317382812
26.731800079345703
26.543100357055664
26.45509910583496
26.63170051574707
26.475299835205078
26.437400817871094
26.723899841308594
26.763200759887695
26.675899505615234
26.509300231933594
26.40719985961914
26.73859977722168
26.63789939880371
26.74250030517578
26.68630027770996
26.584800720214844
26.41230010986328
26.341100692749023
26.6466007232666
26.574800491333008
26.40690040588379
26.52389907836914
26.691200256347656
26.350500106811523
26.583200454711914
26.52669906616211
26.353099822998047
26.464399337768555
26.294599533081055
26.55340003967285
26.408300399780273
26.239900588989258
26.30030059814453
26.63789939880371
26.62190055847168
26.686100006103516
26.512100219726562
26.341100692749023
26.463499069213867
26.633899688720703
26.402599334716797
26.449899673461914
26.295799255371094
26.637800216674805
26.46769905090332
26.359699249267578
26.696800231933594
26.347999572753906
26.388999938964844
26.871999740600586
26.74220085144043
26.86639976501465
26.79990005493164
26.836299896240234
26.664499282836914
26.495399475097656
26.642900466918945
26.809799194335938
26.712400436401367
26.545799255371094
26.443500518798828
26.775400161743164
26.431400299072266
26.46649932861328
26.707799911499023
26.724199295043945
26.66939926147461
26.49340057373047
26.495800018310547
26.376699447631836
26.533899307250977
26.57390022277832
26.37969970703125
27.175800323486328
27.25749969482422
27.217500686645508
27.101999282836914
26.930200576782227
26.86840057373047
27.189599990844727
27.24570083618164
27.077800750732422
27.06679916381836
26.896499633789062
26.883100509643555
27.07080078125
27.036800384521484
27.126800537109375
26.958900451660156
27.049999237060547
26.887300491333008
26.905099868774414
27.184200286865234
26.91939926147461
27.01959991455078
27.18000030517578
27.023000717163086
26.918500900268555
26.975299835205078
27.138399124145508
26.804899215698242
26.862300872802734
26.854999542236328
26.87150001525879
26.7450008392334
27.124300003051758
26.96190071105957
26.800800323486328
27.076000213623047
26.999099731445312
26.8341007232666
27.085100173950195
26.96299934387207
26.796600341796875
26.84469985961914
27.3302001953125
27.367300033569336
27.194799423217773
27.05780029296875
27.15679931640625
27.330699920654297
27.217500686645508
27.359100341796875
27.01650047302246
27.047300338745117
27.291099548339844
27.175100326538086
27.00819969177246
26.930999755859375
27.26810073852539
27.15920066833496
27.062999725341797
27.230600357055664
27.12779998779297
26.95549964904785
26.91939926147461
26.987300872802734
29.32430076599121
29.27750015258789
29.18549919128418
29.00309944152832
29.240999221801758
29.25189971923828
29.074100494384766
29.287900924682617
28.899499893188477
28.893800735473633
28.92639923095703
29.369400024414062
29.224700927734375
29.22369956970215
29.181800842285156
29.263999938964844
29.368200302124023
28.899700164794922
28.937700271606445
29.120800018310547
28.9552001953125
28.958900451660156
28.999300003051758
28.811399459838867
28.857900619506836
29.305999755859375
29.35099983215332
29.329599380493164
29.237699508666992
29.065500259399414
28.966999053955078
29.39550018310547
29.55500030517578
29.42650032043457
29.4148006439209
29.30139923095703
29.12030029296875
29.041400909423828
29.376399993896484
29.272899627685547
29.09160041809082
28.99920082092285
28.9867000579834
29.022199630737305
29.191499710083008
29.012300491333008
28.940000534057617
29.26449966430664
28.904300689697266
28.952499389648438
28.851200103759766
28.86870002746582
28.759700775146484
29.08049964904785
29.138099670410156
29.31049919128418
29.060100555419922
29.09469985961914
35.99679946899414
35.90010070800781
35.956199645996094
35.87350082397461
35.66379928588867
35.54970169067383
35.974300384521484
35.73910140991211
35.71760177612305
35.91640090942383
35.521400451660156
35.5192985534668
36.02119827270508
36.16569900512695
35.632198333740234
35.69969940185547
35.894500732421875
35.888301849365234
35.685001373291016
35.59960174560547
36.01060104370117
35.61320114135742
35.642799377441406
35.57080078125
35.91680145263672
36.034698486328125
35.85559844970703
35.801300048828125
35.58380126953125
35.48109817504883
35.95320129394531
35.722999572753906
35.744598388671875
35.514400482177734
35.619998931884766
35.54140090942383
35.3572998046875
35.542301177978516
35.38650131225586
35.337100982666016
35.68330001831055
35.53620147705078
35.505401611328125
35.342098236083984
35.13600158691406
35.08150100708008
34.92369842529297
34.71269989013672
34.55059814453125
34.55189895629883
34.932498931884766
34.87110137939453
34.726898193359375
34.92900085449219
34.71369934082031
34.75590133666992
34.55099868774414
34.58340072631836
34.40760040283203
34.72119903564453
34.50859832763672
34.5359001159668
34.28229904174805
34.330101013183594
34.32619857788086
34.3385009765625
34.229000091552734
34.18920135498047
35.32709884643555
35.29100036621094
35.14459991455078
35.314701080322266
35.11520004272461
35.15599822998047
34.972999572753906
34.99810028076172
34.81850051879883
35.132198333740234
35.04869842529297
34.8568000793457
34.76409912109375
34.77899932861328
34.6171989440918
34.762001037597656
34.96310043334961
36.60350036621094
36.24919891357422
36.332698822021484
36.266998291015625
36.06340026855469
35.95100021362305
36.087799072265625
36.553001403808594
36.50669860839844
36.33729934692383
36.57469940185547
36.4994010925293
36.305198669433594
36.014198303222656
36.14860153198242
36.15810012817383
36.35260009765625
36.226898193359375
36.03350067138672
35.960601806640625
35.91899871826172
35.980201721191406
36.298500061035156
36.17470169067383
36.35100173950195
35.94860076904297
35.98040008544922
36.113800048828125
35.902198791503906
36.03969955444336
36.24399948120117
35.84659957885742
36.099998474121094
36.25849914550781
36.18899917602539
36.02519989013672
35.89310073852539
36.0797004699707
35.96070098876953
35.882301330566406
35.91659927368164
35.7776985168457
36.19390106201172
36.01580047607422
35.88410186767578
36.200199127197266
35.8583984375
35.90079879760742
42.3130989074707
42.445899963378906
42.385501861572266
42.187400817871094
42.21419906616211
42.15650177001953
42.42150115966797
42.348201751708984
42.15620040893555
42.01300048828125
42.00709915161133
41.84360122680664
43.25170135498047
43.20180130004883
43.035400390625
43.40010070800781
43.32619857788086
43.41019821166992
43.3380012512207
43.17959976196289
43.32529830932617
43.51139831542969
43.325801849365234
43.316001892089844
43.51359939575195
43.42449951171875
43.21549987792969
43.11989974975586
43.14350128173828
42.96440124511719
43.06869888305664
43.15420150756836
43.0817985534668
42.894798278808594
42.898799896240234
42.72639846801758
42.899600982666016
43.10900115966797
42.543399810791016
43.015899658203125
42.826499938964844
42.82440185546875
43.01860046386719
42.81100082397461
42.850799560546875
42.654598236083984
42.65140151977539
42.484100341796875
42.5901985168457
42.65359878540039
42.44309997558594
42.560298919677734
42.430198669433594
42.24689865112305
42.42509841918945
42.50299835205078
42.40190124511719
42.19490051269531
42.06439971923828
42.46820068359375
42.33890151977539
42.339298248291016
42.1431999206543
42.51850128173828
42.09989929199219
42.0432014465332
42.18090057373047
42.65510177612305
43.56230163574219
25.460500717163086
25.461299896240234
25.355499267578125
25.11590003967285
25.005399703979492
24.99959945678711
39.42020034790039
39.2677001953125
39.25379943847656
39.59519958496094
39.565399169921875
39.57429885864258
39.45090103149414
39.46730041503906
39.46149826049805
39.4109001159668
39.43980026245117
39.4275016784668
38.97380065917969
39.0702018737793
39.30440139770508
39.61199951171875
39.47370147705078
39.467098236083984
39.44559860229492
39.47209930419922
39.45289993286133
39.05619812011719
39.12289810180664
39.314998626708984
39.40610122680664
39.19409942626953
39.08219909667969
39.2421989440918
39.09000015258789
38.90480041503906
39.029701232910156
39.0359992980957
39.111900329589844
39.31230163574219
39.03390121459961
38.99919891357422
39.008201599121094
38.98270034790039
38.851600646972656
39.218299865722656
39.08340072631836
39.04690170288086
39.03879928588867
38.95479965209961
39.104698181152344
39.05860137939453
38.92380142211914
38.73659896850586
38.82929992675781
38.89070129394531
38.86159896850586
38.696998596191406
38.71310043334961
38.501800537109375
38.6786003112793
38.80889892578125
38.749000549316406
38.62839889526367
38.8047981262207
38.59669876098633
38.639400482177734
38.28089904785156
38.480499267578125
38.43130111694336
38.42499923706055
38.457801818847656
38.41310119628906
38.29159927368164
38.1077995300293
38.04389953613281
38.24660110473633
38.10300064086914
38.05270004272461
38.43239974975586
38.311100006103516
38.2671012878418
38.86759948730469
39.57310104370117
39.56169891357422
39.527099609375
39.33369827270508
39.23749923706055
39.38140106201172
39.31050109863281
39.37329864501953
39.32870101928711
39.168399810791016
39.227298736572266
39.04890060424805
38.98630142211914
39.148799896240234
39.9911003112793
40.03779983520508
39.939998626708984
39.93870162963867
39.78779983520508
39.91669845581055
39.736698150634766
39.837398529052734
39.78630065917969
39.85419845581055
39.77050018310547
39.54719924926758
39.435298919677734
39.496299743652344
39.44160079956055
40.055599212646484
40.03219985961914
39.95029830932617
39.846900939941406
39.91490173339844
39.9010009765625
39.60689926147461
39.819000244140625
39.794700622558594
39.86370086669922
39.832401275634766
39.571800231933594
39.625099182128906
39.602901458740234
39.368900299072266
39.55030059814453
39.49330139160156
39.39440155029297
39.41429901123047
39.5974006652832
39.545101165771484
39.4380989074707
39.32830047607422
39.35609817504883
39.31079864501953
39.56119918823242
39.77730178833008
39.37919998168945
39.556400299072266
39.476600646972656
39.422698974609375
39.34349822998047
39.31669998168945
39.387699127197266
39.280799865722656
39.28379821777344
39.48080062866211
42.872798919677734
44.374900817871094
44.252899169921875
44.35530090332031
27.00860023498535
26.85930061340332
27.015499114990234
26.95009994506836
26.89240074157715
26.949499130249023
26.951400756835938
26.673799514770508
26.782499313354492
26.701400756835938
26.721900939941406
26.792800903320312
26.85689926147461
26.94700050354004
26.627099990844727
26.73080062866211
26.875
26.775699615478516
26.569499969482422
26.953899383544922
26.936500549316406
26.777099609375
26.938899993896484
26.67169952392578
26.790800094604492
26.702499389648438
26.61910057067871
26.86079978942871
26.554399490356445
26.952999114990234
26.563199996948242
26.72599983215332
26.78689956665039
26.693599700927734
26.84950065612793
26.620100021362305
26.56570053100586
26.937999725341797
26.56100082397461
26.882600784301758
27.014799118041992
26.720300674438477
26.895000457763672
26.58839988708496
26.763900756835938
26.752300262451172
26.931699752807617
26.635700225830078
26.81049919128418
26.532800674438477
26.683900833129883
26.709199905395508
26.583099365234375
26.545299530029297
26.54680061340332
26.52400016784668
30.974000930786133
30.731000900268555
30.795400619506836
30.85140037536621
30.926799774169922
30.60919952392578
30.82080078125
30.645999908447266
30.60540008544922
30.91160011291504
31.065200805664062
30.940099716186523
30.895599365234375
30.92060089111328
30.947799682617188
30.730100631713867
30.716100692749023
30.7101993560791
30.752899169921875
30.826200485229492
30.665599822998047
30.50429916381836
30.67889976501465
30.54560089111328
30.55120086669922
30.454200744628906
30.541200637817383
30.755599975585938
30.751699447631836
30.595600128173828
30.778400421142578
30.637300491333008
33.29249954223633
33.305301666259766
33.457298278808594
33.312801361083984
33.31840133666992
33.07809829711914
33.272499084472656
33.199501037597656
33.12179946899414
32.939998626708984
33.004798889160156
32.917301177978516
33.335899353027344
33.594398498535156
32.79650115966797
33.57419967651367
33.46110153198242
33.43629837036133
33.45560073852539
33.27579879760742
33.233299255371094
33.41910171508789
33.582801818847656
33.4364013671875
33.455299377441406
33.43539810180664
33.39830017089844
33.17509841918945
33.406700134277344
33.20199966430664
33.21609878540039
33.274600982666016
33.07600021362305
33.05400085449219
33.23500061035156
33.05099868774414
32.94049835205078
33.30179977416992
33.29199981689453
33.049400329589844
33.462398529052734
33.095001220703125
33.101200103759766
33.086700439453125
33.0531005859375
32.91939926147461
33.07320022583008
32.91699981689453
32.91939926147461
32.718299865722656
32.78630065917969
32.410301208496094
32.594600677490234
32.46609878540039
32.42689895629883
32.20289993286133
32.38930130004883
31.79840087890625
32.26750183105469
31.67009925842285
31.57699966430664
31.424400329589844
31.638999938964844
31.261499404907227
31.441999435424805
32.20280075073242
31.59830093383789
32.17509841918945
32.01850128173828
32.03710174560547
32.07529830932617
31.872400283813477
31.861400604248047
32.26620101928711
32.36399841308594
32.11859893798828
32.0885009765625
32.0880012512207
32.08319854736328
31.817100524902344
32.042999267578125
31.861799240112305
31.866300582885742
31.866300582885742
31.886199951171875
31.656700134277344
31.63789939880371
31.68000030517578
31.667600631713867
31.547700881958008
31.5802001953125
31.86870002746582
31.872299194335938
31.607500076293945
31.800100326538086
31.49139976501465
31.648700714111328
31.656200408935547
31.672100067138672
31.348100662231445
31.463300704956055
41.159400939941406
41.295501708984375
41.221099853515625
41.1254997253418
41.153499603271484
41.022499084472656
41.03369903564453
41.57619857788086
41.492698669433594
41.43560028076172
41.27280044555664
41.342498779296875
41.363800048828125
41.17259979248047
41.13370132446289
41.199100494384766
41.17879867553711
41.04399871826172
41.143798828125
41.11309814453125
40.93389892578125
40.99290084838867
41.129600524902344
40.92179870605469
27.369800567626953
27.22800064086914
27.398500442504883
27.2716007232666
27.382999420166016
27.19379997253418
27.095800399780273
27.052799224853516
27.047300338745117
27.08930015563965
28.615100860595703
29.388399124145508
29.54949951171875
29.4862003326416
29.436100006103516
29.376699447631836
29.316200256347656
29.542499542236328
29.212299346923828
29.41309928894043
29.25950050354004
29.322200775146484
29.242300033569336
29.310100555419922
29.15239906311035
29.26099967956543
29.432300567626953
29.217100143432617
29.377899169921875
29.140600204467773
29.094200134277344
29.21780014038086
29.089000701904297
30.625099182128906
30.370100021362305
30.549400329589844
30.322799682617188
30.50349998474121
30.587099075317383
30.451900482177734
30.513999938964844
30.65239906311035
30.555700302124023
30.555400848388672
30.478500366210938
30.43709945678711
30.286800384521484
30.4773006439209
30.2908992767334
30.334800720214844
30.482200622558594
30.60930061340332
30.444299697875977
30.335599899291992
30.41550064086914
30.266700744628906
30.179399490356445
30.32069969177246
30.265600204467773
30.1648006439209
30.12529945373535
30.11989974975586
30.193099975585938
35.1708984375
35.1348991394043
34.970401763916016
35.001399993896484
35.02840042114258
35.12310028076172
35.039398193359375
34.94710159301758
34.77040100097656
34.78630065917969
34.95429992675781
34.47140121459961
34.769500732421875
34.36180114746094
34.50130081176758
34.64590072631836
34.463401794433594
34.221900939941406
34.333499908447266
35.01340103149414
34.88090133666992
34.73030090332031
34.55440139770508
34.66780090332031
34.85279846191406
34.33380126953125
34.92499923706055
34.447898864746094
34.483299255371094
34.410400390625
34.38100051879883
35.05690002441406
34.30440139770508
34.84149932861328
35.01580047607422
34.983299255371094
34.81420135498047
34.93230056762695
34.895301818847656
34.43619918823242
34.86650085449219
34.692901611328125
34.50680160522461
34.9380989074707
35.107398986816406
34.91339874267578
34.97169876098633
35.02439880371094
34.97819900512695
34.54349899291992
34.95800018310547
34.73320007324219
34.722900390625
34.561500549316406
34.46839904785156
34.45199966430664
34.75230026245117
34.38679885864258
34.509498596191406
34.52920150756836
34.55580139160156
34.4010009765625
34.345298767089844
38.40629959106445
38.23899841308594
38.6254997253418
38.269901275634766
38.30339813232422
38.23659896850586
38.17169952392578
38.10070037841797
38.20309829711914
38.38130187988281
38.36199951171875
37.96689987182617
38.57040023803711
38.16559982299805
38.148399353027344
37.97930145263672
37.88629913330078
37.9370002746582
38.16120147705078
38.158599853515625
38.01729965209961
37.974998474121094
37.85390090942383
37.90959930419922
37.92359924316406
37.83449935913086
38.110801696777344
38.20399856567383
38.09149932861328
38.08890151977539
37.85919952392578
37.79800033569336
37.897701263427734
37.938499450683594
37.62910079956055
38.074100494384766
37.67620086669922
37.63309860229492
37.97169876098633
38.00709915161133
38.03070068359375
38.18450164794922
37.67940139770508
37.874698638916016
38.007598876953125
37.60150146484375
37.75550079345703
37.577999114990234
37.53630065917969
37.719600677490234
38.322898864746094
37.58330154418945
38.065101623535156
38.266700744628906
38.048500061035156
38.08000183105469
38.217201232910156
38.29309844970703
37.914798736572266
38.03559875488281
37.742698669433594
37.894901275634766
38.25320053100586
38.36709976196289
37.951499938964844
38.057498931884766
38.283599853515625
38.34270095825195
37.98590087890625
38.08599853515625
37.9718017578125
38.382999420166016
37.688499450683594
37.93000030517578
37.87889862060547
37.881099700927734
37.71260070800781
37.642398834228516
37.5724983215332
37.592498779296875
37.49039840698242
21.451099395751953
21.47480010986328
21.325199127197266
21.421199798583984
21.348600387573242
21.351499557495117
21.182199478149414
21.19219970703125
21.3435001373291
21.26740074157715
21.244600296020508
21.41010093688965
21.135499954223633
21.299100875854492
21.188199996948242
21.29159927368164
21.25670051574707
21.319000244140625
21.085899353027344
21.096099853515625
21.32069969177246
21.25909996032715
21.186399459838867
21.162700653076172
21.34119987487793
21.03230094909668
21.105499267578125
22.416000366210938
22.42180061340332
28.053199768066406
28.194299697875977
28.263399124145508
28.04960060119629
28.334800720214844
28.41699981689453
28.152099609375
28.158199310302734
28.09079933166504
29.070100784301758
28.951000213623047
28.925399780273438
28.994699478149414
28.824600219726562
28.82349967956543
28.762699127197266
28.933900833129883
28.75830078125
28.902799606323242
28.653600692749023
28.616600036621094
34.810699462890625
34.732398986816406
34.712398529052734
38.74420166015625
38.58100128173828
38.6255989074707
38.68119812011719
38.73249816894531
38.30099868774414
38.4906005859375
38.6255989074707
38.43600082397461
38.35129928588867
38.54389953613281
38.679298400878906
38.48509979248047
38.297401428222656
38.79869842529297
38.65299987792969
38.450599670410156
38.62779998779297
38.334999084472656
38.41790008544922
38.27799987792969
38.68980026245117
38.386199951171875
38.339599609375
38.70309829711914
38.2411003112793
38.726898193359375
38.76940155029297
38.38240051269531
38.52360153198242
38.574100494384766
38.530601501464844
38.6510009765625
38.712398529052734
38.27479934692383
38.46200180053711
38.40409851074219
38.522701263427734
38.38859939575195
38.337398529052734
38.51169967651367
38.21889877319336
38.65719985961914
38.47209930419922
38.278900146484375
38.27239990234375
38.17150115966797
38.33940124511719
38.81760025024414
38.150699615478516
38.85969924926758
39.01490020751953
38.662899017333984
38.662601470947266
38.844398498535156
38.46540069580078
38.59389877319336
38.78049850463867
38.422401428222656
38.61199951171875
38.43510055541992
38.37670135498047
38.6952018737793
38.50419998168945
38.48469924926758
38.69839859008789
38.52330017089844
40.2239990234375
40.19279861450195
40.15650177001953
25.80120086669922
25.944799423217773
25.8075008392334
25.794599533081055
25.606399536132812
25.775100708007812
25.480600357055664
25.6481990814209
26.08049964904785
26.2007999420166
26.07900047302246
26.18269920349121
26.007099151611328
26.07200050354004
26.299100875854492
25.825599670410156
26.03809928894043
26.205799102783203
26.063400268554688
26.094999313354492
25.90329933166504
25.846900939941406
25.86090087890625
26.08449935913086
25.728599548339844
25.73699951171875
25.95709991455078
25.784400939941406
25.608200073242188
25.71310043334961
25.930400848388672
25.709800720214844
25.918699264526367
25.9552001953125
25.78660011291504
25.734500885009766
25.69409942626953
25.60890007019043
25.7185001373291
25.734699249267578
25.632099151611328
25.575599670410156
25.457599639892578
25.4867000579834
26.54949951171875
25.590499877929688
26.431499481201172
26.40719985961914
26.502899169921875
26.529399871826172
26.23889923095703
26.423999786376953
26.527599334716797
26.157499313354492
26.4685001373291
26.525299072265625
26.161100387573242
26.28070068359375
26.180200576782227
26.210800170898438
26.05270004272461
26.152000427246094
26.436500549316406
26.04129981994629
26.332500457763672
26.269800186157227
26.413000106811523
26.300500869750977
26.140199661254883
26.327999114990234
26.084299087524414
26.06279945373535
25.957000732421875
25.961999893188477
26.194599151611328
26.01420021057129
25.851499557495117
25.966899871826172
26.04640007019043
25.934900283813477
26.227800369262695
26.408300399780273
26.479000091552734
26.125499725341797
26.126800537109375
26.128999710083008
25.818599700927734
27.531099319458008
27.693199157714844
27.559999465942383
27.38719940185547
29.213300704956055
29.350000381469727
29.053300857543945
29.2322998046875
29.097200393676758
30.227100372314453
30.0044002532959
30.392099380493164
30.048500061035156
30.001399993896484
30.408199310302734
30.347400665283203
30.03700065612793
30.22010040283203
30.357999801635742
30.178699493408203
38.6786994934082
38.813201904296875
38.75410079956055
38.744300842285156
38.36040115356445
38.61309814453125
38.38090133666992
38.45819854736328
38.38690185546875
38.189300537109375
38.65679931640625
38.442298889160156
38.317100524902344
38.42179870605469
38.31990051269531
38.306400299072266
38.525001525878906
38.472801208496094
38.46160125732422
38.32339859008789
38.29349899291992
38.61800003051758
38.4005012512207
38.23270034790039
38.37369918823242
38.15230178833008
38.33720016479492
38.07830047607422
38.24140167236328
38.312801361083984
38.12189865112305
38.07400131225586
37.98889923095703
37.90599822998047
37.89939880371094
38.1150016784668
37.947898864746094
38.48910140991211
38.488399505615234
38.437599182128906
38.35639953613281
38.29840087890625
38.257598876953125
37.964298248291016
37.8916015625
38.410099029541016
38.16910171508789
38.119598388671875
38.32659912109375
37.891300201416016
37.794498443603516
37.94390106201172
38.07550048828125
37.787200927734375
37.79880142211914
38.00559997558594
37.932899475097656
37.84199905395508
37.95669937133789
38.69110107421875
37.78950119018555
38.60649871826172
38.812801361083984
38.35200119018555
38.549400329589844
38.653499603271484
22.4424991607666
22.400100708007812
22.168399810791016
22.325199127197266
22.277299880981445
22.337499618530273
22.389400482177734
22.394699096679688
22.153499603271484
22.238800048828125
22.10569953918457
22.256200790405273
22.226299285888672
22.27429962158203
22.383899688720703
22.05780029296875
22.084999084472656
22.049400329589844
22.006399154663086
22.38680076599121
22.109600067138672
22.007600784301758
22.11870002746582
22.157400131225586
22.221500396728516
22.2810001373291
21.964000701904297
21.957700729370117
22.117700576782227
22.064300537109375
21.999500274658203
22.262800216674805
22.3169002532959
22.373600006103516
22.268299102783203
22.300600051879883
22.217300415039062
22.239700317382812
22.2096004486084
22.223600387573242
21.982200622558594
22.050199508666992
22.22010040283203
22.061100006103516
22.340099334716797
22.3218994140625
22.117399215698242
22.006799697875977
22.324100494384766
22.28380012512207
22.21540069580078
21.888399124145508
22.17970085144043
22.224199295043945
22.01300048828125
21.895099639892578
22.045700073242188
22.098899841308594
21.89539909362793
29.284400939941406
29.165700912475586
29.16900062561035
29.333799362182617
28.99250030517578
28.890199661254883
29.034000396728516
29.15690040588379
28.98069953918457
28.989999771118164
28.84869956970215
28.93790054321289
30.26930046081543
30.396499633789062
28.811500549316406
28.8346004486084
30.305999755859375
30.26259994506836
30.390199661254883
30.24720001220703
30.266599655151367
30.19809913635254
30.366899490356445
30.25909996032715
30.146699905395508
29.806499481201172
30.02389907836914
29.9591007232666
30.363300323486328
30.326799392700195
29.85740089416504
29.8439998626709
30.1835994720459
30.138700485229492
30.173200607299805
30.230199813842773
29.792200088500977
29.96929931640625
30.142099380493164
30.283300399780273
29.9424991607666
30.124399185180664
29.956899642944336
29.993799209594727
30.208999633789062
30.27519989013672
29.739500045776367
29.74139976501465
29.894800186157227
30.077499389648438
30.21980094909668
29.817100524902344
29.962600708007812
29.802600860595703
29.81130027770996
29.97960090637207
29.70560073852539
29.79330062866211
29.832000732421875
29.719600677490234
29.754199981689453
29.26020050048828
29.276100158691406
29.163299560546875
29.108299255371094
28.914899826049805
28.803199768066406
28.846599578857422
29.186599731445312
31.48699951171875
31.091999053955078
31.249399185180664
31.333499908447266
31.34320068359375
31.571699142456055
31.670900344848633
31.693199157714844
31.55620002746582
31.53700065612793
31.520599365234375
31.64430046081543
31.503799438476562
31.542499542236328
31.156600952148438
31.52829933166504
31.55780029296875
31.13450050354004
31.19930076599121
31.22369956970215
31.405899047851562
31.588600158691406
31.58880043029785
31.378299713134766
31.150299072265625
31.178199768066406
31.456300735473633
31.496599197387695
31.282699584960938
31.587900161743164
31.17180061340332
31.25670051574707
31.18589973449707
31.035499572753906
31.168800354003906
31.205400466918945
31.065799713134766
31.107799530029297
31.18120002746582
31.508100509643555
31.501699447631836
31.211599349975586
31.488000869750977
31.361600875854492
31.407699584960938
31.121999740600586
30.99449920654297
31.061199188232422
31.058700561523438
30.861000061035156
30.878299713134766
31.188800811767578
30.902700424194336
30.778900146484375
31.030399322509766
30.912099838256836
30.90959930419922
31.043500900268555
30.9064998626709
30.9507999420166
30.88050079345703
31.030899047851562
31.09910011291504
31.009000778198242
30.73780059814453
31.0492000579834
31.016700744628906
30.668100357055664
30.530899047851562
30.804800033569336
30.85219955444336
31.009899139404297
30.530399322509766
30.883699417114258
30.639400482177734
30.549299240112305
30.580799102783203
30.596399307250977
30.505300521850586
30.45240020751953
30.7106990814209
30.67530059814453
32.26789855957031
32.285701751708984
32.00550079345703
32.0796012878418
32.13990020751953
32.191200256347656
32.17789840698242
32.166900634765625
31.891599655151367
32.10409927368164
31.971200942993164
31.91390037536621
31.843700408935547
32.02539825439453
31.79360008239746
31.790700912475586
33.55730056762695
31.822599411010742
31.848600387573242
33.03799819946289
32.89699935913086
34.829898834228516
34.812801361083984
32.90599822998047
34.34049987792969
34.551700592041016
34.777801513671875
34.825199127197266
34.75389862060547
34.62839889526367
34.593299865722656
34.73360061645508
34.580101013183594
34.7947998046875
34.36470031738281
34.6083984375
34.60749816894531
34.337100982666016
34.38740158081055
34.400001525878906
34.39070129394531
34.82109832763672
34.70690155029297
34.3739013671875
34.229400634765625
34.466800689697266
34.51089859008789
34.690799713134766
34.50709915161133
34.243499755859375
34.3317985534668
34.29750061035156
34.437400817871094
34.51089859008789
34.436100006103516
34.512901306152344
34.51380157470703
34.32680130004883
34.35660171508789
34.24100112915039
34.13290023803711
34.17829895019531
33.974700927734375
34.14030075073242
34.282798767089844
33.95949935913086
34.329498291015625
34.1422004699707
33.9911003112793
34.50120162963867
34.1255989074707
34.313499450683594
34.13600158691406
34.15439987182617
34.18130111694336
34.27130126953125
34.05569839477539
34.0093994140625
33.85609817504883
34.0635986328125
33.74399948120117
33.78860092163086
34.18519973754883
33.73469924926758
34.3760986328125
34.25310134887695
34.325599670410156
34.4369010925293
34.28089904785156
34.29800033569336
34.25279998779297
34.2218017578125
34.036800384521484
34.275699615478516
34.2577018737793
34.03580093383789
34.10219955444336
34.196998596191406
34.137001037597656
34.14979934692383
33.91830062866211
33.94129943847656
34.17430114746094
34.290000915527344
33.932701110839844
33.641300201416016
33.675201416015625
33.73870086669922
33.89459991455078
34.09339904785156
33.66680145263672
33.69279861450195
33.752899169921875
33.76850128173828
33.70869827270508
33.72129821777344
33.63800048828125
33.58340072631836
33.77920150756836
33.80799865722656
25.92289924621582
25.949399948120117
25.980899810791016
25.813199996948242
25.861299514770508
25.951099395751953
25.77910041809082
25.941600799560547
25.596599578857422
25.684099197387695
25.583200454711914
25.720800399780273
25.602500915527344
25.48430061340332
25.319000244140625
25.445100784301758
25.472299575805664
25.60460090637207
25.596399307250977
25.427400588989258
25.250699996948242
25.577699661254883
25.393699645996094
25.27549934387207
25.135000228881836
31.75860023498535
31.763900756835938
31.60580062866211
31.422199249267578
31.643999099731445
31.62190055847168
31.262100219726562
31.458099365234375
31.624900817871094
31.67289924621582
31.512800216674805
31.18560028076172
31.363399505615234
31.54360008239746
31.646699905395508
31.512399673461914
31.172700881958008
31.306499481201172
31.357200622558594
31.412200927734375
31.337200164794922
31.198400497436523
31.231700897216797
31.248699188232422
31.126800537109375
31.177600860595703
31.212799072265625
32.48979949951172
35.806800842285156
35.76240158081055
35.733001708984375
35.651100158691406
35.65480041503906
35.47159957885742
35.325599670410156
35.347900390625
35.67470169067383
35.601200103759766
35.28089904785156
35.08489990234375
35.125
35.07419967651367
35.89670181274414
35.76729965209961
42.83729934692383
42.85060119628906
42.98360061645508
42.869998931884766
42.48910140991211
42.466800689697266
42.63199996948242
42.91809844970703
42.5452995300293
42.380401611328125
42.43000030517578
42.61800003051758
42.639198303222656
42.839298248291016
42.885501861572266
42.709800720214844
42.35639953613281
42.55540084838867
42.74259948730469
42.84880065917969
42.4193000793457
42.29759979248047
42.48569869995117
42.39889907836914
42.743099212646484
42.3484992980957
42.69779968261719
42.49679946899414
42.26559829711914
42.231201171875
42.34700012207031
42.41510009765625
22.4424991607666
22.381000518798828
22.36870002746582
22.317800521850586
22.319400787353516
22.27680015563965
22.111299514770508
22.241199493408203
22.157899856567383
21.961599349975586
22.222900390625
22.092199325561523
37.48059844970703
37.430198669433594
37.386600494384766
37.38959884643555
37.39149856567383
37.324501037597656
37.12419891357422
36.992801666259766
37.00189971923828
37.205299377441406
37.435699462890625
37.73609924316406
37.57659912109375
37.0364990234375
37.76679992675781
37.83530044555664
37.780601501464844
37.81100082397461
37.849098205566406
37.78990173339844
37.599098205566406
37.5984992980957
37.45199966430664
37.4026985168457
37.417598724365234
37.59619903564453
37.38779830932617
37.26599884033203
37.55110168457031
37.437801361083984
37.28369903564453
37.201900482177734
37.314998626708984
37.50550079345703
37.30820083618164
37.25709915161133
37.18080139160156
37.569400787353516
37.44559860229492
36.958099365234375
36.90869903564453
37.14799880981445
37.11289978027344
37.27470016479492
37.04990005493164
37.20709991455078
37.35689926147461
36.985801696777344
37.28739929199219
37.057701110839844
37.1879997253418
36.966400146484375
36.97140121459961
37.13410186767578
36.94160079956055
36.8494987487793
26.323699951171875
26.29400062561035
26.283599853515625
26.112499237060547
25.997699737548828
26.16080093383789
25.99370002746582
26.321699142456055
26.196300506591797
26.22260093688965
25.888599395751953
25.93090057373047
26.096399307250977
26.031400680541992
26.024099349975586
26.12820053100586
25.86720085144043
26.197599411010742
25.954700469970703
25.924800872802734
26.25659942626953
26.08839988708496
26.12849998474121
26.234899520874023
26.246000289916992
25.936800003051758
25.97089958190918
26.147300720214844
25.895200729370117
25.958900451660156
25.887300491333008
25.900699615478516
26.256500244140625
25.907499313354492
25.911399841308594
33.39780044555664
33.38019943237305
33.11119842529297
33.09109878540039
33.12929916381836
33.21659851074219
32.957801818847656
32.7578010559082
32.7849006652832
32.97570037841797
32.82929992675781
32.985599517822266
32.94779968261719
33.10409927368164
32.68629837036133
32.762001037597656
32.94540023803711
32.777400970458984
31.85140037536621
32.6416015625
32.71480178833008
33.06909942626953
31.682899475097656
31.88450050354004
31.87019920349121
31.840499877929688
31.622299194335938
31.671199798583984
31.62030029296875
31.802200317382812
31.569599151611328
31.706600189208984
31.507200241088867
31.664600372314453
31.5314998626709
34.101200103759766
33.65679931640625
33.67729949951172
33.77539825439453
33.987098693847656
33.60240173339844
33.71419906616211
33.68980026245117
37.67250061035156
37.82929992675781
37.68000030517578
37.55329895019531
37.7775993347168
37.62919998168945
37.52870178222656
37.41619873046875
37.612300872802734
37.505001068115234
37.10940170288086
37.21860122680664
37.23210144042969
37.410701751708984
37.06700134277344
42.89590072631836
42.8046989440918
43.183998107910156
42.457401275634766
42.56880187988281
42.7494010925293
42.84280014038086
43.03239822387695
42.96030044555664
43.10710144042969
43.13090133666992
42.78630065917969
42.589500427246094
43.150699615478516
43.0177001953125
42.60649871826172
42.80730056762695
42.93949890136719
42.77149963378906
42.55009841918945
42.482200622558594
42.515098571777344
43.796199798583984
43.58440017700195
43.589900970458984
43.774600982666016
43.423301696777344
43.60770034790039
43.48680114746094
43.60150146484375
43.25210189819336
43.506099700927734
43.438899993896484
43.6703987121582
43.507598876953125
43.1713981628418
43.03519821166992
43.310001373291016
43.3567008972168
42.818199157714844
42.872100830078125
43.010398864746094
43.19279861450195
43.43730163574219
43.35409927368164
42.850101470947266
42.973201751708984
43.014801025390625
43.20090103149414
43.350101470947266
43.22959899902344
42.72740173339844
42.79930114746094
42.92639923095703
43.188499450683594
42.61159896850586
42.897098541259766
42.696800231933594
42.654598236083984
42.6697998046875
24.387699127197266
24.5221004486084
24.376699447631836
24.208200454711914
24.368999481201172
24.38089942932129
24.398000717163086
24.265300750732422
24.389699935913086
24.06529998779297
24.227399826049805
24.646299362182617
24.049999237060547
24.048799514770508
24.09469985961914
24.759700775146484
24.88559913635254
24.88360023498535
24.824899673461914
24.549299240112305
24.730300903320312
24.787900924682617
24.794300079345703
24.489700317382812
24.667999267578125
24.774999618530273
24.46769905090332
24.822200775146484
24.833900451660156
24.42970085144043
24.438499450683594
24.70479965209961
24.721500396728516
24.681499481201172
24.728200912475586
24.58060073852539
24.610200881958008
24.430099487304688
24.365699768066406
24.375200271606445
24.555999755859375
24.60300064086914
24.636999130249023
24.1658992767334
24.24570083618164
24.278499603271484
24.398700714111328
24.525699615478516
24.342500686645508
24.363500595092773
24.505599975585938
24.39780044555664
24.419200897216797
24.40250015258789
24.522300720214844
24.297700881958008
24.470500946044922
24.517000198364258
24.51449966430664
24.0575008392334
24.511699676513672
24.378799438476562
24.215200424194336
24.232200622558594
24.356599807739258
24.268699645996094
24.103500366210938
24.41710090637207
24.392200469970703
24.05340003967285
24.07229995727539
24.206600189208984
24.211200714111328
24.047700881958008
24.39389991760254
24.04759979248047
24.206100463867188
24.21150016784668
24.05270004272461
24.33049964904785
24.269399642944336
24.05190086364746
24.04599952697754
24.142000198364258
24.16029930114746
24.29319953918457
27.39430046081543
29.638099670410156
30.032400131225586
29.79840087890625
29.98110008239746
29.55500030517578
29.68630027770996
29.66510009765625
29.646099090576172
30.23310089111328
29.413999557495117
29.496400833129883
29.535900115966797
30.14889907836914
30.252300262451172
30.361400604248047
30.412700653076172
30.019399642944336
30.047500610351562
30.11009979248047
30.181900024414062
30.677799224853516
30.87809944152832
30.736400604248047
30.52910041809082
30.65959930419922
30.459299087524414
30.652799606323242
30.740299224853516
30.737499237060547
30.542699813842773
30.575899124145508
30.54669952392578
30.368999481201172
30.373199462890625
30.411399841308594
30.236000061035156
30.179399490356445
31.79450035095215
31.95870018005371
30.19540023803711
30.230600357055664
31.720699310302734
31.79439926147461
31.819299697875977
31.824600219726562
31.33209991455078
31.36669921875
31.476999282836914
31.515399932861328
31.41900062561035
31.578399658203125
31.65719985961914
31.64259910583496
31.27750015258789
31.40130043029785
31.421899795532227
31.36840057373047
31.2322998046875
31.404800415039062
31.470300674438477
31.13960075378418
30.981599807739258
31.104999542236328
31.115699768066406
31.17799949645996
32.005401611328125
31.983600616455078
30.835899353027344
30.941999435424805
31.583099365234375
31.81719970703125
31.76729965209961
31.949600219726562
31.46139907836914
31.589500427246094
31.72249984741211
31.762300491333008
31.393400192260742
31.6835994720459
31.488500595092773
31.41469955444336
31.26420021057129
31.56730079650879
31.412700653076172
31.279800415039062
30.962200164794922
30.951499938964844
31.1648006439209
31.197599411010742
30.665599822998047
30.849899291992188
30.912200927734375
30.947200775146484
30.607200622558594
30.797000885009766
30.91320037841797
30.768999099731445
30.865100860595703
30.778799057006836
30.453100204467773
30.55820083618164
30.761199951171875
30.623600006103516
30.779800415039062
31.065799713134766
30.56170082092285
30.530799865722656
30.3927001953125
30.602100372314453
30.42180061340332
30.371299743652344
31.67020034790039
31.645099639892578
31.762699127197266
31.775299072265625
31.471900939941406
31.650299072265625
31.736299514770508
31.720399856567383
31.387100219726562
31.579099655151367
31.680299758911133
31.375499725341797
31.355899810791016
31.334199905395508
35.19060134887695
35.2515983581543
35.27119827270508
35.448299407958984
34.92789840698242
35.21699905395508
34.9379997253418
35.127899169921875
34.81079864501953
34.628700256347656
35.01620101928711
35.014198303222656
34.95220184326172
34.76459884643555
34.77579879760742
34.795101165771484
34.550899505615234
34.55820083618164
36.805198669433594
36.84659957885742
36.510398864746094
36.61429977416992
36.64350128173828
36.61410140991211
36.634300231933594
36.47169876098633
36.23759841918945
36.32529830932617
36.67190170288086
36.254600524902344
36.29880142211914
36.49620056152344
36.47249984741211
36.873199462890625
36.50920104980469
36.705501556396484
36.19969940185547
36.3025016784668
36.50579833984375
36.332000732421875
36.04309844970703
36.072601318359375
36.91080093383789
38.425498962402344
41.27830123901367
41.21689987182617
41.56290054321289
41.35110092163086
41.133201599121094
41.1239013671875
41.21820068359375
41.25659942626953
41.07699966430664
41.080501556396484
41.136600494384766
41.27880096435547
40.862300872802734
40.96500015258789
40.90570068359375
41.2869987487793
40.8572998046875
40.775699615478516
40.85309982299805
40.64979934692383
40.782798767089844
40.822601318359375
40.9281005859375
41.028499603271484
40.55739974975586
40.79679870605469
40.5531005859375
40.70289993286133
40.49190139770508
40.770999908447266
40.62990188598633
42.36029815673828
42.4724006652832
42.47050094604492
42.174198150634766
42.13169860839844
42.33639907836914
42.58399963378906
42.45050048828125
42.2599983215332
42.45370101928711
42.36029815673828
42.45050048828125
42.41310119628906
42.56330108642578
41.94240188598633
42.120201110839844
42.16960144042969
42.15250015258789
42.346900939941406
42.30820083618164
42.47829818725586
41.909000396728516
42.29059982299805
42.27040100097656
42.46179962158203
42.32469940185547
41.8734016418457
42.12099838256836
41.92829895019531
41.86800003051758
41.752601623535156
41.91379928588867
42.21289825439453
41.97129821777344
41.796199798583984
41.9744987487793
41.9828987121582
41.854000091552734
41.40129852294922
41.722599029541016
41.72520065307617
41.761600494384766
41.293399810791016
41.62289810180664
41.502601623535156
42.09769821166992
42.21160125732422
42.14979934692383
41.97330093383789
42.10660171508789
42.207298278808594
42.23939895629883
41.564701080322266
41.80419921875
41.923099517822266
42.0546989440918
41.45439910888672
41.400901794433594
41.7411003112793
41.6328010559082
41.5004997253418
41.520301818847656
41.44070053100586
41.29119873046875
41.24190139770508
41.20790100097656
41.09299850463867
41.519901275634766
41.12699890136719
41.22249984741211
41.18050003051758
41.313899993896484
41.519901275634766
41.637699127197266
41.371700286865234
41.554298400878906
41.66189956665039
41.58549880981445
41.05099868774414
41.15290069580078
41.23270034790039
41.278900146484375
41.304100036621094
44.31439971923828
44.12269973754883
44.1973991394043
44.053001403808594
43.84280014038086
43.91109848022461
44.060699462890625
43.785099029541016
43.977699279785156
43.820499420166016
44.04570007324219
44.18000030517578
44.231300354003906
44.22269821166992
44.08539962768555
44.21269989013672
44.12310028076172
43.5973014831543
44.01139831542969
44.07609939575195
44.0536994934082
43.709598541259766
43.604698181152344
43.72359848022461
43.780601501464844
43.5900993347168
43.91830062866211
24.424100875854492
24.368000030517578
23.997499465942383
24.04439926147461
24.202699661254883
24.274799346923828
24.076499938964844
24.104299545288086
24.27549934387207
24.352399826049805
24.037099838256836
24.084699630737305
24.41360092163086
23.986299514770508
24.25200080871582
24.27750015258789
24.269899368286133
23.936100006103516
24.01420021057129
24.17930030822754
23.95829963684082
24.04400062561035
24.2189998626709
24.278799057006836
24.17799949645996
23.933000564575195
23.85140037536621
23.97249984741211
23.913700103759766
24.232200622558594
23.91160011291504
24.0137996673584
23.844999313354492
23.899999618530273
33.96039962768555
33.94609832763672
34.07229995727539
34.08060073852539
33.6431999206543
33.78020095825195
33.904300689697266
33.91080093383789
34.148799896240234
33.54180145263672
33.72119903564453
33.74530029296875
34.23350143432617
34.17319869995117
34.05739974975586
34.045101165771484
34.24359893798828
34.05379867553711
33.9557991027832
34.06809997558594
34.04199981689453
34.074501037597656
33.88719940185547
34.00469970703125
34.087501525878906
34.12710189819336
34.11280059814453
33.87689971923828
33.79499816894531
33.99800109863281
34.06010055541992
33.89229965209961
33.79869842529297
33.60110092163086
33.7218017578125
33.699501037597656
33.994598388671875
34.07780075073242
33.61880111694336
33.77170181274414
33.94620132446289
33.887298583984375
33.85070037841797
34.01750183105469
33.69499969482422
33.587799072265625
33.99720001220703
33.99599838256836
33.69070053100586
33.74440002441406
33.679298400878906
33.893699645996094
33.79949951171875
33.81850051879883
33.75680160522461
33.58340072631836
33.56890106201172
33.514400482177734
33.643699645996094
33.61520004272461
33.64630126953125
33.52450180053711
38.18579864501953
38.13690185546875
38.41189956665039
37.977699279785156
38.04629898071289
38.03089904785156
38.179298400878906
38.085899353027344
37.9474983215332
38.025299072265625
38.00920104980469
37.814300537109375
37.88520050048828
37.6869010925293
38.07979965209961
38.02790069580078
37.623199462890625
37.74039840698242
37.72600173950195
37.688201904296875
38.095001220703125
37.73320007324219
37.82529830932617
37.76089859008789
37.719600677490234
40.52439880371094
40.07379913330078
40.71369934082031
40.75199890136719
40.82440185546875
40.74909973144531
40.5265007019043
40.59159851074219
40.6265983581543
40.5640983581543
40.28139877319336
40.21609878540039
40.35350036621094
40.31890106201172
40.28340148925781
40.043399810791016
40.169700622558594
40.477901458740234
40.08259963989258
40.28820037841797
40.34560012817383
40.47719955444336
39.981201171875
40.11869812011719
40.254600524902344
40.117401123046875
39.737300872802734
40.09379959106445
39.69169998168945
39.769798278808594
40.003501892089844
39.697898864746094
39.91780090332031
39.94839859008789
39.811100006103516
39.9370002746582
40.16680145263672
40.20650100708008
39.75669860839844
40.00529861450195
39.84120178222656
39.68339920043945
39.50419998168945
39.32210159301758
39.4827995300293
39.60770034790039
39.69139862060547
39.46540069580078
39.4276008605957
39.496299743652344
39.59159851074219
39.28609848022461
39.62630081176758
21.866500854492188
21.70319938659668
21.60420036315918
21.885400772094727
21.91670036315918
21.958499908447266
21.622800827026367
21.95800018310547
21.81439971923828
21.85890007019043
21.913999557495117
21.92259979248047
21.7539005279541
21.78969955444336
21.52630043029785
21.523300170898438
21.838199615478516
21.741899490356445
21.689699172973633
21.756900787353516
21.583900451660156
21.648099899291992
21.676000595092773
21.840099334716797
21.675899505615234
21.633399963378906
21.802200317382812
21.63479995727539
21.794200897216797
21.635299682617188
21.477100372314453
21.473800659179688
21.72610092163086
21.557300567626953
21.514999389648438
21.577999114990234
31.15730094909668
31.188400268554688
30.840900421142578
30.98539924621582
30.8710994720459
30.730199813842773
31.049999237060547
31.083799362182617
30.900100708007812
31.023399353027344
31.05470085144043
30.997800827026367
30.80940055847168
30.732099533081055
30.725500106811523
31.117900848388672
31.146099090576172
31.03380012512207
30.820600509643555
30.75349998474121
30.87030029296875
30.70989990234375
31.077800750732422
30.900800704956055
30.800600051879883
31.162399291992188
30.6914005279541
34.65570068359375
34.768001556396484
34.739898681640625
34.570098876953125
34.4911003112793
34.46649932861328
34.2692985534668
34.48059844970703
34.618499755859375
34.672401428222656
34.61479949951172
34.32400131225586
34.12770080566406
34.02109909057617
34.44969940185547
34.338600158691406
34.15620040893555
34.49150085449219
34.368499755859375
34.6416015625
34.709598541259766
34.545101165771484
34.62099838256836
34.1859016418457
34.03129959106445
34.00910186767578
34.77439880371094
34.246700286865234
34.338600158691406
34.203399658203125
34.85129928588867
34.594600677490234
34.65760040283203
34.589599609375
34.3838996887207
34.69620132446289
34.66960144042969
34.39630126953125
34.477500915527344
34.70750045776367
34.73270034790039
34.89939880371094
34.63529968261719
34.38759994506836
34.31890106201172
34.35419845581055
34.42490005493164
34.44499969482422
34.33919906616211
34.52280044555664
34.53730010986328
34.570499420166016
34.600799560546875
34.4995002746582
34.29759979248047
34.3848991394043
34.26150131225586
34.20589828491211
34.677101135253906
34.16740036010742
34.23419952392578
34.079200744628906
34.19110107421875
34.144500732421875
34.21049880981445
34.411800384521484
37.402000427246094
37.602298736572266
37.422401428222656
37.27980041503906
37.6797981262207
37.08250045776367
37.20399856567383
37.40829849243164
37.438899993896484
37.27170181274414
37.4827995300293
37.547698974609375
37.42509841918945
37.471900939941406
37.03860092163086
37.43450164794922
37.237998962402344
36.9109001159668
36.909400939941406
36.99359893798828
37.18259811401367
37.1083984375
37.060001373291016
38.139198303222656
38.405601501464844
38.17620086669922
38.219200134277344
38.313499450683594
38.380001068115234
38.333099365234375
38.1702995300293
38.194400787353516
38.08829879760742
37.939998626708984
38.197601318359375
37.942901611328125
37.987300872802734
37.97159957885742
37.74480056762695
37.70090103149414
37.52510070800781
37.71549987792969
37.942298889160156
38.12329864501953
37.93429946899414
37.95709991455078
38.09830093383789
37.69369888305664
37.56439971923828
38.230499267578125
38.17649841308594
38.108299255371094
38.22520065307617
38.240299224853516
37.69860076904297
37.87369918823242
37.80160140991211
38.16279983520508
38.1083984375
38.14139938354492
37.963199615478516
38.02130126953125
37.72800064086914
37.6239013671875
37.59379959106445
37.53379821777344
38.11289978027344
37.9098014831543
37.737701416015625
37.94940185546875
37.738800048828125
37.61940002441406
38.6786003112793
40.25590133666992
41.69219970703125
42.1338996887207
41.95109939575195
41.956600189208984
41.73889923095703
41.72019958496094
41.74380111694336
41.679100036621094
42.11439895629883
41.88990020751953
41.94990158081055
41.691898345947266
41.56119918823242
41.72480010986328
41.545101165771484
41.57789993286133
41.80939865112305
41.747100830078125
41.58340072631836
41.420799255371094
41.559200286865234
41.379600524902344
41.22560119628906
41.168701171875
41.55350112915039
41.49639892578125
41.35649871826172
41.62120056152344
41.16809844970703
41.38970184326172
41.70439910888672
41.59659957885742
41.23160171508789
41.430198669433594
41.123600006103516
41.000701904296875
41.552101135253906
43.05820083618164
42.73030090332031
42.579498291015625
42.87990188598633
42.90520095825195
43.03689956665039
42.95500183105469
42.494598388671875
42.44779968261719
42.332401275634766
42.854400634765625
42.631500244140625
42.692901611328125
42.67279815673828
42.61130142211914
42.57929992675781
42.59270095825195
42.620201110839844
42.59880065917969
43.391300201416016
42.9921989440918
43.017601013183594
43.07360076904297
43.08489990234375
43.26789855957031
43.0546989440918
43.18109893798828
42.90510177612305
26.549699783325195
26.44610023498535
26.430099487304688
26.521900177001953
26.680200576782227
26.548900604248047
26.56089973449707
26.263999938964844
26.209400177001953
26.37700080871582
26.223499298095703
26.26020050048828
26.343399047851562
26.402099609375
26.085100173950195
26.26580047607422
25.954200744628906
25.921499252319336
26.693199157714844
26.666000366210938
26.14150047302246
25.968000411987305
25.917800903320312
26.08139991760254
26.319599151611328
26.668899536132812
26.5
26.52669906616211
26.699600219726562
26.678300857543945
26.587200164794922
26.394399642944336
26.207700729370117
26.187599182128906
26.488399505615234
26.343599319458008
26.201400756835938
26.363800048828125
26.335399627685547
26.328800201416016
27.169300079345703
27.15410041809082
27.16160011291504
27.09670066833496
26.307100296020508
26.1875
26.09149932861328
26.05470085144043
26.969900131225586
26.784500122070312
26.675899505615234
26.831600189208984
26.91830062866211
27.140600204467773
27.0132999420166
27.047000885009766
26.898799896240234
27.138599395751953
26.749500274658203
26.77739906311035
26.789499282836914
26.6697998046875
26.567899703979492
27.075300216674805
26.63789939880371
26.649099349975586
26.653499603271484
26.697900772094727
26.763399124145508
26.741600036621094
26.773000717163086
26.779399871826172
26.681100845336914
26.543699264526367
26.5492000579834
26.619400024414062
33.54059982299805
33.35969924926758
33.17919921875
33.448699951171875
33.424400329589844
33.16590118408203
33.27360153198242
33.459999084472656
33.042701721191406
33.03670120239258
33.06930160522461
33.08369827270508
33.230098724365234
33.379600524902344
33.16740036010742
33.460601806640625
32.860599517822266
33.125701904296875
32.95330047607422
32.96120071411133
32.96699905395508
24.97410011291504
25.031999588012695
24.98310089111328
24.829700469970703
24.750200271606445
24.872400283813477
24.703699111938477
24.81100082397461
24.876100540161133
24.865999221801758
24.90489959716797
24.92099952697754
24.962200164794922
24.954099655151367
24.81170082092285
24.862699508666992
24.68560028076172
24.73430061340332
24.69029998779297
24.58289909362793
24.90180015563965
24.886600494384766
24.754100799560547
24.671899795532227
24.84429931640625
24.703100204467773
24.75589942932129
24.72610092163086
24.46380043029785
24.791000366210938
24.730300903320312
24.545700073242188
24.803199768066406
24.62689971923828
24.734600067138672
24.597200393676758
24.36039924621582
24.334999084472656
24.905899047851562
24.9685001373291
24.44700050354004
24.50189971923828
24.468799591064453
24.43280029296875
24.74370002746582
24.739099502563477
24.842100143432617
24.675100326538086
24.804000854492188
24.69379997253418
24.85540008544922
24.69070053100586
24.643600463867188
24.508800506591797
24.799800872802734
24.656400680541992
24.52090072631836
24.577199935913086
29.234600067138672
30.287900924682617
29.933900833129883
29.993999481201172
30.165300369262695
29.991199493408203
30.111499786376953
30.964099884033203
30.859399795532227
31.22610092163086
31.24530029296875
31.183900833129883
31.142900466918945
35.5620002746582
35.545501708984375
35.70180130004883
35.51240158081055
35.71540069580078
35.35449981689453
35.708499908447266
35.31629943847656
35.38100051879883
35.1859016418457
35.335601806640625
35.38560104370117
35.533199310302734
35.387001037597656
35.21030044555664
36.18170166015625
36.186500549316406
36.04309844970703
36.068599700927734
35.21659851074219
35.024600982666016
35.15620040893555
36.07630157470703
36.0546989440918
35.92499923706055
35.720001220703125
35.65950012207031
35.97359848022461
35.7593994140625
35.667701721191406
36.09619903564453
35.64680099487305
37.7593994140625
37.71620178222656
37.743099212646484
37.676998138427734
38.04280090332031
37.70479965209961
37.71149826049805
37.59469985961914
37.573699951171875
37.63650131225586
37.62620162963867
37.63079833984375
37.55160140991211
37.606201171875
37.596500396728516
37.70650100708008
37.36640167236328
37.50960159301758
37.44269943237305
37.32619857788086
37.5718994140625
37.37179946899414
37.11159896850586
37.17100143432617
36.920799255371094
38.02399826049805
37.96310043334961
37.81639862060547
37.27159881591797
37.186798095703125
37.03229904174805
37.05070114135742
37.691001892089844
37.73680114746094
37.73109817504883
37.75490188598633
37.889198303222656
37.84349822998047
37.876800537109375
37.798099517822266
37.64400100708008
37.40010070800781
37.60969924926758
37.292198181152344
37.81290054321289
37.78990173339844
37.32820129394531
37.4370002746582
37.463401794433594
37.547698974609375
37.75189971923828
37.41579818725586
37.27909851074219
37.87049865722656
37.94070053100586
37.89950180053711
37.36579895019531
37.63589859008789
37.67689895629883
37.682498931884766
37.49259948730469
37.69070053100586
37.43069839477539
37.47959899902344
37.0093994140625
37.10049819946289
37.280399322509766
37.203399658203125
37.38359832763672
37.575801849365234
37.347198486328125
37.5166015625
36.950801849365234
37.01599884033203
37.197898864746094
36.97520065307617
37.2588996887207
37.22809982299805
37.13840103149414
37.04840087890625
36.898101806640625
39.86259841918945
39.88959884643555
39.5453987121582
39.60599899291992
40.0625
39.854698181152344
39.63740158081055
39.65999984741211
39.65679931640625
39.567100524902344
39.513099670410156
39.327598571777344
39.175899505615234
39.30189895629883
39.60609817504883
39.41239929199219
39.33879852294922
39.80139923095703
39.698299407958984
39.480201721191406
39.45800018310547
39.14780044555664
39.32149887084961
39.443199157714844
39.21879959106445
39.24869918823242
29.69729995727539
29.65180015563965
29.61009979248047
29.563499450683594
29.54439926147461
29.360000610351562
29.188199996948242
29.600099563598633
29.34469985961914
29.51919937133789
29.574199676513672
29.680700302124023
29.5314998626709
29.38610076904297
29.560199737548828
29.277599334716797
29.250499725341797
29.48349952697754
29.453100204467773
29.558300018310547
29.481599807739258
29.131500244140625
29.171199798583984
30.01799964904785
30.004100799560547
29.282899856567383
29.122900009155273
29.297199249267578
29.334800720214844
29.796100616455078
29.758800506591797
29.555700302124023
29.589599609375
29.800500869750977
29.944499969482422
29.95400047302246
29.782699584960938
29.80780029296875
29.8080997467041
29.476900100708008
29.399499893188477
29.568199157714844
29.452999114990234
29.47760009765625
29.5851993560791
29.36669921875
29.376800537109375
29.342199325561523
29.415800094604492
29.68720054626465
29.6643009185791
29.7721004486084
29.49209976196289
30.111900329589844
30.144500732421875
30.12540054321289
30.145599365234375
29.367700576782227
29.376699447631836
29.204299926757812
29.25160026550293
29.78890037536621
29.994400024414062
29.571399688720703
29.76799964904785
29.833499908447266
30.031200408935547
29.95989990234375
30.119400024414062
29.76849937438965
29.692699432373047
29.711000442504883
29.951000213623047
29.705900192260742
29.733800888061523
29.468799591064453
29.571300506591797
29.574100494384766
29.57379913330078
29.450700759887695
29.45199966430664
29.692899703979492
29.59869956970215
29.554500579833984
29.563899993896484
33.33679962158203
33.13410186767578
33.283199310302734
33.34880065917969
32.95690155029297
32.929100036621094
32.96049880981445
33.14229965209961
33.17169952392578
33.07040023803711
33.2677001953125
32.829200744628906
32.650901794433594
33.160099029541016
33.13600158691406
33.070499420166016
32.93439865112305
33.01570129394531
32.891700744628906
33.07929992675781
32.895301818847656
32.6963996887207
32.700801849365234
32.96969985961914
32.7661018371582
32.92150115966797
32.94029998779297
32.47359848022461
32.53340148925781
33.14780044555664
32.477500915527344
32.519901275634766
32.77009963989258
32.7859992980957
32.596500396728516
32.68220138549805
32.62110137939453
32.38570022583008
32.57379913330078
33.20050048828125
33.19929885864258
32.997501373291016
33.031898498535156
32.26350021362305
32.36130142211914
32.561798095703125
32.24760055541992
32.68299865722656
32.31119918823242
32.56010055541992
32.64080047607422
32.38650131225586
32.40489959716797
32.19390106201172
32.13909912109375
32.33729934692383
32.51240158081055
32.36289978027344
32.58980178833008
32.054100036621094
32.11249923706055
31.95509910583496
32.32170104980469
32.187400817871094
32.17409896850586
32.19710159301758
32.225799560546875
32.21780014038086
32.032798767089844
31.944400787353516
31.992700576782227
34.4093017578125
34.07120132446289
34.14759826660156
33.90919876098633
34.0968017578125
34.230899810791016
34.42789840698242
34.51110076904297
34.11399841308594
36.14699935913086
36.90060043334961
36.87969970703125
36.51729965209961
37.07379913330078
37.05039978027344
37.08570098876953
36.875701904296875
37.02080154418945
37.31719970703125
37.501800537109375
37.236900329589844
37.432899475097656
36.70930099487305
36.68299865722656
37.51459884643555
37.64950180053711
37.424598693847656
37.627601623535156
37.250701904296875
37.470001220703125
37.01190185546875
37.08509826660156
37.13180160522461
37.224700927734375
37.09450149536133
37.1150016784668
36.900901794433594
36.972198486328125
37.28260040283203
37.30329895019531
37.149200439453125
37.27090072631836
36.7140998840332
36.90800094604492
36.7682991027832
36.937400817871094
37.132301330566406
37.122100830078125
36.87220001220703
37.07699966430664
37.95069885253906
37.953800201416016
37.93199920654297
37.7781982421875
36.6973991394043
36.70840072631836
36.53969955444336
36.552398681640625
37.905799865722656
37.93370056152344
37.571998596191406
37.7156982421875
37.72600173950195
37.89459991455078
37.73939895629883
37.77149963378906
37.40530014038086
37.54930114746094
37.614601135253906
37.82350158691406
37.5713996887207
37.59170150756836
37.54790115356445
37.38800048828125
37.66059875488281
37.78300094604492
37.4370002746582
37.45859909057617
37.69060134887695
37.523799896240234
37.613800048828125
37.64590072631836
37.52790069580078
37.47809982299805
37.586700439453125
37.5192985534668
37.4276008605957
37.46310043334961
37.737701416015625
37.73440170288086
37.24440002441406
37.365501403808594
37.0619010925293
37.229698181152344
37.29050064086914
37.383201599121094
37.309200286865234
37.7036018371582
28.19770050048828
28.076000213623047
27.853099822998047
28.09429931640625
27.749799728393555
27.90049934387207
27.961999893188477
28.14080047607422
27.927900314331055
27.800100326538086
27.849599838256836
27.8080997467041
27.746299743652344
27.85759925842285
27.84980010986328
28.024200439453125
28.15399932861328
27.983200073242188
28.140199661254883
28.277999877929688
27.92639923095703
27.976200103759766
28.337099075317383
28.479400634765625
28.29290008544922
28.333799362182617
28.349000930786133
27.950599670410156
28.346099853515625
28.378400802612305
28.00550079345703
28.18239974975586
28.306499481201172
27.97100067138672
28.155799865722656
28.150999069213867
27.97909927368164
27.99959945678711
28.15839958190918
27.986400604248047
28.12070083618164
28.165000915527344
28.79829978942871
28.974700927734375
28.680599212646484
28.856800079345703
28.024799346923828
27.917699813842773
28.975400924682617
29.032699584960938
28.925100326538086
28.782400131225586
28.85460090637207
28.7549991607666
29.01740074157715
29.0231990814209
28.73710060119629
28.844100952148438
28.878599166870117
28.623600006103516
28.923200607299805
28.92259979248047
28.90519905090332
28.680400848388672
28.799699783325195
28.729400634765625
28.56719970703125
28.565799713134766
28.6156005859375
28.772300720214844
28.604299545288086
28.702299118041992
28.743200302124023
34.14339828491211
34.26940155029297
34.26020050048828
34.09339904785156
34.076900482177734
34.15879821777344
33.8843994140625
33.94029998779297
34.264801025390625
34.306800842285156
33.96189880371094
33.887298583984375
33.770999908447266
33.82749938964844
33.622798919677734
33.62710189819336
33.7322998046875
33.89509963989258
33.553001403808594
33.672000885009766
33.40599822998047
33.42169952392578
33.88079833984375
33.863399505615234
33.61109924316406
33.787899017333984
33.232200622558594
33.6244010925293
33.65449905395508
33.48540115356445
33.444801330566406
33.643001556396484
33.73749923706055
33.83919906616211
33.43230056762695
33.529701232910156
33.30220031738281
33.49150085449219
33.15409851074219
32.98659896850586
33.297298431396484
33.441001892089844
33.58089828491211
33.249000549316406
33.49760055541992
32.948001861572266
35.22480010986328
35.15530014038086
33.206298828125
33.15480041503906
33.02069854736328
33.07780075073242
35.029300689697266
35.05609893798828
34.82279968261719
34.78779983520508
34.95220184326172
35.16130065917969
35.01499938964844
35.24789810180664
34.73469924926758
34.762901306152344
34.61259841918945
34.94459915161133
34.989898681640625
34.80970001220703
34.930198669433594
35.11840057373047
34.832401275634766
34.539100646972656
34.685298919677734
34.814300537109375
34.88330078125
34.690399169921875
34.564701080322266
34.62929916381836
34.526100158691406
34.58359909057617
34.334598541259766
34.667598724365234
34.85300064086914
34.750099182128906
34.56100082397461
34.504398345947266
34.35929870605469
21.94300079345703
21.99519920349121
21.921899795532227
22.10070037841797
22.268199920654297
21.996200561523438
22.162399291992188
22.702899932861328
22.621000289916992
22.552900314331055
22.67020034790039
22.6072998046875
23.475200653076172
23.12350082397461
23.20840072631836
23.03510093688965
23.176000595092773
23.342300415039062
23.464399337768555
23.385400772094727
23.43079948425293
23.20949935913086
23.204200744628906
23.243200302124023
23.132999420166016
23.278499603271484
23.42099952697754
23.355300903320312
23.311100006103516
23.192800521850586
23.372400283813477
23.073999404907227
23.25119972229004
23.203399658203125
23.073999404907227
22.912599563598633
23.052499771118164
23.436500549316406
23.482999801635742
23.33919906616211
23.27630043029785
22.9773006439209
23.107799530029297
22.969900131225586
23.021799087524414
23.395299911499023
23.311800003051758
22.987300872802734
23.171199798583984
23.345300674438477
23.100299835205078
23.08609962463379
23.209800720214844
23.380399703979492
23.087099075317383
23.258499145507812
23.379600524902344
23.344499588012695
22.993000030517578
23.081199645996094
23.17449951171875
23.137100219726562
23.039100646972656
23.13610076904297
27.183300018310547
27.02280044555664
37.28390121459961
37.312801361083984
37.18109893798828
37.113399505615234
37.342098236083984
36.942100524902344
36.83359909057617
36.965301513671875
36.951499938964844
37.07529830932617
37.26599884033203
36.98139953613281
37.18130111694336
36.8047981262207
36.76219940185547
37.01689910888672
23.430500030517578
23.88360023498535
23.882099151611328
23.836599349975586
23.830900192260742
23.866600036621094
23.83690071105957
23.88990020751953
23.886199951171875
23.73259925842285
23.88599967956543
23.734899520874023
23.586200714111328
23.681800842285156
23.826200485229492
23.889999389648438
23.60219955444336
23.902799606323242
23.594200134277344
23.580299377441406
23.595500946044922
23.59510040283203
23.751300811767578
23.744300842285156
25.734100341796875
25.83169937133789
25.502199172973633
25.571199417114258
25.699800491333008
25.835500717163086
25.699499130249023
25.476999282836914
25.675600051879883
25.5939998626709
25.538000106811523
25.6653995513916
25.644399642944336
25.805400848388672
25.378700256347656
25.43320083618164
25.51140022277832
25.53969955444336
25.63800048828125
25.683300018310547
25.468599319458008
25.4685001373291
25.626399993896484
25.487499237060547
25.31679916381836
25.47480010986328
25.378599166870117
25.349700927734375
25.621999740600586
25.793899536132812
25.716800689697266
25.78219985961914
25.771900177001953
25.551300048828125
25.293699264526367
25.479999542236328
25.766300201416016
25.416900634765625
25.402799606323242
25.732099533081055
25.426700592041016
25.427799224853516
25.597400665283203
25.732900619506836
25.564300537109375
25.46269989013672
25.320499420166016
25.30459976196289
25.44339942932129
25.561100006103516
25.44499969482422
25.786300659179688
26.196500778198242
26.267000198364258
26.029600143432617
26.149900436401367
26.090700149536133
26.246400833129883
26.05030059814453
26.098499298095703
25.738500595092773
25.794099807739258
25.851900100708008
26.09469985961914
25.713699340820312
25.810800552368164
25.878599166870117
25.853099822998047
25.9512996673584
26.12299919128418
25.79829978942871
26.15570068359375
25.962600708007812
25.80030059814453
26.021400451660156
25.91469955444336
26.192899703979492
25.70210075378418
26.242300033569336
26.13450050354004
26.222400665283203
26.23390007019043
26.00779914855957
26.17020034790039
25.965999603271484
25.848600387573242
25.797300338745117
26.14069938659668
25.76140022277832
25.904399871826172
25.864099502563477
25.85420036315918
26.127700805664062
26.091400146484375
25.92099952697754
26.08060073852539
26.17840003967285
26.134300231933594
25.956300735473633
26.116100311279297
25.750900268554688
25.74329948425293
26.302499771118164
26.340999603271484
26.177099227905273
25.978200912475586
26.26129913330078
26.33919906616211
26.008399963378906
26.173200607299805
26.312599182128906
26.152000427246094
26.013399124145508
26.009000778198242
25.88800048828125
25.942800521850586
26.10610008239746
26.215099334716797
25.9325008392334
32.67279815673828
32.69620132446289
32.28409957885742
32.68730163574219
32.817901611328125
32.712501525878906
32.68320083618164
32.55820083618164
32.46780014038086
32.25419998168945
32.362098693847656
32.553001403808594
32.355098724365234
32.47119903564453
32.626800537109375
32.252601623535156
32.40119934082031
32.402000427246094
32.214500427246094
32.257598876953125
32.63690185546875
32.253299713134766
32.21269989013672
32.03919982910156
32.0432014465332
31.881399154663086
32.024200439453125
32.35540008544922
32.23809814453125
32.07469940185547
31.875099182128906
32.75749969482422
32.70500183105469
32.46110153198242
32.709999084472656
32.82120132446289
32.89720153808594
32.904300689697266
32.61970138549805
32.37950134277344
32.482200622558594
32.30929946899414
32.357398986816406
32.49079895019531
32.49449920654297
32.492000579833984
32.47959899902344
32.01620101928711
32.180198669433594
31.91200065612793
32.015899658203125
32.48210144042969
32.48469924926758
32.29719924926758
32.32460021972656
31.85300064086914
31.979900360107422
31.94029998779297
31.654399871826172
31.871400833129883
31.965499877929688
31.5939998626709
31.67530059814453
31.825700759887695
32.200599670410156
31.779300689697266
31.810800552368164
31.53350067138672
31.56130027770996
32.003700256347656
32.018699645996094
31.69260025024414
31.84510040283203
31.877899169921875
31.70210075378418
31.811800003051758
31.822099685668945
31.622499465942383
31.67690086364746
31.34830093383789
31.496400833129883
31.531700134277344
31.499099731445312
31.59869956970215
31.783300399780273
31.46179962158203
31.649799346923828
31.411100387573242
31.505199432373047
31.41230010986328
31.347700119018555
40.443599700927734
40.664398193359375
40.26679992675781
40.41630172729492
40.984798431396484
40.61840057373047
40.8140983581543
40.217498779296875
40.43709945678711
43.01219940185547
23.787799835205078
23.823400497436523
23.522600173950195
23.489500045776367
23.595699310302734
23.478500366210938
23.784799575805664
23.760799407958984
23.697799682617188
23.711599349975586
23.744199752807617
23.59119987487793
23.45639991760254
23.752700805664062
23.667999267578125
23.6200008392334
23.772600173950195
23.629100799560547
23.623699188232422
23.45439910888672
23.33970069885254
23.705299377441406
23.454299926757812
23.348899841308594
23.46649932861328
23.475900650024414
23.36549949645996
23.455699920654297
23.401199340820312
23.39150047302246
36.78409957885742
37.064701080322266
36.924198150634766
36.938201904296875
36.883399963378906
37.287899017333984
37.127899169921875
37.30500030517578
37.09579849243164
36.82350158691406
36.77450180053711
36.77989959716797
36.82749938964844
37.01259994506836
36.959800720214844
36.98870086669922
37.04499816894531
36.412200927734375
37.052101135253906
36.621299743652344
36.6343994140625
36.40589904785156
36.60169982910156
36.56919860839844
36.607601165771484
36.4911003112793
36.67340087890625
36.52320098876953
36.7140007019043
36.88029861450195
36.66809844970703
36.867801666259766
36.782100677490234
36.5172004699707
36.50550079345703
36.55289840698242
36.57630157470703
36.648799896240234
36.71549987792969
36.868099212646484
36.82619857788086
36.368900299072266
36.50450134277344
36.48509979248047
36.57120132446289
36.68370056152344
36.44609832763672
36.408599853515625
36.72529983520508
36.37990188598633
36.706298828125
36.32500076293945
40.06869888305664
39.83340072631836
39.60490036010742
39.604400634765625
39.6885986328125
39.800498962402344
39.88970184326172
40.03799819946289
40.00210189819336
39.75699996948242
39.953800201416016
39.50080108642578
39.477901458740234
39.59519958496094
39.565799713134766
39.454898834228516
39.71369934082031
39.61909866333008
39.57170104980469
43.04719924926758
43.05329895019531
43.19309997558594
43.072601318359375
43.28329849243164
43.27349853515625
43.439701080322266
42.81420135498047
42.74369812011719
42.96780014038086
42.84130096435547
42.70909881591797
42.93560028076172
43.104000091552734
43.05569839477539
42.39970016479492
42.36600112915039
42.5817985534668
42.189701080322266
42.57929992675781
42.63589859008789
42.60710144042969
42.585601806640625
42.54090118408203
42.583499908447266
42.47489929199219
42.69390106201172
42.81999969482422
42.38529968261719
42.823299407958984
42.865699768066406
42.3474006652832
42.33140182495117
42.19089889526367
42.503299713134766
42.379798889160156
42.23440170288086
42.57979965209961
42.391300201416016
41.88869857788086
41.92100143432617
42.0525016784668
42.087398529052734
42.05379867553711
42.27289962768555
42.26210021972656
42.19649887084961
41.77519989013672
41.76150131225586
41.832298278808594
41.7953987121582
42.00130081176758
41.81909942626953
41.72439956665039
41.93239974975586
41.63840103149414
41.36399841308594
41.37630081176758
41.447200775146484
41.405399322509766
41.59450149536133
41.897499084472656
41.335201263427734
41.63949966430664
41.517601013183594
41.589298248291016
41.60340118408203
41.74509811401367
41.44580078125
42.01890182495117
41.94169998168945
42.13209915161133
42.13759994506836
42.33689880371094
42.08879852294922
42.51499938964844
42.307899475097656
41.47909927368164
41.41460037231445
41.447200775146484
41.439701080322266
41.54240036010742
41.622398376464844
41.971900939941406
41.89569854736328
42.14970016479492
42.01350021362305
41.567298889160156
41.11650085449219
41.467098236083984
41.39910125732422
40.9192008972168
40.96390151977539
41.397499084472656
41.351600646972656
40.93470001220703
41.402198791503906
41.29520034790039
41.19390106201172
41.569801330566406
40.956600189208984
40.872398376464844
41.22330093383789
41.215999603271484
41.16699981689453
41.02170181274414
20.54840087890625
24.930400848388672
24.635299682617188
24.661399841308594
24.736400604248047
24.974700927734375
24.903099060058594
24.72170066833496
24.75349998474121
24.53219985961914
24.482200622558594
24.48259925842285
24.628299713134766
24.590900421142578
24.539899826049805
24.393999099731445
24.38290023803711
24.544700622558594
24.57990074157715
24.56329917907715
24.741300582885742
24.41819953918457
24.41939926147461
24.36280059814453
24.84440040588379
24.818700790405273
24.84869956970215
24.689899444580078
24.99370002746582
24.629100799560547
24.78459930419922
24.846399307250977
24.676300048828125
24.835500717163086
24.677200317382812
24.6560001373291
24.528099060058594
24.745899200439453
24.660400390625
24.976900100708008
24.916200637817383
25.336999893188477
25.346799850463867
25.433900833129883
25.23349952697754
24.520099639892578
24.51959991455078
24.69879913330078
24.53219985961914
25.20870018005371
25.062599182128906
25.312599182128906
25.208900451660156
25.155099868774414
25.1875
25.33489990234375
25.316299438476562
25.398799896240234
25.4237003326416
24.87470054626465
24.832700729370117
24.975000381469727
24.739500045776367
25.10650062561035
25.020700454711914
24.94300079345703
25.103900909423828
25.28569984436035
25.26460075378418
25.31529998779297
25.25860023498535
25.297700881958008
25.326400756835938
25.101900100708008
25.015600204467773
25.180500030517578
25.293100357055664
25.367399215698242
25.34630012512207
25.07390022277832
25.386600494384766
24.923999786376953
24.906400680541992
25.087400436401367
25.063600540161133
24.904300689697266
25.058700561523438
25.397499084472656
25.02090072631836
24.821399688720703
24.760000228881836
24.854999542236328
24.92970085144043
25.2283992767334
24.97640037536621
24.95319938659668
25.032400131225586
25.013999938964844
24.99020004272461
25.002599716186523
25.06369972229004
25.207799911499023
25.123300552368164
24.725799560546875
25.125499725341797
24.709199905395508
24.87929916381836
24.888900756835938
24.628000259399414
24.634199142456055
24.707399368286133
25.0177001953125
24.999099731445312
24.649999618530273
24.623199462890625
24.755800247192383
24.7406005859375
24.91939926147461
24.792999267578125
24.620100021362305
24.961700439453125
24.630599975585938
24.6289005279541
24.523399353027344
24.554800033569336
24.61720085144043
30.129100799560547
30.078500747680664
29.710100173950195
30.180500030517578
29.857799530029297
30.20400047302246
29.844200134277344
29.915599822998047
29.815500259399414
30.15679931640625
30.10260009765625
29.898399353027344
29.787500381469727
29.871700286865234
30.447799682617188
29.766399383544922
29.723899841308594
29.881999969482422
30.061500549316406
29.798599243164062
29.746299743652344
30.326499938964844
30.072900772094727
30.066999435424805
30.139400482177734
30.22170066833496
30.23310089111328
30.49049949645996
30.446300506591797
30.374799728393555
30.366899490356445
30.664400100708008
30.35379981994629
29.88759994506836
30.46030044555664
30.027599334716797
30.01689910888672
30.25200080871582
30.234399795532227
30.36520004272461
30.272499084472656
29.842199325561523
29.648700714111328
29.45199966430664
29.49489974975586
29.692100524902344
29.447999954223633
29.736799240112305
29.756799697875977
29.611299514770508
29.80109977722168
30.71660041809082
29.414600372314453
29.31719970703125
29.396699905395508
36.38010025024414
36.76350021362305
37.157798767089844
37.13460159301758
37.29010009765625
36.77539825439453
36.58570098876953
36.9650993347168
36.78670120239258
36.968101501464844
37.01190185546875
36.84360122680664
37.026798248291016
36.894100189208984
36.71009826660156
36.89899826049805
36.71070098876953
36.47309875488281
36.63330078125
36.648399353027344
36.58169937133789
36.590999603271484
36.519798278808594
40.97119903564453
32.825401306152344
32.722999572753906
32.77939987182617
32.71799850463867
32.689701080322266
33.51190185546875
33.551700592041016
33.25019836425781
33.510398864746094
33.46200180053711
33.189998626708984
33.35530090332031
33.47050094604492
33.404598236083984
33.43090057373047
33.29930114746094
32.88059997558594
33.49150085449219
33.3202018737793
33.29090118408203
33.5276985168457
33.56420135498047
33.46500015258789
33.16960144042969
32.89030075073242
32.907100677490234
32.99470138549805
33.05139923095703
33.010799407958984
41.09640121459961
40.8291015625
40.77259826660156
41.074501037597656
40.95880126953125
40.97140121459961
41.07550048828125
40.913299560546875
41.00529861450195
41.082801818847656
40.79650115966797
40.85169982910156
40.7598991394043
40.84049987792969
40.720401763916016
40.9025993347168
40.42570114135742
40.51319885253906
40.6427001953125
40.35660171508789
40.31919860839844
40.43410110473633
40.497501373291016
40.458099365234375
40.67359924316406
40.71200180053711
40.754600524902344
41.06380081176758
40.99470138549805
40.95349884033203
41.02669906616211
41.09560012817383
40.25630187988281
40.249900817871094
40.274200439453125
40.50579833984375
40.471099853515625
40.31629943847656
40.705101013183594
40.5
40.951698303222656
40.79010009765625
40.57830047607422
40.19150161743164
40.405399322509766
40.427398681640625
40.57889938354492
40.40919876098633
40.400299072265625
40.61280059814453
40.354400634765625
40.63290023803711
40.19260025024414
40.36579895019531
40.21310043334961
40.28919982910156
40.41559982299805
40.35179901123047
40.32320022583008
40.367698669433594
40.4640998840332
40.32899856567383
40.53689956665039
40.494998931884766
40.847900390625
40.45140075683594
40.26359939575195
40.240299224853516
21.18899917602539
25.305099487304688
25.478099822998047
25.650999069213867
25.291000366210938
25.46969985961914
25.605300903320312
25.530899047851562
25.564599990844727
25.53070068359375
25.70050048828125
25.652700424194336
25.210100173950195
25.354299545288086
25.30120086669922
25.56999969482422
25.24340057373047
25.358299255371094
25.57349967956543
25.600400924682617
25.611299514770508
25.760799407958984
25.780399322509766
25.649900436401367
25.47610092163086
25.5393009185791
25.257400512695312
25.275100708007812
25.44770050048828
25.448699951171875
25.608200073242188
25.403200149536133
25.35890007019043
25.813199996948242
25.20870018005371
25.30430030822754
25.304000854492188
25.25779914855957
25.617000579833984
25.268600463867188
25.365800857543945
25.84910011291504
25.688199996948242
25.764699935913086
25.655399322509766
25.53660011291504
25.671300888061523
25.839500427246094
25.84830093383789
25.3971004486084
25.559999465942383
25.554000854492188
25.60379981994629
25.76959991455078
25.525100708007812
25.516399383544922
34.2859992980957
34.67129898071289
34.704200744628906
34.65290069580078
34.14910125732422
34.27479934692383
34.261600494384766
34.40739822387695
34.42679977416992
34.37910079956055
34.557498931884766
34.355201721191406
34.100799560546875
33.95330047607422
34.176700592041016
34.13209915161133
34.15739822387695
33.95830154418945
34.256099700927734
34.127601623535156
33.78049850463867
33.647701263427734
33.86259841918945
33.7484016418457
33.926700592041016
34.09080123901367
33.792598724365234
34.0005989074707
33.5447998046875
33.74340057373047
33.76029968261719
33.900001525878906
33.7494010925293
33.56999969482422
33.63740158081055
33.785301208496094
33.35689926147461
33.42129898071289
33.21549987792969
33.40380096435547
33.516998291015625
33.58829879760742
33.68450164794922
33.58890151977539
33.10929870605469
33.199100494384766
33.27180099487305
33.38560104370117
33.44139862060547
33.61750030517578
33.08879852294922
33.26940155029297
33.12480163574219
33.17279815673828
33.19779968261719
33.18980026245117
33.22359848022461
33.2067985534668
33.37369918823242
33.3135986328125
32.89630126953125
32.642601013183594
32.77470016479492
33.07429885864258
32.87419891357422
32.784400939941406
32.95709991455078
32.93989944458008
32.73139953613281
32.76639938354492
32.760501861572266
32.79209899902344
32.85459899902344
32.796600341796875
32.940399169921875
33.055599212646484
32.76169967651367
32.333900451660156
32.30979919433594
32.26060104370117
32.656898498535156
32.489898681640625
32.62929916381836
32.45370101928711
32.200801849365234
32.374000549316406
32.35850143432617
32.49250030517578
32.575401306152344
32.618900299072266
32.483299255371094
32.72460174560547
32.946998596191406
33.213401794433594
33.21269989013672
33.39680099487305
32.23870086669922
32.188201904296875
32.43190002441406
32.26959991455078
32.80110168457031
32.85340118408203
32.89229965209961
33.039398193359375
33.00130081176758
32.99250030517578
43.0078010559082
43.058998107910156
43.74729919433594
43.69609832763672
43.54669952392578
43.626399993896484
43.642799377441406
43.58549880981445
43.7135009765625
43.338600158691406
43.46139907836914
43.66389846801758
43.16120147705078
43.14360046386719
43.13949966430664
42.93320083618164
43.35559844970703
43.41299819946289
43.388301849365234
43.350799560546875
43.24140167236328
43.27750015258789
43.4015998840332
43.596099853515625
43.675899505615234
42.97930145263672
43.20100021362305
43.16669845581055
43.067901611328125
43.297000885009766
43.09349822998047
43.74689865112305
43.8202018737793
43.93539810180664
43.325599670410156
43.580501556396484
43.650299072265625
43.605499267578125
43.502498626708984
43.709800720214844
43.66699981689453
43.13759994506836
43.6526985168457
43.527198791503906
43.66640090942383
43.20240020751953
43.25859832763672
43.43320083618164
43.36090087890625
43.127601623535156
43.1077995300293
43.51499938964844
43.324100494384766
43.257999420166016
43.32929992675781
43.95589828491211
43.88840103149414
43.834598541259766
43.92340087890625
44.11899948120117
43.707801818847656
43.92060089111328
43.93989944458008
44.149600982666016
43.86429977416992
43.81399917602539
43.66360092163086
43.75239944458008
43.76919937133789
43.967201232910156
43.97209930419922
43.65890121459961
43.67879867553711
43.85260009765625
43.81420135498047
43.9015007019043
20.91360092163086
20.828500747680664
20.701499938964844
20.861299514770508
20.754499435424805
20.98430061340332
20.984100341796875
22.822500228881836
22.79199981689453
22.942699432373047
22.63319969177246
22.76919937133789
22.71660041809082
22.88279914855957
22.87529945373535
22.934799194335938
22.602399826049805
22.656299591064453
22.73069953918457
22.55900001525879
22.825000762939453
22.836299896240234
22.768299102783203
22.6023006439209
22.499900817871094
22.549999237060547
22.70870018005371
22.82710075378418
22.662900924682617
22.66390037536621
22.495399475097656
22.502899169921875
22.59749984741211
22.69540023803711
22.704500198364258
22.479700088500977
22.64699935913086
22.744300842285156
22.817899703979492
22.545400619506836
22.622699737548828
22.781999588012695
22.618600845336914
22.449199676513672
22.610700607299805
22.769800186157227
22.784299850463867
22.428699493408203
22.334999084472656
22.335500717163086
22.4601993560791
22.551000595092773
22.465599060058594
22.634899139404297
22.488399505615234
22.651399612426758
22.797000885009766
22.797800064086914
22.40530014038086
22.440000534057617
22.771299362182617
22.43280029296875
22.517799377441406
22.687999725341797
22.45509910583496
22.452999114990234
22.62779998779297
22.582700729370117
22.75469970703125
22.48550033569336
22.560300827026367
22.72879981994629
22.483800888061523
24.352399826049805
24.46310043334961
24.44409942626953
24.64590072631836
24.664199829101562
24.819299697875977
24.81999969482422
24.80139923095703
24.232099533081055
24.383499145507812
24.793399810791016
24.81049919128418
24.833599090576172
24.684099197387695
24.51289939880371
24.669599533081055
24.831300735473633
24.82200050354004
24.59910011291504
24.469499588012695
24.63610076904297
24.518299102783203
24.360599517822266
24.516300201416016
24.506999969482422
24.644399642944336
24.516199111938477
24.60070037841797
24.76409912109375
24.344900131225586
24.482500076293945
24.47130012512207
24.43630027770996
24.770099639892578
24.517200469970703
24.51420021057129
24.84000015258789
35.433799743652344
35.47710037231445
35.429100036621094
35.63560104370117
35.667598724365234
35.66320037841797
35.837100982666016
35.5525016784668
35.37889862060547
35.12070083618164
35.254398345947266
35.28799819946289
35.480098724365234
35.58039855957031
35.456600189208984
35.100399017333984
35.1880989074707
35.199501037597656
35.33319854736328
35.21889877319336
35.194400787353516
35.38819885253906
35.43149948120117
35.27470016479492
35.06930160522461
34.682098388671875
34.8130989074707
35.00960159301758
35.03620147705078
34.845298767089844
34.912899017333984
35.67369842529297
35.73809814453125
35.654701232910156
34.85419845581055
35.0723991394043
34.9015998840332
35.03229904174805
35.23939895629883
34.76380157470703
34.74850082397461
34.69960021972656
35.28799819946289
35.482398986816406
35.327598571777344
35.49190139770508
35.49020004272461
35.82320022583008
35.992401123046875
36.06100082397461
36.013999938964844
36.33639907836914
36.216400146484375
34.620201110839844
34.5703010559082
35.598899841308594
35.75040054321289
35.78139877319336
35.85150146484375
36.00659942626953
36.05690002441406
38.714698791503906
38.745201110839844
38.699798583984375
38.73149871826172
38.74509811401367
38.887298583984375
38.901100158691406
38.850101470947266
38.9031982421875
38.507598876953125
38.63600158691406
38.8307991027832
38.88560104370117
38.52579879760742
38.55860137939453
38.364601135253906
38.349998474121094
38.3651008605957
38.50680160522461
38.505699157714844
38.506900787353516
38.692298889160156
38.71900177001953
38.875701904296875
38.41859817504883
38.30979919433594
38.33359909057617
38.44329833984375
38.50960159301758
38.493099212646484
38.65959930419922
38.70790100097656
37.92829895019531
37.910400390625
37.877899169921875
38.11920166015625
38.014801025390625
38.21030044555664
38.16339874267578
38.35340118408203
38.03369903564453
38.126800537109375
38.11040115356445
38.27080154418945
37.71699905395508
37.657901763916016
37.84600067138672
37.71799850463867
37.55329895019531
37.596500396728516
37.74319839477539
37.76860046386719
37.82360076904297
37.97800064086914
37.76959991455078
37.85150146484375
38.13710021972656
38.33530044555664
38.19350051879883
38.35260009765625
38.53300094604492
38.31290054321289
38.492000579833984
38.694801330566406
38.797298431396484
38.974700927734375
38.84590148925781
38.90950012207031
38.74300003051758
38.80569839477539
38.99769973754883
39.0088005065918
38.65850067138672
38.86040115356445
38.993099212646484
38.6609992980957
38.70909881591797
38.74919891357422
38.63169860839844
38.65840148925781
38.58219909667969
38.62229919433594
38.61220169067383
40.12710189819336
40.094398498535156
40.20899963378906
40.28329849243164
40.22159957885742
40.159000396728516
40.08470153808594
39.990299224853516
39.75960159301758
40.10459899902344
40.05030059814453
40.14070129394531
39.84870147705078
40.035499572753906
40.01570129394531
40.18629837036133
39.86909866333008
40.063499450683594
40.01959991455078
40.218101501464844
39.923099517822266
39.90190124511719
39.80910110473633
39.89569854736328
40.05289840698242
40.10969924926758
40.08810043334961
39.83660125732422
40.170501708984375
40.17599868774414
40.168701171875
40.21540069580078
39.831298828125
39.795101165771484
40.08919906616211
39.77109909057617
39.70320129394531
39.753299713134766
39.95429992675781
40.06760025024414
40.090599060058594
40.04719924926758
39.891300201416016
40.10639953613281
39.72119903564453
40.02640151977539
39.797000885009766
39.70140075683594
39.659400939941406
39.77949905395508
39.8213996887207
39.768699645996094
39.721500396728516
39.62080001831055
39.6150016784668
39.63890075683594
39.61000061035156
41.60929870605469
41.632999420166016
41.73590087890625
41.74039840698242
41.44660186767578
41.60530090332031
41.60129928588867
41.506500244140625
41.27510070800781
41.609100341796875
41.62950134277344
41.59859848022461
41.03580093383789
41.17409896850586
41.12260055541992
41.10089874267578
41.117401123046875
41.08399963378906
41.46419906616211
41.25189971923828
41.96839904785156
41.966400146484375
41.965999603271484
40.94990158081055
41.10049819946289
41.62919998168945
41.81010055541992
41.61360168457031
41.875701904296875
41.86360168457031
41.82659912109375
41.35139846801758
41.400299072265625
41.216800689697266
41.593101501464844
41.039798736572266
41.09239959716797
41.044700622558594
41.2135009765625
41.61920166015625
41.39419937133789
41.11090087890625
41.157798767089844
41.19279861450195
41.28879928588867
41.3296012878418
41.29240036010742
41.20669937133789
41.262901306152344
41.759300231933594
41.84489822387695
41.85390090942383
41.95859909057617
40.9744987487793
41.04290008544922
41.127201080322266
41.1703987121582
41.39540100097656
41.586700439453125
41.70090103149414
41.69169998168945
41.56809997558594
41.627601623535156
41.79389953613281
41.832698822021484
41.403099060058594
41.46480178833008
41.510501861572266
42.282501220703125
42.18000030517578
42.26559829711914
41.7515983581543
41.63309860229492
42.25170135498047
42.11690139770508
42.18600082397461
42.22930145263672
42.033599853515625
42.109500885009766
41.92729949951172
41.70159912109375
42.142398834228516
41.78379821777344
41.87089920043945
42.07569885253906
41.95759963989258
41.902400970458984
42.13249969482422
42.13779830932617
42.01250076293945
42.06719970703125
41.614498138427734
41.81760025024414
41.668800354003906
41.923500061035156
41.89889907836914
41.67319869995117
41.81489944458008
41.784698486328125
41.86940002441406
42.0349006652832
41.712799072265625
41.80289840698242
41.72829818725586
41.95650100708008
27.282899856567383
27.070899963378906
26.943700790405273
27.117700576782227
27.280500411987305
26.94770050048828
27.041900634765625
27.2189998626709
27.313199996948242
26.95009994506836
26.95599937438965
27.066299438476562
27.252399444580078
27.33180046081543
26.934200286865234
26.902799606323242
27.242700576782227
27.87380027770996
27.712799072265625
27.760299682617188
27.92770004272461
27.930200576782227
27.9867000579834
28.048200607299805
26.964099884033203
27.951200485229492
28.01609992980957
27.66550064086914
27.77739906311035
27.949100494384766
27.98699951171875
27.949100494384766
27.827299118041992
27.86709976196289
27.709400177001953
27.825599670410156
27.9867000579834
27.614299774169922
27.6294002532959
27.729999542236328
27.90880012512207
27.82379913330078
27.99220085144043
27.476299285888672
27.48200035095215
27.599300384521484
27.66659927368164
27.775699615478516
27.68549919128418
27.531299591064453
27.642900466918945
27.631500244140625
27.815799713134766
27.743200302124023
27.9237003326416
27.88610076904297
27.892499923706055
27.56800079345703
27.53070068359375
27.595600128173828
27.707300186157227
27.75149917602539
27.584400177001953
40.71229934692383
40.26850128173828
40.4390983581543
40.49470138549805
40.72090148925781
40.69049835205078
40.868900299072266
40.16460037231445
40.317298889160156
40.329200744628906
40.39310073852539
40.590999603271484
40.697200775146484
40.535701751708984
40.50210189819336
40.860801696777344
40.09320068359375
39.949100494384766
40.11330032348633
40.10609817504883
40.31719970703125
40.26559829711914
40.48210144042969
40.444400787353516
40.60919952392578
40.80730056762695
40.85969924926758
40.57619857788086
40.78110122680664
40.84980010986328
40.860599517822266
40.756500244140625
40.8494987487793
40.30619812011719
40.44129943847656
40.452598571777344
40.43479919433594
40.46260070800781
40.47560119628906
40.285301208496094
40.30649948120117
40.28860092163086
40.402400970458984
40.29249954223633
40.427101135253906
40.41790008544922
40.53200149536133
39.74879837036133
39.923301696777344
39.91640090942383
40.122501373291016
40.06850051879883
40.271400451660156
40.06560134887695
40.22200012207031
39.9010009765625
39.6879997253418
39.527099609375
39.68009948730469
39.68830108642578
39.88840103149414
39.85969924926758
40.06269836425781
39.47679901123047
44.28010177612305
44.27619934082031
44.26490020751953
20.875499725341797
20.76129913330078
20.602500915527344
20.986400604248047
20.83769989013672
20.686199188232422
20.871700286865234
20.720399856567383
28.545299530029297
28.543800354003906
28.3887996673584
28.481000900268555
28.43160057067871
28.25589942932129
28.195600509643555
28.215700149536133
28.09160041809082
28.129199981689453
32.847900390625
33.00859832763672
32.462398529052734
32.499000549316406
32.55649948120117
32.870601654052734
32.75189971923828
32.92250061035156
32.93299865722656
32.826499938964844
32.77050018310547
32.525299072265625
32.57440185546875
32.77259826660156
32.3921012878418
32.29899978637695
32.65169906616211
32.590999603271484
32.73899841308594
32.303199768066406
32.36439895629883
32.47639846801758
32.545101165771484
32.81999969482422
32.775001525878906
32.740699768066406
32.35430145263672
32.52899932861328
32.45159912109375
32.39139938354492
32.51839828491211
32.123199462890625
32.26919937133789
34.54650115966797
34.48509979248047
34.30739974975586
34.34360122680664
34.067501068115234
34.062801361083984
33.85110092163086
33.73540115356445
33.907901763916016
34.131900787353516
34.01219940185547
33.97019958496094
34.2859001159668
34.490501403808594
34.29050064086914
34.31290054321289
34.07160186767578
34.09450149536133
34.11259841918945
33.882598876953125
35.359500885009766
35.55590057373047
35.53229904174805
35.368900299072266
35.307899475097656
35.49089813232422
35.47330093383789
35.25680160522461
33.693199157714844
35.70690155029297
35.84450149536133
35.654300689697266
35.58919906616211
35.40549850463867
35.29410171508789
35.66709899902344
34.794898986816406
34.78689956665039
35.26279830932617
35.35169982910156
35.150699615478516
35.068199157714844
35.45909881591797
35.07889938354492
34.990501403808594
35.015098571777344
36.09859848022461
35.527198791503906
35.871700286865234
35.69200134277344
35.69179916381836
35.80329895019531
35.59880065917969
35.891700744628906
35.494598388671875
35.92660140991211
35.92959976196289
36.125701904296875
35.9369010925293
35.94609832763672
35.704200744628906
35.747398376464844
35.730899810791016
35.63690185546875
35.37739944458008
35.44969940185547
35.404701232910156
35.142398834228516
35.201900482177734
35.17499923706055
35.233001708984375
35.459800720214844
35.4182014465332
35.475399017333984
35.46269989013672
35.336700439453125
35.60820007324219
35.54159927368164
35.34590148925781
35.27669906616211
35.71879959106445
35.66310119628906
35.522098541259766
35.592899322509766
35.69770050048828
35.210899353027344
35.06740188598633
35.457401275634766
35.405399322509766
35.37689971923828
35.381500244140625
35.230899810791016
35.28779983520508
35.1525993347168
35.06740188598633
35.571998596191406
35.44139862060547
35.517799377441406
35.35340118408203
35.39630126953125
34.9906005859375
35.15610122680664
35.089900970458984
35.26250076293945
34.783599853515625
34.86289978027344
35.054100036621094
34.769100189208984
34.942901611328125
35.39929962158203
35.29999923706055
35.35390090942383
35.34260177612305
35.34700012207031
35.2150993347168
35.254798889160156
34.55799865722656
34.56079864501953
35.36750030517578
35.442100524902344
35.3140983581543
35.3671989440918
35.35029983520508
35.23820114135742
34.95100021362305
34.70750045776367
34.68069839477539
34.979000091552734
34.7869987487793
34.8213005065918
34.66210174560547
34.649600982666016
35.134300231933594
35.18669891357422
34.971500396728516
35.19160079956055
34.88479995727539
34.92770004272461
34.87379837036133
34.85530090332031
35.2864990234375
35.28580093383789
34.87630081176758
34.96659851074219
35.158199310302734
35.31999969482422
35.31779861450195
35.31399917602539
34.92580032348633
35.030799865722656
34.98099899291992
34.861900329589844
34.80350112915039
35.077999114990234
35.1526985168457
35.12590026855469
34.99570083618164
37.993099212646484
37.85919952392578
37.83380126953125
37.37620162963867
37.59230041503906
37.743099212646484
37.57270050048828
37.18009948730469
37.21189880371094
37.208499908447266
38.18510055541992
38.01900100708008
38.028900146484375
38.173099517822266
37.96900177001953
37.58729934692383
37.398101806640625
37.43050003051758
37.24150085449219
37.539798736572266
37.345001220703125
37.21580123901367
37.367698669433594
37.570499420166016
37.6343994140625
37.59360122680664
37.49509811401367
37.453800201416016
37.79690170288086
37.438899993896484
37.291500091552734
38.00360107421875
37.80830001831055
37.83420181274414
37.662601470947266
37.972999572753906
37.91059875488281
37.71260070800781
37.4109001159668
38.31769943237305
38.14039993286133
37.97639846801758
38.457000732421875
38.467201232910156
38.38959884643555
38.19350051879883
38.09590148925781
37.235599517822266
38.48160171508789
38.49190139770508
38.31449890136719
38.30350112915039
38.286800384521484
38.1713981628418
38.347801208496094
38.236900329589844
38.17340087890625
37.99369812011719
37.97269821166992
38.00640106201172
37.992698669433594
37.84109878540039
38.35580062866211
38.1609992980957
38.03969955444336
38.44200134277344
38.06129837036133
38.0973014831543
38.12580108642578
38.09920120239258
38.551998138427734
37.68090057373047
37.7515983581543
37.687599182128906
37.51029968261719
37.480499267578125
37.52009963989258
38.803001403808594
39.07789993286133
39.21910095214844
39.280399322509766
39.09870147705078
38.951499938964844
39.03219985961914
39.22050094604492
38.93960189819336
39.1244010925293
39.02330017089844
39.12289810180664
38.952598571777344
39.20309829711914
39.02539825439453
38.97439956665039
38.80419921875
38.802799224853516
38.85300064086914
39.22249984741211
39.442100524902344
39.50019836425781
39.32889938354492
39.325801849365234
39.46730041503906
39.416099548339844
39.272499084472656
38.959598541259766
38.97990036010742
38.8557014465332
39.175498962402344
39.143699645996094
38.89699935913086
38.94459915161133
39.06850051879883
38.865299224853516
38.802101135253906
39.17729949951172
39.25429916381836
39.12369918823242
38.91299819946289
38.814300537109375
38.89970016479492
38.97169876098633
39.15760040283203
38.8567008972168
39.16600036621094
39.01129913330078
38.990299224853516
38.93239974975586
38.77470016479492
38.808101654052734
39.527801513671875
39.33430099487305
39.3297004699707
39.104400634765625
39.12179946899414
39.140899658203125
23.456600189208984
23.732900619506836
23.708200454711914
23.538299560546875
23.438100814819336
23.63719940185547
23.45989990234375
23.52199935913086
23.353599548339844
23.590299606323242
23.42259979248047
23.483200073242188
23.306299209594727
28.529199600219727
28.581499099731445
28.565799713134766
28.416900634765625
28.22410011291504
28.26919937133789
27.907699584960938
27.97089958190918
28.144100189208984
28.10930061340332
28.149599075317383
28.11199951171875
28.412799835205078
28.301599502563477
28.201499938964844
28.178499221801758
28.42449951171875
28.298799514770508
28.302499771118164
28.405099868774414
27.888900756835938
27.778400421142578
27.641599655151367
27.598800659179688
27.628299713134766
27.675399780273438
27.492799758911133
27.332199096679688
28.02630043029785
27.84149932861328
27.770000457763672
27.925100326538086
27.79330062866211
27.7549991607666
28.048999786376953
27.941499710083008
27.68899917602539
27.528799057006836
27.534000396728516
27.365400314331055
27.34600067138672
27.377300262451172
27.468700408935547
27.635900497436523
27.706300735473633
27.745800018310547
27.569000244140625
27.406999588012695
27.688100814819336
27.54990005493164
28.952499389648438
28.965200424194336
29.001100540161133
29.002199172973633
28.83340072631836
28.786699295043945
28.88629913330078
28.973899841308594
29.055200576782227
29.083099365234375
29.269399642944336
29.056800842285156
29.29490089416504
29.148000717163086
29.272600173950195
29.153499603271484
29.11949920654297
29.29520034790039
28.797100067138672
28.81999969482422
28.651599884033203
28.663700103759766
29.35099983215332
29.490800857543945
29.34910011291504
29.37380027770996
29.1653995513916
29.149999618530273
28.996599197387695
28.96500015258789
28.945600509643555
28.837099075317383
29.109800338745117
29.029800415039062
28.92530059814453
28.947900772094727
28.938400268554688
28.77720069885254
28.84079933166504
29.024599075317383
28.788799285888672
28.99329948425293
28.757200241088867
28.72410011291504
29.47100067138672
29.368799209594727
29.36669921875
29.596200942993164
29.519399642944336
29.503700256347656
28.83370018005371
28.7455997467041
29.137100219726562
28.892900466918945
28.895000457763672
28.732200622558594
29.073699951171875
28.73870086669922
29.055500030517578
29.250200271606445
28.950599670410156
29.12339973449707
29.08989906311035
28.943099975585938
28.834199905395508
29.35919952392578
29.472999572753906
29.50659942626953
29.48550033569336
29.220699310302734
29.409000396728516
29.34429931640625
29.385700225830078
29.351900100708008
29.030000686645508
29.00349998474121
28.978099822998047
28.724599838256836
28.878999710083008
28.7992000579834
28.68670082092285
28.645000457763672
29.29290008544922
29.13089942932129
29.366199493408203
29.348800659179688
29.277099609375
29.109600067138672
28.77669906616211
28.855300903320312
29.309999465942383
29.083999633789062
28.962499618530273
29.04450035095215
28.93400001525879
28.565900802612305
28.90290069580078
28.9512996673584
28.94059944152832
28.785600662231445
28.80929946899414
29.06879997253418
29.135499954223633
30.083099365234375
29.923500061035156
29.97010040283203
30.025699615478516
29.845399856567383
29.902599334716797
29.6117000579834
29.66390037536621
29.72130012512207
29.74340057373047
29.619300842285156
29.78230094909668
29.747600555419922
29.89310073852539
29.716699600219727
29.86639976501465
31.596200942993164
31.590499877929688
31.45039939880371
31.46500015258789
31.578500747680664
31.401899337768555
31.428199768066406
31.13719940185547
31.22410011291504
31.201499938964844
32.144798278808594
31.767900466918945
31.741100311279297
31.796199798583984
31.758699417114258
31.527099609375
31.536500930786133
31.66029930114746
31.47100067138672
32.110599517822266
31.94179916381836
31.915599822998047
32.111698150634766
31.94890022277832
32.069400787353516
31.61720085144043
31.816499710083008
32.12799835205078
31.91900062561035
31.8174991607666
32.237098693847656
31.818500518798828
31.709800720214844
32.179901123046875
32.10649871826172
31.732099533081055
31.361000061035156
31.329500198364258
32.21480178833008
32.24980163574219
32.03889846801758
32.15589904785156
32.05419921875
31.809799194335938
31.822900772094727
31.838600158691406
31.827899932861328
31.714399337768555
31.70359992980957
31.760900497436523
31.742000579833984
31.91939926147461
31.809999465942383
32.18790054321289
32.09199905395508
31.906299591064453
31.78190040588379
32.170501708984375
31.801799774169922
31.25510025024414
31.153499603271484
31.555700302124023
31.610200881958008
31.473400115966797
31.321699142456055
31.314699172973633
31.59000015258789
31.586200714111328
31.532400131225586
31.45400047302246
30.900699615478516
30.800500869750977
30.792600631713867
30.656299591064453
31.379199981689453
31.314800262451172
31.136999130249023
30.962400436401367
31.174299240112305
31.134300231933594
30.9507999420166
30.955400466918945
31.185199737548828
31.09819984436035
32.312599182128906
32.63610076904297
32.575199127197266
32.44300079345703
32.61669921875
32.53580093383789
32.327701568603516
32.072200775146484
31.00819969177246
31.006399154663086
31.024900436401367
30.90019989013672
30.867799758911133
30.811199188232422
32.453800201416016
32.30289840698242
32.06100082397461
31.942399978637695
31.917200088500977
32.26810073852539
32.214698791503906
32.130001068115234
32.251800537109375
32.06290054321289
32.259300231933594
32.21369934082031
32.44430160522461
32.2495002746582
32.28459930419922
31.925800323486328
32.10279846191406
32.07120132446289
31.79159927368164
31.731000900268555
31.561800003051758
31.5093994140625
31.906200408935547
31.78969955444336
31.713899612426758
31.63680076599121
32.11970138549805
31.950599670410156
31.886999130249023
32.05419921875
31.93549919128418
31.883800506591797
31.751699447631836
31.606800079345703
31.327600479125977
31.43630027770996
31.2814998626709
31.218599319458008
31.113000869750977
31.19379997253418
31.216800689697266
31.220399856567383
31.590200424194336
32.21390151977539
32.123600006103516
32.06740188598633
31.625200271606445
31.660900115966797
31.607799530029297
31.526399612426758
31.05030059814453
31.09000015258789
32.85609817504883
33.770599365234375
33.61439895629883
33.6244010925293
33.552799224853516
33.354698181152344
33.46200180053711
33.30160140991211
33.24290084838867
32.56719970703125
32.40019989013672
32.332298278808594
32.12540054321289
32.000099182128906
31.930999755859375
33.81209945678711
34.05619812011719
34.011199951171875
33.8567008972168
33.90919876098633
33.86349868774414
33.993499755859375
33.800201416015625
33.14699935913086
33.21160125732422
33.27280044555664
33.25339889526367
33.07720184326172
32.95840072631836
33.10449981689453
32.91659927368164
33.86389923095703
33.471099853515625
33.663299560546875
33.64680099487305
33.73429870605469
33.52539825439453
33.417301177978516
33.82749938964844
34.073699951171875
33.666099548339844
33.661598205566406
33.622798919677734
33.65829849243164
33.645599365234375
33.52009963989258
33.86140060424805
33.597999572753906
33.3468017578125
33.491798400878906
33.15480041503906
33.183101654052734
33.105899810791016
33.30099868774414
32.981201171875
33.42890167236328
33.48160171508789
33.57849884033203
33.746700286865234
33.58420181274414
33.49769973754883
33.2848014831543
33.18159866333008
32.94929885864258
24.66309928894043
24.537900924682617
24.66309928894043
24.609399795532227
24.45509910583496
24.511499404907227
24.358299255371094
24.619300842285156
24.304399490356445
24.349899291992188
24.359800338745117
24.60700035095215
24.444299697875977
24.283300399780273
24.55030059814453
24.38629913330078
24.659900665283203
24.667699813842773
24.5226993560791
24.67490005493164
24.50469970703125
24.344999313354492
24.466299057006836
24.837200164794922
24.677499771118164
24.640899658203125
24.805999755859375
24.70639991760254
24.823699951171875
24.481700897216797
24.499799728393555
24.393600463867188
24.493900299072266
24.391399383544922
24.552900314331055
24.445600509643555
24.28459930419922
24.231000900268555
24.806900024414062
24.477800369262695
24.41360092163086
24.72249984741211
24.38629913330078
24.418500900268555
24.744600296020508
24.705799102783203
24.6294002532959
24.539400100708008
24.756500244140625
24.775299072265625
24.69569969177246
24.52750015258789
24.425899505615234
24.762100219726562
24.647199630737305
24.778400421142578
24.764799118041992
24.690799713134766
24.523000717163086
24.724899291992188
24.542600631713867
24.427900314331055
24.789600372314453
24.456899642944336
24.353700637817383
24.669099807739258
24.72599983215332
24.663700103759766
24.5
24.36039924621582
24.37649917602539
24.425800323486328
24.306900024414062
24.3789005279541
24.380300521850586
24.402700424194336
24.257099151611328
24.288700103759766
24.33099937438965
34.127899169921875
34.11280059814453
34.05379867553711
33.858699798583984
33.7150993347168
33.968101501464844
33.99489974975586
33.97370147705078
34.133399963378906
33.72639846801758
34.132598876953125
33.722198486328125
33.704898834228516
33.595001220703125
33.64350128173828
33.4364013671875
33.49169921875
33.86909866333008
33.670501708984375
33.60369873046875
33.779598236083984
33.61589813232422
33.58449935913086
34.02299880981445
33.81990051269531
33.28889846801758
33.22359848022461
33.06660079956055
32.93439865112305
33.13930130004883
33.08259963989258
32.926998138427734
32.776100158691406
33.49259948730469
33.42580032348633
33.22890090942383
33.275901794433594
33.07590103149414
32.97380065917969
32.93280029296875
33.39289855957031
32.535400390625
32.66080093383789
32.62139892578125
32.496700286865234
32.05550003051758
32.30670166015625
32.34619903564453
32.22840118408203
33.0609016418457
32.86370086669922
32.92689895629883
32.5531005859375
32.6239013671875
32.82529830932617
32.71849822998047
32.61280059814453
32.005401611328125
31.949600219726562
31.785499572753906
32.70800018310547
32.85369873046875
32.70719909667969
32.70840072631836
32.6172981262207
32.03070068359375
31.9507999420166
32.095001220703125
31.93090057373047
31.95560073852539
31.89590072631836
31.722700119018555
31.899599075317383
32.332000732421875
32.187801361083984
32.14699935913086
32.41669845581055
32.32270050048828
32.51649856567383
32.56399917602539
32.51350021362305
32.14030075073242
32.3306999206543
32.307899475097656
39.78850173950195
39.39670181274414
39.34510040283203
39.9567985534668
39.892799377441406
39.77669906616211
39.76409912109375
39.61429977416992
39.435298919677734
39.36149978637695
39.710601806640625
39.51029968261719
39.43470001220703
39.518001556396484
40.02080154418945
39.90850067138672
39.69820022583008
39.571998596191406
39.984100341796875
40.04890060424805
39.93619918823242
39.799800872802734
39.60260009765625
39.847599029541016
39.92509841918945
39.85179901123047
39.66600036621094
39.48929977416992
39.481201171875
39.32360076904297
39.65549850463867
39.72710037231445
39.632598876953125
39.60139846801758
39.554500579833984
39.40869903564453
39.38180160522461
39.43239974975586
39.444698333740234
41.708499908447266
41.509300231933594
41.679298400878906
40.57550048828125
40.526798248291016
40.76969909667969
40.70500183105469
40.51890182495117
40.347198486328125
40.34700012207031
40.37310028076172
41.555999755859375
41.511600494384766
41.44430160522461
41.244998931884766
40.69060134887695
40.79679870605469
40.7422981262207
40.550201416015625
41.46220016479492
41.308998107910156
41.296199798583984
41.21549987792969
41.00510025024414
40.89569854736328
41.08359909057617
41.119598388671875
41.29280090332031
41.04209899902344
41.11629867553711
41.115501403808594
41.049800872802734
40.839298248291016
40.87620162963867
40.68320083618164
40.717498779296875
40.5276985168457
40.42300033569336
40.70100021362305
40.51729965209961
40.44390106201172
40.39939880371094
40.254398345947266
41.12089920043945
40.89680099487305
40.9297981262207
40.748199462890625
40.682498931884766
40.97999954223633
40.831600189208984
40.805198669433594
40.20500183105469
40.20970153808594
40.04819869995117
40.044700622558594
40.107398986816406
40.00899887084961
39.86040115356445
40.23109817504883
40.143001556396484
40.385101318359375
40.3317985534668
40.1781005859375
40.26020050048828
40.274200439453125
40.21900177001953
39.9817008972168
39.829498291015625
40.445098876953125
40.32680130004883
40.29679870605469
40.39360046386719
40.37139892578125
40.179901123046875
39.993099212646484
40.007198333740234
40.03099822998047
39.98059844970703
39.79059982299805
40.08769989013672
39.92110061645508
39.73970031738281
39.808998107910156
40.939300537109375
40.985198974609375
40.8120002746582
40.6421012878418
40.86360168457031
40.83470153808594
40.645301818847656
40.667598724365234
40.691200256347656
40.684898376464844
40.722801208496094
40.505401611328125
40.82469940185547
40.75400161743164
41.054298400878906
41.13359832763672
40.92599868774414
40.94060134887695
40.895599365234375
40.8755989074707
41.168701171875
41.090999603271484
40.900901794433594
40.76850128173828
40.7510986328125
40.59400177001953
40.796600341796875
40.56650161743164
40.937599182128906
40.822200775146484
40.63169860839844
40.510101318359375
40.464500427246094
40.33150100708008
40.5619010925293
40.28499984741211
33.614898681640625
33.7682991027832
33.51060104370117
33.63800048828125
35.188899993896484
33.474998474121094
34.66939926147461
34.610599517822266
35.523399353027344
34.648399353027344
35.35340118408203
35.52190017700195
35.371299743652344
35.4031982421875
35.035499572753906
35.1599006652832
34.96739959716797
35.009498596191406
34.997398376464844
34.84320068359375
34.839599609375
34.79249954223633
36.74720001220703
36.81779861450195
36.72629928588867
36.652198791503906
36.47919845581055
36.712100982666016
36.639400482177734
36.849098205566406
36.75920104980469
36.734100341796875
36.58539962768555
36.65039825439453
36.3031005859375
36.39929962158203
36.681400299072266
28.19879913330078
28.032699584960938
28.058000564575195
27.86210060119629
27.784700393676758
27.952699661254883
32.344398498535156
32.33449935913086
32.259498596191406
32.21839904785156
31.936500549316406
32.265499114990234
32.14659881591797
31.96269989013672
32.34120178222656
32.33549880981445
32.36309814453125
32.22669982910156
32.305999755859375
32.425201416015625
31.813600540161133
31.927099227905273
32.02450180053711
31.871700286865234
31.887500762939453
31.99049949645996
31.823699951171875
32.30690002441406
32.301300048828125
32.183101654052734
32.13010025024414
32.17539978027344
32.24789810180664
31.90130043029785
31.976699829101562
31.90290069580078
31.814800262451172
32.97439956665039
33.04349899291992
32.72119903564453
32.91080093383789
33.00510025024414
32.61140060424805
31.82939910888672
31.68440055847168
32.39830017089844
32.547698974609375
32.831600189208984
32.903099060058594
32.79209899902344
32.84280014038086
32.52090072631836
32.60490036010742
32.87739944458008
32.806800842285156
32.76620101928711
32.73350143432617
32.62120056152344
32.811100006103516
32.50379943847656
32.69139862060547
32.467201232910156
32.644798278808594
32.40599822998047
32.472599029541016
32.679901123046875
32.862701416015625
32.941898345947266
32.563899993896484
32.5348014831543
32.58649826049805
32.73379898071289
32.58810043334961
39.690799713134766
39.72589874267578
39.90520095825195
43.680999755859375
43.40480041503906
43.48440170288086
43.618900299072266
43.19380187988281
43.45610046386719
43.18389892578125
43.34410095214844
43.501399993896484
43.29880142211914
43.357200622558594
30.09869956970215
30.127899169921875
29.704299926757812
29.90290069580078
29.606199264526367
29.459999084472656
29.82040023803711
29.58209991455078
29.549100875854492
29.74959945678711
29.84429931640625
29.986099243164062
29.66900062561035
29.768699645996094
29.80699920654297
29.98189926147461
29.988800048828125
29.84939956665039
28.98539924621582
29.10300064086914
29.19969940185547
29.30620002746582
29.179500579833984
29.17460060119629
29.174699783325195
29.19770050048828
29.421300888061523
29.484899520874023
29.340499877929688
29.43120002746582
29.20509910583496
29.269100189208984
29.13159942626953
29.337299346923828
28.800100326538086
28.802799224853516
28.646400451660156
28.68160057067871
29.63330078125
29.527299880981445
29.52199935913086
29.49880027770996
28.8843994140625
28.818099975585938
28.96969985961914
29.068500518798828
28.983200073242188
29.023000717163086
28.83370018005371
28.64929962158203
28.951400756835938
29.27989959716797
28.996000289916992
28.993799209594727
29.395299911499023
29.353500366210938
29.37150001525879
29.45829963684082
29.196199417114258
29.19879913330078
29.105199813842773
29.348899841308594
36.54600143432617
36.59400177001953
36.23979949951172
36.445899963378906
36.22949981689453
36.377201080322266
36.051300048828125
36.24169921875
36.00659942626953
36.1875
35.83599853515625
35.884300231933594
35.87260055541992
35.9364013671875
35.728599548339844
35.880699157714844
35.88650131225586
36.07279968261719
35.856201171875
35.86090087890625
35.49800109863281
35.66279983520508
35.873199462890625
35.68730163574219
36.59090042114258
36.60129928588867
36.277801513671875
36.23400115966797
36.739498138427734
36.46820068359375
36.689300537109375
36.732200622558594
35.520999908447266
35.55839920043945
36.746700286865234
36.71760177612305
36.73460006713867
36.75559997558594
36.571800231933594
36.611698150634766
36.37860107421875
36.222801208496094
36.20199966430664
36.21149826049805
36.50170135498047
36.67250061035156
36.68550109863281
36.4838981628418
36.66210174560547
36.49399948120117
36.32929992675781
36.45719909667969
36.33399963378906
36.74100112915039
36.219200134277344
36.19850158691406
36.206199645996094
36.110599517822266
36.48249816894531
36.4093017578125
36.09489822387695
36.296600341796875
36.112300872802734
36.29399871826172
36.49959945678711
36.499900817871094
36.3114013671875
36.28139877319336
36.45940017700195
36.29859924316406
36.24570083618164
36.41270065307617
36.226200103759766
36.26959991455078
36.08300018310547
36.19430160522461
36.09170150756836
36.05590057373047
35.878700256347656
35.931400299072266
36.300899505615234
36.0546989440918
36.149200439453125
36.295101165771484
36.35639953613281
36.567100524902344
36.187198638916016
36.41490173339844
35.589900970458984
40.52000045776367
40.459598541259766
40.65810012817383
40.5161018371582
40.158199310302734
40.08760070800781
40.43880081176758
40.34550094604492
40.06439971923828
40.11140060424805
40.064701080322266
39.95140075683594
39.89039993286133
40.60329818725586
40.63050079345703
40.18000030517578
40.11800003051758
40.092098236083984
40.29759979248047
39.999298095703125
40.03340148925781
40.28820037841797
40.05540084838867
40.33470153808594
40.309600830078125
42.279300689697266
42.24480056762695
42.02439880371094
42.2411003112793
42.061100006103516
41.9015007019043
42.07979965209961
42.084800720214844
42.035499572753906
41.58140182495117
41.68600082397461
41.250301361083984
41.19929885864258
40.94850158691406
41.14820098876953
41.21699905395508
40.84640121459961
41.83679962158203
42.036800384521484
41.672298431396484
41.87089920043945
41.71229934692383
41.90129852294922
41.73820114135742
41.666500091552734
40.99489974975586
41.17430114746094
40.86589813232422
40.89059829711914
41.812198638916016
40.91130065917969
41.851600646972656
41.83369827270508
41.49800109863281
41.31290054321289
41.342201232910156
41.32600021362305
41.01499938964844
41.21220016479492
41.2677001953125
40.938899993896484
41.48379898071289
41.27840042114258
41.26380157470703
41.41109848022461
41.656898498535156
41.1974983215332
41.44599914550781
41.49810028076172
41.6171989440918
41.81039810180664
41.43949890136719
41.650699615478516
41.63610076904297
41.59590148925781
41.196800231933594
41.590599060058594
40.7401008605957
40.76940155029297
40.80289840698242
40.86750030517578
40.55720138549805
40.728599548339844
41.0172004699707
41.183998107910156
40.960601806640625
40.64550018310547
40.58689880371094
40.411399841308594
40.50040054321289
40.42259979248047
23.234600067138672
23.24880027770996
23.299999237060547
23.10650062561035
23.25830078125
22.8656005859375
22.974899291992188
23.24679946899414
22.856300354003906
22.98390007019043
23.08300018310547
23.11949920654297
23.13789939880371
23.139799118041992
22.951400756835938
23.185800552368164
23.134700775146484
23.002599716186523
23.016599655151367
23.068599700927734
23.162599563598633
23.050399780273438
22.89430046081543
23.099899291992188
23.036300659179688
22.95330047607422
23.246599197387695
22.90519905090332
23.05940055847168
23.227800369262695
22.914499282836914
23.08099937438965
22.986099243164062
22.918699264526367
22.81879997253418
22.833499908447266
23.431400299072266
23.974599838256836
23.86359977722168
23.871400833129883
23.736600875854492
23.684900283813477
23.692800521850586
23.96500015258789
23.747900009155273
23.80769920349121
23.954299926757812
24.024900436401367
24.025400161743164
23.813899993896484
23.90559959411621
29.7903995513916
29.890100479125977
32.92599868774414
32.91320037841797
32.78929901123047
32.752899169921875
32.84000015258789
32.91230010986328
32.504600524902344
32.63290023803711
32.787498474121094
32.648101806640625
32.616600036621094
32.798099517822266
32.53900146484375
32.39649963378906
32.34560012817383
32.36009979248047
32.39139938354492
32.37900161743164
32.385398864746094
32.52009963989258
32.54100036621094
32.79240036010742
32.793399810791016
32.702598571777344
32.782798767089844
32.7239990234375
32.498600006103516
31.11319923400879
32.24689865112305
31.414499282836914
31.604000091552734
31.444700241088867
31.421899795532227
31.308900833129883
31.412500381469727
32.66339874267578
32.23830032348633
32.39680099487305
32.4640007019043
32.38119888305664
32.80220031738281
32.377899169921875
32.26340103149414
31.050500869750977
31.121400833129883
31.216899871826172
31.368200302124023
31.22480010986328
37.66749954223633
37.81420135498047
37.645301818847656
37.63130187988281
37.63029861450195
37.464500427246094
37.49409866333008
37.432899475097656
23.648099899291992
23.52739906311035
23.80030059814453
23.62980079650879
23.76799964904785
23.80389976501465
23.57469940185547
23.91119956970215
23.911399841308594
23.74169921875
23.64189910888672
23.603900909423828
23.52549934387207
23.507699966430664
23.454099655151367
23.515300750732422
23.752399444580078
23.576900482177734
23.6830997467041
23.819400787353516
23.613100051879883
23.70210075378418
23.603099822998047
23.479799270629883
23.796899795532227
23.623899459838867
23.631200790405273
23.88290023803711
23.574399948120117
23.583599090576172
23.870399475097656
23.856300354003906
23.801700592041016
23.923200607299805
23.759199142456055
23.535999298095703
23.642900466918945
23.52989959716797
23.53059959411621
24.825199127197266
25.1560001373291
24.990400314331055
24.733999252319336
25.100400924682617
24.898799896240234
25.061100006103516
24.852699279785156
24.79990005493164
25.146699905395508
25.020700454711914
25.05620002746582
25.15220069885254
25.112600326538086
24.942699432373047
24.830400466918945
24.82509994506836
24.894500732421875
24.787099838256836
25.09950065612793
24.824800491333008
24.835500717163086
24.77039909362793
24.719200134277344
24.940900802612305
24.776399612426758
24.98539924621582
24.81760025024414
25.104799270629883
25.15850067138672
25.000200271606445
25.160200119018555
24.96470069885254
25.12700080871582
25.320199966430664
25.214399337768555
24.939199447631836
25.254499435424805
24.987899780273438
25.102399826049805
25.176599502563477
25.15760040283203
25.238399505615234
25.369300842285156
24.77120018005371
25.36240005493164
25.148500442504883
24.975099563598633
25.28179931640625
25.28459930419922
24.922800064086914
25.179000854492188
24.886499404907227
25.090599060058594
24.865999221801758
25.32819938659668
25.06130027770996
24.89189910888672
24.974199295043945
25.000499725341797
25.274099349975586
24.93829917907715
25.09280014038086
24.92060089111328
25.2283992767334
25.227699279785156
24.893299102783203
24.82270050048828
25.16390037536621
25.058399200439453
25.012800216674805
25.043899536132812
24.809099197387695
24.838699340820312
25.222200393676758
25.221099853515625
25.309099197387695
25.183799743652344
24.912099838256836
25.07830047607422
25.203699111938477
24.85759925842285
24.907499313354492
25.061599731445312
24.873199462890625
26.784000396728516
26.61720085144043
26.812400817871094
26.693500518798828
26.668500900268555
26.83449935913086
26.687999725341797
26.84269905090332
26.489900588989258
26.71030044555664
26.708799362182617
26.57979965209961
26.64299964904785
26.693899154663086
26.52589988708496
26.774799346923828
26.43869972229004
26.473400115966797
26.600099563598633
26.383100509643555
27.466299057006836
26.535200119018555
26.36910057067871
27.341400146484375
27.167400360107422
27.51810073852539
27.34119987487793
26.471200942993164
26.496999740600586
26.51449966430664
26.52989959716797
26.38050079345703
26.54290008544922
26.348600387573242
26.41189956665039
27.166500091552734
27.317699432373047
27.104000091552734
27.241199493408203
27.089000701904297
27.478599548339844
27.16029930114746
27.3169002532959
27.41950035095215
27.302600860595703
27.532699584960938
27.424299240112305
27.369199752807617
27.26099967956543
27.22330093383789
27.387100219726562
27.065000534057617
27.081499099731445
27.262399673461914
27.08769989013672
27.187000274658203
27.305999755859375
27.220399856567383
27.368499755859375
27.410400390625
27.42169952392578
27.333099365234375
27.374300003051758
27.300800323486328
27.373699188232422
27.261600494384766
27.092199325561523
27.052000045776367
27.023799896240234
27.16080093383789
27.02680015563965
27.137399673461914
28.536699295043945
28.260299682617188
28.356199264526367
28.49530029296875
28.327999114990234
28.742399215698242
28.730199813842773
28.773799896240234
28.727699279785156
28.519500732421875
28.494199752807617
28.36009979248047
28.534900665283203
28.66710090637207
28.51810073852539
28.53190040588379
28.712799072265625
28.872699737548828
28.72319984436035
28.496400833129883
28.673999786376953
28.30069923400879
28.62529945373535
28.328800201416016
28.29129981994629
28.480300903320312
28.45479965209961
28.579500198364258
28.418500900268555
28.39459991455078
28.36479949951172
28.5310001373291
28.52199935913086
28.628999710083008
28.515499114990234
28.52750015258789
28.319499969482422
28.48579978942871
28.311800003051758
28.267200469970703
28.140499114990234
28.239599227905273
28.11479949951172
28.223899841308594
28.57349967956543
28.503000259399414
28.27090072631836
28.48419952392578
28.524200439453125
28.248600006103516
28.295400619506836
28.317100524902344
28.308000564575195
28.443500518798828
28.703399658203125
28.581199645996094
28.417400360107422
28.563499450683594
28.680599212646484
28.55270004272461
28.586599349975586
28.162700653076172
28.822599411010742
28.187299728393555
28.10890007019043
28.68400001525879
28.60099983215332
28.795700073242188
28.667400360107422
28.16390037536621
28.94700050354004
28.230199813842773
28.072900772094727
28.790700912475586
28.835899353027344
28.832500457763672
28.83289909362793
28.287500381469727
28.343399047851562
28.61240005493164
28.422300338745117
28.27359962463379
28.48080062866211
28.31920051574707
28.181100845336914
28.43630027770996
28.32229995727539
28.494199752807617
28.451900482177734
28.3031005859375
28.50589942932129
28.690900802612305
28.804899215698242
28.437999725341797
28.652000427246094
28.324100494384766
28.80470085144043
28.617399215698242
28.518299102783203
28.41670036315918
28.64780044555664
28.636999130249023
28.283000946044922
28.245100021362305
28.527099609375
28.35650062561035
28.596900939941406
28.15679931640625
28.147899627685547
28.185199737548828
28.17300033569336
27.897899627685547
27.89929962158203
28.117700576782227
28.256999969482422
28.18199920654297
28.010900497436523
28.201799392700195
28.249799728393555
28.29360008239746
28.336000442504883
28.206300735473633
28.249900817871094
28.237899780273438
28.08919906616211
27.874000549316406
28.045700073242188
27.877700805664062
27.835800170898438
27.922000885009766
27.909299850463867
27.969999313354492
27.99250030517578
27.938199996948242
27.951400756835938
28.344499588012695
27.864099502563477
27.79330062866211
28.20439910888672
30.15719985961914
32.29240036010742
34.644500732421875
38.013099670410156
27.27669906616211
27.265199661254883
27.453399658203125
27.435300827026367
27.409400939941406
27.573299407958984
27.69499969482422
27.53019905090332
27.62809944152832
27.591100692749023
27.414600372314453
27.61210060119629
27.58169937133789
27.3612003326416
27.24799919128418
27.29789924621582
27.305500030517578
27.2539005279541
27.65019989013672
27.482099533081055
27.784400939941406
27.82659912109375
27.541400909423828
27.3617000579834
27.471900939941406
27.5846004486084
27.621599197387695
27.468000411987305
27.372900009155273
27.30620002746582
27.83489990234375
27.482500076293945
27.586599349975586
27.507999420166016
27.61520004272461
27.554800033569336
27.49959945678711
27.508699417114258
27.869600296020508
27.915599822998047
27.739599227905273
27.623199462890625
27.876300811767578
27.764299392700195
27.822799682617188
27.646499633789062
27.513599395751953
27.5531005859375
27.530799865722656
27.556100845336914
27.393299102783203
27.433900833129883
27.554899215698242
27.414400100708008
27.417499542236328
27.454299926757812
27.715299606323242
27.586200714111328
27.69529914855957
27.50749969482422
27.92930030822754
27.855199813842773
28.374399185180664
28.20319938659668
28.464599609375
28.28689956665039
28.122600555419922
28.116100311279297
28.344200134277344
28.29960060119629
28.505699157714844
28.49880027770996
28.51409912109375
28.56760025024414
28.222700119018555
28.560300827026367
28.493000030517578
28.32040023803711
28.111799240112305
28.14259910583496
28.376699447631836
28.20039939880371
28.096500396728516
28.39389991760254
28.220600128173828
28.45680046081543
28.36389923095703
28.094499588012695
28.46809959411621
28.371700286865234
28.274599075317383
28.52039909362793
28.522600173950195
28.52280044555664
28.65130043029785
28.734500885009766
29.054000854492188
28.44700050354004
28.26420021057129
28.688600540161133
28.568700790405273
28.5757999420166
28.73590087890625
28.738100051879883
28.334400177001953
28.36210060119629
28.54960060119629
28.50670051574707
29.049299240112305
28.879199981689453
28.983299255371094
28.899599075317383
28.807300567626953
28.847900390625
28.92099952697754
28.63559913635254
28.34079933166504
28.17650032043457
28.292600631713867
28.331300735473633
28.157699584960938
28.05500030517578
28.34779930114746
28.3302001953125
28.700300216674805
28.53219985961914
28.361600875854492
28.71269989013672
28.552400588989258
28.718000411987305
28.54010009765625
28.563199996948242
29.708799362182617
29.70669937133789
29.535499572753906
29.632699966430664
29.599899291992188
29.69610023498535
29.587499618530273
29.616300582885742
28.351900100708008
28.361099243164062
28.177900314331055
28.307899475097656
29.60849952697754
29.684999465942383
28.199600219726562
28.21820068359375
29.57979965209961
29.58679962158203
29.18899917602539
29.69860076904297
29.30419921875
29.46940040588379
29.295299530029297
29.46809959411621
29.425899505615234
29.444900512695312
29.60569953918457
29.599300384521484
29.14229965209961
29.199800491333008
29.322599411010742
29.508399963378906
29.150100708007812
29.114599227905273
29.101699829101562
29.155799865722656
29.03529930114746
29.020000457763672
29.16819953918457
29.158899307250977
36.15230178833008
36.0276985168457
35.98849868774414
35.831298828125
35.74250030517578
35.79290008544922
35.828399658203125
35.76919937133789
36.305999755859375
36.13420104980469
36.3484992980957
36.18730163574219
35.99869918823242
36.16550064086914
36.26470184326172
35.3494987487793
35.30839920043945
35.52439880371094
35.482601165771484
36.53929901123047
36.32229995727539
35.9911003112793
36.502601623535156
35.907901763916016
35.792999267578125
36.05720138549805
35.895599365234375
35.74700164794922
35.5786018371582
35.59149932861328
35.5088996887207
38.9556999206543
39.124000549316406
39.274600982666016
39.14939880371094
39.05950164794922
39.25379943847656
39.13570022583008
39.09830093383789
39.179100036621094
39.048500061035156
38.87810134887695
39.05390167236328
38.97420120239258
39.214599609375
39.04600143432617
39.207801818847656
39.31420135498047
38.72309875488281
38.60129928588867
38.54610061645508
38.679100036621094
39.106300354003906
39.182701110839844
39.23509979248047
39.25019836425781
39.1619987487793
39.10129928588867
38.75790023803711
38.9734992980957
38.82590103149414
38.78099822998047
38.90330123901367
38.76340103149414
38.69660186767578
38.65530014038086
38.979400634765625
38.62419891357422
38.909000396728516
38.65909957885742
38.69269943237305
38.73929977416992
39.22460174560547
39.11399841308594
39.03229904174805
39.10150146484375
38.875301361083984
38.79949951171875
39.1525993347168
39.08330154418945
38.26070022583008
38.713199615478516
38.36149978637695
38.26029968261719
38.62689971923828
38.54349899291992
38.797298431396484
38.74549865722656
38.45650100708008
38.43339920043945
38.79399871826172
38.5349006652832
38.43130111694336
38.386199951171875
38.48139953613281
38.670101165771484
38.76169967651367
38.86470031738281
38.849700927734375
39.25429916381836
39.03519821166992
38.567298889160156
38.54079818725586
38.90629959106445
38.729801177978516
39.367698669433594
38.919700622558594
40.70100021362305
40.506900787353516
40.621700286865234
40.74729919433594
40.5989990234375
40.38890075683594
40.8036994934082
40.67259979248047
40.74570083618164
40.75
40.09149932861328
40.01250076293945
40.25659942626953
40.115501403808594
40.14059829711914
40.07709884643555
40.14440155029297
40.20389938354492
40.261600494384766
40.22679901123047
40.308101654052734
40.3588981628418
40.2943000793457
40.49100112915039
40.552799224853516
40.25490188598633
40.450599670410156
39.997100830078125
40.183799743652344
40.14030075073242
40.07550048828125
40.22380065917969
40.0885009765625
32.37160110473633
32.19839859008789
31.983200073242188
32.06949996948242
32.278099060058594
32.2760009765625
32.207401275634766
32.156700134277344
31.943300247192383
31.7677001953125
32.068599700927734
32.0172004699707
31.866899490356445
31.906299591064453
32.097900390625
32.24729919433594
31.954299926757812
32.148799896240234
32.034698486328125
31.841299057006836
34.90299987792969
34.71390151977539
37.42279815673828
37.32929992675781
37.169898986816406
37.26649856567383
37.31129837036133
37.35850143432617
36.89250183105469
36.8400993347168
36.82889938354492
36.74250030517578
36.67279815673828
36.568199157714844
36.80070114135742
36.67660140991211
37.242000579833984
37.16210174560547
37.125999450683594
37.035701751708984
36.84080123901367
37.02859878540039
37.13010025024414
37.03239822387695
36.53010177612305
36.457801818847656
36.59040069580078
36.364200592041016
36.535701751708984
36.464900970458984
36.58720016479492
36.78260040283203
37.02519989013672
36.90119934082031
36.54750061035156
36.46049880981445
36.84550094604492
36.669498443603516
36.789398193359375
36.87110137939453
36.14889907836914
36.124000549316406
36.28519821166992
36.17340087890625
36.06169891357422
36.029998779296875
36.26020050048828
36.16939926147461
36.402801513671875
36.27280044555664
36.310001373291016
36.341800689697266
36.41749954223633
36.3484992980957
28.53380012512207
28.715099334716797
28.574199676513672
28.39349937438965
28.91900062561035
28.88159942626953
28.35110092163086
28.840099334716797
28.756900787353516
28.709800720214844
28.651899337768555
28.346599578857422
28.6697998046875
28.572099685668945
28.391599655151367
28.72719955444336
28.54800033569336
28.550500869750977
28.797800064086914
28.825899124145508
28.775299072265625
28.406999588012695
28.761600494384766
28.684499740600586
28.739299774169922
28.708999633789062
28.73270034790039
28.524900436401367
28.527099609375
28.7731990814209
28.725200653076172
28.3981990814209
28.45870018005371
28.710500717163086
28.359800338745117
28.60740089416504
28.2544002532959
28.292600631713867
28.43280029296875
28.4507999420166
28.40060043334961
28.607099533081055
28.479700088500977
28.37660026550293
28.575700759887695
28.488100051879883
28.510400772094727
28.462400436401367
28.55459976196289
28.60140037536621
28.587799072265625
28.413299560546875
28.446399688720703
28.554000854492188
28.572099685668945
28.88249969482422
28.69809913635254
28.30579948425293
28.95560073852539
28.882299423217773
28.7007999420166
28.935400009155273
28.963899612426758
28.611000061035156
34.487998962402344
34.26649856567383
34.417999267578125
41.87670135498047
41.72930145263672
41.70199966430664
22.82110023498535
22.807199478149414
22.929500579833984
22.707799911499023
22.593700408935547
22.762100219726562
22.709999084472656
22.883399963378906
22.985200881958008
22.85300064086914
22.863399505615234
22.896499633789062
22.89900016784668
22.484600067138672
22.646099090576172
22.813899993896484
22.49049949645996
22.640199661254883
22.429399490356445
22.549100875854492
22.53230094909668
22.701499938964844
27.366199493408203
27.34779930114746
27.899599075317383
27.996400833129883
28.183399200439453
28.267099380493164
28.249000549316406
28.00200080871582
28.185199737548828
28.27400016784668
27.06909942626953
27.263099670410156
27.352699279785156
27.37150001525879
28.243000030517578
28.02910041809082
28.279699325561523
26.96470069885254
27.8794002532959
27.84980010986328
27.908000946044922
27.87220001220703
27.665800094604492
27.6914005279541
27.744600296020508
27.88249969482422
28.079599380493164
28.205799102783203
27.866899490356445
27.878000259399414
28.113100051879883
28.094100952148438
28.08340072631836
28.107900619506836
27.559600830078125
27.829599380493164
28.008699417114258
28.036300659179688
27.773000717163086
27.954999923706055
27.750099182128906
27.709400177001953
27.945100784301758
28.00469970703125
28.000499725341797
28.04360008239746
27.9606990814209
27.933500289916992
28.071800231933594
27.752500534057617
27.63249969482422
27.677600860595703
27.721099853515625
27.556400299072266
27.55470085144043
27.547000885009766
27.65019989013672
27.702999114990234
27.524200439453125
27.625600814819336
27.632699966430664
27.817399978637695
27.932300567626953
27.991300582885742
27.918500900268555
27.595399856567383
27.837299346923828
27.63010025024414
27.552400588989258
28.02280044555664
28.04949951171875
28.06529998779297
27.5177001953125
27.918699264526367
27.94070053100586
27.897899627685547
27.9414005279541
28.534000396728516
28.705699920654297
28.63409996032715
28.459400177001953
28.361000061035156
28.296300888061523
30.846399307250977
30.846200942993164
31.01609992980957
31.033100128173828
30.90530014038086
31.04840087890625
31.05190086364746
31.027099609375
30.51259994506836
30.534799575805664
30.474700927734375
30.712099075317383
30.51140022277832
30.877899169921875
30.857099533081055
31.032499313354492
30.93790054321289
31.034299850463867
30.923599243164062
30.93910026550293
30.74410057067871
30.787399291992188
30.83209991455078
30.765899658203125
30.945199966430664
30.809999465942383
30.991300582885742
30.375699996948242
30.578100204467773
30.843299865722656
30.895599365234375
30.83839988708496
30.642900466918945
30.598400115966797
30.65959930419922
30.690099716186523
30.39940071105957
30.5044002532959
30.493600845336914
30.63290023803711
30.268199920654297
30.33919906616211
30.535600662231445
30.644500732421875
30.26569938659668
30.41160011291504
30.411300659179688
30.636199951171875
30.63520050048828
30.4552001953125
30.623199462890625
30.628700256347656
30.77039909362793
30.585899353027344
30.454999923706055
30.61750030517578
30.03190040588379
29.98349952697754
30.341800689697266
30.210800170898438
30.037599563598633
30.463600158691406
30.44420051574707
30.5851993560791
30.480199813842773
30.3971004486084
30.208200454711914
30.230199813842773
30.389799118041992
31.051000595092773
31.13520050048828
29.694900512695312
29.79960060119629
30.614700317382812
30.774200439453125
30.900999069213867
30.935800552368164
30.056800842285156
30.239900588989258
29.986099243164062
30.06800079345703
30.090200424194336
30.20870018005371
30.91200065612793
30.869300842285156
31.10409927368164
31.0575008392334
31.170000076293945
31.362600326538086
31.42770004272461
30.90530014038086
31.303199768066406
31.293399810791016
31.445100784301758
30.65220069885254
31.254899978637695
31.1072998046875
31.25749969482422
31.278499603271484
30.826000213623047
31.033199310302734
31.12929916381836
30.755800247192383
30.72719955444336
30.6481990814209
30.806800842285156
30.747299194335938
31.035200119018555
31.059900283813477
31.079599380493164
31.025999069213867
30.78969955444336
30.89240074157715
30.910999298095703
30.927799224853516
30.539600372314453
30.437999725341797
30.46380043029785
30.604700088500977
30.149700164794922
30.324800491333008
30.469600677490234
30.347999572753906
30.324600219726562
30.446699142456055
30.499000549316406
30.650400161743164
30.624900817871094
30.247100830078125
30.41320037841797
30.462900161743164
30.097200393676758
30.097900390625
30.138999938964844
30.092899322509766
29.920499801635742
29.931900024414062
30.133100509643555
30.231800079345703
30.1033992767334
30.177799224853516
30.362899780273438
30.456300735473633
30.292299270629883
30.098600387573242
29.969999313354492
30.103200912475586
29.908000946044922
29.93160057067871
29.74449920654297
29.78860092163086
30.278499603271484
29.92530059814453
29.747800827026367
29.70789909362793
32.65380096435547
32.52840042114258
32.71659851074219
32.56610107421875
32.7681999206543
32.8302001953125
41.36130142211914
41.402801513671875
41.40959930419922
40.812801361083984
41.015098571777344
40.957801818847656
41.15039825439453
40.86109924316406
40.95119857788086
40.81589889526367
40.84320068359375
41.02439880371094
41.11600112915039
41.31129837036133
41.158599853515625
41.22629928588867
40.87910079956055
41.00419998168945
41.41569900512695
41.40039825439453
40.64350128173828
40.855098724365234
40.697601318359375
41.07870101928711
41.277400970458984
41.3916015625
41.43560028076172
41.031898498535156
40.482200622558594
40.63370132446289
40.66339874267578
40.825401306152344
40.8739013671875
41.08219909667969
41.203800201416016
41.1422004699707
41.161800384521484
41.11119842529297
41.014400482177734
41.01300048828125
40.99380111694336
42.77090072631836
42.81330108642578
42.61399841308594
42.679901123046875
42.41659927368164
42.62379837036133
42.44139862060547
42.5796012878418
42.89039993286133
43.269500732421875
43.23139953613281
42.782100677490234
42.85369873046875
43.0098991394043
43.113800048828125
22.983299255371094
23.093000411987305
22.762300491333008
22.915700912475586
23.111099243164062
22.781700134277344
22.661500930786133
22.827199935913086
22.72559928894043
22.970300674438477
22.955799102783203
22.881799697875977
23.051599502563477
23.163299560546875
24.24519920349121
24.093299865722656
24.197599411010742
24.0132999420166
24.166000366210938
24.323299407958984
24.028400421142578
24.198200225830078
24.1648006439209
24.331100463867188
24.34950065612793
24.358600616455078
23.874099731445312
24.03860092163086
24.169200897216797
24.018800735473633
24.26020050048828
24.099700927734375
24.218399047851562
24.381000518798828
24.202899932861328
24.134599685668945
24.176000595092773
24.014999389648438
23.973800659179688
24.03230094909668
24.003000259399414
24.195100784301758
24.277099609375
24.124900817871094
24.20709991455078
24.200599670410156
24.053300857543945
24.039899826049805
24.063100814819336
24.225400924682617
31.269399642944336
31.46470069885254
31.496000289916992
31.309799194335938
33.14849853515625
33.25709915161133
31.499900817871094
31.3080997467041
32.79050064086914
32.45370101928711
32.593299865722656
32.60329818725586
32.628299713134766
32.76850128173828
32.929500579833984
32.99190139770508
32.90810012817383
32.96549987792969
32.99570083618164
32.955299377441406
32.804298400878906
32.760501861572266
32.9536018371582
32.736900329589844
32.05889892578125
32.110801696777344
32.24800109863281
32.392398834228516
31.730100631713867
31.78350067138672
31.87019920349121
31.95050048828125
32.55630111694336
32.76089859008789
32.58489990234375
32.76470184326172
32.27619934082031
32.458499908447266
32.41669845581055
32.62080001831055
33.27000045776367
33.37220001220703
33.4109001159668
33.40869903564453
33.382301330566406
32.9828987121582
33.071800231933594
34.31809997558594
34.497100830078125
34.23789978027344
34.424598693847656
34.08720016479492
34.098201751708984
34.04999923706055
34.30780029296875
33.95320129394531
34.479000091552734
34.538299560546875
33.775901794433594
33.8203010559082
34.105098724365234
34.198001861572266
34.154300689697266
34.55160140991211
34.04359817504883
34.266300201416016
33.95349884033203
34.09280014038086
34.37080001831055
34.18339920043945
34.70249938964844
34.55070114135742
34.14229965209961
34.2328987121582
34.43960189819336
34.368900299072266
33.86309814453125
33.98720169067383
33.731201171875
33.872798919677734
33.88959884643555
33.849098205566406
33.86589813232422
33.90660095214844
34.27790069580078
33.97639846801758
34.19139862060547
34.175498962402344
33.87080001831055
33.824100494384766
33.83639907836914
33.87139892578125
33.642398834228516
33.63840103149414
33.680999755859375
33.65359878540039
33.422401428222656
33.44969940185547
36.57419967651367
36.8046989440918
36.76369857788086
36.6171989440918
36.57929992675781
36.60329818725586
36.479698181152344
36.68360137939453
36.90909957885742
36.9718017578125
36.82939910888672
36.94070053100586
36.77669906616211
36.98080062866211
36.25230026245117
36.388999938964844
36.38290023803711
36.5458984375
36.197601318359375
36.172000885009766
36.02190017700195
36.06869888305664
36.60929870605469
36.562400817871094
36.39350128173828
36.43949890136719
36.39440155029297
36.44300079345703
36.36320114135742
36.59590148925781
36.85770034790039
36.93009948730469
37.129398345947266
37.2495002746582
37.26530075073242
37.2864990234375
37.2843017578125
37.26599884033203
36.27299880981445
36.44940185546875
36.02009963989258
36.20100021362305
37.26969909667969
36.03730010986328
36.09320068359375
36.20050048828125
37.16320037841797
37.27130126953125
36.90650177001953
36.78340148925781
36.86899948120117
36.89139938354492
36.89910125732422
36.9640998840332
37.26839828491211
36.91630172729492
37.10340118408203
37.07320022583008
36.97930145263672
36.93220138549805
37.072898864746094
37.252201080322266
36.773101806640625
36.790000915527344
36.82500076293945
37.22740173339844
36.7760009765625
36.75
37.1072998046875
36.93190002441406
36.91999816894531
37.111900329589844
37.15290069580078
37.217098236083984
36.81629943847656
36.91899871826172
37.12889862060547
37.17539978027344
36.02939987182617
36.09939956665039
36.143001556396484
36.096900939941406
35.73569869995117
35.845001220703125
36.70249938964844
36.620201110839844
36.74570083618164
36.75979995727539
36.73659896850586
36.62929916381836
36.562801361083984
36.90140151977539
36.32609939575195
36.417999267578125
36.23469924926758
36.372100830078125
36.36940002441406
36.2765998840332
35.949501037597656
36.02330017089844
36.065799713134766
36.0078010559082
35.99769973754883
35.90399932861328
35.85100173950195
38.201900482177734
37.837398529052734
38.038299560546875
38.15549850463867
37.99700164794922
37.81840133666992
37.83319854736328
37.99720001220703
38.15480041503906
38.33169937133789
38.33259963989258
38.35129928588867
38.192298889160156
38.17770004272461
37.9921989440918
38.173500061035156
39.07889938354492
38.747100830078125
38.80739974975586
38.844600677490234
38.81629943847656
38.47880172729492
38.68479919433594
38.77130126953125
38.75899887084961
38.935298919677734
38.99129867553711
38.9734001159668
39.11909866333008
38.625301361083984
38.5546989440918
38.961700439453125
38.96799850463867
38.4650993347168
38.534400939941406
38.781898498535156
38.58760070800781
38.89139938354492
38.86429977416992
38.92509841918945
38.9192008972168
38.505699157714844
38.430301666259766
38.53889846801758
38.76750183105469
24.268999099731445
24.253700256347656
24.25819969177246
24.38050079345703
23.948999404907227
24.131500244140625
24.19099998474121
24.111000061035156
24.42609977722168
24.420400619506836
24.475200653076172
24.406099319458008
24.13719940185547
24.306299209594727
24.256200790405273
24.141799926757812
24.296899795532227
24.186599731445312
24.355600357055664
24.19969940185547
24.367399215698242
24.306299209594727
24.02079963684082
24.408000946044922
24.40410041809082
24.525400161743164
23.895299911499023
24.23940086364746
24.29789924621582
24.45039939880371
24.46109962463379
24.01059913635254
23.978099822998047
24.111400604248047
24.24220085144043
23.839500427246094
23.881999969482422
23.966899871826172
24.1382999420166
24.07819938659668
24.23819923400879
24.35919952392578
24.13789939880371
24.17020034790039
24.336299896240234
24.075599670410156
24.98189926147461
26.4468994140625
26.443099975585938
26.48200035095215
26.172100067138672
26.341899871826172
26.421899795532227
26.238500595092773
26.4414005279541
26.08060073852539
26.106300354003906
26.104799270629883
26.41010093688965
26.130800247192383
26.305200576782227
26.276399612426758
26.31839942932129
26.153799057006836
26.213499069213867
26.3700008392334
26.143400192260742
26.325300216674805
26.335100173950195
26.32159996032715
26.17959976196289
26.207500457763672
27.87779998779297
28.025800704956055
28.02440071105957
27.574899673461914
27.704099655151367
27.85070037841797
30.789100646972656
30.906099319458008
30.797700881958008
30.645200729370117
30.74880027770996
30.524099349975586
30.718700408935547
30.79800033569336
29.573400497436523
30.926599502563477
30.49690055847168
30.52400016784668
30.615800857543945
30.122900009155273
30.181699752807617
30.481199264526367
30.51409912109375
30.47480010986328
30.36479949951172
30.56089973449707
30.635400772094727
30.61319923400879
30.236400604248047
30.383100509643555
30.421199798583984
30.24650001525879
30.26140022277832
30.214099884033203
29.827499389648438
29.969999313354492
30.102500915527344
29.983400344848633
30.07229995727539
30.24880027770996
30.26129913330078
30.339000701904297
30.339399337768555
30.38990020751953
30.091800689697266
30.119600296020508
30.052900314331055
30.111600875854492
29.52549934387207
29.45669937133789
29.834199905395508
29.804000854492188
29.652799606323242
29.649900436401367
29.797100067138672
29.70050048828125
29.983299255371094
30.099300384521484
30.15239906311035
29.95400047302246
29.968299865722656
29.836000442504883
29.83810043334961
29.972299575805664
29.730300903320312
29.79170036315918
29.128000259399414
29.275999069213867
29.316200256347656
29.481199264526367
29.44610023498535
29.548099517822266
29.440200805664062
29.469999313354492
29.445100784301758
29.616500854492188
29.266599655151367
29.358699798583984
29.539400100708008
29.612300872802734
29.640199661254883
29.635700225830078
29.673500061035156
29.76799964904785
29.455400466918945
29.501300811767578
30.068899154663086
30.136699676513672
29.263599395751953
29.43120002746582
29.778200149536133
29.831100463867188
29.65220069885254
29.880300521850586
33.74769973754883
33.36600112915039
33.31880187988281
33.34619903564453
33.309600830078125
33.51689910888672
33.4838981628418
33.101600646972656
33.1692008972168
33.34830093383789
33.721500396728516
33.53799819946289
33.522499084472656
33.68389892578125
33.514400482177734
33.4552001953125
33.572898864746094
33.554500579833984
33.26390075683594
33.236698150634766
33.39310073852539
33.33380126953125
33.36980056762695
33.07429885864258
33.13629913330078
33.073001861572266
33.44179916381836
33.436798095703125
33.49420166015625
33.13639831542969
33.46440124511719
33.44969940185547
33.31460189819336
33.26679992675781
33.29330062866211
33.096500396728516
33.04610061645508
33.4099006652832
33.00419998168945
33.11159896850586
33.16239929199219
33.09170150756836
33.06050109863281
33.03310012817383
33.09389877319336
33.293701171875
33.40660095214844
33.361698150634766
32.972801208496094
32.9375
32.94070053100586
33.06869888305664
40.808998107910156
40.806800842285156
40.892799377441406
27.74519920349121
27.61389923095703
27.442899703979492
27.363500595092773
26.853500366210938
27.76650047302246
27.59510040283203
27.3169002532959
27.136499404907227
27.175500869750977
27.028799057006836
27.48080062866211
27.346500396728516
27.44070053100586
27.260400772094727
27.22439956665039
27.221099853515625
27.44540023803711
27.490100860595703
27.424999237060547
27.60569953918457
27.385499954223633
27.559499740600586
27.38680076599121
27.295299530029297
27.104999542236328
27.045900344848633
27.23780059814453
27.4064998626709
27.097299575805664
27.138599395751953
27.287500381469727
27.43320083618164
27.302099227905273
27.19529914855957
27.4424991607666
27.40839958190918
27.233200073242188
27.155500411987305
27.061199188232422
27.008800506591797
27.425199508666992
24.990800857543945
25.076400756835938
25.24570083618164
24.980499267578125
25.28219985961914
25.119699478149414
24.989999771118164
25.13330078125
24.917400360107422
25.006000518798828
24.997499465942383
25.197599411010742
25.164600372314453
25.00670051574707
25.295400619506836
25.138500213623047
25.001800537109375
25.152299880981445
25.109699249267578
25.271400451660156
24.955900192260742
25.312299728393555
30.946399688720703
31.121299743652344
31.114700317382812
30.96929931640625
31.309600830078125
31.49220085144043
31.118799209594727
31.11639976501465
31.373199462890625
31.23200035095215
31.174299240112305
31.319400787353516
31.330400466918945
31.37310028076172
30.844600677490234
31.08209991455078
31.152700424194336
31.13559913635254
31.05459976196289
31.146400451660156
31.0762996673584
30.829200744628906
31.184099197387695
30.981300354003906
30.888099670410156
31.291500091552734
31.305299758911133
31.297199249267578
31.204700469970703
31.27120018005371
30.520999908447266
30.906600952148438
30.348100662231445
30.447099685668945
30.632099151611328
30.62579917907715
30.591299057006836
30.608299255371094
30.739999771118164
30.68829917907715
30.823299407958984
30.76889991760254
30.99169921875
30.914600372314453
30.886699676513672
30.76569938659668
30.038799285888672
30.062999725341797
30.162799835205078
29.9862003326416
30.414499282836914
30.027599334716797
30.241199493408203
30.404699325561523
30.357799530029297
30.324800491333008
30.13249969482422
30.05069923400879
30.399200439453125
30.268299102783203
30.08289909362793
30.019100189208984
30.50589942932129
30.114500045776367
30.06909942626953
30.090099334716797
30.39459991455078
30.210800170898438
30.13279914855957
30.489900588989258
30.47209930419922
30.360599517822266
30.177600860595703
30.27239990234375
30.117300033569336
29.93939971923828
29.988300323486328
21.03179931640625
21.440099716186523
21.297199249267578
21.03350067138672
21.037799835205078
21.16349983215332
21.3174991607666
21.175899505615234
21.312700271606445
21.439300537109375
21.385900497436523
21.34819984436035
21.338899612426758
22.92099952697754
23.065200805664062
23.030500411987305
23.183700561523438
23.139299392700195
23.13680076599121
22.968900680541992
23.273000717163086
27.48819923400879
32.36579895019531
32.362998962402344
32.43130111694336
34.11109924316406
32.55110168457031
32.612098693847656
32.42649841308594
32.49810028076172
32.833099365234375
32.682899475097656
32.738399505615234
33.53419876098633
33.43880081176758
33.97740173339844
33.96739959716797
33.95289993286133
33.815799713134766
33.80979919433594
33.73040008544922
34.09489822387695
33.98640060424805
33.97909927368164
33.81869888305664
34.087398529052734
34.00320053100586
33.80459976196289
33.694000244140625
33.45119857788086
33.46879959106445
33.651798248291016
33.61119842529297
33.42789840698242
33.71329879760742
33.60499954223633
33.59939956665039
33.464900970458984
33.92900085449219
33.74769973754883
33.96500015258789
33.899200439453125
33.7869987487793
33.4114990234375
33.44599914550781
33.407901763916016
33.7234992980957
33.54570007324219
31.98349952697754
32.059898376464844
32.08420181274414
32.14120101928711
32.040000915527344
33.310001373291016
33.203800201416016
32.28379821777344
32.28419876098633
33.37580108642578
33.39899826049805
33.36330032348633
33.26150131225586
35.832698822021484
35.654998779296875
35.67340087890625
35.63410186767578
35.67380142211914
35.649200439453125
35.6348991394043
35.34989929199219
35.75080108642578
35.586700439453125
35.515499114990234
35.69779968261719
35.437599182128906
35.45289993286133
35.68899917602539
35.80619812011719
35.793800354003906
35.59429931640625
35.86439895629883
35.4031982421875
35.24489974975586
35.28710174560547
35.0364990234375
35.138999938964844
35.327598571777344
35.53499984741211
35.19449996948242
35.083900451660156
35.180599212646484
35.1869010925293
35.22549819946289
35.256900787353516
35.40629959106445
35.48830032348633
35.4468994140625
35.63589859008789
35.2400016784668
35.26940155029297
35.30690002441406
35.100799560546875
35.5900993347168
35.18519973754883
35.2400016784668
35.437400817871094
35.57379913330078
35.52170181274414
35.62329864501953
35.61989974975586
35.130699157714844
35.04930114746094
35.714698791503906
35.561798095703125
35.201499938964844
35.25170135498047
35.148399353027344
35.222599029541016
35.300498962402344
35.490299224853516
37.2932014465332
37.16189956665039
37.19900131225586
37.19649887084961
37.2224006652832
37.0620002746582
37.186798095703125
37.34429931640625
36.91899871826172
36.89400100708008
36.7661018371582
36.77429962158203
36.982200622558594
36.75960159301758
36.807701110839844
37.00040054321289
36.67250061035156
36.82979965209961
37.093101501464844
37.127601623535156
37.13130187988281
37.0359992980957
36.810001373291016
36.867401123046875
37.06700134277344
37.21440124511719
37.243900299072266
37.24530029296875
37.01599884033203
36.524200439453125
36.57600021362305
36.53990173339844
36.80690002441406
36.7234992980957
36.73849868774414
36.7422981262207
36.93050003051758
36.887298583984375
36.9822998046875
37.0166015625
36.93339920043945
36.76559829711914
36.96630096435547
36.703399658203125
36.77619934082031
36.3672981262207
36.26750183105469
36.615501403808594
36.594200134277344
36.51459884643555
36.32419967651367
36.511600494384766
36.524200439453125
36.677799224853516
36.6515007019043
36.211299896240234
36.311100006103516
36.66960144042969
36.722599029541016
36.71139907836914
36.60070037841797
36.44710159301758
38.88240051269531
39.100399017333984
39.01850128173828
38.81850051879883
39.11690139770508
39.09320068359375
38.8942985534668
38.91550064086914
39.034000396728516
39.325199127197266
39.264400482177734
38.674598693847656
38.68629837036133
38.70220184326172
25.417699813842773
25.42690086364746
25.253799438476562
25.362600326538086
25.433000564575195
25.538400650024414
25.485200881958008
25.25029945373535
25.095800399780273
25.090200424194336
25.412200927734375
25.3789005279541
25.20199966430664
25.128400802612305
25.140399932861328
25.385499954223633
25.2185001373291
25.37070083618164
25.4414005279541
25.19300079345703
25.322799682617188
25.481300354003906
25.316099166870117
25.22960090637207
25.26409912109375
25.298500061035156
25.33919906616211
25.018299102783203
25.431900024414062
25.400299072265625
25.39859962463379
25.329299926757812
25.162799835205078
25.29800033569336
25.161699295043945
25.464399337768555
25.461200714111328
25.324199676513672
25.24679946899414
25.053499221801758
24.944599151611328
25.007099151611328
24.93120002746582
25.34910011291504
25.175500869750977
25.228900909423828
25.05109977722168
25.048500061035156
25.104799270629883
25.074600219726562
24.95330047607422
25.328500747680664
24.980100631713867
25.041000366210938
25.223600387573242
25.0314998626709
25.085100173950195
25.333999633789062
25.25029945373535
25.16990089416504
25.034400939941406
25.332000732421875
25.356300354003906
25.188800811767578
25.028900146484375
25.085899353027344
25.028499603271484
25.252300262451172
25.078800201416016
25.378999710083008
25.204099655151367
27.537500381469727
27.560400009155273
27.649999618530273
27.594900131225586
27.784799575805664
27.667600631713867
27.67340087890625
27.680700302124023
27.35540008544922
27.167600631713867
27.027000427246094
27.084999084472656
27.295000076293945
27.331100463867188
27.308399200439453
27.42970085144043
27.56599998474121
27.534099578857422
27.40679931640625
27.44770050048828
27.415000915527344
27.19059944152832
27.349000930786133
27.31220054626465
27.34589958190918
27.31999969482422
27.149900436401367
27.17889976501465
27.051700592041016
26.951400756835938
26.9281005859375
27.149799346923828
27.192800521850586
27.24519920349121
27.080900192260742
27.159900665283203
27.062700271606445
27.534500122070312
27.46929931640625
27.275999069213867
26.980300903320312
26.859600067138672
26.875200271606445
26.70490074157715
26.811399459838867
26.69179916381836
27.11720085144043
27.038999557495117
27.15239906311035
27.06220054626465
26.881799697875977
26.811899185180664
27.164400100708008
26.983200073242188
27.033899307250977
27.006999969482422
26.569499969482422
26.652299880981445
26.522600173950195
26.421300888061523
26.68600082397461
26.882400512695312
26.817899703979492
26.721799850463867
26.63290023803711
26.51569938659668
26.525400161743164
26.530399322509766
26.715999603271484
26.867000579833984
26.86359977722168
26.805500030517578
27.628299713134766
27.30590057373047
27.48040008544922
27.439699172973633
26.80620002746582
26.79800033569336
27.613800048828125
27.649499893188477
26.952199935913086
26.934900283813477
26.918699264526367
26.827800750732422
26.397499084472656
27.02750015258789
27.229400634765625
26.91309928894043
27.289899826049805
27.189599990844727
27.167400360107422
27.254100799560547
27.388500213623047
27.427099227905273
27.421899795532227
27.274499893188477
28.3075008392334
28.01460075378418
27.921499252319336
27.941999435424805
27.811100006103516
28.122299194335938
28.152999877929688
28.281600952148438
28.204700469970703
28.11210060119629
27.92609977722168
28.299100875854492
28.28849983215332
28.20009994506836
28.289400100708008
28.166000366210938
28.17690086364746
27.73310089111328
27.885700225830078
27.672100067138672
27.57200050354004
28.056299209594727
27.974899291992188
27.780899047851562
27.69230079650879
27.698200225830078
27.787399291992188
28.055299758911133
28.079099655151367
27.80470085144043
27.980100631713867
27.94890022277832
27.7992000579834
27.386999130249023
27.294700622558594
27.786800384521484
27.80970001220703
27.652700424194336
27.64739990234375
27.609500885009766
27.56060028076172
27.550600051879883
27.672100067138672
27.781099319458008
27.63450050354004
27.64889907836914
27.690799713134766
27.677499771118164
27.52549934387207
27.600000381469727
27.49049949645996
27.47260093688965
27.309999465942383
27.478200912475586
27.4424991607666
27.26889991760254
27.287599563598633
27.452299118041992
27.417400360107422
27.314300537109375
27.30590057373047
27.75749969482422
27.572900772094727
27.62470054626465
27.60540008544922
26.978099822998047
26.993099212646484
27.89900016784668
27.03619956970215
26.997600555419922
27.174299240112305
27.149999618530273
27.347999572753906
27.350400924682617
27.177499771118164
27.155099868774414
29.598800659179688
29.47800064086914
29.349300384521484
29.43320083618164
29.522600173950195
29.597200393676758
29.430400848388672
29.262800216674805
29.30900001525879
29.14189910888672
29.447399139404297
29.277000427246094
29.3572998046875
29.393400192260742
29.449600219726562
29.278400421142578
29.10740089416504
29.18429946899414
30.683700561523438
30.69659996032715
30.89080047607422
30.903200149536133
31.106199264526367
30.892799377441406
30.934999465942383
30.903400421142578
31.100000381469727
31.016799926757812
30.8075008392334
30.68899917602539
30.68269920349121
30.722900390625
30.61319923400879
30.45330047607422
30.463499069213867
30.454999923706055
30.771099090576172
30.644899368286133
30.511899948120117
30.585800170898438
30.766000747680664
30.526100158691406
30.833099365234375
30.770599365234375
30.59269905090332
30.849000930786133
30.419300079345703
30.463699340820312
30.444499969482422
30.302000045776367
30.270700454711914
30.63360023498535
30.675899505615234
30.64859962463379
30.246999740600586
30.183300018310547
30.171100616455078
30.316299438476562
30.53580093383789
30.481399536132812
30.50950050354004
30.456300735473633
29.745500564575195
29.791900634765625
29.768699645996094
29.837299346923828
29.884899139404297
29.92970085144043
29.778400421142578
29.7947998046875
30.23390007019043
30.30660057067871
30.12579917907715
30.72010040283203
30.496299743652344
30.439800262451172
30.278099060058594
30.326400756835938
29.839500427246094
29.47010040283203
29.51180076599121
29.557100296020508
29.420700073242188
29.79990005493164
29.615100860595703
29.513099670410156
29.410400390625
29.44409942626953
29.615699768066406
29.366600036621094
29.71310043334961
29.528400421142578
29.46780014038086
29.793399810791016
29.620500564575195
29.63680076599121
29.454999923706055
29.550899505615234
29.585800170898438
29.60810089111328
29.594900131225586
29.822200775146484
29.81439971923828
29.809099197387695
29.948200225830078
29.97450065612793
30.01580047607422
29.839099884033203
29.87470054626465
32.23080062866211
32.080101013183594
32.23970031738281
32.18239974975586
32.112998962402344
31.925500869750977
31.95039939880371
32.25339889526367
32.26210021972656
32.12779998779297
32.126800537109375
31.735300064086914
31.604999542236328
31.71540069580078
30.91710090637207
32.10380172729492
32.00279998779297
31.798500061035156
31.701099395751953
31.993999481201172
31.843399047851562
31.888500213623047
31.869400024414062
31.328800201416016
31.235200881958008
31.076799392700195
31.172100067138672
31.33880043029785
31.153099060058594
31.23430061340332
31.029600143432617
31.221799850463867
31.36319923400879
31.219499588012695
31.054500579833984
31.02790069580078
31.289199829101562
31.542800903320312
31.36359977722168
35.46780014038086
35.30580139160156
35.36579895019531
35.312599182128906
35.42380142211914
35.28260040283203
35.298301696777344
35.501800537109375
35.3026008605957
34.89789962768555
35.084598541259766
35.079498291015625
35.083499908447266
34.942100524902344
35.290000915527344
35.323001861572266
35.12540054321289
35.108299255371094
35.0452995300293
35.09429931640625
35.32120132446289
35.394901275634766
35.33430099487305
35.06760025024414
35.49919891357422
35.38359832763672
35.37099838256836
35.18880081176758
35.21549987792969
35.202701568603516
35.02280044555664
35.03879928588867
34.91059875488281
35.380401611328125
35.201698303222656
35.32720184326172
34.85279846191406
34.94900131225586
35.164798736572266
34.87409973144531
34.69919967651367
34.64139938354492
35.02880096435547
35.060001373291016
34.63180160522461
34.7963981628418
34.78730010986328
34.799198150634766
34.98270034790039
34.835201263427734
35.02629852294922
34.98030090332031
35.222599029541016
34.952598571777344
35.03770065307617
35.252498626708984
34.938899993896484
34.40879821777344
34.36800003051758
34.26449966430664
34.630699157714844
34.51250076293945
34.4827995300293
34.64189910888672
34.777400970458984
34.820701599121094
34.82270050048828
34.64799880981445
35.03350067138672
34.6609992980957
34.860801696777344
34.829498291015625
34.61429977416992
34.422401428222656
34.46149826049805
34.09920120239258
34.65999984741211
34.62110137939453
34.57849884033203
34.46149826049805
33.9723014831543
33.77149963378906
34.81449890136719
34.77939987182617
34.053001403808594
34.19459915161133
34.039100646972656
34.06460189819336
34.45050048828125
34.33399963378906
34.29779815673828
34.645599365234375
34.31449890136719
34.51319885253906
34.46329879760742
34.30160140991211
34.25870132446289
34.79710006713867
34.59700012207031
34.1505012512207
34.13090133666992
34.225799560546875
34.269798278808594
37.507999420166016
37.33150100708008
37.509498596191406
37.46889877319336
37.45289993286133
37.07389831542969
37.57320022583008
37.386600494384766
37.20199966430664
37.36259841918945
37.17660140991211
37.14229965209961
37.44770050048828
37.186798095703125
37.250999450683594
37.14509963989258
40.715999603271484
40.51179885864258
40.403900146484375
40.822200775146484
40.8406982421875
40.77909851074219
21.566600799560547
21.82390022277832
21.831899642944336
21.673599243164062
21.83099937438965
21.724899291992188
21.86400032043457
21.866199493408203
21.789199829101562
21.51740074157715
21.677499771118164
21.56369972229004
21.544099807739258
21.70330047607422
21.736499786376953
21.59160041809082
23.46929931640625
23.442399978637695
23.230600357055664
23.34079933166504
23.237300872802734
23.35460090637207
23.345600128173828
23.33180046081543
23.452800750732422
23.34309959411621
23.105100631713867
23.286800384521484
23.496000289916992
23.01569938659668
23.221900939941406
23.39229965209961
23.38520050048828
23.23270034790039
23.24880027770996
23.34510040283203
23.44029998779297
23.451900482177734
23.51420021057129
23.541400909423828
23.159099578857422
23.11829948425293
22.99530029296875
23.0093994140625
23.38990020751953
23.328899383544922
22.981599807739258
23.2096004486084
24.27120018005371
24.293399810791016
23.996400833129883
24.11079978942871
24.246999740600586
24.21299934387207
24.30579948425293
24.322900772094727
24.11520004272461
24.168100357055664
24.218799591064453
23.954999923706055
24.241300582885742
24.0757999420166
24.01449966430664
24.132299423217773
24.22640037536621
24.232999801635742
24.326900482177734
24.14579963684082
26.263900756835938
26.325899124145508
26.176700592041016
26.435400009155273
26.162099838256836
26.494800567626953
26.270000457763672
26.449499130249023
26.332199096679688
26.350000381469727
26.500699996948242
26.392099380493164
26.273300170898438
26.33329963684082
26.225000381469727
26.496200561523438
26.500499725341797
26.215999603271484
26.326799392700195
26.21470069885254
26.376399993896484
26.170900344848633
26.267499923706055
26.503799438476562
26.49329948425293
26.210599899291992
26.346799850463867
26.307600021362305
26.160600662231445
26.014400482177734
26.164899826049805
26.34160041809082
26.3302001953125
26.331499099731445
26.25819969177246
26.105499267578125
26.104000091552734
26.473100662231445
26.42919921875
26.380699157714844
26.16349983215332
26.283000946044922
26.208499908447266
26.212200164794922
26.147199630737305
26.011499404907227
26.05579948425293
26.087600708007812
26.042400360107422
26.306699752807617
26.173500061035156
26.084999084472656
26.256500244140625
26.04789924621582
26.212099075317383
26.3799991607666
26.498699188232422
26.217599868774414
26.390899658203125
30.013900756835938
30.09280014038086
29.93280029296875
30.053600311279297
29.94059944152832
29.769800186157227
29.722999572753906
29.83340072631836
30.056900024414062
29.889799118041992
29.721500396728516
29.89150047302246
29.801000595092773
29.97610092163086
29.938800811767578
29.778200149536133
29.91819953918457
29.63599967956543
29.63680076599121
29.758499145507812
31.54840087890625
31.464000701904297
31.364599227905273
31.317699432373047
31.648700714111328
31.630300521850586
31.588499069213867
31.512800216674805
31.436899185180664
31.7278995513916
31.724599838256836
31.7052001953125
31.220399856567383
31.366300582885742
31.286800384521484
31.2185001373291
31.265600204467773
31.612899780273438
31.4955997467041
31.30929946899414
31.25279998779297
31.266000747680664
31.62380027770996
31.561500549316406
31.408300399780273
31.282400131225586
33.09560012817383
33.297000885009766
33.04869842529297
33.22999954223633
33.21900177001953
33.4093017578125
33.04180145263672
33.192298889160156
32.92639923095703
32.950599670410156
34.27389907836914
34.191898345947266
38.725799560546875
38.83190155029297
38.51570129394531
38.46160125732422
38.50080108642578
38.587501525878906
38.615501403808594
38.63690185546875
38.8202018737793
38.6864013671875
38.7130012512207
38.22800064086914
38.33340072631836
38.809898376464844
38.907501220703125
38.38119888305664
38.39120101928711
38.362098693847656
38.304298400878906
38.31959915161133
38.528900146484375
39.532901763916016
39.601200103759766
39.21120071411133
39.33150100708008
39.54090118408203
39.48809814453125
39.645999908447266
39.519798278808594
39.68339920043945
39.70109939575195
39.565399169921875
39.25230026245117
39.472900390625
39.44810104370117
39.516300201416016
39.54909896850586
39.452598571777344
39.51300048828125
39.28559875488281
39.27539825439453
39.2318000793457
39.147300720214844
39.652099609375
39.63240051269531
39.38209915161133
39.587398529052734
38.897300720214844
38.88520050048828
39.29169845581055
39.4921989440918
39.08620071411133
39.04600143432617
38.99959945678711
39.04909896850586
39.48400115966797
39.30929946899414
39.16230010986328
39.390499114990234
39.53070068359375
39.393699645996094
39.077301025390625
38.97090148925781
39.11949920654297
39.152801513671875
39.01959991455078
39.18220138549805
39.57279968261719
39.12409973144531
39.158199310302734
39.71620178222656
39.924198150634766
39.59560012817383
39.78089904785156
39.95000076293945
39.93539810180664
39.77439880371094
39.91600036621094
40.09769821166992
40.15739822387695
40.12099838256836
40.13370132446289
39.77360153198242
39.6974983215332
40.27259826660156
40.275901794433594
40.099098205566406
40.141300201416016
40.0547981262207
40.17409896850586
39.718101501464844
39.827701568603516
39.43450164794922
39.62369918823242
40.1682014465332
40.16849899291992
39.73109817504883
39.62799835205078
39.75659942626953
39.56639862060547
39.86629867553711
40.069801330566406
39.788700103759766
39.76620101928711
39.707698822021484
40.1619987487793
40.15510177612305
39.69029998779297
40.03459930419922
39.9900016784668
39.69960021972656
39.8036003112793
39.423500061035156
39.5281982421875
39.43050003051758
39.575401306152344
39.1875
39.1338005065918
39.744300842285156
39.01089859008789
39.53620147705078
39.36970138549805
39.285099029541016
39.47650146484375
39.57099914550781
39.69940185546875
39.36970138549805
39.53519821166992
38.56100082397461
38.961299896240234
38.799400329589844
38.60599899291992
38.719600677490234
39.166900634765625
39.119598388671875
38.98160171508789
38.970401763916016
39.368900299072266
39.231201171875
39.31990051269531
39.1609001159668
42.384498596191406
42.25859832763672
42.02640151977539
42.31169891357422
42.488399505615234
42.526798248291016
42.307098388671875
42.41939926147461
42.80739974975586
42.49169921875
42.691001892089844
41.879798889160156
41.9994010925293
41.8557014465332
42.28350067138672
41.96689987182617
42.06779861450195
42.19599914550781
41.904300689697266
42.29180145263672
42.44919967651367
42.27220153808594
42.13570022583008
42.07509994506836
42.11539840698242
42.51300048828125
42.29560089111328
41.90610122680664
25.48110008239746
25.464399337768555
25.45479965209961
24.989599227905273
25.195100784301758
25.3700008392334
25.122900009155273
25.169300079345703
25.13610076904297
25.149200439453125
25.144500732421875
25.32200050354004
25.083799362182617
25.252300262451172
25.272499084472656
25.451900482177734
25.322799682617188
25.303800582885742
25.941699981689453
25.557100296020508
25.840700149536133
25.841899871826172
25.914400100708008
25.925600051879883
25.635400772094727
25.836000442504883
26.027299880981445
24.99090003967285
25.894800186157227
25.943599700927734
25.118000030517578
25.137399673461914
25.11210060119629
25.00429916381836
25.528499603271484
25.467500686645508
25.593700408935547
25.705400466918945
25.779199600219727
25.584699630737305
25.804800033569336
25.832199096679688
25.691499710083008
25.651199340820312
25.413700103759766
25.356599807739258
25.730100631713867
25.837400436401367
25.813899993896484
25.73419952392578
25.579099655151367
25.49679946899414
25.53059959411621
25.776199340820312
25.860300064086914
25.89349937438965
25.888500213623047
25.892099380493164
26.005399703979492
25.33099937438965
25.914199829101562
25.892799377441406
25.439699172973633
25.458599090576172
25.361499786376953
25.48069953918457
25.41699981689453
25.24519920349121
25.36389923095703
25.380199432373047
25.70170021057129
25.482999801635742
25.573299407958984
25.533700942993164
25.669200897216797
25.60580062866211
25.502099990844727
25.629499435424805
25.761499404907227
25.601499557495117
25.512500762939453
25.5231990814209
25.221099853515625
25.244400024414062
25.227800369262695
27.674800872802734
27.56060028076172
27.55620002746582
27.97249984741211
28.112499237060547
27.964399337768555
28.01569938659668
27.95789909362793
28.002399444580078
27.843799591064453
27.670000076293945
28.03820037841797
28.072599411010742
27.963300704956055
27.933700561523438
28.100099563598633
28.132099151611328
27.45870018005371
27.477800369262695
28.902099609375
28.9419002532959
27.548500061035156
27.534700393676758
27.572999954223633
27.55590057373047
27.821699142456055
27.654600143432617
27.82819938659668
27.653099060058594
27.94729995727539
28.107999801635742
27.588899612426758
27.96109962463379
28.545400619506836
28.558900833129883
28.73430061340332
28.909500122070312
28.52400016784668
28.745800018310547
28.758800506591797
28.924800872802734
28.769100189208984
28.815799713134766
36.37910079956055
36.54159927368164
36.57469940185547
36.3760986328125
36.603599548339844
35.99509811401367
36.26369857788086
36.03200149536133
36.045101165771484
36.21609878540039
36.117698669433594
36.08140182495117
36.06449890136719
36.19449996948242
36.270599365234375
36.29890060424805
36.17890167236328
36.23440170288086
36.42649841308594
36.63290023803711
36.43899917602539
36.022499084472656
35.894798278808594
35.89059829711914
35.83549880981445
36.027198791503906
36.22819900512695
35.92060089111328
36.32469940185547
35.99789810180664
36.38180160522461
36.17070007324219
36.18960189819336
35.829498291015625
35.75040054321289
36.37409973144531
35.801700592041016
36.29240036010742
36.388301849365234
36.062801361083984
36.33300018310547
36.20909881591797
36.50920104980469
36.48929977416992
36.38180160522461
36.54100036621094
36.665000915527344
36.350101470947266
36.547000885009766
35.75859832763672
35.860801696777344
36.66469955444336
35.6786003112793
35.89419937133789
36.0723991394043
35.57440185546875
35.824798583984375
36.21609878540039
36.15800094604492
36.00239944458008
36.17789840698242
36.116600036621094
36.20069885253906
36.034000396728516
35.99359893798828
36.04779815673828
36.23720169067383
36.230201721191406
35.96900177001953
35.98899841308594
35.83580017089844
35.924598693847656
35.48099899291992
35.502899169921875
36.17359924316406
36.01459884643555
35.60350036621094
35.538700103759766
35.61520004272461
35.799198150634766
35.67850112915039
35.73740005493164
35.847999572753906
35.9213981628418
35.510398864746094
35.55120086669922
35.96080017089844
35.44020080566406
35.52579879760742
35.492801666259766
35.60200119018555
35.544898986816406
35.705501556396484
35.665199279785156
35.61600112915039
35.64899826049805
35.7869987487793
35.881500244140625
35.7318000793457
35.46480178833008
35.600399017333984
35.46080017089844
35.86410140991211
35.65650177001953
35.53129959106445
35.595298767089844
35.57569885253906
35.784400939941406
35.556400299072266
35.51179885864258
35.836299896240234
35.98630142211914
35.877601623535156
35.90890121459961
38.953800201416016
39.20669937133789
39.39059829711914
38.999698638916016
39.1505012512207
39.293800354003906
39.259700775146484
39.42319869995117
39.371299743652344
39.14550018310547
39.376399993896484
39.39580154418945
39.06850051879883
39.52069854736328
39.44860076904297
39.37350082397461
38.803199768066406
38.88059997558594
38.774898529052734
38.84809875488281
39.02320098876953
38.94670104980469
39.03300094604492
38.922298431396484
39.02560043334961
39.245201110839844
39.31230163574219
