# vtk DataFile Version 3.0
SHAPE_sfm_50k_v20200323
ASCII
DATASET POLYDATA
POINTS 4724 float
0.06499 0.02198 -0.31086
0.06808 0.02126 -0.31068
0.06605 0.01999 -0.31071
0.06702 0.02325 -0.31082
0.07011 0.02254 -0.31063
0.06905 0.02453 -0.31075
0.07215 0.02381 -0.31054
0.05987 0.01616 -0.31066
0.06299 0.01546 -0.3105
0.06094 0.01419 -0.31045
0.06193 0.01743 -0.3107
0.06505 0.01673 -0.31054
0.06399 0.01871 -0.31071
0.0671 0.01801 -0.31055
0.06914 0.01927 -0.31054
0.07117 0.02055 -0.3105
0.07321 0.02182 -0.31043
0.05476 0.01039 -0.31022
0.05789 0.0097 -0.31005
0.05583 0.00844 -0.30995
0.05682 0.01166 -0.31031
0.05994 0.01096 -0.31014
0.05888 0.01292 -0.31039
0.062 0.01223 -0.31022
0.06405 0.01349 -0.31028
0.06611 0.01476 -0.31033
0.06816 0.01602 -0.31037
0.0702 0.01729 -0.31038
0.07223 0.01855 -0.31036
0.07426 0.01982 -0.3103
0.05171 0.00592 -0.30971
0.05484 0.00524 -0.30952
0.05278 0.00399 -0.30939
0.05377 0.00718 -0.30983
0.05689 0.0065 -0.30964
0.05895 0.00775 -0.30975
0.061 0.00901 -0.30985
0.06306 0.01027 -0.30994
0.06511 0.01152 -0.31003
0.06716 0.01278 -0.3101
0.06921 0.01404 -0.31016
0.07125 0.0153 -0.31019
0.07328 0.01656 -0.31019
0.07532 0.01783 -0.31016
0.07736 0.01909 -0.31009
0.04665 0.00023 -0.30896
0.04977 -0.00044 -0.30874
0.04774 -0.00169 -0.30859
0.04869 0.00148 -0.30911
0.05181 0.00081 -0.30889
0.05074 0.00273 -0.30925
0.05385 0.00206 -0.30903
0.05591 0.00331 -0.30916
0.05796 0.00456 -0.30929
0.06001 0.00581 -0.30942
0.06206 0.00706 -0.30953
0.06411 0.00831 -0.30964
0.06616 0.00956 -0.30975
0.06821 0.01081 -0.30984
0.07026 0.01207 -0.30992
0.0723 0.01332 -0.30998
0.07434 0.01458 -0.31
0.07638 0.01584 -0.31
0.07841 0.0171 -0.30995
0.04163 -0.00545 -0.30819
0.04476 -0.0061 -0.3079
0.04273 -0.00735 -0.30779
0.04366 -0.00419 -0.3083
0.04679 -0.00485 -0.30804
0.0457 -0.00294 -0.30844
0.04882 -0.0036 -0.30819
0.05085 -0.00235 -0.30834
0.05289 -0.00111 -0.3085
0.05492 0.00014 -0.30864
0.05697 0.00138 -0.30879
0.05902 0.00262 -0.30892
0.06107 0.00386 -0.30906
0.06312 0.00511 -0.30919
0.06517 0.00636 -0.30932
0.06721 0.0076 -0.30944
0.06926 0.00884 -0.30955
0.07131 0.01009 -0.30965
0.07335 0.01134 -0.30973
0.07539 0.01259 -0.30979
0.07743 0.01385 -0.30981
0.07947 0.0151 -0.30979
0.03579 -0.01409 -0.30721
0.03667 -0.01104 -0.30762
0.03779 -0.01293 -0.30719
0.03868 -0.00988 -0.30764
0.0398 -0.01178 -0.30721
0.04182 -0.01051 -0.30727
0.04071 -0.00861 -0.3077
0.04384 -0.00925 -0.30736
0.04586 -0.008 -0.30748
0.04788 -0.00676 -0.30761
0.04991 -0.00551 -0.30776
0.05193 -0.00426 -0.30792
0.05396 -0.00302 -0.30808
0.05598 -0.00178 -0.30824
0.05803 -0.00054 -0.30838
0.06008 0.00069 -0.30853
0.06212 0.00193 -0.30868
0.06417 0.00317 -0.30882
0.06622 0.0044 -0.30896
0.06826 0.00564 -0.3091
0.07031 0.00688 -0.30924
0.07236 0.00812 -0.30936
0.0744 0.00936 -0.30946
0.07644 0.01061 -0.30955
0.07848 0.01186 -0.30959
0.08052 0.01311 -0.3096
0.08255 0.01437 -0.30956
0.03093 -0.01943 -0.3069
0.03178 -0.01641 -0.30729
0.03293 -0.01827 -0.30683
0.03378 -0.01525 -0.30724
0.03492 -0.01711 -0.30678
0.03692 -0.01596 -0.30675
0.03891 -0.01481 -0.30674
0.04091 -0.01367 -0.30675
0.04293 -0.01241 -0.30681
0.04494 -0.01115 -0.3069
0.04696 -0.0099 -0.30702
0.04897 -0.00866 -0.30716
0.05099 -0.00742 -0.30731
0.05301 -0.00617 -0.30748
0.05503 -0.00493 -0.30764
0.05704 -0.00369 -0.3078
0.05909 -0.00246 -0.30796
0.06113 -0.00123 -0.30812
0.06318 0.0 -0.30827
0.06522 0.00123 -0.30843
0.06727 0.00246 -0.30859
0.06931 0.00368 -0.30875
0.07136 0.00491 -0.3089
0.0734 0.00615 -0.30904
0.07545 0.00739 -0.30917
0.07749 0.00863 -0.30927
0.07953 0.00987 -0.30935
0.08156 0.01112 -0.30938
0.0836 0.01237 -0.30936
0.02806 -0.0235 -0.30659
0.02893 -0.02059 -0.30697
0.03005 -0.02235 -0.30651
0.03204 -0.0212 -0.30644
0.03403 -0.02005 -0.30637
0.03601 -0.0189 -0.30632
0.038 -0.01776 -0.30628
0.04 -0.01662 -0.30627
0.04199 -0.01548 -0.30628
0.044 -0.01423 -0.30634
0.046 -0.01298 -0.30643
0.04801 -0.01174 -0.30655
0.05002 -0.01051 -0.30669
0.05204 -0.00927 -0.30685
0.05405 -0.00804 -0.30701
0.05606 -0.00681 -0.30719
0.05807 -0.00558 -0.30736
0.06011 -0.00435 -0.30752
0.06216 -0.00313 -0.30769
0.0642 -0.0019 -0.30786
0.06625 -0.00068 -0.30803
0.06829 0.00054 -0.30821
0.07034 0.00176 -0.30838
0.07238 0.00299 -0.30855
0.07442 0.00422 -0.30871
0.07647 0.00545 -0.30886
0.07851 0.00668 -0.30898
0.08055 0.00792 -0.30908
0.08259 0.00917 -0.30913
0.08463 0.01042 -0.30914
0.02321 -0.02846 -0.30635
0.02406 -0.0257 -0.30676
0.02521 -0.02742 -0.30626
0.02608 -0.02465 -0.30667
0.02721 -0.02639 -0.30617
0.02919 -0.02525 -0.3061
0.03117 -0.02411 -0.30602
0.03315 -0.02297 -0.30595
0.03513 -0.02182 -0.30588
0.03711 -0.02068 -0.30583
0.03909 -0.01955 -0.30579
0.04107 -0.01842 -0.30578
0.04306 -0.01729 -0.30579
0.04506 -0.01605 -0.30585
0.04706 -0.01481 -0.30594
0.04907 -0.01358 -0.30605
0.05107 -0.01235 -0.30619
0.05308 -0.01112 -0.30636
0.05508 -0.0099 -0.30653
0.05709 -0.00868 -0.30671
0.05909 -0.00746 -0.30689
0.06114 -0.00624 -0.30707
0.06318 -0.00502 -0.30725
0.06523 -0.0038 -0.30744
0.06727 -0.00259 -0.30762
0.06932 -0.00137 -0.30782
0.07136 -0.00015 -0.30801
0.0734 0.00107 -0.3082
0.07544 0.00229 -0.30838
0.07749 0.00351 -0.30854
0.07953 0.00474 -0.30868
0.08157 0.00598 -0.30879
0.08361 0.00722 -0.30886
0.08565 0.00846 -0.30889
0.08769 0.00971 -0.30887
0.02037 -0.03219 -0.3059
0.02121 -0.02948 -0.30641
0.02237 -0.03118 -0.30587
0.02436 -0.03017 -0.30581
0.02635 -0.02915 -0.30574
0.02834 -0.02812 -0.30565
0.03031 -0.02699 -0.30559
0.03228 -0.02586 -0.30552
0.03425 -0.02473 -0.30545
0.03623 -0.02359 -0.30538
0.0382 -0.02246 -0.30533
0.04017 -0.02133 -0.30529
0.04215 -0.02021 -0.30527
0.04413 -0.01909 -0.30528
0.04612 -0.01785 -0.30533
0.04812 -0.01662 -0.30542
0.05012 -0.0154 -0.30553
0.05211 -0.01418 -0.30568
0.05411 -0.01296 -0.30584
0.05611 -0.01175 -0.30602
0.05812 -0.01055 -0.30621
0.06012 -0.00934 -0.3064
0.06216 -0.00812 -0.3066
0.06421 -0.00691 -0.3068
0.06625 -0.0057 -0.307
0.06829 -0.00449 -0.30721
0.07034 -0.00328 -0.30742
0.07238 -0.00207 -0.30763
0.07442 -0.00085 -0.30783
0.07646 0.00036 -0.30803
0.07851 0.00158 -0.3082
0.08055 0.0028 -0.30836
0.0826 0.00404 -0.30848
0.08464 0.00527 -0.30857
0.08668 0.00651 -0.30862
0.08871 0.00776 -0.30862
0.01557 -0.03684 -0.3052
0.01637 -0.0342 -0.30589
0.01757 -0.03586 -0.30526
0.01837 -0.0332 -0.30591
0.01955 -0.03487 -0.3053
0.02154 -0.03388 -0.30531
0.02352 -0.03288 -0.30529
0.02551 -0.03187 -0.30525
0.02749 -0.03087 -0.30519
0.02947 -0.02985 -0.30512
0.03143 -0.02873 -0.30506
0.0334 -0.02761 -0.305
0.03536 -0.02648 -0.30493
0.03733 -0.02536 -0.30487
0.03929 -0.02424 -0.30482
0.04126 -0.02312 -0.30477
0.04322 -0.022 -0.30475
0.04519 -0.02089 -0.30475
0.04718 -0.01966 -0.3048
0.04917 -0.01844 -0.30488
0.05116 -0.01722 -0.30499
0.05315 -0.01601 -0.30513
0.05515 -0.0148 -0.3053
0.05714 -0.0136 -0.30548
0.05914 -0.0124 -0.30568
0.06114 -0.01121 -0.30589
0.06319 -0.01 -0.3061
0.06523 -0.0088 -0.30632
0.06727 -0.00759 -0.30655
0.06931 -0.00639 -0.30678
0.07136 -0.00518 -0.30701
0.0734 -0.00398 -0.30724
0.07544 -0.00278 -0.30746
0.07748 -0.00157 -0.30767
0.07953 -0.00035 -0.30786
0.08157 0.00087 -0.30803
0.08362 0.0021 -0.30817
0.08566 0.00333 -0.30827
0.0877 0.00456 -0.30833
0.08974 0.0058 -0.30835
0.09176 0.00705 -0.3083
0.01276 -0.04034 -0.30435
0.01358 -0.03782 -0.3051
0.01479 -0.03945 -0.30444
0.01677 -0.03848 -0.30454
0.01876 -0.03751 -0.30462
0.02073 -0.03654 -0.30467
0.02271 -0.03555 -0.3047
0.02468 -0.03457 -0.3047
0.02666 -0.03357 -0.30468
0.02863 -0.03258 -0.30463
0.03059 -0.03158 -0.30457
0.03255 -0.03047 -0.30453
0.03451 -0.02935 -0.30447
0.03646 -0.02824 -0.30441
0.03842 -0.02712 -0.30435
0.04038 -0.02601 -0.3043
0.04234 -0.0249 -0.30425
0.0443 -0.02379 -0.30422
0.04626 -0.02269 -0.30421
0.04824 -0.02146 -0.30425
0.05022 -0.02025 -0.30432
0.05221 -0.01904 -0.30442
0.05419 -0.01784 -0.30455
0.05618 -0.01664 -0.30472
0.05817 -0.01545 -0.30491
0.06017 -0.01426 -0.30512
0.06216 -0.01308 -0.30535
0.06421 -0.01188 -0.30559
0.06625 -0.01068 -0.30583
0.06829 -0.00949 -0.30608
0.07033 -0.00829 -0.30633
0.07238 -0.00709 -0.30659
0.07442 -0.00589 -0.30684
0.07646 -0.0047 -0.30708
0.0785 -0.00349 -0.3073
0.08055 -0.00228 -0.30751
0.08259 -0.00107 -0.30769
0.08464 0.00016 -0.30785
0.08668 0.00138 -0.30796
0.08872 0.00262 -0.30804
0.09076 0.00385 -0.30806
0.09279 0.00509 -0.30803
0.00993 -0.04374 -0.30352
0.01073 -0.04124 -0.30426
0.01195 -0.04285 -0.30361
0.01398 -0.04196 -0.3037
0.016 -0.04107 -0.30379
0.01798 -0.04012 -0.30389
0.01995 -0.03917 -0.30397
0.02191 -0.0382 -0.30404
0.02388 -0.03722 -0.30408
0.02584 -0.03625 -0.3041
0.02781 -0.03527 -0.30409
0.02976 -0.03429 -0.30407
0.03172 -0.0333 -0.30402
0.03367 -0.0322 -0.30399
0.03562 -0.0311 -0.30394
0.03757 -0.02999 -0.30389
0.03952 -0.02889 -0.30383
0.04146 -0.02779 -0.30378
0.04341 -0.02669 -0.30372
0.04537 -0.02559 -0.30368
0.04732 -0.02449 -0.30366
0.0493 -0.02327 -0.30369
0.05127 -0.02206 -0.30374
0.05325 -0.02086 -0.30383
0.05523 -0.01966 -0.30396
0.05722 -0.01847 -0.30412
0.0592 -0.01729 -0.30431
0.06119 -0.01611 -0.30454
0.06318 -0.01494 -0.30478
0.06523 -0.01375 -0.30504
0.06727 -0.01256 -0.30532
0.06931 -0.01137 -0.30559
0.07135 -0.01019 -0.30587
0.0734 -0.009 -0.30615
0.07544 -0.00781 -0.30642
0.07748 -0.00661 -0.30669
0.07952 -0.00542 -0.30693
0.08157 -0.00421 -0.30716
0.08361 -0.003 -0.30736
0.08566 -0.00178 -0.30752
0.0877 -0.00056 -0.30765
0.08974 0.00067 -0.30773
0.09177 0.0019 -0.30777
0.09381 0.00314 -0.30776
0.00715 -0.04711 -0.30275
0.00791 -0.04463 -0.30343
0.00916 -0.04623 -0.30282
0.01117 -0.04535 -0.3029
0.01319 -0.04447 -0.30298
0.0152 -0.04359 -0.30306
0.01722 -0.04271 -0.30315
0.01918 -0.04176 -0.30325
0.02114 -0.04081 -0.30334
0.02309 -0.03986 -0.30342
0.02505 -0.0389 -0.30348
0.027 -0.03794 -0.30351
0.02896 -0.03697 -0.30352
0.0309 -0.036 -0.3035
0.03284 -0.03502 -0.30347
0.03479 -0.03393 -0.30345
0.03673 -0.03284 -0.30342
0.03867 -0.03175 -0.30337
0.04061 -0.03066 -0.30332
0.04256 -0.02956 -0.30326
0.0445 -0.02847 -0.3032
0.04644 -0.02738 -0.30315
0.04839 -0.02629 -0.30312
0.05035 -0.02507 -0.30313
0.05232 -0.02386 -0.30317
0.05429 -0.02267 -0.30324
0.05627 -0.02148 -0.30335
0.05825 -0.02029 -0.3035
0.06023 -0.01912 -0.30369
0.06221 -0.01795 -0.30392
0.0642 -0.01679 -0.30417
0.06624 -0.01561 -0.30446
0.06829 -0.01443 -0.30477
0.07033 -0.01325 -0.30508
0.07237 -0.01208 -0.30539
0.07442 -0.0109 -0.3057
0.07646 -0.00972 -0.306
0.0785 -0.00853 -0.30629
0.08054 -0.00735 -0.30656
0.08259 -0.00614 -0.3068
0.08464 -0.00494 -0.30701
0.08668 -0.00372 -0.3072
0.08873 -0.0025 -0.30734
0.09076 -0.00128 -0.30743
0.0928 -5e-05 -0.30748
0.09483 0.00119 -0.30748
0.09686 0.00243 -0.30743
0.0044 -0.05047 -0.30206
0.00514 -0.048 -0.3027
0.0064 -0.04959 -0.30211
0.0084 -0.04871 -0.30216
0.0104 -0.04784 -0.30223
0.01241 -0.04697 -0.3023
0.01442 -0.0461 -0.30237
0.01643 -0.04522 -0.30245
0.01843 -0.04435 -0.30254
0.02038 -0.04341 -0.30264
0.02233 -0.04247 -0.30274
0.02428 -0.04153 -0.30282
0.02622 -0.04058 -0.30288
0.02817 -0.03963 -0.30293
0.0301 -0.03867 -0.30295
0.03204 -0.03771 -0.30296
0.03397 -0.03675 -0.30294
0.03591 -0.03567 -0.30293
0.03784 -0.03459 -0.3029
0.03978 -0.03351 -0.30286
0.04171 -0.03243 -0.30281
0.04365 -0.03134 -0.30275
0.04558 -0.03026 -0.30269
0.04752 -0.02917 -0.30263
0.04945 -0.02808 -0.30258
0.05141 -0.02688 -0.30257
0.05337 -0.02567 -0.30259
0.05534 -0.02448 -0.30264
0.05731 -0.02329 -0.30273
0.05928 -0.02211 -0.30286
0.06125 -0.02094 -0.30304
0.06323 -0.01978 -0.30327
0.06521 -0.01864 -0.30354
0.06726 -0.01747 -0.30385
0.0693 -0.0163 -0.30418
0.07135 -0.01513 -0.30453
0.07339 -0.01396 -0.30488
0.07543 -0.0128 -0.30522
0.07748 -0.01163 -0.30555
0.07952 -0.01045 -0.30587
0.08156 -0.00927 -0.30617
0.08361 -0.00807 -0.30643
0.08566 -0.00687 -0.30666
0.08771 -0.00566 -0.30686
0.08975 -0.00444 -0.30702
0.09179 -0.00322 -0.30713
0.09382 -0.002 -0.30719
0.09586 -0.00076 -0.3072
0.09789 0.00047 -0.30716
0.00163 -0.05385 -0.30141
0.00239 -0.05136 -0.30202
0.00371 -0.05297 -0.30143
0.0057 -0.05209 -0.30148
0.00769 -0.05121 -0.30153
0.00968 -0.05034 -0.30159
0.01167 -0.04947 -0.30165
0.01367 -0.0486 -0.30172
0.01566 -0.04774 -0.30179
0.01766 -0.04687 -0.30187
0.01965 -0.04601 -0.30195
0.02159 -0.04507 -0.30206
0.02352 -0.04414 -0.30215
0.02546 -0.04321 -0.30224
0.02739 -0.04227 -0.30231
0.02932 -0.04133 -0.30237
0.03124 -0.04039 -0.30241
0.03317 -0.03944 -0.30242
0.03509 -0.03849 -0.30242
0.03702 -0.03742 -0.30242
0.03895 -0.03635 -0.3024
0.04088 -0.03528 -0.30237
0.0428 -0.0342 -0.30232
0.04473 -0.03313 -0.30226
0.04665 -0.03205 -0.30219
0.04858 -0.03097 -0.30212
0.0505 -0.02989 -0.30206
0.05246 -0.02869 -0.30203
0.05441 -0.02749 -0.30202
0.05637 -0.0263 -0.30204
0.05833 -0.02511 -0.30211
0.0603 -0.02394 -0.30222
0.06226 -0.02277 -0.30238
0.06424 -0.02162 -0.3026
0.06621 -0.02049 -0.30287
0.06825 -0.01932 -0.3032
0.0703 -0.01816 -0.30357
0.07234 -0.01701 -0.30395
0.07438 -0.01585 -0.30434
0.07643 -0.0147 -0.30472
0.07847 -0.01354 -0.30508
0.08051 -0.01238 -0.30543
0.08255 -0.0112 -0.30576
0.0846 -0.01001 -0.30605
0.08666 -0.00881 -0.3063
0.0887 -0.00761 -0.30652
0.09075 -0.00639 -0.30669
0.09279 -0.00517 -0.30682
0.09483 -0.00395 -0.3069
0.09687 -0.00272 -0.30692
0.0989 -0.00149 -0.30689
-0.00326 -0.05813 -0.30083
-0.00252 -0.05563 -0.30142
-0.00119 -0.05723 -0.30081
-0.00045 -0.05474 -0.30141
0.00088 -0.05634 -0.30081
0.00296 -0.05545 -0.30082
0.00503 -0.05458 -0.30085
0.00701 -0.05371 -0.30091
0.00898 -0.05284 -0.30097
0.01096 -0.05197 -0.30103
0.01294 -0.05111 -0.3011
0.01492 -0.05025 -0.30117
0.0169 -0.04939 -0.30124
0.01889 -0.04853 -0.30132
0.02087 -0.04767 -0.3014
0.02279 -0.04674 -0.3015
0.02471 -0.04582 -0.3016
0.02663 -0.04489 -0.30169
0.02855 -0.04397 -0.30177
0.03047 -0.04304 -0.30183
0.03238 -0.04211 -0.30188
0.0343 -0.04117 -0.3019
0.03621 -0.04023 -0.30191
0.03814 -0.03917 -0.30193
0.04005 -0.03812 -0.30191
0.04197 -0.03705 -0.30188
0.04389 -0.03599 -0.30184
0.04581 -0.03492 -0.30178
0.04772 -0.03385 -0.30171
0.04964 -0.03277 -0.30163
0.05155 -0.0317 -0.30155
0.0535 -0.03051 -0.3015
0.05545 -0.02931 -0.30147
0.0574 -0.02812 -0.30146
0.05936 -0.02694 -0.3015
0.06132 -0.02577 -0.30158
0.06328 -0.02461 -0.30172
0.06524 -0.02346 -0.30192
0.06721 -0.02234 -0.30219
0.06925 -0.02117 -0.30253
0.07129 -0.02002 -0.30292
0.07333 -0.01888 -0.30333
0.07538 -0.01774 -0.30376
0.07742 -0.0166 -0.30418
0.07947 -0.01545 -0.30458
0.08151 -0.01429 -0.30497
0.08355 -0.01313 -0.30532
0.0856 -0.01195 -0.30564
0.08765 -0.01075 -0.30592
0.0897 -0.00955 -0.30616
0.09175 -0.00834 -0.30636
0.09379 -0.00712 -0.3065
0.09583 -0.0059 -0.3066
0.09788 -0.00468 -0.30664
0.09991 -0.00345 -0.30662
0.10191 -0.00219 -0.30656
-0.00603 -0.06152 -0.30031
-0.00532 -0.05903 -0.30088
-0.00398 -0.06062 -0.30025
-0.00192 -0.05973 -0.30021
0.00014 -0.05883 -0.3002
0.00221 -0.05794 -0.30022
0.00428 -0.05707 -0.30025
0.00635 -0.05619 -0.30029
0.00831 -0.05533 -0.30036
0.01028 -0.05447 -0.30042
0.01224 -0.05361 -0.30049
0.01421 -0.05275 -0.30057
0.01618 -0.0519 -0.30064
0.01815 -0.05104 -0.30071
0.02012 -0.05019 -0.30079
0.02209 -0.04933 -0.30087
0.024 -0.04842 -0.30097
0.02591 -0.0475 -0.30107
0.02781 -0.04659 -0.30116
0.02972 -0.04567 -0.30124
0.03163 -0.04475 -0.30131
0.03353 -0.04383 -0.30137
0.03544 -0.0429 -0.3014
0.03734 -0.04197 -0.30142
0.03925 -0.04093 -0.30144
0.04116 -0.03988 -0.30144
0.04307 -0.03883 -0.30142
0.04498 -0.03777 -0.30137
0.04689 -0.03671 -0.30131
0.04879 -0.03564 -0.30124
0.0507 -0.03458 -0.30115
0.05261 -0.03352 -0.30106
0.05455 -0.03232 -0.30099
0.05649 -0.03113 -0.30094
0.05843 -0.02995 -0.30091
0.06038 -0.02877 -0.30091
0.06233 -0.0276 -0.30097
0.06429 -0.02645 -0.30108
0.06625 -0.0253 -0.30126
0.06821 -0.02418 -0.30151
0.07025 -0.02302 -0.30185
0.07229 -0.02188 -0.30225
0.07433 -0.02074 -0.30269
0.07637 -0.01962 -0.30315
0.07842 -0.01849 -0.30361
0.08046 -0.01735 -0.30406
0.0825 -0.01621 -0.30448
0.08454 -0.01505 -0.30487
0.0866 -0.01388 -0.30522
0.08865 -0.01269 -0.30552
0.0907 -0.01149 -0.30579
0.09275 -0.01028 -0.30601
0.0948 -0.00907 -0.30617
0.09684 -0.00786 -0.30628
0.09889 -0.00663 -0.30634
0.10093 -0.0054 -0.30634
0.10293 -0.00416 -0.30629
-0.00878 -0.06492 -0.29982
-0.00808 -0.06243 -0.3004
-0.00673 -0.06401 -0.29973
-0.00469 -0.06311 -0.29967
-0.00264 -0.06221 -0.29962
-0.00059 -0.06133 -0.2996
0.00147 -0.06044 -0.29961
0.00353 -0.05956 -0.29964
0.0056 -0.05868 -0.29968
0.00766 -0.05781 -0.29974
0.00962 -0.05696 -0.29982
0.01157 -0.05611 -0.29989
0.01353 -0.05526 -0.29997
0.01548 -0.05441 -0.30005
0.01744 -0.05356 -0.30013
0.0194 -0.05271 -0.3002
0.02136 -0.05185 -0.30028
0.02331 -0.051 -0.30036
0.02521 -0.05009 -0.30046
0.0271 -0.04919 -0.30056
0.029 -0.04828 -0.30065
0.03089 -0.04738 -0.30073
0.03279 -0.04647 -0.30081
0.03468 -0.04556 -0.30087
0.03657 -0.04464 -0.30091
0.03846 -0.04372 -0.30094
0.04036 -0.04268 -0.30097
0.04226 -0.04165 -0.30098
0.04417 -0.0406 -0.30096
0.04606 -0.03956 -0.30092
0.04796 -0.0385 -0.30086
0.04986 -0.03745 -0.30078
0.05176 -0.03639 -0.30069
0.05366 -0.03533 -0.30059
0.0556 -0.03415 -0.30051
0.05753 -0.03296 -0.30043
0.05947 -0.03178 -0.30038
0.06141 -0.03061 -0.30036
0.06335 -0.02945 -0.30039
0.0653 -0.0283 -0.30047
0.06725 -0.02716 -0.30062
0.06921 -0.02604 -0.30085
0.07125 -0.02488 -0.30119
0.07329 -0.02373 -0.30159
0.07533 -0.02261 -0.30204
0.07737 -0.02149 -0.30253
0.07941 -0.02037 -0.30302
0.08145 -0.01925 -0.3035
0.08349 -0.01811 -0.30396
0.08554 -0.01697 -0.30439
0.08759 -0.0158 -0.30477
0.08965 -0.01462 -0.30511
0.0917 -0.01343 -0.3054
0.09375 -0.01222 -0.30564
0.0958 -0.01102 -0.30582
0.09785 -0.00981 -0.30595
0.0999 -0.00859 -0.30602
0.10193 -0.00736 -0.30605
0.10394 -0.00612 -0.30601
0.10594 -0.00487 -0.30592
-0.0117 -0.06862 -0.29926
-0.01091 -0.06599 -0.29991
-0.00956 -0.06755 -0.29918
-0.00742 -0.06649 -0.29913
-0.00538 -0.06559 -0.29907
-0.00334 -0.06469 -0.29902
-0.00129 -0.06381 -0.299
0.00075 -0.06292 -0.299
0.00281 -0.06204 -0.29903
0.00487 -0.06116 -0.29907
0.00692 -0.06029 -0.29913
0.00898 -0.05942 -0.29921
0.01093 -0.05858 -0.29929
0.01287 -0.05774 -0.29938
0.01482 -0.0569 -0.29947
0.01676 -0.05605 -0.29955
0.01871 -0.05521 -0.29963
0.02065 -0.05436 -0.29971
0.0226 -0.05352 -0.29979
0.02454 -0.05267 -0.29987
0.02642 -0.05178 -0.29997
0.0283 -0.05088 -0.30006
0.03018 -0.04998 -0.30015
0.03207 -0.04909 -0.30024
0.03395 -0.04819 -0.30031
0.03583 -0.04728 -0.30038
0.03771 -0.04637 -0.30043
0.03958 -0.04546 -0.30047
0.04148 -0.04444 -0.3005
0.04337 -0.04341 -0.30052
0.04527 -0.04238 -0.30051
0.04716 -0.04134 -0.30047
0.04905 -0.0403 -0.30041
0.05094 -0.03925 -0.30034
0.05283 -0.0382 -0.30024
0.05472 -0.03715 -0.30013
0.05665 -0.03598 -0.30004
0.05857 -0.0348 -0.29995
0.0605 -0.03362 -0.29988
0.06244 -0.03246 -0.29984
0.06437 -0.0313 -0.29984
0.06632 -0.03015 -0.2999
0.06826 -0.02901 -0.30003
0.07021 -0.0279 -0.30024
0.07225 -0.02673 -0.30055
0.07429 -0.02559 -0.30095
0.07633 -0.02447 -0.30141
0.07837 -0.02336 -0.30191
0.08041 -0.02225 -0.30243
0.08244 -0.02114 -0.30294
0.08449 -0.02002 -0.30343
0.08653 -0.01888 -0.30389
0.08859 -0.01772 -0.30431
0.09064 -0.01655 -0.30468
0.0927 -0.01537 -0.30499
0.09476 -0.01417 -0.30525
0.09681 -0.01297 -0.30546
0.09886 -0.01176 -0.30561
0.1009 -0.01054 -0.3057
0.10295 -0.00931 -0.30574
0.10495 -0.00808 -0.30572
0.10695 -0.00684 -0.30564
-0.01463 -0.07229 -0.29862
-0.01383 -0.06969 -0.29936
-0.01249 -0.07122 -0.29855
-0.01035 -0.07017 -0.29849
-0.00821 -0.06911 -0.29846
-0.00607 -0.06806 -0.29844
-0.00403 -0.06716 -0.2984
-0.00199 -0.06628 -0.29838
5e-05 -0.0654 -0.29839
0.00209 -0.06453 -0.29841
0.00415 -0.06365 -0.29845
0.0062 -0.06277 -0.29852
0.00825 -0.06191 -0.2986
0.0103 -0.06105 -0.29868
0.01224 -0.06021 -0.29878
0.01417 -0.05938 -0.29888
0.01611 -0.05854 -0.29897
0.01804 -0.05771 -0.29906
0.01997 -0.05687 -0.29915
0.0219 -0.05603 -0.29924
0.02384 -0.05519 -0.29932
0.02577 -0.05435 -0.2994
0.02764 -0.05346 -0.29949
0.0295 -0.05258 -0.29958
0.03137 -0.05169 -0.29967
0.03324 -0.0508 -0.29975
0.03511 -0.0499 -0.29983
0.03697 -0.04901 -0.2999
0.03884 -0.04811 -0.29996
0.0407 -0.04721 -0.3
0.04259 -0.04619 -0.30004
0.04448 -0.04518 -0.30006
0.04637 -0.04415 -0.30005
0.04825 -0.04313 -0.30002
0.05014 -0.04209 -0.29997
0.05201 -0.04105 -0.2999
0.05389 -0.04002 -0.2998
0.05577 -0.03897 -0.29969
0.0577 -0.03781 -0.29959
0.05962 -0.03664 -0.29948
0.06154 -0.03547 -0.2994
0.06347 -0.03431 -0.29934
0.0654 -0.03316 -0.29933
0.06734 -0.03201 -0.29937
0.06927 -0.03089 -0.29948
0.07121 -0.02978 -0.29967
0.07325 -0.02861 -0.29997
0.07529 -0.02747 -0.30035
0.07733 -0.02635 -0.30081
0.07937 -0.02524 -0.30132
0.08141 -0.02414 -0.30185
0.08344 -0.02303 -0.30239
0.08548 -0.02192 -0.3029
0.08752 -0.0208 -0.30339
0.08958 -0.01965 -0.30383
0.09164 -0.01848 -0.30423
0.0937 -0.0173 -0.30458
0.09576 -0.01611 -0.30485
0.09781 -0.01492 -0.30507
0.09986 -0.01371 -0.30524
0.10191 -0.0125 -0.30535
0.10395 -0.01127 -0.30541
0.10596 -0.01004 -0.3054
0.10796 -0.0088 -0.30534
-0.01966 -0.07698 -0.29802
-0.01889 -0.07443 -0.29882
-0.01754 -0.07592 -0.29792
-0.01676 -0.07335 -0.29871
-0.01541 -0.07486 -0.29784
-0.01328 -0.07381 -0.29778
-0.01114 -0.07276 -0.29775
-0.009 -0.07171 -0.29773
-0.00686 -0.07067 -0.29773
-0.00471 -0.06963 -0.29774
-0.00268 -0.06875 -0.29774
-0.00064 -0.06787 -0.29775
0.0014 -0.067 -0.29778
0.00344 -0.06613 -0.29783
0.00548 -0.06526 -0.2979
0.00753 -0.06439 -0.29798
0.00958 -0.06353 -0.29807
0.01163 -0.06267 -0.29818
0.01355 -0.06185 -0.29828
0.01547 -0.06102 -0.29839
0.01739 -0.06019 -0.29849
0.01932 -0.05936 -0.29859
0.02124 -0.05853 -0.29868
0.02316 -0.0577 -0.29877
0.02508 -0.05687 -0.29885
0.027 -0.05603 -0.29893
0.02885 -0.05515 -0.29902
0.03071 -0.05428 -0.29911
0.03256 -0.05339 -0.29919
0.03442 -0.05251 -0.29928
0.03627 -0.05162 -0.29935
0.03812 -0.05074 -0.29942
0.03997 -0.04985 -0.29948
0.04182 -0.04896 -0.29952
0.04371 -0.04796 -0.29957
0.04559 -0.04695 -0.29959
0.04747 -0.04593 -0.2996
0.04934 -0.04492 -0.29958
0.05122 -0.04389 -0.29953
0.05309 -0.04287 -0.29946
0.05496 -0.04184 -0.29937
0.05683 -0.0408 -0.29926
0.05875 -0.03964 -0.29915
0.06066 -0.03848 -0.29905
0.06258 -0.03733 -0.29896
0.0645 -0.03617 -0.29889
0.06643 -0.03503 -0.29886
0.06836 -0.03389 -0.29889
0.07029 -0.03277 -0.29898
0.07222 -0.03167 -0.29915
0.07425 -0.0305 -0.29943
0.07629 -0.02936 -0.2998
0.07833 -0.02824 -0.30026
0.08037 -0.02713 -0.30076
0.0824 -0.02603 -0.3013
0.08444 -0.02493 -0.30185
0.08647 -0.02382 -0.30239
0.08851 -0.02271 -0.30289
0.09057 -0.02157 -0.30336
0.09263 -0.02041 -0.30379
0.0947 -0.01924 -0.30415
0.09676 -0.01805 -0.30445
0.09881 -0.01686 -0.30468
0.10087 -0.01565 -0.30486
0.10292 -0.01444 -0.30499
0.10496 -0.01322 -0.30505
0.10697 -0.01199 -0.30506
0.10897 -0.01076 -0.30502
0.11096 -0.00952 -0.30494
-0.02258 -0.08088 -0.29732
-0.02178 -0.07806 -0.29815
-0.02042 -0.07956 -0.29724
-0.01831 -0.07849 -0.29713
-0.01619 -0.07743 -0.29705
-0.01406 -0.07638 -0.29699
-0.01193 -0.07534 -0.29697
-0.00979 -0.0743 -0.29697
-0.00765 -0.07327 -0.29699
-0.0055 -0.07224 -0.29701
-0.00336 -0.07121 -0.29706
-0.00132 -0.07034 -0.29708
0.00071 -0.06946 -0.29713
0.00275 -0.0686 -0.29718
0.00478 -0.06773 -0.29726
0.00682 -0.06687 -0.29735
0.00886 -0.06601 -0.29746
0.01091 -0.06516 -0.29757
0.01295 -0.0643 -0.29768
0.01486 -0.06349 -0.2978
0.01677 -0.06267 -0.29791
0.01868 -0.06185 -0.29802
0.02059 -0.06103 -0.29813
0.0225 -0.0602 -0.29822
0.02441 -0.05938 -0.29831
0.02632 -0.05855 -0.29839
0.02822 -0.05772 -0.29847
0.03007 -0.05685 -0.29856
0.03191 -0.05598 -0.29864
0.03375 -0.0551 -0.29873
0.03559 -0.05423 -0.2988
0.03743 -0.05335 -0.29888
0.03927 -0.05247 -0.29894
0.04111 -0.05159 -0.299
0.04294 -0.05071 -0.29905
0.04482 -0.04971 -0.2991
0.04669 -0.04872 -0.29913
0.04857 -0.04771 -0.29914
0.05043 -0.04671 -0.29912
0.05231 -0.04569 -0.29909
0.05417 -0.04468 -0.29902
0.05603 -0.04366 -0.29894
0.05789 -0.04263 -0.29883
0.0598 -0.04148 -0.29873
0.06171 -0.04033 -0.29863
0.06362 -0.03918 -0.29853
0.06554 -0.03804 -0.29846
0.06746 -0.0369 -0.29843
0.06938 -0.03577 -0.29844
0.0713 -0.03466 -0.29853
0.07323 -0.03357 -0.29868
0.07526 -0.0324 -0.29893
0.07729 -0.03126 -0.29929
0.07933 -0.03014 -0.29974
0.08136 -0.02903 -0.30024
0.0834 -0.02793 -0.30078
0.08543 -0.02683 -0.30133
0.08747 -0.02573 -0.30188
0.08951 -0.02463 -0.30241
0.09157 -0.02349 -0.3029
0.09363 -0.02234 -0.30334
0.09569 -0.02117 -0.30373
0.09776 -0.01998 -0.30404
0.09982 -0.01879 -0.30428
0.10187 -0.01759 -0.30448
0.10392 -0.01639 -0.30461
0.10597 -0.01517 -0.30469
0.10798 -0.01395 -0.30471
0.10998 -0.01272 -0.30469
0.11197 -0.01148 -0.30462
-0.02472 -0.08221 -0.29744
-0.02341 -0.08391 -0.29654
-0.02126 -0.08257 -0.29642
-0.0191 -0.08125 -0.29634
-0.01699 -0.08018 -0.29624
-0.01487 -0.07913 -0.29617
-0.01274 -0.07809 -0.29614
-0.0106 -0.07705 -0.29613
-0.00846 -0.07602 -0.29616
-0.00632 -0.07499 -0.29621
-0.00418 -0.07397 -0.29627
-0.00203 -0.07295 -0.29634
0.0 -0.07208 -0.2964
0.00203 -0.07122 -0.29647
0.00406 -0.07036 -0.29656
0.00609 -0.0695 -0.29666
0.00813 -0.06865 -0.29678
0.01016 -0.0678 -0.29691
0.0122 -0.06695 -0.29704
0.01424 -0.0661 -0.29717
0.01614 -0.06528 -0.2973
0.01804 -0.06446 -0.29742
0.01994 -0.06365 -0.29754
0.02185 -0.06282 -0.29765
0.02375 -0.062 -0.29775
0.02565 -0.06118 -0.29784
0.02755 -0.06035 -0.29792
0.02945 -0.05952 -0.298
0.03129 -0.05865 -0.29809
0.03312 -0.05778 -0.29817
0.03495 -0.05691 -0.29824
0.03679 -0.05604 -0.29831
0.03862 -0.05516 -0.29838
0.04045 -0.05429 -0.29844
0.04228 -0.05341 -0.2985
0.0441 -0.05253 -0.29855
0.04597 -0.05154 -0.2986
0.04784 -0.05055 -0.29864
0.0497 -0.04956 -0.29866
0.05156 -0.04856 -0.29865
0.05343 -0.04756 -0.29862
0.05528 -0.04655 -0.29857
0.05714 -0.04554 -0.29849
0.05899 -0.04453 -0.2984
0.0609 -0.04339 -0.2983
0.06281 -0.04225 -0.29821
0.06471 -0.04111 -0.29812
0.06662 -0.03998 -0.29804
0.06854 -0.03885 -0.298
0.07045 -0.03773 -0.29801
0.07237 -0.03662 -0.29809
0.07429 -0.03553 -0.29823
0.07632 -0.03437 -0.29846
0.07834 -0.03322 -0.29881
0.08037 -0.0321 -0.29924
0.0824 -0.03099 -0.29973
0.08442 -0.02989 -0.30026
0.08645 -0.0288 -0.30082
0.08848 -0.02771 -0.30138
0.09051 -0.02661 -0.30191
0.09256 -0.02547 -0.30243
0.09462 -0.02433 -0.30289
0.09668 -0.02316 -0.30328
0.09875 -0.02198 -0.30361
0.1008 -0.02079 -0.30387
0.10286 -0.01959 -0.30407
0.10491 -0.01839 -0.30421
0.10696 -0.01717 -0.3043
0.10896 -0.01595 -0.30434
0.11096 -0.01472 -0.30433
0.11296 -0.01349 -0.30427
0.11495 -0.01226 -0.30417
-0.02209 -0.08562 -0.2957
-0.01994 -0.08428 -0.29557
-0.01777 -0.08296 -0.2955
-0.01566 -0.0819 -0.2954
-0.01354 -0.08085 -0.29534
-0.01141 -0.07981 -0.29532
-0.00927 -0.07878 -0.29534
-0.00713 -0.07775 -0.29539
-0.00499 -0.07673 -0.29546
-0.00285 -0.07571 -0.29554
-0.0007 -0.0747 -0.29565
0.00132 -0.07384 -0.29574
0.00335 -0.07298 -0.29584
0.00538 -0.07213 -0.29596
0.0074 -0.07128 -0.29609
0.00943 -0.07043 -0.29623
0.01146 -0.06958 -0.29638
0.01349 -0.06874 -0.29653
0.01552 -0.0679 -0.29667
0.01742 -0.06708 -0.29681
0.01931 -0.06626 -0.29694
0.02121 -0.06545 -0.29706
0.0231 -0.06463 -0.29718
0.025 -0.0638 -0.29728
0.02689 -0.06298 -0.29738
0.02879 -0.06215 -0.29746
0.03068 -0.06133 -0.29754
0.03251 -0.06046 -0.29762
0.03433 -0.05959 -0.2977
0.03616 -0.05872 -0.29776
0.03798 -0.05785 -0.29783
0.0398 -0.05698 -0.29789
0.04162 -0.05611 -0.29795
0.04344 -0.05523 -0.298
0.04526 -0.05435 -0.29804
0.04712 -0.05337 -0.2981
0.04898 -0.05239 -0.29814
0.05084 -0.0514 -0.29816
0.05269 -0.05042 -0.29816
0.05455 -0.04942 -0.29815
0.05639 -0.04843 -0.29811
0.05824 -0.04743 -0.29804
0.06009 -0.04642 -0.29796
0.062 -0.04529 -0.29788
0.0639 -0.04416 -0.29779
0.06581 -0.04304 -0.29771
0.06771 -0.04192 -0.29764
0.06962 -0.0408 -0.2976
0.07153 -0.03969 -0.29761
0.07344 -0.03859 -0.29768
0.07536 -0.0375 -0.29781
0.07738 -0.03634 -0.29803
0.07939 -0.0352 -0.29836
0.08141 -0.03407 -0.29877
0.08343 -0.03296 -0.29925
0.08545 -0.03187 -0.29978
0.08747 -0.03078 -0.30033
0.08949 -0.02969 -0.30089
0.09151 -0.0286 -0.30143
0.09356 -0.02746 -0.30196
0.09562 -0.02631 -0.30243
0.09768 -0.02515 -0.30284
0.09974 -0.02397 -0.30318
0.10179 -0.02279 -0.30345
0.10384 -0.02159 -0.30366
0.10589 -0.02039 -0.30381
0.10794 -0.01917 -0.30391
0.10995 -0.01795 -0.30395
0.11194 -0.01673 -0.30395
0.11395 -0.0155 -0.30391
0.11594 -0.01426 -0.30382
-0.02076 -0.08735 -0.29491
-0.0186 -0.08601 -0.29479
-0.01643 -0.08468 -0.29472
-0.01432 -0.08363 -0.29463
-0.0122 -0.08258 -0.29458
-0.01007 -0.08154 -0.29457
-0.00794 -0.08051 -0.2946
-0.0058 -0.07949 -0.29466
-0.00366 -0.07847 -0.29475
-0.00151 -0.07746 -0.29486
0.00063 -0.07645 -0.29499
0.00265 -0.0756 -0.2951
0.00467 -0.07475 -0.29523
0.00669 -0.0739 -0.29537
0.00872 -0.07306 -0.29553
0.01074 -0.07222 -0.29569
0.01276 -0.07137 -0.29586
0.01478 -0.07053 -0.29602
0.0168 -0.06969 -0.29618
0.01869 -0.06888 -0.29633
0.02058 -0.06806 -0.29647
0.02247 -0.06725 -0.2966
0.02436 -0.06643 -0.29672
0.02624 -0.06561 -0.29683
0.02813 -0.06479 -0.29692
0.03002 -0.06396 -0.29701
0.03191 -0.06314 -0.29708
0.03372 -0.06227 -0.29716
0.03554 -0.0614 -0.29723
0.03736 -0.06053 -0.29729
0.03917 -0.05966 -0.29735
0.04098 -0.05879 -0.2974
0.0428 -0.05792 -0.29745
0.04461 -0.05705 -0.29749
0.04642 -0.05617 -0.29753
0.04827 -0.0552 -0.29759
0.05012 -0.05422 -0.29763
0.05197 -0.05325 -0.29766
0.05382 -0.05227 -0.29767
0.05567 -0.05129 -0.29766
0.05751 -0.0503 -0.29763
0.05935 -0.04931 -0.29758
0.06119 -0.04831 -0.29752
0.06309 -0.0472 -0.29745
0.06499 -0.04608 -0.29738
0.06689 -0.04497 -0.29731
0.06879 -0.04386 -0.29725
0.0707 -0.04275 -0.29722
0.0726 -0.04165 -0.29723
0.07451 -0.04056 -0.29729
0.07642 -0.03948 -0.29741
0.07843 -0.03832 -0.29763
0.08044 -0.03718 -0.29793
0.08245 -0.03605 -0.29833
0.08446 -0.03495 -0.29879
0.08647 -0.03385 -0.29931
0.08849 -0.03276 -0.29986
0.0905 -0.03167 -0.30042
0.09251 -0.03058 -0.30096
0.09456 -0.02945 -0.3015
0.09662 -0.0283 -0.30198
0.09867 -0.02714 -0.3024
0.10073 -0.02596 -0.30275
0.10278 -0.02478 -0.30304
0.10483 -0.02359 -0.30325
0.10688 -0.02238 -0.30341
0.10892 -0.02117 -0.30351
0.11093 -0.01995 -0.30356
0.11293 -0.01873 -0.30357
0.11494 -0.01751 -0.30353
0.11693 -0.01627 -0.30345
-0.01941 -0.08909 -0.29417
-0.01725 -0.08775 -0.29405
-0.01508 -0.08643 -0.29399
-0.01297 -0.08537 -0.29391
-0.01085 -0.08433 -0.29387
-0.00872 -0.08329 -0.29388
-0.00659 -0.08227 -0.29391
-0.00446 -0.08124 -0.29399
-0.00232 -0.08023 -0.29409
-0.00018 -0.07922 -0.29422
0.00197 -0.07822 -0.29436
0.00398 -0.07737 -0.2945
0.006 -0.07652 -0.29465
0.00801 -0.07568 -0.29481
0.01003 -0.07484 -0.29498
0.01205 -0.074 -0.29516
0.01406 -0.07316 -0.29535
0.01607 -0.07233 -0.29553
0.01808 -0.07149 -0.2957
0.01997 -0.07068 -0.29585
0.02185 -0.06987 -0.296
0.02373 -0.06905 -0.29614
0.02561 -0.06824 -0.29626
0.02749 -0.06742 -0.29637
0.02937 -0.0666 -0.29647
0.03125 -0.06577 -0.29656
0.03313 -0.06495 -0.29663
0.03494 -0.06408 -0.29671
0.03675 -0.06322 -0.29677
0.03856 -0.06235 -0.29682
0.04036 -0.06148 -0.29687
0.04217 -0.06061 -0.29691
0.04397 -0.05973 -0.29695
0.04578 -0.05887 -0.29699
0.04758 -0.05799 -0.29702
0.04942 -0.05703 -0.29707
0.05126 -0.05606 -0.29711
0.0531 -0.05509 -0.29714
0.05494 -0.05413 -0.29716
0.05678 -0.05315 -0.29716
0.05862 -0.05217 -0.29715
0.06046 -0.05119 -0.29711
0.06229 -0.0502 -0.29707
0.06419 -0.0491 -0.29702
0.06608 -0.048 -0.29697
0.06798 -0.0469 -0.29691
0.06988 -0.0458 -0.29687
0.07178 -0.04471 -0.29685
0.07368 -0.04362 -0.29686
0.07558 -0.04254 -0.29692
0.07749 -0.04147 -0.29704
0.07949 -0.0403 -0.29724
0.08149 -0.03916 -0.29753
0.08349 -0.03804 -0.29791
0.08549 -0.03694 -0.29836
0.0875 -0.03583 -0.29886
0.0895 -0.03474 -0.2994
0.0915 -0.03366 -0.29995
0.09351 -0.03257 -0.3005
0.09556 -0.03144 -0.30103
0.09762 -0.03029 -0.30153
0.09967 -0.02913 -0.30196
0.10173 -0.02795 -0.30232
0.10377 -0.02677 -0.30261
0.10582 -0.02558 -0.30284
0.10786 -0.02438 -0.30301
0.1099 -0.02316 -0.30311
0.11192 -0.02195 -0.30316
0.11392 -0.02074 -0.30317
0.11593 -0.01951 -0.30315
0.11792 -0.01828 -0.30308
0.11992 -0.01705 -0.30298
-0.01806 -0.09084 -0.29349
-0.01589 -0.08951 -0.29338
-0.01372 -0.08819 -0.29332
-0.01161 -0.08713 -0.29326
-0.00949 -0.08609 -0.29323
-0.00736 -0.08505 -0.29325
-0.00523 -0.08403 -0.29329
-0.0031 -0.08301 -0.29337
-0.00097 -0.08199 -0.29348
0.00117 -0.08099 -0.29362
0.00331 -0.07999 -0.29378
0.00532 -0.07914 -0.29393
0.00733 -0.0783 -0.29409
0.00934 -0.07746 -0.29427
0.01135 -0.07663 -0.29446
0.01335 -0.07579 -0.29465
0.01536 -0.07496 -0.29484
0.01737 -0.07412 -0.29503
0.01937 -0.07328 -0.29521
0.02125 -0.07248 -0.29538
0.02312 -0.07167 -0.29553
0.025 -0.07085 -0.29567
0.02687 -0.07004 -0.2958
0.02874 -0.06922 -0.29592
0.03062 -0.0684 -0.29602
0.03249 -0.06758 -0.29611
0.03436 -0.06676 -0.29618
0.03616 -0.06589 -0.29625
0.03796 -0.06503 -0.29631
0.03976 -0.06416 -0.29636
0.04156 -0.06329 -0.29639
0.04335 -0.06242 -0.29643
0.04515 -0.06155 -0.29646
0.04694 -0.06068 -0.29648
0.04874 -0.05981 -0.29651
0.05058 -0.05885 -0.29655
0.05241 -0.05789 -0.29659
0.05424 -0.05693 -0.29662
0.05607 -0.05597 -0.29664
0.0579 -0.05501 -0.29665
0.05973 -0.05404 -0.29665
0.06156 -0.05306 -0.29663
0.06339 -0.05209 -0.2966
0.06528 -0.051 -0.29658
0.06718 -0.04992 -0.29654
0.06907 -0.04883 -0.29651
0.07097 -0.04774 -0.29649
0.07286 -0.04666 -0.29648
0.07475 -0.04558 -0.2965
0.07666 -0.04451 -0.29656
0.07856 -0.04345 -0.29667
0.08055 -0.04229 -0.29686
0.08255 -0.04115 -0.29714
0.08454 -0.04002 -0.29751
0.08653 -0.03892 -0.29794
0.08853 -0.03782 -0.29842
0.09052 -0.03673 -0.29895
0.09251 -0.03564 -0.29949
0.09451 -0.03455 -0.30003
0.09656 -0.03342 -0.30057
0.09861 -0.03228 -0.30107
0.10066 -0.03112 -0.30151
0.10272 -0.02995 -0.30188
0.10476 -0.02877 -0.30218
0.10681 -0.02758 -0.30242
0.10885 -0.02637 -0.3026
0.11089 -0.02516 -0.3027
0.1129 -0.02395 -0.30276
0.11491 -0.02273 -0.30277
0.11691 -0.02151 -0.30276
0.11891 -0.02029 -0.3027
0.12091 -0.01906 -0.30261
-0.01452 -0.09128 -0.29277
-0.01234 -0.08997 -0.29272
-0.01023 -0.08891 -0.29267
-0.00812 -0.08787 -0.29266
-0.006 -0.08683 -0.29267
-0.00387 -0.08581 -0.29273
-0.00174 -0.08479 -0.29281
0.00039 -0.08378 -0.29293
0.00252 -0.08277 -0.29307
0.00466 -0.08178 -0.29324
0.00666 -0.08093 -0.2934
0.00866 -0.08009 -0.29357
0.01066 -0.07926 -0.29376
0.01266 -0.07842 -0.29395
0.01466 -0.07759 -0.29415
0.01666 -0.07675 -0.29434
0.01866 -0.07592 -0.29454
0.02066 -0.07508 -0.29472
0.02253 -0.07427 -0.29489
0.02439 -0.07347 -0.29505
0.02626 -0.07265 -0.2952
0.02813 -0.07184 -0.29534
0.03 -0.07102 -0.29546
0.03186 -0.07021 -0.29556
0.03372 -0.06939 -0.29565
0.03558 -0.06857 -0.29572
0.03738 -0.0677 -0.29579
0.03917 -0.06684 -0.29585
0.04096 -0.06597 -0.29589
0.04275 -0.06511 -0.29592
0.04454 -0.06424 -0.29594
0.04632 -0.06336 -0.29596
0.04811 -0.06249 -0.29598
0.0499 -0.06163 -0.29599
0.05173 -0.06067 -0.29602
0.05355 -0.05972 -0.29606
0.05537 -0.05877 -0.29609
0.05719 -0.05782 -0.29611
0.05902 -0.05686 -0.29613
0.06084 -0.0559 -0.29614
0.06266 -0.05494 -0.29614
0.06448 -0.05397 -0.29613
0.06638 -0.0529 -0.29613
0.06827 -0.05183 -0.29612
0.07016 -0.05076 -0.29611
0.07205 -0.04968 -0.2961
0.07394 -0.04861 -0.29611
0.07583 -0.04755 -0.29614
0.07773 -0.04648 -0.2962
0.07963 -0.04543 -0.29631
0.08162 -0.04427 -0.2965
0.0836 -0.04313 -0.29676
0.08559 -0.04201 -0.29711
0.08757 -0.0409 -0.29752
0.08956 -0.0398 -0.29799
0.09154 -0.03871 -0.2985
0.09352 -0.03762 -0.29903
0.09551 -0.03654 -0.29957
0.09756 -0.03541 -0.30011
0.09961 -0.03427 -0.30061
0.10166 -0.03312 -0.30105
0.10371 -0.03194 -0.30143
0.10575 -0.03077 -0.30174
0.10779 -0.02957 -0.30199
0.10983 -0.02837 -0.30217
0.11187 -0.02715 -0.30229
0.11388 -0.02594 -0.30235
0.11589 -0.02473 -0.30237
0.11789 -0.02351 -0.30236
0.11989 -0.02229 -0.30231
0.12189 -0.02106 -0.30224
0.12389 -0.01983 -0.30213
-0.01314 -0.09307 -0.29222
-0.01096 -0.09175 -0.29218
-0.00885 -0.0907 -0.29214
-0.00674 -0.08966 -0.29213
-0.00462 -0.08863 -0.29216
-0.0025 -0.0876 -0.29222
-0.00038 -0.08658 -0.29231
0.00175 -0.08557 -0.29242
0.00388 -0.08457 -0.29257
0.00601 -0.08357 -0.29274
0.008 -0.08273 -0.2929
0.00999 -0.08189 -0.29308
0.01198 -0.08105 -0.29327
0.01397 -0.08022 -0.29346
0.01597 -0.07938 -0.29366
0.01796 -0.07855 -0.29386
0.01995 -0.07771 -0.29405
0.02195 -0.07687 -0.29423
0.02381 -0.07607 -0.29441
0.02567 -0.07526 -0.29456
0.02753 -0.07445 -0.29472
0.02939 -0.07364 -0.29485
0.03124 -0.07283 -0.29498
0.0331 -0.07201 -0.29508
0.03496 -0.07119 -0.29518
0.03681 -0.07037 -0.29525
0.0386 -0.06951 -0.29532
0.04038 -0.06865 -0.29538
0.04216 -0.06779 -0.29542
0.04394 -0.06692 -0.29544
0.04572 -0.06605 -0.29546
0.0475 -0.06519 -0.29546
0.04928 -0.06431 -0.29547
0.05106 -0.06344 -0.29548
0.05287 -0.0625 -0.2955
0.05469 -0.06155 -0.29553
0.0565 -0.06061 -0.29555
0.05832 -0.05966 -0.29558
0.06013 -0.05871 -0.2956
0.06195 -0.05776 -0.29562
0.06377 -0.05681 -0.29564
0.06558 -0.05586 -0.29565
0.06747 -0.05481 -0.29567
0.06936 -0.05375 -0.29569
0.07125 -0.05268 -0.2957
0.07313 -0.05162 -0.29572
0.07502 -0.05057 -0.29574
0.07691 -0.04951 -0.29578
0.0788 -0.04846 -0.29586
0.08069 -0.04742 -0.29597
0.08268 -0.04626 -0.29614
0.08466 -0.04512 -0.29639
0.08663 -0.044 -0.29672
0.08861 -0.04288 -0.29711
0.09058 -0.04178 -0.29756
0.09256 -0.0407 -0.29805
0.09454 -0.03961 -0.29857
0.09651 -0.03852 -0.2991
0.09856 -0.03739 -0.29963
0.1006 -0.03625 -0.30013
0.10265 -0.0351 -0.30058
0.1047 -0.03393 -0.30096
0.10674 -0.03275 -0.30129
0.10878 -0.03156 -0.30155
0.11082 -0.03036 -0.30174
0.11285 -0.02914 -0.30186
0.11486 -0.02794 -0.30193
0.11687 -0.02673 -0.30196
0.11888 -0.02551 -0.30195
0.12088 -0.02429 -0.30192
0.12288 -0.02307 -0.30185
0.12488 -0.02184 -0.30177
-0.01175 -0.09486 -0.29171
-0.00957 -0.09355 -0.29168
-0.00747 -0.0925 -0.29165
-0.00536 -0.09146 -0.29165
-0.00325 -0.09043 -0.29169
-0.00113 -0.08941 -0.29175
0.00099 -0.08839 -0.29184
0.00311 -0.08738 -0.29197
0.00523 -0.08638 -0.29211
0.00736 -0.08538 -0.29229
0.00934 -0.08453 -0.29245
0.01132 -0.08369 -0.29262
0.01331 -0.08286 -0.29281
0.01529 -0.08202 -0.293
0.01728 -0.08118 -0.29319
0.01926 -0.08034 -0.29338
0.02125 -0.0795 -0.29357
0.02323 -0.07866 -0.29375
0.02509 -0.07786 -0.29392
0.02694 -0.07706 -0.29407
0.02879 -0.07625 -0.29422
0.03064 -0.07544 -0.29436
0.03249 -0.07462 -0.29448
0.03434 -0.07381 -0.29459
0.03619 -0.07299 -0.29469
0.03803 -0.07217 -0.29476
0.03981 -0.07131 -0.29484
0.04159 -0.07046 -0.29489
0.04336 -0.0696 -0.29493
0.04513 -0.06874 -0.29495
0.0469 -0.06787 -0.29496
0.04867 -0.067 -0.29496
0.05044 -0.06613 -0.29496
0.05221 -0.06526 -0.29496
0.05402 -0.06432 -0.29497
0.05582 -0.06338 -0.29499
0.05763 -0.06244 -0.29502
0.05944 -0.0615 -0.29504
0.06125 -0.06056 -0.29508
0.06306 -0.05962 -0.29511
0.06487 -0.05869 -0.29514
0.06668 -0.05775 -0.29517
0.06857 -0.05671 -0.29522
0.07045 -0.05566 -0.29526
0.07234 -0.05461 -0.2953
0.07422 -0.05356 -0.29534
0.0761 -0.05252 -0.29539
0.07799 -0.05148 -0.29544
0.07987 -0.05044 -0.29552
0.08176 -0.04941 -0.29563
0.08374 -0.04826 -0.2958
0.08571 -0.04712 -0.29604
0.08768 -0.04599 -0.29634
0.08964 -0.04487 -0.29671
0.09161 -0.04377 -0.29713
0.09358 -0.04268 -0.2976
0.09555 -0.04159 -0.29811
0.09752 -0.04051 -0.29862
0.09956 -0.03937 -0.29914
0.1016 -0.03823 -0.29964
0.10364 -0.03708 -0.30009
0.10569 -0.03591 -0.30049
0.10772 -0.03474 -0.30082
0.10976 -0.03355 -0.30109
0.1118 -0.03235 -0.30129
0.11383 -0.03113 -0.30142
0.11584 -0.02993 -0.30149
0.11785 -0.02873 -0.30153
0.11986 -0.02751 -0.30154
0.12187 -0.02629 -0.30151
0.12387 -0.02507 -0.30146
0.12587 -0.02385 -0.3014
-0.01054 -0.09688 -0.29122
-0.00836 -0.09558 -0.2912
-0.00625 -0.09453 -0.29117
-0.00414 -0.09349 -0.29118
-0.00203 -0.09246 -0.29122
8e-05 -0.09144 -0.29129
0.0022 -0.09042 -0.29139
0.00432 -0.0894 -0.29151
0.00645 -0.0884 -0.29165
0.00857 -0.0874 -0.29182
0.01055 -0.08655 -0.29198
0.01253 -0.0857 -0.29215
0.01451 -0.08486 -0.29233
0.01649 -0.08401 -0.29251
0.01848 -0.08317 -0.2927
0.02046 -0.08233 -0.29288
0.02244 -0.08148 -0.29306
0.02443 -0.08063 -0.29323
0.02628 -0.07982 -0.29339
0.02813 -0.07901 -0.29354
0.02998 -0.0782 -0.29369
0.03183 -0.07738 -0.29382
0.03367 -0.07656 -0.29394
0.03552 -0.07574 -0.29405
0.03737 -0.07492 -0.29415
0.03921 -0.07409 -0.29423
0.04099 -0.07324 -0.2943
0.04277 -0.07238 -0.29436
0.04454 -0.07152 -0.2944
0.04631 -0.07066 -0.29442
0.04808 -0.06979 -0.29443
0.04984 -0.06892 -0.29443
0.05161 -0.06805 -0.29442
0.05338 -0.06718 -0.29441
0.05518 -0.06624 -0.29442
0.05698 -0.06531 -0.29444
0.05878 -0.06437 -0.29446
0.06059 -0.06344 -0.29449
0.06239 -0.0625 -0.29453
0.06419 -0.06157 -0.29458
0.066 -0.06064 -0.29463
0.0678 -0.05971 -0.29468
0.06969 -0.05868 -0.29475
0.07157 -0.05764 -0.29482
0.07345 -0.05661 -0.29489
0.07533 -0.05557 -0.29496
0.07722 -0.05454 -0.29502
0.0791 -0.05351 -0.2951
0.08098 -0.05248 -0.29519
0.08287 -0.05145 -0.2953
0.08483 -0.0503 -0.29547
0.0868 -0.04916 -0.29569
0.08876 -0.04804 -0.29597
0.09072 -0.04692 -0.29631
0.09268 -0.04581 -0.2967
0.09464 -0.04472 -0.29715
0.0966 -0.04363 -0.29763
0.09856 -0.04255 -0.29812
0.10059 -0.04141 -0.29864
0.10262 -0.04027 -0.29913
0.10466 -0.03912 -0.29958
0.10669 -0.03795 -0.29998
0.10872 -0.03678 -0.30032
0.11075 -0.03559 -0.3006
0.11278 -0.03439 -0.30081
0.11481 -0.03318 -0.30095
0.11682 -0.03198 -0.30104
0.11883 -0.03077 -0.30109
0.12084 -0.02956 -0.3011
0.12285 -0.02834 -0.30109
0.12485 -0.02712 -0.30106
0.12686 -0.0259 -0.30102
0.12886 -0.02468 -0.30095
-0.00714 -0.09761 -0.29075
-0.00503 -0.09657 -0.29073
-0.00292 -0.09553 -0.29074
-0.00081 -0.0945 -0.29079
0.0013 -0.09347 -0.29086
0.00342 -0.09245 -0.29096
0.00554 -0.09143 -0.29108
0.00766 -0.09042 -0.29122
0.00978 -0.08942 -0.29139
0.01176 -0.08857 -0.29154
0.01374 -0.08771 -0.2917
0.01572 -0.08686 -0.29188
0.0177 -0.08601 -0.29205
0.01968 -0.08516 -0.29223
0.02166 -0.08431 -0.29241
0.02364 -0.08346 -0.29258
0.02562 -0.0826 -0.29274
0.02747 -0.08179 -0.29289
0.02932 -0.08096 -0.29303
0.03117 -0.08014 -0.29316
0.03301 -0.07932 -0.29329
0.03486 -0.0785 -0.2934
0.0367 -0.07767 -0.29351
0.03855 -0.07685 -0.2936
0.04039 -0.07602 -0.29368
0.04217 -0.07516 -0.29376
0.04394 -0.07431 -0.29381
0.04571 -0.07345 -0.29385
0.04748 -0.07258 -0.29388
0.04925 -0.07171 -0.29389
0.05101 -0.07084 -0.29388
0.05278 -0.06997 -0.29388
0.05454 -0.0691 -0.29387
0.05634 -0.06817 -0.29387
0.05814 -0.06723 -0.29388
0.05993 -0.0663 -0.29391
0.06173 -0.06537 -0.29394
0.06353 -0.06444 -0.29399
0.06533 -0.06352 -0.29405
0.06713 -0.0626 -0.29413
0.06893 -0.06168 -0.2942
0.07081 -0.06065 -0.2943
0.07269 -0.05963 -0.2944
0.07457 -0.05861 -0.2945
0.07645 -0.05759 -0.29459
0.07833 -0.05656 -0.29468
0.08021 -0.05554 -0.29477
0.08209 -0.05452 -0.29487
0.08397 -0.0535 -0.29499
0.08593 -0.05235 -0.29515
0.08788 -0.05122 -0.29536
0.08984 -0.05009 -0.29561
0.09179 -0.04898 -0.29592
0.09375 -0.04786 -0.29628
0.0957 -0.04676 -0.2967
0.09765 -0.04567 -0.29716
0.0996 -0.04459 -0.29763
0.10162 -0.04345 -0.29812
0.10365 -0.0423 -0.2986
0.10567 -0.04115 -0.29905
0.1077 -0.03999 -0.29946
0.10972 -0.03882 -0.2998
0.11174 -0.03763 -0.30009
0.11376 -0.03643 -0.3003
0.11578 -0.03522 -0.30046
0.1178 -0.03402 -0.30057
0.11981 -0.03282 -0.30063
0.12182 -0.0316 -0.30066
0.12383 -0.03038 -0.30066
0.12584 -0.02917 -0.30065
0.12784 -0.02795 -0.30063
0.12985 -0.02674 -0.30059
-0.00592 -0.09965 -0.29032
-0.00381 -0.09861 -0.29031
-0.0017 -0.09757 -0.29033
0.00041 -0.09654 -0.29037
0.00252 -0.09551 -0.29045
0.00464 -0.09449 -0.29055
0.00676 -0.09347 -0.29067
0.00887 -0.09246 -0.29081
0.011 -0.09145 -0.29097
0.01297 -0.09059 -0.29112
0.01495 -0.08973 -0.29128
0.01693 -0.08887 -0.29145
0.01891 -0.08802 -0.29162
0.02089 -0.08716 -0.29179
0.02287 -0.0863 -0.29196
0.02484 -0.08544 -0.29212
0.02682 -0.08458 -0.29227
0.02867 -0.08375 -0.29241
0.03052 -0.08293 -0.29254
0.03236 -0.0821 -0.29266
0.0342 -0.08127 -0.29277
0.03604 -0.08044 -0.29288
0.03789 -0.07961 -0.29297
0.03973 -0.07878 -0.29306
0.04157 -0.07794 -0.29313
0.04334 -0.07709 -0.2932
0.04512 -0.07623 -0.29326
0.04688 -0.07537 -0.2933
0.04865 -0.0745 -0.29332
0.05042 -0.07363 -0.29334
0.05218 -0.07276 -0.29334
0.05395 -0.07189 -0.29333
0.05571 -0.07102 -0.29332
0.0575 -0.07009 -0.29332
0.05929 -0.06916 -0.29334
0.06109 -0.06824 -0.29337
0.06288 -0.06731 -0.29341
0.06467 -0.06639 -0.29348
0.06647 -0.06548 -0.29355
0.06826 -0.06456 -0.29364
0.07006 -0.06365 -0.29374
0.07194 -0.06263 -0.29387
0.07381 -0.06162 -0.294
0.07569 -0.06061 -0.29412
0.07757 -0.0596 -0.29424
0.07945 -0.05859 -0.29435
0.08132 -0.05758 -0.29446
0.0832 -0.05656 -0.29458
0.08508 -0.05555 -0.2947
0.08702 -0.05441 -0.29486
0.08897 -0.05328 -0.29505
0.09092 -0.05215 -0.29528
0.09286 -0.05103 -0.29556
0.09481 -0.04991 -0.29589
0.09676 -0.04881 -0.29627
0.0987 -0.04772 -0.29669
0.10064 -0.04663 -0.29713
0.10265 -0.04548 -0.29761
0.10467 -0.04433 -0.29807
0.10669 -0.04318 -0.29852
0.1087 -0.04202 -0.29892
0.11072 -0.04085 -0.29927
0.11273 -0.03966 -0.29956
0.11474 -0.03846 -0.29979
0.11676 -0.03725 -0.29997
0.11877 -0.03606 -0.30008
0.12079 -0.03486 -0.30016
0.1228 -0.03365 -0.30021
0.12481 -0.03243 -0.30023
0.12682 -0.03122 -0.30023
0.12883 -0.03001 -0.30023
0.13083 -0.02879 -0.30022
0.13284 -0.02758 -0.30019
-0.00469 -0.10169 -0.28992
-0.00259 -0.10065 -0.28991
-0.00048 -0.09961 -0.28993
0.00163 -0.09858 -0.28998
0.00374 -0.09755 -0.29005
0.00586 -0.09653 -0.29016
0.00797 -0.0955 -0.29028
0.01009 -0.09449 -0.29041
0.01221 -0.09348 -0.29057
0.01419 -0.09262 -0.29072
0.01616 -0.09175 -0.29087
0.01814 -0.09089 -0.29103
0.02011 -0.09002 -0.2912
0.02209 -0.08916 -0.29136
0.02407 -0.08829 -0.29152
0.02605 -0.08743 -0.29168
0.02802 -0.08655 -0.29182
0.02987 -0.08572 -0.29195
0.03171 -0.08489 -0.29206
0.03355 -0.08406 -0.29218
0.03539 -0.08322 -0.29228
0.03723 -0.08239 -0.29237
0.03907 -0.08155 -0.29246
0.04091 -0.08071 -0.29253
0.04275 -0.07987 -0.2926
0.04452 -0.07901 -0.29266
0.04629 -0.07815 -0.29271
0.04806 -0.07729 -0.29275
0.04982 -0.07642 -0.29278
0.05159 -0.07555 -0.29279
0.05335 -0.07468 -0.29279
0.05512 -0.07381 -0.29279
0.05688 -0.07294 -0.29278
0.05866 -0.07202 -0.29279
0.06045 -0.0711 -0.29281
0.06224 -0.07018 -0.29285
0.06403 -0.06926 -0.29291
0.06582 -0.06835 -0.29298
0.06761 -0.06744 -0.29308
0.0694 -0.06653 -0.29319
0.07119 -0.06562 -0.29331
0.07306 -0.06462 -0.29346
0.07494 -0.06362 -0.29361
0.07681 -0.06262 -0.29376
0.07869 -0.06162 -0.29391
0.08056 -0.06062 -0.29405
0.08244 -0.05962 -0.29418
0.08431 -0.05861 -0.29431
0.08618 -0.05761 -0.29444
0.08812 -0.05648 -0.29459
0.09006 -0.05535 -0.29477
0.092 -0.05421 -0.29497
0.09393 -0.05309 -0.29522
0.09587 -0.05197 -0.29551
0.09781 -0.05087 -0.29585
0.09974 -0.04976 -0.29624
0.10167 -0.04867 -0.29665
0.10368 -0.04752 -0.2971
0.10569 -0.04636 -0.29755
0.1077 -0.04521 -0.29797
0.10971 -0.04404 -0.29837
0.11171 -0.04287 -0.29872
0.11372 -0.04169 -0.29902
0.11573 -0.04049 -0.29926
0.11773 -0.03929 -0.29946
0.11975 -0.0381 -0.29959
0.12176 -0.0369 -0.29969
0.12378 -0.03569 -0.29975
0.12579 -0.03448 -0.29979
0.1278 -0.03327 -0.29982
0.12981 -0.03206 -0.29983
0.13182 -0.03085 -0.29984
0.13383 -0.02963 -0.29984
-0.00136 -0.1027 -0.28952
0.00075 -0.10166 -0.28955
0.00285 -0.10062 -0.2896
0.00496 -0.09959 -0.28967
0.00708 -0.09857 -0.28977
0.00919 -0.09754 -0.28989
0.01131 -0.09653 -0.29003
0.01343 -0.09552 -0.29018
0.0154 -0.09465 -0.29032
0.01737 -0.09377 -0.29047
0.01935 -0.0929 -0.29063
0.02132 -0.09203 -0.29079
0.0233 -0.09116 -0.29095
0.02528 -0.09029 -0.2911
0.02725 -0.08942 -0.29125
0.02922 -0.08854 -0.29138
0.03106 -0.0877 -0.2915
0.03291 -0.08686 -0.29161
0.03474 -0.08602 -0.29172
0.03658 -0.08518 -0.29181
0.03842 -0.08434 -0.29189
0.04026 -0.0835 -0.29197
0.04209 -0.08265 -0.29204
0.04393 -0.0818 -0.29209
0.0457 -0.08094 -0.29215
0.04746 -0.08008 -0.29219
0.04923 -0.07921 -0.29222
0.05099 -0.07835 -0.29225
0.05276 -0.07748 -0.29226
0.05452 -0.07661 -0.29226
0.05628 -0.07574 -0.29226
0.05805 -0.07487 -0.29226
0.05983 -0.07395 -0.29228
0.06161 -0.07303 -0.29231
0.06339 -0.07211 -0.29236
0.06518 -0.0712 -0.29243
0.06696 -0.0703 -0.29252
0.06875 -0.0694 -0.29263
0.07053 -0.0685 -0.29276
0.07232 -0.0676 -0.29291
0.07419 -0.06661 -0.29308
0.07606 -0.06562 -0.29326
0.07794 -0.06463 -0.29343
0.07981 -0.06365 -0.2936
0.08168 -0.06266 -0.29377
0.08355 -0.06166 -0.29392
0.08542 -0.06067 -0.29406
0.08729 -0.05967 -0.2942
0.08922 -0.05854 -0.29436
0.09115 -0.05741 -0.29452
0.09308 -0.05628 -0.2947
0.09501 -0.05515 -0.29492
0.09694 -0.05403 -0.29517
0.09887 -0.05292 -0.29547
0.10079 -0.05181 -0.29581
0.10271 -0.05071 -0.29618
0.10471 -0.04956 -0.2966
0.10672 -0.0484 -0.29702
0.10871 -0.04724 -0.29743
0.11071 -0.04607 -0.29782
0.11271 -0.0449 -0.29817
0.11471 -0.04372 -0.29848
0.11671 -0.04252 -0.29873
0.11871 -0.04132 -0.29894
0.12072 -0.04013 -0.29909
0.12274 -0.03894 -0.29921
0.12476 -0.03773 -0.29929
0.12677 -0.03653 -0.29935
0.12878 -0.03532 -0.2994
0.1308 -0.03411 -0.29944
0.13281 -0.0329 -0.29947
0.13482 -0.03169 -0.29949
0.13685 -0.03047 -0.2995
-0.00014 -0.10474 -0.28915
0.00197 -0.1037 -0.28917
0.00408 -0.10267 -0.28922
0.00618 -0.10163 -0.2893
0.0083 -0.10061 -0.2894
0.01041 -0.09958 -0.28951
0.01253 -0.09857 -0.28964
0.01464 -0.09755 -0.28979
0.01661 -0.09667 -0.28993
0.01858 -0.0958 -0.29008
0.02056 -0.09492 -0.29023
0.02253 -0.09405 -0.29039
0.02451 -0.09317 -0.29054
0.02648 -0.09229 -0.29069
0.02845 -0.09141 -0.29083
0.03042 -0.09053 -0.29096
0.03226 -0.08968 -0.29107
0.0341 -0.08884 -0.29118
0.03594 -0.08799 -0.29127
0.03777 -0.08714 -0.29136
0.03961 -0.08629 -0.29143
0.04144 -0.08544 -0.2915
0.04328 -0.08459 -0.29156
0.04511 -0.08374 -0.29161
0.04688 -0.08288 -0.29166
0.04864 -0.08201 -0.2917
0.05041 -0.08115 -0.29173
0.05217 -0.08028 -0.29174
0.05393 -0.07941 -0.29175
0.05569 -0.07854 -0.29176
0.05745 -0.07767 -0.29176
0.05922 -0.0768 -0.29177
0.06099 -0.07588 -0.29179
0.06277 -0.07497 -0.29183
0.06455 -0.07406 -0.2919
0.06633 -0.07316 -0.29198
0.06811 -0.07226 -0.29209
0.06989 -0.07137 -0.29222
0.07167 -0.07048 -0.29237
0.07345 -0.06959 -0.29253
0.07532 -0.06861 -0.29273
0.07719 -0.06763 -0.29293
0.07906 -0.06665 -0.29313
0.08092 -0.06568 -0.29332
0.08278 -0.0647 -0.29351
0.08465 -0.06371 -0.29369
0.08652 -0.06272 -0.29385
0.08839 -0.06174 -0.294
0.09031 -0.06061 -0.29415
0.09223 -0.05948 -0.2943
0.09416 -0.05835 -0.29446
0.09608 -0.05723 -0.29464
0.098 -0.0561 -0.29486
0.09992 -0.05498 -0.29512
0.10184 -0.05387 -0.29542
0.10375 -0.05276 -0.29575
0.10575 -0.0516 -0.29612
0.10774 -0.05044 -0.29651
0.10973 -0.04927 -0.2969
0.11172 -0.0481 -0.29727
0.11371 -0.04693 -0.29762
0.1157 -0.04574 -0.29793
0.11769 -0.04455 -0.2982
0.11968 -0.04335 -0.29842
0.1217 -0.04217 -0.29859
0.12372 -0.04098 -0.29873
0.12574 -0.03978 -0.29883
0.12775 -0.03857 -0.29891
0.12977 -0.03737 -0.29898
0.13178 -0.03616 -0.29904
0.1338 -0.03496 -0.29909
0.13581 -0.03375 -0.29914
0.13784 -0.03253 -0.29917
0.00109 -0.1068 -0.28878
0.0032 -0.10575 -0.28881
0.0053 -0.10471 -0.28886
0.00741 -0.10368 -0.28893
0.00952 -0.10265 -0.28903
0.01163 -0.10163 -0.28914
0.01374 -0.10061 -0.28926
0.01586 -0.09959 -0.2894
0.01783 -0.0987 -0.28954
0.0198 -0.09782 -0.28968
0.02177 -0.09694 -0.28983
0.02374 -0.09606 -0.28998
0.02571 -0.09517 -0.29013
0.02769 -0.09428 -0.29027
0.02965 -0.09339 -0.29041
0.03162 -0.09251 -0.29053
0.03346 -0.09166 -0.29064
0.0353 -0.09081 -0.29074
0.03713 -0.08996 -0.29083
0.03896 -0.08911 -0.29091
0.0408 -0.08825 -0.29099
0.04263 -0.0874 -0.29105
0.04446 -0.08654 -0.29111
0.0463 -0.08568 -0.29116
0.04806 -0.08482 -0.2912
0.04983 -0.08395 -0.29123
0.05159 -0.08309 -0.29126
0.05335 -0.08222 -0.29127
0.05511 -0.08135 -0.29128
0.05687 -0.08047 -0.29129
0.05863 -0.0796 -0.2913
0.06039 -0.07873 -0.29132
0.06216 -0.07782 -0.29135
0.06393 -0.07691 -0.2914
0.06571 -0.07601 -0.29147
0.06748 -0.07512 -0.29157
0.06926 -0.07423 -0.2917
0.07103 -0.07334 -0.29184
0.07281 -0.07245 -0.29201
0.07458 -0.07157 -0.29219
0.07645 -0.07061 -0.29241
0.07831 -0.06964 -0.29263
0.08017 -0.06868 -0.29285
0.08204 -0.06771 -0.29307
0.0839 -0.06674 -0.29329
0.08576 -0.06576 -0.29348
0.08763 -0.06479 -0.29366
0.08949 -0.06381 -0.29382
0.0914 -0.06269 -0.29398
0.09332 -0.06156 -0.29412
0.09523 -0.06043 -0.29426
0.09715 -0.0593 -0.29441
0.09906 -0.05817 -0.29459
0.10097 -0.05705 -0.2948
0.10288 -0.05594 -0.29506
0.10479 -0.05483 -0.29534
0.10678 -0.05365 -0.29567
0.10876 -0.05248 -0.29602
0.11074 -0.05131 -0.29639
0.11273 -0.05013 -0.29674
0.11471 -0.04896 -0.29707
0.11669 -0.04778 -0.29738
0.11867 -0.04659 -0.29766
0.12065 -0.04539 -0.29789
0.12267 -0.04421 -0.29809
0.1247 -0.04301 -0.29824
0.12671 -0.04182 -0.29837
0.12873 -0.04062 -0.29847
0.13075 -0.03942 -0.29856
0.13277 -0.03821 -0.29864
0.13478 -0.03701 -0.29871
0.1368 -0.03581 -0.29878
0.13884 -0.03459 -0.29884
0.00442 -0.1078 -0.28844
0.00653 -0.10676 -0.28849
0.00863 -0.10572 -0.28856
0.01074 -0.1047 -0.28865
0.01285 -0.10367 -0.28876
0.01496 -0.10265 -0.28888
0.01707 -0.10162 -0.28902
0.01904 -0.10073 -0.28915
0.02101 -0.09984 -0.28928
0.02298 -0.09895 -0.28943
0.02495 -0.09807 -0.28957
0.02692 -0.09717 -0.28971
0.02889 -0.09628 -0.28985
0.03086 -0.09538 -0.28998
0.03282 -0.09449 -0.2901
0.03466 -0.09364 -0.2902
0.03649 -0.09279 -0.2903
0.03832 -0.09193 -0.29039
0.04015 -0.09108 -0.29047
0.04199 -0.09022 -0.29054
0.04382 -0.08935 -0.2906
0.04565 -0.08849 -0.29066
0.04748 -0.08762 -0.29071
0.04925 -0.08676 -0.29075
0.05101 -0.08589 -0.29079
0.05277 -0.08503 -0.29081
0.05453 -0.08416 -0.29083
0.05629 -0.08329 -0.29084
0.05805 -0.08241 -0.29086
0.05981 -0.08154 -0.29087
0.06157 -0.08067 -0.29089
0.06333 -0.07977 -0.29094
0.0651 -0.07887 -0.291
0.06687 -0.07798 -0.29109
0.06864 -0.07709 -0.2912
0.0704 -0.0762 -0.29134
0.07217 -0.07532 -0.2915
0.07394 -0.07444 -0.29168
0.07571 -0.07357 -0.29188
0.07757 -0.07261 -0.29212
0.07943 -0.07166 -0.29236
0.08129 -0.0707 -0.29261
0.08315 -0.06975 -0.29285
0.08501 -0.06879 -0.29309
0.08687 -0.06782 -0.29331
0.08873 -0.06686 -0.2935
0.09059 -0.06589 -0.29367
0.09249 -0.06477 -0.29383
0.0944 -0.06364 -0.29396
0.09631 -0.06251 -0.29409
0.09821 -0.06138 -0.29421
0.10012 -0.06025 -0.29436
0.10202 -0.05912 -0.29453
0.10393 -0.05801 -0.29473
0.10583 -0.05689 -0.29497
0.10781 -0.05571 -0.29525
0.10978 -0.05453 -0.29557
0.11176 -0.05335 -0.2959
0.11373 -0.05217 -0.29623
0.11571 -0.05099 -0.29655
0.11768 -0.04981 -0.29685
0.11965 -0.04862 -0.29713
0.12162 -0.04742 -0.29737
0.12365 -0.04624 -0.29758
0.12567 -0.04505 -0.29776
0.12769 -0.04386 -0.2979
0.12971 -0.04266 -0.29803
0.13173 -0.04146 -0.29814
0.13375 -0.04026 -0.29824
0.13577 -0.03906 -0.29834
0.13779 -0.03786 -0.29842
0.13983 -0.03665 -0.2985
0.14187 -0.03544 -0.29856
0.00559 -0.10985 -0.28808
0.0077 -0.10882 -0.28812
0.0098 -0.10778 -0.28818
0.01191 -0.10676 -0.28827
0.01402 -0.10574 -0.28837
0.01613 -0.10471 -0.28848
0.01824 -0.1037 -0.28861
0.0202 -0.1028 -0.28874
0.02217 -0.10191 -0.28887
0.02414 -0.10101 -0.28901
0.02611 -0.10012 -0.28914
0.02808 -0.09922 -0.28928
0.03005 -0.09832 -0.28941
0.03202 -0.09743 -0.28953
0.03398 -0.09653 -0.28965
0.03582 -0.09567 -0.28975
0.03765 -0.09482 -0.28984
0.03948 -0.09396 -0.28992
0.04132 -0.0931 -0.29
0.04315 -0.09224 -0.29007
0.04499 -0.09138 -0.29013
0.04682 -0.09051 -0.29019
0.04865 -0.08964 -0.29024
0.05041 -0.08878 -0.29029
0.05218 -0.08792 -0.29033
0.05394 -0.08706 -0.29036
0.0557 -0.08619 -0.29039
0.05746 -0.08532 -0.29041
0.05922 -0.08445 -0.29043
0.06098 -0.08358 -0.29045
0.06274 -0.08271 -0.29048
0.06451 -0.08181 -0.29054
0.06627 -0.08092 -0.29062
0.06804 -0.08003 -0.29072
0.06981 -0.07914 -0.29085
0.07158 -0.07826 -0.291
0.07334 -0.07738 -0.29118
0.07511 -0.07651 -0.29137
0.07688 -0.07565 -0.29159
0.07873 -0.0747 -0.29185
0.08059 -0.07375 -0.29211
0.08245 -0.0728 -0.29238
0.0843 -0.07185 -0.29265
0.08616 -0.07089 -0.29291
0.08801 -0.06993 -0.29315
0.08987 -0.06897 -0.29336
0.09173 -0.06801 -0.29355
0.09362 -0.06689 -0.29371
0.09552 -0.06576 -0.29384
0.09742 -0.06464 -0.29395
0.09932 -0.06351 -0.29405
0.10122 -0.06238 -0.29416
0.10312 -0.06125 -0.29429
0.10501 -0.06012 -0.29444
0.10691 -0.05901 -0.29463
0.10887 -0.05781 -0.29487
0.11083 -0.05662 -0.29514
0.11279 -0.05544 -0.29543
0.11476 -0.05425 -0.29573
0.11672 -0.05307 -0.29603
0.11868 -0.05189 -0.29632
0.12064 -0.0507 -0.29659
0.1226 -0.04951 -0.29685
0.12462 -0.04833 -0.29707
0.12665 -0.04715 -0.29726
0.12867 -0.04595 -0.29743
0.13069 -0.04476 -0.29758
0.13271 -0.04356 -0.29771
0.13473 -0.04237 -0.29784
0.13675 -0.04117 -0.29795
0.13877 -0.03997 -0.29805
0.14081 -0.03876 -0.29815
0.14285 -0.03755 -0.29823
0.00887 -0.11087 -0.28774
0.01097 -0.10984 -0.28779
0.01308 -0.10882 -0.28787
0.01518 -0.10779 -0.28797
0.01729 -0.10678 -0.28807
0.0194 -0.10577 -0.2882
0.02137 -0.10487 -0.28832
0.02333 -0.10397 -0.28844
0.0253 -0.10307 -0.28857
0.02727 -0.10217 -0.2887
0.02924 -0.10127 -0.28883
0.03121 -0.10037 -0.28895
0.03318 -0.09947 -0.28907
0.03514 -0.09857 -0.28918
0.03698 -0.09771 -0.28928
0.03881 -0.09685 -0.28937
0.04065 -0.09599 -0.28945
0.04248 -0.09513 -0.28952
0.04432 -0.09426 -0.28959
0.04615 -0.0934 -0.28966
0.04798 -0.09253 -0.28972
0.04981 -0.09166 -0.28977
0.05158 -0.0908 -0.28983
0.05334 -0.08994 -0.28987
0.05511 -0.08908 -0.28991
0.05687 -0.08822 -0.28995
0.05863 -0.08735 -0.28998
0.06039 -0.08648 -0.29001
0.06215 -0.08562 -0.29005
0.06392 -0.08476 -0.2901
0.06568 -0.08387 -0.29017
0.06745 -0.08298 -0.29027
0.06921 -0.08209 -0.29039
0.07098 -0.08121 -0.29053
0.07275 -0.08033 -0.29069
0.07451 -0.07946 -0.29089
0.07628 -0.07859 -0.2911
0.07804 -0.07773 -0.29133
0.0799 -0.07678 -0.2916
0.08175 -0.07584 -0.29189
0.0836 -0.07489 -0.29218
0.08545 -0.07395 -0.29247
0.0873 -0.073 -0.29275
0.08915 -0.07205 -0.29301
0.091 -0.07109 -0.29324
0.09286 -0.07013 -0.29344
0.09475 -0.06901 -0.29361
0.09664 -0.06789 -0.29374
0.09853 -0.06677 -0.29384
0.10042 -0.06564 -0.29392
0.10232 -0.06451 -0.29399
0.10421 -0.06338 -0.29408
0.1061 -0.06225 -0.29419
0.10799 -0.06112 -0.29433
0.10994 -0.05992 -0.29452
0.11188 -0.05872 -0.29474
0.11383 -0.05753 -0.29499
0.11578 -0.05635 -0.29526
0.11773 -0.05516 -0.29553
0.11968 -0.05398 -0.29581
0.12163 -0.05279 -0.29608
0.12357 -0.0516 -0.29633
0.1256 -0.05042 -0.29656
0.12762 -0.04924 -0.29677
0.12964 -0.04805 -0.29696
0.13166 -0.04685 -0.29713
0.13368 -0.04566 -0.29729
0.1357 -0.04447 -0.29743
0.13772 -0.04327 -0.29756
0.13974 -0.04207 -0.29768
0.14179 -0.04087 -0.29779
0.14383 -0.03966 -0.29789
0.14588 -0.03845 -0.29797
0.01003 -0.11293 -0.28734
0.01214 -0.1119 -0.28739
0.01424 -0.11088 -0.28746
0.01635 -0.10986 -0.28755
0.01845 -0.10884 -0.28765
0.02056 -0.10783 -0.28777
0.02253 -0.10693 -0.28788
0.0245 -0.10602 -0.288
0.02646 -0.10512 -0.28812
0.02843 -0.10422 -0.28825
0.0304 -0.10332 -0.28837
0.03237 -0.10241 -0.28849
0.03434 -0.10151 -0.2886
0.0363 -0.1006 -0.2887
0.03814 -0.09974 -0.2888
0.03997 -0.09888 -0.28888
0.04181 -0.09802 -0.28896
0.04364 -0.09715 -0.28903
0.04548 -0.09628 -0.2891
0.04731 -0.09542 -0.28916
0.04914 -0.09455 -0.28923
0.05098 -0.09368 -0.28929
0.05274 -0.09282 -0.28935
0.05451 -0.09196 -0.28941
0.05628 -0.09111 -0.28946
0.05804 -0.09025 -0.28951
0.0598 -0.08938 -0.28955
0.06157 -0.08852 -0.28961
0.06333 -0.08766 -0.28966
0.06509 -0.08681 -0.28974
0.06686 -0.08592 -0.28983
0.06862 -0.08504 -0.28994
0.07039 -0.08416 -0.29008
0.07215 -0.08328 -0.29024
0.07392 -0.0824 -0.29042
0.07568 -0.08154 -0.29062
0.07744 -0.08067 -0.29085
0.07921 -0.07981 -0.2911
0.08106 -0.07887 -0.29138
0.08291 -0.07793 -0.29169
0.08475 -0.07699 -0.292
0.0866 -0.07605 -0.29231
0.08845 -0.07511 -0.29261
0.0903 -0.07416 -0.29289
0.09214 -0.07321 -0.29314
0.094 -0.07225 -0.29335
0.09588 -0.07114 -0.29353
0.09776 -0.07002 -0.29366
0.09964 -0.0689 -0.29375
0.10153 -0.06777 -0.29382
0.10341 -0.06664 -0.29386
0.1053 -0.06551 -0.29391
0.10718 -0.06437 -0.29397
0.10906 -0.06324 -0.29406
0.111 -0.06203 -0.2942
0.11293 -0.06083 -0.29437
0.11487 -0.05963 -0.29458
0.1168 -0.05844 -0.29481
0.11874 -0.05725 -0.29507
0.12068 -0.05607 -0.29532
0.12261 -0.05488 -0.29558
0.12455 -0.05369 -0.29584
0.12657 -0.05251 -0.29607
0.12859 -0.05133 -0.29629
0.13062 -0.05014 -0.2965
0.13263 -0.04895 -0.29669
0.13466 -0.04776 -0.29686
0.13668 -0.04657 -0.29702
0.1387 -0.04537 -0.29717
0.14072 -0.04418 -0.29731
0.14276 -0.04297 -0.29743
0.14481 -0.04177 -0.29755
0.14686 -0.04056 -0.29764
0.0112 -0.11498 -0.28692
0.0133 -0.11396 -0.28697
0.01541 -0.11293 -0.28704
0.01751 -0.11192 -0.28711
0.01962 -0.1109 -0.28721
0.02172 -0.1099 -0.28732
0.02369 -0.10898 -0.28742
0.02566 -0.10808 -0.28754
0.02763 -0.10717 -0.28766
0.02959 -0.10627 -0.28778
0.03156 -0.10536 -0.28789
0.03353 -0.10446 -0.288
0.0355 -0.10355 -0.28811
0.03746 -0.10264 -0.28821
0.0393 -0.10177 -0.2883
0.04113 -0.10091 -0.28838
0.04297 -0.10004 -0.28845
0.0448 -0.09918 -0.28852
0.04664 -0.0983 -0.28859
0.04847 -0.09743 -0.28866
0.05031 -0.09656 -0.28872
0.05214 -0.09569 -0.28879
0.05391 -0.09484 -0.28886
0.05568 -0.09398 -0.28893
0.05745 -0.09313 -0.28899
0.05921 -0.09227 -0.28906
0.06098 -0.09142 -0.28913
0.06274 -0.09056 -0.2892
0.0645 -0.08971 -0.28929
0.06627 -0.08886 -0.28938
0.06803 -0.08798 -0.2895
0.0698 -0.0871 -0.28964
0.07156 -0.08622 -0.2898
0.07332 -0.08535 -0.28997
0.07509 -0.08448 -0.29017
0.07685 -0.08362 -0.29039
0.07861 -0.08276 -0.29063
0.08037 -0.0819 -0.29089
0.08222 -0.08096 -0.29119
0.08406 -0.08003 -0.29151
0.08591 -0.07909 -0.29183
0.08775 -0.07816 -0.29216
0.08959 -0.07722 -0.29248
0.09144 -0.07628 -0.29278
0.09328 -0.07533 -0.29304
0.09513 -0.07438 -0.29327
0.097 -0.07327 -0.29346
0.09888 -0.07215 -0.29359
0.10075 -0.07103 -0.29368
0.10263 -0.0699 -0.29373
0.10451 -0.06877 -0.29376
0.10639 -0.06764 -0.29377
0.10826 -0.0665 -0.29379
0.11014 -0.06537 -0.29384
0.11206 -0.06415 -0.29392
0.11398 -0.06294 -0.29404
0.1159 -0.06174 -0.29421
0.11783 -0.06054 -0.2944
0.11975 -0.05935 -0.29462
0.12168 -0.05817 -0.29486
0.1236 -0.05698 -0.29511
0.12553 -0.05579 -0.29536
0.12755 -0.0546 -0.29559
0.12957 -0.05342 -0.29582
0.13159 -0.05224 -0.29604
0.13361 -0.05105 -0.29625
0.13563 -0.04986 -0.29644
0.13765 -0.04867 -0.29661
0.13967 -0.04748 -0.29678
0.14169 -0.04628 -0.29694
0.14374 -0.04508 -0.29707
0.14579 -0.04387 -0.2972
0.14784 -0.04266 -0.29731
0.14989 -0.04145 -0.29741
0.01447 -0.116 -0.28654
0.01657 -0.11498 -0.28659
0.01867 -0.11397 -0.28666
0.02078 -0.11296 -0.28675
0.02288 -0.11195 -0.28685
0.02485 -0.11104 -0.28695
0.02682 -0.11012 -0.28706
0.02879 -0.10922 -0.28717
0.03075 -0.10831 -0.28729
0.03272 -0.1074 -0.2874
0.03469 -0.10649 -0.28751
0.03665 -0.10558 -0.28761
0.03862 -0.10467 -0.28771
0.04046 -0.1038 -0.2878
0.04229 -0.10293 -0.28787
0.04413 -0.10206 -0.28795
0.04596 -0.10119 -0.28801
0.0478 -0.10032 -0.28808
0.04963 -0.09945 -0.28814
0.05147 -0.09858 -0.28821
0.05331 -0.09771 -0.28828
0.05508 -0.09685 -0.28836
0.05685 -0.096 -0.28844
0.05861 -0.09515 -0.28852
0.06038 -0.0943 -0.2886
0.06215 -0.09345 -0.2887
0.06392 -0.0926 -0.2888
0.06568 -0.09176 -0.28891
0.06745 -0.09091 -0.28904
0.06921 -0.09004 -0.28918
0.07098 -0.08916 -0.28934
0.07274 -0.08829 -0.28952
0.0745 -0.08742 -0.28972
0.07626 -0.08656 -0.28993
0.07802 -0.0857 -0.29017
0.07978 -0.08484 -0.29042
0.08154 -0.08399 -0.2907
0.08338 -0.08306 -0.29102
0.08522 -0.08213 -0.29134
0.08706 -0.0812 -0.29169
0.08889 -0.08027 -0.29203
0.09073 -0.07933 -0.29236
0.09257 -0.0784 -0.29267
0.09441 -0.07745 -0.29295
0.09626 -0.07651 -0.29319
0.09813 -0.0754 -0.29339
0.09999 -0.07429 -0.29353
0.10186 -0.07316 -0.29362
0.10374 -0.07204 -0.29366
0.10561 -0.07091 -0.29367
0.10748 -0.06977 -0.29365
0.10935 -0.06864 -0.29364
0.11121 -0.0675 -0.29364
0.11312 -0.06628 -0.29368
0.11503 -0.06507 -0.29375
0.11694 -0.06386 -0.29387
0.11885 -0.06266 -0.29402
0.12077 -0.06146 -0.29421
0.12268 -0.06027 -0.29442
0.12459 -0.05908 -0.29465
0.1265 -0.05789 -0.29489
0.12852 -0.05671 -0.29513
0.13054 -0.05552 -0.29536
0.13256 -0.05434 -0.29559
0.13458 -0.05315 -0.29581
0.13661 -0.05196 -0.29602
0.13862 -0.05077 -0.29621
0.14065 -0.04958 -0.29639
0.14267 -0.04839 -0.29656
0.14472 -0.04718 -0.29671
0.14677 -0.04598 -0.29685
0.14883 -0.04477 -0.29697
0.15088 -0.04356 -0.29708
0.01563 -0.11805 -0.28608
0.01773 -0.11703 -0.28613
0.01983 -0.11602 -0.2862
0.02194 -0.11501 -0.28627
0.02404 -0.11401 -0.28636
0.02601 -0.11309 -0.28646
0.02798 -0.11217 -0.28656
0.02995 -0.11126 -0.28667
0.03191 -0.11035 -0.28678
0.03388 -0.10944 -0.28689
0.03584 -0.10853 -0.287
0.03781 -0.10761 -0.2871
0.03978 -0.1067 -0.2872
0.04162 -0.10583 -0.28729
0.04345 -0.10495 -0.28736
0.04529 -0.10408 -0.28743
0.04712 -0.1032 -0.2875
0.04896 -0.10233 -0.28756
0.05079 -0.10146 -0.28763
0.05263 -0.10059 -0.2877
0.05447 -0.09972 -0.28777
0.05624 -0.09887 -0.28786
0.05801 -0.09802 -0.28795
0.05978 -0.09718 -0.28805
0.06155 -0.09633 -0.28815
0.06332 -0.09548 -0.28827
0.06509 -0.09464 -0.28841
0.06686 -0.0938 -0.28855
0.06863 -0.09297 -0.2887
0.07039 -0.0921 -0.28887
0.07215 -0.09123 -0.28906
0.07391 -0.09036 -0.28926
0.07567 -0.0895 -0.28948
0.07743 -0.08864 -0.28971
0.07919 -0.08779 -0.28996
0.08095 -0.08693 -0.29023
0.0827 -0.08608 -0.29052
0.08454 -0.08515 -0.29085
0.08637 -0.08423 -0.29119
0.0882 -0.0833 -0.29154
0.09004 -0.08237 -0.29189
0.09187 -0.08144 -0.29224
0.09371 -0.08051 -0.29256
0.09555 -0.07957 -0.29285
0.09739 -0.07863 -0.2931
0.09925 -0.07753 -0.29331
0.10111 -0.07642 -0.29347
0.10297 -0.0753 -0.29356
0.10484 -0.07418 -0.2936
0.10671 -0.07305 -0.29359
0.10857 -0.07191 -0.29355
0.11043 -0.07077 -0.29351
0.11229 -0.06964 -0.29347
0.11419 -0.06842 -0.29346
0.11609 -0.0672 -0.29349
0.11798 -0.06598 -0.29356
0.11988 -0.06477 -0.29368
0.12178 -0.06357 -0.29383
0.12368 -0.06237 -0.29401
0.12558 -0.06118 -0.29422
0.12748 -0.05999 -0.29445
0.1295 -0.05881 -0.29468
0.13152 -0.05763 -0.29492
0.13354 -0.05644 -0.29515
0.13556 -0.05525 -0.29538
0.13758 -0.05406 -0.2956
0.1396 -0.05287 -0.29581
0.14162 -0.05168 -0.296
0.14364 -0.05049 -0.29618
0.1457 -0.04929 -0.29634
0.14775 -0.04808 -0.2965
0.14981 -0.04688 -0.29663
0.15187 -0.04567 -0.29675
0.01679 -0.12008 -0.28559
0.01889 -0.11907 -0.28565
0.02099 -0.11806 -0.28571
0.0231 -0.11705 -0.28578
0.0252 -0.11605 -0.28586
0.02717 -0.11513 -0.28595
0.02914 -0.11421 -0.28605
0.0311 -0.11329 -0.28616
0.03307 -0.11238 -0.28626
0.03503 -0.11147 -0.28638
0.037 -0.11056 -0.28649
0.03897 -0.10964 -0.28659
0.04094 -0.10872 -0.28669
0.04277 -0.10785 -0.28677
0.04461 -0.10698 -0.28685
0.04645 -0.1061 -0.28692
0.04828 -0.10522 -0.28699
0.05012 -0.10435 -0.28706
0.05196 -0.10348 -0.28712
0.05379 -0.1026 -0.2872
0.05563 -0.10173 -0.28728
0.0574 -0.10089 -0.28737
0.05917 -0.10004 -0.28747
0.06095 -0.0992 -0.28759
0.06272 -0.09836 -0.28772
0.06449 -0.09752 -0.28786
0.06627 -0.09669 -0.28802
0.06804 -0.09586 -0.28819
0.06981 -0.09503 -0.28837
0.07157 -0.09416 -0.28857
0.07333 -0.0933 -0.28878
0.07508 -0.09244 -0.289
0.07684 -0.09158 -0.28924
0.0786 -0.09073 -0.28949
0.08036 -0.08987 -0.28976
0.08211 -0.08902 -0.29004
0.08387 -0.08817 -0.29034
0.0857 -0.08725 -0.29068
0.08753 -0.08633 -0.29103
0.08936 -0.0854 -0.2914
0.09119 -0.08448 -0.29176
0.09302 -0.08355 -0.29211
0.09485 -0.08263 -0.29244
0.09668 -0.0817 -0.29275
0.09852 -0.08076 -0.29301
0.10037 -0.07966 -0.29323
0.10223 -0.07855 -0.29339
0.10409 -0.07744 -0.29349
0.10595 -0.07632 -0.29353
0.1078 -0.07519 -0.29351
0.10966 -0.07405 -0.29346
0.11151 -0.07291 -0.29339
0.11337 -0.07178 -0.29332
0.11525 -0.07055 -0.29327
0.11714 -0.06933 -0.29326
0.11902 -0.06811 -0.29329
0.12091 -0.06689 -0.29336
0.12279 -0.06569 -0.29348
0.12468 -0.06449 -0.29364
0.12657 -0.06329 -0.29382
0.12846 -0.0621 -0.29404
0.13048 -0.06092 -0.29426
0.1325 -0.05973 -0.2945
0.13452 -0.05854 -0.29473
0.13654 -0.05735 -0.29497
0.13856 -0.05616 -0.29519
0.14057 -0.05497 -0.29541
0.14259 -0.05378 -0.29561
0.14461 -0.05259 -0.2958
0.14668 -0.05139 -0.29598
0.14874 -0.05019 -0.29614
0.1508 -0.04898 -0.29629
0.15286 -0.04778 -0.29642
0.15491 -0.04657 -0.29653
0.02005 -0.1211 -0.28514
0.02215 -0.1201 -0.2852
0.02426 -0.1191 -0.28527
0.02636 -0.1181 -0.28535
0.02833 -0.11717 -0.28544
0.03029 -0.11625 -0.28553
0.03226 -0.11533 -0.28563
0.03422 -0.11442 -0.28574
0.03619 -0.1135 -0.28586
0.03816 -0.11258 -0.28597
0.04013 -0.11167 -0.28608
0.04209 -0.11075 -0.28618
0.04393 -0.10988 -0.28627
0.04577 -0.109 -0.28635
0.04761 -0.10812 -0.28642
0.04944 -0.10724 -0.28649
0.05128 -0.10637 -0.28656
0.05312 -0.10549 -0.28663
0.05496 -0.10462 -0.28671
0.0568 -0.10375 -0.2868
0.05857 -0.10291 -0.2869
0.06034 -0.10207 -0.28702
0.06211 -0.10123 -0.28715
0.06389 -0.1004 -0.2873
0.06567 -0.09957 -0.28747
0.06744 -0.09874 -0.28766
0.06921 -0.09791 -0.28785
0.07098 -0.09709 -0.28806
0.07274 -0.09623 -0.28828
0.0745 -0.09537 -0.28852
0.07626 -0.09451 -0.28876
0.07801 -0.09366 -0.28901
0.07977 -0.09281 -0.28928
0.08152 -0.09196 -0.28956
0.08328 -0.09111 -0.28986
0.08503 -0.09027 -0.29017
0.08686 -0.08934 -0.29051
0.08869 -0.08842 -0.29087
0.09051 -0.0875 -0.29124
0.09234 -0.08658 -0.29161
0.09416 -0.08566 -0.29197
0.09599 -0.08474 -0.29231
0.09782 -0.08381 -0.29262
0.09966 -0.08288 -0.29289
0.1015 -0.08179 -0.29313
0.10335 -0.08068 -0.2933
0.1052 -0.07957 -0.29341
0.10705 -0.07846 -0.29345
0.1089 -0.07733 -0.29343
0.11075 -0.07619 -0.29337
0.1126 -0.07506 -0.29328
0.11445 -0.07392 -0.29318
0.11632 -0.07269 -0.2931
0.11819 -0.07146 -0.29304
0.12006 -0.07023 -0.29303
0.12194 -0.06902 -0.29307
0.12381 -0.06781 -0.29315
0.12568 -0.0666 -0.29328
0.12756 -0.06541 -0.29345
0.12944 -0.06422 -0.29365
0.13146 -0.06303 -0.29386
0.13348 -0.06184 -0.29409
0.1355 -0.06065 -0.29433
0.13752 -0.05946 -0.29457
0.13953 -0.05827 -0.2948
0.14155 -0.05708 -0.29503
0.14357 -0.05589 -0.29524
0.14559 -0.0547 -0.29543
0.14766 -0.0535 -0.29562
0.14972 -0.05229 -0.29579
0.15178 -0.05109 -0.29595
0.15384 -0.04988 -0.29609
0.1559 -0.04867 -0.29622
0.02127 -0.12305 -0.28461
0.02337 -0.12206 -0.28467
0.02547 -0.12107 -0.28474
0.02757 -0.12009 -0.28482
0.02952 -0.11916 -0.28491
0.03148 -0.11824 -0.28501
0.03344 -0.11733 -0.28511
0.0354 -0.11642 -0.28522
0.03736 -0.11551 -0.28534
0.03933 -0.1146 -0.28545
0.04129 -0.11369 -0.28557
0.04325 -0.11278 -0.28568
0.04508 -0.11191 -0.28577
0.04692 -0.11104 -0.28586
0.04875 -0.11016 -0.28594
0.05058 -0.10929 -0.28601
0.05242 -0.10842 -0.28608
0.05426 -0.10754 -0.28616
0.0561 -0.10667 -0.28624
0.05793 -0.10581 -0.28634
0.0597 -0.10497 -0.28645
0.06147 -0.10413 -0.28658
0.06325 -0.1033 -0.28674
0.06503 -0.10248 -0.28691
0.0668 -0.10165 -0.2871
0.06857 -0.10083 -0.28731
0.07034 -0.10001 -0.28752
0.07211 -0.0992 -0.28775
0.07387 -0.09834 -0.288
0.07564 -0.09749 -0.28825
0.07739 -0.09664 -0.28851
0.07915 -0.09578 -0.28879
0.08091 -0.09494 -0.28907
0.08267 -0.09409 -0.28936
0.08442 -0.09325 -0.28966
0.08617 -0.09241 -0.28998
0.088 -0.09148 -0.29033
0.08982 -0.09056 -0.29069
0.09164 -0.08964 -0.29106
0.09346 -0.08872 -0.29143
0.09529 -0.0878 -0.2918
0.09711 -0.08688 -0.29214
0.09894 -0.08595 -0.29246
0.10077 -0.08502 -0.29274
0.10261 -0.08392 -0.29299
0.10446 -0.08282 -0.29317
0.10631 -0.08172 -0.2933
0.10816 -0.08061 -0.29335
0.11001 -0.07948 -0.29333
0.11186 -0.07835 -0.29327
0.1137 -0.07721 -0.29317
0.11555 -0.07608 -0.29305
0.11741 -0.07485 -0.29294
0.11927 -0.07361 -0.29285
0.12114 -0.07238 -0.2928
0.123 -0.07116 -0.2928
0.12487 -0.06995 -0.29285
0.12673 -0.06874 -0.29295
0.1286 -0.06754 -0.2931
0.13047 -0.06635 -0.29328
0.13249 -0.06516 -0.29348
0.1345 -0.06397 -0.29371
0.13651 -0.06278 -0.29394
0.13853 -0.06159 -0.29418
0.14054 -0.0604 -0.29442
0.14255 -0.05921 -0.29465
0.14456 -0.05802 -0.29487
0.14657 -0.05683 -0.29507
0.14864 -0.05563 -0.29526
0.1507 -0.05443 -0.29544
0.15276 -0.05323 -0.29561
0.15481 -0.05202 -0.29576
0.15688 -0.05081 -0.2959
0.15893 -0.0496 -0.29602
0.02458 -0.12402 -0.28411
0.02668 -0.12304 -0.28419
0.02877 -0.12207 -0.28427
0.03072 -0.12115 -0.28436
0.03267 -0.12024 -0.28447
0.03463 -0.11933 -0.28458
0.03658 -0.11843 -0.28469
0.03854 -0.11752 -0.28482
0.04049 -0.11661 -0.28494
0.04245 -0.11571 -0.28506
0.0444 -0.11481 -0.28518
0.04623 -0.11395 -0.28528
0.04806 -0.11307 -0.28538
0.0499 -0.11221 -0.28547
0.05173 -0.11134 -0.28555
0.05357 -0.11047 -0.28563
0.0554 -0.1096 -0.28571
0.05723 -0.10873 -0.2858
0.05907 -0.10787 -0.28591
0.06084 -0.10703 -0.28603
0.06261 -0.1062 -0.28618
0.06439 -0.10538 -0.28635
0.06616 -0.10456 -0.28654
0.06793 -0.10374 -0.28675
0.0697 -0.10293 -0.28698
0.07147 -0.10212 -0.28722
0.07324 -0.10131 -0.28746
0.07501 -0.10046 -0.28773
0.07677 -0.09961 -0.288
0.07853 -0.09876 -0.28828
0.08029 -0.09791 -0.28856
0.08205 -0.09706 -0.28886
0.08381 -0.09622 -0.28916
0.08557 -0.09538 -0.28947
0.08732 -0.09454 -0.28979
0.08914 -0.09362 -0.29014
0.09096 -0.09269 -0.2905
0.09277 -0.09177 -0.29087
0.09459 -0.09085 -0.29124
0.09641 -0.08993 -0.2916
0.09824 -0.089 -0.29195
0.10006 -0.08808 -0.29227
0.10188 -0.08714 -0.29256
0.10372 -0.08606 -0.29281
0.10557 -0.08496 -0.29301
0.10742 -0.08386 -0.29315
0.10927 -0.08275 -0.29321
0.11112 -0.08163 -0.29321
0.11296 -0.0805 -0.29315
0.11481 -0.07937 -0.29304
0.11665 -0.07824 -0.29291
0.1185 -0.077 -0.29278
0.12036 -0.07577 -0.29266
0.12221 -0.07454 -0.29258
0.12407 -0.07331 -0.29255
0.12593 -0.07209 -0.29257
0.12779 -0.07089 -0.29264
0.12965 -0.06968 -0.29276
0.13151 -0.06849 -0.29292
0.13351 -0.06729 -0.29312
0.13552 -0.0661 -0.29334
0.13753 -0.06491 -0.29357
0.13954 -0.06373 -0.29381
0.14155 -0.06254 -0.29405
0.14355 -0.06135 -0.29429
0.14555 -0.06016 -0.29451
0.14756 -0.05897 -0.29472
0.14962 -0.05777 -0.29491
0.15168 -0.05657 -0.2951
0.15374 -0.05537 -0.29527
0.15579 -0.05416 -0.29543
0.15785 -0.05296 -0.29558
0.15991 -0.05175 -0.29572
0.02579 -0.12596 -0.28351
0.02788 -0.125 -0.2836
0.02997 -0.12404 -0.28369
0.03192 -0.12313 -0.28379
0.03386 -0.12223 -0.2839
0.03581 -0.12133 -0.28402
0.03776 -0.12043 -0.28415
0.03971 -0.11953 -0.28428
0.04166 -0.11864 -0.28442
0.0436 -0.11774 -0.28456
0.04555 -0.11684 -0.28469
0.04738 -0.11598 -0.28481
0.04921 -0.11512 -0.28491
0.05104 -0.11426 -0.28501
0.05288 -0.11339 -0.2851
0.05471 -0.11253 -0.28519
0.05654 -0.11166 -0.28529
0.05837 -0.1108 -0.28539
0.0602 -0.10994 -0.28551
0.06198 -0.10911 -0.28564
0.06375 -0.10828 -0.28581
0.06552 -0.10746 -0.28599
0.06729 -0.10665 -0.2862
0.06906 -0.10584 -0.28643
0.07083 -0.10503 -0.28667
0.0726 -0.10422 -0.28693
0.07437 -0.10342 -0.2872
0.07614 -0.10258 -0.28748
0.0779 -0.10173 -0.28777
0.07966 -0.10088 -0.28806
0.08143 -0.10004 -0.28835
0.08319 -0.0992 -0.28865
0.08495 -0.09835 -0.28896
0.08671 -0.09752 -0.28927
0.08846 -0.09668 -0.28959
0.09028 -0.09575 -0.28994
0.09209 -0.09483 -0.29029
0.09391 -0.09391 -0.29065
0.09572 -0.09298 -0.29102
0.09754 -0.09206 -0.29137
0.09936 -0.09113 -0.29172
0.10118 -0.0902 -0.29204
0.103 -0.08927 -0.29233
0.10484 -0.08819 -0.2926
0.10668 -0.0871 -0.29281
0.10853 -0.086 -0.29296
0.11038 -0.08489 -0.29303
0.11222 -0.08378 -0.29304
0.11407 -0.08265 -0.293
0.11591 -0.08153 -0.2929
0.11775 -0.0804 -0.29276
0.11959 -0.07916 -0.29261
0.12144 -0.07792 -0.29248
0.12329 -0.07669 -0.29237
0.12514 -0.07546 -0.29231
0.12699 -0.07424 -0.29229
0.12884 -0.07303 -0.29234
0.13069 -0.07182 -0.29244
0.13255 -0.07062 -0.29259
0.13455 -0.06942 -0.29277
0.13654 -0.06823 -0.29298
0.13855 -0.06705 -0.29321
0.14055 -0.06586 -0.29345
0.14255 -0.06468 -0.29369
0.14455 -0.06349 -0.29393
0.14655 -0.0623 -0.29416
0.14855 -0.06111 -0.29438
0.15061 -0.05991 -0.29458
0.15267 -0.05871 -0.29477
0.15472 -0.05751 -0.29495
0.15677 -0.0563 -0.29512
0.15883 -0.0551 -0.29527
0.16088 -0.05389 -0.29542
0.16294 -0.05268 -0.29556
0.027 -0.1279 -0.28287
0.02908 -0.12695 -0.28297
0.03116 -0.12601 -0.28307
0.03311 -0.12511 -0.28319
0.03505 -0.12421 -0.28331
0.03699 -0.12332 -0.28345
0.03893 -0.12243 -0.28359
0.04088 -0.12154 -0.28374
0.04282 -0.12065 -0.28389
0.04476 -0.11977 -0.28404
0.0467 -0.11888 -0.28419
0.04853 -0.11802 -0.28433
0.05036 -0.11717 -0.28445
0.05219 -0.11631 -0.28457
0.05402 -0.11544 -0.28468
0.05585 -0.11459 -0.28478
0.05768 -0.11373 -0.28489
0.05951 -0.11287 -0.285
0.06134 -0.11202 -0.28514
0.06311 -0.11119 -0.28529
0.06488 -0.11037 -0.28546
0.06665 -0.10955 -0.28566
0.06842 -0.10874 -0.28589
0.07019 -0.10793 -0.28613
0.07196 -0.10713 -0.2864
0.07373 -0.10633 -0.28667
0.0755 -0.10554 -0.28695
0.07726 -0.1047 -0.28725
0.07903 -0.10385 -0.28755
0.08079 -0.10301 -0.28785
0.08256 -0.10217 -0.28815
0.08432 -0.10133 -0.28846
0.08609 -0.10049 -0.28876
0.08785 -0.09965 -0.28907
0.08961 -0.09881 -0.28939
0.09142 -0.09789 -0.28972
0.09323 -0.09696 -0.29007
0.09504 -0.09604 -0.29042
0.09686 -0.09511 -0.29077
0.09867 -0.09418 -0.29112
0.10048 -0.09326 -0.29146
0.1023 -0.09232 -0.29178
0.10412 -0.09139 -0.29207
0.10596 -0.09031 -0.29234
0.1078 -0.08923 -0.29256
0.10964 -0.08813 -0.29272
0.11148 -0.08703 -0.29281
0.11333 -0.08592 -0.29284
0.11517 -0.0848 -0.29281
0.11701 -0.08368 -0.29271
0.11884 -0.08255 -0.29258
0.12068 -0.08131 -0.29243
0.12252 -0.08007 -0.29229
0.12436 -0.07884 -0.29216
0.12621 -0.07761 -0.29207
0.12805 -0.07638 -0.29203
0.12989 -0.07517 -0.29205
0.13174 -0.07396 -0.29213
0.13359 -0.07276 -0.29226
0.13558 -0.07156 -0.29242
0.13757 -0.07037 -0.29263
0.13957 -0.06918 -0.29286
0.14156 -0.068 -0.2931
0.14356 -0.06681 -0.29334
0.14555 -0.06563 -0.29359
0.14754 -0.06444 -0.29382
0.14954 -0.06325 -0.29404
0.15159 -0.06205 -0.29425
0.15365 -0.06085 -0.29445
0.1557 -0.05965 -0.29464
0.15775 -0.05845 -0.29481
0.15981 -0.05724 -0.29497
0.16186 -0.05604 -0.29513
0.16391 -0.05483 -0.29529
0.03029 -0.12889 -0.2823
0.03236 -0.12796 -0.28242
0.03429 -0.12707 -0.28255
0.03623 -0.12618 -0.28269
0.03817 -0.1253 -0.28284
0.04011 -0.12442 -0.28301
0.04205 -0.12354 -0.28318
0.04399 -0.12266 -0.28335
0.04592 -0.12179 -0.28352
0.04786 -0.12091 -0.28369
0.04968 -0.12006 -0.28385
0.05151 -0.11921 -0.284
0.05334 -0.11836 -0.28413
0.05517 -0.1175 -0.28426
0.05699 -0.11665 -0.28438
0.05882 -0.1158 -0.2845
0.06065 -0.11495 -0.28464
0.06248 -0.1141 -0.28479
0.06425 -0.11328 -0.28496
0.06602 -0.11246 -0.28515
0.06779 -0.11165 -0.28537
0.06956 -0.11084 -0.28561
0.07132 -0.11004 -0.28587
0.07309 -0.10924 -0.28614
0.07486 -0.10845 -0.28643
0.07663 -0.10766 -0.28673
0.0784 -0.10682 -0.28703
0.08016 -0.10598 -0.28734
0.08193 -0.10514 -0.28765
0.08369 -0.1043 -0.28796
0.08546 -0.10346 -0.28827
0.08722 -0.10263 -0.28857
0.08899 -0.10179 -0.28887
0.09075 -0.10095 -0.28918
0.09256 -0.10002 -0.2895
0.09437 -0.09909 -0.28983
0.09618 -0.09816 -0.29016
0.09799 -0.09723 -0.2905
0.09979 -0.0963 -0.29084
0.1016 -0.09537 -0.29117
0.10342 -0.09444 -0.29148
0.10523 -0.0935 -0.29177
0.10707 -0.09243 -0.29204
0.10891 -0.09135 -0.29227
0.11075 -0.09026 -0.29244
0.11259 -0.08916 -0.29254
0.11443 -0.08805 -0.29259
0.11627 -0.08694 -0.29257
0.11811 -0.08582 -0.29249
0.11994 -0.08469 -0.29236
0.12178 -0.08345 -0.29222
0.12361 -0.08222 -0.29207
0.12544 -0.08098 -0.29194
0.12727 -0.07975 -0.29183
0.12911 -0.07853 -0.29177
0.13094 -0.07731 -0.29177
0.13278 -0.0761 -0.29183
0.13462 -0.0749 -0.29194
0.13661 -0.0737 -0.29209
0.13859 -0.07251 -0.29228
0.14058 -0.07132 -0.29251
0.14258 -0.07013 -0.29275
0.14456 -0.06895 -0.293
0.14655 -0.06777 -0.29325
0.14854 -0.06658 -0.29349
0.15053 -0.06539 -0.29372
0.15258 -0.06419 -0.29393
0.15463 -0.063 -0.29414
0.15668 -0.0618 -0.29433
0.15873 -0.06059 -0.29451
0.16078 -0.05939 -0.29469
0.16283 -0.05818 -0.29485
0.16488 -0.05698 -0.29502
0.16693 -0.05577 -0.29518
0.03149 -0.13083 -0.28159
0.03355 -0.12991 -0.28173
0.03548 -0.12903 -0.28188
0.03741 -0.12815 -0.28205
0.03935 -0.12728 -0.28222
0.04128 -0.12641 -0.2824
0.04322 -0.12554 -0.28259
0.04515 -0.12467 -0.28279
0.04708 -0.1238 -0.28299
0.04901 -0.12294 -0.28318
0.05084 -0.1221 -0.28336
0.05266 -0.12126 -0.28353
0.05449 -0.12041 -0.28369
0.05631 -0.11956 -0.28384
0.05814 -0.11871 -0.28398
0.05996 -0.11786 -0.28413
0.06179 -0.11702 -0.28428
0.06361 -0.11618 -0.28446
0.06538 -0.11536 -0.28465
0.06715 -0.11455 -0.28486
0.06892 -0.11375 -0.28509
0.07069 -0.11295 -0.28535
0.07246 -0.11215 -0.28562
0.07422 -0.11136 -0.28591
0.07599 -0.11057 -0.28621
0.07776 -0.10978 -0.28652
0.07952 -0.10895 -0.28684
0.08129 -0.10811 -0.28715
0.08306 -0.10727 -0.28747
0.08483 -0.10643 -0.28778
0.08659 -0.1056 -0.28808
0.08836 -0.10476 -0.28837
0.09013 -0.10392 -0.28867
0.0919 -0.10308 -0.28896
0.0937 -0.10215 -0.28927
0.09551 -0.10121 -0.28958
0.09731 -0.10028 -0.28989
0.09912 -0.09934 -0.29021
0.10092 -0.09841 -0.29053
0.10273 -0.09748 -0.29084
0.10454 -0.09655 -0.29115
0.10635 -0.09561 -0.29143
0.10818 -0.09454 -0.29171
0.11002 -0.09347 -0.29194
0.11186 -0.09238 -0.29212
0.1137 -0.09129 -0.29224
0.11554 -0.09018 -0.29229
0.11737 -0.08907 -0.29229
0.11921 -0.08796 -0.29222
0.12104 -0.08683 -0.29211
0.12287 -0.0856 -0.29197
0.12469 -0.08436 -0.29183
0.12651 -0.08313 -0.29169
0.12834 -0.0819 -0.29158
0.13017 -0.08068 -0.2915
0.132 -0.07946 -0.29148
0.13383 -0.07824 -0.29152
0.13566 -0.07704 -0.29161
0.13764 -0.07584 -0.29175
0.13962 -0.07465 -0.29193
0.1416 -0.07346 -0.29215
0.14359 -0.07227 -0.29239
0.14557 -0.07108 -0.29265
0.14755 -0.0699 -0.2929
0.14953 -0.06872 -0.29315
0.15152 -0.06753 -0.29339
0.15356 -0.06634 -0.29362
0.15561 -0.06514 -0.29383
0.15766 -0.06394 -0.29403
0.15971 -0.06274 -0.29422
0.16175 -0.06154 -0.2944
0.1638 -0.06033 -0.29458
0.16585 -0.05913 -0.29476
0.1679 -0.05792 -0.29493
0.03268 -0.13275 -0.28086
0.03474 -0.13185 -0.28102
0.03667 -0.13097 -0.28119
0.03859 -0.13011 -0.28137
0.04052 -0.12924 -0.28157
0.04245 -0.12838 -0.28177
0.04438 -0.12752 -0.28199
0.04631 -0.12666 -0.28221
0.04824 -0.12581 -0.28243
0.05017 -0.12496 -0.28265
0.05199 -0.12413 -0.28285
0.05381 -0.1233 -0.28305
0.05563 -0.12246 -0.28323
0.05746 -0.12162 -0.28341
0.05928 -0.12078 -0.28358
0.0611 -0.11993 -0.28376
0.06292 -0.1191 -0.28394
0.06474 -0.11827 -0.28413
0.06651 -0.11746 -0.28434
0.06828 -0.11665 -0.28458
0.07005 -0.11586 -0.28483
0.07182 -0.11506 -0.2851
0.07358 -0.11427 -0.28539
0.07535 -0.11348 -0.28569
0.07712 -0.11269 -0.286
0.07888 -0.11191 -0.28632
0.08065 -0.11107 -0.28665
0.08242 -0.11024 -0.28697
0.08419 -0.10941 -0.28729
0.08596 -0.10857 -0.28759
0.08773 -0.10773 -0.28789
0.0895 -0.10689 -0.28818
0.09127 -0.10605 -0.28846
0.09304 -0.10521 -0.28873
0.09485 -0.10427 -0.28902
0.09665 -0.10333 -0.28931
0.09845 -0.1024 -0.2896
0.10025 -0.10146 -0.2899
0.10205 -0.10052 -0.2902
0.10385 -0.09959 -0.29049
0.10566 -0.09865 -0.29078
0.10746 -0.09771 -0.29106
0.1093 -0.09665 -0.29133
0.11113 -0.09557 -0.29156
0.11297 -0.09449 -0.29175
0.1148 -0.09341 -0.29188
0.11664 -0.09231 -0.29195
0.11847 -0.0912 -0.29196
0.12031 -0.09009 -0.29191
0.12213 -0.08897 -0.29181
0.12395 -0.08774 -0.29169
0.12577 -0.0865 -0.29155
0.12759 -0.08527 -0.29142
0.1294 -0.08404 -0.2913
0.13122 -0.08282 -0.29122
0.13305 -0.0816 -0.29119
0.13487 -0.08038 -0.29121
0.1367 -0.07918 -0.29129
0.13867 -0.07798 -0.29141
0.14064 -0.07678 -0.29158
0.14262 -0.07559 -0.29179
0.1446 -0.07441 -0.29203
0.14658 -0.07322 -0.29229
0.14855 -0.07204 -0.29254
0.15053 -0.07086 -0.2928
0.15251 -0.06967 -0.29305
0.15455 -0.06848 -0.29329
0.15659 -0.06728 -0.29352
0.15864 -0.06608 -0.29373
0.16069 -0.06488 -0.29393
0.16273 -0.06368 -0.29413
0.16477 -0.06248 -0.29432
0.16682 -0.06127 -0.29451
0.16887 -0.06007 -0.29469
0.03593 -0.13378 -0.28028
0.03785 -0.13291 -0.28047
0.03977 -0.13206 -0.28068
0.0417 -0.1312 -0.28089
0.04362 -0.13036 -0.28112
0.04555 -0.12951 -0.28136
0.04747 -0.12866 -0.2816
0.0494 -0.12781 -0.28185
0.05132 -0.12697 -0.28209
0.05314 -0.12615 -0.28232
0.05496 -0.12533 -0.28254
0.05678 -0.1245 -0.28276
0.0586 -0.12367 -0.28296
0.06042 -0.12283 -0.28317
0.06224 -0.122 -0.28337
0.06406 -0.12118 -0.28358
0.06588 -0.12035 -0.28381
0.06765 -0.11955 -0.28404
0.06942 -0.11875 -0.2843
0.07118 -0.11796 -0.28457
0.07295 -0.11717 -0.28486
0.07471 -0.11638 -0.28516
0.07648 -0.11559 -0.28548
0.07824 -0.11481 -0.2858
0.08001 -0.11403 -0.28612
0.08178 -0.1132 -0.28646
0.08355 -0.11237 -0.28679
0.08532 -0.11154 -0.2871
0.0871 -0.1107 -0.28741
0.08887 -0.10986 -0.2877
0.09064 -0.10902 -0.28798
0.09241 -0.10818 -0.28824
0.09419 -0.10734 -0.2885
0.09599 -0.1064 -0.28877
0.09779 -0.10545 -0.28903
0.09959 -0.10451 -0.2893
0.10139 -0.10357 -0.28957
0.10318 -0.10263 -0.28985
0.10498 -0.10169 -0.29012
0.10678 -0.10075 -0.2904
0.10858 -0.09981 -0.29066
0.11041 -0.09874 -0.29092
0.11224 -0.09768 -0.29115
0.11407 -0.0966 -0.29134
0.1159 -0.09552 -0.29148
0.11774 -0.09443 -0.29156
0.11957 -0.09333 -0.29159
0.1214 -0.09222 -0.29156
0.12322 -0.0911 -0.29148
0.12504 -0.08987 -0.29138
0.12685 -0.08864 -0.29126
0.12866 -0.08741 -0.29113
0.13047 -0.08618 -0.29102
0.13228 -0.08496 -0.29093
0.1341 -0.08374 -0.29089
0.13592 -0.08252 -0.2909
0.13774 -0.08132 -0.29096
0.1397 -0.08011 -0.29106
0.14167 -0.07892 -0.29122
0.14364 -0.07773 -0.29143
0.14561 -0.07654 -0.29166
0.14759 -0.07536 -0.29191
0.14956 -0.07418 -0.29218
0.15153 -0.073 -0.29244
0.1535 -0.07181 -0.2927
0.15554 -0.07062 -0.29296
0.15758 -0.06942 -0.2932
0.15962 -0.06822 -0.29343
0.16167 -0.06702 -0.29364
0.16371 -0.06582 -0.29385
0.16575 -0.06462 -0.29405
0.16779 -0.06342 -0.29425
0.16984 -0.06222 -0.29445
0.17188 -0.06101 -0.29464
0.03715 -0.13569 -0.27953
0.03906 -0.13484 -0.27974
0.04097 -0.13399 -0.27996
0.04289 -0.13315 -0.2802
0.0448 -0.13231 -0.28045
0.04672 -0.13147 -0.28071
0.04863 -0.13063 -0.28098
0.05055 -0.1298 -0.28124
0.05247 -0.12897 -0.28151
0.05428 -0.12816 -0.28176
0.05609 -0.12734 -0.28201
0.0579 -0.12652 -0.28225
0.05972 -0.1257 -0.28249
0.06153 -0.12488 -0.28272
0.06334 -0.12406 -0.28296
0.06516 -0.12325 -0.28321
0.06697 -0.12244 -0.28346
0.06874 -0.12164 -0.28373
0.07051 -0.12085 -0.28401
0.07227 -0.12007 -0.2843
0.07404 -0.11929 -0.2846
0.0758 -0.1185 -0.28492
0.07757 -0.11772 -0.28525
0.07933 -0.11694 -0.28558
0.0811 -0.11616 -0.28592
0.08287 -0.11533 -0.28626
0.08464 -0.1145 -0.28659
0.08641 -0.11367 -0.28691
0.08819 -0.11283 -0.28721
0.08996 -0.11199 -0.2875
0.09173 -0.11114 -0.28777
0.09351 -0.1103 -0.28802
0.09528 -0.10945 -0.28826
0.09708 -0.1085 -0.28851
0.09887 -0.10755 -0.28875
0.10066 -0.1066 -0.28899
0.10246 -0.10565 -0.28924
0.10425 -0.1047 -0.28949
0.10604 -0.10376 -0.28974
0.10784 -0.10281 -0.29
0.10963 -0.10187 -0.29024
0.11146 -0.1008 -0.29049
0.11329 -0.09974 -0.29072
0.11512 -0.09867 -0.29092
0.11695 -0.09759 -0.29106
0.11878 -0.0965 -0.29115
0.12061 -0.0954 -0.2912
0.12243 -0.0943 -0.29119
0.12425 -0.09319 -0.29113
0.12607 -0.09197 -0.29105
0.12788 -0.09074 -0.29094
0.12969 -0.08952 -0.29083
0.13151 -0.0883 -0.29072
0.13332 -0.08708 -0.29063
0.13514 -0.08586 -0.29058
0.13696 -0.08466 -0.29058
0.13878 -0.08345 -0.29062
0.14074 -0.08225 -0.29071
0.14269 -0.08105 -0.29086
0.14466 -0.07986 -0.29105
0.14662 -0.07867 -0.29127
0.14859 -0.07749 -0.29152
0.15055 -0.07632 -0.29179
0.15252 -0.07514 -0.29206
0.15448 -0.07396 -0.29234
0.15652 -0.07277 -0.29261
0.15856 -0.07158 -0.29286
0.1606 -0.07038 -0.2931
0.16264 -0.06919 -0.29334
0.16468 -0.06799 -0.29356
0.16672 -0.0668 -0.29378
0.16876 -0.0656 -0.29399
0.1708 -0.0644 -0.2942
0.17285 -0.06319 -0.29441
0.03836 -0.1376 -0.27877
0.04027 -0.13676 -0.279
0.04217 -0.13592 -0.27924
0.04408 -0.13509 -0.27949
0.04598 -0.13426 -0.27976
0.04789 -0.13343 -0.28004
0.04979 -0.1326 -0.28032
0.0517 -0.13178 -0.28061
0.05361 -0.13095 -0.28089
0.05541 -0.13015 -0.28117
0.05722 -0.12935 -0.28144
0.05903 -0.12854 -0.28171
0.06084 -0.12773 -0.28198
0.06264 -0.12692 -0.28225
0.06445 -0.12612 -0.28252
0.06625 -0.12532 -0.2828
0.06806 -0.12452 -0.28309
0.06983 -0.12373 -0.28339
0.0716 -0.12295 -0.28369
0.07336 -0.12217 -0.28401
0.07513 -0.1214 -0.28433
0.07689 -0.12061 -0.28466
0.07866 -0.11983 -0.285
0.08042 -0.11906 -0.28535
0.08219 -0.11829 -0.28569
0.08396 -0.11746 -0.28604
0.08573 -0.11663 -0.28637
0.0875 -0.11579 -0.2867
0.08928 -0.11496 -0.287
0.09105 -0.11411 -0.28729
0.09282 -0.11327 -0.28755
0.0946 -0.11241 -0.2878
0.09638 -0.11155 -0.28802
0.09816 -0.1106 -0.28825
0.09995 -0.10964 -0.28847
0.10174 -0.10869 -0.28868
0.10353 -0.10773 -0.2889
0.10532 -0.10678 -0.28913
0.10711 -0.10582 -0.28936
0.10889 -0.10487 -0.28959
0.11068 -0.10392 -0.28982
0.11251 -0.10286 -0.29006
0.11433 -0.10179 -0.29028
0.11616 -0.10073 -0.29047
0.11799 -0.09966 -0.29062
0.11982 -0.09857 -0.29073
0.12164 -0.09748 -0.29079
0.12346 -0.09638 -0.2908
0.12528 -0.09527 -0.29076
0.1271 -0.09406 -0.2907
0.12891 -0.09284 -0.2906
0.13073 -0.09163 -0.2905
0.13254 -0.09041 -0.2904
0.13436 -0.0892 -0.29031
0.13618 -0.08799 -0.29026
0.138 -0.08678 -0.29025
0.13982 -0.08559 -0.29028
0.14177 -0.08438 -0.29035
0.14372 -0.08318 -0.29049
0.14567 -0.08198 -0.29067
0.14763 -0.0808 -0.29088
0.14959 -0.07962 -0.29112
0.15155 -0.07845 -0.29139
0.1535 -0.07728 -0.29167
0.15546 -0.0761 -0.29195
0.1575 -0.07492 -0.29223
0.15954 -0.07373 -0.2925
0.16157 -0.07254 -0.29276
0.16361 -0.07135 -0.29301
0.16565 -0.07016 -0.29325
0.16769 -0.06897 -0.29349
0.16972 -0.06778 -0.29372
0.17176 -0.06658 -0.29394
0.17381 -0.06538 -0.29416
0.17586 -0.06417 -0.29438
0.04147 -0.13868 -0.27825
0.04337 -0.13785 -0.2785
0.04526 -0.13702 -0.27877
0.04716 -0.1362 -0.27905
0.04906 -0.13537 -0.27933
0.05095 -0.13455 -0.27963
0.05285 -0.13374 -0.27993
0.05475 -0.13292 -0.28023
0.05655 -0.13213 -0.28053
0.05835 -0.13134 -0.28083
0.06015 -0.13054 -0.28113
0.06196 -0.12974 -0.28143
0.06376 -0.12895 -0.28173
0.06556 -0.12816 -0.28204
0.06735 -0.12737 -0.28236
0.06915 -0.12659 -0.28268
0.07092 -0.12581 -0.28301
0.07269 -0.12504 -0.28334
0.07445 -0.12427 -0.28368
0.07621 -0.1235 -0.28402
0.07798 -0.12272 -0.28437
0.07974 -0.12195 -0.28472
0.08151 -0.12118 -0.28508
0.08327 -0.12041 -0.28543
0.08505 -0.11958 -0.28578
0.08682 -0.11875 -0.28613
0.08859 -0.11792 -0.28646
0.09037 -0.11708 -0.28676
0.09214 -0.11623 -0.28705
0.09391 -0.11538 -0.28732
0.09569 -0.11453 -0.28756
0.09747 -0.11367 -0.28777
0.09925 -0.11271 -0.28799
0.10103 -0.11174 -0.28819
0.10282 -0.11078 -0.28838
0.1046 -0.10982 -0.28858
0.10639 -0.10885 -0.28877
0.10817 -0.10789 -0.28898
0.10995 -0.10693 -0.28919
0.11173 -0.10598 -0.28939
0.11355 -0.10492 -0.28961
0.11538 -0.10385 -0.28982
0.1172 -0.10279 -0.29001
0.11903 -0.10171 -0.29016
0.12085 -0.10064 -0.29028
0.12268 -0.09955 -0.29036
0.1245 -0.09846 -0.29039
0.12631 -0.09735 -0.29037
0.12813 -0.09615 -0.29033
0.12995 -0.09494 -0.29025
0.13176 -0.09373 -0.29015
0.13358 -0.09252 -0.29006
0.13539 -0.09131 -0.28998
0.13721 -0.09011 -0.28992
0.13903 -0.08891 -0.2899
0.14086 -0.08772 -0.28993
0.1428 -0.08651 -0.28999
0.14474 -0.08531 -0.29011
0.14669 -0.08411 -0.29027
0.14864 -0.08293 -0.29048
0.15059 -0.08175 -0.29072
0.15254 -0.08058 -0.29098
0.15449 -0.07941 -0.29126
0.15644 -0.07824 -0.29154
0.15848 -0.07706 -0.29184
0.16051 -0.07588 -0.29212
0.16255 -0.0747 -0.2924
0.16458 -0.07351 -0.29267
0.16662 -0.07233 -0.29293
0.16865 -0.07114 -0.29318
0.17069 -0.06995 -0.29342
0.17272 -0.06876 -0.29366
0.17477 -0.06756 -0.2939
0.17682 -0.06635 -0.29413
0.04267 -0.1406 -0.2775
0.04456 -0.13977 -0.27776
0.04645 -0.13895 -0.27804
0.04834 -0.13813 -0.27832
0.05023 -0.13731 -0.27861
0.05211 -0.1365 -0.27891
0.054 -0.13569 -0.27921
0.05589 -0.13488 -0.27953
0.05768 -0.13409 -0.27984
0.05948 -0.13331 -0.28016
0.06128 -0.13252 -0.28049
0.06308 -0.13174 -0.28082
0.06487 -0.13097 -0.28116
0.06667 -0.13019 -0.28151
0.06846 -0.12942 -0.28186
0.07025 -0.12864 -0.28222
0.07201 -0.12788 -0.28258
0.07378 -0.12712 -0.28294
0.07554 -0.12635 -0.2833
0.07731 -0.12559 -0.28367
0.07907 -0.12482 -0.28404
0.08084 -0.12406 -0.2844
0.0826 -0.12329 -0.28477
0.08437 -0.12253 -0.28513
0.08614 -0.1217 -0.2855
0.08792 -0.12087 -0.28585
0.08969 -0.12003 -0.28618
0.09146 -0.1192 -0.2865
0.09323 -0.11835 -0.28679
0.09501 -0.1175 -0.28705
0.09679 -0.11664 -0.28729
0.09857 -0.11578 -0.28751
0.10034 -0.11481 -0.28771
0.10212 -0.11384 -0.2879
0.1039 -0.11287 -0.28808
0.10568 -0.1119 -0.28825
0.10745 -0.11093 -0.28843
0.10923 -0.10996 -0.28861
0.11101 -0.109 -0.28879
0.11278 -0.10803 -0.28897
0.1146 -0.10697 -0.28917
0.11642 -0.10591 -0.28937
0.11824 -0.10484 -0.28955
0.12006 -0.10377 -0.28971
0.12189 -0.1027 -0.28983
0.12371 -0.10162 -0.28992
0.12553 -0.10053 -0.28997
0.12734 -0.09943 -0.28997
0.12916 -0.09824 -0.28994
0.13098 -0.09704 -0.28988
0.1328 -0.09584 -0.2898
0.13461 -0.09463 -0.28971
0.13643 -0.09343 -0.28963
0.13825 -0.09223 -0.28958
0.14007 -0.09104 -0.28955
0.1419 -0.08985 -0.28957
0.14383 -0.08864 -0.28962
0.14577 -0.08744 -0.28973
0.14771 -0.08624 -0.28988
0.14965 -0.08506 -0.29007
0.15159 -0.08388 -0.2903
0.15353 -0.08271 -0.29056
0.15548 -0.08154 -0.29083
0.15742 -0.08038 -0.29112
0.15945 -0.0792 -0.29142
0.16149 -0.07802 -0.29172
0.16352 -0.07684 -0.29201
0.16556 -0.07566 -0.2923
0.16759 -0.07448 -0.29258
0.16962 -0.0733 -0.29284
0.17165 -0.07212 -0.2931
0.17369 -0.07093 -0.29336
0.17573 -0.06973 -0.29362
0.17778 -0.06853 -0.29387
0.17983 -0.06733 -0.29411
0.04576 -0.1417 -0.27702
0.04764 -0.14088 -0.27729
0.04952 -0.14006 -0.27758
0.0514 -0.13924 -0.27786
0.05327 -0.13843 -0.27816
0.05515 -0.13763 -0.27846
0.05703 -0.13682 -0.27878
0.05882 -0.13604 -0.2791
0.06061 -0.13526 -0.27943
0.06241 -0.13449 -0.27979
0.0642 -0.13373 -0.28015
0.06599 -0.13296 -0.28052
0.06778 -0.1322 -0.28091
0.06956 -0.13144 -0.2813
0.07135 -0.13068 -0.28169
0.07311 -0.12993 -0.28209
0.07487 -0.12918 -0.28248
0.07664 -0.12842 -0.28288
0.0784 -0.12767 -0.28327
0.08017 -0.12691 -0.28365
0.08193 -0.12615 -0.28404
0.0837 -0.12539 -0.28441
0.08546 -0.12463 -0.28478
0.08723 -0.1238 -0.28516
0.08901 -0.12297 -0.28552
0.09078 -0.12214 -0.28587
0.09255 -0.1213 -0.28619
0.09433 -0.12045 -0.28649
0.09611 -0.1196 -0.28676
0.09788 -0.11874 -0.287
0.09966 -0.11787 -0.28722
0.10143 -0.11691 -0.28742
0.1032 -0.11594 -0.2876
0.10498 -0.11496 -0.28777
0.10675 -0.11398 -0.28793
0.10852 -0.11301 -0.28808
0.11029 -0.11203 -0.28823
0.11206 -0.11106 -0.28839
0.11383 -0.11009 -0.28856
0.11565 -0.10903 -0.28874
0.11747 -0.10797 -0.28892
0.11928 -0.1069 -0.28909
0.1211 -0.10583 -0.28924
0.12292 -0.10477 -0.28937
0.12474 -0.10369 -0.28947
0.12656 -0.1026 -0.28954
0.12837 -0.10151 -0.28955
0.13019 -0.10032 -0.28954
0.13201 -0.09913 -0.28949
0.13383 -0.09794 -0.28943
0.13565 -0.09674 -0.28935
0.13746 -0.09554 -0.28928
0.13928 -0.09434 -0.28922
0.14111 -0.09315 -0.28919
0.14293 -0.09197 -0.2892
0.14486 -0.09076 -0.28925
0.14679 -0.08956 -0.28934
0.14872 -0.08836 -0.28948
0.15065 -0.08718 -0.28966
0.15259 -0.086 -0.28988
0.15453 -0.08483 -0.29013
0.15646 -0.08367 -0.2904
0.1584 -0.08251 -0.29069
0.16043 -0.08133 -0.29099
0.16246 -0.08016 -0.2913
0.16449 -0.07898 -0.2916
0.16652 -0.07781 -0.2919
0.16855 -0.07663 -0.29219
0.17058 -0.07546 -0.29248
0.17261 -0.07428 -0.29276
0.17464 -0.0731 -0.29303
0.17669 -0.0719 -0.2933
0.17874 -0.07071 -0.29357
0.18079 -0.06951 -0.29383
0.04695 -0.14362 -0.27626
0.04883 -0.1428 -0.27654
0.0507 -0.14198 -0.27682
0.05257 -0.14117 -0.2771
0.05443 -0.14036 -0.27739
0.0563 -0.13956 -0.27769
0.05817 -0.13875 -0.27801
0.05996 -0.13798 -0.27833
0.06175 -0.13721 -0.27868
0.06354 -0.13644 -0.27904
0.06533 -0.13569 -0.27942
0.06711 -0.13494 -0.27982
0.06889 -0.13419 -0.28024
0.07067 -0.13345 -0.28066
0.07246 -0.1327 -0.2811
0.07422 -0.13196 -0.28153
0.07598 -0.13122 -0.28196
0.07774 -0.13047 -0.28238
0.0795 -0.12973 -0.2828
0.08127 -0.12898 -0.28321
0.08303 -0.12822 -0.28361
0.0848 -0.12747 -0.284
0.08657 -0.12671 -0.28438
0.08834 -0.12589 -0.28477
0.09011 -0.12506 -0.28514
0.09188 -0.12423 -0.28549
0.09366 -0.12339 -0.28582
0.09543 -0.12254 -0.28613
0.09721 -0.12169 -0.28641
0.09898 -0.12083 -0.28667
0.10076 -0.11996 -0.28689
0.10252 -0.119 -0.2871
0.10429 -0.11803 -0.28728
0.10606 -0.11705 -0.28744
0.10783 -0.11607 -0.28759
0.10959 -0.11508 -0.28773
0.11135 -0.1141 -0.28786
0.11312 -0.11312 -0.288
0.11488 -0.11214 -0.28814
0.1167 -0.11108 -0.2883
0.11851 -0.11002 -0.28847
0.12033 -0.10896 -0.28863
0.12214 -0.10789 -0.28878
0.12396 -0.10683 -0.28891
0.12577 -0.10575 -0.28902
0.12758 -0.10467 -0.28909
0.12939 -0.10358 -0.28912
0.13122 -0.10241 -0.28912
0.13304 -0.10122 -0.2891
0.13486 -0.10003 -0.28904
0.13668 -0.09884 -0.28897
0.1385 -0.09765 -0.28891
0.14032 -0.09646 -0.28885
0.14214 -0.09527 -0.28883
0.14397 -0.09409 -0.28883
0.14589 -0.09288 -0.28887
0.14781 -0.09168 -0.28895
0.14973 -0.09048 -0.28908
0.15166 -0.0893 -0.28925
0.15359 -0.08813 -0.28946
0.15552 -0.08696 -0.2897
0.15745 -0.08579 -0.28996
0.15938 -0.08463 -0.29025
0.16141 -0.08346 -0.29055
0.16344 -0.08229 -0.29086
0.16546 -0.08112 -0.29117
0.16749 -0.07995 -0.29147
0.16952 -0.07878 -0.29178
0.17155 -0.07761 -0.29208
0.17357 -0.07644 -0.29237
0.1756 -0.07526 -0.29266
0.17765 -0.07407 -0.29296
0.1797 -0.07287 -0.29324
0.18174 -0.07168 -0.29352
0.04815 -0.14554 -0.27551
0.05001 -0.14473 -0.27578
0.05188 -0.14391 -0.27605
0.05374 -0.1431 -0.27633
0.0556 -0.14229 -0.27662
0.05745 -0.14148 -0.27691
0.05931 -0.14068 -0.27722
0.0611 -0.13991 -0.27755
0.06288 -0.13914 -0.2779
0.06467 -0.13838 -0.27827
0.06645 -0.13764 -0.27867
0.06823 -0.13689 -0.27909
0.07001 -0.13616 -0.27952
0.07179 -0.13543 -0.27998
0.07356 -0.1347 -0.28044
0.07532 -0.13397 -0.2809
0.07708 -0.13324 -0.28136
0.07884 -0.1325 -0.28181
0.08061 -0.13177 -0.28225
0.08237 -0.13103 -0.28269
0.08414 -0.13028 -0.28311
0.0859 -0.12953 -0.28351
0.08767 -0.12878 -0.28391
0.08944 -0.12796 -0.2843
0.09121 -0.12714 -0.28468
0.09298 -0.1263 -0.28505
0.09476 -0.12547 -0.28539
0.09653 -0.12462 -0.28571
0.09831 -0.12377 -0.286
0.10008 -0.12291 -0.28627
0.10186 -0.12204 -0.28651
0.10362 -0.12108 -0.28673
0.10538 -0.12011 -0.28692
0.10714 -0.11913 -0.28708
0.1089 -0.11814 -0.28723
0.11066 -0.11716 -0.28736
0.11241 -0.11617 -0.28748
0.11417 -0.11519 -0.2876
0.11593 -0.1142 -0.28773
0.11774 -0.11314 -0.28787
0.11955 -0.11207 -0.28801
0.12136 -0.11101 -0.28816
0.12318 -0.10995 -0.2883
0.12499 -0.10889 -0.28844
0.1268 -0.10782 -0.28855
0.12861 -0.10674 -0.28862
0.13041 -0.10566 -0.28867
0.13224 -0.10449 -0.28869
0.13407 -0.10331 -0.28868
0.13589 -0.10213 -0.28863
0.13771 -0.10094 -0.28858
0.13953 -0.09976 -0.28852
0.14135 -0.09857 -0.28847
0.14318 -0.09739 -0.28845
0.145 -0.09621 -0.28845
0.14692 -0.095 -0.28848
0.14883 -0.0938 -0.28856
0.15075 -0.09261 -0.28868
0.15267 -0.09142 -0.28884
0.15459 -0.09025 -0.28904
0.15652 -0.08909 -0.28927
0.15844 -0.08792 -0.28952
0.16036 -0.08676 -0.2898
0.16239 -0.08559 -0.29009
0.16441 -0.08442 -0.2904
0.16644 -0.08325 -0.29071
0.16846 -0.08208 -0.29102
0.17049 -0.08091 -0.29133
0.17251 -0.07975 -0.29164
0.17454 -0.07858 -0.29195
0.17656 -0.07742 -0.29226
0.17861 -0.07623 -0.29257
0.18065 -0.07504 -0.29287
0.1827 -0.07384 -0.29316
0.18474 -0.07264 -0.29344
0.0512 -0.14665 -0.27501
0.05305 -0.14583 -0.27528
0.0549 -0.14502 -0.27555
0.05676 -0.14421 -0.27583
0.05861 -0.14341 -0.27612
0.06046 -0.14261 -0.27643
0.06224 -0.14184 -0.27676
0.06402 -0.14107 -0.27711
0.0658 -0.14032 -0.27749
0.06758 -0.13958 -0.27789
0.06935 -0.13884 -0.27833
0.07113 -0.13812 -0.27878
0.0729 -0.13739 -0.27925
0.07468 -0.13667 -0.27973
0.07644 -0.13595 -0.28022
0.0782 -0.13523 -0.2807
0.07996 -0.13451 -0.28117
0.08172 -0.13378 -0.28164
0.08348 -0.13305 -0.28209
0.08525 -0.13231 -0.28253
0.08701 -0.13158 -0.28296
0.08878 -0.13083 -0.28336
0.09055 -0.13002 -0.28378
0.09232 -0.12919 -0.28417
0.09409 -0.12836 -0.28454
0.09587 -0.12752 -0.2849
0.09764 -0.12668 -0.28523
0.09941 -0.12583 -0.28553
0.10118 -0.12498 -0.28582
0.10296 -0.12411 -0.28607
0.10471 -0.12315 -0.2863
0.10647 -0.12218 -0.28651
0.10822 -0.1212 -0.28668
0.10997 -0.12021 -0.28683
0.11172 -0.11922 -0.28696
0.11347 -0.11824 -0.28708
0.11522 -0.11724 -0.28719
0.11697 -0.11625 -0.2873
0.11878 -0.11519 -0.28742
0.12059 -0.11412 -0.28755
0.1224 -0.11306 -0.28769
0.12421 -0.112 -0.28782
0.12602 -0.11094 -0.28795
0.12782 -0.10988 -0.28806
0.12963 -0.1088 -0.28814
0.13143 -0.10773 -0.2882
0.13326 -0.10656 -0.28823
0.13509 -0.10539 -0.28823
0.13692 -0.10422 -0.28821
0.13874 -0.10304 -0.28816
0.14056 -0.10186 -0.28812
0.14239 -0.10068 -0.28807
0.14421 -0.0995 -0.28805
0.14604 -0.09833 -0.28805
0.14794 -0.09712 -0.28809
0.14985 -0.09592 -0.28816
0.15176 -0.09473 -0.28827
0.15368 -0.09355 -0.28842
0.15559 -0.09238 -0.28861
0.15751 -0.09121 -0.28883
0.15942 -0.09005 -0.28908
0.16134 -0.08889 -0.28934
0.16336 -0.08772 -0.28963
0.16539 -0.08654 -0.28992
0.16741 -0.08537 -0.29022
0.16943 -0.08421 -0.29053
0.17145 -0.08304 -0.29084
0.17348 -0.08188 -0.29116
0.1755 -0.08072 -0.29148
0.17752 -0.07956 -0.2918
0.17956 -0.07837 -0.29212
0.18161 -0.07719 -0.29244
0.18365 -0.076 -0.29275
0.1857 -0.0748 -0.29304
0.05231 -0.14857 -0.27423
0.05415 -0.14776 -0.2745
0.05599 -0.14694 -0.27477
0.05784 -0.14614 -0.27505
0.05968 -0.14533 -0.27534
0.06153 -0.14453 -0.27565
0.0633 -0.14376 -0.27598
0.06507 -0.14299 -0.27633
0.06685 -0.14224 -0.27671
0.06862 -0.1415 -0.27712
0.07039 -0.14077 -0.27756
0.07215 -0.14004 -0.27802
0.07392 -0.13932 -0.2785
0.07569 -0.13861 -0.27899
0.07745 -0.13789 -0.27949
0.0792 -0.13718 -0.27999
0.08096 -0.13646 -0.28049
0.08272 -0.13574 -0.28097
0.08449 -0.13501 -0.28144
0.08625 -0.13428 -0.2819
0.08801 -0.13355 -0.28234
0.08978 -0.13281 -0.28277
0.09155 -0.132 -0.28319
0.09332 -0.13118 -0.2836
0.0951 -0.13035 -0.28399
0.09688 -0.12952 -0.28435
0.09865 -0.12868 -0.2847
0.10043 -0.12784 -0.28502
0.10221 -0.12699 -0.28531
0.10398 -0.12613 -0.28557
0.10574 -0.12517 -0.28583
0.1075 -0.12421 -0.28605
0.10925 -0.12323 -0.28624
0.11101 -0.12225 -0.28639
0.11276 -0.12127 -0.28653
0.11451 -0.12028 -0.28664
0.11626 -0.11929 -0.28675
0.11801 -0.1183 -0.28685
0.11982 -0.11723 -0.28696
0.12162 -0.11617 -0.28708
0.12343 -0.11511 -0.2872
0.12523 -0.11405 -0.28732
0.12703 -0.11299 -0.28744
0.12883 -0.11192 -0.28755
0.13063 -0.11086 -0.28764
0.13243 -0.10978 -0.2877
0.13426 -0.10863 -0.28775
0.13609 -0.10747 -0.28776
0.13791 -0.1063 -0.28775
0.13973 -0.10513 -0.28772
0.14155 -0.10396 -0.28769
0.14338 -0.10278 -0.28765
0.1452 -0.10161 -0.28763
0.14702 -0.10045 -0.28764
0.14892 -0.09924 -0.28767
0.15082 -0.09805 -0.28774
0.15273 -0.09686 -0.28785
0.15464 -0.09568 -0.28799
0.15654 -0.09451 -0.28817
0.15845 -0.09335 -0.28838
0.16036 -0.09219 -0.28862
0.16227 -0.09103 -0.28887
0.16429 -0.08986 -0.28915
0.1663 -0.08869 -0.28943
0.16831 -0.08752 -0.28972
0.17032 -0.08635 -0.29001
0.17233 -0.08519 -0.29032
0.17435 -0.08403 -0.29063
0.17636 -0.08287 -0.29095
0.17837 -0.08171 -0.29127
0.18041 -0.08053 -0.29161
0.18245 -0.07935 -0.29194
0.18449 -0.07817 -0.29226
0.18653 -0.07698 -0.29257
0.18856 -0.07578 -0.29285
0.05525 -0.14968 -0.27371
0.05708 -0.14887 -0.27398
0.05892 -0.14806 -0.27425
0.06075 -0.14725 -0.27455
0.06259 -0.14646 -0.27486
0.06436 -0.14568 -0.27519
0.06612 -0.14492 -0.27555
0.06789 -0.14417 -0.27593
0.06966 -0.14343 -0.27634
0.07142 -0.14269 -0.27678
0.07318 -0.14196 -0.27725
0.07494 -0.14124 -0.27773
0.0767 -0.14053 -0.27823
0.07846 -0.13981 -0.27874
0.08022 -0.1391 -0.27925
0.08198 -0.13839 -0.27975
0.08374 -0.13767 -0.28025
0.0855 -0.13695 -0.28074
0.08726 -0.13623 -0.28121
0.08902 -0.13549 -0.28167
0.09079 -0.13476 -0.28211
0.09256 -0.13395 -0.28255
0.09434 -0.13314 -0.28297
0.09611 -0.13232 -0.28337
0.09789 -0.1315 -0.28375
0.09967 -0.13066 -0.2841
0.10145 -0.12982 -0.28444
0.10323 -0.12898 -0.28474
0.10501 -0.12812 -0.28502
0.10677 -0.12718 -0.28529
0.10852 -0.12622 -0.28553
0.11028 -0.12526 -0.28573
0.11204 -0.12428 -0.2859
0.1138 -0.1233 -0.28604
0.11555 -0.12232 -0.28617
0.1173 -0.12133 -0.28627
0.11905 -0.12034 -0.28637
0.12085 -0.11928 -0.28647
0.12265 -0.11821 -0.28658
0.12445 -0.11715 -0.28669
0.12625 -0.11609 -0.28681
0.12805 -0.11503 -0.28692
0.12984 -0.11397 -0.28703
0.13164 -0.1129 -0.28712
0.13343 -0.11184 -0.28719
0.13526 -0.11069 -0.28724
0.13708 -0.10954 -0.28727
0.1389 -0.10838 -0.28727
0.14072 -0.10721 -0.28725
0.14254 -0.10605 -0.28723
0.14436 -0.10488 -0.2872
0.14618 -0.10372 -0.28719
0.148 -0.10256 -0.28719
0.14989 -0.10136 -0.28723
0.15179 -0.10017 -0.2873
0.15369 -0.09899 -0.2874
0.15559 -0.09781 -0.28754
0.15749 -0.09664 -0.28772
0.15939 -0.09548 -0.28792
0.16129 -0.09432 -0.28815
0.1632 -0.09317 -0.28839
0.16521 -0.092 -0.28865
0.16721 -0.09082 -0.28892
0.16921 -0.08965 -0.28919
0.17121 -0.08849 -0.28947
0.17322 -0.08732 -0.28976
0.17522 -0.08617 -0.29006
0.17723 -0.08501 -0.29037
0.17923 -0.08385 -0.29069
0.18126 -0.08267 -0.29102
0.18329 -0.08149 -0.29136
0.18532 -0.08031 -0.29169
0.18735 -0.07913 -0.29201
0.18938 -0.07794 -0.2923
0.05635 -0.15161 -0.27292
0.05817 -0.15079 -0.27319
0.06 -0.14999 -0.27346
0.06183 -0.14918 -0.27376
0.06365 -0.14838 -0.27407
0.06541 -0.14761 -0.27441
0.06717 -0.14684 -0.27477
0.06893 -0.14609 -0.27515
0.0707 -0.14535 -0.27556
0.07245 -0.14461 -0.27601
0.07421 -0.14389 -0.27647
0.07596 -0.14316 -0.27696
0.07771 -0.14245 -0.27745
0.07947 -0.14173 -0.27796
0.08123 -0.14102 -0.27847
0.08299 -0.1403 -0.27899
0.08475 -0.13959 -0.27949
0.08651 -0.13887 -0.27999
0.08827 -0.13815 -0.28048
0.09003 -0.13742 -0.28095
0.0918 -0.13669 -0.2814
0.09358 -0.13589 -0.28185
0.09535 -0.13509 -0.28228
0.09713 -0.13428 -0.28269
0.09891 -0.13346 -0.28308
0.10069 -0.13263 -0.28345
0.10247 -0.13179 -0.28379
0.10425 -0.13096 -0.28411
0.10604 -0.13011 -0.2844
0.10779 -0.12917 -0.28469
0.10955 -0.12822 -0.28494
0.11131 -0.12726 -0.28516
0.11307 -0.1263 -0.28535
0.11483 -0.12532 -0.2855
0.11658 -0.12434 -0.28564
0.11834 -0.12336 -0.28575
0.12009 -0.12237 -0.28585
0.12188 -0.12131 -0.28595
0.12368 -0.12025 -0.28606
0.12547 -0.11919 -0.28616
0.12727 -0.11813 -0.28627
0.12906 -0.11707 -0.28638
0.13085 -0.11601 -0.28649
0.13264 -0.11495 -0.28658
0.13443 -0.11388 -0.28665
0.13625 -0.11274 -0.28671
0.13808 -0.1116 -0.28674
0.13989 -0.11044 -0.28675
0.14171 -0.10929 -0.28675
0.14353 -0.10813 -0.28673
0.14534 -0.10698 -0.28671
0.14716 -0.10582 -0.2867
0.14898 -0.10467 -0.28671
0.15087 -0.10347 -0.28675
0.15276 -0.10228 -0.28682
0.15465 -0.10111 -0.28692
0.15654 -0.09993 -0.28706
0.15844 -0.09877 -0.28724
0.16034 -0.09761 -0.28743
0.16223 -0.09646 -0.28765
0.16413 -0.09531 -0.28789
0.16613 -0.09414 -0.28813
0.16812 -0.09296 -0.28839
0.17011 -0.09179 -0.28864
0.1721 -0.09062 -0.2889
0.1741 -0.08945 -0.28917
0.17609 -0.08829 -0.28945
0.17809 -0.08713 -0.28974
0.18008 -0.08597 -0.29005
0.1821 -0.08479 -0.29037
0.18413 -0.08362 -0.2907
0.18615 -0.08244 -0.29103
0.18817 -0.08126 -0.29136
0.05926 -0.15272 -0.2724
0.06108 -0.15192 -0.27268
0.0629 -0.15111 -0.27298
0.06471 -0.15031 -0.27329
0.06647 -0.14954 -0.27363
0.06822 -0.14877 -0.27399
0.06998 -0.14802 -0.27438
0.07173 -0.14728 -0.2748
0.07349 -0.14654 -0.27524
0.07524 -0.14581 -0.2757
0.07699 -0.14508 -0.27618
0.07873 -0.14436 -0.27667
0.08049 -0.14364 -0.27718
0.08225 -0.14292 -0.27769
0.08401 -0.14221 -0.2782
0.08577 -0.1415 -0.27871
0.08753 -0.14078 -0.27922
0.08929 -0.14006 -0.27971
0.09105 -0.13934 -0.28018
0.09282 -0.1386 -0.28064
0.09459 -0.13781 -0.28111
0.09637 -0.13701 -0.28154
0.09815 -0.13621 -0.28196
0.09993 -0.13539 -0.28236
0.10171 -0.13457 -0.28273
0.10349 -0.13374 -0.28309
0.10527 -0.13291 -0.28342
0.10706 -0.13207 -0.28372
0.10882 -0.13114 -0.28402
0.11058 -0.1302 -0.28428
0.11234 -0.12925 -0.28452
0.1141 -0.12829 -0.28473
0.11586 -0.12733 -0.2849
0.11761 -0.12635 -0.28505
0.11937 -0.12537 -0.28517
0.12112 -0.12439 -0.28528
0.12291 -0.12333 -0.28539
0.1247 -0.12227 -0.2855
0.12649 -0.12121 -0.2856
0.12828 -0.12016 -0.28571
0.13007 -0.1191 -0.28581
0.13185 -0.11805 -0.28591
0.13364 -0.11698 -0.286
0.13542 -0.11592 -0.28607
0.13725 -0.11478 -0.28613
0.13906 -0.11365 -0.28617
0.14088 -0.1125 -0.28619
0.14269 -0.11136 -0.28619
0.14451 -0.11021 -0.28619
0.14632 -0.10906 -0.28618
0.14814 -0.10792 -0.28618
0.14995 -0.10677 -0.28619
0.15183 -0.10558 -0.28623
0.15372 -0.10439 -0.2863
0.1556 -0.10322 -0.28641
0.15749 -0.10205 -0.28654
0.15938 -0.10089 -0.28671
0.16128 -0.09973 -0.28691
0.16317 -0.09859 -0.28712
0.16506 -0.09744 -0.28735
0.16705 -0.09627 -0.28758
0.16903 -0.0951 -0.28782
0.17101 -0.09392 -0.28807
0.17299 -0.09275 -0.28831
0.17498 -0.09157 -0.28856
0.17696 -0.09041 -0.28881
0.17895 -0.08924 -0.28908
0.18093 -0.08808 -0.28936
0.18295 -0.0869 -0.28967
0.06035 -0.15466 -0.27164
0.06216 -0.15385 -0.27191
0.06397 -0.15304 -0.27221
0.06577 -0.15225 -0.27253
0.06752 -0.15147 -0.27287
0.06927 -0.15071 -0.27324
0.07102 -0.14995 -0.27363
0.07277 -0.14921 -0.27405
0.07452 -0.14847 -0.27449
0.07627 -0.14773 -0.27495
0.07801 -0.14701 -0.27542
0.07975 -0.14628 -0.27591
0.08151 -0.14556 -0.2764
0.08327 -0.14484 -0.27691
0.08502 -0.14412 -0.27741
0.08678 -0.1434 -0.27792
0.08854 -0.14269 -0.27842
0.0903 -0.14197 -0.27891
0.09206 -0.14124 -0.27939
0.09383 -0.14051 -0.27985
0.0956 -0.13973 -0.28032
0.09738 -0.13893 -0.28077
0.09917 -0.13813 -0.28119
0.10095 -0.13732 -0.28159
0.10273 -0.13651 -0.28198
0.10451 -0.13568 -0.28234
0.1063 -0.13486 -0.28267
0.10809 -0.13402 -0.28298
0.10985 -0.1331 -0.28329
0.11161 -0.13216 -0.28357
0.11337 -0.13122 -0.28382
0.11513 -0.13027 -0.28404
0.11689 -0.12931 -0.28423
0.11864 -0.12834 -0.28439
0.1204 -0.12737 -0.28453
0.12215 -0.12639 -0.28465
0.12394 -0.12534 -0.28477
0.12573 -0.12429 -0.28488
0.12751 -0.12323 -0.28499
0.1293 -0.12218 -0.2851
0.13108 -0.12113 -0.2852
0.13286 -0.12007 -0.2853
0.13464 -0.11901 -0.28538
0.13642 -0.11795 -0.28545
0.13824 -0.11682 -0.28551
0.14005 -0.11569 -0.28556
0.14187 -0.11456 -0.28559
0.14368 -0.11342 -0.2856
0.14549 -0.11228 -0.2856
0.1473 -0.11114 -0.2856
0.14911 -0.10999 -0.2856
0.15093 -0.10885 -0.28562
0.1528 -0.10767 -0.28566
0.15468 -0.10649 -0.28574
0.15656 -0.10532 -0.28584
0.15844 -0.10415 -0.28597
0.16032 -0.10299 -0.28614
0.16221 -0.10184 -0.28633
0.1641 -0.1007 -0.28654
0.16598 -0.09956 -0.28676
0.16796 -0.09838 -0.28699
0.16993 -0.09721 -0.28722
0.17191 -0.09604 -0.28745
0.17388 -0.09486 -0.28768
0.17585 -0.09369 -0.28791
0.06324 -0.15579 -0.27118
0.06504 -0.15499 -0.27147
0.06683 -0.15419 -0.27179
0.06858 -0.15342 -0.27213
0.07032 -0.15265 -0.2725
0.07207 -0.15189 -0.2729
0.07381 -0.15115 -0.27332
0.07555 -0.1504 -0.27376
0.07729 -0.14967 -0.27421
0.07903 -0.14894 -0.27468
0.08076 -0.14821 -0.27516
0.08252 -0.14748 -0.27565
0.08428 -0.14676 -0.27614
0.08604 -0.14604 -0.27664
0.0878 -0.14531 -0.27714
0.08956 -0.1446 -0.27763
0.09132 -0.14388 -0.27811
0.09308 -0.14314 -0.27859
0.09484 -0.14241 -0.27905
0.09662 -0.14163 -0.27951
0.0984 -0.14084 -0.27996
0.10018 -0.14004 -0.28039
0.10197 -0.13923 -0.2808
0.10375 -0.13843 -0.28119
0.10554 -0.13761 -0.28155
0.10733 -0.13679 -0.28189
0.10911 -0.13595 -0.2822
0.11087 -0.13503 -0.28251
0.11263 -0.1341 -0.2828
0.11439 -0.13317 -0.28305
0.11615 -0.13222 -0.28328
0.11791 -0.13127 -0.28348
0.11966 -0.13031 -0.28366
0.12142 -0.12935 -0.28381
0.12317 -0.12837 -0.28394
0.12496 -0.12733 -0.28408
0.12674 -0.12629 -0.2842
0.12852 -0.12524 -0.28432
0.1303 -0.12419 -0.28443
0.13208 -0.12313 -0.28453
0.13385 -0.12208 -0.28463
0.13563 -0.12103 -0.28472
0.1374 -0.11997 -0.28479
0.13922 -0.11885 -0.28485
0.14103 -0.11773 -0.2849
0.14285 -0.1166 -0.28493
0.14465 -0.11547 -0.28495
0.14646 -0.11433 -0.28497
0.14827 -0.1132 -0.28497
0.15008 -0.11206 -0.28498
0.15189 -0.11093 -0.285
0.15376 -0.10975 -0.28505
0.15563 -0.10857 -0.28512
0.1575 -0.1074 -0.28522
0.15938 -0.10624 -0.28535
0.16126 -0.10508 -0.28551
0.16314 -0.10393 -0.28569
0.16502 -0.10279 -0.2859
0.1669 -0.10166 -0.28611
0.16887 -0.10048 -0.28633
0.17083 -0.09931 -0.28656
0.06432 -0.15775 -0.27047
0.06611 -0.15695 -0.27077
0.06789 -0.15615 -0.27109
0.06963 -0.15537 -0.27143
0.07137 -0.1546 -0.2718
0.07311 -0.15385 -0.2722
0.07485 -0.1531 -0.27262
0.07658 -0.15235 -0.27305
0.07831 -0.15161 -0.27351
0.08004 -0.15088 -0.27397
0.08177 -0.15015 -0.27444
0.08353 -0.14942 -0.27492
0.08529 -0.14869 -0.2754
0.08705 -0.14796 -0.27589
0.08881 -0.14723 -0.27637
0.09057 -0.14651 -0.27685
0.09234 -0.14578 -0.27732
0.09409 -0.14505 -0.27779
0.09585 -0.14431 -0.27824
0.09764 -0.14353 -0.2787
0.09942 -0.14274 -0.27914
0.1012 -0.14194 -0.27957
0.10299 -0.14114 -0.27997
0.10477 -0.14033 -0.28036
0.10656 -0.13952 -0.28073
0.10835 -0.1387 -0.28107
0.11014 -0.13787 -0.28138
0.1119 -0.13695 -0.28169
0.11366 -0.13603 -0.28197
0.11542 -0.1351 -0.28223
0.11717 -0.13416 -0.28246
0.11893 -0.13321 -0.28267
0.12068 -0.13226 -0.28285
0.12244 -0.1313 -0.28302
0.1242 -0.13034 -0.28317
0.12598 -0.1293 -0.28332
0.12775 -0.12827 -0.28346
0.12953 -0.12722 -0.28358
0.1313 -0.12618 -0.2837
0.13307 -0.12513 -0.28381
0.13484 -0.12408 -0.28391
0.13662 -0.12303 -0.284
0.13838 -0.12197 -0.28407
0.1402 -0.12086 -0.28414
0.14201 -0.11974 -0.28419
0.14382 -0.11862 -0.28423
0.14563 -0.1175 -0.28426
0.14744 -0.11637 -0.28428
0.14924 -0.11524 -0.28429
0.15105 -0.11411 -0.2843
0.15285 -0.11299 -0.28432
0.15471 -0.11181 -0.28437
0.15658 -0.11064 -0.28445
0.15845 -0.10947 -0.28454
0.16032 -0.10831 -0.28467
0.16219 -0.10716 -0.28482
0.16406 -0.10601 -0.285
0.06895 -0.15812 -0.27043
0.06718 -0.15892 -0.2701
0.07069 -0.15734 -0.27077
0.07242 -0.15657 -0.27114
0.07415 -0.15581 -0.27153
0.07588 -0.15506 -0.27195
0.07761 -0.15432 -0.27239
0.07933 -0.15357 -0.27284
0.08105 -0.15284 -0.27329
0.08277 -0.1521 -0.27376
0.08454 -0.15137 -0.27423
0.0863 -0.15064 -0.2747
0.08806 -0.1499 -0.27517
0.08982 -0.14917 -0.27564
0.09158 -0.14843 -0.2761
0.09335 -0.14769 -0.27656
0.09511 -0.14696 -0.277
0.09687 -0.14621 -0.27744
0.09865 -0.14543 -0.27788
0.10044 -0.14464 -0.27831
0.10222 -0.14384 -0.27873
0.10401 -0.14304 -0.27913
0.10579 -0.14223 -0.27951
0.10758 -0.14142 -0.27988
0.10937 -0.1406 -0.28022
0.11116 -0.13977 -0.28052
0.11292 -0.13886 -0.28083
0.11468 -0.13794 -0.28112
0.11644 -0.13701 -0.28137
0.11819 -0.13608 -0.2816
0.11995 -0.13514 -0.28181
0.1217 -0.13419 -0.282
0.12346 -0.13324 -0.28217
0.12521 -0.13228 -0.28233
0.12698 -0.13125 -0.28249
0.12875 -0.13022 -0.28265
0.13053 -0.12918 -0.28278
0.13229 -0.12814 -0.28291
0.13406 -0.1271 -0.28302
0.13583 -0.12606 -0.28313
0.13759 -0.12501 -0.28322
0.13936 -0.12396 -0.2833
0.14117 -0.12285 -0.28337
0.14297 -0.12174 -0.28343
0.14479 -0.12063 -0.28347
0.14659 -0.11951 -0.28351
0.1484 -0.11839 -0.28353
0.1502 -0.11727 -0.28355
0.152 -0.11615 -0.28357
0.1538 -0.11503 -0.2836
0.15566 -0.11386 -0.28365
0.15752 -0.11269 -0.28373
0.06994 -0.16009 -0.2698
0.06818 -0.16088 -0.26947
0.07167 -0.15931 -0.27015
0.0734 -0.15854 -0.27051
0.07513 -0.15778 -0.2709
0.07685 -0.15703 -0.27132
0.07858 -0.15629 -0.27175
0.0803 -0.15555 -0.27219
0.08202 -0.15481 -0.27265
0.08374 -0.15407 -0.2731
0.0855 -0.15333 -0.27356
0.08726 -0.15259 -0.27402
0.08901 -0.15185 -0.27448
0.09077 -0.15111 -0.27493
0.09253 -0.15036 -0.27537
0.09429 -0.14962 -0.27581
0.09605 -0.14887 -0.27624
0.09781 -0.14812 -0.27666
0.09959 -0.14732 -0.27708
0.10137 -0.14653 -0.2775
0.10315 -0.14572 -0.2779
0.10493 -0.14492 -0.27829
0.10671 -0.14411 -0.27866
0.10849 -0.1433 -0.27902
0.11028 -0.14248 -0.27935
0.11206 -0.14165 -0.27966
0.11382 -0.14074 -0.27997
0.11558 -0.13983 -0.28025
0.11733 -0.1389 -0.28051
0.11909 -0.13797 -0.28074
0.12084 -0.13703 -0.28095
0.12259 -0.13609 -0.28114
0.12435 -0.13514 -0.28131
0.1261 -0.13419 -0.28147
0.12787 -0.13317 -0.28164
0.12964 -0.13214 -0.28179
0.13141 -0.13111 -0.28194
0.13318 -0.13008 -0.28206
0.13495 -0.12905 -0.28218
0.13671 -0.12801 -0.28229
0.13848 -0.12697 -0.28238
0.14024 -0.12593 -0.28247
0.14205 -0.12483 -0.28255
0.14386 -0.12372 -0.28261
0.14567 -0.12262 -0.28267
0.14747 -0.12151 -0.28271
0.14928 -0.12039 -0.28275
0.15108 -0.11928 -0.28277
0.07093 -0.16206 -0.26919
0.07266 -0.16129 -0.26954
0.07438 -0.16052 -0.26991
0.0761 -0.15976 -0.2703
0.07782 -0.15901 -0.27071
0.07954 -0.15827 -0.27114
0.08126 -0.15753 -0.27158
0.08298 -0.15679 -0.27203
0.0847 -0.15605 -0.27247
0.08646 -0.1553 -0.27293
0.08821 -0.15456 -0.27337
0.08997 -0.15381 -0.27381
0.09172 -0.15306 -0.27424
0.09348 -0.1523 -0.27467
0.09523 -0.15155 -0.27509
0.09699 -0.15079 -0.2755
0.09875 -0.15003 -0.2759
0.10052 -0.14923 -0.2763
0.1023 -0.14842 -0.2767
0.10407 -0.14761 -0.27708
0.10585 -0.1468 -0.27745
0.10763 -0.14599 -0.27781
0.1094 -0.14517 -0.27816
0.11118 -0.14435 -0.27848
0.11296 -0.14352 -0.27879
0.11472 -0.14262 -0.27909
0.11647 -0.1417 -0.27937
0.11823 -0.14078 -0.27962
0.11998 -0.13986 -0.27985
0.12173 -0.13892 -0.28006
0.12348 -0.13798 -0.28025
0.12523 -0.13703 -0.28042
0.12698 -0.13608 -0.28057
0.12875 -0.13507 -0.28074
0.13052 -0.13405 -0.2809
0.13229 -0.13302 -0.28104
0.13406 -0.132 -0.28117
0.13583 -0.13097 -0.28128
0.13759 -0.12994 -0.28139
0.13935 -0.12891 -0.28148
0.14111 -0.12787 -0.28157
0.14292 -0.12678 -0.28166
0.14473 -0.12569 -0.28174
0.07364 -0.16328 -0.26895
0.07192 -0.16405 -0.2686
0.07536 -0.16251 -0.26933
0.07708 -0.16175 -0.26972
0.07879 -0.161 -0.27013
0.08051 -0.16026 -0.27055
0.08223 -0.15951 -0.27099
0.08394 -0.15877 -0.27143
0.08566 -0.15803 -0.27187
0.08741 -0.15728 -0.27232
0.08916 -0.15653 -0.27276
0.09091 -0.15578 -0.27318
0.09267 -0.15502 -0.27359
0.09442 -0.15426 -0.274
0.09618 -0.15349 -0.2744
0.09793 -0.15272 -0.27478
0.09969 -0.15195 -0.27516
0.10146 -0.15114 -0.27554
0.10323 -0.15033 -0.27591
0.105 -0.14951 -0.27627
0.10676 -0.14869 -0.27663
0.10854 -0.14787 -0.27696
0.11031 -0.14705 -0.27729
0.11208 -0.14622 -0.27761
0.11386 -0.14538 -0.2779
0.11561 -0.14448 -0.2782
0.11737 -0.14358 -0.27847
0.11912 -0.14266 -0.27872
0.12087 -0.14173 -0.27895
0.12262 -0.1408 -0.27915
0.12437 -0.13986 -0.27934
0.12612 -0.13892 -0.27951
0.12787 -0.13797 -0.27966
0.12964 -0.13696 -0.27982
0.1314 -0.13595 -0.27998
0.13317 -0.13493 -0.28011
0.13494 -0.13391 -0.28023
0.1367 -0.13288 -0.28035
0.13846 -0.13185 -0.28045
0.07463 -0.16527 -0.26837
0.07634 -0.1645 -0.26875
0.07805 -0.16375 -0.26914
0.07976 -0.163 -0.26956
0.08148 -0.16225 -0.26998
0.08319 -0.16151 -0.27041
0.0849 -0.16076 -0.27085
0.08661 -0.16002 -0.27129
0.08836 -0.15927 -0.27173
0.09011 -0.15851 -0.27216
0.09186 -0.15775 -0.27257
0.09361 -0.15699 -0.27297
0.09536 -0.15622 -0.27336
0.09712 -0.15545 -0.27374
0.09887 -0.15467 -0.2741
0.10062 -0.15389 -0.27445
0.10238 -0.15307 -0.27481
0.10415 -0.15225 -0.27515
0.10591 -0.15142 -0.27549
0.10768 -0.15059 -0.27582
0.10945 -0.14976 -0.27613
0.11122 -0.14893 -0.27644
0.11299 -0.14809 -0.27673
0.11475 -0.14725 -0.27701
0.11651 -0.14635 -0.2773
0.11826 -0.14544 -0.27756
0.12001 -0.14453 -0.27781
0.12176 -0.1436 -0.27804
0.12351 -0.14268 -0.27824
0.12526 -0.14174 -0.27842
0.12701 -0.1408 -0.27858
0.12875 -0.13985 -0.27874
0.13052 -0.13885 -0.27889
0.13228 -0.13784 -0.27904
0.13405 -0.13683 -0.27917
0.07732 -0.16649 -0.26818
0.07561 -0.16725 -0.26779
0.07903 -0.16574 -0.26858
0.08074 -0.16499 -0.26899
0.08245 -0.16424 -0.26942
0.08416 -0.1635 -0.26985
0.08586 -0.16275 -0.27028
0.08757 -0.16201 -0.27071
0.08931 -0.16126 -0.27115
0.09106 -0.1605 -0.27157
0.09281 -0.15973 -0.27198
0.09456 -0.15896 -0.27237
0.09631 -0.15819 -0.27274
0.09806 -0.15741 -0.2731
0.09981 -0.15662 -0.27345
0.10156 -0.15583 -0.27378
0.10332 -0.155 -0.27411
0.10508 -0.15417 -0.27442
0.10683 -0.15333 -0.27474
0.10859 -0.15249 -0.27504
0.11036 -0.15165 -0.27533
0.11212 -0.15081 -0.27561
0.11389 -0.14997 -0.27588
0.11565 -0.14912 -0.27614
0.1174 -0.14822 -0.2764
0.11915 -0.14731 -0.27666
0.1209 -0.14639 -0.2769
0.12265 -0.14547 -0.27712
0.1244 -0.14455 -0.27732
0.12614 -0.14362 -0.27749
0.12789 -0.14268 -0.27766
0.0783 -0.16848 -0.26761
0.08001 -0.16772 -0.26801
0.08171 -0.16698 -0.26843
0.08342 -0.16623 -0.26885
0.08512 -0.16549 -0.26928
0.08682 -0.16475 -0.26971
0.08852 -0.16401 -0.27014
0.09026 -0.16325 -0.27057
0.09201 -0.16249 -0.27099
0.09375 -0.16172 -0.27139
0.0955 -0.16094 -0.27178
0.09724 -0.16016 -0.27214
0.09899 -0.15937 -0.27249
0.10074 -0.15858 -0.27282
0.10249 -0.15778 -0.27312
0.10425 -0.15694 -0.27343
0.106 -0.1561 -0.27372
0.10775 -0.15526 -0.27401
0.10951 -0.1544 -0.27428
0.11127 -0.15356 -0.27455
0.11303 -0.1527 -0.2748
0.11479 -0.15185 -0.27505
0.11655 -0.15099 -0.27528
0.1183 -0.15009 -0.27553
0.12005 -0.14918 -0.27577
0.12179 -0.14827 -0.276
0.12354 -0.14735 -0.27622
0.08098 -0.16971 -0.26745
0.07929 -0.17047 -0.26704
0.08268 -0.16897 -0.26786
0.08438 -0.16822 -0.26829
0.08608 -0.16748 -0.26872
0.08778 -0.16674 -0.26915
0.08948 -0.166 -0.26958
0.09122 -0.16524 -0.27
0.09296 -0.16447 -0.27042
0.0947 -0.1637 -0.27082
0.09645 -0.16292 -0.2712
0.09819 -0.16214 -0.27155
0.09993 -0.16134 -0.27189
0.10168 -0.16054 -0.2722
0.10342 -0.15974 -0.2725
0.10517 -0.1589 -0.27279
0.10692 -0.15805 -0.27306
0.10868 -0.1572 -0.27332
0.11043 -0.15634 -0.27357
0.11218 -0.15548 -0.27381
0.11394 -0.15461 -0.27404
0.11569 -0.15375 -0.27426
0.11745 -0.15289 -0.27447
0.11919 -0.15198 -0.2747
0.08196 -0.1717 -0.26688
0.08365 -0.17096 -0.2673
0.08535 -0.17022 -0.26773
0.08704 -0.16948 -0.26816
0.08873 -0.16874 -0.26859
0.09043 -0.16799 -0.26901
0.09217 -0.16723 -0.26944
0.09391 -0.16646 -0.26985
0.09565 -0.16569 -0.27025
0.09739 -0.16491 -0.27062
0.09913 -0.16412 -0.27098
0.10087 -0.16332 -0.27131
0.10261 -0.16252 -0.27161
0.10435 -0.16171 -0.2719
0.1061 -0.16086 -0.27217
0.10785 -0.16001 -0.27243
0.1096 -0.15915 -0.27267
0.11135 -0.15829 -0.2729
0.1131 -0.15742 -0.27311
0.11485 -0.15654 -0.27332
0.08462 -0.17293 -0.26674
0.08292 -0.17367 -0.26632
0.08631 -0.17219 -0.26717
0.088 -0.17145 -0.2676
0.08969 -0.17071 -0.26803
0.09139 -0.16997 -0.26846
0.09313 -0.16921 -0.26888
0.09487 -0.16845 -0.26929
0.09661 -0.16768 -0.26969
0.09835 -0.16691 -0.27006
0.10009 -0.16612 -0.27041
0.10184 -0.16532 -0.27073
0.10358 -0.16452 -0.27103
0.10532 -0.16372 -0.27131
0.10707 -0.16287 -0.27157
0.10881 -0.16201 -0.27181
0.11056 -0.16115 -0.27204
0.08558 -0.1749 -0.26618
0.08727 -0.17416 -0.26661
0.08896 -0.17343 -0.26704
0.09065 -0.17269 -0.26748
0.09235 -0.17195 -0.2679
0.09409 -0.1712 -0.26833
0.09583 -0.17044 -0.26874
0.09757 -0.16968 -0.26913
0.09932 -0.1689 -0.2695
0.10106 -0.16812 -0.26984
0.1028 -0.16733 -0.27016
0.10454 -0.16653 -0.27046
0.08823 -0.17613 -0.26605
0.08654 -0.17686 -0.26562
0.08993 -0.1754 -0.26649
0.09162 -0.17466 -0.26692
0.09331 -0.17393 -0.26735
0.09505 -0.17318 -0.26777
0.09679 -0.17243 -0.26818
0.09853 -0.17167 -0.26857
0.10028 -0.1709 -0.26893
0.0892 -0.1781 -0.26548
0.09089 -0.17737 -0.26592
0.09258 -0.17664 -0.26636
0.09427 -0.1759 -0.26679
0.09601 -0.17516 -0.26721
0.09775 -0.17441 -0.26762
0.09185 -0.17934 -0.26535
0.09016 -0.18006 -0.26491
0.09354 -0.17861 -0.26579
POLYGONS 9153 36612
3 0 1 2
3 0 3 1
3 3 4 1
3 3 5 4
3 5 6 4
3 7 8 9
3 7 10 8
3 10 11 8
3 10 12 11
3 12 13 11
3 12 2 13
3 2 14 13
3 2 1 14
3 1 15 14
3 1 4 15
3 4 16 15
3 4 6 16
3 17 18 19
3 17 20 18
3 20 21 18
3 20 22 21
3 22 23 21
3 22 9 23
3 9 24 23
3 9 8 24
3 8 25 24
3 8 11 25
3 11 26 25
3 11 13 26
3 13 27 26
3 13 14 27
3 14 28 27
3 14 15 28
3 15 29 28
3 15 16 29
3 30 31 32
3 30 33 31
3 33 34 31
3 33 19 34
3 19 35 34
3 19 18 35
3 18 36 35
3 18 21 36
3 21 37 36
3 21 23 37
3 23 38 37
3 23 24 38
3 24 39 38
3 24 25 39
3 25 40 39
3 25 26 40
3 26 41 40
3 26 27 41
3 27 42 41
3 27 28 42
3 28 43 42
3 28 29 43
3 29 44 43
3 45 46 47
3 45 48 46
3 48 49 46
3 48 50 49
3 50 51 49
3 50 32 51
3 32 52 51
3 32 31 52
3 31 53 52
3 31 34 53
3 34 54 53
3 34 35 54
3 35 55 54
3 35 36 55
3 36 56 55
3 36 37 56
3 37 57 56
3 37 38 57
3 38 58 57
3 38 39 58
3 39 59 58
3 39 40 59
3 40 60 59
3 40 41 60
3 41 61 60
3 41 42 61
3 42 62 61
3 42 43 62
3 43 63 62
3 43 44 63
3 64 65 66
3 64 67 65
3 67 68 65
3 67 69 68
3 69 70 68
3 69 47 70
3 47 71 70
3 47 46 71
3 46 72 71
3 46 49 72
3 49 73 72
3 49 51 73
3 51 74 73
3 51 52 74
3 52 75 74
3 52 53 75
3 53 76 75
3 53 54 76
3 54 77 76
3 54 55 77
3 55 78 77
3 55 56 78
3 56 79 78
3 56 57 79
3 57 80 79
3 57 58 80
3 58 81 80
3 58 59 81
3 59 82 81
3 59 60 82
3 60 83 82
3 60 61 83
3 61 84 83
3 61 62 84
3 62 85 84
3 62 63 85
3 86 87 88
3 87 89 88
3 88 89 90
3 89 91 90
3 89 92 91
3 92 93 91
3 92 66 93
3 66 94 93
3 66 65 94
3 65 95 94
3 65 68 95
3 68 96 95
3 68 70 96
3 70 97 96
3 70 71 97
3 71 98 97
3 71 72 98
3 72 99 98
3 72 73 99
3 73 100 99
3 73 74 100
3 74 101 100
3 74 75 101
3 75 102 101
3 75 76 102
3 76 103 102
3 76 77 103
3 77 104 103
3 77 78 104
3 78 105 104
3 78 79 105
3 79 106 105
3 79 80 106
3 80 107 106
3 80 81 107
3 81 108 107
3 81 82 108
3 82 109 108
3 82 83 109
3 83 110 109
3 83 84 110
3 84 111 110
3 84 85 111
3 85 112 111
3 113 114 115
3 114 116 115
3 115 116 117
3 116 86 117
3 117 86 118
3 86 88 118
3 118 88 119
3 88 90 119
3 119 90 120
3 90 121 120
3 90 91 121
3 91 122 121
3 91 93 122
3 93 123 122
3 93 94 123
3 94 124 123
3 94 95 124
3 95 125 124
3 95 96 125
3 96 126 125
3 96 97 126
3 97 127 126
3 97 98 127
3 98 128 127
3 98 99 128
3 99 129 128
3 99 100 129
3 100 130 129
3 100 101 130
3 101 131 130
3 101 102 131
3 102 132 131
3 102 103 132
3 103 133 132
3 103 104 133
3 104 134 133
3 104 105 134
3 105 135 134
3 105 106 135
3 106 136 135
3 106 107 136
3 107 137 136
3 107 108 137
3 108 138 137
3 108 109 138
3 109 139 138
3 109 110 139
3 110 140 139
3 110 111 140
3 111 141 140
3 111 112 141
3 142 143 144
3 143 113 144
3 144 113 145
3 113 115 145
3 145 115 146
3 115 117 146
3 146 117 147
3 117 118 147
3 147 118 148
3 118 119 148
3 148 119 149
3 119 120 149
3 149 120 150
3 120 151 150
3 120 121 151
3 121 152 151
3 121 122 152
3 122 153 152
3 122 123 153
3 123 154 153
3 123 124 154
3 124 155 154
3 124 125 155
3 125 156 155
3 125 126 156
3 126 157 156
3 126 127 157
3 127 158 157
3 127 128 158
3 128 159 158
3 128 129 159
3 129 160 159
3 129 130 160
3 130 161 160
3 130 131 161
3 131 162 161
3 131 132 162
3 132 163 162
3 132 133 163
3 133 164 163
3 133 134 164
3 134 165 164
3 134 135 165
3 135 166 165
3 135 136 166
3 136 167 166
3 136 137 167
3 137 168 167
3 137 138 168
3 138 169 168
3 138 139 169
3 139 170 169
3 139 140 170
3 140 171 170
3 140 141 171
3 172 173 174
3 173 175 174
3 174 175 176
3 175 142 176
3 176 142 177
3 142 144 177
3 177 144 178
3 144 145 178
3 178 145 179
3 145 146 179
3 179 146 180
3 146 147 180
3 180 147 181
3 147 148 181
3 181 148 182
3 148 149 182
3 182 149 183
3 149 150 183
3 183 150 184
3 150 185 184
3 150 151 185
3 151 186 185
3 151 152 186
3 152 187 186
3 152 153 187
3 153 188 187
3 153 154 188
3 154 189 188
3 154 155 189
3 155 190 189
3 155 156 190
3 156 191 190
3 156 157 191
3 157 192 191
3 157 158 192
3 158 193 192
3 158 159 193
3 159 194 193
3 159 160 194
3 160 195 194
3 160 161 195
3 161 196 195
3 161 162 196
3 162 197 196
3 162 163 197
3 163 198 197
3 163 164 198
3 164 199 198
3 164 165 199
3 165 200 199
3 165 166 200
3 166 201 200
3 166 167 201
3 167 202 201
3 167 168 202
3 168 203 202
3 168 169 203
3 169 204 203
3 169 170 204
3 170 205 204
3 170 171 205
3 171 206 205
3 207 208 209
3 208 172 209
3 209 172 210
3 172 174 210
3 210 174 211
3 174 176 211
3 211 176 212
3 176 177 212
3 212 177 213
3 177 178 213
3 213 178 214
3 178 179 214
3 214 179 215
3 179 180 215
3 215 180 216
3 180 181 216
3 216 181 217
3 181 182 217
3 217 182 218
3 182 183 218
3 218 183 219
3 183 184 219
3 219 184 220
3 184 221 220
3 184 185 221
3 185 222 221
3 185 186 222
3 186 223 222
3 186 187 223
3 187 224 223
3 187 188 224
3 188 225 224
3 188 189 225
3 189 226 225
3 189 190 226
3 190 227 226
3 190 191 227
3 191 228 227
3 191 192 228
3 192 229 228
3 192 193 229
3 193 230 229
3 193 194 230
3 194 231 230
3 194 195 231
3 195 232 231
3 195 196 232
3 196 233 232
3 196 197 233
3 197 234 233
3 197 198 234
3 198 235 234
3 198 199 235
3 199 236 235
3 199 200 236
3 200 237 236
3 200 201 237
3 201 238 237
3 201 202 238
3 202 239 238
3 202 203 239
3 203 240 239
3 203 204 240
3 204 241 240
3 204 205 241
3 205 242 241
3 205 206 242
3 243 244 245
3 244 246 245
3 245 246 247
3 246 207 247
3 247 207 248
3 207 209 248
3 248 209 249
3 209 210 249
3 249 210 250
3 210 211 250
3 250 211 251
3 211 212 251
3 251 212 252
3 212 213 252
3 252 213 253
3 213 214 253
3 253 214 254
3 214 215 254
3 254 215 255
3 215 216 255
3 255 216 256
3 216 217 256
3 256 217 257
3 217 218 257
3 257 218 258
3 218 219 258
3 258 219 259
3 219 220 259
3 259 220 260
3 220 261 260
3 220 221 261
3 221 262 261
3 221 222 262
3 222 263 262
3 222 223 263
3 223 264 263
3 223 224 264
3 224 265 264
3 224 225 265
3 225 266 265
3 225 226 266
3 226 267 266
3 226 227 267
3 227 268 267
3 227 228 268
3 228 269 268
3 228 229 269
3 229 270 269
3 229 230 270
3 230 271 270
3 230 231 271
3 231 272 271
3 231 232 272
3 232 273 272
3 232 233 273
3 233 274 273
3 233 234 274
3 234 275 274
3 234 235 275
3 235 276 275
3 235 236 276
3 236 277 276
3 236 237 277
3 237 278 277
3 237 238 278
3 238 279 278
3 238 239 279
3 239 280 279
3 239 240 280
3 240 281 280
3 240 241 281
3 241 282 281
3 241 242 282
3 242 283 282
3 284 285 286
3 285 243 286
3 286 243 287
3 243 245 287
3 287 245 288
3 245 247 288
3 288 247 289
3 247 248 289
3 289 248 290
3 248 249 290
3 290 249 291
3 249 250 291
3 291 250 292
3 250 251 292
3 292 251 293
3 251 252 293
3 293 252 294
3 252 253 294
3 294 253 295
3 253 254 295
3 295 254 296
3 254 255 296
3 296 255 297
3 255 256 297
3 297 256 298
3 256 257 298
3 298 257 299
3 257 258 299
3 299 258 300
3 258 259 300
3 300 259 301
3 259 260 301
3 301 260 302
3 260 303 302
3 260 261 303
3 261 304 303
3 261 262 304
3 262 305 304
3 262 263 305
3 263 306 305
3 263 264 306
3 264 307 306
3 264 265 307
3 265 308 307
3 265 266 308
3 266 309 308
3 266 267 309
3 267 310 309
3 267 268 310
3 268 311 310
3 268 269 311
3 269 312 311
3 269 270 312
3 270 313 312
3 270 271 313
3 271 314 313
3 271 272 314
3 272 315 314
3 272 273 315
3 273 316 315
3 273 274 316
3 274 317 316
3 274 275 317
3 275 318 317
3 275 276 318
3 276 319 318
3 276 277 319
3 277 320 319
3 277 278 320
3 278 321 320
3 278 279 321
3 279 322 321
3 279 280 322
3 280 323 322
3 280 281 323
3 281 324 323
3 281 282 324
3 282 325 324
3 282 283 325
3 326 327 328
3 327 284 328
3 328 284 329
3 284 286 329
3 329 286 330
3 286 287 330
3 330 287 331
3 287 288 331
3 331 288 332
3 288 289 332
3 332 289 333
3 289 290 333
3 333 290 334
3 290 291 334
3 334 291 335
3 291 292 335
3 335 292 336
3 292 293 336
3 336 293 337
3 293 294 337
3 337 294 338
3 294 295 338
3 338 295 339
3 295 296 339
3 339 296 340
3 296 297 340
3 340 297 341
3 297 298 341
3 341 298 342
3 298 299 342
3 342 299 343
3 299 300 343
3 343 300 344
3 300 301 344
3 344 301 345
3 301 302 345
3 345 302 346
3 302 347 346
3 302 303 347
3 303 348 347
3 303 304 348
3 304 349 348
3 304 305 349
3 305 350 349
3 305 306 350
3 306 351 350
3 306 307 351
3 307 352 351
3 307 308 352
3 308 353 352
3 308 309 353
3 309 354 353
3 309 310 354
3 310 355 354
3 310 311 355
3 311 356 355
3 311 312 356
3 312 357 356
3 312 313 357
3 313 358 357
3 313 314 358
3 314 359 358
3 314 315 359
3 315 360 359
3 315 316 360
3 316 361 360
3 316 317 361
3 317 362 361
3 317 318 362
3 318 363 362
3 318 319 363
3 319 364 363
3 319 320 364
3 320 365 364
3 320 321 365
3 321 366 365
3 321 322 366
3 322 367 366
3 322 323 367
3 323 368 367
3 323 324 368
3 324 369 368
3 324 325 369
3 370 371 372
3 371 326 372
3 372 326 373
3 326 328 373
3 373 328 374
3 328 329 374
3 374 329 375
3 329 330 375
3 375 330 376
3 330 331 376
3 376 331 377
3 331 332 377
3 377 332 378
3 332 333 378
3 378 333 379
3 333 334 379
3 379 334 380
3 334 335 380
3 380 335 381
3 335 336 381
3 381 336 382
3 336 337 382
3 382 337 383
3 337 338 383
3 383 338 384
3 338 339 384
3 384 339 385
3 339 340 385
3 385 340 386
3 340 341 386
3 386 341 387
3 341 342 387
3 387 342 388
3 342 343 388
3 388 343 389
3 343 344 389
3 389 344 390
3 344 345 390
3 390 345 391
3 345 346 391
3 391 346 392
3 346 393 392
3 346 347 393
3 347 394 393
3 347 348 394
3 348 395 394
3 348 349 395
3 349 396 395
3 349 350 396
3 350 397 396
3 350 351 397
3 351 398 397
3 351 352 398
3 352 399 398
3 352 353 399
3 353 400 399
3 353 354 400
3 354 401 400
3 354 355 401
3 355 402 401
3 355 356 402
3 356 403 402
3 356 357 403
3 357 404 403
3 357 358 404
3 358 405 404
3 358 359 405
3 359 406 405
3 359 360 406
3 360 407 406
3 360 361 407
3 361 408 407
3 361 362 408
3 362 409 408
3 362 363 409
3 363 410 409
3 363 364 410
3 364 411 410
3 364 365 411
3 365 412 411
3 365 366 412
3 366 413 412
3 366 367 413
3 367 414 413
3 367 368 414
3 368 415 414
3 368 369 415
3 369 416 415
3 417 418 419
3 418 370 419
3 419 370 420
3 370 372 420
3 420 372 421
3 372 373 421
3 421 373 422
3 373 374 422
3 422 374 423
3 374 375 423
3 423 375 424
3 375 376 424
3 424 376 425
3 376 377 425
3 425 377 426
3 377 378 426
3 426 378 427
3 378 379 427
3 427 379 428
3 379 380 428
3 428 380 429
3 380 381 429
3 429 381 430
3 381 382 430
3 430 382 431
3 382 383 431
3 431 383 432
3 383 384 432
3 432 384 433
3 384 385 433
3 433 385 434
3 385 386 434
3 434 386 435
3 386 387 435
3 435 387 436
3 387 388 436
3 436 388 437
3 388 389 437
3 437 389 438
3 389 390 438
3 438 390 439
3 390 391 439
3 439 391 440
3 391 392 440
3 440 392 441
3 392 442 441
3 392 393 442
3 393 443 442
3 393 394 443
3 394 444 443
3 394 395 444
3 395 445 444
3 395 396 445
3 396 446 445
3 396 397 446
3 397 447 446
3 397 398 447
3 398 448 447
3 398 399 448
3 399 449 448
3 399 400 449
3 400 450 449
3 400 401 450
3 401 451 450
3 401 402 451
3 402 452 451
3 402 403 452
3 403 453 452
3 403 404 453
3 404 454 453
3 404 405 454
3 405 455 454
3 405 406 455
3 406 456 455
3 406 407 456
3 407 457 456
3 407 408 457
3 408 458 457
3 408 409 458
3 409 459 458
3 409 410 459
3 410 460 459
3 410 411 460
3 411 461 460
3 411 412 461
3 412 462 461
3 412 413 462
3 413 463 462
3 413 414 463
3 414 464 463
3 414 415 464
3 415 465 464
3 415 416 465
3 466 467 468
3 467 417 468
3 468 417 469
3 417 419 469
3 469 419 470
3 419 420 470
3 470 420 471
3 420 421 471
3 471 421 472
3 421 422 472
3 472 422 473
3 422 423 473
3 473 423 474
3 423 424 474
3 474 424 475
3 424 425 475
3 475 425 476
3 425 426 476
3 476 426 477
3 426 427 477
3 477 427 478
3 427 428 478
3 478 428 479
3 428 429 479
3 479 429 480
3 429 430 480
3 480 430 481
3 430 431 481
3 481 431 482
3 431 432 482
3 482 432 483
3 432 433 483
3 483 433 484
3 433 434 484
3 484 434 485
3 434 435 485
3 485 435 486
3 435 436 486
3 486 436 487
3 436 437 487
3 487 437 488
3 437 438 488
3 488 438 489
3 438 439 489
3 489 439 490
3 439 440 490
3 490 440 491
3 440 441 491
3 491 441 492
3 441 493 492
3 441 442 493
3 442 494 493
3 442 443 494
3 443 495 494
3 443 444 495
3 444 496 495
3 444 445 496
3 445 497 496
3 445 446 497
3 446 498 497
3 446 447 498
3 447 499 498
3 447 448 499
3 448 500 499
3 448 449 500
3 449 501 500
3 449 450 501
3 450 502 501
3 450 451 502
3 451 503 502
3 451 452 503
3 452 504 503
3 452 453 504
3 453 505 504
3 453 454 505
3 454 506 505
3 454 455 506
3 455 507 506
3 455 456 507
3 456 508 507
3 456 457 508
3 457 509 508
3 457 458 509
3 458 510 509
3 458 459 510
3 459 511 510
3 459 460 511
3 460 512 511
3 460 461 512
3 461 513 512
3 461 462 513
3 462 514 513
3 462 463 514
3 463 515 514
3 463 464 515
3 464 516 515
3 464 465 516
3 517 518 519
3 518 520 519
3 519 520 521
3 520 466 521
3 521 466 522
3 466 468 522
3 522 468 523
3 468 469 523
3 523 469 524
3 469 470 524
3 524 470 525
3 470 471 525
3 525 471 526
3 471 472 526
3 526 472 527
3 472 473 527
3 527 473 528
3 473 474 528
3 528 474 529
3 474 475 529
3 529 475 530
3 475 476 530
3 530 476 531
3 476 477 531
3 531 477 532
3 477 478 532
3 532 478 533
3 478 479 533
3 533 479 534
3 479 480 534
3 534 480 535
3 480 481 535
3 535 481 536
3 481 482 536
3 536 482 537
3 482 483 537
3 537 483 538
3 483 484 538
3 538 484 539
3 484 485 539
3 539 485 540
3 485 486 540
3 540 486 541
3 486 487 541
3 541 487 542
3 487 488 542
3 542 488 543
3 488 489 543
3 543 489 544
3 489 490 544
3 544 490 545
3 490 491 545
3 545 491 546
3 491 492 546
3 546 492 547
3 492 548 547
3 492 493 548
3 493 549 548
3 493 494 549
3 494 550 549
3 494 495 550
3 495 551 550
3 495 496 551
3 496 552 551
3 496 497 552
3 497 553 552
3 497 498 553
3 498 554 553
3 498 499 554
3 499 555 554
3 499 500 555
3 500 556 555
3 500 501 556
3 501 557 556
3 501 502 557
3 502 558 557
3 502 503 558
3 503 559 558
3 503 504 559
3 504 560 559
3 504 505 560
3 505 561 560
3 505 506 561
3 506 562 561
3 506 507 562
3 507 563 562
3 507 508 563
3 508 564 563
3 508 509 564
3 509 565 564
3 509 510 565
3 510 566 565
3 510 511 566
3 511 567 566
3 511 512 567
3 512 568 567
3 512 513 568
3 513 569 568
3 513 514 569
3 514 570 569
3 514 515 570
3 515 571 570
3 515 516 571
3 516 572 571
3 573 574 575
3 574 517 575
3 575 517 576
3 517 519 576
3 576 519 577
3 519 521 577
3 577 521 578
3 521 522 578
3 578 522 579
3 522 523 579
3 579 523 580
3 523 524 580
3 580 524 581
3 524 525 581
3 581 525 582
3 525 526 582
3 582 526 583
3 526 527 583
3 583 527 584
3 527 528 584
3 584 528 585
3 528 529 585
3 585 529 586
3 529 530 586
3 586 530 587
3 530 531 587
3 587 531 588
3 531 532 588
3 588 532 589
3 532 533 589
3 589 533 590
3 533 534 590
3 590 534 591
3 534 535 591
3 591 535 592
3 535 536 592
3 592 536 593
3 536 537 593
3 593 537 594
3 537 538 594
3 594 538 595
3 538 539 595
3 595 539 596
3 539 540 596
3 596 540 597
3 540 541 597
3 597 541 598
3 541 542 598
3 598 542 599
3 542 543 599
3 599 543 600
3 543 544 600
3 600 544 601
3 544 545 601
3 601 545 602
3 545 546 602
3 602 546 603
3 546 547 603
3 603 547 604
3 547 605 604
3 547 548 605
3 548 606 605
3 548 549 606
3 549 607 606
3 549 550 607
3 550 608 607
3 550 551 608
3 551 609 608
3 551 552 609
3 552 610 609
3 552 553 610
3 553 611 610
3 553 554 611
3 554 612 611
3 554 555 612
3 555 613 612
3 555 556 613
3 556 614 613
3 556 557 614
3 557 615 614
3 557 558 615
3 558 616 615
3 558 559 616
3 559 617 616
3 559 560 617
3 560 618 617
3 560 561 618
3 561 619 618
3 561 562 619
3 562 620 619
3 562 563 620
3 563 621 620
3 563 564 621
3 564 622 621
3 564 565 622
3 565 623 622
3 565 566 623
3 566 624 623
3 566 567 624
3 567 625 624
3 567 568 625
3 568 626 625
3 568 569 626
3 569 627 626
3 569 570 627
3 570 628 627
3 570 571 628
3 571 629 628
3 571 572 629
3 630 631 632
3 631 573 632
3 632 573 633
3 573 575 633
3 633 575 634
3 575 576 634
3 634 576 635
3 576 577 635
3 635 577 636
3 577 578 636
3 636 578 637
3 578 579 637
3 637 579 638
3 579 580 638
3 638 580 639
3 580 581 639
3 639 581 640
3 581 582 640
3 640 582 641
3 582 583 641
3 641 583 642
3 583 584 642
3 642 584 643
3 584 585 643
3 643 585 644
3 585 586 644
3 644 586 645
3 586 587 645
3 645 587 646
3 587 588 646
3 646 588 647
3 588 589 647
3 647 589 648
3 589 590 648
3 648 590 649
3 590 591 649
3 649 591 650
3 591 592 650
3 650 592 651
3 592 593 651
3 651 593 652
3 593 594 652
3 652 594 653
3 594 595 653
3 653 595 654
3 595 596 654
3 654 596 655
3 596 597 655
3 655 597 656
3 597 598 656
3 656 598 657
3 598 599 657
3 657 599 658
3 599 600 658
3 658 600 659
3 600 601 659
3 659 601 660
3 601 602 660
3 660 602 661
3 602 603 661
3 661 603 662
3 603 604 662
3 662 604 663
3 604 664 663
3 604 605 664
3 605 665 664
3 605 606 665
3 606 666 665
3 606 607 666
3 607 667 666
3 607 608 667
3 608 668 667
3 608 609 668
3 609 669 668
3 609 610 669
3 610 670 669
3 610 611 670
3 611 671 670
3 611 612 671
3 612 672 671
3 612 613 672
3 613 673 672
3 613 614 673
3 614 674 673
3 614 615 674
3 615 675 674
3 615 616 675
3 616 676 675
3 616 617 676
3 617 677 676
3 617 618 677
3 618 678 677
3 618 619 678
3 619 679 678
3 619 620 679
3 620 680 679
3 620 621 680
3 621 681 680
3 621 622 681
3 622 682 681
3 622 623 682
3 623 683 682
3 623 624 683
3 624 684 683
3 624 625 684
3 625 685 684
3 625 626 685
3 626 686 685
3 626 627 686
3 627 687 686
3 627 628 687
3 628 688 687
3 628 629 688
3 629 689 688
3 690 691 692
3 691 630 692
3 692 630 693
3 630 632 693
3 693 632 694
3 632 633 694
3 694 633 695
3 633 634 695
3 695 634 696
3 634 635 696
3 696 635 697
3 635 636 697
3 697 636 698
3 636 637 698
3 698 637 699
3 637 638 699
3 699 638 700
3 638 639 700
3 700 639 701
3 639 640 701
3 701 640 702
3 640 641 702
3 702 641 703
3 641 642 703
3 703 642 704
3 642 643 704
3 704 643 705
3 643 644 705
3 705 644 706
3 644 645 706
3 706 645 707
3 645 646 707
3 707 646 708
3 646 647 708
3 708 647 709
3 647 648 709
3 709 648 710
3 648 649 710
3 710 649 711
3 649 650 711
3 711 650 712
3 650 651 712
3 712 651 713
3 651 652 713
3 713 652 714
3 652 653 714
3 714 653 715
3 653 654 715
3 715 654 716
3 654 655 716
3 716 655 717
3 655 656 717
3 717 656 718
3 656 657 718
3 718 657 719
3 657 658 719
3 719 658 720
3 658 659 720
3 720 659 721
3 659 660 721
3 721 660 722
3 660 661 722
3 722 661 723
3 661 662 723
3 723 662 724
3 662 663 724
3 724 663 725
3 663 726 725
3 663 664 726
3 664 727 726
3 664 665 727
3 665 728 727
3 665 666 728
3 666 729 728
3 666 667 729
3 667 730 729
3 667 668 730
3 668 731 730
3 668 669 731
3 669 732 731
3 669 670 732
3 670 733 732
3 670 671 733
3 671 734 733
3 671 672 734
3 672 735 734
3 672 673 735
3 673 736 735
3 673 674 736
3 674 737 736
3 674 675 737
3 675 738 737
3 675 676 738
3 676 739 738
3 676 677 739
3 677 740 739
3 677 678 740
3 678 741 740
3 678 679 741
3 679 742 741
3 679 680 742
3 680 743 742
3 680 681 743
3 681 744 743
3 681 682 744
3 682 745 744
3 682 683 745
3 683 746 745
3 683 684 746
3 684 747 746
3 684 685 747
3 685 748 747
3 685 686 748
3 686 749 748
3 686 687 749
3 687 750 749
3 687 688 750
3 688 751 750
3 688 689 751
3 752 753 754
3 753 690 754
3 754 690 755
3 690 692 755
3 755 692 756
3 692 693 756
3 756 693 757
3 693 694 757
3 757 694 758
3 694 695 758
3 758 695 759
3 695 696 759
3 759 696 760
3 696 697 760
3 760 697 761
3 697 698 761
3 761 698 762
3 698 699 762
3 762 699 763
3 699 700 763
3 763 700 764
3 700 701 764
3 764 701 765
3 701 702 765
3 765 702 766
3 702 703 766
3 766 703 767
3 703 704 767
3 767 704 768
3 704 705 768
3 768 705 769
3 705 706 769
3 769 706 770
3 706 707 770
3 770 707 771
3 707 708 771
3 771 708 772
3 708 709 772
3 772 709 773
3 709 710 773
3 773 710 774
3 710 711 774
3 774 711 775
3 711 712 775
3 775 712 776
3 712 713 776
3 776 713 777
3 713 714 777
3 777 714 778
3 714 715 778
3 778 715 779
3 715 716 779
3 779 716 780
3 716 717 780
3 780 717 781
3 717 718 781
3 781 718 782
3 718 719 782
3 782 719 783
3 719 720 783
3 783 720 784
3 720 721 784
3 784 721 785
3 721 722 785
3 785 722 786
3 722 723 786
3 786 723 787
3 723 724 787
3 787 724 788
3 724 725 788
3 788 725 789
3 725 790 789
3 725 726 790
3 726 791 790
3 726 727 791
3 727 792 791
3 727 728 792
3 728 793 792
3 728 729 793
3 729 794 793
3 729 730 794
3 730 795 794
3 730 731 795
3 731 796 795
3 731 732 796
3 732 797 796
3 732 733 797
3 733 798 797
3 733 734 798
3 734 799 798
3 734 735 799
3 735 800 799
3 735 736 800
3 736 801 800
3 736 737 801
3 737 802 801
3 737 738 802
3 738 803 802
3 738 739 803
3 739 804 803
3 739 740 804
3 740 805 804
3 740 741 805
3 741 806 805
3 741 742 806
3 742 807 806
3 742 743 807
3 743 808 807
3 743 744 808
3 744 809 808
3 744 745 809
3 745 810 809
3 745 746 810
3 746 811 810
3 746 747 811
3 747 812 811
3 747 748 812
3 748 813 812
3 748 749 813
3 749 814 813
3 749 750 814
3 750 815 814
3 750 751 815
3 816 817 818
3 817 819 818
3 818 819 820
3 819 752 820
3 820 752 821
3 752 754 821
3 821 754 822
3 754 755 822
3 822 755 823
3 755 756 823
3 823 756 824
3 756 757 824
3 824 757 825
3 757 758 825
3 825 758 826
3 758 759 826
3 826 759 827
3 759 760 827
3 827 760 828
3 760 761 828
3 828 761 829
3 761 762 829
3 829 762 830
3 762 763 830
3 830 763 831
3 763 764 831
3 831 764 832
3 764 765 832
3 832 765 833
3 765 766 833
3 833 766 834
3 766 767 834
3 834 767 835
3 767 768 835
3 835 768 836
3 768 769 836
3 836 769 837
3 769 770 837
3 837 770 838
3 770 771 838
3 838 771 839
3 771 772 839
3 839 772 840
3 772 773 840
3 840 773 841
3 773 774 841
3 841 774 842
3 774 775 842
3 842 775 843
3 775 776 843
3 843 776 844
3 776 777 844
3 844 777 845
3 777 778 845
3 845 778 846
3 778 779 846
3 846 779 847
3 779 780 847
3 847 780 848
3 780 781 848
3 848 781 849
3 781 782 849
3 849 782 850
3 782 783 850
3 850 783 851
3 783 784 851
3 851 784 852
3 784 785 852
3 852 785 853
3 785 786 853
3 853 786 854
3 786 787 854
3 854 787 855
3 787 788 855
3 855 788 856
3 788 789 856
3 856 789 857
3 789 858 857
3 789 790 858
3 790 859 858
3 790 791 859
3 791 860 859
3 791 792 860
3 792 861 860
3 792 793 861
3 793 862 861
3 793 794 862
3 794 863 862
3 794 795 863
3 795 864 863
3 795 796 864
3 796 865 864
3 796 797 865
3 797 866 865
3 797 798 866
3 798 867 866
3 798 799 867
3 799 868 867
3 799 800 868
3 800 869 868
3 800 801 869
3 801 870 869
3 801 802 870
3 802 871 870
3 802 803 871
3 803 872 871
3 803 804 872
3 804 873 872
3 804 805 873
3 805 874 873
3 805 806 874
3 806 875 874
3 806 807 875
3 807 876 875
3 807 808 876
3 808 877 876
3 808 809 877
3 809 878 877
3 809 810 878
3 810 879 878
3 810 811 879
3 811 880 879
3 811 812 880
3 812 881 880
3 812 813 881
3 813 882 881
3 813 814 882
3 814 883 882
3 814 815 883
3 815 884 883
3 885 886 887
3 886 816 887
3 887 816 888
3 816 818 888
3 888 818 889
3 818 820 889
3 889 820 890
3 820 821 890
3 890 821 891
3 821 822 891
3 891 822 892
3 822 823 892
3 892 823 893
3 823 824 893
3 893 824 894
3 824 825 894
3 894 825 895
3 825 826 895
3 895 826 896
3 826 827 896
3 896 827 897
3 827 828 897
3 897 828 898
3 828 829 898
3 898 829 899
3 829 830 899
3 899 830 900
3 830 831 900
3 900 831 901
3 831 832 901
3 901 832 902
3 832 833 902
3 902 833 903
3 833 834 903
3 903 834 904
3 834 835 904
3 904 835 905
3 835 836 905
3 905 836 906
3 836 837 906
3 906 837 907
3 837 838 907
3 907 838 908
3 838 839 908
3 908 839 909
3 839 840 909
3 909 840 910
3 840 841 910
3 910 841 911
3 841 842 911
3 911 842 912
3 842 843 912
3 912 843 913
3 843 844 913
3 913 844 914
3 844 845 914
3 914 845 915
3 845 846 915
3 915 846 916
3 846 847 916
3 916 847 917
3 847 848 917
3 917 848 918
3 848 849 918
3 918 849 919
3 849 850 919
3 919 850 920
3 850 851 920
3 920 851 921
3 851 852 921
3 921 852 922
3 852 853 922
3 922 853 923
3 853 854 923
3 923 854 924
3 854 855 924
3 924 855 925
3 855 856 925
3 925 856 926
3 856 857 926
3 926 857 927
3 857 928 927
3 857 858 928
3 858 929 928
3 858 859 929
3 859 930 929
3 859 860 930
3 860 931 930
3 860 861 931
3 861 932 931
3 861 862 932
3 862 933 932
3 862 863 933
3 863 934 933
3 863 864 934
3 864 935 934
3 864 865 935
3 865 936 935
3 865 866 936
3 866 937 936
3 866 867 937
3 867 938 937
3 867 868 938
3 868 939 938
3 868 869 939
3 869 940 939
3 869 870 940
3 870 941 940
3 870 871 941
3 871 942 941
3 871 872 942
3 872 943 942
3 872 873 943
3 873 944 943
3 873 874 944
3 874 945 944
3 874 875 945
3 875 946 945
3 875 876 946
3 876 947 946
3 876 877 947
3 877 948 947
3 877 878 948
3 878 949 948
3 878 879 949
3 879 950 949
3 879 880 950
3 880 951 950
3 880 881 951
3 881 952 951
3 881 882 952
3 882 953 952
3 882 883 953
3 883 954 953
3 883 884 954
3 955 885 956
3 956 885 957
3 885 887 957
3 957 887 958
3 887 888 958
3 958 888 959
3 888 889 959
3 959 889 960
3 889 890 960
3 960 890 961
3 890 891 961
3 961 891 962
3 891 892 962
3 962 892 963
3 892 893 963
3 963 893 964
3 893 894 964
3 964 894 965
3 894 895 965
3 965 895 966
3 895 896 966
3 966 896 967
3 896 897 967
3 967 897 968
3 897 898 968
3 968 898 969
3 898 899 969
3 969 899 970
3 899 900 970
3 970 900 971
3 900 901 971
3 971 901 972
3 901 902 972
3 972 902 973
3 902 903 973
3 973 903 974
3 903 904 974
3 974 904 975
3 904 905 975
3 975 905 976
3 905 906 976
3 976 906 977
3 906 907 977
3 977 907 978
3 907 908 978
3 978 908 979
3 908 909 979
3 979 909 980
3 909 910 980
3 980 910 981
3 910 911 981
3 981 911 982
3 911 912 982
3 982 912 983
3 912 913 983
3 983 913 984
3 913 914 984
3 984 914 985
3 914 915 985
3 985 915 986
3 915 916 986
3 986 916 987
3 916 917 987
3 987 917 988
3 917 918 988
3 988 918 989
3 918 919 989
3 989 919 990
3 919 920 990
3 990 920 991
3 920 921 991
3 991 921 992
3 921 922 992
3 992 922 993
3 922 923 993
3 993 923 994
3 923 924 994
3 994 924 995
3 924 925 995
3 995 925 996
3 925 926 996
3 996 926 997
3 926 927 997
3 997 927 998
3 927 999 998
3 927 928 999
3 928 1000 999
3 928 929 1000
3 929 1001 1000
3 929 930 1001
3 930 1002 1001
3 930 931 1002
3 931 1003 1002
3 931 932 1003
3 932 1004 1003
3 932 933 1004
3 933 1005 1004
3 933 934 1005
3 934 1006 1005
3 934 935 1006
3 935 1007 1006
3 935 936 1007
3 936 1008 1007
3 936 937 1008
3 937 1009 1008
3 937 938 1009
3 938 1010 1009
3 938 939 1010
3 939 1011 1010
3 939 940 1011
3 940 1012 1011
3 940 941 1012
3 941 1013 1012
3 941 942 1013
3 942 1014 1013
3 942 943 1014
3 943 1015 1014
3 943 944 1015
3 944 1016 1015
3 944 945 1016
3 945 1017 1016
3 945 946 1017
3 946 1018 1017
3 946 947 1018
3 947 1019 1018
3 947 948 1019
3 948 1020 1019
3 948 949 1020
3 949 1021 1020
3 949 950 1021
3 950 1022 1021
3 950 951 1022
3 951 1023 1022
3 951 952 1023
3 952 1024 1023
3 952 953 1024
3 953 1025 1024
3 953 954 1025
3 954 1026 1025
3 956 957 1027
3 1027 957 1028
3 957 958 1028
3 1028 958 1029
3 958 959 1029
3 1029 959 1030
3 959 960 1030
3 1030 960 1031
3 960 961 1031
3 1031 961 1032
3 961 962 1032
3 1032 962 1033
3 962 963 1033
3 1033 963 1034
3 963 964 1034
3 1034 964 1035
3 964 965 1035
3 1035 965 1036
3 965 966 1036
3 1036 966 1037
3 966 967 1037
3 1037 967 1038
3 967 968 1038
3 1038 968 1039
3 968 969 1039
3 1039 969 1040
3 969 970 1040
3 1040 970 1041
3 970 971 1041
3 1041 971 1042
3 971 972 1042
3 1042 972 1043
3 972 973 1043
3 1043 973 1044
3 973 974 1044
3 1044 974 1045
3 974 975 1045
3 1045 975 1046
3 975 976 1046
3 1046 976 1047
3 976 977 1047
3 1047 977 1048
3 977 978 1048
3 1048 978 1049
3 978 979 1049
3 1049 979 1050
3 979 980 1050
3 1050 980 1051
3 980 981 1051
3 1051 981 1052
3 981 982 1052
3 1052 982 1053
3 982 983 1053
3 1053 983 1054
3 983 984 1054
3 1054 984 1055
3 984 985 1055
3 1055 985 1056
3 985 986 1056
3 1056 986 1057
3 986 987 1057
3 1057 987 1058
3 987 988 1058
3 1058 988 1059
3 988 989 1059
3 1059 989 1060
3 989 990 1060
3 1060 990 1061
3 990 991 1061
3 1061 991 1062
3 991 992 1062
3 1062 992 1063
3 992 993 1063
3 1063 993 1064
3 993 994 1064
3 1064 994 1065
3 994 995 1065
3 1065 995 1066
3 995 996 1066
3 1066 996 1067
3 996 997 1067
3 1067 997 1068
3 997 998 1068
3 1068 998 1069
3 998 1070 1069
3 998 999 1070
3 999 1071 1070
3 999 1000 1071
3 1000 1072 1071
3 1000 1001 1072
3 1001 1073 1072
3 1001 1002 1073
3 1002 1074 1073
3 1002 1003 1074
3 1003 1075 1074
3 1003 1004 1075
3 1004 1076 1075
3 1004 1005 1076
3 1005 1077 1076
3 1005 1006 1077
3 1006 1078 1077
3 1006 1007 1078
3 1007 1079 1078
3 1007 1008 1079
3 1008 1080 1079
3 1008 1009 1080
3 1009 1081 1080
3 1009 1010 1081
3 1010 1082 1081
3 1010 1011 1082
3 1011 1083 1082
3 1011 1012 1083
3 1012 1084 1083
3 1012 1013 1084
3 1013 1085 1084
3 1013 1014 1085
3 1014 1086 1085
3 1014 1015 1086
3 1015 1087 1086
3 1015 1016 1087
3 1016 1088 1087
3 1016 1017 1088
3 1017 1089 1088
3 1017 1018 1089
3 1018 1090 1089
3 1018 1019 1090
3 1019 1091 1090
3 1019 1020 1091
3 1020 1092 1091
3 1020 1021 1092
3 1021 1093 1092
3 1021 1022 1093
3 1022 1094 1093
3 1022 1023 1094
3 1023 1095 1094
3 1023 1024 1095
3 1024 1096 1095
3 1024 1025 1096
3 1025 1097 1096
3 1025 1026 1097
3 1027 1028 1098
3 1098 1028 1099
3 1028 1029 1099
3 1099 1029 1100
3 1029 1030 1100
3 1100 1030 1101
3 1030 1031 1101
3 1101 1031 1102
3 1031 1032 1102
3 1102 1032 1103
3 1032 1033 1103
3 1103 1033 1104
3 1033 1034 1104
3 1104 1034 1105
3 1034 1035 1105
3 1105 1035 1106
3 1035 1036 1106
3 1106 1036 1107
3 1036 1037 1107
3 1107 1037 1108
3 1037 1038 1108
3 1108 1038 1109
3 1038 1039 1109
3 1109 1039 1110
3 1039 1040 1110
3 1110 1040 1111
3 1040 1041 1111
3 1111 1041 1112
3 1041 1042 1112
3 1112 1042 1113
3 1042 1043 1113
3 1113 1043 1114
3 1043 1044 1114
3 1114 1044 1115
3 1044 1045 1115
3 1115 1045 1116
3 1045 1046 1116
3 1116 1046 1117
3 1046 1047 1117
3 1117 1047 1118
3 1047 1048 1118
3 1118 1048 1119
3 1048 1049 1119
3 1119 1049 1120
3 1049 1050 1120
3 1120 1050 1121
3 1050 1051 1121
3 1121 1051 1122
3 1051 1052 1122
3 1122 1052 1123
3 1052 1053 1123
3 1123 1053 1124
3 1053 1054 1124
3 1124 1054 1125
3 1054 1055 1125
3 1125 1055 1126
3 1055 1056 1126
3 1126 1056 1127
3 1056 1057 1127
3 1127 1057 1128
3 1057 1058 1128
3 1128 1058 1129
3 1058 1059 1129
3 1129 1059 1130
3 1059 1060 1130
3 1130 1060 1131
3 1060 1061 1131
3 1131 1061 1132
3 1061 1062 1132
3 1132 1062 1133
3 1062 1063 1133
3 1133 1063 1134
3 1063 1064 1134
3 1134 1064 1135
3 1064 1065 1135
3 1135 1065 1136
3 1065 1066 1136
3 1136 1066 1137
3 1066 1067 1137
3 1137 1067 1138
3 1067 1068 1138
3 1138 1068 1139
3 1068 1069 1139
3 1139 1069 1140
3 1069 1141 1140
3 1069 1070 1141
3 1070 1142 1141
3 1070 1071 1142
3 1071 1143 1142
3 1071 1072 1143
3 1072 1144 1143
3 1072 1073 1144
3 1073 1145 1144
3 1073 1074 1145
3 1074 1146 1145
3 1074 1075 1146
3 1075 1147 1146
3 1075 1076 1147
3 1076 1148 1147
3 1076 1077 1148
3 1077 1149 1148
3 1077 1078 1149
3 1078 1150 1149
3 1078 1079 1150
3 1079 1151 1150
3 1079 1080 1151
3 1080 1152 1151
3 1080 1081 1152
3 1081 1153 1152
3 1081 1082 1153
3 1082 1154 1153
3 1082 1083 1154
3 1083 1155 1154
3 1083 1084 1155
3 1084 1156 1155
3 1084 1085 1156
3 1085 1157 1156
3 1085 1086 1157
3 1086 1158 1157
3 1086 1087 1158
3 1087 1159 1158
3 1087 1088 1159
3 1088 1160 1159
3 1088 1089 1160
3 1089 1161 1160
3 1089 1090 1161
3 1090 1162 1161
3 1090 1091 1162
3 1091 1163 1162
3 1091 1092 1163
3 1092 1164 1163
3 1092 1093 1164
3 1093 1165 1164
3 1093 1094 1165
3 1094 1166 1165
3 1094 1095 1166
3 1095 1167 1166
3 1095 1096 1167
3 1096 1168 1167
3 1096 1097 1168
3 1098 1099 1169
3 1169 1099 1170
3 1099 1100 1170
3 1170 1100 1171
3 1100 1101 1171
3 1171 1101 1172
3 1101 1102 1172
3 1172 1102 1173
3 1102 1103 1173
3 1173 1103 1174
3 1103 1104 1174
3 1174 1104 1175
3 1104 1105 1175
3 1175 1105 1176
3 1105 1106 1176
3 1176 1106 1177
3 1106 1107 1177
3 1177 1107 1178
3 1107 1108 1178
3 1178 1108 1179
3 1108 1109 1179
3 1179 1109 1180
3 1109 1110 1180
3 1180 1110 1181
3 1110 1111 1181
3 1181 1111 1182
3 1111 1112 1182
3 1182 1112 1183
3 1112 1113 1183
3 1183 1113 1184
3 1113 1114 1184
3 1184 1114 1185
3 1114 1115 1185
3 1185 1115 1186
3 1115 1116 1186
3 1186 1116 1187
3 1116 1117 1187
3 1187 1117 1188
3 1117 1118 1188
3 1188 1118 1189
3 1118 1119 1189
3 1189 1119 1190
3 1119 1120 1190
3 1190 1120 1191
3 1120 1121 1191
3 1191 1121 1192
3 1121 1122 1192
3 1192 1122 1193
3 1122 1123 1193
3 1193 1123 1194
3 1123 1124 1194
3 1194 1124 1195
3 1124 1125 1195
3 1195 1125 1196
3 1125 1126 1196
3 1196 1126 1197
3 1126 1127 1197
3 1197 1127 1198
3 1127 1128 1198
3 1198 1128 1199
3 1128 1129 1199
3 1199 1129 1200
3 1129 1130 1200
3 1200 1130 1201
3 1130 1131 1201
3 1201 1131 1202
3 1131 1132 1202
3 1202 1132 1203
3 1132 1133 1203
3 1203 1133 1204
3 1133 1134 1204
3 1204 1134 1205
3 1134 1135 1205
3 1205 1135 1206
3 1135 1136 1206
3 1206 1136 1207
3 1136 1137 1207
3 1207 1137 1208
3 1137 1138 1208
3 1208 1138 1209
3 1138 1139 1209
3 1209 1139 1210
3 1139 1140 1210
3 1210 1140 1211
3 1140 1141 1211
3 1211 1141 1212
3 1141 1213 1212
3 1141 1142 1213
3 1142 1214 1213
3 1142 1143 1214
3 1143 1215 1214
3 1143 1144 1215
3 1144 1216 1215
3 1144 1145 1216
3 1145 1217 1216
3 1145 1146 1217
3 1146 1218 1217
3 1146 1147 1218
3 1147 1219 1218
3 1147 1148 1219
3 1148 1220 1219
3 1148 1149 1220
3 1149 1221 1220
3 1149 1150 1221
3 1150 1222 1221
3 1150 1151 1222
3 1151 1223 1222
3 1151 1152 1223
3 1152 1224 1223
3 1152 1153 1224
3 1153 1225 1224
3 1153 1154 1225
3 1154 1226 1225
3 1154 1155 1226
3 1155 1227 1226
3 1155 1156 1227
3 1156 1228 1227
3 1156 1157 1228
3 1157 1229 1228
3 1157 1158 1229
3 1158 1230 1229
3 1158 1159 1230
3 1159 1231 1230
3 1159 1160 1231
3 1160 1232 1231
3 1160 1161 1232
3 1161 1233 1232
3 1161 1162 1233
3 1162 1234 1233
3 1162 1163 1234
3 1163 1235 1234
3 1163 1164 1235
3 1164 1236 1235
3 1164 1165 1236
3 1165 1237 1236
3 1165 1166 1237
3 1166 1238 1237
3 1166 1167 1238
3 1167 1239 1238
3 1167 1168 1239
3 1168 1240 1239
3 1169 1170 1241
3 1241 1170 1242
3 1170 1171 1242
3 1242 1171 1243
3 1171 1172 1243
3 1243 1172 1244
3 1172 1173 1244
3 1244 1173 1245
3 1173 1174 1245
3 1245 1174 1246
3 1174 1175 1246
3 1246 1175 1247
3 1175 1176 1247
3 1247 1176 1248
3 1176 1177 1248
3 1248 1177 1249
3 1177 1178 1249
3 1249 1178 1250
3 1178 1179 1250
3 1250 1179 1251
3 1179 1180 1251
3 1251 1180 1252
3 1180 1181 1252
3 1252 1181 1253
3 1181 1182 1253
3 1253 1182 1254
3 1182 1183 1254
3 1254 1183 1255
3 1183 1184 1255
3 1255 1184 1256
3 1184 1185 1256
3 1256 1185 1257
3 1185 1186 1257
3 1257 1186 1258
3 1186 1187 1258
3 1258 1187 1259
3 1187 1188 1259
3 1259 1188 1260
3 1188 1189 1260
3 1260 1189 1261
3 1189 1190 1261
3 1261 1190 1262
3 1190 1191 1262
3 1262 1191 1263
3 1191 1192 1263
3 1263 1192 1264
3 1192 1193 1264
3 1264 1193 1265
3 1193 1194 1265
3 1265 1194 1266
3 1194 1195 1266
3 1266 1195 1267
3 1195 1196 1267
3 1267 1196 1268
3 1196 1197 1268
3 1268 1197 1269
3 1197 1198 1269
3 1269 1198 1270
3 1198 1199 1270
3 1270 1199 1271
3 1199 1200 1271
3 1271 1200 1272
3 1200 1201 1272
3 1272 1201 1273
3 1201 1202 1273
3 1273 1202 1274
3 1202 1203 1274
3 1274 1203 1275
3 1203 1204 1275
3 1275 1204 1276
3 1204 1205 1276
3 1276 1205 1277
3 1205 1206 1277
3 1277 1206 1278
3 1206 1207 1278
3 1278 1207 1279
3 1207 1208 1279
3 1279 1208 1280
3 1208 1209 1280
3 1280 1209 1281
3 1209 1210 1281
3 1281 1210 1282
3 1210 1211 1282
3 1282 1211 1283
3 1211 1284 1283
3 1211 1212 1284
3 1212 1285 1284
3 1212 1213 1285
3 1213 1286 1285
3 1213 1214 1286
3 1214 1287 1286
3 1214 1215 1287
3 1215 1288 1287
3 1215 1216 1288
3 1216 1289 1288
3 1216 1217 1289
3 1217 1290 1289
3 1217 1218 1290
3 1218 1291 1290
3 1218 1219 1291
3 1219 1292 1291
3 1219 1220 1292
3 1220 1293 1292
3 1220 1221 1293
3 1221 1294 1293
3 1221 1222 1294
3 1222 1295 1294
3 1222 1223 1295
3 1223 1296 1295
3 1223 1224 1296
3 1224 1297 1296
3 1224 1225 1297
3 1225 1298 1297
3 1225 1226 1298
3 1226 1299 1298
3 1226 1227 1299
3 1227 1300 1299
3 1227 1228 1300
3 1228 1301 1300
3 1228 1229 1301
3 1229 1302 1301
3 1229 1230 1302
3 1230 1303 1302
3 1230 1231 1303
3 1231 1304 1303
3 1231 1232 1304
3 1232 1305 1304
3 1232 1233 1305
3 1233 1306 1305
3 1233 1234 1306
3 1234 1307 1306
3 1234 1235 1307
3 1235 1308 1307
3 1235 1236 1308
3 1236 1309 1308
3 1236 1237 1309
3 1237 1310 1309
3 1237 1238 1310
3 1238 1311 1310
3 1238 1239 1311
3 1239 1312 1311
3 1239 1240 1312
3 1242 1243 1313
3 1313 1243 1314
3 1243 1244 1314
3 1314 1244 1315
3 1244 1245 1315
3 1315 1245 1316
3 1245 1246 1316
3 1316 1246 1317
3 1246 1247 1317
3 1317 1247 1318
3 1247 1248 1318
3 1318 1248 1319
3 1248 1249 1319
3 1319 1249 1320
3 1249 1250 1320
3 1320 1250 1321
3 1250 1251 1321
3 1321 1251 1322
3 1251 1252 1322
3 1322 1252 1323
3 1252 1253 1323
3 1323 1253 1324
3 1253 1254 1324
3 1324 1254 1325
3 1254 1255 1325
3 1325 1255 1326
3 1255 1256 1326
3 1326 1256 1327
3 1256 1257 1327
3 1327 1257 1328
3 1257 1258 1328
3 1328 1258 1329
3 1258 1259 1329
3 1329 1259 1330
3 1259 1260 1330
3 1330 1260 1331
3 1260 1261 1331
3 1331 1261 1332
3 1261 1262 1332
3 1332 1262 1333
3 1262 1263 1333
3 1333 1263 1334
3 1263 1264 1334
3 1334 1264 1335
3 1264 1265 1335
3 1335 1265 1336
3 1265 1266 1336
3 1336 1266 1337
3 1266 1267 1337
3 1337 1267 1338
3 1267 1268 1338
3 1338 1268 1339
3 1268 1269 1339
3 1339 1269 1340
3 1269 1270 1340
3 1340 1270 1341
3 1270 1271 1341
3 1341 1271 1342
3 1271 1272 1342
3 1342 1272 1343
3 1272 1273 1343
3 1343 1273 1344
3 1273 1274 1344
3 1344 1274 1345
3 1274 1275 1345
3 1345 1275 1346
3 1275 1276 1346
3 1346 1276 1347
3 1276 1277 1347
3 1347 1277 1348
3 1277 1278 1348
3 1348 1278 1349
3 1278 1279 1349
3 1349 1279 1350
3 1279 1280 1350
3 1350 1280 1351
3 1280 1281 1351
3 1351 1281 1352
3 1281 1282 1352
3 1352 1282 1353
3 1282 1283 1353
3 1353 1283 1354
3 1283 1284 1354
3 1354 1284 1355
3 1284 1285 1355
3 1355 1285 1356
3 1285 1357 1356
3 1285 1286 1357
3 1286 1358 1357
3 1286 1287 1358
3 1287 1359 1358
3 1287 1288 1359
3 1288 1360 1359
3 1288 1289 1360
3 1289 1361 1360
3 1289 1290 1361
3 1290 1362 1361
3 1290 1291 1362
3 1291 1363 1362
3 1291 1292 1363
3 1292 1364 1363
3 1292 1293 1364
3 1293 1365 1364
3 1293 1294 1365
3 1294 1366 1365
3 1294 1295 1366
3 1295 1367 1366
3 1295 1296 1367
3 1296 1368 1367
3 1296 1297 1368
3 1297 1369 1368
3 1297 1298 1369
3 1298 1370 1369
3 1298 1299 1370
3 1299 1371 1370
3 1299 1300 1371
3 1300 1372 1371
3 1300 1301 1372
3 1301 1373 1372
3 1301 1302 1373
3 1302 1374 1373
3 1302 1303 1374
3 1303 1375 1374
3 1303 1304 1375
3 1304 1376 1375
3 1304 1305 1376
3 1305 1377 1376
3 1305 1306 1377
3 1306 1378 1377
3 1306 1307 1378
3 1307 1379 1378
3 1307 1308 1379
3 1308 1380 1379
3 1308 1309 1380
3 1309 1381 1380
3 1309 1310 1381
3 1310 1382 1381
3 1310 1311 1382
3 1311 1383 1382
3 1311 1312 1383
3 1312 1384 1383
3 1313 1314 1385
3 1385 1314 1386
3 1314 1315 1386
3 1386 1315 1387
3 1315 1316 1387
3 1387 1316 1388
3 1316 1317 1388
3 1388 1317 1389
3 1317 1318 1389
3 1389 1318 1390
3 1318 1319 1390
3 1390 1319 1391
3 1319 1320 1391
3 1391 1320 1392
3 1320 1321 1392
3 1392 1321 1393
3 1321 1322 1393
3 1393 1322 1394
3 1322 1323 1394
3 1394 1323 1395
3 1323 1324 1395
3 1395 1324 1396
3 1324 1325 1396
3 1396 1325 1397
3 1325 1326 1397
3 1397 1326 1398
3 1326 1327 1398
3 1398 1327 1399
3 1327 1328 1399
3 1399 1328 1400
3 1328 1329 1400
3 1400 1329 1401
3 1329 1330 1401
3 1401 1330 1402
3 1330 1331 1402
3 1402 1331 1403
3 1331 1332 1403
3 1403 1332 1404
3 1332 1333 1404
3 1404 1333 1405
3 1333 1334 1405
3 1405 1334 1406
3 1334 1335 1406
3 1406 1335 1407
3 1335 1336 1407
3 1407 1336 1408
3 1336 1337 1408
3 1408 1337 1409
3 1337 1338 1409
3 1409 1338 1410
3 1338 1339 1410
3 1410 1339 1411
3 1339 1340 1411
3 1411 1340 1412
3 1340 1341 1412
3 1412 1341 1413
3 1341 1342 1413
3 1413 1342 1414
3 1342 1343 1414
3 1414 1343 1415
3 1343 1344 1415
3 1415 1344 1416
3 1344 1345 1416
3 1416 1345 1417
3 1345 1346 1417
3 1417 1346 1418
3 1346 1347 1418
3 1418 1347 1419
3 1347 1348 1419
3 1419 1348 1420
3 1348 1349 1420
3 1420 1349 1421
3 1349 1350 1421
3 1421 1350 1422
3 1350 1351 1422
3 1422 1351 1423
3 1351 1352 1423
3 1423 1352 1424
3 1352 1353 1424
3 1424 1353 1425
3 1353 1354 1425
3 1425 1354 1426
3 1354 1355 1426
3 1426 1355 1427
3 1355 1428 1427
3 1355 1356 1428
3 1356 1429 1428
3 1356 1357 1429
3 1357 1430 1429
3 1357 1358 1430
3 1358 1431 1430
3 1358 1359 1431
3 1359 1432 1431
3 1359 1360 1432
3 1360 1433 1432
3 1360 1361 1433
3 1361 1434 1433
3 1361 1362 1434
3 1362 1435 1434
3 1362 1363 1435
3 1363 1436 1435
3 1363 1364 1436
3 1364 1437 1436
3 1364 1365 1437
3 1365 1438 1437
3 1365 1366 1438
3 1366 1439 1438
3 1366 1367 1439
3 1367 1440 1439
3 1367 1368 1440
3 1368 1441 1440
3 1368 1369 1441
3 1369 1442 1441
3 1369 1370 1442
3 1370 1443 1442
3 1370 1371 1443
3 1371 1444 1443
3 1371 1372 1444
3 1372 1445 1444
3 1372 1373 1445
3 1373 1446 1445
3 1373 1374 1446
3 1374 1447 1446
3 1374 1375 1447
3 1375 1448 1447
3 1375 1376 1448
3 1376 1449 1448
3 1376 1377 1449
3 1377 1450 1449
3 1377 1378 1450
3 1378 1451 1450
3 1378 1379 1451
3 1379 1452 1451
3 1379 1380 1452
3 1380 1453 1452
3 1380 1381 1453
3 1381 1454 1453
3 1381 1382 1454
3 1382 1455 1454
3 1382 1383 1455
3 1383 1456 1455
3 1383 1384 1456
3 1385 1386 1457
3 1457 1386 1458
3 1386 1387 1458
3 1458 1387 1459
3 1387 1388 1459
3 1459 1388 1460
3 1388 1389 1460
3 1460 1389 1461
3 1389 1390 1461
3 1461 1390 1462
3 1390 1391 1462
3 1462 1391 1463
3 1391 1392 1463
3 1463 1392 1464
3 1392 1393 1464
3 1464 1393 1465
3 1393 1394 1465
3 1465 1394 1466
3 1394 1395 1466
3 1466 1395 1467
3 1395 1396 1467
3 1467 1396 1468
3 1396 1397 1468
3 1468 1397 1469
3 1397 1398 1469
3 1469 1398 1470
3 1398 1399 1470
3 1470 1399 1471
3 1399 1400 1471
3 1471 1400 1472
3 1400 1401 1472
3 1472 1401 1473
3 1401 1402 1473
3 1473 1402 1474
3 1402 1403 1474
3 1474 1403 1475
3 1403 1404 1475
3 1475 1404 1476
3 1404 1405 1476
3 1476 1405 1477
3 1405 1406 1477
3 1477 1406 1478
3 1406 1407 1478
3 1478 1407 1479
3 1407 1408 1479
3 1479 1408 1480
3 1408 1409 1480
3 1480 1409 1481
3 1409 1410 1481
3 1481 1410 1482
3 1410 1411 1482
3 1482 1411 1483
3 1411 1412 1483
3 1483 1412 1484
3 1412 1413 1484
3 1484 1413 1485
3 1413 1414 1485
3 1485 1414 1486
3 1414 1415 1486
3 1486 1415 1487
3 1415 1416 1487
3 1487 1416 1488
3 1416 1417 1488
3 1488 1417 1489
3 1417 1418 1489
3 1489 1418 1490
3 1418 1419 1490
3 1490 1419 1491
3 1419 1420 1491
3 1491 1420 1492
3 1420 1421 1492
3 1492 1421 1493
3 1421 1422 1493
3 1493 1422 1494
3 1422 1423 1494
3 1494 1423 1495
3 1423 1424 1495
3 1495 1424 1496
3 1424 1425 1496
3 1496 1425 1497
3 1425 1426 1497
3 1497 1426 1498
3 1426 1427 1498
3 1498 1427 1499
3 1427 1500 1499
3 1427 1428 1500
3 1428 1501 1500
3 1428 1429 1501
3 1429 1502 1501
3 1429 1430 1502
3 1430 1503 1502
3 1430 1431 1503
3 1431 1504 1503
3 1431 1432 1504
3 1432 1505 1504
3 1432 1433 1505
3 1433 1506 1505
3 1433 1434 1506
3 1434 1507 1506
3 1434 1435 1507
3 1435 1508 1507
3 1435 1436 1508
3 1436 1509 1508
3 1436 1437 1509
3 1437 1510 1509
3 1437 1438 1510
3 1438 1511 1510
3 1438 1439 1511
3 1439 1512 1511
3 1439 1440 1512
3 1440 1513 1512
3 1440 1441 1513
3 1441 1514 1513
3 1441 1442 1514
3 1442 1515 1514
3 1442 1443 1515
3 1443 1516 1515
3 1443 1444 1516
3 1444 1517 1516
3 1444 1445 1517
3 1445 1518 1517
3 1445 1446 1518
3 1446 1519 1518
3 1446 1447 1519
3 1447 1520 1519
3 1447 1448 1520
3 1448 1521 1520
3 1448 1449 1521
3 1449 1522 1521
3 1449 1450 1522
3 1450 1523 1522
3 1450 1451 1523
3 1451 1524 1523
3 1451 1452 1524
3 1452 1525 1524
3 1452 1453 1525
3 1453 1526 1525
3 1453 1454 1526
3 1454 1527 1526
3 1454 1455 1527
3 1455 1528 1527
3 1455 1456 1528
3 1457 1458 1529
3 1529 1458 1530
3 1458 1459 1530
3 1530 1459 1531
3 1459 1460 1531
3 1531 1460 1532
3 1460 1461 1532
3 1532 1461 1533
3 1461 1462 1533
3 1533 1462 1534
3 1462 1463 1534
3 1534 1463 1535
3 1463 1464 1535
3 1535 1464 1536
3 1464 1465 1536
3 1536 1465 1537
3 1465 1466 1537
3 1537 1466 1538
3 1466 1467 1538
3 1538 1467 1539
3 1467 1468 1539
3 1539 1468 1540
3 1468 1469 1540
3 1540 1469 1541
3 1469 1470 1541
3 1541 1470 1542
3 1470 1471 1542
3 1542 1471 1543
3 1471 1472 1543
3 1543 1472 1544
3 1472 1473 1544
3 1544 1473 1545
3 1473 1474 1545
3 1545 1474 1546
3 1474 1475 1546
3 1546 1475 1547
3 1475 1476 1547
3 1547 1476 1548
3 1476 1477 1548
3 1548 1477 1549
3 1477 1478 1549
3 1549 1478 1550
3 1478 1479 1550
3 1550 1479 1551
3 1479 1480 1551
3 1551 1480 1552
3 1480 1481 1552
3 1552 1481 1553
3 1481 1482 1553
3 1553 1482 1554
3 1482 1483 1554
3 1554 1483 1555
3 1483 1484 1555
3 1555 1484 1556
3 1484 1485 1556
3 1556 1485 1557
3 1485 1486 1557
3 1557 1486 1558
3 1486 1487 1558
3 1558 1487 1559
3 1487 1488 1559
3 1559 1488 1560
3 1488 1489 1560
3 1560 1489 1561
3 1489 1490 1561
3 1561 1490 1562
3 1490 1491 1562
3 1562 1491 1563
3 1491 1492 1563
3 1563 1492 1564
3 1492 1493 1564
3 1564 1493 1565
3 1493 1494 1565
3 1565 1494 1566
3 1494 1495 1566
3 1566 1495 1567
3 1495 1496 1567
3 1567 1496 1568
3 1496 1497 1568
3 1568 1497 1569
3 1497 1498 1569
3 1569 1498 1570
3 1498 1499 1570
3 1570 1499 1571
3 1499 1572 1571
3 1499 1500 1572
3 1500 1573 1572
3 1500 1501 1573
3 1501 1574 1573
3 1501 1502 1574
3 1502 1575 1574
3 1502 1503 1575
3 1503 1576 1575
3 1503 1504 1576
3 1504 1577 1576
3 1504 1505 1577
3 1505 1578 1577
3 1505 1506 1578
3 1506 1579 1578
3 1506 1507 1579
3 1507 1580 1579
3 1507 1508 1580
3 1508 1581 1580
3 1508 1509 1581
3 1509 1582 1581
3 1509 1510 1582
3 1510 1583 1582
3 1510 1511 1583
3 1511 1584 1583
3 1511 1512 1584
3 1512 1585 1584
3 1512 1513 1585
3 1513 1586 1585
3 1513 1514 1586
3 1514 1587 1586
3 1514 1515 1587
3 1515 1588 1587
3 1515 1516 1588
3 1516 1589 1588
3 1516 1517 1589
3 1517 1590 1589
3 1517 1518 1590
3 1518 1591 1590
3 1518 1519 1591
3 1519 1592 1591
3 1519 1520 1592
3 1520 1593 1592
3 1520 1521 1593
3 1521 1594 1593
3 1521 1522 1594
3 1522 1595 1594
3 1522 1523 1595
3 1523 1596 1595
3 1523 1524 1596
3 1524 1597 1596
3 1524 1525 1597
3 1525 1598 1597
3 1525 1526 1598
3 1526 1599 1598
3 1526 1527 1599
3 1527 1600 1599
3 1527 1528 1600
3 1528 1601 1600
3 1530 1531 1602
3 1602 1531 1603
3 1531 1532 1603
3 1603 1532 1604
3 1532 1533 1604
3 1604 1533 1605
3 1533 1534 1605
3 1605 1534 1606
3 1534 1535 1606
3 1606 1535 1607
3 1535 1536 1607
3 1607 1536 1608
3 1536 1537 1608
3 1608 1537 1609
3 1537 1538 1609
3 1609 1538 1610
3 1538 1539 1610
3 1610 1539 1611
3 1539 1540 1611
3 1611 1540 1612
3 1540 1541 1612
3 1612 1541 1613
3 1541 1542 1613
3 1613 1542 1614
3 1542 1543 1614
3 1614 1543 1615
3 1543 1544 1615
3 1615 1544 1616
3 1544 1545 1616
3 1616 1545 1617
3 1545 1546 1617
3 1617 1546 1618
3 1546 1547 1618
3 1618 1547 1619
3 1547 1548 1619
3 1619 1548 1620
3 1548 1549 1620
3 1620 1549 1621
3 1549 1550 1621
3 1621 1550 1622
3 1550 1551 1622
3 1622 1551 1623
3 1551 1552 1623
3 1623 1552 1624
3 1552 1553 1624
3 1624 1553 1625
3 1553 1554 1625
3 1625 1554 1626
3 1554 1555 1626
3 1626 1555 1627
3 1555 1556 1627
3 1627 1556 1628
3 1556 1557 1628
3 1628 1557 1629
3 1557 1558 1629
3 1629 1558 1630
3 1558 1559 1630
3 1630 1559 1631
3 1559 1560 1631
3 1631 1560 1632
3 1560 1561 1632
3 1632 1561 1633
3 1561 1562 1633
3 1633 1562 1634
3 1562 1563 1634
3 1634 1563 1635
3 1563 1564 1635
3 1635 1564 1636
3 1564 1565 1636
3 1636 1565 1637
3 1565 1566 1637
3 1637 1566 1638
3 1566 1567 1638
3 1638 1567 1639
3 1567 1568 1639
3 1639 1568 1640
3 1568 1569 1640
3 1640 1569 1641
3 1569 1570 1641
3 1641 1570 1642
3 1570 1643 1642
3 1570 1571 1643
3 1571 1644 1643
3 1571 1572 1644
3 1572 1645 1644
3 1572 1573 1645
3 1573 1646 1645
3 1573 1574 1646
3 1574 1647 1646
3 1574 1575 1647
3 1575 1648 1647
3 1575 1576 1648
3 1576 1649 1648
3 1576 1577 1649
3 1577 1650 1649
3 1577 1578 1650
3 1578 1651 1650
3 1578 1579 1651
3 1579 1652 1651
3 1579 1580 1652
3 1580 1653 1652
3 1580 1581 1653
3 1581 1654 1653
3 1581 1582 1654
3 1582 1655 1654
3 1582 1583 1655
3 1583 1656 1655
3 1583 1584 1656
3 1584 1657 1656
3 1584 1585 1657
3 1585 1658 1657
3 1585 1586 1658
3 1586 1659 1658
3 1586 1587 1659
3 1587 1660 1659
3 1587 1588 1660
3 1588 1661 1660
3 1588 1589 1661
3 1589 1662 1661
3 1589 1590 1662
3 1590 1663 1662
3 1590 1591 1663
3 1591 1664 1663
3 1591 1592 1664
3 1592 1665 1664
3 1592 1593 1665
3 1593 1666 1665
3 1593 1594 1666
3 1594 1667 1666
3 1594 1595 1667
3 1595 1668 1667
3 1595 1596 1668
3 1596 1669 1668
3 1596 1597 1669
3 1597 1670 1669
3 1597 1598 1670
3 1598 1671 1670
3 1598 1599 1671
3 1599 1672 1671
3 1599 1600 1672
3 1600 1673 1672
3 1600 1601 1673
3 1602 1603 1674
3 1674 1603 1675
3 1603 1604 1675
3 1675 1604 1676
3 1604 1605 1676
3 1676 1605 1677
3 1605 1606 1677
3 1677 1606 1678
3 1606 1607 1678
3 1678 1607 1679
3 1607 1608 1679
3 1679 1608 1680
3 1608 1609 1680
3 1680 1609 1681
3 1609 1610 1681
3 1681 1610 1682
3 1610 1611 1682
3 1682 1611 1683
3 1611 1612 1683
3 1683 1612 1684
3 1612 1613 1684
3 1684 1613 1685
3 1613 1614 1685
3 1685 1614 1686
3 1614 1615 1686
3 1686 1615 1687
3 1615 1616 1687
3 1687 1616 1688
3 1616 1617 1688
3 1688 1617 1689
3 1617 1618 1689
3 1689 1618 1690
3 1618 1619 1690
3 1690 1619 1691
3 1619 1620 1691
3 1691 1620 1692
3 1620 1621 1692
3 1692 1621 1693
3 1621 1622 1693
3 1693 1622 1694
3 1622 1623 1694
3 1694 1623 1695
3 1623 1624 1695
3 1695 1624 1696
3 1624 1625 1696
3 1696 1625 1697
3 1625 1626 1697
3 1697 1626 1698
3 1626 1627 1698
3 1698 1627 1699
3 1627 1628 1699
3 1699 1628 1700
3 1628 1629 1700
3 1700 1629 1701
3 1629 1630 1701
3 1701 1630 1702
3 1630 1631 1702
3 1702 1631 1703
3 1631 1632 1703
3 1703 1632 1704
3 1632 1633 1704
3 1704 1633 1705
3 1633 1634 1705
3 1705 1634 1706
3 1634 1635 1706
3 1706 1635 1707
3 1635 1636 1707
3 1707 1636 1708
3 1636 1637 1708
3 1708 1637 1709
3 1637 1638 1709
3 1709 1638 1710
3 1638 1639 1710
3 1710 1639 1711
3 1639 1640 1711
3 1711 1640 1712
3 1640 1641 1712
3 1712 1641 1713
3 1641 1642 1713
3 1713 1642 1714
3 1642 1715 1714
3 1642 1643 1715
3 1643 1716 1715
3 1643 1644 1716
3 1644 1717 1716
3 1644 1645 1717
3 1645 1718 1717
3 1645 1646 1718
3 1646 1719 1718
3 1646 1647 1719
3 1647 1720 1719
3 1647 1648 1720
3 1648 1721 1720
3 1648 1649 1721
3 1649 1722 1721
3 1649 1650 1722
3 1650 1723 1722
3 1650 1651 1723
3 1651 1724 1723
3 1651 1652 1724
3 1652 1725 1724
3 1652 1653 1725
3 1653 1726 1725
3 1653 1654 1726
3 1654 1727 1726
3 1654 1655 1727
3 1655 1728 1727
3 1655 1656 1728
3 1656 1729 1728
3 1656 1657 1729
3 1657 1730 1729
3 1657 1658 1730
3 1658 1731 1730
3 1658 1659 1731
3 1659 1732 1731
3 1659 1660 1732
3 1660 1733 1732
3 1660 1661 1733
3 1661 1734 1733
3 1661 1662 1734
3 1662 1735 1734
3 1662 1663 1735
3 1663 1736 1735
3 1663 1664 1736
3 1664 1737 1736
3 1664 1665 1737
3 1665 1738 1737
3 1665 1666 1738
3 1666 1739 1738
3 1666 1667 1739
3 1667 1740 1739
3 1667 1668 1740
3 1668 1741 1740
3 1668 1669 1741
3 1669 1742 1741
3 1669 1670 1742
3 1670 1743 1742
3 1670 1671 1743
3 1671 1744 1743
3 1671 1672 1744
3 1672 1745 1744
3 1672 1673 1745
3 1673 1746 1745
3 1674 1675 1747
3 1747 1675 1748
3 1675 1676 1748
3 1748 1676 1749
3 1676 1677 1749
3 1749 1677 1750
3 1677 1678 1750
3 1750 1678 1751
3 1678 1679 1751
3 1751 1679 1752
3 1679 1680 1752
3 1752 1680 1753
3 1680 1681 1753
3 1753 1681 1754
3 1681 1682 1754
3 1754 1682 1755
3 1682 1683 1755
3 1755 1683 1756
3 1683 1684 1756
3 1756 1684 1757
3 1684 1685 1757
3 1757 1685 1758
3 1685 1686 1758
3 1758 1686 1759
3 1686 1687 1759
3 1759 1687 1760
3 1687 1688 1760
3 1760 1688 1761
3 1688 1689 1761
3 1761 1689 1762
3 1689 1690 1762
3 1762 1690 1763
3 1690 1691 1763
3 1763 1691 1764
3 1691 1692 1764
3 1764 1692 1765
3 1692 1693 1765
3 1765 1693 1766
3 1693 1694 1766
3 1766 1694 1767
3 1694 1695 1767
3 1767 1695 1768
3 1695 1696 1768
3 1768 1696 1769
3 1696 1697 1769
3 1769 1697 1770
3 1697 1698 1770
3 1770 1698 1771
3 1698 1699 1771
3 1771 1699 1772
3 1699 1700 1772
3 1772 1700 1773
3 1700 1701 1773
3 1773 1701 1774
3 1701 1702 1774
3 1774 1702 1775
3 1702 1703 1775
3 1775 1703 1776
3 1703 1704 1776
3 1776 1704 1777
3 1704 1705 1777
3 1777 1705 1778
3 1705 1706 1778
3 1778 1706 1779
3 1706 1707 1779
3 1779 1707 1780
3 1707 1708 1780
3 1780 1708 1781
3 1708 1709 1781
3 1781 1709 1782
3 1709 1710 1782
3 1782 1710 1783
3 1710 1711 1783
3 1783 1711 1784
3 1711 1712 1784
3 1784 1712 1785
3 1712 1713 1785
3 1785 1713 1786
3 1713 1714 1786
3 1786 1714 1787
3 1714 1788 1787
3 1714 1715 1788
3 1715 1789 1788
3 1715 1716 1789
3 1716 1790 1789
3 1716 1717 1790
3 1717 1791 1790
3 1717 1718 1791
3 1718 1792 1791
3 1718 1719 1792
3 1719 1793 1792
3 1719 1720 1793
3 1720 1794 1793
3 1720 1721 1794
3 1721 1795 1794
3 1721 1722 1795
3 1722 1796 1795
3 1722 1723 1796
3 1723 1797 1796
3 1723 1724 1797
3 1724 1798 1797
3 1724 1725 1798
3 1725 1799 1798
3 1725 1726 1799
3 1726 1800 1799
3 1726 1727 1800
3 1727 1801 1800
3 1727 1728 1801
3 1728 1802 1801
3 1728 1729 1802
3 1729 1803 1802
3 1729 1730 1803
3 1730 1804 1803
3 1730 1731 1804
3 1731 1805 1804
3 1731 1732 1805
3 1732 1806 1805
3 1732 1733 1806
3 1733 1807 1806
3 1733 1734 1807
3 1734 1808 1807
3 1734 1735 1808
3 1735 1809 1808
3 1735 1736 1809
3 1736 1810 1809
3 1736 1737 1810
3 1737 1811 1810
3 1737 1738 1811
3 1738 1812 1811
3 1738 1739 1812
3 1739 1813 1812
3 1739 1740 1813
3 1740 1814 1813
3 1740 1741 1814
3 1741 1815 1814
3 1741 1742 1815
3 1742 1816 1815
3 1742 1743 1816
3 1743 1817 1816
3 1743 1744 1817
3 1744 1818 1817
3 1744 1745 1818
3 1745 1819 1818
3 1745 1746 1819
3 1748 1749 1820
3 1820 1749 1821
3 1749 1750 1821
3 1821 1750 1822
3 1750 1751 1822
3 1822 1751 1823
3 1751 1752 1823
3 1823 1752 1824
3 1752 1753 1824
3 1824 1753 1825
3 1753 1754 1825
3 1825 1754 1826
3 1754 1755 1826
3 1826 1755 1827
3 1755 1756 1827
3 1827 1756 1828
3 1756 1757 1828
3 1828 1757 1829
3 1757 1758 1829
3 1829 1758 1830
3 1758 1759 1830
3 1830 1759 1831
3 1759 1760 1831
3 1831 1760 1832
3 1760 1761 1832
3 1832 1761 1833
3 1761 1762 1833
3 1833 1762 1834
3 1762 1763 1834
3 1834 1763 1835
3 1763 1764 1835
3 1835 1764 1836
3 1764 1765 1836
3 1836 1765 1837
3 1765 1766 1837
3 1837 1766 1838
3 1766 1767 1838
3 1838 1767 1839
3 1767 1768 1839
3 1839 1768 1840
3 1768 1769 1840
3 1840 1769 1841
3 1769 1770 1841
3 1841 1770 1842
3 1770 1771 1842
3 1842 1771 1843
3 1771 1772 1843
3 1843 1772 1844
3 1772 1773 1844
3 1844 1773 1845
3 1773 1774 1845
3 1845 1774 1846
3 1774 1775 1846
3 1846 1775 1847
3 1775 1776 1847
3 1847 1776 1848
3 1776 1777 1848
3 1848 1777 1849
3 1777 1778 1849
3 1849 1778 1850
3 1778 1779 1850
3 1850 1779 1851
3 1779 1780 1851
3 1851 1780 1852
3 1780 1781 1852
3 1852 1781 1853
3 1781 1782 1853
3 1853 1782 1854
3 1782 1783 1854
3 1854 1783 1855
3 1783 1784 1855
3 1855 1784 1856
3 1784 1785 1856
3 1856 1785 1857
3 1785 1786 1857
3 1857 1786 1858
3 1786 1787 1858
3 1858 1787 1859
3 1787 1860 1859
3 1787 1788 1860
3 1788 1861 1860
3 1788 1789 1861
3 1789 1862 1861
3 1789 1790 1862
3 1790 1863 1862
3 1790 1791 1863
3 1791 1864 1863
3 1791 1792 1864
3 1792 1865 1864
3 1792 1793 1865
3 1793 1866 1865
3 1793 1794 1866
3 1794 1867 1866
3 1794 1795 1867
3 1795 1868 1867
3 1795 1796 1868
3 1796 1869 1868
3 1796 1797 1869
3 1797 1870 1869
3 1797 1798 1870
3 1798 1871 1870
3 1798 1799 1871
3 1799 1872 1871
3 1799 1800 1872
3 1800 1873 1872
3 1800 1801 1873
3 1801 1874 1873
3 1801 1802 1874
3 1802 1875 1874
3 1802 1803 1875
3 1803 1876 1875
3 1803 1804 1876
3 1804 1877 1876
3 1804 1805 1877
3 1805 1878 1877
3 1805 1806 1878
3 1806 1879 1878
3 1806 1807 1879
3 1807 1880 1879
3 1807 1808 1880
3 1808 1881 1880
3 1808 1809 1881
3 1809 1882 1881
3 1809 1810 1882
3 1810 1883 1882
3 1810 1811 1883
3 1811 1884 1883
3 1811 1812 1884
3 1812 1885 1884
3 1812 1813 1885
3 1813 1886 1885
3 1813 1814 1886
3 1814 1887 1886
3 1814 1815 1887
3 1815 1888 1887
3 1815 1816 1888
3 1816 1889 1888
3 1816 1817 1889
3 1817 1890 1889
3 1817 1818 1890
3 1818 1891 1890
3 1818 1819 1891
3 1819 1892 1891
3 1820 1821 1893
3 1893 1821 1894
3 1821 1822 1894
3 1894 1822 1895
3 1822 1823 1895
3 1895 1823 1896
3 1823 1824 1896
3 1896 1824 1897
3 1824 1825 1897
3 1897 1825 1898
3 1825 1826 1898
3 1898 1826 1899
3 1826 1827 1899
3 1899 1827 1900
3 1827 1828 1900
3 1900 1828 1901
3 1828 1829 1901
3 1901 1829 1902
3 1829 1830 1902
3 1902 1830 1903
3 1830 1831 1903
3 1903 1831 1904
3 1831 1832 1904
3 1904 1832 1905
3 1832 1833 1905
3 1905 1833 1906
3 1833 1834 1906
3 1906 1834 1907
3 1834 1835 1907
3 1907 1835 1908
3 1835 1836 1908
3 1908 1836 1909
3 1836 1837 1909
3 1909 1837 1910
3 1837 1838 1910
3 1910 1838 1911
3 1838 1839 1911
3 1911 1839 1912
3 1839 1840 1912
3 1912 1840 1913
3 1840 1841 1913
3 1913 1841 1914
3 1841 1842 1914
3 1914 1842 1915
3 1842 1843 1915
3 1915 1843 1916
3 1843 1844 1916
3 1916 1844 1917
3 1844 1845 1917
3 1917 1845 1918
3 1845 1846 1918
3 1918 1846 1919
3 1846 1847 1919
3 1919 1847 1920
3 1847 1848 1920
3 1920 1848 1921
3 1848 1849 1921
3 1921 1849 1922
3 1849 1850 1922
3 1922 1850 1923
3 1850 1851 1923
3 1923 1851 1924
3 1851 1852 1924
3 1924 1852 1925
3 1852 1853 1925
3 1925 1853 1926
3 1853 1854 1926
3 1926 1854 1927
3 1854 1855 1927
3 1927 1855 1928
3 1855 1856 1928
3 1928 1856 1929
3 1856 1857 1929
3 1929 1857 1930
3 1857 1858 1930
3 1930 1858 1931
3 1858 1859 1931
3 1931 1859 1932
3 1859 1933 1932
3 1859 1860 1933
3 1860 1934 1933
3 1860 1861 1934
3 1861 1935 1934
3 1861 1862 1935
3 1862 1936 1935
3 1862 1863 1936
3 1863 1937 1936
3 1863 1864 1937
3 1864 1938 1937
3 1864 1865 1938
3 1865 1939 1938
3 1865 1866 1939
3 1866 1940 1939
3 1866 1867 1940
3 1867 1941 1940
3 1867 1868 1941
3 1868 1942 1941
3 1868 1869 1942
3 1869 1943 1942
3 1869 1870 1943
3 1870 1944 1943
3 1870 1871 1944
3 1871 1945 1944
3 1871 1872 1945
3 1872 1946 1945
3 1872 1873 1946
3 1873 1947 1946
3 1873 1874 1947
3 1874 1948 1947
3 1874 1875 1948
3 1875 1949 1948
3 1875 1876 1949
3 1876 1950 1949
3 1876 1877 1950
3 1877 1951 1950
3 1877 1878 1951
3 1878 1952 1951
3 1878 1879 1952
3 1879 1953 1952
3 1879 1880 1953
3 1880 1954 1953
3 1880 1881 1954
3 1881 1955 1954
3 1881 1882 1955
3 1882 1956 1955
3 1882 1883 1956
3 1883 1957 1956
3 1883 1884 1957
3 1884 1958 1957
3 1884 1885 1958
3 1885 1959 1958
3 1885 1886 1959
3 1886 1960 1959
3 1886 1887 1960
3 1887 1961 1960
3 1887 1888 1961
3 1888 1962 1961
3 1888 1889 1962
3 1889 1963 1962
3 1889 1890 1963
3 1890 1964 1963
3 1890 1891 1964
3 1891 1965 1964
3 1891 1892 1965
3 1893 1894 1966
3 1966 1894 1967
3 1894 1895 1967
3 1967 1895 1968
3 1895 1896 1968
3 1968 1896 1969
3 1896 1897 1969
3 1969 1897 1970
3 1897 1898 1970
3 1970 1898 1971
3 1898 1899 1971
3 1971 1899 1972
3 1899 1900 1972
3 1972 1900 1973
3 1900 1901 1973
3 1973 1901 1974
3 1901 1902 1974
3 1974 1902 1975
3 1902 1903 1975
3 1975 1903 1976
3 1903 1904 1976
3 1976 1904 1977
3 1904 1905 1977
3 1977 1905 1978
3 1905 1906 1978
3 1978 1906 1979
3 1906 1907 1979
3 1979 1907 1980
3 1907 1908 1980
3 1980 1908 1981
3 1908 1909 1981
3 1981 1909 1982
3 1909 1910 1982
3 1982 1910 1983
3 1910 1911 1983
3 1983 1911 1984
3 1911 1912 1984
3 1984 1912 1985
3 1912 1913 1985
3 1985 1913 1986
3 1913 1914 1986
3 1986 1914 1987
3 1914 1915 1987
3 1987 1915 1988
3 1915 1916 1988
3 1988 1916 1989
3 1916 1917 1989
3 1989 1917 1990
3 1917 1918 1990
3 1990 1918 1991
3 1918 1919 1991
3 1991 1919 1992
3 1919 1920 1992
3 1992 1920 1993
3 1920 1921 1993
3 1993 1921 1994
3 1921 1922 1994
3 1994 1922 1995
3 1922 1923 1995
3 1995 1923 1996
3 1923 1924 1996
3 1996 1924 1997
3 1924 1925 1997
3 1997 1925 1998
3 1925 1926 1998
3 1998 1926 1999
3 1926 1927 1999
3 1999 1927 2000
3 1927 1928 2000
3 2000 1928 2001
3 1928 1929 2001
3 2001 1929 2002
3 1929 1930 2002
3 2002 1930 2003
3 1930 1931 2003
3 2003 1931 2004
3 1931 1932 2004
3 2004 1932 2005
3 1932 2006 2005
3 1932 1933 2006
3 1933 2007 2006
3 1933 1934 2007
3 1934 2008 2007
3 1934 1935 2008
3 1935 2009 2008
3 1935 1936 2009
3 1936 2010 2009
3 1936 1937 2010
3 1937 2011 2010
3 1937 1938 2011
3 1938 2012 2011
3 1938 1939 2012
3 1939 2013 2012
3 1939 1940 2013
3 1940 2014 2013
3 1940 1941 2014
3 1941 2015 2014
3 1941 1942 2015
3 1942 2016 2015
3 1942 1943 2016
3 1943 2017 2016
3 1943 1944 2017
3 1944 2018 2017
3 1944 1945 2018
3 1945 2019 2018
3 1945 1946 2019
3 1946 2020 2019
3 1946 1947 2020
3 1947 2021 2020
3 1947 1948 2021
3 1948 2022 2021
3 1948 1949 2022
3 1949 2023 2022
3 1949 1950 2023
3 1950 2024 2023
3 1950 1951 2024
3 1951 2025 2024
3 1951 1952 2025
3 1952 2026 2025
3 1952 1953 2026
3 1953 2027 2026
3 1953 1954 2027
3 1954 2028 2027
3 1954 1955 2028
3 1955 2029 2028
3 1955 1956 2029
3 1956 2030 2029
3 1956 1957 2030
3 1957 2031 2030
3 1957 1958 2031
3 1958 2032 2031
3 1958 1959 2032
3 1959 2033 2032
3 1959 1960 2033
3 1960 2034 2033
3 1960 1961 2034
3 1961 2035 2034
3 1961 1962 2035
3 1962 2036 2035
3 1962 1963 2036
3 1963 2037 2036
3 1963 1964 2037
3 1964 2038 2037
3 1964 1965 2038
3 1967 1968 2039
3 2039 1968 2040
3 1968 1969 2040
3 2040 1969 2041
3 1969 1970 2041
3 2041 1970 2042
3 1970 1971 2042
3 2042 1971 2043
3 1971 1972 2043
3 2043 1972 2044
3 1972 1973 2044
3 2044 1973 2045
3 1973 1974 2045
3 2045 1974 2046
3 1974 1975 2046
3 2046 1975 2047
3 1975 1976 2047
3 2047 1976 2048
3 1976 1977 2048
3 2048 1977 2049
3 1977 1978 2049
3 2049 1978 2050
3 1978 1979 2050
3 2050 1979 2051
3 1979 1980 2051
3 2051 1980 2052
3 1980 1981 2052
3 2052 1981 2053
3 1981 1982 2053
3 2053 1982 2054
3 1982 1983 2054
3 2054 1983 2055
3 1983 1984 2055
3 2055 1984 2056
3 1984 1985 2056
3 2056 1985 2057
3 1985 1986 2057
3 2057 1986 2058
3 1986 1987 2058
3 2058 1987 2059
3 1987 1988 2059
3 2059 1988 2060
3 1988 1989 2060
3 2060 1989 2061
3 1989 1990 2061
3 2061 1990 2062
3 1990 1991 2062
3 2062 1991 2063
3 1991 1992 2063
3 2063 1992 2064
3 1992 1993 2064
3 2064 1993 2065
3 1993 1994 2065
3 2065 1994 2066
3 1994 1995 2066
3 2066 1995 2067
3 1995 1996 2067
3 2067 1996 2068
3 1996 1997 2068
3 2068 1997 2069
3 1997 1998 2069
3 2069 1998 2070
3 1998 1999 2070
3 2070 1999 2071
3 1999 2000 2071
3 2071 2000 2072
3 2000 2001 2072
3 2072 2001 2073
3 2001 2002 2073
3 2073 2002 2074
3 2002 2003 2074
3 2074 2003 2075
3 2003 2004 2075
3 2075 2004 2076
3 2004 2005 2076
3 2076 2005 2077
3 2005 2078 2077
3 2005 2006 2078
3 2006 2079 2078
3 2006 2007 2079
3 2007 2080 2079
3 2007 2008 2080
3 2008 2081 2080
3 2008 2009 2081
3 2009 2082 2081
3 2009 2010 2082
3 2010 2083 2082
3 2010 2011 2083
3 2011 2084 2083
3 2011 2012 2084
3 2012 2085 2084
3 2012 2013 2085
3 2013 2086 2085
3 2013 2014 2086
3 2014 2087 2086
3 2014 2015 2087
3 2015 2088 2087
3 2015 2016 2088
3 2016 2089 2088
3 2016 2017 2089
3 2017 2090 2089
3 2017 2018 2090
3 2018 2091 2090
3 2018 2019 2091
3 2019 2092 2091
3 2019 2020 2092
3 2020 2093 2092
3 2020 2021 2093
3 2021 2094 2093
3 2021 2022 2094
3 2022 2095 2094
3 2022 2023 2095
3 2023 2096 2095
3 2023 2024 2096
3 2024 2097 2096
3 2024 2025 2097
3 2025 2098 2097
3 2025 2026 2098
3 2026 2099 2098
3 2026 2027 2099
3 2027 2100 2099
3 2027 2028 2100
3 2028 2101 2100
3 2028 2029 2101
3 2029 2102 2101
3 2029 2030 2102
3 2030 2103 2102
3 2030 2031 2103
3 2031 2104 2103
3 2031 2032 2104
3 2032 2105 2104
3 2032 2033 2105
3 2033 2106 2105
3 2033 2034 2106
3 2034 2107 2106
3 2034 2035 2107
3 2035 2108 2107
3 2035 2036 2108
3 2036 2109 2108
3 2036 2037 2109
3 2037 2110 2109
3 2037 2038 2110
3 2038 2111 2110
3 2039 2040 2112
3 2112 2040 2113
3 2040 2041 2113
3 2113 2041 2114
3 2041 2042 2114
3 2114 2042 2115
3 2042 2043 2115
3 2115 2043 2116
3 2043 2044 2116
3 2116 2044 2117
3 2044 2045 2117
3 2117 2045 2118
3 2045 2046 2118
3 2118 2046 2119
3 2046 2047 2119
3 2119 2047 2120
3 2047 2048 2120
3 2120 2048 2121
3 2048 2049 2121
3 2121 2049 2122
3 2049 2050 2122
3 2122 2050 2123
3 2050 2051 2123
3 2123 2051 2124
3 2051 2052 2124
3 2124 2052 2125
3 2052 2053 2125
3 2125 2053 2126
3 2053 2054 2126
3 2126 2054 2127
3 2054 2055 2127
3 2127 2055 2128
3 2055 2056 2128
3 2128 2056 2129
3 2056 2057 2129
3 2129 2057 2130
3 2057 2058 2130
3 2130 2058 2131
3 2058 2059 2131
3 2131 2059 2132
3 2059 2060 2132
3 2132 2060 2133
3 2060 2061 2133
3 2133 2061 2134
3 2061 2062 2134
3 2134 2062 2135
3 2062 2063 2135
3 2135 2063 2136
3 2063 2064 2136
3 2136 2064 2137
3 2064 2065 2137
3 2137 2065 2138
3 2065 2066 2138
3 2138 2066 2139
3 2066 2067 2139
3 2139 2067 2140
3 2067 2068 2140
3 2140 2068 2141
3 2068 2069 2141
3 2141 2069 2142
3 2069 2070 2142
3 2142 2070 2143
3 2070 2071 2143
3 2143 2071 2144
3 2071 2072 2144
3 2144 2072 2145
3 2072 2073 2145
3 2145 2073 2146
3 2073 2074 2146
3 2146 2074 2147
3 2074 2075 2147
3 2147 2075 2148
3 2075 2076 2148
3 2148 2076 2149
3 2076 2077 2149
3 2149 2077 2150
3 2077 2151 2150
3 2077 2078 2151
3 2078 2152 2151
3 2078 2079 2152
3 2079 2153 2152
3 2079 2080 2153
3 2080 2154 2153
3 2080 2081 2154
3 2081 2155 2154
3 2081 2082 2155
3 2082 2156 2155
3 2082 2083 2156
3 2083 2157 2156
3 2083 2084 2157
3 2084 2158 2157
3 2084 2085 2158
3 2085 2159 2158
3 2085 2086 2159
3 2086 2160 2159
3 2086 2087 2160
3 2087 2161 2160
3 2087 2088 2161
3 2088 2162 2161
3 2088 2089 2162
3 2089 2163 2162
3 2089 2090 2163
3 2090 2164 2163
3 2090 2091 2164
3 2091 2165 2164
3 2091 2092 2165
3 2092 2166 2165
3 2092 2093 2166
3 2093 2167 2166
3 2093 2094 2167
3 2094 2168 2167
3 2094 2095 2168
3 2095 2169 2168
3 2095 2096 2169
3 2096 2170 2169
3 2096 2097 2170
3 2097 2171 2170
3 2097 2098 2171
3 2098 2172 2171
3 2098 2099 2172
3 2099 2173 2172
3 2099 2100 2173
3 2100 2174 2173
3 2100 2101 2174
3 2101 2175 2174
3 2101 2102 2175
3 2102 2176 2175
3 2102 2103 2176
3 2103 2177 2176
3 2103 2104 2177
3 2104 2178 2177
3 2104 2105 2178
3 2105 2179 2178
3 2105 2106 2179
3 2106 2180 2179
3 2106 2107 2180
3 2107 2181 2180
3 2107 2108 2181
3 2108 2182 2181
3 2108 2109 2182
3 2109 2183 2182
3 2109 2110 2183
3 2110 2184 2183
3 2110 2111 2184
3 2113 2114 2185
3 2185 2114 2186
3 2114 2115 2186
3 2186 2115 2187
3 2115 2116 2187
3 2187 2116 2188
3 2116 2117 2188
3 2188 2117 2189
3 2117 2118 2189
3 2189 2118 2190
3 2118 2119 2190
3 2190 2119 2191
3 2119 2120 2191
3 2191 2120 2192
3 2120 2121 2192
3 2192 2121 2193
3 2121 2122 2193
3 2193 2122 2194
3 2122 2123 2194
3 2194 2123 2195
3 2123 2124 2195
3 2195 2124 2196
3 2124 2125 2196
3 2196 2125 2197
3 2125 2126 2197
3 2197 2126 2198
3 2126 2127 2198
3 2198 2127 2199
3 2127 2128 2199
3 2199 2128 2200
3 2128 2129 2200
3 2200 2129 2201
3 2129 2130 2201
3 2201 2130 2202
3 2130 2131 2202
3 2202 2131 2203
3 2131 2132 2203
3 2203 2132 2204
3 2132 2133 2204
3 2204 2133 2205
3 2133 2134 2205
3 2205 2134 2206
3 2134 2135 2206
3 2206 2135 2207
3 2135 2136 2207
3 2207 2136 2208
3 2136 2137 2208
3 2208 2137 2209
3 2137 2138 2209
3 2209 2138 2210
3 2138 2139 2210
3 2210 2139 2211
3 2139 2140 2211
3 2211 2140 2212
3 2140 2141 2212
3 2212 2141 2213
3 2141 2142 2213
3 2213 2142 2214
3 2142 2143 2214
3 2214 2143 2215
3 2143 2144 2215
3 2215 2144 2216
3 2144 2145 2216
3 2216 2145 2217
3 2145 2146 2217
3 2217 2146 2218
3 2146 2147 2218
3 2218 2147 2219
3 2147 2220 2219
3 2147 2148 2220
3 2148 2221 2220
3 2148 2149 2221
3 2149 2222 2221
3 2149 2150 2222
3 2150 2223 2222
3 2150 2151 2223
3 2151 2224 2223
3 2151 2152 2224
3 2152 2225 2224
3 2152 2153 2225
3 2153 2226 2225
3 2153 2154 2226
3 2154 2227 2226
3 2154 2155 2227
3 2155 2228 2227
3 2155 2156 2228
3 2156 2229 2228
3 2156 2157 2229
3 2157 2230 2229
3 2157 2158 2230
3 2158 2231 2230
3 2158 2159 2231
3 2159 2232 2231
3 2159 2160 2232
3 2160 2233 2232
3 2160 2161 2233
3 2161 2234 2233
3 2161 2162 2234
3 2162 2235 2234
3 2162 2163 2235
3 2163 2236 2235
3 2163 2164 2236
3 2164 2237 2236
3 2164 2165 2237
3 2165 2238 2237
3 2165 2166 2238
3 2166 2239 2238
3 2166 2167 2239
3 2167 2240 2239
3 2167 2168 2240
3 2168 2241 2240
3 2168 2169 2241
3 2169 2242 2241
3 2169 2170 2242
3 2170 2243 2242
3 2170 2171 2243
3 2171 2244 2243
3 2171 2172 2244
3 2172 2245 2244
3 2172 2173 2245
3 2173 2246 2245
3 2173 2174 2246
3 2174 2247 2246
3 2174 2175 2247
3 2175 2248 2247
3 2175 2176 2248
3 2176 2249 2248
3 2176 2177 2249
3 2177 2250 2249
3 2177 2178 2250
3 2178 2251 2250
3 2178 2179 2251
3 2179 2252 2251
3 2179 2180 2252
3 2180 2253 2252
3 2180 2181 2253
3 2181 2254 2253
3 2181 2182 2254
3 2182 2255 2254
3 2182 2183 2255
3 2183 2256 2255
3 2183 2184 2256
3 2184 2257 2256
3 2185 2186 2258
3 2258 2186 2259
3 2186 2187 2259
3 2259 2187 2260
3 2187 2188 2260
3 2260 2188 2261
3 2188 2189 2261
3 2261 2189 2262
3 2189 2190 2262
3 2262 2190 2263
3 2190 2191 2263
3 2263 2191 2264
3 2191 2192 2264
3 2264 2192 2265
3 2192 2193 2265
3 2265 2193 2266
3 2193 2194 2266
3 2266 2194 2267
3 2194 2195 2267
3 2267 2195 2268
3 2195 2196 2268
3 2268 2196 2269
3 2196 2197 2269
3 2269 2197 2270
3 2197 2198 2270
3 2270 2198 2271
3 2198 2199 2271
3 2271 2199 2272
3 2199 2200 2272
3 2272 2200 2273
3 2200 2201 2273
3 2273 2201 2274
3 2201 2202 2274
3 2274 2202 2275
3 2202 2203 2275
3 2275 2203 2276
3 2203 2204 2276
3 2276 2204 2277
3 2204 2205 2277
3 2277 2205 2278
3 2205 2206 2278
3 2278 2206 2279
3 2206 2207 2279
3 2279 2207 2280
3 2207 2208 2280
3 2280 2208 2281
3 2208 2209 2281
3 2281 2209 2282
3 2209 2210 2282
3 2282 2210 2283
3 2210 2211 2283
3 2283 2211 2284
3 2211 2212 2284
3 2284 2212 2285
3 2212 2213 2285
3 2285 2213 2286
3 2213 2214 2286
3 2286 2214 2287
3 2214 2215 2287
3 2287 2215 2288
3 2215 2216 2288
3 2288 2216 2289
3 2216 2217 2289
3 2289 2217 2290
3 2217 2218 2290
3 2290 2218 2291
3 2218 2219 2291
3 2291 2219 2292
3 2219 2293 2292
3 2219 2220 2293
3 2220 2294 2293
3 2220 2221 2294
3 2221 2295 2294
3 2221 2222 2295
3 2222 2296 2295
3 2222 2223 2296
3 2223 2297 2296
3 2223 2224 2297
3 2224 2298 2297
3 2224 2225 2298
3 2225 2299 2298
3 2225 2226 2299
3 2226 2300 2299
3 2226 2227 2300
3 2227 2301 2300
3 2227 2228 2301
3 2228 2302 2301
3 2228 2229 2302
3 2229 2303 2302
3 2229 2230 2303
3 2230 2304 2303
3 2230 2231 2304
3 2231 2305 2304
3 2231 2232 2305
3 2232 2306 2305
3 2232 2233 2306
3 2233 2307 2306
3 2233 2234 2307
3 2234 2308 2307
3 2234 2235 2308
3 2235 2309 2308
3 2235 2236 2309
3 2236 2310 2309
3 2236 2237 2310
3 2237 2311 2310
3 2237 2238 2311
3 2238 2312 2311
3 2238 2239 2312
3 2239 2313 2312
3 2239 2240 2313
3 2240 2314 2313
3 2240 2241 2314
3 2241 2315 2314
3 2241 2242 2315
3 2242 2316 2315
3 2242 2243 2316
3 2243 2317 2316
3 2243 2244 2317
3 2244 2318 2317
3 2244 2245 2318
3 2245 2319 2318
3 2245 2246 2319
3 2246 2320 2319
3 2246 2247 2320
3 2247 2321 2320
3 2247 2248 2321
3 2248 2322 2321
3 2248 2249 2322
3 2249 2323 2322
3 2249 2250 2323
3 2250 2324 2323
3 2250 2251 2324
3 2251 2325 2324
3 2251 2252 2325
3 2252 2326 2325
3 2252 2253 2326
3 2253 2327 2326
3 2253 2254 2327
3 2254 2328 2327
3 2254 2255 2328
3 2255 2329 2328
3 2255 2256 2329
3 2256 2330 2329
3 2256 2257 2330
3 2258 2259 2331
3 2331 2259 2332
3 2259 2260 2332
3 2332 2260 2333
3 2260 2261 2333
3 2333 2261 2334
3 2261 2262 2334
3 2334 2262 2335
3 2262 2263 2335
3 2335 2263 2336
3 2263 2264 2336
3 2336 2264 2337
3 2264 2265 2337
3 2337 2265 2338
3 2265 2266 2338
3 2338 2266 2339
3 2266 2267 2339
3 2339 2267 2340
3 2267 2268 2340
3 2340 2268 2341
3 2268 2269 2341
3 2341 2269 2342
3 2269 2270 2342
3 2342 2270 2343
3 2270 2271 2343
3 2343 2271 2344
3 2271 2272 2344
3 2344 2272 2345
3 2272 2273 2345
3 2345 2273 2346
3 2273 2274 2346
3 2346 2274 2347
3 2274 2275 2347
3 2347 2275 2348
3 2275 2276 2348
3 2348 2276 2349
3 2276 2277 2349
3 2349 2277 2350
3 2277 2278 2350
3 2350 2278 2351
3 2278 2279 2351
3 2351 2279 2352
3 2279 2280 2352
3 2352 2280 2353
3 2280 2281 2353
3 2353 2281 2354
3 2281 2282 2354
3 2354 2282 2355
3 2282 2283 2355
3 2355 2283 2356
3 2283 2284 2356
3 2356 2284 2357
3 2284 2285 2357
3 2357 2285 2358
3 2285 2286 2358
3 2358 2286 2359
3 2286 2287 2359
3 2359 2287 2360
3 2287 2288 2360
3 2360 2288 2361
3 2288 2289 2361
3 2361 2289 2362
3 2289 2290 2362
3 2362 2290 2363
3 2290 2291 2363
3 2363 2291 2364
3 2291 2365 2364
3 2291 2292 2365
3 2292 2366 2365
3 2292 2293 2366
3 2293 2367 2366
3 2293 2294 2367
3 2294 2368 2367
3 2294 2295 2368
3 2295 2369 2368
3 2295 2296 2369
3 2296 2370 2369
3 2296 2297 2370
3 2297 2371 2370
3 2297 2298 2371
3 2298 2372 2371
3 2298 2299 2372
3 2299 2373 2372
3 2299 2300 2373
3 2300 2374 2373
3 2300 2301 2374
3 2301 2375 2374
3 2301 2302 2375
3 2302 2376 2375
3 2302 2303 2376
3 2303 2377 2376
3 2303 2304 2377
3 2304 2378 2377
3 2304 2305 2378
3 2305 2379 2378
3 2305 2306 2379
3 2306 2380 2379
3 2306 2307 2380
3 2307 2381 2380
3 2307 2308 2381
3 2308 2382 2381
3 2308 2309 2382
3 2309 2383 2382
3 2309 2310 2383
3 2310 2384 2383
3 2310 2311 2384
3 2311 2385 2384
3 2311 2312 2385
3 2312 2386 2385
3 2312 2313 2386
3 2313 2387 2386
3 2313 2314 2387
3 2314 2388 2387
3 2314 2315 2388
3 2315 2389 2388
3 2315 2316 2389
3 2316 2390 2389
3 2316 2317 2390
3 2317 2391 2390
3 2317 2318 2391
3 2318 2392 2391
3 2318 2319 2392
3 2319 2393 2392
3 2319 2320 2393
3 2320 2394 2393
3 2320 2321 2394
3 2321 2395 2394
3 2321 2322 2395
3 2322 2396 2395
3 2322 2323 2396
3 2323 2397 2396
3 2323 2324 2397
3 2324 2398 2397
3 2324 2325 2398
3 2325 2399 2398
3 2325 2326 2399
3 2326 2400 2399
3 2326 2327 2400
3 2327 2401 2400
3 2327 2328 2401
3 2328 2402 2401
3 2328 2329 2402
3 2329 2403 2402
3 2329 2330 2403
3 2330 2404 2403
3 2332 2333 2405
3 2405 2333 2406
3 2333 2334 2406
3 2406 2334 2407
3 2334 2335 2407
3 2407 2335 2408
3 2335 2336 2408
3 2408 2336 2409
3 2336 2337 2409
3 2409 2337 2410
3 2337 2338 2410
3 2410 2338 2411
3 2338 2339 2411
3 2411 2339 2412
3 2339 2340 2412
3 2412 2340 2413
3 2340 2341 2413
3 2413 2341 2414
3 2341 2342 2414
3 2414 2342 2415
3 2342 2343 2415
3 2415 2343 2416
3 2343 2344 2416
3 2416 2344 2417
3 2344 2345 2417
3 2417 2345 2418
3 2345 2346 2418
3 2418 2346 2419
3 2346 2347 2419
3 2419 2347 2420
3 2347 2348 2420
3 2420 2348 2421
3 2348 2349 2421
3 2421 2349 2422
3 2349 2350 2422
3 2422 2350 2423
3 2350 2351 2423
3 2423 2351 2424
3 2351 2352 2424
3 2424 2352 2425
3 2352 2353 2425
3 2425 2353 2426
3 2353 2354 2426
3 2426 2354 2427
3 2354 2355 2427
3 2427 2355 2428
3 2355 2356 2428
3 2428 2356 2429
3 2356 2357 2429
3 2429 2357 2430
3 2357 2358 2430
3 2430 2358 2431
3 2358 2359 2431
3 2431 2359 2432
3 2359 2360 2432
3 2432 2360 2433
3 2360 2361 2433
3 2433 2361 2434
3 2361 2362 2434
3 2434 2362 2435
3 2362 2363 2435
3 2435 2363 2436
3 2363 2364 2436
3 2436 2364 2437
3 2364 2438 2437
3 2364 2365 2438
3 2365 2439 2438
3 2365 2366 2439
3 2366 2440 2439
3 2366 2367 2440
3 2367 2441 2440
3 2367 2368 2441
3 2368 2442 2441
3 2368 2369 2442
3 2369 2443 2442
3 2369 2370 2443
3 2370 2444 2443
3 2370 2371 2444
3 2371 2445 2444
3 2371 2372 2445
3 2372 2446 2445
3 2372 2373 2446
3 2373 2447 2446
3 2373 2374 2447
3 2374 2448 2447
3 2374 2375 2448
3 2375 2449 2448
3 2375 2376 2449
3 2376 2450 2449
3 2376 2377 2450
3 2377 2451 2450
3 2377 2378 2451
3 2378 2452 2451
3 2378 2379 2452
3 2379 2453 2452
3 2379 2380 2453
3 2380 2454 2453
3 2380 2381 2454
3 2381 2455 2454
3 2381 2382 2455
3 2382 2456 2455
3 2382 2383 2456
3 2383 2457 2456
3 2383 2384 2457
3 2384 2458 2457
3 2384 2385 2458
3 2385 2459 2458
3 2385 2386 2459
3 2386 2460 2459
3 2386 2387 2460
3 2387 2461 2460
3 2387 2388 2461
3 2388 2462 2461
3 2388 2389 2462
3 2389 2463 2462
3 2389 2390 2463
3 2390 2464 2463
3 2390 2391 2464
3 2391 2465 2464
3 2391 2392 2465
3 2392 2466 2465
3 2392 2393 2466
3 2393 2467 2466
3 2393 2394 2467
3 2394 2468 2467
3 2394 2395 2468
3 2395 2469 2468
3 2395 2396 2469
3 2396 2470 2469
3 2396 2397 2470
3 2397 2471 2470
3 2397 2398 2471
3 2398 2472 2471
3 2398 2399 2472
3 2399 2473 2472
3 2399 2400 2473
3 2400 2474 2473
3 2400 2401 2474
3 2401 2475 2474
3 2401 2402 2475
3 2402 2476 2475
3 2402 2403 2476
3 2403 2477 2476
3 2403 2404 2477
3 2405 2406 2478
3 2478 2406 2479
3 2406 2407 2479
3 2479 2407 2480
3 2407 2408 2480
3 2480 2408 2481
3 2408 2409 2481
3 2481 2409 2482
3 2409 2410 2482
3 2482 2410 2483
3 2410 2411 2483
3 2483 2411 2484
3 2411 2412 2484
3 2484 2412 2485
3 2412 2413 2485
3 2485 2413 2486
3 2413 2414 2486
3 2486 2414 2487
3 2414 2415 2487
3 2487 2415 2488
3 2415 2416 2488
3 2488 2416 2489
3 2416 2417 2489
3 2489 2417 2490
3 2417 2418 2490
3 2490 2418 2491
3 2418 2419 2491
3 2491 2419 2492
3 2419 2420 2492
3 2492 2420 2493
3 2420 2421 2493
3 2493 2421 2494
3 2421 2422 2494
3 2494 2422 2495
3 2422 2423 2495
3 2495 2423 2496
3 2423 2424 2496
3 2496 2424 2497
3 2424 2425 2497
3 2497 2425 2498
3 2425 2426 2498
3 2498 2426 2499
3 2426 2427 2499
3 2499 2427 2500
3 2427 2428 2500
3 2500 2428 2501
3 2428 2429 2501
3 2501 2429 2502
3 2429 2430 2502
3 2502 2430 2503
3 2430 2431 2503
3 2503 2431 2504
3 2431 2432 2504
3 2504 2432 2505
3 2432 2433 2505
3 2505 2433 2506
3 2433 2434 2506
3 2506 2434 2507
3 2434 2435 2507
3 2507 2435 2508
3 2435 2436 2508
3 2508 2436 2509
3 2436 2510 2509
3 2436 2437 2510
3 2437 2511 2510
3 2437 2438 2511
3 2438 2512 2511
3 2438 2439 2512
3 2439 2513 2512
3 2439 2440 2513
3 2440 2514 2513
3 2440 2441 2514
3 2441 2515 2514
3 2441 2442 2515
3 2442 2516 2515
3 2442 2443 2516
3 2443 2517 2516
3 2443 2444 2517
3 2444 2518 2517
3 2444 2445 2518
3 2445 2519 2518
3 2445 2446 2519
3 2446 2520 2519
3 2446 2447 2520
3 2447 2521 2520
3 2447 2448 2521
3 2448 2522 2521
3 2448 2449 2522
3 2449 2523 2522
3 2449 2450 2523
3 2450 2524 2523
3 2450 2451 2524
3 2451 2525 2524
3 2451 2452 2525
3 2452 2526 2525
3 2452 2453 2526
3 2453 2527 2526
3 2453 2454 2527
3 2454 2528 2527
3 2454 2455 2528
3 2455 2529 2528
3 2455 2456 2529
3 2456 2530 2529
3 2456 2457 2530
3 2457 2531 2530
3 2457 2458 2531
3 2458 2532 2531
3 2458 2459 2532
3 2459 2533 2532
3 2459 2460 2533
3 2460 2534 2533
3 2460 2461 2534
3 2461 2535 2534
3 2461 2462 2535
3 2462 2536 2535
3 2462 2463 2536
3 2463 2537 2536
3 2463 2464 2537
3 2464 2538 2537
3 2464 2465 2538
3 2465 2539 2538
3 2465 2466 2539
3 2466 2540 2539
3 2466 2467 2540
3 2467 2541 2540
3 2467 2468 2541
3 2468 2542 2541
3 2468 2469 2542
3 2469 2543 2542
3 2469 2470 2543
3 2470 2544 2543
3 2470 2471 2544
3 2471 2545 2544
3 2471 2472 2545
3 2472 2546 2545
3 2472 2473 2546
3 2473 2547 2546
3 2473 2474 2547
3 2474 2548 2547
3 2474 2475 2548
3 2475 2549 2548
3 2475 2476 2549
3 2476 2550 2549
3 2476 2477 2550
3 2478 2479 2551
3 2551 2479 2552
3 2479 2480 2552
3 2552 2480 2553
3 2480 2481 2553
3 2553 2481 2554
3 2481 2482 2554
3 2554 2482 2555
3 2482 2483 2555
3 2555 2483 2556
3 2483 2484 2556
3 2556 2484 2557
3 2484 2485 2557
3 2557 2485 2558
3 2485 2486 2558
3 2558 2486 2559
3 2486 2487 2559
3 2559 2487 2560
3 2487 2488 2560
3 2560 2488 2561
3 2488 2489 2561
3 2561 2489 2562
3 2489 2490 2562
3 2562 2490 2563
3 2490 2491 2563
3 2563 2491 2564
3 2491 2492 2564
3 2564 2492 2565
3 2492 2493 2565
3 2565 2493 2566
3 2493 2494 2566
3 2566 2494 2567
3 2494 2495 2567
3 2567 2495 2568
3 2495 2496 2568
3 2568 2496 2569
3 2496 2497 2569
3 2569 2497 2570
3 2497 2498 2570
3 2570 2498 2571
3 2498 2499 2571
3 2571 2499 2572
3 2499 2500 2572
3 2572 2500 2573
3 2500 2501 2573
3 2573 2501 2574
3 2501 2502 2574
3 2574 2502 2575
3 2502 2503 2575
3 2575 2503 2576
3 2503 2504 2576
3 2576 2504 2577
3 2504 2505 2577
3 2577 2505 2578
3 2505 2506 2578
3 2578 2506 2579
3 2506 2507 2579
3 2579 2507 2580
3 2507 2508 2580
3 2580 2508 2581
3 2508 2582 2581
3 2508 2509 2582
3 2509 2583 2582
3 2509 2510 2583
3 2510 2584 2583
3 2510 2511 2584
3 2511 2585 2584
3 2511 2512 2585
3 2512 2586 2585
3 2512 2513 2586
3 2513 2587 2586
3 2513 2514 2587
3 2514 2588 2587
3 2514 2515 2588
3 2515 2589 2588
3 2515 2516 2589
3 2516 2590 2589
3 2516 2517 2590
3 2517 2591 2590
3 2517 2518 2591
3 2518 2592 2591
3 2518 2519 2592
3 2519 2593 2592
3 2519 2520 2593
3 2520 2594 2593
3 2520 2521 2594
3 2521 2595 2594
3 2521 2522 2595
3 2522 2596 2595
3 2522 2523 2596
3 2523 2597 2596
3 2523 2524 2597
3 2524 2598 2597
3 2524 2525 2598
3 2525 2599 2598
3 2525 2526 2599
3 2526 2600 2599
3 2526 2527 2600
3 2527 2601 2600
3 2527 2528 2601
3 2528 2602 2601
3 2528 2529 2602
3 2529 2603 2602
3 2529 2530 2603
3 2530 2604 2603
3 2530 2531 2604
3 2531 2605 2604
3 2531 2532 2605
3 2532 2606 2605
3 2532 2533 2606
3 2533 2607 2606
3 2533 2534 2607
3 2534 2608 2607
3 2534 2535 2608
3 2535 2609 2608
3 2535 2536 2609
3 2536 2610 2609
3 2536 2537 2610
3 2537 2611 2610
3 2537 2538 2611
3 2538 2612 2611
3 2538 2539 2612
3 2539 2613 2612
3 2539 2540 2613
3 2540 2614 2613
3 2540 2541 2614
3 2541 2615 2614
3 2541 2542 2615
3 2542 2616 2615
3 2542 2543 2616
3 2543 2617 2616
3 2543 2544 2617
3 2544 2618 2617
3 2544 2545 2618
3 2545 2619 2618
3 2545 2546 2619
3 2546 2620 2619
3 2546 2547 2620
3 2547 2621 2620
3 2547 2548 2621
3 2548 2622 2621
3 2548 2549 2622
3 2549 2623 2622
3 2549 2550 2623
3 2550 2624 2623
3 2552 2553 2625
3 2625 2553 2626
3 2553 2554 2626
3 2626 2554 2627
3 2554 2555 2627
3 2627 2555 2628
3 2555 2556 2628
3 2628 2556 2629
3 2556 2557 2629
3 2629 2557 2630
3 2557 2558 2630
3 2630 2558 2631
3 2558 2559 2631
3 2631 2559 2632
3 2559 2560 2632
3 2632 2560 2633
3 2560 2561 2633
3 2633 2561 2634
3 2561 2562 2634
3 2634 2562 2635
3 2562 2563 2635
3 2635 2563 2636
3 2563 2564 2636
3 2636 2564 2637
3 2564 2565 2637
3 2637 2565 2638
3 2565 2566 2638
3 2638 2566 2639
3 2566 2567 2639
3 2639 2567 2640
3 2567 2568 2640
3 2640 2568 2641
3 2568 2569 2641
3 2641 2569 2642
3 2569 2570 2642
3 2642 2570 2643
3 2570 2571 2643
3 2643 2571 2644
3 2571 2572 2644
3 2644 2572 2645
3 2572 2573 2645
3 2645 2573 2646
3 2573 2574 2646
3 2646 2574 2647
3 2574 2575 2647
3 2647 2575 2648
3 2575 2576 2648
3 2648 2576 2649
3 2576 2577 2649
3 2649 2577 2650
3 2577 2578 2650
3 2650 2578 2651
3 2578 2579 2651
3 2651 2579 2652
3 2579 2580 2652
3 2652 2580 2653
3 2580 2654 2653
3 2580 2581 2654
3 2581 2655 2654
3 2581 2582 2655
3 2582 2656 2655
3 2582 2583 2656
3 2583 2657 2656
3 2583 2584 2657
3 2584 2658 2657
3 2584 2585 2658
3 2585 2659 2658
3 2585 2586 2659
3 2586 2660 2659
3 2586 2587 2660
3 2587 2661 2660
3 2587 2588 2661
3 2588 2662 2661
3 2588 2589 2662
3 2589 2663 2662
3 2589 2590 2663
3 2590 2664 2663
3 2590 2591 2664
3 2591 2665 2664
3 2591 2592 2665
3 2592 2666 2665
3 2592 2593 2666
3 2593 2667 2666
3 2593 2594 2667
3 2594 2668 2667
3 2594 2595 2668
3 2595 2669 2668
3 2595 2596 2669
3 2596 2670 2669
3 2596 2597 2670
3 2597 2671 2670
3 2597 2598 2671
3 2598 2672 2671
3 2598 2599 2672
3 2599 2673 2672
3 2599 2600 2673
3 2600 2674 2673
3 2600 2601 2674
3 2601 2675 2674
3 2601 2602 2675
3 2602 2676 2675
3 2602 2603 2676
3 2603 2677 2676
3 2603 2604 2677
3 2604 2678 2677
3 2604 2605 2678
3 2605 2679 2678
3 2605 2606 2679
3 2606 2680 2679
3 2606 2607 2680
3 2607 2681 2680
3 2607 2608 2681
3 2608 2682 2681
3 2608 2609 2682
3 2609 2683 2682
3 2609 2610 2683
3 2610 2684 2683
3 2610 2611 2684
3 2611 2685 2684
3 2611 2612 2685
3 2612 2686 2685
3 2612 2613 2686
3 2613 2687 2686
3 2613 2614 2687
3 2614 2688 2687
3 2614 2615 2688
3 2615 2689 2688
3 2615 2616 2689
3 2616 2690 2689
3 2616 2617 2690
3 2617 2691 2690
3 2617 2618 2691
3 2618 2692 2691
3 2618 2619 2692
3 2619 2693 2692
3 2619 2620 2693
3 2620 2694 2693
3 2620 2621 2694
3 2621 2695 2694
3 2621 2622 2695
3 2622 2696 2695
3 2622 2623 2696
3 2623 2697 2696
3 2623 2624 2697
3 2625 2626 2698
3 2698 2626 2699
3 2626 2627 2699
3 2699 2627 2700
3 2627 2628 2700
3 2700 2628 2701
3 2628 2629 2701
3 2701 2629 2702
3 2629 2630 2702
3 2702 2630 2703
3 2630 2631 2703
3 2703 2631 2704
3 2631 2632 2704
3 2704 2632 2705
3 2632 2633 2705
3 2705 2633 2706
3 2633 2634 2706
3 2706 2634 2707
3 2634 2635 2707
3 2707 2635 2708
3 2635 2636 2708
3 2708 2636 2709
3 2636 2637 2709
3 2709 2637 2710
3 2637 2638 2710
3 2710 2638 2711
3 2638 2639 2711
3 2711 2639 2712
3 2639 2640 2712
3 2712 2640 2713
3 2640 2641 2713
3 2713 2641 2714
3 2641 2642 2714
3 2714 2642 2715
3 2642 2643 2715
3 2715 2643 2716
3 2643 2644 2716
3 2716 2644 2717
3 2644 2645 2717
3 2717 2645 2718
3 2645 2646 2718
3 2718 2646 2719
3 2646 2647 2719
3 2719 2647 2720
3 2647 2648 2720
3 2720 2648 2721
3 2648 2649 2721
3 2721 2649 2722
3 2649 2650 2722
3 2722 2650 2723
3 2650 2651 2723
3 2723 2651 2724
3 2651 2725 2724
3 2651 2652 2725
3 2652 2726 2725
3 2652 2653 2726
3 2653 2727 2726
3 2653 2654 2727
3 2654 2728 2727
3 2654 2655 2728
3 2655 2729 2728
3 2655 2656 2729
3 2656 2730 2729
3 2656 2657 2730
3 2657 2731 2730
3 2657 2658 2731
3 2658 2732 2731
3 2658 2659 2732
3 2659 2733 2732
3 2659 2660 2733
3 2660 2734 2733
3 2660 2661 2734
3 2661 2735 2734
3 2661 2662 2735
3 2662 2736 2735
3 2662 2663 2736
3 2663 2737 2736
3 2663 2664 2737
3 2664 2738 2737
3 2664 2665 2738
3 2665 2739 2738
3 2665 2666 2739
3 2666 2740 2739
3 2666 2667 2740
3 2667 2741 2740
3 2667 2668 2741
3 2668 2742 2741
3 2668 2669 2742
3 2669 2743 2742
3 2669 2670 2743
3 2670 2744 2743
3 2670 2671 2744
3 2671 2745 2744
3 2671 2672 2745
3 2672 2746 2745
3 2672 2673 2746
3 2673 2747 2746
3 2673 2674 2747
3 2674 2748 2747
3 2674 2675 2748
3 2675 2749 2748
3 2675 2676 2749
3 2676 2750 2749
3 2676 2677 2750
3 2677 2751 2750
3 2677 2678 2751
3 2678 2752 2751
3 2678 2679 2752
3 2679 2753 2752
3 2679 2680 2753
3 2680 2754 2753
3 2680 2681 2754
3 2681 2755 2754
3 2681 2682 2755
3 2682 2756 2755
3 2682 2683 2756
3 2683 2757 2756
3 2683 2684 2757
3 2684 2758 2757
3 2684 2685 2758
3 2685 2759 2758
3 2685 2686 2759
3 2686 2760 2759
3 2686 2687 2760
3 2687 2761 2760
3 2687 2688 2761
3 2688 2762 2761
3 2688 2689 2762
3 2689 2763 2762
3 2689 2690 2763
3 2690 2764 2763
3 2690 2691 2764
3 2691 2765 2764
3 2691 2692 2765
3 2692 2766 2765
3 2692 2693 2766
3 2693 2767 2766
3 2693 2694 2767
3 2694 2768 2767
3 2694 2695 2768
3 2695 2769 2768
3 2695 2696 2769
3 2696 2770 2769
3 2696 2697 2770
3 2697 2771 2770
3 2699 2700 2772
3 2772 2700 2773
3 2700 2701 2773
3 2773 2701 2774
3 2701 2702 2774
3 2774 2702 2775
3 2702 2703 2775
3 2775 2703 2776
3 2703 2704 2776
3 2776 2704 2777
3 2704 2705 2777
3 2777 2705 2778
3 2705 2706 2778
3 2778 2706 2779
3 2706 2707 2779
3 2779 2707 2780
3 2707 2708 2780
3 2780 2708 2781
3 2708 2709 2781
3 2781 2709 2782
3 2709 2710 2782
3 2782 2710 2783
3 2710 2711 2783
3 2783 2711 2784
3 2711 2712 2784
3 2784 2712 2785
3 2712 2713 2785
3 2785 2713 2786
3 2713 2714 2786
3 2786 2714 2787
3 2714 2715 2787
3 2787 2715 2788
3 2715 2716 2788
3 2788 2716 2789
3 2716 2717 2789
3 2789 2717 2790
3 2717 2718 2790
3 2790 2718 2791
3 2718 2719 2791
3 2791 2719 2792
3 2719 2720 2792
3 2792 2720 2793
3 2720 2721 2793
3 2793 2721 2794
3 2721 2722 2794
3 2794 2722 2795
3 2722 2723 2795
3 2795 2723 2796
3 2723 2797 2796
3 2723 2724 2797
3 2724 2798 2797
3 2724 2725 2798
3 2725 2799 2798
3 2725 2726 2799
3 2726 2800 2799
3 2726 2727 2800
3 2727 2801 2800
3 2727 2728 2801
3 2728 2802 2801
3 2728 2729 2802
3 2729 2803 2802
3 2729 2730 2803
3 2730 2804 2803
3 2730 2731 2804
3 2731 2805 2804
3 2731 2732 2805
3 2732 2806 2805
3 2732 2733 2806
3 2733 2807 2806
3 2733 2734 2807
3 2734 2808 2807
3 2734 2735 2808
3 2735 2809 2808
3 2735 2736 2809
3 2736 2810 2809
3 2736 2737 2810
3 2737 2811 2810
3 2737 2738 2811
3 2738 2812 2811
3 2738 2739 2812
3 2739 2813 2812
3 2739 2740 2813
3 2740 2814 2813
3 2740 2741 2814
3 2741 2815 2814
3 2741 2742 2815
3 2742 2816 2815
3 2742 2743 2816
3 2743 2817 2816
3 2743 2744 2817
3 2744 2818 2817
3 2744 2745 2818
3 2745 2819 2818
3 2745 2746 2819
3 2746 2820 2819
3 2746 2747 2820
3 2747 2821 2820
3 2747 2748 2821
3 2748 2822 2821
3 2748 2749 2822
3 2749 2823 2822
3 2749 2750 2823
3 2750 2824 2823
3 2750 2751 2824
3 2751 2825 2824
3 2751 2752 2825
3 2752 2826 2825
3 2752 2753 2826
3 2753 2827 2826
3 2753 2754 2827
3 2754 2828 2827
3 2754 2755 2828
3 2755 2829 2828
3 2755 2756 2829
3 2756 2830 2829
3 2756 2757 2830
3 2757 2831 2830
3 2757 2758 2831
3 2758 2832 2831
3 2758 2759 2832
3 2759 2833 2832
3 2759 2760 2833
3 2760 2834 2833
3 2760 2761 2834
3 2761 2835 2834
3 2761 2762 2835
3 2762 2836 2835
3 2762 2763 2836
3 2763 2837 2836
3 2763 2764 2837
3 2764 2838 2837
3 2764 2765 2838
3 2765 2839 2838
3 2765 2766 2839
3 2766 2840 2839
3 2766 2767 2840
3 2767 2841 2840
3 2767 2768 2841
3 2768 2842 2841
3 2768 2769 2842
3 2769 2843 2842
3 2769 2770 2843
3 2770 2844 2843
3 2770 2771 2844
3 2772 2773 2845
3 2845 2773 2846
3 2773 2774 2846
3 2846 2774 2847
3 2774 2775 2847
3 2847 2775 2848
3 2775 2776 2848
3 2848 2776 2849
3 2776 2777 2849
3 2849 2777 2850
3 2777 2778 2850
3 2850 2778 2851
3 2778 2779 2851
3 2851 2779 2852
3 2779 2780 2852
3 2852 2780 2853
3 2780 2781 2853
3 2853 2781 2854
3 2781 2782 2854
3 2854 2782 2855
3 2782 2783 2855
3 2855 2783 2856
3 2783 2784 2856
3 2856 2784 2857
3 2784 2785 2857
3 2857 2785 2858
3 2785 2786 2858
3 2858 2786 2859
3 2786 2787 2859
3 2859 2787 2860
3 2787 2788 2860
3 2860 2788 2861
3 2788 2789 2861
3 2861 2789 2862
3 2789 2790 2862
3 2862 2790 2863
3 2790 2791 2863
3 2863 2791 2864
3 2791 2792 2864
3 2864 2792 2865
3 2792 2793 2865
3 2865 2793 2866
3 2793 2794 2866
3 2866 2794 2867
3 2794 2795 2867
3 2867 2795 2868
3 2795 2796 2868
3 2868 2796 2869
3 2796 2870 2869
3 2796 2797 2870
3 2797 2871 2870
3 2797 2798 2871
3 2798 2872 2871
3 2798 2799 2872
3 2799 2873 2872
3 2799 2800 2873
3 2800 2874 2873
3 2800 2801 2874
3 2801 2875 2874
3 2801 2802 2875
3 2802 2876 2875
3 2802 2803 2876
3 2803 2877 2876
3 2803 2804 2877
3 2804 2878 2877
3 2804 2805 2878
3 2805 2879 2878
3 2805 2806 2879
3 2806 2880 2879
3 2806 2807 2880
3 2807 2881 2880
3 2807 2808 2881
3 2808 2882 2881
3 2808 2809 2882
3 2809 2883 2882
3 2809 2810 2883
3 2810 2884 2883
3 2810 2811 2884
3 2811 2885 2884
3 2811 2812 2885
3 2812 2886 2885
3 2812 2813 2886
3 2813 2887 2886
3 2813 2814 2887
3 2814 2888 2887
3 2814 2815 2888
3 2815 2889 2888
3 2815 2816 2889
3 2816 2890 2889
3 2816 2817 2890
3 2817 2891 2890
3 2817 2818 2891
3 2818 2892 2891
3 2818 2819 2892
3 2819 2893 2892
3 2819 2820 2893
3 2820 2894 2893
3 2820 2821 2894
3 2821 2895 2894
3 2821 2822 2895
3 2822 2896 2895
3 2822 2823 2896
3 2823 2897 2896
3 2823 2824 2897
3 2824 2898 2897
3 2824 2825 2898
3 2825 2899 2898
3 2825 2826 2899
3 2826 2900 2899
3 2826 2827 2900
3 2827 2901 2900
3 2827 2828 2901
3 2828 2902 2901
3 2828 2829 2902
3 2829 2903 2902
3 2829 2830 2903
3 2830 2904 2903
3 2830 2831 2904
3 2831 2905 2904
3 2831 2832 2905
3 2832 2906 2905
3 2832 2833 2906
3 2833 2907 2906
3 2833 2834 2907
3 2834 2908 2907
3 2834 2835 2908
3 2835 2909 2908
3 2835 2836 2909
3 2836 2910 2909
3 2836 2837 2910
3 2837 2911 2910
3 2837 2838 2911
3 2838 2912 2911
3 2838 2839 2912
3 2839 2913 2912
3 2839 2840 2913
3 2840 2914 2913
3 2840 2841 2914
3 2841 2915 2914
3 2841 2842 2915
3 2842 2916 2915
3 2842 2843 2916
3 2843 2917 2916
3 2843 2844 2917
3 2844 2918 2917
3 2845 2846 2919
3 2919 2846 2920
3 2846 2847 2920
3 2920 2847 2921
3 2847 2848 2921
3 2921 2848 2922
3 2848 2849 2922
3 2922 2849 2923
3 2849 2850 2923
3 2923 2850 2924
3 2850 2851 2924
3 2924 2851 2925
3 2851 2852 2925
3 2925 2852 2926
3 2852 2853 2926
3 2926 2853 2927
3 2853 2854 2927
3 2927 2854 2928
3 2854 2855 2928
3 2928 2855 2929
3 2855 2856 2929
3 2929 2856 2930
3 2856 2857 2930
3 2930 2857 2931
3 2857 2858 2931
3 2931 2858 2932
3 2858 2859 2932
3 2932 2859 2933
3 2859 2860 2933
3 2933 2860 2934
3 2860 2861 2934
3 2934 2861 2935
3 2861 2862 2935
3 2935 2862 2936
3 2862 2863 2936
3 2936 2863 2937
3 2863 2864 2937
3 2937 2864 2938
3 2864 2865 2938
3 2938 2865 2939
3 2865 2866 2939
3 2939 2866 2940
3 2866 2867 2940
3 2940 2867 2941
3 2867 2868 2941
3 2941 2868 2942
3 2868 2943 2942
3 2868 2869 2943
3 2869 2944 2943
3 2869 2870 2944
3 2870 2945 2944
3 2870 2871 2945
3 2871 2946 2945
3 2871 2872 2946
3 2872 2947 2946
3 2872 2873 2947
3 2873 2948 2947
3 2873 2874 2948
3 2874 2949 2948
3 2874 2875 2949
3 2875 2950 2949
3 2875 2876 2950
3 2876 2951 2950
3 2876 2877 2951
3 2877 2952 2951
3 2877 2878 2952
3 2878 2953 2952
3 2878 2879 2953
3 2879 2954 2953
3 2879 2880 2954
3 2880 2955 2954
3 2880 2881 2955
3 2881 2956 2955
3 2881 2882 2956
3 2882 2957 2956
3 2882 2883 2957
3 2883 2958 2957
3 2883 2884 2958
3 2884 2959 2958
3 2884 2885 2959
3 2885 2960 2959
3 2885 2886 2960
3 2886 2961 2960
3 2886 2887 2961
3 2887 2962 2961
3 2887 2888 2962
3 2888 2963 2962
3 2888 2889 2963
3 2889 2964 2963
3 2889 2890 2964
3 2890 2965 2964
3 2890 2891 2965
3 2891 2966 2965
3 2891 2892 2966
3 2892 2967 2966
3 2892 2893 2967
3 2893 2968 2967
3 2893 2894 2968
3 2894 2969 2968
3 2894 2895 2969
3 2895 2970 2969
3 2895 2896 2970
3 2896 2971 2970
3 2896 2897 2971
3 2897 2972 2971
3 2897 2898 2972
3 2898 2973 2972
3 2898 2899 2973
3 2899 2974 2973
3 2899 2900 2974
3 2900 2975 2974
3 2900 2901 2975
3 2901 2976 2975
3 2901 2902 2976
3 2902 2977 2976
3 2902 2903 2977
3 2903 2978 2977
3 2903 2904 2978
3 2904 2979 2978
3 2904 2905 2979
3 2905 2980 2979
3 2905 2906 2980
3 2906 2981 2980
3 2906 2907 2981
3 2907 2982 2981
3 2907 2908 2982
3 2908 2983 2982
3 2908 2909 2983
3 2909 2984 2983
3 2909 2910 2984
3 2910 2985 2984
3 2910 2911 2985
3 2911 2986 2985
3 2911 2912 2986
3 2912 2987 2986
3 2912 2913 2987
3 2913 2988 2987
3 2913 2914 2988
3 2914 2989 2988
3 2914 2915 2989
3 2915 2990 2989
3 2915 2916 2990
3 2916 2991 2990
3 2916 2917 2991
3 2917 2992 2991
3 2917 2918 2992
3 2920 2921 2993
3 2993 2921 2994
3 2921 2922 2994
3 2994 2922 2995
3 2922 2923 2995
3 2995 2923 2996
3 2923 2924 2996
3 2996 2924 2997
3 2924 2925 2997
3 2997 2925 2998
3 2925 2926 2998
3 2998 2926 2999
3 2926 2927 2999
3 2999 2927 3000
3 2927 2928 3000
3 3000 2928 3001
3 2928 2929 3001
3 3001 2929 3002
3 2929 2930 3002
3 3002 2930 3003
3 2930 2931 3003
3 3003 2931 3004
3 2931 2932 3004
3 3004 2932 3005
3 2932 2933 3005
3 3005 2933 3006
3 2933 2934 3006
3 3006 2934 3007
3 2934 2935 3007
3 3007 2935 3008
3 2935 2936 3008
3 3008 2936 3009
3 2936 2937 3009
3 3009 2937 3010
3 2937 2938 3010
3 3010 2938 3011
3 2938 2939 3011
3 3011 2939 3012
3 2939 2940 3012
3 3012 2940 3013
3 2940 2941 3013
3 3013 2941 3014
3 2941 3015 3014
3 2941 2942 3015
3 2942 3016 3015
3 2942 2943 3016
3 2943 3017 3016
3 2943 2944 3017
3 2944 3018 3017
3 2944 2945 3018
3 2945 3019 3018
3 2945 2946 3019
3 2946 3020 3019
3 2946 2947 3020
3 2947 3021 3020
3 2947 2948 3021
3 2948 3022 3021
3 2948 2949 3022
3 2949 3023 3022
3 2949 2950 3023
3 2950 3024 3023
3 2950 2951 3024
3 2951 3025 3024
3 2951 2952 3025
3 2952 3026 3025
3 2952 2953 3026
3 2953 3027 3026
3 2953 2954 3027
3 2954 3028 3027
3 2954 2955 3028
3 2955 3029 3028
3 2955 2956 3029
3 2956 3030 3029
3 2956 2957 3030
3 2957 3031 3030
3 2957 2958 3031
3 2958 3032 3031
3 2958 2959 3032
3 2959 3033 3032
3 2959 2960 3033
3 2960 3034 3033
3 2960 2961 3034
3 2961 3035 3034
3 2961 2962 3035
3 2962 3036 3035
3 2962 2963 3036
3 2963 3037 3036
3 2963 2964 3037
3 2964 3038 3037
3 2964 2965 3038
3 2965 3039 3038
3 2965 2966 3039
3 2966 3040 3039
3 2966 2967 3040
3 2967 3041 3040
3 2967 2968 3041
3 2968 3042 3041
3 2968 2969 3042
3 2969 3043 3042
3 2969 2970 3043
3 2970 3044 3043
3 2970 2971 3044
3 2971 3045 3044
3 2971 2972 3045
3 2972 3046 3045
3 2972 2973 3046
3 2973 3047 3046
3 2973 2974 3047
3 2974 3048 3047
3 2974 2975 3048
3 2975 3049 3048
3 2975 2976 3049
3 2976 3050 3049
3 2976 2977 3050
3 2977 3051 3050
3 2977 2978 3051
3 2978 3052 3051
3 2978 2979 3052
3 2979 3053 3052
3 2979 2980 3053
3 2980 3054 3053
3 2980 2981 3054
3 2981 3055 3054
3 2981 2982 3055
3 2982 3056 3055
3 2982 2983 3056
3 2983 3057 3056
3 2983 2984 3057
3 2984 3058 3057
3 2984 2985 3058
3 2985 3059 3058
3 2985 2986 3059
3 2986 3060 3059
3 2986 2987 3060
3 2987 3061 3060
3 2987 2988 3061
3 2988 3062 3061
3 2988 2989 3062
3 2989 3063 3062
3 2989 2990 3063
3 2990 3064 3063
3 2990 2991 3064
3 2991 3065 3064
3 2991 2992 3065
3 2992 3066 3065
3 2993 2994 3067
3 3067 2994 3068
3 2994 2995 3068
3 3068 2995 3069
3 2995 2996 3069
3 3069 2996 3070
3 2996 2997 3070
3 3070 2997 3071
3 2997 2998 3071
3 3071 2998 3072
3 2998 2999 3072
3 3072 2999 3073
3 2999 3000 3073
3 3073 3000 3074
3 3000 3001 3074
3 3074 3001 3075
3 3001 3002 3075
3 3075 3002 3076
3 3002 3003 3076
3 3076 3003 3077
3 3003 3004 3077
3 3077 3004 3078
3 3004 3005 3078
3 3078 3005 3079
3 3005 3006 3079
3 3079 3006 3080
3 3006 3007 3080
3 3080 3007 3081
3 3007 3008 3081
3 3081 3008 3082
3 3008 3009 3082
3 3082 3009 3083
3 3009 3010 3083
3 3083 3010 3084
3 3010 3011 3084
3 3084 3011 3085
3 3011 3012 3085
3 3085 3012 3086
3 3012 3013 3086
3 3086 3013 3087
3 3013 3088 3087
3 3013 3014 3088
3 3014 3089 3088
3 3014 3015 3089
3 3015 3090 3089
3 3015 3016 3090
3 3016 3091 3090
3 3016 3017 3091
3 3017 3092 3091
3 3017 3018 3092
3 3018 3093 3092
3 3018 3019 3093
3 3019 3094 3093
3 3019 3020 3094
3 3020 3095 3094
3 3020 3021 3095
3 3021 3096 3095
3 3021 3022 3096
3 3022 3097 3096
3 3022 3023 3097
3 3023 3098 3097
3 3023 3024 3098
3 3024 3099 3098
3 3024 3025 3099
3 3025 3100 3099
3 3025 3026 3100
3 3026 3101 3100
3 3026 3027 3101
3 3027 3102 3101
3 3027 3028 3102
3 3028 3103 3102
3 3028 3029 3103
3 3029 3104 3103
3 3029 3030 3104
3 3030 3105 3104
3 3030 3031 3105
3 3031 3106 3105
3 3031 3032 3106
3 3032 3107 3106
3 3032 3033 3107
3 3033 3108 3107
3 3033 3034 3108
3 3034 3109 3108
3 3034 3035 3109
3 3035 3110 3109
3 3035 3036 3110
3 3036 3111 3110
3 3036 3037 3111
3 3037 3112 3111
3 3037 3038 3112
3 3038 3113 3112
3 3038 3039 3113
3 3039 3114 3113
3 3039 3040 3114
3 3040 3115 3114
3 3040 3041 3115
3 3041 3116 3115
3 3041 3042 3116
3 3042 3117 3116
3 3042 3043 3117
3 3043 3118 3117
3 3043 3044 3118
3 3044 3119 3118
3 3044 3045 3119
3 3045 3120 3119
3 3045 3046 3120
3 3046 3121 3120
3 3046 3047 3121
3 3047 3122 3121
3 3047 3048 3122
3 3048 3123 3122
3 3048 3049 3123
3 3049 3124 3123
3 3049 3050 3124
3 3050 3125 3124
3 3050 3051 3125
3 3051 3126 3125
3 3051 3052 3126
3 3052 3127 3126
3 3052 3053 3127
3 3053 3128 3127
3 3053 3054 3128
3 3054 3129 3128
3 3054 3055 3129
3 3055 3130 3129
3 3055 3056 3130
3 3056 3131 3130
3 3056 3057 3131
3 3057 3132 3131
3 3057 3058 3132
3 3058 3133 3132
3 3058 3059 3133
3 3059 3134 3133
3 3059 3060 3134
3 3060 3135 3134
3 3060 3061 3135
3 3061 3136 3135
3 3061 3062 3136
3 3062 3137 3136
3 3062 3063 3137
3 3063 3138 3137
3 3063 3064 3138
3 3064 3139 3138
3 3064 3065 3139
3 3065 3140 3139
3 3065 3066 3140
3 3067 3068 3141
3 3141 3068 3142
3 3068 3069 3142
3 3142 3069 3143
3 3069 3070 3143
3 3143 3070 3144
3 3070 3071 3144
3 3144 3071 3145
3 3071 3072 3145
3 3145 3072 3146
3 3072 3073 3146
3 3146 3073 3147
3 3073 3074 3147
3 3147 3074 3148
3 3074 3075 3148
3 3148 3075 3149
3 3075 3076 3149
3 3149 3076 3150
3 3076 3077 3150
3 3150 3077 3151
3 3077 3078 3151
3 3151 3078 3152
3 3078 3079 3152
3 3152 3079 3153
3 3079 3080 3153
3 3153 3080 3154
3 3080 3081 3154
3 3154 3081 3155
3 3081 3082 3155
3 3155 3082 3156
3 3082 3083 3156
3 3156 3083 3157
3 3083 3084 3157
3 3157 3084 3158
3 3084 3085 3158
3 3158 3085 3159
3 3085 3086 3159
3 3159 3086 3160
3 3086 3087 3160
3 3160 3087 3161
3 3087 3162 3161
3 3087 3088 3162
3 3088 3163 3162
3 3088 3089 3163
3 3089 3164 3163
3 3089 3090 3164
3 3090 3165 3164
3 3090 3091 3165
3 3091 3166 3165
3 3091 3092 3166
3 3092 3167 3166
3 3092 3093 3167
3 3093 3168 3167
3 3093 3094 3168
3 3094 3169 3168
3 3094 3095 3169
3 3095 3170 3169
3 3095 3096 3170
3 3096 3171 3170
3 3096 3097 3171
3 3097 3172 3171
3 3097 3098 3172
3 3098 3173 3172
3 3098 3099 3173
3 3099 3174 3173
3 3099 3100 3174
3 3100 3175 3174
3 3100 3101 3175
3 3101 3176 3175
3 3101 3102 3176
3 3102 3177 3176
3 3102 3103 3177
3 3103 3178 3177
3 3103 3104 3178
3 3104 3179 3178
3 3104 3105 3179
3 3105 3180 3179
3 3105 3106 3180
3 3106 3181 3180
3 3106 3107 3181
3 3107 3182 3181
3 3107 3108 3182
3 3108 3183 3182
3 3108 3109 3183
3 3109 3184 3183
3 3109 3110 3184
3 3110 3185 3184
3 3110 3111 3185
3 3111 3186 3185
3 3111 3112 3186
3 3112 3187 3186
3 3112 3113 3187
3 3113 3188 3187
3 3113 3114 3188
3 3114 3189 3188
3 3114 3115 3189
3 3115 3190 3189
3 3115 3116 3190
3 3116 3191 3190
3 3116 3117 3191
3 3117 3192 3191
3 3117 3118 3192
3 3118 3193 3192
3 3118 3119 3193
3 3119 3194 3193
3 3119 3120 3194
3 3120 3195 3194
3 3120 3121 3195
3 3121 3196 3195
3 3121 3122 3196
3 3122 3197 3196
3 3122 3123 3197
3 3123 3198 3197
3 3123 3124 3198
3 3124 3199 3198
3 3124 3125 3199
3 3125 3200 3199
3 3125 3126 3200
3 3126 3201 3200
3 3126 3127 3201
3 3127 3202 3201
3 3127 3128 3202
3 3128 3203 3202
3 3128 3129 3203
3 3129 3204 3203
3 3129 3130 3204
3 3130 3205 3204
3 3130 3131 3205
3 3131 3206 3205
3 3131 3132 3206
3 3132 3207 3206
3 3132 3133 3207
3 3133 3208 3207
3 3133 3134 3208
3 3134 3209 3208
3 3134 3135 3209
3 3135 3210 3209
3 3135 3136 3210
3 3136 3211 3210
3 3136 3137 3211
3 3137 3212 3211
3 3137 3138 3212
3 3138 3213 3212
3 3138 3139 3213
3 3139 3214 3213
3 3139 3140 3214
3 3142 3143 3215
3 3215 3143 3216
3 3143 3144 3216
3 3216 3144 3217
3 3144 3145 3217
3 3217 3145 3218
3 3145 3146 3218
3 3218 3146 3219
3 3146 3147 3219
3 3219 3147 3220
3 3147 3148 3220
3 3220 3148 3221
3 3148 3149 3221
3 3221 3149 3222
3 3149 3150 3222
3 3222 3150 3223
3 3150 3151 3223
3 3223 3151 3224
3 3151 3152 3224
3 3224 3152 3225
3 3152 3153 3225
3 3225 3153 3226
3 3153 3154 3226
3 3226 3154 3227
3 3154 3155 3227
3 3227 3155 3228
3 3155 3156 3228
3 3228 3156 3229
3 3156 3157 3229
3 3229 3157 3230
3 3157 3158 3230
3 3230 3158 3231
3 3158 3159 3231
3 3231 3159 3232
3 3159 3160 3232
3 3232 3160 3233
3 3160 3161 3233
3 3233 3161 3234
3 3161 3235 3234
3 3161 3162 3235
3 3162 3236 3235
3 3162 3163 3236
3 3163 3237 3236
3 3163 3164 3237
3 3164 3238 3237
3 3164 3165 3238
3 3165 3239 3238
3 3165 3166 3239
3 3166 3240 3239
3 3166 3167 3240
3 3167 3241 3240
3 3167 3168 3241
3 3168 3242 3241
3 3168 3169 3242
3 3169 3243 3242
3 3169 3170 3243
3 3170 3244 3243
3 3170 3171 3244
3 3171 3245 3244
3 3171 3172 3245
3 3172 3246 3245
3 3172 3173 3246
3 3173 3247 3246
3 3173 3174 3247
3 3174 3248 3247
3 3174 3175 3248
3 3175 3249 3248
3 3175 3176 3249
3 3176 3250 3249
3 3176 3177 3250
3 3177 3251 3250
3 3177 3178 3251
3 3178 3252 3251
3 3178 3179 3252
3 3179 3253 3252
3 3179 3180 3253
3 3180 3254 3253
3 3180 3181 3254
3 3181 3255 3254
3 3181 3182 3255
3 3182 3256 3255
3 3182 3183 3256
3 3183 3257 3256
3 3183 3184 3257
3 3184 3258 3257
3 3184 3185 3258
3 3185 3259 3258
3 3185 3186 3259
3 3186 3260 3259
3 3186 3187 3260
3 3187 3261 3260
3 3187 3188 3261
3 3188 3262 3261
3 3188 3189 3262
3 3189 3263 3262
3 3189 3190 3263
3 3190 3264 3263
3 3190 3191 3264
3 3191 3265 3264
3 3191 3192 3265
3 3192 3266 3265
3 3192 3193 3266
3 3193 3267 3266
3 3193 3194 3267
3 3194 3268 3267
3 3194 3195 3268
3 3195 3269 3268
3 3195 3196 3269
3 3196 3270 3269
3 3196 3197 3270
3 3197 3271 3270
3 3197 3198 3271
3 3198 3272 3271
3 3198 3199 3272
3 3199 3273 3272
3 3199 3200 3273
3 3200 3274 3273
3 3200 3201 3274
3 3201 3275 3274
3 3201 3202 3275
3 3202 3276 3275
3 3202 3203 3276
3 3203 3277 3276
3 3203 3204 3277
3 3204 3278 3277
3 3204 3205 3278
3 3205 3279 3278
3 3205 3206 3279
3 3206 3280 3279
3 3206 3207 3280
3 3207 3281 3280
3 3207 3208 3281
3 3208 3282 3281
3 3208 3209 3282
3 3209 3283 3282
3 3209 3210 3283
3 3210 3284 3283
3 3210 3211 3284
3 3211 3285 3284
3 3211 3212 3285
3 3212 3286 3285
3 3212 3213 3286
3 3213 3287 3286
3 3213 3214 3287
3 3214 3288 3287
3 3215 3216 3289
3 3289 3216 3290
3 3216 3217 3290
3 3290 3217 3291
3 3217 3218 3291
3 3291 3218 3292
3 3218 3219 3292
3 3292 3219 3293
3 3219 3220 3293
3 3293 3220 3294
3 3220 3221 3294
3 3294 3221 3295
3 3221 3222 3295
3 3295 3222 3296
3 3222 3223 3296
3 3296 3223 3297
3 3223 3224 3297
3 3297 3224 3298
3 3224 3225 3298
3 3298 3225 3299
3 3225 3226 3299
3 3299 3226 3300
3 3226 3227 3300
3 3300 3227 3301
3 3227 3228 3301
3 3301 3228 3302
3 3228 3229 3302
3 3302 3229 3303
3 3229 3230 3303
3 3303 3230 3304
3 3230 3231 3304
3 3304 3231 3305
3 3231 3306 3305
3 3231 3232 3306
3 3232 3307 3306
3 3232 3233 3307
3 3233 3308 3307
3 3233 3234 3308
3 3234 3309 3308
3 3234 3235 3309
3 3235 3310 3309
3 3235 3236 3310
3 3236 3311 3310
3 3236 3237 3311
3 3237 3312 3311
3 3237 3238 3312
3 3238 3313 3312
3 3238 3239 3313
3 3239 3314 3313
3 3239 3240 3314
3 3240 3315 3314
3 3240 3241 3315
3 3241 3316 3315
3 3241 3242 3316
3 3242 3317 3316
3 3242 3243 3317
3 3243 3318 3317
3 3243 3244 3318
3 3244 3319 3318
3 3244 3245 3319
3 3245 3320 3319
3 3245 3246 3320
3 3246 3321 3320
3 3246 3247 3321
3 3247 3322 3321
3 3247 3248 3322
3 3248 3323 3322
3 3248 3249 3323
3 3249 3324 3323
3 3249 3250 3324
3 3250 3325 3324
3 3250 3251 3325
3 3251 3326 3325
3 3251 3252 3326
3 3252 3327 3326
3 3252 3253 3327
3 3253 3328 3327
3 3253 3254 3328
3 3254 3329 3328
3 3254 3255 3329
3 3255 3330 3329
3 3255 3256 3330
3 3256 3331 3330
3 3256 3257 3331
3 3257 3332 3331
3 3257 3258 3332
3 3258 3333 3332
3 3258 3259 3333
3 3259 3334 3333
3 3259 3260 3334
3 3260 3335 3334
3 3260 3261 3335
3 3261 3336 3335
3 3261 3262 3336
3 3262 3337 3336
3 3262 3263 3337
3 3263 3338 3337
3 3263 3264 3338
3 3264 3339 3338
3 3264 3265 3339
3 3265 3340 3339
3 3265 3266 3340
3 3266 3341 3340
3 3266 3267 3341
3 3267 3342 3341
3 3267 3268 3342
3 3268 3343 3342
3 3268 3269 3343
3 3269 3344 3343
3 3269 3270 3344
3 3270 3345 3344
3 3270 3271 3345
3 3271 3346 3345
3 3271 3272 3346
3 3272 3347 3346
3 3272 3273 3347
3 3273 3348 3347
3 3273 3274 3348
3 3274 3349 3348
3 3274 3275 3349
3 3275 3350 3349
3 3275 3276 3350
3 3276 3351 3350
3 3276 3277 3351
3 3277 3352 3351
3 3277 3278 3352
3 3278 3353 3352
3 3278 3279 3353
3 3279 3354 3353
3 3279 3280 3354
3 3280 3355 3354
3 3280 3281 3355
3 3281 3356 3355
3 3281 3282 3356
3 3282 3357 3356
3 3282 3283 3357
3 3283 3358 3357
3 3283 3284 3358
3 3284 3359 3358
3 3284 3285 3359
3 3285 3360 3359
3 3285 3286 3360
3 3286 3361 3360
3 3286 3287 3361
3 3287 3362 3361
3 3287 3288 3362
3 3289 3290 3363
3 3363 3290 3364
3 3290 3291 3364
3 3364 3291 3365
3 3291 3292 3365
3 3365 3292 3366
3 3292 3293 3366
3 3366 3293 3367
3 3293 3294 3367
3 3367 3294 3368
3 3294 3295 3368
3 3368 3295 3369
3 3295 3296 3369
3 3369 3296 3370
3 3296 3297 3370
3 3370 3297 3371
3 3297 3298 3371
3 3371 3298 3372
3 3298 3299 3372
3 3372 3299 3373
3 3299 3300 3373
3 3373 3300 3374
3 3300 3301 3374
3 3374 3301 3375
3 3301 3302 3375
3 3375 3302 3376
3 3302 3303 3376
3 3376 3303 3377
3 3303 3304 3377
3 3377 3304 3378
3 3304 3379 3378
3 3304 3305 3379
3 3305 3380 3379
3 3305 3306 3380
3 3306 3381 3380
3 3306 3307 3381
3 3307 3382 3381
3 3307 3308 3382
3 3308 3383 3382
3 3308 3309 3383
3 3309 3384 3383
3 3309 3310 3384
3 3310 3385 3384
3 3310 3311 3385
3 3311 3386 3385
3 3311 3312 3386
3 3312 3387 3386
3 3312 3313 3387
3 3313 3388 3387
3 3313 3314 3388
3 3314 3389 3388
3 3314 3315 3389
3 3315 3390 3389
3 3315 3316 3390
3 3316 3391 3390
3 3316 3317 3391
3 3317 3392 3391
3 3317 3318 3392
3 3318 3393 3392
3 3318 3319 3393
3 3319 3394 3393
3 3319 3320 3394
3 3320 3395 3394
3 3320 3321 3395
3 3321 3396 3395
3 3321 3322 3396
3 3322 3397 3396
3 3322 3323 3397
3 3323 3398 3397
3 3323 3324 3398
3 3324 3399 3398
3 3324 3325 3399
3 3325 3400 3399
3 3325 3326 3400
3 3326 3401 3400
3 3326 3327 3401
3 3327 3402 3401
3 3327 3328 3402
3 3328 3403 3402
3 3328 3329 3403
3 3329 3404 3403
3 3329 3330 3404
3 3330 3405 3404
3 3330 3331 3405
3 3331 3406 3405
3 3331 3332 3406
3 3332 3407 3406
3 3332 3333 3407
3 3333 3408 3407
3 3333 3334 3408
3 3334 3409 3408
3 3334 3335 3409
3 3335 3410 3409
3 3335 3336 3410
3 3336 3411 3410
3 3336 3337 3411
3 3337 3412 3411
3 3337 3338 3412
3 3338 3413 3412
3 3338 3339 3413
3 3339 3414 3413
3 3339 3340 3414
3 3340 3415 3414
3 3340 3341 3415
3 3341 3416 3415
3 3341 3342 3416
3 3342 3417 3416
3 3342 3343 3417
3 3343 3418 3417
3 3343 3344 3418
3 3344 3419 3418
3 3344 3345 3419
3 3345 3420 3419
3 3345 3346 3420
3 3346 3421 3420
3 3346 3347 3421
3 3347 3422 3421
3 3347 3348 3422
3 3348 3423 3422
3 3348 3349 3423
3 3349 3424 3423
3 3349 3350 3424
3 3350 3425 3424
3 3350 3351 3425
3 3351 3426 3425
3 3351 3352 3426
3 3352 3427 3426
3 3352 3353 3427
3 3353 3428 3427
3 3353 3354 3428
3 3354 3429 3428
3 3354 3355 3429
3 3355 3430 3429
3 3355 3356 3430
3 3356 3431 3430
3 3356 3357 3431
3 3357 3432 3431
3 3357 3358 3432
3 3358 3433 3432
3 3358 3359 3433
3 3359 3434 3433
3 3359 3360 3434
3 3360 3435 3434
3 3360 3361 3435
3 3361 3436 3435
3 3361 3362 3436
3 3362 3437 3436
3 3364 3365 3438
3 3438 3365 3439
3 3365 3366 3439
3 3439 3366 3440
3 3366 3367 3440
3 3440 3367 3441
3 3367 3368 3441
3 3441 3368 3442
3 3368 3369 3442
3 3442 3369 3443
3 3369 3370 3443
3 3443 3370 3444
3 3370 3371 3444
3 3444 3371 3445
3 3371 3372 3445
3 3445 3372 3446
3 3372 3373 3446
3 3446 3373 3447
3 3373 3374 3447
3 3447 3374 3448
3 3374 3375 3448
3 3448 3375 3449
3 3375 3376 3449
3 3449 3376 3450
3 3376 3377 3450
3 3450 3377 3451
3 3377 3378 3451
3 3451 3378 3452
3 3378 3453 3452
3 3378 3379 3453
3 3379 3454 3453
3 3379 3380 3454
3 3380 3455 3454
3 3380 3381 3455
3 3381 3456 3455
3 3381 3382 3456
3 3382 3457 3456
3 3382 3383 3457
3 3383 3458 3457
3 3383 3384 3458
3 3384 3459 3458
3 3384 3385 3459
3 3385 3460 3459
3 3385 3386 3460
3 3386 3461 3460
3 3386 3387 3461
3 3387 3462 3461
3 3387 3388 3462
3 3388 3463 3462
3 3388 3389 3463
3 3389 3464 3463
3 3389 3390 3464
3 3390 3465 3464
3 3390 3391 3465
3 3391 3466 3465
3 3391 3392 3466
3 3392 3467 3466
3 3392 3393 3467
3 3393 3468 3467
3 3393 3394 3468
3 3394 3469 3468
3 3394 3395 3469
3 3395 3470 3469
3 3395 3396 3470
3 3396 3471 3470
3 3396 3397 3471
3 3397 3472 3471
3 3397 3398 3472
3 3398 3473 3472
3 3398 3399 3473
3 3399 3474 3473
3 3399 3400 3474
3 3400 3475 3474
3 3400 3401 3475
3 3401 3476 3475
3 3401 3402 3476
3 3402 3477 3476
3 3402 3403 3477
3 3403 3478 3477
3 3403 3404 3478
3 3404 3479 3478
3 3404 3405 3479
3 3405 3480 3479
3 3405 3406 3480
3 3406 3481 3480
3 3406 3407 3481
3 3407 3482 3481
3 3407 3408 3482
3 3408 3483 3482
3 3408 3409 3483
3 3409 3484 3483
3 3409 3410 3484
3 3410 3485 3484
3 3410 3411 3485
3 3411 3486 3485
3 3411 3412 3486
3 3412 3487 3486
3 3412 3413 3487
3 3413 3488 3487
3 3413 3414 3488
3 3414 3489 3488
3 3414 3415 3489
3 3415 3490 3489
3 3415 3416 3490
3 3416 3491 3490
3 3416 3417 3491
3 3417 3492 3491
3 3417 3418 3492
3 3418 3493 3492
3 3418 3419 3493
3 3419 3494 3493
3 3419 3420 3494
3 3420 3495 3494
3 3420 3421 3495
3 3421 3496 3495
3 3421 3422 3496
3 3422 3497 3496
3 3422 3423 3497
3 3423 3498 3497
3 3423 3424 3498
3 3424 3499 3498
3 3424 3425 3499
3 3425 3500 3499
3 3425 3426 3500
3 3426 3501 3500
3 3426 3427 3501
3 3427 3502 3501
3 3427 3428 3502
3 3428 3503 3502
3 3428 3429 3503
3 3429 3504 3503
3 3429 3430 3504
3 3430 3505 3504
3 3430 3431 3505
3 3431 3506 3505
3 3431 3432 3506
3 3432 3507 3506
3 3432 3433 3507
3 3433 3508 3507
3 3433 3434 3508
3 3434 3509 3508
3 3434 3435 3509
3 3435 3510 3509
3 3435 3436 3510
3 3436 3511 3510
3 3436 3437 3511
3 3438 3439 3512
3 3512 3439 3513
3 3439 3440 3513
3 3513 3440 3514
3 3440 3441 3514
3 3514 3441 3515
3 3441 3442 3515
3 3515 3442 3516
3 3442 3443 3516
3 3516 3443 3517
3 3443 3444 3517
3 3517 3444 3518
3 3444 3445 3518
3 3518 3445 3519
3 3445 3446 3519
3 3519 3446 3520
3 3446 3447 3520
3 3520 3447 3521
3 3447 3448 3521
3 3521 3448 3522
3 3448 3449 3522
3 3522 3449 3523
3 3449 3450 3523
3 3523 3450 3524
3 3450 3451 3524
3 3524 3451 3525
3 3451 3452 3525
3 3525 3452 3526
3 3452 3527 3526
3 3452 3453 3527
3 3453 3528 3527
3 3453 3454 3528
3 3454 3529 3528
3 3454 3455 3529
3 3455 3530 3529
3 3455 3456 3530
3 3456 3531 3530
3 3456 3457 3531
3 3457 3532 3531
3 3457 3458 3532
3 3458 3533 3532
3 3458 3459 3533
3 3459 3534 3533
3 3459 3460 3534
3 3460 3535 3534
3 3460 3461 3535
3 3461 3536 3535
3 3461 3462 3536
3 3462 3537 3536
3 3462 3463 3537
3 3463 3538 3537
3 3463 3464 3538
3 3464 3539 3538
3 3464 3465 3539
3 3465 3540 3539
3 3465 3466 3540
3 3466 3541 3540
3 3466 3467 3541
3 3467 3542 3541
3 3467 3468 3542
3 3468 3543 3542
3 3468 3469 3543
3 3469 3544 3543
3 3469 3470 3544
3 3470 3545 3544
3 3470 3471 3545
3 3471 3546 3545
3 3471 3472 3546
3 3472 3547 3546
3 3472 3473 3547
3 3473 3548 3547
3 3473 3474 3548
3 3474 3549 3548
3 3474 3475 3549
3 3475 3550 3549
3 3475 3476 3550
3 3476 3551 3550
3 3476 3477 3551
3 3477 3552 3551
3 3477 3478 3552
3 3478 3553 3552
3 3478 3479 3553
3 3479 3554 3553
3 3479 3480 3554
3 3480 3555 3554
3 3480 3481 3555
3 3481 3556 3555
3 3481 3482 3556
3 3482 3557 3556
3 3482 3483 3557
3 3483 3558 3557
3 3483 3484 3558
3 3484 3559 3558
3 3484 3485 3559
3 3485 3560 3559
3 3485 3486 3560
3 3486 3561 3560
3 3486 3487 3561
3 3487 3562 3561
3 3487 3488 3562
3 3488 3563 3562
3 3488 3489 3563
3 3489 3564 3563
3 3489 3490 3564
3 3490 3565 3564
3 3490 3491 3565
3 3491 3566 3565
3 3491 3492 3566
3 3492 3567 3566
3 3492 3493 3567
3 3493 3568 3567
3 3493 3494 3568
3 3494 3569 3568
3 3494 3495 3569
3 3495 3570 3569
3 3495 3496 3570
3 3496 3571 3570
3 3496 3497 3571
3 3497 3572 3571
3 3497 3498 3572
3 3498 3573 3572
3 3498 3499 3573
3 3499 3574 3573
3 3499 3500 3574
3 3500 3575 3574
3 3500 3501 3575
3 3501 3576 3575
3 3501 3502 3576
3 3502 3577 3576
3 3502 3503 3577
3 3503 3578 3577
3 3503 3504 3578
3 3504 3579 3578
3 3504 3505 3579
3 3505 3580 3579
3 3505 3506 3580
3 3506 3581 3580
3 3506 3507 3581
3 3507 3582 3581
3 3507 3508 3582
3 3508 3583 3582
3 3508 3509 3583
3 3509 3584 3583
3 3509 3510 3584
3 3510 3585 3584
3 3510 3511 3585
3 3511 3586 3585
3 3513 3514 3587
3 3587 3514 3588
3 3514 3515 3588
3 3588 3515 3589
3 3515 3516 3589
3 3589 3516 3590
3 3516 3517 3590
3 3590 3517 3591
3 3517 3518 3591
3 3591 3518 3592
3 3518 3519 3592
3 3592 3519 3593
3 3519 3520 3593
3 3593 3520 3594
3 3520 3521 3594
3 3594 3521 3595
3 3521 3522 3595
3 3595 3522 3596
3 3522 3523 3596
3 3596 3523 3597
3 3523 3524 3597
3 3597 3524 3598
3 3524 3525 3598
3 3598 3525 3599
3 3525 3600 3599
3 3525 3526 3600
3 3526 3601 3600
3 3526 3527 3601
3 3527 3602 3601
3 3527 3528 3602
3 3528 3603 3602
3 3528 3529 3603
3 3529 3604 3603
3 3529 3530 3604
3 3530 3605 3604
3 3530 3531 3605
3 3531 3606 3605
3 3531 3532 3606
3 3532 3607 3606
3 3532 3533 3607
3 3533 3608 3607
3 3533 3534 3608
3 3534 3609 3608
3 3534 3535 3609
3 3535 3610 3609
3 3535 3536 3610
3 3536 3611 3610
3 3536 3537 3611
3 3537 3612 3611
3 3537 3538 3612
3 3538 3613 3612
3 3538 3539 3613
3 3539 3614 3613
3 3539 3540 3614
3 3540 3615 3614
3 3540 3541 3615
3 3541 3616 3615
3 3541 3542 3616
3 3542 3617 3616
3 3542 3543 3617
3 3543 3618 3617
3 3543 3544 3618
3 3544 3619 3618
3 3544 3545 3619
3 3545 3620 3619
3 3545 3546 3620
3 3546 3621 3620
3 3546 3547 3621
3 3547 3622 3621
3 3547 3548 3622
3 3548 3623 3622
3 3548 3549 3623
3 3549 3624 3623
3 3549 3550 3624
3 3550 3625 3624
3 3550 3551 3625
3 3551 3626 3625
3 3551 3552 3626
3 3552 3627 3626
3 3552 3553 3627
3 3553 3628 3627
3 3553 3554 3628
3 3554 3629 3628
3 3554 3555 3629
3 3555 3630 3629
3 3555 3556 3630
3 3556 3631 3630
3 3556 3557 3631
3 3557 3632 3631
3 3557 3558 3632
3 3558 3633 3632
3 3558 3559 3633
3 3559 3634 3633
3 3559 3560 3634
3 3560 3635 3634
3 3560 3561 3635
3 3561 3636 3635
3 3561 3562 3636
3 3562 3637 3636
3 3562 3563 3637
3 3563 3638 3637
3 3563 3564 3638
3 3564 3639 3638
3 3564 3565 3639
3 3565 3640 3639
3 3565 3566 3640
3 3566 3641 3640
3 3566 3567 3641
3 3567 3642 3641
3 3567 3568 3642
3 3568 3643 3642
3 3568 3569 3643
3 3569 3644 3643
3 3569 3570 3644
3 3570 3645 3644
3 3570 3571 3645
3 3571 3646 3645
3 3571 3572 3646
3 3572 3647 3646
3 3572 3573 3647
3 3573 3648 3647
3 3573 3574 3648
3 3574 3649 3648
3 3574 3575 3649
3 3575 3650 3649
3 3575 3576 3650
3 3576 3651 3650
3 3576 3577 3651
3 3577 3652 3651
3 3577 3578 3652
3 3578 3653 3652
3 3578 3579 3653
3 3579 3654 3653
3 3579 3580 3654
3 3580 3655 3654
3 3580 3581 3655
3 3581 3656 3655
3 3581 3582 3656
3 3582 3657 3656
3 3582 3583 3657
3 3583 3658 3657
3 3583 3584 3658
3 3584 3659 3658
3 3584 3585 3659
3 3585 3660 3659
3 3585 3586 3660
3 3587 3588 3661
3 3661 3588 3662
3 3588 3589 3662
3 3662 3589 3663
3 3589 3590 3663
3 3663 3590 3664
3 3590 3591 3664
3 3664 3591 3665
3 3591 3592 3665
3 3665 3592 3666
3 3592 3593 3666
3 3666 3593 3667
3 3593 3594 3667
3 3667 3594 3668
3 3594 3595 3668
3 3668 3595 3669
3 3595 3596 3669
3 3669 3596 3670
3 3596 3597 3670
3 3670 3597 3671
3 3597 3598 3671
3 3671 3598 3672
3 3598 3599 3672
3 3672 3599 3673
3 3599 3674 3673
3 3599 3600 3674
3 3600 3675 3674
3 3600 3601 3675
3 3601 3676 3675
3 3601 3602 3676
3 3602 3677 3676
3 3602 3603 3677
3 3603 3678 3677
3 3603 3604 3678
3 3604 3679 3678
3 3604 3605 3679
3 3605 3680 3679
3 3605 3606 3680
3 3606 3681 3680
3 3606 3607 3681
3 3607 3682 3681
3 3607 3608 3682
3 3608 3683 3682
3 3608 3609 3683
3 3609 3684 3683
3 3609 3610 3684
3 3610 3685 3684
3 3610 3611 3685
3 3611 3686 3685
3 3611 3612 3686
3 3612 3687 3686
3 3612 3613 3687
3 3613 3688 3687
3 3613 3614 3688
3 3614 3689 3688
3 3614 3615 3689
3 3615 3690 3689
3 3615 3616 3690
3 3616 3691 3690
3 3616 3617 3691
3 3617 3692 3691
3 3617 3618 3692
3 3618 3693 3692
3 3618 3619 3693
3 3619 3694 3693
3 3619 3620 3694
3 3620 3695 3694
3 3620 3621 3695
3 3621 3696 3695
3 3621 3622 3696
3 3622 3697 3696
3 3622 3623 3697
3 3623 3698 3697
3 3623 3624 3698
3 3624 3699 3698
3 3624 3625 3699
3 3625 3700 3699
3 3625 3626 3700
3 3626 3701 3700
3 3626 3627 3701
3 3627 3702 3701
3 3627 3628 3702
3 3628 3703 3702
3 3628 3629 3703
3 3629 3704 3703
3 3629 3630 3704
3 3630 3705 3704
3 3630 3631 3705
3 3631 3706 3705
3 3631 3632 3706
3 3632 3707 3706
3 3632 3633 3707
3 3633 3708 3707
3 3633 3634 3708
3 3634 3709 3708
3 3634 3635 3709
3 3635 3710 3709
3 3635 3636 3710
3 3636 3711 3710
3 3636 3637 3711
3 3637 3712 3711
3 3637 3638 3712
3 3638 3713 3712
3 3638 3639 3713
3 3639 3714 3713
3 3639 3640 3714
3 3640 3715 3714
3 3640 3641 3715
3 3641 3716 3715
3 3641 3642 3716
3 3642 3717 3716
3 3642 3643 3717
3 3643 3718 3717
3 3643 3644 3718
3 3644 3719 3718
3 3644 3645 3719
3 3645 3720 3719
3 3645 3646 3720
3 3646 3721 3720
3 3646 3647 3721
3 3647 3722 3721
3 3647 3648 3722
3 3648 3723 3722
3 3648 3649 3723
3 3649 3724 3723
3 3649 3650 3724
3 3650 3725 3724
3 3650 3651 3725
3 3651 3726 3725
3 3651 3652 3726
3 3652 3727 3726
3 3652 3653 3727
3 3653 3728 3727
3 3653 3654 3728
3 3654 3729 3728
3 3654 3655 3729
3 3655 3730 3729
3 3655 3656 3730
3 3656 3731 3730
3 3656 3657 3731
3 3657 3732 3731
3 3657 3658 3732
3 3658 3733 3732
3 3658 3659 3733
3 3659 3734 3733
3 3659 3660 3734
3 3661 3662 3735
3 3735 3662 3736
3 3662 3663 3736
3 3736 3663 3737
3 3663 3664 3737
3 3737 3664 3738
3 3664 3665 3738
3 3738 3665 3739
3 3665 3666 3739
3 3739 3666 3740
3 3666 3667 3740
3 3740 3667 3741
3 3667 3668 3741
3 3741 3668 3742
3 3668 3669 3742
3 3742 3669 3743
3 3669 3670 3743
3 3743 3670 3744
3 3670 3671 3744
3 3744 3671 3745
3 3671 3672 3745
3 3745 3672 3746
3 3672 3673 3746
3 3746 3673 3747
3 3673 3674 3747
3 3747 3674 3748
3 3674 3749 3748
3 3674 3675 3749
3 3675 3750 3749
3 3675 3676 3750
3 3676 3751 3750
3 3676 3677 3751
3 3677 3752 3751
3 3677 3678 3752
3 3678 3753 3752
3 3678 3679 3753
3 3679 3754 3753
3 3679 3680 3754
3 3680 3755 3754
3 3680 3681 3755
3 3681 3756 3755
3 3681 3682 3756
3 3682 3757 3756
3 3682 3683 3757
3 3683 3758 3757
3 3683 3684 3758
3 3684 3759 3758
3 3684 3685 3759
3 3685 3760 3759
3 3685 3686 3760
3 3686 3761 3760
3 3686 3687 3761
3 3687 3762 3761
3 3687 3688 3762
3 3688 3763 3762
3 3688 3689 3763
3 3689 3764 3763
3 3689 3690 3764
3 3690 3765 3764
3 3690 3691 3765
3 3691 3766 3765
3 3691 3692 3766
3 3692 3767 3766
3 3692 3693 3767
3 3693 3768 3767
3 3693 3694 3768
3 3694 3769 3768
3 3694 3695 3769
3 3695 3770 3769
3 3695 3696 3770
3 3696 3771 3770
3 3696 3697 3771
3 3697 3772 3771
3 3697 3698 3772
3 3698 3773 3772
3 3698 3699 3773
3 3699 3774 3773
3 3699 3700 3774
3 3700 3775 3774
3 3700 3701 3775
3 3701 3776 3775
3 3701 3702 3776
3 3702 3777 3776
3 3702 3703 3777
3 3703 3778 3777
3 3703 3704 3778
3 3704 3779 3778
3 3704 3705 3779
3 3705 3780 3779
3 3705 3706 3780
3 3706 3781 3780
3 3706 3707 3781
3 3707 3782 3781
3 3707 3708 3782
3 3708 3783 3782
3 3708 3709 3783
3 3709 3784 3783
3 3709 3710 3784
3 3710 3785 3784
3 3710 3711 3785
3 3711 3786 3785
3 3711 3712 3786
3 3712 3787 3786
3 3712 3713 3787
3 3713 3788 3787
3 3713 3714 3788
3 3714 3789 3788
3 3714 3715 3789
3 3715 3790 3789
3 3715 3716 3790
3 3716 3791 3790
3 3716 3717 3791
3 3717 3792 3791
3 3717 3718 3792
3 3718 3793 3792
3 3718 3719 3793
3 3719 3794 3793
3 3719 3720 3794
3 3720 3795 3794
3 3720 3721 3795
3 3721 3796 3795
3 3721 3722 3796
3 3722 3797 3796
3 3722 3723 3797
3 3723 3798 3797
3 3723 3724 3798
3 3724 3799 3798
3 3724 3725 3799
3 3725 3800 3799
3 3725 3726 3800
3 3726 3801 3800
3 3726 3727 3801
3 3727 3802 3801
3 3727 3728 3802
3 3728 3803 3802
3 3728 3729 3803
3 3729 3804 3803
3 3729 3730 3804
3 3730 3805 3804
3 3730 3731 3805
3 3731 3806 3805
3 3731 3732 3806
3 3732 3807 3806
3 3732 3733 3807
3 3733 3808 3807
3 3733 3734 3808
3 3734 3809 3808
3 3736 3737 3810
3 3810 3737 3811
3 3737 3738 3811
3 3811 3738 3812
3 3738 3739 3812
3 3812 3739 3813
3 3739 3740 3813
3 3813 3740 3814
3 3740 3741 3814
3 3814 3741 3815
3 3741 3742 3815
3 3815 3742 3816
3 3742 3743 3816
3 3816 3743 3817
3 3743 3744 3817
3 3817 3744 3818
3 3744 3745 3818
3 3818 3745 3819
3 3745 3746 3819
3 3819 3746 3820
3 3746 3747 3820
3 3820 3747 3821
3 3747 3822 3821
3 3747 3748 3822
3 3748 3823 3822
3 3748 3749 3823
3 3749 3824 3823
3 3749 3750 3824
3 3750 3825 3824
3 3750 3751 3825
3 3751 3826 3825
3 3751 3752 3826
3 3752 3827 3826
3 3752 3753 3827
3 3753 3828 3827
3 3753 3754 3828
3 3754 3829 3828
3 3754 3755 3829
3 3755 3830 3829
3 3755 3756 3830
3 3756 3831 3830
3 3756 3757 3831
3 3757 3832 3831
3 3757 3758 3832
3 3758 3833 3832
3 3758 3759 3833
3 3759 3834 3833
3 3759 3760 3834
3 3760 3835 3834
3 3760 3761 3835
3 3761 3836 3835
3 3761 3762 3836
3 3762 3837 3836
3 3762 3763 3837
3 3763 3838 3837
3 3763 3764 3838
3 3764 3839 3838
3 3764 3765 3839
3 3765 3840 3839
3 3765 3766 3840
3 3766 3841 3840
3 3766 3767 3841
3 3767 3842 3841
3 3767 3768 3842
3 3768 3843 3842
3 3768 3769 3843
3 3769 3844 3843
3 3769 3770 3844
3 3770 3845 3844
3 3770 3771 3845
3 3771 3846 3845
3 3771 3772 3846
3 3772 3847 3846
3 3772 3773 3847
3 3773 3848 3847
3 3773 3774 3848
3 3774 3849 3848
3 3774 3775 3849
3 3775 3850 3849
3 3775 3776 3850
3 3776 3851 3850
3 3776 3777 3851
3 3777 3852 3851
3 3777 3778 3852
3 3778 3853 3852
3 3778 3779 3853
3 3779 3854 3853
3 3779 3780 3854
3 3780 3855 3854
3 3780 3781 3855
3 3781 3856 3855
3 3781 3782 3856
3 3782 3857 3856
3 3782 3783 3857
3 3783 3858 3857
3 3783 3784 3858
3 3784 3859 3858
3 3784 3785 3859
3 3785 3860 3859
3 3785 3786 3860
3 3786 3861 3860
3 3786 3787 3861
3 3787 3862 3861
3 3787 3788 3862
3 3788 3863 3862
3 3788 3789 3863
3 3789 3864 3863
3 3789 3790 3864
3 3790 3865 3864
3 3790 3791 3865
3 3791 3866 3865
3 3791 3792 3866
3 3792 3867 3866
3 3792 3793 3867
3 3793 3868 3867
3 3793 3794 3868
3 3794 3869 3868
3 3794 3795 3869
3 3795 3870 3869
3 3795 3796 3870
3 3796 3871 3870
3 3796 3797 3871
3 3797 3872 3871
3 3797 3798 3872
3 3798 3873 3872
3 3798 3799 3873
3 3799 3874 3873
3 3799 3800 3874
3 3800 3875 3874
3 3800 3801 3875
3 3801 3876 3875
3 3801 3802 3876
3 3802 3877 3876
3 3802 3803 3877
3 3803 3878 3877
3 3803 3804 3878
3 3804 3879 3878
3 3804 3805 3879
3 3805 3880 3879
3 3805 3806 3880
3 3806 3881 3880
3 3806 3807 3881
3 3807 3882 3881
3 3807 3808 3882
3 3808 3883 3882
3 3808 3809 3883
3 3810 3811 3884
3 3884 3811 3885
3 3811 3812 3885
3 3885 3812 3886
3 3812 3813 3886
3 3886 3813 3887
3 3813 3814 3887
3 3887 3814 3888
3 3814 3815 3888
3 3888 3815 3889
3 3815 3816 3889
3 3889 3816 3890
3 3816 3891 3890
3 3816 3817 3891
3 3817 3892 3891
3 3817 3818 3892
3 3818 3893 3892
3 3818 3819 3893
3 3819 3894 3893
3 3819 3820 3894
3 3820 3895 3894
3 3820 3821 3895
3 3821 3896 3895
3 3821 3822 3896
3 3822 3897 3896
3 3822 3823 3897
3 3823 3898 3897
3 3823 3824 3898
3 3824 3899 3898
3 3824 3825 3899
3 3825 3900 3899
3 3825 3826 3900
3 3826 3901 3900
3 3826 3827 3901
3 3827 3902 3901
3 3827 3828 3902
3 3828 3903 3902
3 3828 3829 3903
3 3829 3904 3903
3 3829 3830 3904
3 3830 3905 3904
3 3830 3831 3905
3 3831 3906 3905
3 3831 3832 3906
3 3832 3907 3906
3 3832 3833 3907
3 3833 3908 3907
3 3833 3834 3908
3 3834 3909 3908
3 3834 3835 3909
3 3835 3910 3909
3 3835 3836 3910
3 3836 3911 3910
3 3836 3837 3911
3 3837 3912 3911
3 3837 3838 3912
3 3838 3913 3912
3 3838 3839 3913
3 3839 3914 3913
3 3839 3840 3914
3 3840 3915 3914
3 3840 3841 3915
3 3841 3916 3915
3 3841 3842 3916
3 3842 3917 3916
3 3842 3843 3917
3 3843 3918 3917
3 3843 3844 3918
3 3844 3919 3918
3 3844 3845 3919
3 3845 3920 3919
3 3845 3846 3920
3 3846 3921 3920
3 3846 3847 3921
3 3847 3922 3921
3 3847 3848 3922
3 3848 3923 3922
3 3848 3849 3923
3 3849 3924 3923
3 3849 3850 3924
3 3850 3925 3924
3 3850 3851 3925
3 3851 3926 3925
3 3851 3852 3926
3 3852 3927 3926
3 3852 3853 3927
3 3853 3928 3927
3 3853 3854 3928
3 3854 3929 3928
3 3854 3855 3929
3 3855 3930 3929
3 3855 3856 3930
3 3856 3931 3930
3 3856 3857 3931
3 3857 3932 3931
3 3857 3858 3932
3 3858 3933 3932
3 3858 3859 3933
3 3859 3934 3933
3 3859 3860 3934
3 3860 3935 3934
3 3860 3861 3935
3 3861 3936 3935
3 3861 3862 3936
3 3862 3937 3936
3 3862 3863 3937
3 3863 3938 3937
3 3863 3864 3938
3 3864 3939 3938
3 3864 3865 3939
3 3865 3940 3939
3 3865 3866 3940
3 3866 3941 3940
3 3866 3867 3941
3 3867 3942 3941
3 3867 3868 3942
3 3868 3943 3942
3 3868 3869 3943
3 3869 3944 3943
3 3869 3870 3944
3 3870 3945 3944
3 3870 3871 3945
3 3871 3946 3945
3 3871 3872 3946
3 3872 3947 3946
3 3872 3873 3947
3 3873 3948 3947
3 3873 3874 3948
3 3874 3949 3948
3 3874 3875 3949
3 3875 3950 3949
3 3875 3876 3950
3 3876 3951 3950
3 3876 3877 3951
3 3877 3952 3951
3 3877 3878 3952
3 3878 3953 3952
3 3878 3879 3953
3 3879 3954 3953
3 3879 3880 3954
3 3880 3955 3954
3 3880 3881 3955
3 3881 3956 3955
3 3881 3882 3956
3 3882 3957 3956
3 3882 3883 3957
3 3883 3958 3957
3 3885 3886 3959
3 3959 3886 3960
3 3886 3887 3960
3 3960 3887 3961
3 3887 3888 3961
3 3961 3888 3962
3 3888 3889 3962
3 3962 3889 3963
3 3889 3890 3963
3 3963 3890 3964
3 3890 3965 3964
3 3890 3891 3965
3 3891 3966 3965
3 3891 3892 3966
3 3892 3967 3966
3 3892 3893 3967
3 3893 3968 3967
3 3893 3894 3968
3 3894 3969 3968
3 3894 3895 3969
3 3895 3970 3969
3 3895 3896 3970
3 3896 3971 3970
3 3896 3897 3971
3 3897 3972 3971
3 3897 3898 3972
3 3898 3973 3972
3 3898 3899 3973
3 3899 3974 3973
3 3899 3900 3974
3 3900 3975 3974
3 3900 3901 3975
3 3901 3976 3975
3 3901 3902 3976
3 3902 3977 3976
3 3902 3903 3977
3 3903 3978 3977
3 3903 3904 3978
3 3904 3979 3978
3 3904 3905 3979
3 3905 3980 3979
3 3905 3906 3980
3 3906 3981 3980
3 3906 3907 3981
3 3907 3982 3981
3 3907 3908 3982
3 3908 3983 3982
3 3908 3909 3983
3 3909 3984 3983
3 3909 3910 3984
3 3910 3985 3984
3 3910 3911 3985
3 3911 3986 3985
3 3911 3912 3986
3 3912 3987 3986
3 3912 3913 3987
3 3913 3988 3987
3 3913 3914 3988
3 3914 3989 3988
3 3914 3915 3989
3 3915 3990 3989
3 3915 3916 3990
3 3916 3991 3990
3 3916 3917 3991
3 3917 3992 3991
3 3917 3918 3992
3 3918 3993 3992
3 3918 3919 3993
3 3919 3994 3993
3 3919 3920 3994
3 3920 3995 3994
3 3920 3921 3995
3 3921 3996 3995
3 3921 3922 3996
3 3922 3997 3996
3 3922 3923 3997
3 3923 3998 3997
3 3923 3924 3998
3 3924 3999 3998
3 3924 3925 3999
3 3925 4000 3999
3 3925 3926 4000
3 3926 4001 4000
3 3926 3927 4001
3 3927 4002 4001
3 3927 3928 4002
3 3928 4003 4002
3 3928 3929 4003
3 3929 4004 4003
3 3929 3930 4004
3 3930 4005 4004
3 3930 3931 4005
3 3931 4006 4005
3 3931 3932 4006
3 3932 4007 4006
3 3932 3933 4007
3 3933 4008 4007
3 3933 3934 4008
3 3934 4009 4008
3 3934 3935 4009
3 3935 4010 4009
3 3935 3936 4010
3 3936 4011 4010
3 3936 3937 4011
3 3937 4012 4011
3 3937 3938 4012
3 3938 4013 4012
3 3938 3939 4013
3 3939 4014 4013
3 3939 3940 4014
3 3940 4015 4014
3 3940 3941 4015
3 3941 4016 4015
3 3941 3942 4016
3 3942 4017 4016
3 3942 3943 4017
3 3943 4018 4017
3 3943 3944 4018
3 3944 4019 4018
3 3944 3945 4019
3 3945 4020 4019
3 3945 3946 4020
3 3946 4021 4020
3 3946 3947 4021
3 3947 4022 4021
3 3947 3948 4022
3 3948 4023 4022
3 3948 3949 4023
3 3949 4024 4023
3 3949 3950 4024
3 3950 4025 4024
3 3950 3951 4025
3 3951 4026 4025
3 3951 3952 4026
3 3952 4027 4026
3 3952 3953 4027
3 3953 4028 4027
3 3953 3954 4028
3 3954 4029 4028
3 3954 3955 4029
3 3955 4030 4029
3 3955 3956 4030
3 3956 4031 4030
3 3956 3957 4031
3 3957 4032 4031
3 3957 3958 4032
3 3959 3960 4033
3 4033 3960 4034
3 3960 3961 4034
3 4034 3961 4035
3 3961 3962 4035
3 4035 3962 4036
3 3962 3963 4036
3 4036 3963 4037
3 3963 4038 4037
3 3963 3964 4038
3 3964 4039 4038
3 3964 3965 4039
3 3965 4040 4039
3 3965 3966 4040
3 3966 4041 4040
3 3966 3967 4041
3 3967 4042 4041
3 3967 3968 4042
3 3968 4043 4042
3 3968 3969 4043
3 3969 4044 4043
3 3969 3970 4044
3 3970 4045 4044
3 3970 3971 4045
3 3971 4046 4045
3 3971 3972 4046
3 3972 4047 4046
3 3972 3973 4047
3 3973 4048 4047
3 3973 3974 4048
3 3974 4049 4048
3 3974 3975 4049
3 3975 4050 4049
3 3975 3976 4050
3 3976 4051 4050
3 3976 3977 4051
3 3977 4052 4051
3 3977 3978 4052
3 3978 4053 4052
3 3978 3979 4053
3 3979 4054 4053
3 3979 3980 4054
3 3980 4055 4054
3 3980 3981 4055
3 3981 4056 4055
3 3981 3982 4056
3 3982 4057 4056
3 3982 3983 4057
3 3983 4058 4057
3 3983 3984 4058
3 3984 4059 4058
3 3984 3985 4059
3 3985 4060 4059
3 3985 3986 4060
3 3986 4061 4060
3 3986 3987 4061
3 3987 4062 4061
3 3987 3988 4062
3 3988 4063 4062
3 3988 3989 4063
3 3989 4064 4063
3 3989 3990 4064
3 3990 4065 4064
3 3990 3991 4065
3 3991 4066 4065
3 3991 3992 4066
3 3992 4067 4066
3 3992 3993 4067
3 3993 4068 4067
3 3993 3994 4068
3 3994 4069 4068
3 3994 3995 4069
3 3995 4070 4069
3 3995 3996 4070
3 3996 4071 4070
3 3996 3997 4071
3 3997 4072 4071
3 3997 3998 4072
3 3998 4073 4072
3 3998 3999 4073
3 3999 4074 4073
3 3999 4000 4074
3 4000 4075 4074
3 4000 4001 4075
3 4001 4076 4075
3 4001 4002 4076
3 4002 4077 4076
3 4002 4003 4077
3 4003 4078 4077
3 4003 4004 4078
3 4004 4079 4078
3 4004 4005 4079
3 4005 4080 4079
3 4005 4006 4080
3 4006 4081 4080
3 4006 4007 4081
3 4007 4082 4081
3 4007 4008 4082
3 4008 4083 4082
3 4008 4009 4083
3 4009 4084 4083
3 4009 4010 4084
3 4010 4085 4084
3 4010 4011 4085
3 4011 4086 4085
3 4011 4012 4086
3 4012 4087 4086
3 4012 4013 4087
3 4013 4088 4087
3 4013 4014 4088
3 4014 4089 4088
3 4014 4015 4089
3 4015 4090 4089
3 4015 4016 4090
3 4016 4091 4090
3 4016 4017 4091
3 4017 4092 4091
3 4017 4018 4092
3 4018 4093 4092
3 4018 4019 4093
3 4019 4094 4093
3 4019 4020 4094
3 4020 4095 4094
3 4020 4021 4095
3 4021 4096 4095
3 4021 4022 4096
3 4022 4097 4096
3 4022 4023 4097
3 4023 4098 4097
3 4023 4024 4098
3 4024 4099 4098
3 4024 4025 4099
3 4025 4100 4099
3 4025 4026 4100
3 4026 4101 4100
3 4026 4027 4101
3 4027 4102 4101
3 4027 4028 4102
3 4028 4103 4102
3 4028 4029 4103
3 4029 4104 4103
3 4029 4030 4104
3 4030 4105 4104
3 4030 4031 4105
3 4034 4035 4106
3 4106 4035 4107
3 4035 4036 4107
3 4107 4036 4108
3 4036 4037 4108
3 4108 4037 4109
3 4037 4110 4109
3 4037 4038 4110
3 4038 4111 4110
3 4038 4039 4111
3 4039 4112 4111
3 4039 4040 4112
3 4040 4113 4112
3 4040 4041 4113
3 4041 4114 4113
3 4041 4042 4114
3 4042 4115 4114
3 4042 4043 4115
3 4043 4116 4115
3 4043 4044 4116
3 4044 4117 4116
3 4044 4045 4117
3 4045 4118 4117
3 4045 4046 4118
3 4046 4119 4118
3 4046 4047 4119
3 4047 4120 4119
3 4047 4048 4120
3 4048 4121 4120
3 4048 4049 4121
3 4049 4122 4121
3 4049 4050 4122
3 4050 4123 4122
3 4050 4051 4123
3 4051 4124 4123
3 4051 4052 4124
3 4052 4125 4124
3 4052 4053 4125
3 4053 4126 4125
3 4053 4054 4126
3 4054 4127 4126
3 4054 4055 4127
3 4055 4128 4127
3 4055 4056 4128
3 4056 4129 4128
3 4056 4057 4129
3 4057 4130 4129
3 4057 4058 4130
3 4058 4131 4130
3 4058 4059 4131
3 4059 4132 4131
3 4059 4060 4132
3 4060 4133 4132
3 4060 4061 4133
3 4061 4134 4133
3 4061 4062 4134
3 4062 4135 4134
3 4062 4063 4135
3 4063 4136 4135
3 4063 4064 4136
3 4064 4137 4136
3 4064 4065 4137
3 4065 4138 4137
3 4065 4066 4138
3 4066 4139 4138
3 4066 4067 4139
3 4067 4140 4139
3 4067 4068 4140
3 4068 4141 4140
3 4068 4069 4141
3 4069 4142 4141
3 4069 4070 4142
3 4070 4143 4142
3 4070 4071 4143
3 4071 4144 4143
3 4071 4072 4144
3 4072 4145 4144
3 4072 4073 4145
3 4073 4146 4145
3 4073 4074 4146
3 4074 4147 4146
3 4074 4075 4147
3 4075 4148 4147
3 4075 4076 4148
3 4076 4149 4148
3 4076 4077 4149
3 4077 4150 4149
3 4077 4078 4150
3 4078 4151 4150
3 4078 4079 4151
3 4079 4152 4151
3 4079 4080 4152
3 4080 4153 4152
3 4080 4081 4153
3 4081 4154 4153
3 4081 4082 4154
3 4082 4155 4154
3 4082 4083 4155
3 4083 4156 4155
3 4083 4084 4156
3 4084 4157 4156
3 4084 4085 4157
3 4085 4158 4157
3 4085 4086 4158
3 4086 4159 4158
3 4086 4087 4159
3 4087 4160 4159
3 4087 4088 4160
3 4088 4161 4160
3 4088 4089 4161
3 4089 4162 4161
3 4089 4090 4162
3 4090 4163 4162
3 4090 4091 4163
3 4091 4164 4163
3 4091 4092 4164
3 4092 4165 4164
3 4092 4093 4165
3 4093 4166 4165
3 4093 4094 4166
3 4094 4167 4166
3 4094 4095 4167
3 4095 4168 4167
3 4095 4096 4168
3 4096 4169 4168
3 4096 4097 4169
3 4097 4170 4169
3 4097 4098 4170
3 4098 4171 4170
3 4098 4099 4171
3 4099 4172 4171
3 4099 4100 4172
3 4100 4173 4172
3 4100 4101 4173
3 4101 4174 4173
3 4101 4102 4174
3 4106 4107 4175
3 4175 4107 4176
3 4107 4108 4176
3 4176 4108 4177
3 4108 4109 4177
3 4177 4109 4178
3 4109 4179 4178
3 4109 4110 4179
3 4110 4180 4179
3 4110 4111 4180
3 4111 4181 4180
3 4111 4112 4181
3 4112 4182 4181
3 4112 4113 4182
3 4113 4183 4182
3 4113 4114 4183
3 4114 4184 4183
3 4114 4115 4184
3 4115 4185 4184
3 4115 4116 4185
3 4116 4186 4185
3 4116 4117 4186
3 4117 4187 4186
3 4117 4118 4187
3 4118 4188 4187
3 4118 4119 4188
3 4119 4189 4188
3 4119 4120 4189
3 4120 4190 4189
3 4120 4121 4190
3 4121 4191 4190
3 4121 4122 4191
3 4122 4192 4191
3 4122 4123 4192
3 4123 4193 4192
3 4123 4124 4193
3 4124 4194 4193
3 4124 4125 4194
3 4125 4195 4194
3 4125 4126 4195
3 4126 4196 4195
3 4126 4127 4196
3 4127 4197 4196
3 4127 4128 4197
3 4128 4198 4197
3 4128 4129 4198
3 4129 4199 4198
3 4129 4130 4199
3 4130 4200 4199
3 4130 4131 4200
3 4131 4201 4200
3 4131 4132 4201
3 4132 4202 4201
3 4132 4133 4202
3 4133 4203 4202
3 4133 4134 4203
3 4134 4204 4203
3 4134 4135 4204
3 4135 4205 4204
3 4135 4136 4205
3 4136 4206 4205
3 4136 4137 4206
3 4137 4207 4206
3 4137 4138 4207
3 4138 4208 4207
3 4138 4139 4208
3 4139 4209 4208
3 4139 4140 4209
3 4140 4210 4209
3 4140 4141 4210
3 4141 4211 4210
3 4141 4142 4211
3 4142 4212 4211
3 4142 4143 4212
3 4143 4213 4212
3 4143 4144 4213
3 4144 4214 4213
3 4144 4145 4214
3 4145 4215 4214
3 4145 4146 4215
3 4146 4216 4215
3 4146 4147 4216
3 4147 4217 4216
3 4147 4148 4217
3 4148 4218 4217
3 4148 4149 4218
3 4149 4219 4218
3 4149 4150 4219
3 4150 4220 4219
3 4150 4151 4220
3 4151 4221 4220
3 4151 4152 4221
3 4152 4222 4221
3 4152 4153 4222
3 4153 4223 4222
3 4153 4154 4223
3 4154 4224 4223
3 4154 4155 4224
3 4155 4225 4224
3 4155 4156 4225
3 4156 4226 4225
3 4156 4157 4226
3 4157 4227 4226
3 4157 4158 4227
3 4158 4228 4227
3 4158 4159 4228
3 4159 4229 4228
3 4159 4160 4229
3 4160 4230 4229
3 4160 4161 4230
3 4161 4231 4230
3 4161 4162 4231
3 4162 4232 4231
3 4162 4163 4232
3 4163 4233 4232
3 4163 4164 4233
3 4164 4234 4233
3 4164 4165 4234
3 4165 4235 4234
3 4165 4166 4235
3 4166 4236 4235
3 4166 4167 4236
3 4167 4237 4236
3 4167 4168 4237
3 4168 4238 4237
3 4168 4169 4238
3 4169 4239 4238
3 4169 4170 4239
3 4176 4177 4240
3 4240 4177 4241
3 4177 4242 4241
3 4177 4178 4242
3 4178 4243 4242
3 4178 4179 4243
3 4179 4244 4243
3 4179 4180 4244
3 4180 4245 4244
3 4180 4181 4245
3 4181 4246 4245
3 4181 4182 4246
3 4182 4247 4246
3 4182 4183 4247
3 4183 4248 4247
3 4183 4184 4248
3 4184 4249 4248
3 4184 4185 4249
3 4185 4250 4249
3 4185 4186 4250
3 4186 4251 4250
3 4186 4187 4251
3 4187 4252 4251
3 4187 4188 4252
3 4188 4253 4252
3 4188 4189 4253
3 4189 4254 4253
3 4189 4190 4254
3 4190 4255 4254
3 4190 4191 4255
3 4191 4256 4255
3 4191 4192 4256
3 4192 4257 4256
3 4192 4193 4257
3 4193 4258 4257
3 4193 4194 4258
3 4194 4259 4258
3 4194 4195 4259
3 4195 4260 4259
3 4195 4196 4260
3 4196 4261 4260
3 4196 4197 4261
3 4197 4262 4261
3 4197 4198 4262
3 4198 4263 4262
3 4198 4199 4263
3 4199 4264 4263
3 4199 4200 4264
3 4200 4265 4264
3 4200 4201 4265
3 4201 4266 4265
3 4201 4202 4266
3 4202 4267 4266
3 4202 4203 4267
3 4203 4268 4267
3 4203 4204 4268
3 4204 4269 4268
3 4204 4205 4269
3 4205 4270 4269
3 4205 4206 4270
3 4206 4271 4270
3 4206 4207 4271
3 4207 4272 4271
3 4207 4208 4272
3 4208 4273 4272
3 4208 4209 4273
3 4209 4274 4273
3 4209 4210 4274
3 4210 4275 4274
3 4210 4211 4275
3 4211 4276 4275
3 4211 4212 4276
3 4212 4277 4276
3 4212 4213 4277
3 4213 4278 4277
3 4213 4214 4278
3 4214 4279 4278
3 4214 4215 4279
3 4215 4280 4279
3 4215 4216 4280
3 4216 4281 4280
3 4216 4217 4281
3 4217 4282 4281
3 4217 4218 4282
3 4218 4283 4282
3 4218 4219 4283
3 4219 4284 4283
3 4219 4220 4284
3 4220 4285 4284
3 4220 4221 4285
3 4221 4286 4285
3 4221 4222 4286
3 4222 4287 4286
3 4222 4223 4287
3 4223 4288 4287
3 4223 4224 4288
3 4224 4289 4288
3 4224 4225 4289
3 4225 4290 4289
3 4225 4226 4290
3 4226 4291 4290
3 4226 4227 4291
3 4227 4292 4291
3 4227 4228 4292
3 4228 4293 4292
3 4228 4229 4293
3 4229 4294 4293
3 4229 4230 4294
3 4230 4295 4294
3 4230 4231 4295
3 4231 4296 4295
3 4231 4232 4296
3 4232 4297 4296
3 4232 4233 4297
3 4233 4298 4297
3 4233 4234 4298
3 4234 4299 4298
3 4234 4235 4299
3 4235 4300 4299
3 4235 4236 4300
3 4240 4241 4301
3 4301 4241 4302
3 4241 4303 4302
3 4241 4242 4303
3 4242 4304 4303
3 4242 4243 4304
3 4243 4305 4304
3 4243 4244 4305
3 4244 4306 4305
3 4244 4245 4306
3 4245 4307 4306
3 4245 4246 4307
3 4246 4308 4307
3 4246 4247 4308
3 4247 4309 4308
3 4247 4248 4309
3 4248 4310 4309
3 4248 4249 4310
3 4249 4311 4310
3 4249 4250 4311
3 4250 4312 4311
3 4250 4251 4312
3 4251 4313 4312
3 4251 4252 4313
3 4252 4314 4313
3 4252 4253 4314
3 4253 4315 4314
3 4253 4254 4315
3 4254 4316 4315
3 4254 4255 4316
3 4255 4317 4316
3 4255 4256 4317
3 4256 4318 4317
3 4256 4257 4318
3 4257 4319 4318
3 4257 4258 4319
3 4258 4320 4319
3 4258 4259 4320
3 4259 4321 4320
3 4259 4260 4321
3 4260 4322 4321
3 4260 4261 4322
3 4261 4323 4322
3 4261 4262 4323
3 4262 4324 4323
3 4262 4263 4324
3 4263 4325 4324
3 4263 4264 4325
3 4264 4326 4325
3 4264 4265 4326
3 4265 4327 4326
3 4265 4266 4327
3 4266 4328 4327
3 4266 4267 4328
3 4267 4329 4328
3 4267 4268 4329
3 4268 4330 4329
3 4268 4269 4330
3 4269 4331 4330
3 4269 4270 4331
3 4270 4332 4331
3 4270 4271 4332
3 4271 4333 4332
3 4271 4272 4333
3 4272 4334 4333
3 4272 4273 4334
3 4273 4335 4334
3 4273 4274 4335
3 4274 4336 4335
3 4274 4275 4336
3 4275 4337 4336
3 4275 4276 4337
3 4276 4338 4337
3 4276 4277 4338
3 4277 4339 4338
3 4277 4278 4339
3 4278 4340 4339
3 4278 4279 4340
3 4279 4341 4340
3 4279 4280 4341
3 4280 4342 4341
3 4280 4281 4342
3 4281 4343 4342
3 4281 4282 4343
3 4282 4344 4343
3 4282 4283 4344
3 4283 4345 4344
3 4283 4284 4345
3 4284 4346 4345
3 4284 4285 4346
3 4285 4347 4346
3 4285 4286 4347
3 4286 4348 4347
3 4286 4287 4348
3 4287 4349 4348
3 4287 4288 4349
3 4288 4350 4349
3 4288 4289 4350
3 4289 4351 4350
3 4289 4290 4351
3 4290 4352 4351
3 4290 4291 4352
3 4291 4353 4352
3 4291 4292 4353
3 4292 4354 4353
3 4292 4293 4354
3 4293 4355 4354
3 4293 4294 4355
3 4294 4356 4355
3 4294 4295 4356
3 4295 4357 4356
3 4295 4296 4357
3 4302 4358 4359
3 4302 4303 4358
3 4303 4360 4358
3 4303 4304 4360
3 4304 4361 4360
3 4304 4305 4361
3 4305 4362 4361
3 4305 4306 4362
3 4306 4363 4362
3 4306 4307 4363
3 4307 4364 4363
3 4307 4308 4364
3 4308 4365 4364
3 4308 4309 4365
3 4309 4366 4365
3 4309 4310 4366
3 4310 4367 4366
3 4310 4311 4367
3 4311 4368 4367
3 4311 4312 4368
3 4312 4369 4368
3 4312 4313 4369
3 4313 4370 4369
3 4313 4314 4370
3 4314 4371 4370
3 4314 4315 4371
3 4315 4372 4371
3 4315 4316 4372
3 4316 4373 4372
3 4316 4317 4373
3 4317 4374 4373
3 4317 4318 4374
3 4318 4375 4374
3 4318 4319 4375
3 4319 4376 4375
3 4319 4320 4376
3 4320 4377 4376
3 4320 4321 4377
3 4321 4378 4377
3 4321 4322 4378
3 4322 4379 4378
3 4322 4323 4379
3 4323 4380 4379
3 4323 4324 4380
3 4324 4381 4380
3 4324 4325 4381
3 4325 4382 4381
3 4325 4326 4382
3 4326 4383 4382
3 4326 4327 4383
3 4327 4384 4383
3 4327 4328 4384
3 4328 4385 4384
3 4328 4329 4385
3 4329 4386 4385
3 4329 4330 4386
3 4330 4387 4386
3 4330 4331 4387
3 4331 4388 4387
3 4331 4332 4388
3 4332 4389 4388
3 4332 4333 4389
3 4333 4390 4389
3 4333 4334 4390
3 4334 4391 4390
3 4334 4335 4391
3 4335 4392 4391
3 4335 4336 4392
3 4336 4393 4392
3 4336 4337 4393
3 4337 4394 4393
3 4337 4338 4394
3 4338 4395 4394
3 4338 4339 4395
3 4339 4396 4395
3 4339 4340 4396
3 4340 4397 4396
3 4340 4341 4397
3 4341 4398 4397
3 4341 4342 4398
3 4342 4399 4398
3 4342 4343 4399
3 4343 4400 4399
3 4343 4344 4400
3 4344 4401 4400
3 4344 4345 4401
3 4345 4402 4401
3 4345 4346 4402
3 4346 4403 4402
3 4346 4347 4403
3 4347 4404 4403
3 4347 4348 4404
3 4348 4405 4404
3 4348 4349 4405
3 4349 4406 4405
3 4349 4350 4406
3 4350 4407 4406
3 4350 4351 4407
3 4351 4408 4407
3 4351 4352 4408
3 4352 4409 4408
3 4352 4353 4409
3 4359 4410 4411
3 4359 4358 4410
3 4358 4412 4410
3 4358 4360 4412
3 4360 4413 4412
3 4360 4361 4413
3 4361 4414 4413
3 4361 4362 4414
3 4362 4415 4414
3 4362 4363 4415
3 4363 4416 4415
3 4363 4364 4416
3 4364 4417 4416
3 4364 4365 4417
3 4365 4418 4417
3 4365 4366 4418
3 4366 4419 4418
3 4366 4367 4419
3 4367 4420 4419
3 4367 4368 4420
3 4368 4421 4420
3 4368 4369 4421
3 4369 4422 4421
3 4369 4370 4422
3 4370 4423 4422
3 4370 4371 4423
3 4371 4424 4423
3 4371 4372 4424
3 4372 4425 4424
3 4372 4373 4425
3 4373 4426 4425
3 4373 4374 4426
3 4374 4427 4426
3 4374 4375 4427
3 4375 4428 4427
3 4375 4376 4428
3 4376 4429 4428
3 4376 4377 4429
3 4377 4430 4429
3 4377 4378 4430
3 4378 4431 4430
3 4378 4379 4431
3 4379 4432 4431
3 4379 4380 4432
3 4380 4433 4432
3 4380 4381 4433
3 4381 4434 4433
3 4381 4382 4434
3 4382 4435 4434
3 4382 4383 4435
3 4383 4436 4435
3 4383 4384 4436
3 4384 4437 4436
3 4384 4385 4437
3 4385 4438 4437
3 4385 4386 4438
3 4386 4439 4438
3 4386 4387 4439
3 4387 4440 4439
3 4387 4388 4440
3 4388 4441 4440
3 4388 4389 4441
3 4389 4442 4441
3 4389 4390 4442
3 4390 4443 4442
3 4390 4391 4443
3 4391 4444 4443
3 4391 4392 4444
3 4392 4445 4444
3 4392 4393 4445
3 4393 4446 4445
3 4393 4394 4446
3 4394 4447 4446
3 4394 4395 4447
3 4395 4448 4447
3 4395 4396 4448
3 4396 4449 4448
3 4396 4397 4449
3 4397 4450 4449
3 4397 4398 4450
3 4398 4451 4450
3 4398 4399 4451
3 4399 4452 4451
3 4399 4400 4452
3 4400 4453 4452
3 4400 4401 4453
3 4401 4454 4453
3 4401 4402 4454
3 4402 4455 4454
3 4402 4403 4455
3 4403 4456 4455
3 4403 4404 4456
3 4404 4457 4456
3 4404 4405 4457
3 4411 4410 4458
3 4410 4459 4458
3 4410 4412 4459
3 4412 4460 4459
3 4412 4413 4460
3 4413 4461 4460
3 4413 4414 4461
3 4414 4462 4461
3 4414 4415 4462
3 4415 4463 4462
3 4415 4416 4463
3 4416 4464 4463
3 4416 4417 4464
3 4417 4465 4464
3 4417 4418 4465
3 4418 4466 4465
3 4418 4419 4466
3 4419 4467 4466
3 4419 4420 4467
3 4420 4468 4467
3 4420 4421 4468
3 4421 4469 4468
3 4421 4422 4469
3 4422 4470 4469
3 4422 4423 4470
3 4423 4471 4470
3 4423 4424 4471
3 4424 4472 4471
3 4424 4425 4472
3 4425 4473 4472
3 4425 4426 4473
3 4426 4474 4473
3 4426 4427 4474
3 4427 4475 4474
3 4427 4428 4475
3 4428 4476 4475
3 4428 4429 4476
3 4429 4477 4476
3 4429 4430 4477
3 4430 4478 4477
3 4430 4431 4478
3 4431 4479 4478
3 4431 4432 4479
3 4432 4480 4479
3 4432 4433 4480
3 4433 4481 4480
3 4433 4434 4481
3 4434 4482 4481
3 4434 4435 4482
3 4435 4483 4482
3 4435 4436 4483
3 4436 4484 4483
3 4436 4437 4484
3 4437 4485 4484
3 4437 4438 4485
3 4438 4486 4485
3 4438 4439 4486
3 4439 4487 4486
3 4439 4440 4487
3 4440 4488 4487
3 4440 4441 4488
3 4441 4489 4488
3 4441 4442 4489
3 4442 4490 4489
3 4442 4443 4490
3 4443 4491 4490
3 4443 4444 4491
3 4444 4492 4491
3 4444 4445 4492
3 4445 4493 4492
3 4445 4446 4493
3 4446 4494 4493
3 4446 4447 4494
3 4447 4495 4494
3 4447 4448 4495
3 4448 4496 4495
3 4448 4449 4496
3 4449 4497 4496
3 4449 4450 4497
3 4450 4498 4497
3 4450 4451 4498
3 4451 4499 4498
3 4451 4452 4499
3 4452 4500 4499
3 4452 4453 4500
3 4458 4501 4502
3 4458 4459 4501
3 4459 4503 4501
3 4459 4460 4503
3 4460 4504 4503
3 4460 4461 4504
3 4461 4505 4504
3 4461 4462 4505
3 4462 4506 4505
3 4462 4463 4506
3 4463 4507 4506
3 4463 4464 4507
3 4464 4508 4507
3 4464 4465 4508
3 4465 4509 4508
3 4465 4466 4509
3 4466 4510 4509
3 4466 4467 4510
3 4467 4511 4510
3 4467 4468 4511
3 4468 4512 4511
3 4468 4469 4512
3 4469 4513 4512
3 4469 4470 4513
3 4470 4514 4513
3 4470 4471 4514
3 4471 4515 4514
3 4471 4472 4515
3 4472 4516 4515
3 4472 4473 4516
3 4473 4517 4516
3 4473 4474 4517
3 4474 4518 4517
3 4474 4475 4518
3 4475 4519 4518
3 4475 4476 4519
3 4476 4520 4519
3 4476 4477 4520
3 4477 4521 4520
3 4477 4478 4521
3 4478 4522 4521
3 4478 4479 4522
3 4479 4523 4522
3 4479 4480 4523
3 4480 4524 4523
3 4480 4481 4524
3 4481 4525 4524
3 4481 4482 4525
3 4482 4526 4525
3 4482 4483 4526
3 4483 4527 4526
3 4483 4484 4527
3 4484 4528 4527
3 4484 4485 4528
3 4485 4529 4528
3 4485 4486 4529
3 4486 4530 4529
3 4486 4487 4530
3 4487 4531 4530
3 4487 4488 4531
3 4488 4532 4531
3 4488 4489 4532
3 4489 4533 4532
3 4489 4490 4533
3 4490 4534 4533
3 4490 4491 4534
3 4491 4535 4534
3 4491 4492 4535
3 4492 4536 4535
3 4492 4493 4536
3 4493 4537 4536
3 4493 4494 4537
3 4494 4538 4537
3 4494 4495 4538
3 4495 4539 4538
3 4495 4496 4539
3 4502 4501 4540
3 4501 4541 4540
3 4501 4503 4541
3 4503 4542 4541
3 4503 4504 4542
3 4504 4543 4542
3 4504 4505 4543
3 4505 4544 4543
3 4505 4506 4544
3 4506 4545 4544
3 4506 4507 4545
3 4507 4546 4545
3 4507 4508 4546
3 4508 4547 4546
3 4508 4509 4547
3 4509 4548 4547
3 4509 4510 4548
3 4510 4549 4548
3 4510 4511 4549
3 4511 4550 4549
3 4511 4512 4550
3 4512 4551 4550
3 4512 4513 4551
3 4513 4552 4551
3 4513 4514 4552
3 4514 4553 4552
3 4514 4515 4553
3 4515 4554 4553
3 4515 4516 4554
3 4516 4555 4554
3 4516 4517 4555
3 4517 4556 4555
3 4517 4518 4556
3 4518 4557 4556
3 4518 4519 4557
3 4519 4558 4557
3 4519 4520 4558
3 4520 4559 4558
3 4520 4521 4559
3 4521 4560 4559
3 4521 4522 4560
3 4522 4561 4560
3 4522 4523 4561
3 4523 4562 4561
3 4523 4524 4562
3 4524 4563 4562
3 4524 4525 4563
3 4525 4564 4563
3 4525 4526 4564
3 4526 4565 4564
3 4526 4527 4565
3 4527 4566 4565
3 4527 4528 4566
3 4528 4567 4566
3 4528 4529 4567
3 4529 4568 4567
3 4529 4530 4568
3 4530 4569 4568
3 4530 4531 4569
3 4531 4570 4569
3 4531 4532 4570
3 4532 4571 4570
3 4532 4533 4571
3 4533 4572 4571
3 4533 4534 4572
3 4534 4573 4572
3 4534 4535 4573
3 4535 4574 4573
3 4535 4536 4574
3 4540 4575 4576
3 4540 4541 4575
3 4541 4577 4575
3 4541 4542 4577
3 4542 4578 4577
3 4542 4543 4578
3 4543 4579 4578
3 4543 4544 4579
3 4544 4580 4579
3 4544 4545 4580
3 4545 4581 4580
3 4545 4546 4581
3 4546 4582 4581
3 4546 4547 4582
3 4547 4583 4582
3 4547 4548 4583
3 4548 4584 4583
3 4548 4549 4584
3 4549 4585 4584
3 4549 4550 4585
3 4550 4586 4585
3 4550 4551 4586
3 4551 4587 4586
3 4551 4552 4587
3 4552 4588 4587
3 4552 4553 4588
3 4553 4589 4588
3 4553 4554 4589
3 4554 4590 4589
3 4554 4555 4590
3 4555 4591 4590
3 4555 4556 4591
3 4556 4592 4591
3 4556 4557 4592
3 4557 4593 4592
3 4557 4558 4593
3 4558 4594 4593
3 4558 4559 4594
3 4559 4595 4594
3 4559 4560 4595
3 4560 4596 4595
3 4560 4561 4596
3 4561 4597 4596
3 4561 4562 4597
3 4562 4598 4597
3 4562 4563 4598
3 4563 4599 4598
3 4563 4564 4599
3 4564 4600 4599
3 4564 4565 4600
3 4565 4601 4600
3 4565 4566 4601
3 4566 4602 4601
3 4566 4567 4602
3 4567 4603 4602
3 4567 4568 4603
3 4568 4604 4603
3 4568 4569 4604
3 4569 4605 4604
3 4569 4570 4605
3 4576 4575 4606
3 4575 4607 4606
3 4575 4577 4607
3 4577 4608 4607
3 4577 4578 4608
3 4578 4609 4608
3 4578 4579 4609
3 4579 4610 4609
3 4579 4580 4610
3 4580 4611 4610
3 4580 4581 4611
3 4581 4612 4611
3 4581 4582 4612
3 4582 4613 4612
3 4582 4583 4613
3 4583 4614 4613
3 4583 4584 4614
3 4584 4615 4614
3 4584 4585 4615
3 4585 4616 4615
3 4585 4586 4616
3 4586 4617 4616
3 4586 4587 4617
3 4587 4618 4617
3 4587 4588 4618
3 4588 4619 4618
3 4588 4589 4619
3 4589 4620 4619
3 4589 4590 4620
3 4590 4621 4620
3 4590 4591 4621
3 4591 4622 4621
3 4591 4592 4622
3 4592 4623 4622
3 4592 4593 4623
3 4593 4624 4623
3 4593 4594 4624
3 4594 4625 4624
3 4594 4595 4625
3 4595 4626 4625
3 4595 4596 4626
3 4596 4627 4626
3 4596 4597 4627
3 4597 4628 4627
3 4597 4598 4628
3 4598 4629 4628
3 4598 4599 4629
3 4599 4630 4629
3 4599 4600 4630
3 4600 4631 4630
3 4600 4601 4631
3 4601 4632 4631
3 4601 4602 4632
3 4606 4633 4634
3 4606 4607 4633
3 4607 4635 4633
3 4607 4608 4635
3 4608 4636 4635
3 4608 4609 4636
3 4609 4637 4636
3 4609 4610 4637
3 4610 4638 4637
3 4610 4611 4638
3 4611 4639 4638
3 4611 4612 4639
3 4612 4640 4639
3 4612 4613 4640
3 4613 4641 4640
3 4613 4614 4641
3 4614 4642 4641
3 4614 4615 4642
3 4615 4643 4642
3 4615 4616 4643
3 4616 4644 4643
3 4616 4617 4644
3 4617 4645 4644
3 4617 4618 4645
3 4618 4646 4645
3 4618 4619 4646
3 4619 4647 4646
3 4619 4620 4647
3 4620 4648 4647
3 4620 4621 4648
3 4621 4649 4648
3 4621 4622 4649
3 4622 4650 4649
3 4622 4623 4650
3 4623 4651 4650
3 4623 4624 4651
3 4624 4652 4651
3 4624 4625 4652
3 4625 4653 4652
3 4625 4626 4653
3 4626 4654 4653
3 4626 4627 4654
3 4627 4655 4654
3 4627 4628 4655
3 4628 4656 4655
3 4628 4629 4656
3 4634 4633 4657
3 4633 4658 4657
3 4633 4635 4658
3 4635 4659 4658
3 4635 4636 4659
3 4636 4660 4659
3 4636 4637 4660
3 4637 4661 4660
3 4637 4638 4661
3 4638 4662 4661
3 4638 4639 4662
3 4639 4663 4662
3 4639 4640 4663
3 4640 4664 4663
3 4640 4641 4664
3 4641 4665 4664
3 4641 4642 4665
3 4642 4666 4665
3 4642 4643 4666
3 4643 4667 4666
3 4643 4644 4667
3 4644 4668 4667
3 4644 4645 4668
3 4645 4669 4668
3 4645 4646 4669
3 4646 4670 4669
3 4646 4647 4670
3 4647 4671 4670
3 4647 4648 4671
3 4648 4672 4671
3 4648 4649 4672
3 4649 4673 4672
3 4649 4650 4673
3 4650 4674 4673
3 4650 4651 4674
3 4651 4675 4674
3 4651 4652 4675
3 4652 4676 4675
3 4652 4653 4676
3 4657 4677 4678
3 4657 4658 4677
3 4658 4679 4677
3 4658 4659 4679
3 4659 4680 4679
3 4659 4660 4680
3 4660 4681 4680
3 4660 4661 4681
3 4661 4682 4681
3 4661 4662 4682
3 4662 4683 4682
3 4662 4663 4683
3 4663 4684 4683
3 4663 4664 4684
3 4664 4685 4684
3 4664 4665 4685
3 4665 4686 4685
3 4665 4666 4686
3 4666 4687 4686
3 4666 4667 4687
3 4667 4688 4687
3 4667 4668 4688
3 4668 4689 4688
3 4668 4669 4689
3 4669 4690 4689
3 4669 4670 4690
3 4670 4691 4690
3 4670 4671 4691
3 4671 4692 4691
3 4671 4672 4692
3 4672 4693 4692
3 4672 4673 4693
3 4678 4677 4694
3 4677 4695 4694
3 4677 4679 4695
3 4679 4696 4695
3 4679 4680 4696
3 4680 4697 4696
3 4680 4681 4697
3 4681 4698 4697
3 4681 4682 4698
3 4682 4699 4698
3 4682 4683 4699
3 4683 4700 4699
3 4683 4684 4700
3 4684 4701 4700
3 4684 4685 4701
3 4685 4702 4701
3 4685 4686 4702
3 4686 4703 4702
3 4686 4687 4703
3 4687 4704 4703
3 4687 4688 4704
3 4688 4705 4704
3 4688 4689 4705
3 4694 4706 4707
3 4694 4695 4706
3 4695 4708 4706
3 4695 4696 4708
3 4696 4709 4708
3 4696 4697 4709
3 4697 4710 4709
3 4697 4698 4710
3 4698 4711 4710
3 4698 4699 4711
3 4699 4712 4711
3 4699 4700 4712
3 4700 4713 4712
3 4700 4701 4713
3 4701 4714 4713
3 4701 4702 4714
3 4707 4706 4715
3 4706 4716 4715
3 4706 4708 4716
3 4708 4717 4716
3 4708 4709 4717
3 4709 4718 4717
3 4709 4710 4718
3 4710 4719 4718
3 4710 4711 4719
3 4711 4720 4719
3 4711 4712 4720
3 4715 4721 4722
3 4715 4716 4721
3 4716 4723 4721
3 4716 4717 4723

CELL_DATA 9153
SCALARS longitude float 1
LOOKUP_TABLE default
17.61709976196289
18.38170051574707
18.094200134277344
18.832500457763672
18.543100357055664
13.995200157165527
14.865599632263184
14.63860034942627
15.474699974060059
15.243499755859375
16.048599243164062
15.807299613952637
16.579999923706055
16.33609962463379
17.085599899291992
16.837099075317383
17.55620002746582
9.611149787902832
10.611300468444824
10.484299659729004
11.43910026550293
11.293499946594238
12.208800315856934
12.048100471496582
12.925100326538086
12.751299858093262
13.594499588012695
13.406900405883789
14.219799995422363
14.024399757385254
14.80679988861084
14.600000381469727
15.356599807739258
15.14680004119873
15.877900123596191
5.431680202484131
6.526050090789795
6.521749973297119
7.568039894104004
7.529270172119141
8.527359962463379
8.462699890136719
9.4202299118042
9.333000183105469
10.251999855041504
10.142499923706055
11.023799896240234
10.895700454711914
11.746500015258789
11.604599952697754
12.42199993133545
12.266799926757812
13.056500434875488
12.892499923706055
13.653800010681152
13.481200218200684
14.21780014038086
14.037400245666504
359.2449951171875
0.5014389753341675
0.7053430080413818
1.9010800123214722
2.050640106201172
3.1933400630950928
3.2957799434661865
4.385039806365967
4.4433698654174805
5.4868597984313965
5.510680198669434
6.50786018371582
6.498559951782227
7.456029891967773
7.421329975128174
8.341429710388184
8.281490325927734
9.164199829101562
9.082770347595215
9.933460235595703
9.838290214538574
10.659000396728516
10.547300338745117
11.337900161743164
11.214300155639648
11.979399681091309
11.845100402832031
12.585700035095215
12.442000389099121
13.157299995422363
351.6719970703125
353.0989990234375
353.6109924316406
354.97100830078125
355.3919982910156
356.6889953613281
357.0329895019531
358.2699890136719
358.5450134277344
359.72601318359375
359.9429931640625
1.0738600492477417
1.2374000549316406
2.3183300495147705
2.4350199699401855
3.472130060195923
3.5480899810791016
4.544280052185059
4.587520122528076
5.545440196990967
5.560050010681152
6.479179859161377
6.466259956359863
7.349160194396973
7.311820030212402
8.163189888000488
8.107049942016602
8.93181037902832
8.85951042175293
9.654569625854492
9.565690040588379
10.335000038146973
10.236000061035156
10.981200218200684
10.868599891662598
11.58899974822998
340.9549865722656
343.343994140625
343.4320068359375
345.02899169921875
346.5450134277344
347.34698486328125
348.7969970703125
349.47698974609375
350.86199951171875
351.43499755859375
352.760986328125
353.24700927734375
354.5199890136719
354.9289855957031
356.1470031738281
356.4840087890625
357.6470031738281
357.9209899902344
359.0379943847656
359.260986328125
0.33044499158859253
0.5006870031356812
1.5258300304412842
1.65625
2.6426401138305664
2.7379300594329834
3.6876699924468994
3.7490200996398926
4.66441011428833
4.695950031280518
5.579370021820068
5.584310054779053
6.434450149536133
6.418220043182373
7.239910125732422
7.205520153045654
8.000800132751465
7.950409889221191
8.720540046691895
8.655659675598145
9.402059555053711
9.32433032989502
10.045999526977539
9.957300186157227
330.5
333.11700439453125
333.51800537109375
336.0329895019531
336.3389892578125
338.7460021972656
338.9620056152344
341.2619934082031
341.39898681640625
342.9750061035156
344.4320068359375
345.281005859375
346.6839904785156
347.4169921875
348.76300048828125
349.3900146484375
350.67999267578125
351.2179870605469
352.46099853515625
352.9259948730469
354.12298583984375
354.5150146484375
355.6610107421875
355.989990234375
357.0889892578125
357.36199951171875
358.4179992675781
358.6409912109375
359.6549987792969
359.8320007324219
0.8097149729728699
0.9502310156822205
1.8931100368499756
1.9978100061416626
2.904910087585449
2.9751200675964355
3.8515799045562744
3.8963398933410645
4.746250152587891
4.768270015716553
5.590579986572266
5.592350006103516
6.386030197143555
6.370059967041016
7.139530181884766
7.107500076293945
7.853809833526611
7.807740211486816
8.532159805297852
8.47327995300293
9.176950454711914
322.6449890136719
325.2510070800781
325.8999938964844
328.4429931640625
328.9849853515625
331.45098876953125
331.89300537109375
334.2720031738281
334.62298583984375
336.9100036621094
337.1809997558594
339.3739929199219
339.5740051269531
341.12701416015625
342.4989929199219
343.40301513671875
344.7330017089844
345.5249938964844
346.80999755859375
347.49798583984375
348.7349853515625
349.33599853515625
350.5320129394531
351.0530090332031
352.2070007324219
352.6570129394531
353.77099609375
354.15399169921875
355.22900390625
355.55499267578125
356.5899963378906
356.8630065917969
357.8580017089844
358.0880126953125
359.04901123046875
359.23699951171875
0.16189399361610413
0.3126339912414551
1.2069200277328491
1.3243299722671509
2.186429977416992
2.2767999172210693
3.1111600399017334
3.1798300743103027
3.9878900051116943
4.034599781036377
4.81751012802124
4.842030048370361
5.601500034332275
5.608650207519531
6.345749855041504
6.339409828186035
7.0555500984191895
7.037129878997803
7.730869770050049
311.6199951171875
314.0950012207031
315.0150146484375
317.5010070800781
318.3420104980469
320.8389892578125
321.5799865722656
324.03900146484375
324.6789855957031
327.0870056152344
327.635009765625
329.9800109863281
330.43798828125
332.7049865722656
333.0790100097656
335.2699890136719
335.5669860839844
337.67999267578125
337.90899658203125
339.4330139160156
340.75201416015625
341.6719970703125
342.9549865722656
343.77099609375
345.0140075683594
345.7340087890625
346.93499755859375
347.57000732421875
348.7359924316406
349.2929992675781
350.4169921875
350.9010009765625
351.989013671875
352.4100036621094
353.4630126953125
353.8280029296875
354.84698486328125
355.1619873046875
356.1440124511719
356.4119873046875
357.3609924316406
357.5870056152344
358.50201416015625
358.69000244140625
359.57598876953125
359.7309875488281
0.5866069793701172
0.7138299942016602
1.5425699949264526
1.6441899538040161
2.4477100372314453
2.523560047149658
3.30292010307312
3.3579699993133545
4.114610195159912
4.153409957885742
4.888350009918213
4.912380218505859
5.626669883728027
5.635129928588867
6.329750061035156
6.324100017547607
304.5570068359375
306.8489990234375
307.9100036621094
310.2239990234375
311.1940002441406
313.5159912109375
314.3909912109375
316.7340087890625
317.5459899902344
319.8999938964844
320.6199951171875
322.94500732421875
323.5740051269531
325.8609924316406
326.4100036621094
328.64599609375
329.1099853515625
331.27801513671875
331.66400146484375
333.7650146484375
334.0830078125
336.114990234375
336.3689880371094
337.864013671875
339.12701416015625
340.0660095214844
341.2959899902344
342.135986328125
343.33099365234375
344.0790100097656
345.2409973144531
345.906005859375
347.0369873046875
347.625
348.7179870605469
349.23199462890625
350.2929992675781
350.7449951171875
351.7760009765625
352.177001953125
353.1780090332031
353.52801513671875
354.4949951171875
354.7980041503906
355.7340087890625
355.9939880371094
356.89801025390625
357.1199951171875
357.9960021972656
358.18499755859375
359.0350036621094
359.1940002441406
0.01829870045185089
0.14816999435424805
0.9459429979324341
1.0517499446868896
1.826390027999878
1.9103599786758423
2.663059949874878
2.731920003890991
3.4659600257873535
3.516550064086914
4.228370189666748
4.26239013671875
4.955150127410889
4.976469993591309
5.651050090789795
294.85101318359375
296.8659973144531
298.0989990234375
300.1730041503906
301.33599853515625
303.4639892578125
304.5469970703125
306.7049865722656
307.7099914550781
309.8900146484375
310.81201171875
312.9960021972656
313.8349914550781
316.0459899902344
316.8269958496094
319.052001953125
319.75299072265625
321.9549865722656
322.5780029296875
324.75
325.2959899902344
327.4230041503906
327.88800048828125
329.9639892578125
330.3599853515625
332.3800048828125
332.7099914550781
334.66900634765625
334.93798828125
336.39801025390625
337.6159973144531
338.5589904785156
339.7489929199219
340.5989990234375
341.7590026855469
342.52099609375
343.64801025390625
344.3330078125
345.4309997558594
346.0419921875
347.10699462890625
347.64801025390625
348.6820068359375
349.1600036621094
350.16400146484375
350.59600830078125
351.5780029296875
351.9599914550781
352.9100036621094
353.2449951171875
354.1669921875
354.4580078125
355.3500061035156
355.6050109863281
356.47100830078125
356.69000244140625
357.52801513671875
357.7139892578125
358.531005859375
358.69000244140625
359.4830017089844
359.61700439453125
0.3884809911251068
0.502140998840332
1.2498699426651
1.3450599908828735
2.074810028076172
2.1531500816345215
2.8612799644470215
2.9200000762939453
3.6096599102020264
3.6546599864959717
4.328959941864014
4.361730098724365
289.2760009765625
291.05999755859375
292.32501220703125
294.1759948730469
295.39599609375
297.3059997558594
298.4599914550781
300.41900634765625
301.5159912109375
303.5199890136719
304.5450134277344
306.58099365234375
307.5400085449219
309.5950012207031
310.47198486328125
312.5320129394531
313.3320007324219
315.41900634765625
316.1709899902344
318.28399658203125
318.9670104980469
321.06201171875
321.6679992675781
323.7340087890625
324.2699890136719
326.3009948730469
326.76800537109375
328.7539978027344
329.1579895019531
331.09600830078125
331.43798828125
333.322998046875
333.6059875488281
335.0329895019531
336.2019958496094
337.1499938964844
338.2919921875
339.15301513671875
340.2720031738281
341.04901123046875
342.1409912109375
342.84100341796875
343.9079895019531
344.5369873046875
345.5740051269531
346.135986328125
347.1470031738281
347.64801025390625
348.6289978027344
349.0820007324219
350.0459899902344
350.45599365234375
351.3890075683594
351.7489929199219
352.656005859375
352.9750061035156
353.85699462890625
354.1369934082031
354.9949951171875
355.24200439453125
356.0719909667969
356.2829895019531
357.0880126953125
357.27398681640625
358.05999755859375
358.2229919433594
358.98699951171875
359.1260070800781
359.8710021972656
359.9909973144531
0.7177940011024475
0.8180059790611267
1.5240399837493896
1.6083199977874756
2.296459913253784
2.364000082015991
3.032860040664673
3.087280035018921
3.742110013961792
284.3110046386719
285.89801025390625
287.1789855957031
288.8349914550781
290.0790100097656
291.7850036621094
292.9809875488281
294.7430114746094
295.8900146484375
297.6990051269531
298.7869873046875
300.64801025390625
301.6860046386719
303.5830078125
304.5530090332031
306.47698974609375
307.3869934082031
309.3299865722656
310.1619873046875
312.1080017089844
312.8739929199219
314.85198974609375
315.5820007324219
317.5870056152344
318.24798583984375
320.23699951171875
320.83099365234375
322.8009948730469
323.33099365234375
325.2699890136719
325.7309875488281
327.635009765625
328.0360107421875
329.9020080566406
330.24700927734375
332.0679931640625
332.3580017089844
333.75299072265625
334.8810119628906
335.8280029296875
336.9309997558594
337.7929992675781
338.875
339.6629943847656
340.7200012207031
341.4339904785156
342.46600341796875
343.11199951171875
344.11700439453125
344.70001220703125
345.6820068359375
346.2049865722656
347.1610107421875
347.6369934082031
348.5780029296875
349.01300048828125
349.9280090332031
350.3169860839844
351.2049865722656
351.5480041503906
352.4119873046875
352.718994140625
353.5639953613281
353.8340148925781
354.656005859375
354.8949890136719
355.6929931640625
355.9010009765625
356.6780090332031
356.8659973144531
357.625
357.7879943847656
358.5260009765625
358.66900634765625
359.3909912109375
359.5159912109375
0.2167769968509674
0.3232240080833435
1.0090700387954712
1.1002800464630127
1.7674200534820557
1.8425999879837036
2.4938600063323975
279.9570007324219
281.3429870605469
282.6050109863281
284.06298828125
285.3059997558594
286.83599853515625
288.04901123046875
289.6369934082031
290.8139953613281
292.4519958496094
293.5799865722656
295.2569885253906
296.3389892578125
298.0610046386719
299.0920104980469
300.8580017089844
301.8389892578125
303.6390075683594
304.5570068359375
306.38299560546875
307.2460021972656
309.08599853515625
309.8800048828125
311.72601318359375
312.46099853515625
314.3399963378906
315.0419921875
316.9490051269531
317.5889892578125
319.4849853515625
320.06298828125
321.9419860839844
322.4570007324219
324.30999755859375
324.77099609375
326.5950012207031
327.00299072265625
328.7900085449219
329.14300537109375
330.89300537109375
331.1960144042969
332.5570068359375
333.6400146484375
334.5880126953125
335.6510009765625
336.51800537109375
337.5589904785156
338.35400390625
339.37701416015625
340.1059875488281
341.10699462890625
341.7669982910156
342.74200439453125
343.3389892578125
344.2929992675781
344.8340148925781
345.7640075683594
346.260986328125
347.1789855957031
347.635986328125
348.5299987792969
348.9410095214844
349.81298828125
350.1789855957031
351.0260009765625
351.35400390625
352.1830139160156
352.47698974609375
353.28399658203125
353.5469970703125
354.33599853515625
354.5679931640625
355.33599853515625
355.54400634765625
356.2969970703125
356.4830017089844
357.21600341796875
357.3810119628906
358.0979919433594
358.2449951171875
358.9419860839844
359.0690002441406
359.75
359.86199951171875
0.5263440012931824
0.6233800053596497
1.272760033607483
1.3563799858093262
276.1449890136719
277.3599853515625
278.5840148925781
279.8680114746094
281.0799865722656
282.42999267578125
283.62799072265625
285.0459899902344
286.2229919433594
287.697998046875
288.84698486328125
290.3760070800781
291.489990234375
293.0559997558594
294.1199951171875
295.72601318359375
296.74700927734375
298.3919982910156
299.3680114746094
301.04998779296875
301.9779968261719
303.68701171875
304.56201171875
306.2969970703125
307.1159973144531
308.86199951171875
309.62200927734375
311.37701416015625
312.0790100097656
313.86700439453125
314.54400634765625
316.36199951171875
316.97900390625
318.7869873046875
319.3500061035156
321.1440124511719
321.6510009765625
323.4280090332031
323.885986328125
325.6390075683594
326.03900146484375
327.75799560546875
328.114013671875
329.8030090332031
330.114013671875
331.43701171875
332.47698974609375
333.41900634765625
334.447998046875
335.3160095214844
336.3240051269531
337.12298583984375
338.1130065917969
338.8479919433594
339.8190002441406
340.4909973144531
341.4389953613281
342.04901123046875
342.97601318359375
343.52899169921875
344.4339904785156
344.94500732421875
345.8420104980469
346.31500244140625
347.1919860839844
347.6210021972656
348.47601318359375
348.8630065917969
349.69500732421875
350.0409851074219
350.8529968261719
351.1659851074219
351.9620056152344
352.2430114746094
353.0220031738281
353.2749938964844
354.0329895019531
354.2619934082031
355.0060119628906
355.21600341796875
355.94000244140625
356.1260070800781
356.83599853515625
357.0050048828125
357.697998046875
357.84698486328125
358.5220031738281
358.65301513671875
359.31201171875
359.42999267578125
0.07680120319128036
0.17868900299072266
0.8091859817504883
272.7980041503906
273.8800048828125
275.0740051269531
276.1889953613281
277.375
278.55499267578125
279.73199462890625
280.9729919433594
282.135986328125
283.44000244140625
284.5889892578125
285.9540100097656
287.0740051269531
288.4930114746094
289.5849914550781
291.0530090332031
292.1059875488281
293.6059875488281
294.6159973144531
296.1520080566406
297.1189880371094
298.6919860839844
299.614990234375
301.22100830078125
302.0979919433594
303.7309875488281
304.5589904785156
306.21099853515625
306.98199462890625
308.64898681640625
309.3710021972656
311.0480041503906
311.7149963378906
313.42401123046875
314.0710144042969
315.80999755859375
316.4049987792969
318.1390075683594
318.6839904785156
320.40399169921875
320.89801025390625
322.60400390625
323.0509948730469
324.7340087890625
325.1289978027344
326.7909851074219
327.1449890136719
328.77899169921875
329.0870056152344
330.37799072265625
331.3840026855469
332.3110046386719
333.3070068359375
334.1700134277344
335.1510009765625
335.947998046875
336.91400146484375
337.64898681640625
338.5950012207031
339.2699890136719
340.1969909667969
340.8139953613281
341.7200012207031
342.27899169921875
343.1619873046875
343.6839904785156
344.56201171875
345.0509948730469
345.9079895019531
346.3500061035156
347.18701171875
347.5889892578125
348.4100036621094
348.77099609375
349.5710144042969
349.8970031738281
350.6809997558594
350.97698974609375
351.7449951171875
352.0140075683594
352.7669982910156
353.01300048828125
353.7510070800781
353.97698974609375
354.697998046875
354.9010009765625
355.6050109863281
355.7909851074219
356.48199462890625
356.64898681640625
357.3219909667969
357.47100830078125
358.12701416015625
358.260986328125
358.90399169921875
359.02398681640625
359.6520080566406
267.6659851074219
268.5780029296875
269.7409973144531
270.71600341796875
271.8909912109375
272.9280090332031
274.1059875488281
275.16900634765625
276.31201171875
277.40301513671875
278.5360107421875
279.68499755859375
280.8080139160156
282.0169982910156
283.125
284.3919982910156
285.4800109863281
286.7969970703125
287.85699462890625
289.22601318359375
290.2619934082031
291.67401123046875
292.6730041503906
294.114990234375
295.0710144042969
296.5400085449219
297.4530029296875
298.9580078125
299.8330078125
301.3689880371094
302.197998046875
303.7560119628906
304.5409851074219
306.1159973144531
306.85101318359375
308.4410095214844
309.13299560546875
310.7330017089844
311.3739929199219
313.0050048828125
313.6319885253906
315.2950134277344
315.8689880371094
317.5260009765625
318.0539855957031
319.7080078125
320.18798828125
321.82598876953125
322.2619934082031
323.8840026855469
324.2760009765625
325.8760070800781
326.22900390625
327.8070068359375
328.1159973144531
329.3710021972656
330.3420104980469
331.2619934082031
332.2250061035156
333.0830078125
334.0320129394531
334.8290100097656
335.7659912109375
336.5039978027344
337.4230041503906
338.10198974609375
339.0050048828125
339.6289978027344
340.51300048828125
341.0799865722656
341.9410095214844
342.4750061035156
343.3349914550781
343.8380126953125
344.6759948730469
345.1310119628906
345.9490051269531
346.3630065917969
347.1659851074219
347.5419921875
348.3269958496094
348.6700134277344
349.44000244140625
349.7550048828125
350.50799560546875
350.79400634765625
351.5329895019531
351.7980041503906
352.5260009765625
352.7699890136719
353.4840087890625
353.7080078125
354.40399169921875
354.6080017089844
355.2909851074219
355.4779968261719
356.1470031738281
356.31500244140625
356.9670104980469
357.11700439453125
357.7550048828125
357.8909912109375
358.5159912109375
358.6419982910156
265.1629943847656
265.9590148925781
267.06201171875
267.9159851074219
269.0320129394531
269.9440002441406
271.0690002441406
272.0409851074219
273.1730041503906
274.20001220703125
275.3299865722656
276.3800048828125
277.47198486328125
278.5369873046875
279.6210021972656
280.7430114746094
281.81500244140625
282.9880065917969
284.04400634765625
285.2690124511719
286.30499267578125
287.57598876953125
288.5880126953125
289.906005859375
290.8909912109375
292.24700927734375
293.197998046875
294.5799865722656
295.4880065917969
296.8919982910156
297.7650146484375
299.2019958496094
300.03399658203125
301.4960021972656
302.2879943847656
303.7760009765625
304.52801513671875
306.02899169921875
306.7359924316406
308.2510070800781
308.9179992675781
310.4429931640625
311.06298828125
312.62200927734375
313.2250061035156
314.80999755859375
315.3659973144531
316.9549865722656
317.47100830078125
319.052001953125
319.52398681640625
321.0979919433594
321.52899169921875
323.0870056152344
323.47698974609375
325.0199890136719
325.3710021972656
326.8909912109375
327.20001220703125
328.4259948730469
329.36199951171875
330.2720031738281
331.20001220703125
332.052001953125
332.97100830078125
333.7650146484375
334.67498779296875
335.4129943847656
336.3070068359375
336.989013671875
337.8659973144531
338.49700927734375
339.3590087890625
339.93499755859375
340.77398681640625
341.3190002441406
342.15899658203125
342.67401123046875
343.4930114746094
343.9620056152344
344.76300048828125
345.18798828125
345.97100830078125
346.3609924316406
347.1300048828125
347.4880065917969
348.2430114746094
348.5710144042969
349.31298828125
349.614990234375
350.3429870605469
350.62298583984375
351.3380126953125
351.6000061035156
352.3039855957031
352.5469970703125
353.2359924316406
353.4590148925781
354.1340026855469
354.3380126953125
354.9989929199219
355.1839904785156
355.83099365234375
356.0
356.6340026855469
356.7869873046875
357.4070129394531
357.5480041503906
358.1579895019531
262.97198486328125
263.6730041503906
264.7149963378906
265.4630126953125
266.5190124511719
267.3219909667969
268.3900146484375
269.2449951171875
270.3240051269531
271.2349853515625
272.32000732421875
273.2850036621094
274.3739929199219
275.3919982910156
276.47900390625
277.5090026855469
278.55499267578125
279.60198974609375
280.63800048828125
281.72900390625
282.75299072265625
283.8940124511719
284.9010009765625
286.0870056152344
287.072998046875
288.3039855957031
289.26800537109375
290.5369873046875
291.4750061035156
292.781005859375
293.68701171875
295.0119934082031
295.8760070800781
297.2250061035156
298.0530090332031
299.4259948730469
300.218994140625
301.6199951171875
302.37701416015625
303.7969970703125
304.5150146484375
305.9530029296875
306.62799072265625
308.0790100097656
308.7149963378906
310.1759948730469
310.76800537109375
312.2590026855469
312.8389892578125
314.36199951171875
314.9010009765625
316.4230041503906
316.92498779296875
318.4460144042969
318.9049987792969
320.4159851074219
320.8370056152344
322.3420104980469
322.7239990234375
324.21099853515625
324.5570068359375
326.0270080566406
326.3380126953125
327.531005859375
328.4360046386719
329.3330078125
330.2340087890625
331.07501220703125
331.9649963378906
332.75299072265625
333.6340026855469
334.3680114746094
335.239013671875
335.9200134277344
336.7770080566406
337.4070129394531
338.25
338.83099365234375
339.6549987792969
340.20599365234375
341.031005859375
341.5570068359375
342.3599853515625
342.8389892578125
343.62200927734375
344.0610046386719
344.8269958496094
345.2279968261719
345.9800109863281
346.3500061035156
347.0889892578125
347.4320068359375
348.15899658203125
348.4750061035156
349.19000244140625
349.4859924316406
350.1910095214844
350.468994140625
351.1619873046875
351.41900634765625
352.1000061035156
352.3399963378906
353.0090026855469
353.2279968261719
353.8819885253906
354.0820007324219
354.7229919433594
354.906005859375
355.5360107421875
355.70599365234375
356.322998046875
356.47900390625
357.0840148925781
357.22698974609375
260.9580078125
261.6159973144531
262.62298583984375
263.3080139160156
264.31201171875
265.01800537109375
266.0329895019531
266.7860107421875
267.8169860839844
268.6180114746094
269.656005859375
270.5060119628906
271.5539855957031
272.4570007324219
273.510009765625
274.4620056152344
275.5140075683594
276.5119934082031
277.55999755859375
278.572998046875
279.5799865722656
280.5989990234375
281.5920104980469
282.6549987792969
283.6369934082031
284.74200439453125
285.7049865722656
286.85101318359375
287.7980041503906
288.9830017089844
289.9049987792969
291.12799072265625
292.02301025390625
293.2770080566406
294.1409912109375
295.4150085449219
296.2380065917969
297.52801513671875
298.3169860839844
299.6369934082031
300.3940124511719
301.7340087890625
302.45599365234375
303.8169860839844
304.5039978027344
305.87799072265625
306.5270080566406
307.91400146484375
308.52801513671875
309.9219970703125
310.4949951171875
311.9209899902344
312.4840087890625
313.9419860839844
314.46600341796875
315.9280090332031
316.41900634765625
317.875
318.32501220703125
319.77801513671875
320.19500732421875
321.63800048828125
322.01800537109375
323.45098876953125
323.7980041503906
325.21600341796875
325.52801513671875
326.68701171875
327.5580139160156
328.4389953613281
329.3089904785156
330.1409912109375
331.0069885253906
331.7869873046875
332.64300537109375
333.37200927734375
334.2170104980469
334.89898681640625
335.73199462890625
336.3680114746094
337.1860046386719
337.7720031738281
338.5740051269531
339.13800048828125
339.94500732421875
340.48199462890625
341.2690124511719
341.760009765625
342.5270080566406
342.9739990234375
343.7250061035156
344.13800048828125
344.875
345.2550048828125
345.9779968261719
346.3299865722656
347.0450134277344
347.3739929199219
348.0769958496094
348.385986328125
349.08099365234375
349.37200927734375
350.05499267578125
350.32501220703125
350.99700927734375
351.2489929199219
351.9119873046875
352.14599609375
352.7929992675781
353.0069885253906
353.64300537109375
353.8420104980469
354.4649963378906
354.6510009765625
355.2619934082031
355.4330139160156
356.0320129394531
356.1889953613281
356.77899169921875
259.12701416015625
259.7149963378906
260.6600036621094
261.2900085449219
262.25799560546875
262.9320068359375
263.9179992675781
264.614013671875
265.5920104980469
266.30499267578125
267.2950134277344
268.0530090332031
269.0530090332031
269.85400390625
270.8590087890625
271.7080078125
272.7239990234375
273.62298583984375
274.6390075683594
275.5780029296875
276.5899963378906
277.5740051269531
278.5840148925781
279.5769958496094
280.5429992675781
281.53900146484375
282.489990234375
283.5249938964844
284.46600341796875
285.5409851074219
286.46099853515625
287.5719909667969
288.47198486328125
289.6189880371094
290.4949951171875
291.677001953125
292.5299987792969
293.7409973144531
294.5660095214844
295.78900146484375
296.57501220703125
297.8139953613281
298.5669860839844
299.8290100097656
300.552001953125
301.8399963378906
302.5299987792969
303.8340148925781
304.49200439453125
305.81201171875
306.4330139160156
307.76300048828125
308.3489990234375
309.68798828125
310.2359924316406
311.60699462890625
312.1510009765625
313.5539855957031
314.06201171875
315.46600341796875
315.9429931640625
317.34698486328125
317.7860107421875
319.1830139160156
319.59100341796875
320.9849853515625
321.3590087890625
322.739990234375
323.0790100097656
324.4490051269531
324.75799560546875
325.8869934082031
326.7279968261719
327.593994140625
328.4339904785156
329.2539978027344
330.0920104980469
330.864990234375
331.6960144042969
332.4200134277344
333.2409973144531
333.9219970703125
334.7349853515625
335.36700439453125
336.1669921875
336.75
337.5379943847656
338.10198974609375
338.89898681640625
339.4410095214844
340.2170104980469
340.7120056152344
341.468994140625
341.92401123046875
342.6629943847656
343.0820007324219
343.8070068359375
344.1960144042969
344.9070129394531
345.2690124511719
345.968994140625
346.3059997558594
346.99798583984375
347.3169860839844
348.00299072265625
348.30499267578125
348.9800109863281
349.26300048828125
349.9259948730469
350.1919860839844
350.843994140625
351.09100341796875
351.7300109863281
351.9590148925781
352.5889892578125
352.802001953125
353.4200134277344
353.6180114746094
354.22698974609375
354.4100036621094
355.0050048828125
355.17401123046875
355.7590026855469
256.1400146484375
256.625
257.4949951171875
258.0169982910156
258.9079895019531
259.468994140625
260.3810119628906
260.9840087890625
261.9150085449219
262.5580139160156
263.5069885253906
264.1919860839844
265.1610107421875
265.864990234375
266.82000732421875
267.5360107421875
268.5010070800781
269.2590026855469
270.23199462890625
271.0299987792969
272.00799560546875
272.85198974609375
273.8340148925781
274.72100830078125
275.70098876953125
276.6310119628906
277.6090087890625
278.5780029296875
279.552001953125
280.52398681640625
281.45098876953125
282.4200134277344
283.3320007324219
284.3420104980469
285.239013671875
286.28399658203125
287.16400146484375
288.24200439453125
289.10400390625
290.21099853515625
291.0509948730469
292.19000244140625
293.0060119628906
294.1719970703125
294.96099853515625
296.1409912109375
296.8900146484375
298.0790100097656
298.7980041503906
300.010986328125
300.7049865722656
301.93798828125
302.60198974609375
303.8529968261719
304.4840087890625
305.7460021972656
306.34100341796875
307.614990234375
308.17999267578125
309.4630126953125
309.99200439453125
311.30999755859375
311.8370056152344
313.18701171875
313.67999267578125
315.03399658203125
315.49700927734375
316.84698486328125
317.27398681640625
318.62200927734375
319.0220031738281
320.3659973144531
320.7300109863281
322.06201171875
322.39599609375
323.72198486328125
324.02899169921875
325.12799072265625
325.9410095214844
326.7929992675781
327.60400390625
328.4110107421875
329.22100830078125
329.9840087890625
330.7919921875
331.5090026855469
332.3080139160156
332.98199462890625
333.7760009765625
334.4049987792969
335.1839904785156
335.7659912109375
336.5329895019531
337.1000061035156
337.8819885253906
338.42999267578125
339.1919860839844
339.69500732421875
340.4389953613281
340.90301513671875
341.6310119628906
342.0589904785156
342.77099609375
343.16900634765625
343.8689880371094
344.239990234375
344.9289855957031
345.2749938964844
345.9530029296875
346.2820129394531
346.9549865722656
347.2690124511719
347.9339904785156
348.22900390625
348.885009765625
349.1629943847656
349.8080139160156
350.0669860839844
350.697998046875
350.9410095214844
351.56298828125
351.7919921875
352.4010009765625
352.614013671875
353.2130126953125
353.4119873046875
354.0010070800781
354.1839904785156
354.7619934082031
354.9320068359375
254.8040008544922
255.22799682617188
256.0480041503906
256.510009765625
257.3489990234375
257.8479919433594
258.7080078125
259.2439880371094
260.12200927734375
260.6969909667969
261.5950012207031
262.2099914550781
263.125
263.77801513671875
264.7120056152344
265.4079895019531
266.3559875488281
267.0639953613281
267.9960021972656
268.71600341796875
269.6549987792969
270.4119873046875
271.3580017089844
272.1549987792969
273.10101318359375
273.9360046386719
274.885009765625
275.7619934082031
276.7099914550781
277.62701416015625
278.5719909667969
279.52801513671875
280.46600341796875
281.4169921875
282.3030090332031
283.2489929199219
284.1239929199219
285.10400390625
285.9639892578125
286.9800109863281
287.822998046875
288.8689880371094
289.6910095214844
290.7659912109375
291.5660095214844
292.6679992675781
293.4460144042969
294.572998046875
295.32598876953125
296.4620056152344
297.177001953125
298.32598876953125
299.0159912109375
300.1830139160156
300.8450012207031
302.0320129394531
302.6650085449219
303.86700439453125
304.468994140625
305.6830139160156
306.2560119628906
307.47900390625
308.02398681640625
309.2539978027344
309.7650146484375
311.0299987792969
311.5419921875
312.8429870605469
313.3210144042969
314.62298583984375
315.0740051269531
316.3760070800781
316.7919921875
318.09100341796875
318.4840087890625
319.7799987792969
320.13800048828125
321.4230041503906
321.7550048828125
323.0350036621094
323.3399963378906
324.4070129394531
325.1940002441406
326.0299987792969
326.8160095214844
327.6090087890625
328.39300537109375
329.1449890136719
329.9259948730469
330.6390075683594
331.4150085449219
332.0840148925781
332.8529968261719
333.47900390625
334.2380065917969
334.8190002441406
335.5679931640625
336.135986328125
336.9010009765625
337.4530029296875
338.20098876953125
338.7099914550781
339.4419860839844
339.9119873046875
340.6289978027344
341.0660095214844
341.76800537109375
342.1730041503906
342.86199951171875
343.24200439453125
343.9200134277344
344.27398681640625
344.9410095214844
345.27899169921875
345.9419860839844
346.2659912109375
346.9200134277344
347.22698974609375
347.87200927734375
348.1629943847656
348.79901123046875
349.0740051269531
349.6969909667969
349.9530029296875
350.5669860839844
350.8070068359375
351.4100036621094
351.6340026855469
352.22900390625
352.43701171875
353.02099609375
353.2149963378906
353.78900146484375
353.968994140625
354.53399658203125
254.02499389648438
254.79100036621094
255.18800354003906
255.97799682617188
256.41400146484375
257.2250061035156
257.6969909667969
258.5270080566406
259.0379943847656
259.885986328125
260.4339904785156
261.29998779296875
261.885986328125
262.7690124511719
263.3919982910156
264.28900146484375
264.9540100097656
265.8630065917969
266.5679931640625
267.4880065917969
268.2080078125
269.1090087890625
269.8349914550781
270.7380065917969
271.50299072265625
272.4079895019531
273.2090148925781
274.114013671875
274.9540100097656
275.8590087890625
276.7380065917969
277.63800048828125
278.55499267578125
279.4490051269531
280.40301513671875
281.2879943847656
282.23699951171875
283.07000732421875
284.010986328125
284.83099365234375
285.8039855957031
286.6080017089844
287.6109924316406
288.4020080566406
289.43499755859375
290.2070007324219
291.26300048828125
292.0140075683594
293.0950012207031
293.82501220703125
294.9280090332031
295.635009765625
296.74798583984375
297.4230041503906
298.5419921875
299.1910095214844
300.3269958496094
300.95001220703125
302.10198974609375
302.70098876953125
303.86700439453125
304.44000244140625
305.6159973144531
306.1610107421875
307.34600830078125
307.8630065917969
309.0530090332031
309.5409851074219
310.7650146484375
311.2560119628906
312.5119934082031
312.9729919433594
314.2340087890625
314.6669921875
315.92401123046875
316.32501220703125
317.5870056152344
317.9649963378906
319.22100830078125
319.5660095214844
320.81500244140625
321.135009765625
322.3800048828125
322.6719970703125
323.7090148925781
324.47601318359375
325.28900146484375
326.0570068359375
326.8290100097656
327.59600830078125
328.3280029296875
329.093994140625
329.7869873046875
330.5509948730469
331.2040100097656
331.96099853515625
332.572998046875
333.3219909667969
333.89300537109375
334.6310119628906
335.1910095214844
335.9469909667969
336.4960021972656
337.23699951171875
337.7439880371094
338.468994140625
338.9389953613281
339.6510009765625
340.08599853515625
340.78399658203125
341.18798828125
341.875
342.25
342.9280090332031
343.27899169921875
343.9469909667969
344.2820129394531
344.947998046875
345.2690124511719
345.92401123046875
346.22900390625
346.87799072265625
347.1679992675781
347.8089904785156
348.0820007324219
348.71099853515625
348.9670104980469
349.58599853515625
349.82598876953125
350.4320068359375
350.6579895019531
351.2569885253906
351.4679870605469
352.0539855957031
352.2510070800781
352.8280029296875
353.010986328125
353.5790100097656
353.7489929199219
255.16799926757812
255.927001953125
256.3389892578125
257.12200927734375
257.5719909667969
258.37298583984375
258.8550109863281
259.67401123046875
260.1929931640625
261.02899169921875
261.5870056152344
262.43798828125
263.03399658203125
263.89801025390625
264.52899169921875
265.406005859375
266.0740051269531
266.96099853515625
267.6700134277344
268.5690002441406
269.2879943847656
270.1610107421875
270.8840026855469
271.760009765625
272.5190124511719
273.3970031738281
274.19000244140625
275.06500244140625
275.8940124511719
276.7669982910156
277.6319885253906
278.49798583984375
279.39801025390625
280.25799560546875
281.1929931640625
282.0419921875
282.97100830078125
283.77099609375
284.6910095214844
285.47698974609375
286.4230041503906
287.1960144042969
288.1730041503906
288.9309997558594
289.9320068359375
290.6719970703125
291.697998046875
292.4179992675781
293.4639892578125
294.1669921875
295.2359924316406
295.9150085449219
296.989990234375
297.6369934082031
298.718994140625
299.34100341796875
300.43701171875
301.0379943847656
302.1510009765625
302.72698974609375
303.85198974609375
304.4010009765625
305.5360107421875
306.0589904785156
307.2030029296875
307.70098876953125
308.85101318359375
309.3240051269531
310.5060119628906
310.9809875488281
312.1929931640625
312.6409912109375
313.85400390625
314.2749938964844
315.489990234375
315.88299560546875
317.09698486328125
317.46600341796875
318.67999267578125
319.01800537109375
320.2250061035156
320.53900146484375
321.74200439453125
322.0320129394531
323.0429992675781
323.7820129394531
324.5820007324219
325.3219909667969
326.0830078125
326.822998046875
327.5450134277344
328.2829895019531
328.9679870605469
329.7070007324219
330.3550109863281
331.0880126953125
331.6960144042969
332.42498779296875
332.9960021972656
333.71600341796875
334.27801513671875
335.0150146484375
335.5639953613281
336.2900085449219
336.8009948730469
337.5140075683594
337.9880065917969
338.68798828125
339.12701416015625
339.81298828125
340.22100830078125
340.89801025390625
341.27801513671875
341.9440002441406
342.29998779296875
342.9570007324219
343.302001953125
343.9580078125
344.2909851074219
344.93701171875
345.25201416015625
345.8900146484375
346.1919860839844
346.8219909667969
347.1059875488281
347.72601318359375
347.9930114746094
348.6059875488281
348.85699462890625
349.4580078125
349.6960144042969
350.28900146484375
350.5119934082031
351.0929870605469
351.29998779296875
351.8710021972656
352.06500244140625
352.6289978027344
352.80999755859375
353.3630065917969
256.2829895019531
257.0379943847656
257.4639892578125
258.2409973144531
258.70098876953125
259.49200439453125
259.9830017089844
260.7900085449219
261.3160095214844
262.1390075683594
262.7030029296875
263.5369873046875
264.1369934082031
264.9830017089844
265.6199951171875
266.47698974609375
267.14898681640625
268.0169982910156
268.7279968261719
269.60400390625
270.3179931640625
271.1669921875
271.885009765625
272.7349853515625
273.4880065917969
274.33599853515625
275.1199951171875
275.9670104980469
276.78399658203125
277.62799072265625
278.47698974609375
279.3139953613281
280.19500732421875
281.0220031738281
281.93499755859375
282.75201416015625
283.6600036621094
284.4280090332031
285.32598876953125
286.0820007324219
287.0060119628906
287.7489929199219
288.6969909667969
289.42401123046875
290.39801025390625
291.1080017089844
292.10198974609375
292.7929992675781
293.8110046386719
294.4859924316406
295.52099609375
296.1730041503906
297.2139892578125
297.8340148925781
298.8789978027344
299.4779968261719
300.5409851074219
301.1199951171875
302.1940002441406
302.74798583984375
303.8320007324219
304.36199951171875
305.45599365234375
305.9649963378906
307.0679931640625
307.5530090332031
308.6610107421875
309.12298583984375
310.2619934082031
310.72198486328125
311.8900146484375
312.32598876953125
313.4989929199219
313.90899658203125
315.0790100097656
315.4630126953125
316.6369934082031
316.99798583984375
318.1669921875
318.5010070800781
319.6659851074219
319.9779968261719
321.1409912109375
321.42999267578125
322.4110107421875
323.125
323.9079895019531
324.6260070800781
325.3699951171875
326.0880126953125
326.7959899902344
327.51300048828125
328.18798828125
328.90399169921875
329.54400634765625
330.2560119628906
330.8590087890625
331.5660095214844
332.13299560546875
332.83599853515625
333.39599609375
334.1180114746094
334.6669921875
335.37701416015625
335.8900146484375
336.5889892578125
337.0660095214844
337.75201416015625
338.19500732421875
338.8710021972656
339.2850036621094
339.9490051269531
340.3370056152344
340.9909973144531
341.3559875488281
342.0
342.35198974609375
342.99700927734375
343.3399963378906
343.9779968261719
344.3039855957031
344.9330139160156
345.2439880371094
345.8659973144531
346.1600036621094
346.77099609375
347.0480041503906
347.6510009765625
347.9150085449219
348.510009765625
348.75799560546875
349.343994140625
349.5780029296875
350.15399169921875
350.37200927734375
350.93701171875
351.1400146484375
351.6969909667969
351.8900146484375
352.44000244140625
257.37799072265625
258.12701416015625
258.5639953613281
259.3330078125
259.8009948730469
260.5820007324219
261.0790100097656
261.8739929199219
262.4070129394531
263.21600341796875
263.7820129394531
264.60198974609375
265.2030029296875
266.0329895019531
266.66900634765625
267.5090026855469
268.1830139160156
269.0299987792969
269.739990234375
270.5929870605469
271.3059997558594
272.1300048828125
272.84100341796875
273.6659851074219
274.40899658203125
275.2309875488281
276.0050048828125
276.82501220703125
277.6310119628906
278.44500732421875
279.27899169921875
280.08599853515625
280.947998046875
281.7439880371094
282.635986328125
283.4219970703125
284.3070068359375
285.0480041503906
285.92498779296875
286.65301513671875
287.5530090332031
288.2659912109375
289.19000244140625
289.8890075683594
290.8330078125
291.5140075683594
292.4800109863281
293.14599609375
294.13299560546875
294.781005859375
295.7860107421875
296.41400146484375
297.4209899902344
298.0169982910156
299.0299987792969
299.6080017089844
300.635009765625
301.1919860839844
302.2309875488281
302.7640075683594
303.81298828125
304.32598876953125
305.385986328125
305.8789978027344
306.9440002441406
307.4129943847656
308.4840087890625
308.9330139160156
310.0320129394531
310.4779968261719
311.6059875488281
312.02899169921875
313.1600036621094
313.5589904785156
314.6919860839844
315.0660095214844
316.1990051269531
316.54998779296875
317.6839904785156
318.01300048828125
319.1419982910156
319.4490051269531
320.5740051269531
320.8590087890625
322.010009765625
322.3030090332031
323.2669982910156
323.9590148925781
324.6910095214844
325.385009765625
326.0840148925781
326.7770080566406
327.4419860839844
328.135986328125
328.7669982910156
329.4590148925781
330.0539855957031
330.7430114746094
331.30499267578125
331.989013671875
332.5480041503906
333.25299072265625
333.80499267578125
334.49700927734375
335.0119934082031
335.69500732421875
336.17401123046875
336.84600830078125
337.2950134277344
337.9590148925781
338.3800048828125
339.031005859375
339.42498779296875
340.0669860839844
340.43798828125
341.072998046875
341.4309997558594
342.0660095214844
342.4169921875
343.0459899902344
343.3819885253906
344.00201416015625
344.3219909667969
344.9360046386719
345.239990234375
345.8429870605469
346.1300048828125
346.7250061035156
346.99700927734375
347.5849914550781
347.8450012207031
348.42498779296875
348.6679992675781
349.2359924316406
349.4630126953125
350.02301025390625
350.23699951171875
350.78900146484375
350.9909973144531
351.5350036621094
351.7250061035156
258.4469909667969
259.18798828125
259.6369934082031
260.3970031738281
260.87298583984375
261.6419982910156
262.14599609375
262.9280090332031
263.46600341796875
264.260986328125
264.83099365234375
265.635986328125
266.23699951171875
267.0509948730469
267.6860046386719
268.5069885253906
269.177001953125
270.0050048828125
270.71099853515625
271.5450134277344
272.2510070800781
273.052001953125
273.7560119628906
274.5580139160156
275.28900146484375
276.0870056152344
276.8479919433594
277.64300537109375
278.4339904785156
279.218994140625
280.0369873046875
280.8139953613281
281.65899658203125
282.42999267578125
283.29998779296875
284.05999755859375
284.9230041503906
285.6390075683594
286.49200439453125
287.1929931640625
288.0679931640625
288.75799560546875
289.6549987792969
290.3290100097656
291.2449951171875
291.90399169921875
292.8399963378906
293.4840087890625
294.4389953613281
295.0660095214844
296.0360107421875
296.6419982910156
297.61700439453125
298.1940002441406
299.1730041503906
299.7300109863281
300.72198486328125
301.260986328125
302.2650146484375
302.7829895019531
303.7980041503906
304.2959899902344
305.3190002441406
305.7959899902344
306.8269958496094
307.2820129394531
308.3169860839844
308.75299072265625
309.81500244140625
310.2510070800781
311.3389892578125
311.7539978027344
312.8429870605469
313.2349853515625
314.32501220703125
314.6929931640625
315.7860107421875
316.1319885253906
317.22601318359375
317.54998779296875
318.6440124511719
318.9469909667969
320.0369873046875
320.3179931640625
321.2449951171875
321.9110107421875
322.6610107421875
323.3290100097656
324.0469970703125
324.7179870605469
325.406005859375
326.0790100097656
326.7340087890625
327.40399169921875
328.0260009765625
328.6960144042969
329.2879943847656
329.9549865722656
330.5150146484375
331.177001953125
331.7349853515625
332.4219970703125
332.9750061035156
333.65301513671875
334.1700134277344
334.8370056152344
335.3190002441406
335.9739990234375
336.4280090332031
337.0780029296875
337.5050048828125
338.1449890136719
338.54400634765625
339.17401123046875
339.5509948730469
340.1730041503906
340.5419921875
341.1650085449219
341.52398681640625
342.1419982910156
342.4859924316406
343.09698486328125
343.42498779296875
344.0299987792969
344.3420104980469
344.9389953613281
345.2330017089844
345.8219909667969
346.1050109863281
346.68499755859375
346.9540100097656
347.5270080566406
347.7799987792969
348.3420104980469
348.5790100097656
349.1319885253906
349.3559875488281
349.9010009765625
350.1130065917969
350.6499938964844
350.8489990234375
351.3789978027344
260.6830139160156
261.43499755859375
261.9179992675781
262.6780090332031
263.1839904785156
263.9540100097656
264.4930114746094
265.27301025390625
265.8450012207031
266.63299560546875
267.2380065917969
268.0329895019531
268.6679992675781
269.4700012207031
270.1369934082031
270.9440002441406
271.6449890136719
272.45599365234375
273.1579895019531
273.9360046386719
274.6310119628906
275.4070129394531
276.1300048828125
276.9010009765625
277.6520080566406
278.4169921875
279.1929931640625
279.95098876953125
280.7539978027344
281.5069885253906
282.3370056152344
283.0790100097656
283.9320068359375
284.66400146484375
285.5090026855469
286.197998046875
287.02899169921875
287.7040100097656
288.5570068359375
289.22198486328125
290.09698486328125
290.7460021972656
291.6369934082031
292.27398681640625
293.18499755859375
293.80499267578125
294.7309875488281
295.33099365234375
296.27301025390625
296.8550109863281
297.802001953125
298.3590087890625
299.3089904785156
299.84600830078125
300.8070068359375
301.3280029296875
302.3009948730469
302.8009948730469
303.7829895019531
304.2640075683594
305.2550048828125
305.7179870605469
306.7149963378906
307.1579895019531
308.1610107421875
308.5849914550781
309.6130065917969
310.0379943847656
311.0920104980469
311.4930114746094
312.5469970703125
312.9259948730469
313.9830017089844
314.3399963378906
315.39801025390625
315.73699951171875
316.7959899902344
317.114990234375
318.1730041503906
318.4700012207031
319.5249938964844
319.802001953125
320.8840026855469
321.1700134277344
322.2749938964844
322.53900146484375
323.4339904785156
324.0830078125
324.7590026855469
325.4110107421875
326.0570068359375
326.7070007324219
327.3190002441406
327.968994140625
328.55499267578125
329.2049865722656
329.760009765625
330.40399169921875
330.9599914550781
331.62799072265625
332.17999267578125
332.8399963378906
333.3590087890625
334.010986328125
334.49798583984375
335.1390075683594
335.59698486328125
336.2309875488281
336.6629943847656
337.2869873046875
337.6940002441406
338.3110046386719
338.6940002441406
339.30499267578125
339.6789855957031
340.29400634765625
340.65899658203125
341.2659912109375
341.614990234375
342.2170104980469
342.5530090332031
343.1499938964844
343.4679870605469
344.05499267578125
344.3599853515625
344.9419860839844
345.2330017089844
345.8070068359375
346.08599853515625
346.6520080566406
346.91400146484375
347.468994140625
347.7149963378906
348.26300048828125
348.4960021972656
349.0360107421875
349.2550048828125
349.7860107421875
349.9939880371094
350.51800537109375
350.7149963378906
261.7040100097656
262.4460144042969
262.93701171875
263.6830139160156
264.1940002441406
264.9490051269531
265.4880065917969
266.2539978027344
266.82598876953125
267.5979919433594
268.20098876953125
268.9779968261719
269.61199951171875
270.3940124511719
271.0589904785156
271.84600830078125
272.5419921875
273.3320007324219
274.0249938964844
274.77899169921875
275.4649963378906
276.2149963378906
276.927001953125
277.6730041503906
278.4110107421875
279.1510009765625
279.91400146484375
280.64898681640625
281.4389953613281
282.1650085449219
282.97601318359375
283.6929931640625
284.52899169921875
285.2380065917969
286.0639953613281
286.72900390625
287.5379943847656
288.1910095214844
289.02099609375
289.66400146484375
290.5140075683594
291.1419982910156
292.010986328125
292.62200927734375
293.5050048828125
294.10101318359375
295.0010070800781
295.5830078125
296.4960021972656
297.0610046386719
297.9779968261719
298.51800537109375
299.43701171875
299.9570007324219
300.8869934082031
301.3890075683594
302.33099365234375
302.81500244140625
303.7669982910156
304.2349853515625
305.19500732421875
305.64300537109375
306.6099853515625
307.0409851074219
308.0140075683594
308.4259948730469
309.4219970703125
309.8330078125
310.85101318359375
311.2409973144531
312.26300048828125
312.6319885253906
313.65301513671875
314.0050048828125
315.031005859375
315.364013671875
316.3890075683594
316.70098876953125
317.7250061035156
318.01800537109375
319.0400085449219
319.3139953613281
320.36199951171875
320.6419982910156
321.531005859375
322.15899658203125
322.8500061035156
323.4800109863281
324.1419982910156
324.77301025390625
325.406005859375
326.0379943847656
326.64300537109375
327.27398681640625
327.85101318359375
328.48199462890625
329.031005859375
329.6600036621094
330.2099914550781
330.8659973144531
331.4150085449219
332.0610046386719
332.5769958496094
333.2149963378906
333.7040100097656
334.3340148925781
334.79400634765625
335.4150085449219
335.8479919433594
336.46099853515625
336.8699951171875
337.4779968261719
337.8659973144531
338.4649963378906
338.843994140625
339.447998046875
339.8210144042969
340.4169921875
340.77398681640625
341.364990234375
341.7080078125
342.29400634765625
342.6239929199219
343.20098876953125
343.5140075683594
344.08599853515625
344.3869934082031
344.9519958496094
345.239013671875
345.79901123046875
346.0690002441406
346.6180114746094
346.8710021972656
347.4129943847656
347.65301513671875
348.18798828125
348.4159851074219
348.9429931640625
349.1570129394531
349.677001953125
349.8810119628906
350.3940124511719
262.6960144042969
263.427001953125
263.92401123046875
264.656005859375
265.16900634765625
265.90899658203125
266.4530029296875
267.20001220703125
267.77301025390625
268.5260009765625
269.12799072265625
269.8869934082031
270.5190124511719
271.2820129394531
271.9440002441406
272.7080078125
273.3999938964844
274.1659851074219
274.8529968261719
275.5840148925781
276.260009765625
276.98699951171875
277.68701171875
278.4110107421875
279.135986328125
279.8529968261719
280.6029968261719
281.31500244140625
282.0880126953125
282.7900085449219
283.5840148925781
284.27899169921875
285.0979919433594
285.7829895019531
286.5880126953125
287.2300109863281
288.02301025390625
288.65301513671875
289.4630126953125
290.0799865722656
290.9100036621094
291.51300048828125
292.35699462890625
292.9469909667969
293.8080139160156
294.385986328125
295.260986328125
295.822998046875
296.71099853515625
297.2550048828125
298.1449890136719
298.6650085449219
299.5570068359375
300.05999755859375
300.9620056152344
301.447998046875
302.3599853515625
302.8290100097656
303.75201416015625
304.2040100097656
305.135009765625
305.57000732421875
306.5090026855469
306.927001953125
307.87200927734375
308.27099609375
309.2359924316406
309.635009765625
310.62200927734375
311.00299072265625
311.9909973144531
312.35198974609375
313.3450012207031
313.69000244140625
314.6830139160156
315.00799560546875
316.00201416015625
316.3089904785156
317.302001953125
317.5880126953125
318.5780029296875
318.8450012207031
319.8609924316406
320.13800048828125
321.0050048828125
321.61199951171875
322.2909851074219
322.9020080566406
323.55499267578125
324.1650085449219
324.7869873046875
325.39801025390625
325.9939880371094
326.6080017089844
327.177001953125
327.7900085449219
328.3320007324219
328.9419860839844
329.48699951171875
330.12701416015625
330.67401123046875
331.3070068359375
331.822998046875
332.447998046875
332.9360046386719
333.5539855957031
334.0169982910156
334.62701416015625
335.06201171875
335.6629943847656
336.07598876953125
336.6709899902344
337.06298828125
337.6510009765625
338.0369873046875
338.6310119628906
339.010009765625
339.59698486328125
339.9599914550781
340.5409851074219
340.8909912109375
341.4670104980469
341.802001953125
342.3710021972656
342.6910095214844
343.2560119628906
343.56201171875
344.1210021972656
344.4159851074219
344.968994140625
345.24700927734375
345.7879943847656
346.0469970703125
346.5820007324219
346.8299865722656
347.3599853515625
347.59600830078125
348.1180114746094
348.34100341796875
348.85400390625
349.06500244140625
349.5719909667969
263.62799072265625
264.31500244140625
264.84600830078125
265.5329895019531
266.08099365234375
266.7749938964844
267.3489990234375
268.0480041503906
268.6510009765625
269.35400390625
269.98699951171875
270.6929931640625
271.3559875488281
272.0639953613281
272.7539978027344
273.46600341796875
274.1860046386719
274.89801025390625
275.6090087890625
276.2829895019531
276.9840087890625
277.6549987792969
278.3800048828125
279.0469970703125
279.79400634765625
280.4540100097656
281.2250061035156
281.8810119628906
282.6730041503906
283.3190002441406
284.1310119628906
284.7699890136719
285.6029968261719
286.2330017089844
287.0539855957031
287.6440124511719
288.4490051269531
289.0270080566406
289.8479919433594
290.4169921875
291.25201416015625
291.80999755859375
292.6610107421875
293.20599365234375
294.07000732421875
294.60198974609375
295.4800109863281
296.0
296.8869934082031
297.3919982910156
298.2799987792969
298.7619934082031
299.6499938964844
300.1180114746094
301.0140075683594
301.4679870605469
302.3710021972656
302.80999755859375
303.72100830078125
304.1470031738281
305.06500244140625
305.4739990234375
306.3970031738281
306.7909851074219
307.72100830078125
308.0989990234375
309.04901123046875
309.427001953125
310.3940124511719
310.75299072265625
311.7229919433594
312.0669860839844
313.0400085449219
313.3659973144531
314.34100341796875
314.64898681640625
315.6239929199219
315.9129943847656
316.885009765625
317.1570129394531
318.12799072265625
318.38299560546875
319.37799072265625
319.6440124511719
320.489990234375
321.08599853515625
321.74200439453125
322.34100341796875
322.9729919433594
323.57501220703125
324.17999267578125
324.7820129394531
325.3609924316406
325.9630126953125
326.51800537109375
327.1189880371094
327.6499938964844
328.25
328.7860107421875
329.4129943847656
329.9530029296875
330.5740051269531
331.0849914550781
331.70098876953125
332.1839904785156
332.7959899902344
333.2539978027344
333.85699462890625
334.2900085449219
334.885009765625
335.2950134277344
335.885009765625
336.27398681640625
336.85699462890625
337.239013671875
337.83099365234375
338.2080078125
338.7929992675781
339.15301513671875
339.7330017089844
340.0799865722656
340.656005859375
340.9880065917969
341.5570068359375
341.87298583984375
342.43798828125
342.7439880371094
343.3030090332031
343.5950012207031
344.14898681640625
344.42498779296875
344.968994140625
345.22900390625
345.7650146484375
346.0119934082031
346.5419921875
346.77899169921875
347.3030090332031
347.5270080566406
348.0429992675781
348.2539978027344
348.76300048828125
348.9630126953125
265.677001953125
266.3489990234375
266.89898681640625
267.57598876953125
268.1499938964844
268.8320007324219
269.4320068359375
270.11700439453125
270.7449951171875
271.4339904785156
272.09100341796875
272.7820129394531
273.4670104980469
274.15899658203125
274.8689880371094
275.5589904785156
276.2619934082031
276.9159851074219
277.6080017089844
278.260009765625
278.9729919433594
279.6189880371094
280.3529968261719
280.9949951171875
281.7510070800781
282.3869934082031
283.1629943847656
283.7900085449219
284.5849914550781
285.2040100097656
286.0199890136719
286.6319885253906
287.43499755859375
288.0050048828125
288.7929992675781
289.35400390625
290.1579895019531
290.7099914550781
291.5270080566406
292.0669860839844
292.8949890136719
293.42401123046875
294.2669982910156
294.78399658203125
295.6390075683594
296.1440124511719
297.010009765625
297.5
298.364990234375
298.8340148925781
299.70001220703125
300.15399169921875
301.0260009765625
301.4649963378906
302.34600830078125
302.7720031738281
303.6619873046875
304.07598876953125
304.968994140625
305.36700439453125
306.2659912109375
306.6510009765625
307.55499267578125
307.92401123046875
308.84600830078125
309.2139892578125
310.15399169921875
310.5060119628906
311.4490051269531
311.7850036621094
312.72900390625
313.0480041503906
313.9939880371094
314.2969970703125
315.24200439453125
315.5270080566406
316.47100830078125
316.739990234375
317.6820068359375
317.9330139160156
318.7449951171875
319.32000732421875
319.989013671875
320.5669860839844
321.2099914550781
321.7900085449219
322.40899658203125
322.99200439453125
323.5889892578125
324.17498779296875
324.74700927734375
325.33099365234375
325.8789978027344
326.4639892578125
326.989013671875
327.5740051269531
328.1059875488281
328.7179870605469
329.2510070800781
329.8590087890625
330.36700439453125
330.97100830078125
331.45098876953125
332.04901123046875
332.50799560546875
333.1029968261719
333.5379943847656
334.12200927734375
334.5350036621094
335.1130065917969
335.5039978027344
336.07598876953125
336.46099853515625
337.0419921875
337.42498779296875
338.0
338.3659973144531
338.93499755859375
339.2860107421875
339.85198974609375
340.1889953613281
340.7489929199219
341.0710144042969
341.62799072265625
341.9389953613281
342.489990234375
342.78900146484375
343.3349914550781
343.6180114746094
344.15399169921875
344.4209899902344
344.95098876953125
345.2070007324219
345.73199462890625
345.97601318359375
346.4930114746094
346.7250061035156
347.2340087890625
347.4540100097656
347.9580078125
348.16400146484375
348.6610107421875
266.47698974609375
267.1340026855469
267.6839904785156
268.3450012207031
268.9179992675781
269.5830078125
270.1809997558594
270.8489990234375
271.4739990234375
272.1449890136719
272.7969970703125
273.4700012207031
274.1470031738281
274.8169860839844
275.5190124511719
276.1910095214844
276.885986328125
277.5220031738281
278.2030029296875
278.8349914550781
279.5379943847656
280.1659851074219
280.8890075683594
281.510986328125
282.25299072265625
282.8699951171875
283.6310119628906
284.2409973144531
285.0190124511719
285.6199951171875
286.4169921875
287.010009765625
287.7950134277344
288.3500061035156
289.1210021972656
289.6679992675781
290.4530029296875
290.98699951171875
291.78399658203125
292.3070068359375
293.1180114746094
293.6310119628906
294.4540100097656
294.95599365234375
295.7919921875
296.2820129394531
297.125
297.6029968261719
298.4469909667969
298.9020080566406
299.74200439453125
300.1839904785156
301.03399658203125
301.4630126953125
302.32000732421875
302.7359924316406
303.6029968261719
304.0060119628906
304.87701416015625
305.2650146484375
306.1409912109375
306.5169982910156
307.39599609375
307.7569885253906
308.65301513671875
309.01300048828125
309.927001953125
310.27099609375
311.18701171875
311.5140075683594
312.4320068359375
312.7460021972656
313.6650085449219
313.96099853515625
314.8789978027344
315.1579895019531
316.07501220703125
316.3389892578125
317.2550048828125
317.50299072265625
318.2959899902344
318.85400390625
319.5090026855469
320.0690002441406
320.70001220703125
321.26300048828125
321.87200927734375
322.43701171875
323.02398681640625
323.5920104980469
324.1549987792969
324.7239990234375
325.2650146484375
325.8349914550781
326.3550109863281
326.9230041503906
327.447998046875
328.0450134277344
328.5740051269531
329.1679992675781
329.6719970703125
330.26300048828125
330.7439880371094
331.3290100097656
331.7879943847656
332.3699951171875
332.8089904785156
333.38299560546875
333.7969970703125
334.364013671875
334.75799560546875
335.32000732421875
335.7090148925781
336.27899169921875
336.6669921875
337.23199462890625
337.60400390625
338.1629943847656
338.51800537109375
339.072998046875
339.4150085449219
339.9649963378906
340.29400634765625
340.84100341796875
341.15899658203125
341.70098876953125
342.0060119628906
342.5429992675781
342.8330078125
343.3609924316406
343.635009765625
344.1579895019531
344.41900634765625
344.93798828125
345.19000244140625
345.7030029296875
345.94000244140625
346.44500732421875
346.66900634765625
347.1679992675781
347.3810119628906
347.87298583984375
348.07501220703125
267.24798583984375
267.8900146484375
268.43701171875
269.0820007324219
269.6549987792969
270.3030090332031
270.89898681640625
271.54998779296875
272.1709899902344
272.82501220703125
273.47198486328125
274.125
274.7929992675781
275.4460144042969
276.1419982910156
276.7959899902344
277.4809875488281
278.0979919433594
278.77099609375
279.3840026855469
280.07598876953125
280.68499755859375
281.3970031738281
281.9989929199219
282.7300109863281
283.32598876953125
284.07598876953125
284.6669921875
285.4320068359375
286.0150146484375
286.7959899902344
287.37200927734375
288.1409912109375
288.67999267578125
289.4360046386719
289.9639892578125
290.7309875488281
291.24798583984375
292.02801513671875
292.5369873046875
293.3290100097656
293.8269958496094
294.6319885253906
295.1199951171875
295.93499755859375
296.4110107421875
297.2359924316406
297.70098876953125
298.52301025390625
298.9649963378906
299.7860107421875
300.2170104980469
301.04400634765625
301.4620056152344
302.2969970703125
302.7040100097656
303.5469970703125
303.9410095214844
304.78900146484375
305.16900634765625
306.0220031738281
306.3900146484375
307.24700927734375
307.60101318359375
308.47198486328125
308.8219909667969
309.7080078125
310.04400634765625
310.93499755859375
311.2560119628906
312.14898681640625
312.4549865722656
313.3479919433594
313.6369934082031
314.5299987792969
314.8039855957031
315.6960144042969
315.95599365234375
316.84698486328125
317.0920104980469
317.864013671875
318.406005859375
319.0480041503906
319.5929870605469
320.2099914550781
320.75799560546875
321.3559875488281
321.906005859375
322.4809875488281
323.03399658203125
323.5880126953125
324.1409912109375
324.67401123046875
325.2300109863281
325.74200439453125
326.2969970703125
326.8139953613281
327.3970031738281
327.91900634765625
328.4989929199219
329.00201416015625
329.58099365234375
330.05999755859375
330.63299560546875
331.0920104980469
331.6629943847656
332.1000061035156
332.66400146484375
333.0799865722656
333.6390075683594
334.03399658203125
334.58599853515625
334.97900390625
335.5409851074219
335.9330139160156
336.489013671875
336.864013671875
337.41400146484375
337.7749938964844
338.32000732421875
338.6669921875
339.2070007324219
339.5409851074219
340.0780029296875
340.4010009765625
340.93499755859375
341.2439880371094
341.77301025390625
342.0669860839844
342.5889892578125
342.8680114746094
343.385009765625
343.65301513671875
344.1650085449219
344.4209899902344
344.927001953125
345.1709899902344
345.6709899902344
345.9020080566406
346.3949890136719
346.614013671875
347.10198974609375
347.3110046386719
347.7919921875
269.1619873046875
269.7950134277344
270.3630065917969
270.9960021972656
271.5870056152344
272.22100830078125
272.8380126953125
273.47601318359375
274.1159973144531
274.75201416015625
275.41400146484375
276.0509948730469
276.7380065917969
277.3739929199219
278.04998779296875
278.6499938964844
279.31201171875
279.906005859375
280.5880126953125
281.17999267578125
281.8800048828125
282.4649963378906
283.1820068359375
283.76300048828125
284.4989929199219
285.0740051269531
285.82501220703125
286.3909912109375
287.1570129394531
287.7149963378906
288.468994140625
288.989990234375
289.7300109863281
290.2430114746094
290.9949951171875
291.49798583984375
292.260009765625
292.7539978027344
293.52899169921875
294.0140075683594
294.79998779296875
295.27398681640625
296.0710144042969
296.5329895019531
297.3389892578125
297.7919921875
298.59600830078125
299.0260009765625
299.8269958496094
300.2449951171875
301.0530090332031
301.4599914550781
302.2760009765625
302.6700134277344
303.49200439453125
303.8760070800781
304.7040100097656
305.0740051269531
305.9070129394531
306.2650146484375
307.10198974609375
307.4469909667969
308.2969970703125
308.6390075683594
309.5
309.8299865722656
310.69500732421875
311.010009765625
311.87701416015625
312.1780090332031
313.0459899902344
313.3299865722656
314.1969909667969
314.4670104980469
315.3349914550781
315.5889892578125
316.4570007324219
316.6969909667969
317.45098876953125
317.97601318359375
318.60400390625
319.13299560546875
319.74200439453125
320.27398681640625
320.8590087890625
321.39300537109375
321.9580078125
322.4960021972656
323.0409851074219
323.58099365234375
324.1059875488281
324.6470031738281
325.1520080566406
325.6929931640625
326.2049865722656
326.77099609375
327.2909851074219
327.8559875488281
328.3550109863281
328.9209899902344
329.4010009765625
329.9620056152344
330.4200134277344
330.97698974609375
331.4169921875
331.9679870605469
332.3869934082031
332.93499755859375
333.3349914550781
333.87701416015625
334.2720031738281
334.822998046875
335.2179870605469
335.7659912109375
336.1449890136719
336.6860046386719
337.04998779296875
337.5880126953125
337.93798828125
338.47100830078125
338.8070068359375
339.3370056152344
339.6619873046875
340.1889953613281
340.50299072265625
341.02398681640625
341.3219909667969
341.83599853515625
342.1210021972656
342.6300048828125
342.90399169921875
343.4100036621094
343.6719970703125
344.1709899902344
344.4200134277344
344.91400146484375
345.1520080566406
345.6400146484375
345.8659973144531
346.34698486328125
346.56201171875
347.03900146484375
347.2449951171875
269.8609924316406
270.47698974609375
271.0429992675781
271.6610107421875
272.24798583984375
272.86700439453125
273.4779968261719
274.1000061035156
274.7340087890625
275.3529968261719
276.0090026855469
276.6300048828125
277.3080139160156
277.92498779296875
278.5920104980469
279.17401123046875
279.8269958496094
280.4049987792969
281.0769958496094
281.65301513671875
282.3420104980469
282.9100036621094
283.614990234375
284.17999267578125
284.90399169921875
285.46099853515625
286.1969909667969
286.7460021972656
287.49798583984375
288.03900146484375
288.77801513671875
289.2850036621094
290.010009765625
290.5090026855469
291.2449951171875
291.7340087890625
292.4809875488281
292.9620056152344
293.718994140625
294.1910095214844
294.96099853515625
295.4219970703125
296.1990051269531
296.6499938964844
297.43798828125
297.8789978027344
298.66400146484375
299.0820007324219
299.8630065917969
300.27099609375
301.05999755859375
301.4580078125
302.25299072265625
302.63800048828125
303.44000244140625
303.81500244140625
304.6210021972656
304.9830017089844
305.7950134277344
306.1449890136719
306.96099853515625
307.302001953125
308.1300048828125
308.4639892578125
309.3030090332031
309.6239929199219
310.4670104980469
310.77398681640625
311.6189880371094
311.9119873046875
312.7560119628906
313.03399658203125
313.87799072265625
314.14300537109375
314.9859924316406
315.2359924316406
316.0799865722656
316.3169860839844
317.0509948730469
317.56298828125
318.1780090332031
318.6929931640625
319.2879943847656
319.8070068359375
320.3810119628906
320.8999938964844
321.4519958496094
321.97601318359375
322.510986328125
323.03900146484375
323.5570068359375
324.0840148925781
324.5820007324219
325.1099853515625
325.6159973144531
326.1700134277344
326.6830139160156
327.23699951171875
327.73199462890625
328.2850036621094
328.7590026855469
329.30999755859375
329.7669982910156
330.3160095214844
330.75299072265625
331.2969970703125
331.7149963378906
332.2539978027344
332.6549987792969
333.1889953613281
333.5870056152344
334.1289978027344
334.5249938964844
335.0639953613281
335.4460144042969
335.97900390625
336.34698486328125
336.8760070800781
337.22900390625
337.75299072265625
338.093994140625
338.6159973144531
338.94500732421875
339.4620056152344
339.77899169921875
340.2929992675781
340.5950012207031
341.1029968261719
341.3919982910156
341.8949890136719
342.1719970703125
342.6719970703125
342.9389953613281
343.4330139160156
343.68701171875
344.17401123046875
344.4179992675781
344.9010009765625
345.1319885253906
345.6090087890625
345.8290100097656
346.3009948730469
346.51300048828125
346.9800109863281
270.531005859375
271.1340026855469
271.697998046875
272.3009948730469
272.88299560546875
273.48699951171875
274.0929870605469
274.6990051269531
275.32598876953125
275.92999267578125
276.5780029296875
277.1809997558594
277.8500061035156
278.45098876953125
279.1090087890625
279.6780090332031
280.32000732421875
280.885009765625
281.5450134277344
282.1050109863281
282.781005859375
283.3349914550781
284.02899169921875
284.5769958496094
285.2860107421875
285.8290100097656
286.5530090332031
287.0880126953125
287.822998046875
288.3500061035156
289.0740051269531
289.5679931640625
290.2770080566406
290.76300048828125
291.4840087890625
291.9599914550781
292.6910095214844
293.1570129394531
293.8999938964844
294.3590087890625
295.11199951171875
295.55999755859375
296.3219909667969
296.760986328125
297.531005859375
297.9599914550781
298.7279968261719
299.135986328125
299.89801025390625
300.2980041503906
301.0679931640625
301.45599365234375
302.2309875488281
302.6080017089844
303.3900146484375
303.7560119628906
304.5429992675781
304.89898681640625
305.69000244140625
306.0350036621094
306.8299865722656
307.16400146484375
307.9700012207031
308.2969970703125
309.1130065917969
309.427001953125
310.24700927734375
310.5480041503906
311.3689880371094
311.6549987792969
312.47601318359375
312.7489929199219
313.5719909667969
313.83099365234375
314.6520080566406
314.89898681640625
315.7200012207031
315.9530029296875
316.66900634765625
317.1650085449219
317.76800537109375
318.2690124511719
318.8500061035156
319.3550109863281
319.9179992675781
320.42498779296875
320.9679870605469
321.47601318359375
322.0039978027344
322.5159912109375
323.0270080566406
323.5400085449219
324.0320129394531
324.5469970703125
325.0450134277344
325.58599853515625
326.0929870605469
326.635986328125
327.125
327.6669921875
328.1400146484375
328.6789855957031
329.13299560546875
329.6700134277344
330.1080017089844
330.6419982910156
331.05999755859375
331.5899963378906
331.989990234375
332.5169982910156
332.9169921875
333.4540100097656
333.85198974609375
334.3819885253906
334.7650146484375
335.2909851074219
335.6619873046875
336.1839904785156
336.5400085449219
337.0559997558594
337.39801025390625
337.9119873046875
338.2430114746094
338.7539978027344
339.0719909667969
339.5799865722656
339.885009765625
340.385986328125
340.67999267578125
341.1780090332031
341.4599914550781
341.95098876953125
342.22198486328125
342.71099853515625
342.9700012207031
343.4530029296875
343.70098876953125
344.1789855957031
344.4150085449219
344.885986328125
345.1109924316406
345.5769958496094
345.7950134277344
346.2590026855469
272.32501220703125
272.91400146484375
273.4939880371094
274.0830078125
274.6830139160156
275.2720031738281
275.89300537109375
276.48199462890625
277.12200927734375
277.7090148925781
278.3699951171875
278.95599365234375
279.6059875488281
280.1579895019531
280.79400634765625
281.3420104980469
281.9930114746094
282.5369873046875
283.2030029296875
283.7409973144531
284.4219970703125
284.9570007324219
285.6549987792969
286.1830139160156
286.8919982910156
287.4129943847656
288.135986328125
288.64898681640625
289.3580017089844
289.8380126953125
290.53399658203125
291.0050048828125
291.7099914550781
292.1719970703125
292.88800048828125
293.3420104980469
294.07000732421875
294.5169982910156
295.2550048828125
295.6919860839844
296.43701171875
296.8659973144531
297.6199951171875
298.0400085449219
298.78900146484375
299.18798828125
299.9339904785156
300.3240051269531
301.07598876953125
301.4530029296875
302.2099914550781
302.5780029296875
303.3420104980469
303.70001220703125
304.4700012207031
304.8179931640625
305.5920104980469
305.9289855957031
306.70599365234375
307.0320129394531
307.8169860839844
308.135986328125
308.92999267578125
309.23699951171875
310.0360107421875
310.3290100097656
311.12799072265625
311.4070129394531
312.2080078125
312.4750061035156
313.2760009765625
313.52899169921875
314.3320007324219
314.572998046875
315.3739929199219
315.6000061035156
316.29998779296875
316.78399658203125
317.37200927734375
317.8590087890625
318.42999267578125
318.9200134277344
319.47100830078125
319.9649963378906
320.5
320.99700927734375
321.5150146484375
322.0140075683594
322.5150146484375
323.0159912109375
323.4989929199219
324.00201416015625
324.4930114746094
325.02099609375
325.52301025390625
326.0530090332031
326.5400085449219
327.0690002441406
327.5379943847656
328.0669860839844
328.5199890136719
329.0469970703125
329.4830017089844
330.0069885253906
330.42498779296875
330.9440002441406
331.34600830078125
331.86199951171875
332.2650146484375
332.7929992675781
333.19500732421875
333.7170104980469
334.10400390625
334.62200927734375
334.9939880371094
335.5090026855469
335.8680114746094
336.37701416015625
336.72198486328125
337.22601318359375
337.5589904785156
338.06201171875
338.3840026855469
338.88299560546875
339.1929931640625
339.68701171875
339.9849853515625
340.47698974609375
340.7640075683594
341.25
341.52398681640625
342.0060119628906
342.27099609375
342.74700927734375
343.0
343.47198486328125
343.7139892578125
344.17999267578125
344.4100036621094
344.8710021972656
345.0929870605469
345.5509948730469
345.7659912109375
272.91900634765625
273.4849853515625
274.07000732421875
274.635009765625
275.2380065917969
275.8039855957031
276.427001953125
276.9930114746094
277.635009765625
278.197998046875
278.8590087890625
279.4209899902344
280.07000732421875
280.59698486328125
281.2330017089844
281.7560119628906
282.40899658203125
282.9280090332031
283.593994140625
284.1080017089844
284.7900085449219
285.29901123046875
285.9939880371094
286.49798583984375
287.2070007324219
287.7030029296875
288.4230041503906
288.9110107421875
289.61700439453125
290.07501220703125
290.7659912109375
291.2149963378906
291.9150085449219
292.3559875488281
293.0669860839844
293.50201416015625
294.2239990234375
294.6510009765625
295.3819885253906
295.79998779296875
296.5400085449219
296.9490051269531
297.69500732421875
298.09600830078125
298.8389892578125
299.2170104980469
299.95599365234375
300.32501220703125
301.07000732421875
301.4289855957031
302.1789855957031
302.52899169921875
303.2860107421875
303.625
304.38800048828125
304.7170104980469
305.4840087890625
305.802001953125
306.572998046875
306.8800048828125
307.6579895019531
307.9590148925781
308.7439880371094
309.03399658203125
309.82000732421875
310.0979919433594
310.885986328125
311.15301513671875
311.9410095214844
312.1969909667969
312.9840087890625
313.22698974609375
314.01300048828125
314.2449951171875
315.031005859375
315.2489929199219
315.9309997558594
316.4079895019531
316.9800109863281
317.4599914550781
318.0140075683594
318.49700927734375
319.0350036621094
319.5190124511719
320.0419921875
320.52899169921875
321.0360107421875
321.5249938964844
322.0169982910156
322.5069885253906
322.98199462890625
323.4739990234375
323.9580078125
324.4750061035156
324.9700012207031
325.489990234375
325.968994140625
326.489013671875
326.9519958496094
327.47198486328125
327.91900634765625
328.43798828125
328.8699951171875
329.38800048828125
329.8030090332031
330.3160095214844
330.7149963378906
331.2250061035156
331.625
332.14898681640625
332.5480041503906
333.0660095214844
333.45001220703125
333.9649963378906
334.33599853515625
334.84698486328125
335.2030029296875
335.7090148925781
336.0509948730469
336.5539855957031
336.88299560546875
337.38299560546875
337.70001220703125
338.197998046875
338.5039978027344
339.0
339.2929992675781
339.7850036621094
340.0690002441406
340.5570068359375
340.8280029296875
341.3110046386719
341.5719909667969
342.0509948730469
342.29998779296875
342.77301025390625
343.0119934082031
343.4809875488281
343.7090148925781
344.1730041503906
344.39300537109375
344.8529968261719
345.06500244140625
345.5199890136719
274.60400390625
275.156005859375
275.75299072265625
276.3059997558594
276.9219970703125
277.47198486328125
278.10699462890625
278.6549987792969
279.3080139160156
279.8529968261719
280.4939880371094
281.00799560546875
281.6340026855469
282.1440124511719
282.7850036621094
283.2909851074219
283.947998046875
284.4490051269531
285.1189880371094
285.614990234375
286.29901123046875
286.78900146484375
287.4849853515625
287.968994140625
288.67498779296875
289.1510009765625
289.8450012207031
290.2900085449219
290.968994140625
291.406005859375
292.0929870605469
292.52398681640625
293.2229919433594
293.6470031738281
294.3529968261719
294.7699890136719
295.4859924316406
295.8940124511719
296.61700439453125
297.0159912109375
297.74798583984375
298.1369934082031
298.864013671875
299.2340087890625
299.95599365234375
300.3169860839844
301.04400634765625
301.39599609375
302.1300048828125
302.47198486328125
303.2099914550781
303.5429992675781
304.2869873046875
304.6099853515625
305.3580017089844
305.6700134277344
306.4219970703125
306.7239990234375
307.4840087890625
307.77801513671875
308.5429992675781
308.82598876953125
309.5950012207031
309.8680114746094
310.63800048828125
310.89898681640625
311.6700134277344
311.9200134277344
312.5920104980469
313.0260009765625
313.59100341796875
314.02899169921875
314.5790100097656
315.0169982910156
315.5740051269531
316.0379943847656
316.6000061035156
317.06500244140625
317.61199951171875
318.0820007324219
318.6109924316406
319.0820007324219
319.59600830078125
320.0710144042969
320.57000732421875
321.0480041503906
321.531005859375
322.010986328125
322.4800109863281
322.96099853515625
323.44000244140625
323.9460144042969
324.4339904785156
324.9419860839844
325.4150085449219
325.9230041503906
326.3810119628906
326.8900146484375
327.3349914550781
327.843994140625
328.27301025390625
328.7799987792969
329.19500732421875
329.70001220703125
330.1000061035156
330.60101318359375
331.00201416015625
331.5150146484375
331.9159851074219
332.427001953125
332.81201171875
333.3179931640625
333.68701171875
334.1910095214844
334.5480041503906
335.0480041503906
335.3900146484375
335.885986328125
336.2149963378906
336.7090148925781
337.0270080566406
337.5169982910156
337.82501220703125
338.3139953613281
338.6109924316406
339.0950012207031
339.3819885253906
339.864013671875
340.1409912109375
340.6180114746094
340.88299560546875
341.3550109863281
341.6090087890625
342.07598876953125
342.3190002441406
342.7820129394531
343.0159912109375
343.4739990234375
343.6990051269531
344.15399169921875
344.37200927734375
344.8219909667969
345.0299987792969
275.1159973144531
275.6549987792969
276.24798583984375
276.7860107421875
277.3940124511719
277.9309997558594
278.5580139160156
279.0929870605469
279.7349853515625
280.26800537109375
280.8999938964844
281.4020080566406
282.0190124511719
282.5169982910156
283.14801025390625
283.6419982910156
284.2860107421875
284.7749938964844
285.4339904785156
285.9179992675781
286.5889892578125
287.0679931640625
287.75201416015625
288.2239990234375
288.9169921875
289.3819885253906
290.06201171875
290.49700927734375
291.1629943847656
291.5889892578125
292.2640075683594
292.68499755859375
293.3699951171875
293.7820129394531
294.47601318359375
294.88299560546875
295.5849914550781
295.98199462890625
296.69000244140625
297.0790100097656
297.7950134277344
298.177001953125
298.8890075683594
299.2510070800781
299.95599365234375
300.3089904785156
301.0220031738281
301.3659973144531
302.0830078125
302.4169921875
303.13800048828125
303.4639892578125
304.1910095214844
304.50799560546875
305.239013671875
305.5450134277344
306.27801513671875
306.5740051269531
307.3139953613281
307.6029968261719
308.35101318359375
308.6289978027344
309.37799072265625
309.6449890136719
310.3970031738281
310.65301513671875
311.406005859375
311.6520080566406
312.30999755859375
312.73199462890625
313.2860107421875
313.7130126953125
314.2550048828125
314.6830139160156
315.22900390625
315.6820068359375
316.2349853515625
316.6889953613281
317.2239990234375
317.6820068359375
318.2030029296875
318.6629943847656
319.1679992675781
319.6300048828125
320.12298583984375
320.5870056152344
321.06500244140625
321.531005859375
321.99700927734375
322.46600341796875
322.9410095214844
323.4339904785156
323.9169921875
324.4119873046875
324.8800048828125
325.3760070800781
325.83099365234375
326.3280029296875
326.7699890136719
327.26800537109375
327.69500732421875
328.1919860839844
328.6059875488281
329.10198974609375
329.50201416015625
329.9949951171875
330.39599609375
330.9010009765625
331.3009948730469
331.8030090332031
332.1889953613281
332.68798828125
333.0580139160156
333.552001953125
333.90899658203125
334.4010009765625
334.7449951171875
335.2330017089844
335.56298828125
336.04998779296875
336.3689880371094
336.85198974609375
337.1619873046875
337.6440124511719
337.94500732421875
338.4230041503906
338.7139892578125
339.1889953613281
339.468994140625
339.94000244140625
340.2090148925781
340.6759948730469
340.9330139160156
341.3940124511719
341.6419982910156
342.1000061035156
342.3380126953125
342.7909851074219
343.02099609375
343.47100830078125
343.6929931640625
344.13800048828125
344.35198974609375
344.7929992675781
275.6090087890625
276.135986328125
276.7200012207031
277.24700927734375
277.8489990234375
278.3739929199219
278.9909973144531
279.51300048828125
280.14801025390625
280.6669921875
281.28900146484375
281.77899169921875
282.3900146484375
282.8760070800781
283.49700927734375
283.97900390625
284.6130065917969
285.0899963378906
285.7359924316406
286.2080078125
286.8689880371094
287.3349914550781
288.0069885253906
288.4679870605469
289.14898681640625
289.6029968261719
290.27099609375
290.69500732421875
291.3479919433594
291.7650146484375
292.427001953125
292.8380126953125
293.510009765625
293.9119873046875
294.5920104980469
294.989990234375
295.6780090332031
296.0660095214844
296.7590026855469
297.1419982910156
297.843994140625
298.2179870605469
298.9129943847656
299.2659912109375
299.9570007324219
300.3039855957031
301.0
301.3380126953125
302.0369873046875
302.364990234375
303.07000732421875
303.3900146484375
304.10101318359375
304.4110107421875
305.125
305.4230041503906
306.1390075683594
306.4289855957031
307.15301513671875
307.4360046386719
308.1650085449219
308.43798828125
309.1700134277344
309.4339904785156
310.1659851074219
310.4179992675781
311.0690002441406
311.47900390625
312.03900146484375
312.45001220703125
312.9939880371094
313.40899658203125
313.94000244140625
314.3590087890625
314.8970031738281
315.3389892578125
315.8800048828125
316.322998046875
316.85101318359375
317.2969970703125
317.8089904785156
318.2569885253906
318.7550048828125
319.20599365234375
319.6910095214844
320.1449890136719
320.61700439453125
321.0719909667969
321.5299987792969
321.989013671875
322.4570007324219
322.9389953613281
323.4150085449219
323.8999938964844
324.3630065917969
324.8479919433594
325.29901123046875
325.7860107421875
326.2250061035156
326.7120056152344
327.1369934082031
327.62298583984375
328.0360107421875
328.5220031738281
328.9209899902344
329.4049987792969
329.80499267578125
330.302001953125
330.7019958496094
331.1960144042969
331.5799865722656
332.0710144042969
332.4429931640625
332.9309997558594
333.2879943847656
333.7720031738281
334.114990234375
334.59600830078125
334.927001953125
335.406005859375
335.7250061035156
336.2019958496094
336.5150146484375
336.99200439453125
337.2959899902344
337.76800537109375
338.0610046386719
338.52899169921875
338.81201171875
339.2770080566406
339.54901123046875
340.010009765625
340.2720031738281
340.7279968261719
340.97900390625
341.4320068359375
341.67401123046875
342.12298583984375
342.3559875488281
342.802001953125
343.0299987792969
343.4700012207031
343.6889953613281
344.125
344.33599853515625
277.177001953125
277.6919860839844
278.2860107421875
278.7969970703125
279.4070129394531
279.9179992675781
280.5429992675781
281.04901123046875
281.6629943847656
282.1419982910156
282.7430114746094
283.2179870605469
283.8320007324219
284.302001953125
284.9259948730469
285.3900146484375
286.0260009765625
286.4880065917969
287.135986328125
287.5920104980469
288.25201416015625
288.70098876953125
289.3699951171875
289.81298828125
290.47100830078125
290.885986328125
291.5270080566406
291.9339904785156
292.5830078125
292.9859924316406
293.6440124511719
294.0379943847656
294.7040100097656
295.093994140625
295.76800537109375
296.1470031738281
296.8280029296875
297.2019958496094
297.8900146484375
298.2550048828125
298.93701171875
299.28399658203125
299.96099853515625
300.29998779296875
300.9809875488281
301.30999755859375
301.9949951171875
302.31500244140625
303.0060119628906
303.3190002441406
304.01300048828125
304.3169860839844
305.01300048828125
305.3070068359375
306.0060119628906
306.2919921875
306.99798583984375
307.2760009765625
307.98699951171875
308.2569885253906
308.97198486328125
309.2309875488281
309.94500732421875
310.1929931640625
310.8290100097656
311.2279968261719
311.7770080566406
312.1789855957031
312.7139892578125
313.1189880371094
313.6409912109375
314.0480041503906
314.57598876953125
315.0060119628906
315.5379943847656
315.97100830078125
316.4880065917969
316.92401123046875
317.4280090332031
317.864990234375
318.3550109863281
318.7959899902344
319.27301025390625
319.71600341796875
320.1809997558594
320.62701416015625
321.0790100097656
321.5270080566406
321.989013671875
322.4599914550781
322.9289855957031
323.40301513671875
323.86199951171875
324.3380126953125
324.7850036621094
325.260986328125
325.6960144042969
326.1730041503906
326.59600830078125
327.072998046875
327.4830017089844
327.9590148925781
328.3559875488281
328.8320007324219
329.2300109863281
329.718994140625
330.1159973144531
330.6029968261719
330.9859924316406
331.4700012207031
331.8399963378906
332.3210144042969
332.6789855957031
333.1570129394531
333.5010070800781
333.9739990234375
334.3059997558594
334.7770080566406
335.09698486328125
335.5660095214844
335.8800048828125
336.35198974609375
336.65899658203125
337.12701416015625
337.4209899902344
337.8840026855469
338.16900634765625
338.6289978027344
338.9049987792969
339.3599853515625
339.625
340.07598876953125
340.3320007324219
340.77801513671875
341.02398681640625
341.4670104980469
341.7070007324219
342.14801025390625
342.3789978027344
342.81500244140625
343.03900146484375
343.47198486328125
343.6860046386719
344.114013671875
277.6159973144531
278.11700439453125
278.7040100097656
279.2040100097656
279.8070068359375
280.3059997558594
280.9230041503906
281.4179992675781
282.02301025390625
282.489990234375
283.0830078125
283.5469970703125
284.1520080566406
284.6109924316406
285.22601318359375
285.67999267578125
286.30499267578125
286.7560119628906
287.3940124511719
287.8380126953125
288.4849853515625
288.92401123046875
289.5830078125
290.01800537109375
290.6629943847656
291.0679931640625
291.697998046875
292.09600830078125
292.7340087890625
293.12799072265625
293.77398681640625
294.1600036621094
294.81298828125
295.1940002441406
295.85400390625
296.2250061035156
296.8919982910156
297.25799560546875
297.9330139160156
298.2909851074219
298.96099853515625
299.29998779296875
299.9620056152344
300.2929992675781
300.9590148925781
301.2799987792969
301.9519958496094
302.2659912109375
302.9429931640625
303.2489929199219
303.9289855957031
304.22698974609375
304.9079895019531
305.1960144042969
305.8810119628906
306.1610107421875
306.8500061035156
307.12200927734375
307.8179931640625
308.0820007324219
308.7799987792969
309.0329895019531
309.6619873046875
310.0469970703125
310.5979919433594
310.98699951171875
311.5249938964844
311.9169921875
312.4440002441406
312.8399963378906
313.35198974609375
313.75
314.26800537109375
314.68701171875
315.2090148925781
315.6300048828125
316.1390075683594
316.5639953613281
317.0610046386719
317.4880065917969
317.97100830078125
318.3999938964844
318.87200927734375
319.3030090332031
319.76300048828125
320.1969909667969
320.64599609375
321.08099365234375
321.5379943847656
321.99700927734375
322.4620056152344
322.92401123046875
323.37701416015625
323.8420104980469
324.2850036621094
324.75201416015625
325.1830139160156
325.6510009765625
326.07000732421875
326.53900146484375
326.9469909667969
327.41400146484375
327.8080139160156
328.27398681640625
328.6700134277344
329.1499938964844
329.5469970703125
330.0249938964844
330.4079895019531
330.8840026855469
331.2550048828125
331.72698974609375
332.0849914550781
332.55499267578125
332.9010009765625
333.3680114746094
333.70098876953125
334.16400146484375
334.4849853515625
334.9469909667969
335.2619934082031
335.72601318359375
336.0350036621094
336.4960021972656
336.7959899902344
337.25299072265625
337.5419921875
337.9949951171875
338.2749938964844
338.7250061035156
338.9939880371094
339.4389953613281
339.697998046875
340.1400146484375
340.3890075683594
340.8269958496094
341.0690002441406
341.5060119628906
341.7430114746094
342.17498779296875
342.4010009765625
342.8290100097656
343.0480041503906
343.47198486328125
278.0369873046875
278.52801513671875
279.1080017089844
279.59698486328125
280.1919860839844
280.67999267578125
281.28900146484375
281.7720031738281
282.3689880371094
282.82598876953125
283.4110107421875
283.864013671875
284.4599914550781
284.9079895019531
285.51300048828125
285.9570007324219
286.5740051269531
287.01300048828125
287.6390075683594
288.072998046875
288.71099853515625
289.1409912109375
289.78900146484375
290.2139892578125
290.8479919433594
291.2430114746094
291.86199951171875
292.2510070800781
292.8789978027344
293.26300048828125
293.89801025390625
294.2760009765625
294.9169921875
295.28900146484375
295.93701171875
296.3009948730469
296.95599365234375
297.3139953613281
297.9750061035156
298.32598876953125
298.9809875488281
299.31201171875
299.96099853515625
300.28399658203125
300.93798828125
301.2539978027344
301.9119873046875
302.22100830078125
302.8819885253906
303.1820068359375
303.84698486328125
304.1390075683594
304.8070068359375
305.0889892578125
305.7590026855469
306.0320129394531
306.7070007324219
306.9739990234375
307.65399169921875
307.9119873046875
308.531005859375
308.90301513671875
309.45599365234375
309.8330078125
310.37298583984375
310.75299072265625
311.2829895019531
311.6659851074219
312.1820068359375
312.5679931640625
313.072998046875
313.4620056152344
313.97100830078125
314.3789978027344
314.89300537109375
315.3039855957031
315.8059997558594
316.218994140625
316.7090148925781
317.125
317.6029968261719
318.0220031738281
318.4849853515625
318.906005859375
319.3580017089844
319.7829895019531
320.2250061035156
320.65301513671875
321.10198974609375
321.5509948730469
322.010986328125
322.4630126953125
322.9119873046875
323.364990234375
323.8030090332031
324.2590026855469
324.6860046386719
325.1440124511719
325.5610046386719
326.0199890136719
326.42498779296875
326.8840026855469
327.2760009765625
327.7340087890625
328.12799072265625
328.5979919433594
328.9930114746094
329.4630126953125
329.84600830078125
330.31298828125
330.6839904785156
331.1499938964844
331.5069885253906
331.9700012207031
332.31298828125
332.7749938964844
333.1080017089844
333.5660095214844
333.8869934082031
334.3420104980469
334.6579895019531
335.1159973144531
335.4280090332031
335.88299560546875
336.18499755859375
336.6369934082031
336.92999267578125
337.37701416015625
337.6600036621094
338.10400390625
338.3760070800781
338.8160095214844
339.0780029296875
339.5150146484375
339.76800537109375
340.20001220703125
340.4469909667969
340.87799072265625
341.1180114746094
341.5459899902344
341.77801513671875
342.20098876953125
342.42401123046875
342.8429870605469
343.0580139160156
279.49700927734375
279.97601318359375
280.56298828125
281.0409851074219
281.6409912109375
282.114013671875
282.7030029296875
283.1499938964844
283.72698974609375
284.1679992675781
284.7539978027344
285.1919860839844
285.7900085449219
286.2229919433594
286.8299865722656
287.2590026855469
287.8760070800781
288.3030090332031
288.92999267578125
289.35101318359375
289.9880065917969
290.4020080566406
291.02301025390625
291.40899658203125
292.01800537109375
292.3999938964844
293.0169982910156
293.3940124511719
294.0169982910156
294.385986328125
295.0159912109375
295.3800048828125
296.0169982910156
296.3739929199219
297.0169982910156
297.3680114746094
298.0159912109375
298.3599853515625
299.0010070800781
299.32598876953125
299.9599914550781
300.27801513671875
300.9179992675781
301.2279968261719
301.87200927734375
302.1730041503906
302.8219909667969
303.1159973144531
303.76800537109375
304.0530090332031
304.7070007324219
304.9830017089844
305.6390075683594
305.9070129394531
306.5679931640625
306.8290100097656
307.4419860839844
307.802001953125
308.3559875488281
308.7179870605469
309.260009765625
309.6260070800781
310.1579895019531
310.52801513671875
311.0480041503906
311.4219970703125
311.9309997558594
312.3080139160156
312.8030090332031
313.1830139160156
313.68499755859375
314.0840148925781
314.59100341796875
314.9909973144531
315.4849853515625
315.8890075683594
316.37200927734375
316.77801513671875
317.24700927734375
317.656005859375
318.114013671875
318.5249938964844
318.97198486328125
319.3840026855469
319.8219909667969
320.2380065917969
320.6830139160156
321.1199951171875
321.57501220703125
322.0169982910156
322.4620056152344
322.9049987792969
323.3380126953125
323.7829895019531
324.20599365234375
324.65399169921875
325.0669860839844
325.5169982910156
325.91900634765625
326.3689880371094
326.7590026855469
327.2090148925781
327.60101318359375
328.06201171875
328.45599365234375
328.9169921875
329.29901123046875
329.7590026855469
330.12799072265625
330.58599853515625
330.9429931640625
331.39801025390625
331.74200439453125
332.19500732421875
332.52801513671875
332.97900390625
333.29901123046875
333.7489929199219
334.0660095214844
334.5190124511719
334.8330078125
335.2829895019531
335.5880126953125
336.0350036621094
336.3290100097656
336.7720031738281
337.0559997558594
337.4960021972656
337.7699890136719
338.20599365234375
338.4700012207031
338.9020080566406
339.1579895019531
339.58599853515625
339.83599853515625
340.2640075683594
340.50799560546875
340.9309997558594
341.1659851074219
341.58599853515625
341.81298828125
342.2279968261719
342.4469909667969
342.8580017089844
279.8840026855469
280.364013671875
280.9320068359375
281.40899658203125
281.989990234375
282.4630126953125
283.0329895019531
283.47698974609375
284.0350036621094
284.4739990234375
285.0450134277344
285.4800109863281
286.05999755859375
286.489013671875
287.08099365234375
287.5050048828125
288.1090087890625
288.52801513671875
289.14300537109375
289.5539855957031
290.177001953125
290.5820007324219
291.1919860839844
291.57000732421875
292.1679992675781
292.5400085449219
293.14801025390625
293.51300048828125
294.12799072265625
294.4840087890625
295.1059875488281
295.4570007324219
296.0880126953125
296.4330139160156
297.07000732421875
297.4079895019531
298.04998779296875
298.37799072265625
299.01300048828125
299.322998046875
299.9530029296875
300.2560119628906
300.8900146484375
301.1860046386719
301.82501220703125
302.114013671875
302.7560119628906
303.0360107421875
303.6820068359375
303.9519958496094
304.6000061035156
304.86199951171875
305.4649963378906
305.81500244140625
306.36700439453125
306.7239990234375
307.2699890136719
307.6310119628906
308.1650085449219
308.5299987792969
309.0539855957031
309.4219970703125
309.93499755859375
310.3039855957031
310.8080139160156
311.1809997558594
311.6730041503906
312.0480041503906
312.52899169921875
312.9070129394531
313.39300537109375
313.7919921875
314.28399658203125
314.6830139160156
315.1629943847656
315.5639953613281
316.0320129394531
316.4360046386719
316.89300537109375
317.29901123046875
317.7449951171875
318.1510009765625
318.5889892578125
318.99798583984375
319.4259948730469
319.8370056152344
320.27398681640625
320.7049865722656
321.1510009765625
321.5849914550781
322.0220031738281
322.4580078125
322.885009765625
323.3210144042969
323.739990234375
324.1789855957031
324.5889892578125
325.0299987792969
325.4289855957031
325.8699951171875
326.25799560546875
326.697998046875
327.0880126953125
327.5419921875
327.9330139160156
328.3869934082031
328.76800537109375
329.2200012207031
329.5889892578125
330.0379943847656
330.3940124511719
330.8420104980469
331.1860046386719
331.6319885253906
331.96600341796875
332.4079895019531
332.7300109863281
333.1700134277344
333.489990234375
333.9360046386719
334.25299072265625
334.6969909667969
335.00299072265625
335.4440002441406
335.739990234375
336.1780090332031
336.4639892578125
336.89898681640625
337.17401123046875
337.6050109863281
337.8710021972656
338.29998779296875
338.5559997558594
338.98199462890625
339.23199462890625
339.6579895019531
339.9020080566406
340.3240051269531
340.55999755859375
340.9779968261719
341.2040100097656
341.6199951171875
341.8389892578125
342.2510070800781
342.46099853515625
281.3080139160156
281.77398681640625
282.34698486328125
282.8070068359375
283.36700439453125
283.79998779296875
284.3489990234375
284.77801513671875
285.3380126953125
285.7619934082031
286.3330078125
286.75201416015625
287.3320007324219
287.74700927734375
288.3389892578125
288.74700927734375
289.3479919433594
289.75
290.3609924316406
290.7550048828125
291.3529968261719
291.7200012207031
292.3080139160156
292.6709899902344
293.2669982910156
293.62298583984375
294.2250061035156
294.57501220703125
295.1839904785156
295.52899169921875
296.1470031738281
296.4849853515625
297.1080017089844
297.43701171875
298.06500244140625
298.3869934082031
299.010009765625
299.31500244140625
299.9309997558594
300.22900390625
300.8500061035156
301.1400146484375
301.7659912109375
302.0469970703125
302.6759948730469
302.9490051269531
303.5799865722656
303.8450012207031
304.43798828125
304.7770080566406
305.32501220703125
305.6679992675781
306.2099914550781
306.55999755859375
307.09600830078125
307.4490051269531
307.9750061035156
308.3299865722656
308.8450012207031
309.2049865722656
309.7120056152344
310.0740051269531
310.57000732421875
310.9339904785156
311.4200134277344
311.7860107421875
312.260986328125
312.62799072265625
313.1080017089844
313.4960021972656
313.9830017089844
314.37298583984375
314.84600830078125
315.23699951171875
315.70098876953125
316.093994140625
316.5469970703125
316.9429931640625
317.38800048828125
317.78399658203125
318.2179870605469
318.6159973144531
319.0409851074219
319.4419860839844
319.875
320.2959899902344
320.7380065917969
321.1629943847656
321.59600830078125
322.0220031738281
322.4460144042969
322.87298583984375
323.28900146484375
323.718994140625
324.1260070800781
324.5570068359375
324.9540100097656
325.385986328125
325.7720031738281
326.2030029296875
326.59100341796875
327.0360107421875
327.4259948730469
327.8699951171875
328.2489929199219
328.6940002441406
329.06201171875
329.5050048828125
329.8609924316406
330.3009948730469
330.6449890136719
331.0830078125
331.4169921875
331.85400390625
332.1759948730469
332.6090087890625
332.9289855957031
333.3699951171875
333.68798828125
334.125
334.4330139160156
334.86700439453125
335.16400146484375
335.59600830078125
335.8819885253906
336.31201171875
336.5889892578125
337.0159912109375
337.2820129394531
337.70599365234375
337.9639892578125
338.385009765625
338.6369934082031
339.0589904785156
339.30499267578125
339.7229919433594
339.96099853515625
340.375
340.60400390625
341.0150146484375
341.23699951171875
341.6449890136719
341.8580017089844
342.26300048828125
281.6709899902344
282.125
282.6889953613281
283.13800048828125
283.69000244140625
284.114013671875
284.65301513671875
285.0710144042969
285.6210021972656
286.0350036621094
286.59600830078125
287.0039978027344
287.57501220703125
287.97900390625
288.5589904785156
288.9570007324219
289.5459899902344
289.93701171875
290.5350036621094
290.91900634765625
291.5060119628906
291.8659973144531
292.4419860839844
292.7959899902344
293.3810119628906
293.7279968261719
294.32000732421875
294.6629943847656
295.26300048828125
295.5979919433594
296.2030029296875
296.531005859375
297.1419982910156
297.4639892578125
298.0799865722656
298.3949890136719
299.0069885253906
299.3039855957031
299.9100036621094
300.20098876953125
300.80999755859375
301.0929870605469
301.7049865722656
301.9800109863281
302.5950012207031
302.86199951171875
303.4800109863281
303.739013671875
304.3219909667969
304.65301513671875
305.1910095214844
305.5249938964844
306.0580139160156
306.3999938964844
306.927001953125
307.2720031738281
307.78900146484375
308.13800048828125
308.6449890136719
308.99798583984375
309.4949951171875
309.8500061035156
310.3389892578125
310.6960144042969
311.17401123046875
311.5329895019531
312.0
312.36199951171875
312.8349914550781
313.2139892578125
313.6919860839844
314.072998046875
314.5409851074219
314.92498779296875
315.3819885253906
315.7669982910156
316.2149963378906
316.60198974609375
317.0409851074219
317.4309997558594
317.86199951171875
318.25201416015625
318.6709899902344
319.06298828125
319.49200439453125
319.90301513671875
320.3399963378906
320.7539978027344
321.1839904785156
321.60198974609375
322.02301025390625
322.4419860839844
322.8529968261719
323.27301025390625
323.677001953125
324.1000061035156
324.4930114746094
324.9159851074219
325.29901123046875
325.7229919433594
326.1080017089844
326.5450134277344
326.9330139160156
327.3699951171875
327.74700927734375
328.1820068359375
328.54901123046875
328.9840087890625
329.34100341796875
329.77398681640625
330.1180114746094
330.54901123046875
330.8819885253906
331.31201171875
331.635986328125
332.06201171875
332.3840026855469
332.8169860839844
333.1369934082031
333.5669860839844
333.875
334.3030090332031
334.60101318359375
335.0270080566406
335.3139953613281
335.73699951171875
336.0150146484375
336.43701171875
336.70599365234375
337.1239929199219
337.3840026855469
337.79998779296875
338.05499267578125
338.47100830078125
338.72100830078125
339.1340026855469
339.3739929199219
339.7829895019531
340.0159912109375
340.4230041503906
340.64801025390625
341.04998779296875
341.2669982910156
341.6669921875
341.87701416015625
282.0199890136719
282.4639892578125
283.01800537109375
283.4570007324219
284.0010070800781
284.41400146484375
284.9460144042969
285.35400390625
285.8940124511719
286.2980041503906
286.8479919433594
287.24700927734375
287.8070068359375
288.20098876953125
288.77099609375
289.1579895019531
289.7349853515625
290.1159973144531
290.7019958496094
291.0769958496094
291.65399169921875
292.0050048828125
292.5710144042969
292.9169921875
293.489990234375
293.8299865722656
294.4110107421875
294.74700927734375
295.3340148925781
295.6619873046875
296.2539978027344
296.57598876953125
297.17498779296875
297.489013671875
298.0929870605469
298.4010009765625
299.0010070800781
299.2919921875
299.8869934082031
300.1700134277344
300.76800537109375
301.04400634765625
301.6440124511719
301.9129943847656
302.5159912109375
302.77801513671875
303.35198974609375
303.6709899902344
304.2090148925781
304.5329895019531
305.0610046386719
305.38800048828125
305.90899658203125
306.2449951171875
306.7619934082031
307.10101318359375
307.6090087890625
307.95001220703125
308.4490051269531
308.7950134277344
309.2850036621094
309.6319885253906
310.1130065917969
310.4639892578125
310.9360046386719
311.2879943847656
311.75
312.1029968261719
312.57000732421875
312.94000244140625
313.4129943847656
313.7850036621094
314.24700927734375
314.6210021972656
315.07501220703125
315.4530029296875
315.8970031738281
316.2749938964844
316.7090148925781
317.0889892578125
317.5159912109375
317.89898681640625
318.3160095214844
318.6990051269531
319.1239929199219
319.5249938964844
319.9590148925781
320.36199951171875
320.7879943847656
321.19500732421875
321.6130065917969
322.02301025390625
322.4309997558594
322.8429870605469
323.24200439453125
323.656005859375
324.0469970703125
324.46099853515625
324.84100341796875
325.2560119628906
325.6400146484375
326.0679931640625
326.4540100097656
326.88299560546875
327.2590026855469
327.68701171875
328.052001953125
328.4800109863281
328.83599853515625
329.2619934082031
329.6050109863281
330.02801513671875
330.36199951171875
330.7850036621094
331.1080017089844
331.52899169921875
331.85101318359375
332.27899169921875
332.5979919433594
333.02301025390625
333.33099365234375
333.75299072265625
334.0509948730469
334.47100830078125
334.760009765625
335.177001953125
335.45599365234375
335.8710021972656
336.1409912109375
336.55499267578125
336.8160095214844
337.22698974609375
337.4840087890625
337.89599609375
338.14801025390625
338.5559997558594
338.79998779296875
339.2040100097656
339.4389953613281
339.8420104980469
340.07000732421875
340.468994140625
340.68798828125
341.0840148925781
341.2959899902344
341.69000244140625
283.3380126953125
283.76800537109375
284.3009948730469
284.7049865722656
285.22698974609375
285.6260070800781
286.1570129394531
286.552001953125
287.0920104980469
287.48199462890625
288.031005859375
288.4169921875
288.9750061035156
289.35400390625
289.91900634765625
290.2919921875
290.864013671875
291.23199462890625
291.7969970703125
292.1409912109375
292.69500732421875
293.03399658203125
293.59600830078125
293.92999267578125
294.4989929199219
294.8280029296875
295.40301513671875
295.7229919433594
296.3030090332031
296.6180114746094
297.2049865722656
297.51300048828125
298.1059875488281
298.4070129394531
298.9939880371094
299.2799987792969
299.8609924316406
300.1400146484375
300.7250061035156
300.99700927734375
301.5849914550781
301.8500061035156
302.41400146484375
302.7229919433594
303.2590026855469
303.5719909667969
304.0989990234375
304.4159851074219
304.9339904785156
305.2550048828125
305.76800537109375
306.0950012207031
306.6029968261719
306.9339904785156
307.43499755859375
307.7699890136719
308.260986328125
308.5979919433594
309.0820007324219
309.4219970703125
309.8949890136719
310.2380065917969
310.7040100097656
311.04998779296875
311.5060119628906
311.85400390625
312.31500244140625
312.6780090332031
313.14300537109375
313.50799560546875
313.96600341796875
314.3320007324219
314.781005859375
315.1499938964844
315.5889892578125
315.9599914550781
316.3890075683594
316.760986328125
317.1820068359375
317.5570068359375
317.97198486328125
318.34698486328125
318.76800537109375
319.1610107421875
319.5899963378906
319.9859924316406
320.406005859375
320.80499267578125
321.2179870605469
321.6180114746094
322.02398681640625
322.427001953125
322.8240051269531
323.2279968261719
323.6159973144531
324.02099609375
324.4010009765625
324.8070068359375
325.19000244140625
325.6080017089844
325.9930114746094
326.4119873046875
326.7869873046875
327.20599365234375
327.57000732421875
327.989013671875
328.343994140625
328.76300048828125
329.1059875488281
329.52301025390625
329.8550109863281
330.27099609375
330.593994140625
331.00799560546875
331.3299865722656
331.7510070800781
332.07000732421875
332.489013671875
332.7969970703125
333.2149963378906
333.5150146484375
333.9289855957031
334.2179870605469
334.6289978027344
334.90899658203125
335.3190002441406
335.5899963378906
335.99700927734375
336.260986328125
336.6669921875
336.9259948730469
337.3320007324219
337.5849914550781
337.989013671875
338.2340087890625
338.635986328125
338.87298583984375
339.2720031738281
339.5010070800781
339.8970031738281
340.1189880371094
340.5119934082031
340.72601318359375
341.114013671875
341.3219909667969
283.64898681640625
284.0669860839844
284.5899963378906
284.9849853515625
285.49798583984375
285.8890075683594
286.4110107421875
286.7969970703125
287.3290100097656
287.7099914550781
288.2489929199219
288.625
289.1730041503906
289.54400634765625
290.09698486328125
290.46099853515625
291.02398681640625
291.3819885253906
291.93499755859375
292.2720031738281
292.8169860839844
293.14801025390625
293.6990051269531
294.0260009765625
294.5849914550781
294.9049987792969
295.4679870605469
295.7820129394531
296.35198974609375
296.6610107421875
297.2349853515625
297.5369873046875
298.11700439453125
298.4119873046875
298.98699951171875
299.2669982910156
299.8380126953125
300.1109924316406
300.68499755859375
300.95001220703125
301.5069885253906
301.8070068359375
302.34100341796875
302.6440124511719
303.1679992675781
303.4739990234375
303.9909973144531
304.302001953125
304.80999755859375
305.125
305.62799072265625
305.9490051269531
306.4490051269531
306.7749938964844
307.2659912109375
307.5950012207031
308.0799865722656
308.4110107421875
308.885009765625
309.218994140625
309.6860046386719
310.0220031738281
310.48199462890625
310.82000732421875
311.27301025390625
311.6130065917969
312.0690002441406
312.4230041503906
312.885009765625
313.2430114746094
313.69500732421875
314.0539855957031
314.49798583984375
314.8599853515625
315.2950134277344
315.656005859375
316.0820007324219
316.44500732421875
316.864013671875
317.22900390625
317.6400146484375
318.00799560546875
318.42498779296875
318.8089904785156
319.2330017089844
319.6199951171875
320.0369873046875
320.427001953125
320.8370056152344
321.22900390625
321.6310119628906
322.0260009765625
322.41900634765625
322.81500244140625
323.20001220703125
323.59698486328125
323.9739990234375
324.37298583984375
324.75299072265625
325.16400146484375
325.5450134277344
325.9570007324219
326.3269958496094
326.739013671875
327.10101318359375
327.51300048828125
327.864990234375
328.2760009765625
328.6180114746094
329.02899169921875
329.3609924316406
329.77099609375
330.0929870605469
330.5
330.8210144042969
331.2359924316406
331.5559997558594
331.9679870605469
332.2770080566406
332.68798828125
332.9880065917969
333.39801025390625
333.6889953613281
334.0950012207031
334.3760070800781
334.77801513671875
335.0509948730469
335.4530029296875
335.7179870605469
336.1180114746094
336.37799072265625
336.7799987792969
337.0350036621094
337.4339904785156
337.6809997558594
338.0769958496094
338.3169860839844
338.7120056152344
338.9440002441406
339.3349914550781
339.5589904785156
339.947998046875
340.1650085449219
340.54998779296875
340.760009765625
341.14300537109375
283.9469909667969
284.3559875488281
284.8710021972656
285.25799560546875
285.7619934082031
286.1440124511719
286.6570129394531
287.0350036621094
287.5559997558594
287.9289855957031
288.4580078125
288.8269958496094
289.364013671875
289.72601318359375
290.2699890136719
290.62701416015625
291.177001953125
291.52801513671875
292.0710144042969
292.4010009765625
292.9339904785156
293.25799560546875
293.79901123046875
294.11700439453125
294.6650085449219
294.9779968261719
295.5329895019531
295.8399963378906
296.39898681640625
296.70001220703125
297.2640075683594
297.5580139160156
298.1260070800781
298.4129943847656
298.9779968261719
299.2510070800781
299.81201171875
300.0790100097656
300.64300537109375
300.9020080566406
301.4490051269531
301.7430114746094
302.2650146484375
302.56298828125
303.0780029296875
303.3789978027344
303.885986328125
304.1910095214844
304.6889953613281
304.99798583984375
305.4930114746094
305.8080139160156
306.29901123046875
306.6180114746094
307.10198974609375
307.42401123046875
307.9010009765625
308.22698974609375
308.6960144042969
309.02301025390625
309.4840087890625
309.8139953613281
310.2690124511719
310.6000061035156
311.0469970703125
311.3810119628906
311.8330078125
312.1809997558594
312.6369934082031
312.98699951171875
313.43499755859375
313.7850036621094
314.2239990234375
314.5780029296875
315.0090026855469
315.364990234375
315.7860107421875
316.1419982910156
316.5570068359375
316.9150085449219
317.3210144042969
317.6809997558594
318.093994140625
318.4700012207031
318.8909912109375
319.2690124511719
319.6820068359375
320.0639953613281
320.468994140625
320.85198974609375
321.2489929199219
321.6369934082031
322.0270080566406
322.4150085449219
322.7969970703125
323.1860046386719
323.55999755859375
323.95098876953125
324.3269958496094
324.7300109863281
325.1090087890625
325.51300048828125
325.8819885253906
326.2850036621094
326.6449890136719
327.04901123046875
327.39898681640625
327.8030090332031
328.1440124511719
328.5480041503906
328.8800048828125
329.2829895019531
329.6050109863281
330.0060119628906
330.32598876953125
330.7349853515625
331.05499267578125
331.46099853515625
331.77099609375
332.17498779296875
332.47601318359375
332.87799072265625
333.1700134277344
333.5719909667969
333.85400390625
334.25201416015625
334.52398681640625
334.9209899902344
335.1860046386719
335.5820007324219
335.8429870605469
336.239013671875
336.4960021972656
336.8900146484375
337.1400146484375
337.5320129394531
337.7749938964844
338.16400146484375
338.39801025390625
338.78399658203125
339.010986328125
339.3949890136719
339.6159973144531
339.99700927734375
340.2099914550781
340.5880126953125
285.1440124511719
285.52301025390625
286.01800537109375
286.3909912109375
286.8949890136719
287.2650146484375
287.77801513671875
288.1419982910156
288.6610107421875
289.02099609375
289.54901123046875
289.90301513671875
290.43701171875
290.7860107421875
291.3269958496094
291.6700134277344
292.2019958496094
292.52398681640625
293.0469970703125
293.364990234375
293.8940124511719
294.2070007324219
294.7439880371094
295.0509948730469
295.5929870605469
295.8949890136719
296.4429931640625
296.7380065917969
297.2900085449219
297.5780029296875
298.1340026855469
298.4169921875
298.968994140625
299.239013671875
299.7869873046875
300.0509948730469
300.60198974609375
300.85699462890625
301.3919982910156
301.67999267578125
302.1940002441406
302.4840087890625
302.9909973144531
303.2860107421875
303.78399658203125
304.0830078125
304.572998046875
304.875
305.3609924316406
305.6709899902344
306.1549987792969
306.4679870605469
306.9440002441406
307.260009765625
307.7300109863281
308.04901123046875
308.5140075683594
308.8340148925781
309.2909851074219
309.614013671875
310.06298828125
310.38800048828125
310.8299865722656
311.1579895019531
311.60400390625
311.9460144042969
312.3970031738281
312.7409973144531
313.1839904785156
313.5270080566406
313.9620056152344
314.3080139160156
314.7340087890625
315.0820007324219
315.5
315.8489990234375
316.260009765625
316.6109924316406
317.0140075683594
317.3659973144531
317.7760009765625
318.1440124511719
318.55999755859375
318.92999267578125
319.3389892578125
319.7130126953125
320.1130065917969
320.4880065917969
320.8810119628906
321.260009765625
321.64599609375
322.0270080566406
322.406005859375
322.7879943847656
323.15899658203125
323.5419921875
323.9150085449219
324.30999755859375
324.6860046386719
325.08099365234375
325.4490051269531
325.8450012207031
326.2030029296875
326.5989990234375
326.9469909667969
327.3429870605469
327.6830139160156
328.0799865722656
328.4110107421875
328.8080139160156
329.1289978027344
329.52301025390625
329.843994140625
330.2460021972656
330.5660095214844
330.96600341796875
331.2760009765625
331.67498779296875
331.97601318359375
332.37298583984375
332.66400146484375
333.05999755859375
333.3429870605469
333.7349853515625
334.0090026855469
334.3999938964844
334.6659851074219
335.0570068359375
335.3190002441406
335.7099914550781
335.968994140625
336.3590087890625
336.6109924316406
336.99798583984375
337.2430114746094
337.62799072265625
337.864990234375
338.2460021972656
338.47601318359375
338.85400390625
339.0769958496094
339.4540100097656
339.66900634765625
340.04400634765625
340.25201416015625
285.4129943847656
285.7869873046875
286.2690124511719
286.63800048828125
287.1300048828125
287.4949951171875
287.9949951171875
288.3529968261719
288.8599853515625
289.2149963378906
289.7300109863281
290.0769958496094
290.6000061035156
290.9419860839844
291.47198486328125
291.8070068359375
292.3290100097656
292.6440124511719
293.1570129394531
293.4670104980469
293.9880065917969
294.2919921875
294.8190002441406
295.1180114746094
295.6520080566406
295.9440002441406
296.4830017089844
296.7669982910156
297.3110046386719
297.5899963378906
298.1400146484375
298.4110107421875
298.95001220703125
299.22601318359375
299.74700927734375
300.0270080566406
300.5400085449219
300.8219909667969
301.3280029296875
301.614990234375
302.114013671875
302.4049987792969
302.8970031738281
303.1919860839844
303.6759948730469
303.9729919433594
304.45098876953125
304.75201416015625
305.22698974609375
305.5350036621094
306.0069885253906
306.3179931640625
306.7829895019531
307.09698486328125
307.5570068359375
307.875
308.3290100097656
308.64801025390625
309.093994140625
309.4159851074219
309.8559875488281
310.17999267578125
310.6130065917969
310.93798828125
311.37701416015625
311.7149963378906
312.1570129394531
312.49700927734375
312.9320068359375
313.27398681640625
313.70098876953125
314.0450134277344
314.4639892578125
314.8080139160156
315.2179870605469
315.56298828125
315.9679870605469
316.3160095214844
316.7120056152344
317.0589904785156
317.4630126953125
317.8269958496094
318.23699951171875
318.60101318359375
319.00299072265625
319.3699951171875
319.7659912109375
320.135009765625
320.52398681640625
320.89599609375
321.27899169921875
321.6520080566406
322.0270080566406
322.4010009765625
322.76800537109375
323.1440124511719
323.5140075683594
323.90301513671875
324.2749938964844
324.66400146484375
325.0270080566406
325.4159851074219
325.7720031738281
326.1619873046875
326.50799560546875
326.8970031738281
327.2359924316406
327.6260070800781
327.95599365234375
328.343994140625
328.6659851074219
329.0539855957031
329.3739929199219
329.7699890136719
330.0899963378906
330.4840087890625
330.79400634765625
331.1860046386719
331.4880065917969
331.8789978027344
332.1709899902344
332.55999755859375
332.8420104980469
333.2300109863281
333.50299072265625
333.8900146484375
334.156005859375
334.5409851074219
334.8039855957031
335.1919860839844
335.45001220703125
335.8370056152344
336.0880126953125
336.4729919433594
336.71600341796875
337.0989990234375
337.3349914550781
337.71600341796875
337.9429931640625
338.3210144042969
338.5419921875
338.9179992675781
339.1310119628906
339.5050048828125
339.7130126953125
340.0849914550781
285.67999267578125
286.0459899902344
286.52099609375
286.8810119628906
287.364013671875
287.7200012207031
288.2099914550781
288.55999755859375
289.0570068359375
289.40301513671875
289.9079895019531
290.24700927734375
290.75799560546875
291.0920104980469
291.6109924316406
291.94000244140625
292.45098876953125
292.7590026855469
293.2619934082031
293.5639953613281
294.0740051269531
294.37200927734375
294.88800048828125
295.1809997558594
295.7030029296875
295.9880065917969
296.5140075683594
296.7929992675781
297.32501220703125
297.59698486328125
298.1310119628906
298.4020080566406
298.927001953125
299.1969909667969
299.7099914550781
299.9840087890625
300.4880065917969
300.7640075683594
301.260986328125
301.5419921875
302.03399658203125
302.3179931640625
302.8030090332031
303.09100341796875
303.5690002441406
303.8590087890625
304.3290100097656
304.62298583984375
305.0920104980469
305.3940124511719
305.8590087890625
306.16400146484375
306.6239929199219
306.9320068359375
307.385009765625
307.6969909667969
308.1449890136719
308.4590148925781
308.89898681640625
309.2149963378906
309.6510009765625
309.9700012207031
310.4010009765625
310.72100830078125
311.15399169921875
311.4849853515625
311.9219970703125
312.2560119628906
312.68499755859375
313.02099609375
313.4440002441406
313.781005859375
314.1969909667969
314.5360107421875
314.9440002441406
315.2829895019531
315.6830139160156
316.02301025390625
316.4169921875
316.7590026855469
317.1579895019531
317.5150146484375
317.9209899902344
318.27899169921875
318.677001953125
319.0369873046875
319.4280090332031
319.7909851074219
320.177001953125
320.5419921875
320.9200134277344
321.2860107421875
321.6579895019531
322.0249938964844
322.3890075683594
322.75799560546875
323.125
323.5050048828125
323.875
324.2569885253906
324.6180114746094
325.0
325.3529968261719
325.7359924316406
326.08099365234375
326.4639892578125
326.8009948730469
327.1839904785156
327.51300048828125
327.89599609375
328.2139892578125
328.59600830078125
328.9159851074219
329.3059997558594
329.6260070800781
330.0140075683594
330.3240051269531
330.71099853515625
331.01300048828125
331.3970031738281
331.6889953613281
332.072998046875
332.3550109863281
332.7359924316406
333.0090026855469
333.3890075683594
333.656005859375
334.0360107421875
334.2980041503906
334.6809997558594
334.9410095214844
335.3219909667969
335.5740051269531
335.9540100097656
336.197998046875
336.57598876953125
336.81298828125
337.1889953613281
337.4179992675781
337.7919921875
338.01300048828125
338.385009765625
338.6000061035156
338.9700012207031
339.17999267578125
339.54901123046875
339.75299072265625
286.76300048828125
287.1159973144531
287.5899963378906
287.93798828125
288.4179992675781
288.760009765625
289.24798583984375
289.5870056152344
290.08099365234375
290.4129943847656
290.9129943847656
291.239990234375
291.74798583984375
292.07000732421875
292.57000732421875
292.87200927734375
293.364013671875
293.6610107421875
294.1600036621094
294.4519958496094
294.9570007324219
295.2439880371094
295.7539978027344
296.03399658203125
296.5480041503906
296.8219909667969
297.3399963378906
297.60699462890625
298.12701416015625
298.3909912109375
298.9070129394531
299.1709899902344
299.67498779296875
299.9429931640625
300.4389953613281
300.7090148925781
301.1969909667969
301.4729919433594
301.95599365234375
302.2359924316406
302.7120056152344
302.9949951171875
303.4639892578125
303.75
304.21099853515625
304.5
304.96099853515625
305.25799560546875
305.7179870605469
306.0169982910156
306.4700012207031
306.7720031738281
307.2200012207031
307.5260009765625
307.9679870605469
308.2760009765625
308.7130126953125
309.0220031738281
309.4530029296875
309.7659912109375
310.1919860839844
310.5090026855469
310.9360046386719
311.2619934082031
311.6929931640625
312.02099609375
312.4469909667969
312.7770080566406
313.1940002441406
313.5260009765625
313.93798828125
314.2720031738281
314.6759948730469
315.010009765625
315.4070129394531
315.74200439453125
316.1300048828125
316.46600341796875
316.8609924316406
317.21099853515625
317.6130065917969
317.96600341796875
318.3599853515625
318.7130126953125
319.10198974609375
319.4570007324219
319.8389892578125
320.1960144042969
320.5719909667969
320.9309997558594
321.29901123046875
321.65899658203125
322.02099609375
322.38299560546875
322.74798583984375
323.1210021972656
323.48699951171875
323.86199951171875
324.22100830078125
324.5950012207031
324.9469909667969
325.322998046875
325.6659851074219
326.0419921875
326.37701416015625
326.75299072265625
327.0799865722656
327.4570007324219
327.7749938964844
328.1510009765625
328.468994140625
328.8529968261719
329.1719970703125
329.55499267578125
329.864990234375
330.24700927734375
330.5480041503906
330.927001953125
331.2179870605469
331.59600830078125
331.87799072265625
332.2539978027344
332.52801513671875
332.9020080566406
333.1679992675781
333.5409851074219
333.80499267578125
334.1830139160156
334.4429931640625
334.8179931640625
335.0710144042969
335.4460144042969
335.6910095214844
336.0639953613281
336.302001953125
336.6730041503906
336.90301513671875
337.27301025390625
337.4960021972656
337.8630065917969
338.0799865722656
338.44500732421875
338.6570129394531
339.02099609375
339.2279968261719
339.5899963378906
286.99798583984375
287.3420104980469
287.8080139160156
288.14801025390625
288.6199951171875
288.95599365234375
289.43499755859375
289.7669982910156
290.2510070800781
290.57501220703125
291.06500244140625
291.385009765625
291.8819885253906
292.1969909667969
292.68701171875
292.9830017089844
293.46600341796875
293.7569885253906
294.2449951171875
294.5329895019531
295.0270080566406
295.3089904785156
295.8070068359375
296.08099365234375
296.5830078125
296.85198974609375
297.3580017089844
297.6199951171875
298.1300048828125
298.385986328125
298.8909912109375
299.14801025390625
299.64300537109375
299.9049987792969
300.39300537109375
300.6579895019531
301.1400146484375
301.4079895019531
301.8840026855469
302.156005859375
302.6260070800781
302.9020080566406
303.364013671875
303.64300537109375
304.1000061035156
304.3819885253906
304.8370056152344
305.12799072265625
305.5830078125
305.8760070800781
306.32501220703125
306.6199951171875
307.06201171875
307.3609924316406
307.7980041503906
308.1000061035156
308.5320129394531
308.8370056152344
309.2640075683594
309.57000732421875
309.9930114746094
310.3009948730469
310.72601318359375
311.0450134277344
311.47198486328125
311.79400634765625
312.2149963378906
312.53900146484375
312.9540100097656
313.27899169921875
313.6860046386719
314.01300048828125
314.4150085449219
314.7439880371094
315.135986328125
315.46600341796875
315.85198974609375
316.1820068359375
316.572998046875
316.9169921875
317.3139953613281
317.6600036621094
318.052001953125
318.39898681640625
318.7829895019531
319.13299560546875
319.5119934082031
319.86199951171875
320.2330017089844
320.58599853515625
320.95098876953125
321.30499267578125
321.6629943847656
322.0190124511719
322.3800048828125
322.7460021972656
323.1090087890625
323.47698974609375
323.8330078125
324.2019958496094
324.54998779296875
324.9200134277344
325.260986328125
325.6310119628906
325.9639892578125
326.3340148925781
326.65899658203125
327.02899169921875
327.34600830078125
327.71600341796875
328.03399658203125
328.4119873046875
328.7300109863281
329.10699462890625
329.4169921875
329.7929992675781
330.0929870605469
330.4670104980469
330.7569885253906
331.1300048828125
331.4119873046875
331.7820129394531
332.0559997558594
332.4259948730469
332.6910095214844
333.0589904785156
333.3219909667969
333.69500732421875
333.95599365234375
334.3269958496094
334.58099365234375
334.9490051269531
335.1969909667969
335.5639953613281
335.8039855957031
336.16900634765625
336.4010009765625
336.7640075683594
336.989013671875
337.35198974609375
337.5710144042969
337.9320068359375
338.1449890136719
338.5050048828125
338.7139892578125
339.0719909667969
339.2749938964844
288.02099609375
288.35400390625
288.8179931640625
289.1470031738281
289.61700439453125
289.9410095214844
290.4159851074219
290.7340087890625
291.2130126953125
291.5270080566406
292.0140075683594
292.322998046875
292.8030090332031
293.093994140625
293.5669860839844
293.85400390625
294.3320007324219
294.614990234375
295.0979919433594
295.3739929199219
295.8590087890625
296.1289978027344
296.6199951171875
296.885009765625
297.385009765625
297.6289978027344
298.135009765625
298.385009765625
298.8810119628906
299.1310119628906
299.61700439453125
299.87200927734375
300.3529968261719
300.61199951171875
301.0870056152344
301.3489990234375
301.8179931640625
302.0840148925781
302.5469970703125
302.8160095214844
303.27301025390625
303.5459899902344
303.9960021972656
304.27099609375
304.7200012207031
305.0039978027344
305.4540100097656
305.74200439453125
306.18499755859375
306.4750061035156
306.9119873046875
307.2040100097656
307.6369934082031
307.9320068359375
308.3609924316406
308.65899658203125
309.0820007324219
309.38299560546875
309.8009948730469
310.1050109863281
310.52398681640625
310.83599853515625
311.2569885253906
311.5740051269531
311.989990234375
312.30999755859375
312.7200012207031
313.0400085449219
313.4429931640625
313.7640075683594
314.1600036621094
314.4830017089844
314.87298583984375
315.1969909667969
315.5799865722656
315.9049987792969
316.2929992675781
316.6319885253906
317.0249938964844
317.364990234375
317.75201416015625
318.0929870605469
318.4739990234375
318.8169860839844
319.1910095214844
319.5350036621094
319.90301513671875
320.25
320.61199951171875
320.9599914550781
321.31500244140625
321.66400146484375
322.0220031738281
322.3819885253906
322.7409973144531
323.10198974609375
323.4549865722656
323.8179931640625
324.16400146484375
324.5270080566406
324.8659973144531
325.2300109863281
325.56201171875
325.9259948730469
326.2510070800781
326.614013671875
326.92999267578125
327.2919921875
327.6099853515625
327.98199462890625
328.29998779296875
328.6700134277344
328.9800109863281
329.3500061035156
329.6499938964844
330.0169982910156
330.3080139160156
330.67498779296875
330.9580078125
331.3219909667969
331.59600830078125
331.9590148925781
332.2250061035156
332.5870056152344
332.85101318359375
333.2179870605469
333.4809875488281
333.84600830078125
334.10101318359375
334.46600341796875
334.7130126953125
335.07501220703125
335.31500244140625
335.677001953125
335.90899658203125
336.26800537109375
336.4939880371094
336.85198974609375
337.0710144042969
337.4280090332031
337.6440124511719
338.0
338.2099914550781
338.5639953613281
338.76800537109375
339.1210021972656
288.22698974609375
288.5539855957031
289.010009765625
289.3330078125
289.79400634765625
290.11199951171875
290.5769958496094
290.88800048828125
291.3590087890625
291.6659851074219
292.1440124511719
292.4469909667969
292.9179992675781
293.2040100097656
293.6679992675781
293.95098876953125
294.41900634765625
294.6969909667969
295.16900634765625
295.4410095214844
295.9159851074219
296.1820068359375
296.6600036621094
296.9200134277344
297.40899658203125
297.6470031738281
298.1440124511719
298.38800048828125
298.87701416015625
299.1199951171875
299.5989990234375
299.84600830078125
300.32000732421875
300.5719909667969
301.0400085449219
301.2950134277344
301.75799560546875
302.01800537109375
302.4750061035156
302.7380065917969
303.1889953613281
303.4549865722656
303.9010009765625
304.16900634765625
304.614013671875
304.8900146484375
305.3349914550781
305.614990234375
306.0539855957031
306.3370056152344
306.77099609375
307.0559997558594
307.4859924316406
307.77398681640625
308.20001220703125
308.4909973144531
308.9100036621094
309.2040100097656
309.6180114746094
309.9150085449219
310.3299865722656
310.635986328125
311.052001953125
311.3609924316406
311.77301025390625
312.08599853515625
312.49200439453125
312.8070068359375
313.20599365234375
313.5220031738281
313.91400146484375
314.2309875488281
314.6180114746094
314.93701171875
315.3169860839844
315.635986328125
316.02099609375
316.3529968261719
316.7439880371094
317.0769958496094
317.46099853515625
317.7959899902344
318.1730041503906
318.510009765625
318.8800048828125
319.2179870605469
319.5820007324219
319.9219970703125
320.281005859375
320.62298583984375
320.9750061035156
321.3190002441406
321.6730041503906
322.0260009765625
322.38299560546875
322.739013671875
323.0889892578125
323.44500732421875
323.78900146484375
324.1449890136719
324.4830017089844
324.8399963378906
325.1700134277344
325.52801513671875
325.85101318359375
326.2090148925781
326.52398681640625
326.8819885253906
327.197998046875
327.56298828125
327.8800048828125
328.2449951171875
328.5530090332031
328.9179992675781
329.2170104980469
329.5790100097656
329.8689880371094
330.2300109863281
330.5119934082031
330.87298583984375
331.14599609375
331.5050048828125
331.7699890136719
332.12701416015625
332.3919982910156
332.7539978027344
333.0169982910156
333.37701416015625
333.6319885253906
333.9909973144531
334.239013671875
334.59698486328125
334.8380126953125
335.1940002441406
335.4280090332031
335.7820129394531
336.0090026855469
336.36199951171875
336.5830078125
336.93499755859375
337.1520080566406
337.5039978027344
337.7170104980469
338.0669860839844
338.27301025390625
338.6199951171875
288.4280090332031
288.74798583984375
289.1960144042969
289.5119934082031
289.96600341796875
290.2770080566406
290.7340087890625
291.0400085449219
291.50201416015625
291.8030090332031
292.27099609375
292.5679931640625
293.0299987792969
293.31201171875
293.7690124511719
294.0459899902344
294.5060119628906
294.77899169921875
295.24200439453125
295.50799560546875
295.9729919433594
296.2340087890625
296.7030029296875
296.9590148925781
297.4289855957031
297.67999267578125
298.1579895019531
298.3949890136719
298.875
299.114013671875
299.5849914550781
299.8269958496094
300.2929992675781
300.53900146484375
301.0010070800781
301.25
301.7049865722656
301.9580078125
302.4100036621094
302.6669921875
303.11199951171875
303.3710021972656
303.81201171875
304.07501220703125
304.5140075683594
304.7850036621094
305.2229919433594
305.49700927734375
305.9309997558594
306.2080078125
306.6369934082031
306.9169921875
307.3420104980469
307.625
308.0450134277344
308.33099365234375
308.7449951171875
309.0329895019531
309.4429931640625
309.7349853515625
310.14599609375
310.4440002441406
310.8559875488281
311.1579895019531
311.56500244140625
311.8710021972656
312.27301025390625
312.58099365234375
312.97698974609375
313.2869873046875
313.67498779296875
313.98699951171875
314.3689880371094
314.6830139160156
315.0589904785156
315.375
315.7550048828125
316.0830078125
316.468994140625
316.7980041503906
317.177001953125
317.5060119628906
317.8800048828125
318.21099853515625
318.5780029296875
318.9100036621094
319.2699890136719
319.6050109863281
319.9590148925781
320.2959899902344
320.64300537109375
320.9809875488281
321.33099365234375
321.67999267578125
322.03399658203125
322.38299560546875
322.7309875488281
323.08099365234375
323.4230041503906
323.77398681640625
324.1080017089844
324.4599914550781
324.7869873046875
325.1400146484375
325.46099853515625
325.81298828125
326.12701416015625
326.47900390625
326.79400634765625
327.1549987792969
327.4700012207031
327.8290100097656
328.135986328125
328.4949951171875
328.7929992675781
329.1510009765625
329.44000244140625
329.7959899902344
330.07598876953125
330.4309997558594
330.7049865722656
331.0589904785156
331.32501220703125
331.6780090332031
331.9419860839844
332.29998779296875
332.56201171875
332.9179992675781
333.17401123046875
333.52801513671875
333.77801513671875
334.1300048828125
334.37298583984375
334.7229919433594
334.9590148925781
335.3070068359375
335.5369873046875
335.8840026855469
336.1059875488281
336.4519958496094
336.6700134277344
337.01800537109375
337.23199462890625
337.5790100097656
337.7879943847656
338.1319885253906
338.3349914550781
289.37701416015625
289.6860046386719
290.1319885253906
290.43499755859375
290.885986328125
291.18701171875
291.6419982910156
291.93701171875
292.39599609375
292.68701171875
293.1409912109375
293.41900634765625
293.86700439453125
294.1390075683594
294.59100341796875
294.8590087890625
295.31298828125
295.57501220703125
296.0320129394531
296.28900146484375
296.74798583984375
296.9989929199219
297.47100830078125
297.697998046875
298.1789855957031
298.4079895019531
298.8810119628906
299.11199951171875
299.5790100097656
299.81298828125
300.27398681640625
300.5119934082031
300.968994140625
301.21099853515625
301.6610107421875
301.9070129394531
302.3529968261719
302.6029968261719
303.0429992675781
303.2950134277344
303.7300109863281
303.98699951171875
304.4219970703125
304.68499755859375
305.1199951171875
305.3869934082031
305.8169860839844
306.0870056152344
306.5140075683594
306.7869873046875
307.2080078125
307.4830017089844
307.89898681640625
308.1780090332031
308.5880126953125
308.8699951171875
309.2760009765625
309.56201171875
309.9679870605469
310.260986328125
310.6669921875
310.9639892578125
311.364990234375
311.6650085449219
312.0610046386719
312.364013671875
312.7550048828125
313.0589904785156
313.4429931640625
313.7489929199219
314.12799072265625
314.4360046386719
314.8089904785156
315.1180114746094
315.4960021972656
315.8179931640625
316.20098876953125
316.52398681640625
316.9010009765625
317.2250061035156
317.593994140625
317.9200134277344
318.2829895019531
318.6099853515625
318.96600341796875
319.29400634765625
319.6449890136719
319.97601318359375
320.3210144042969
320.6520080566406
321.0
321.3420104980469
321.6940002441406
322.0369873046875
322.38299560546875
322.72698974609375
323.06500244140625
323.4110107421875
323.7430114746094
324.0889892578125
324.4150085449219
324.7619934082031
325.08099365234375
325.4280090332031
325.739990234375
326.0870056152344
326.3999938964844
326.7550048828125
327.0690002441406
327.4230041503906
327.7279968261719
328.08099365234375
328.37799072265625
328.7309875488281
329.0190124511719
329.3710021972656
329.6499938964844
330.0010070800781
330.27301025390625
330.62200927734375
330.8869934082031
331.2359924316406
331.5
331.8529968261719
332.1180114746094
332.4700012207031
332.72698974609375
333.07598876953125
333.3269958496094
333.67401123046875
333.9179992675781
334.2640075683594
334.5010070800781
334.8450012207031
335.0740051269531
335.4169921875
335.6409912109375
335.98199462890625
336.20098876953125
336.54400634765625
336.760986328125
337.10101318359375
337.31201171875
337.6520080566406
337.8580017089844
338.1960144042969
289.5429992675781
289.8370056152344
290.2829895019531
290.572998046875
291.0249938964844
291.3110046386719
291.76800537109375
292.0480041503906
292.5090026855469
292.7860107421875
293.24200439453125
293.5050048828125
293.97698974609375
294.1910095214844
294.68499755859375
294.90301513671875
295.3900146484375
295.6109924316406
296.0920104980469
296.3160095214844
296.7900085449219
297.0169982910156
297.4859924316406
297.7170104980469
298.17999267578125
298.4150085449219
298.87200927734375
299.1090087890625
299.5580139160156
299.7969970703125
300.2409973144531
300.4840087890625
300.92401123046875
301.1700134277344
301.6059875488281
301.8550109863281
302.2869873046875
302.53900146484375
302.9649963378906
303.218994140625
303.6409912109375
303.89898681640625
304.3219909667969
304.5870056152344
305.010009765625
305.27801513671875
305.697998046875
305.968994140625
306.385009765625
306.65899658203125
307.07000732421875
307.34600830078125
307.7510070800781
308.0299987792969
308.4320068359375
308.7120056152344
309.1090087890625
309.3919982910156
309.7909851074219
310.0820007324219
310.4800109863281
310.77301025390625
311.16900634765625
311.4639892578125
311.8550109863281
312.15301513671875
312.5379943847656
312.8370056152344
313.2170104980469
313.51800537109375
313.89300537109375
314.1960144042969
314.5660095214844
314.8699951171875
315.2449951171875
315.5610046386719
315.94000244140625
316.25799560546875
316.6300048828125
316.95001220703125
317.31500244140625
317.635986328125
317.9949951171875
318.3169860839844
318.6700134277344
318.99200439453125
319.3389892578125
319.66400146484375
320.0060119628906
320.3320007324219
320.6759948730469
321.0119934082031
321.3599853515625
321.6990051269531
322.0400085449219
322.3800048828125
322.7139892578125
323.05499267578125
323.38299560546875
323.7250061035156
324.0469970703125
324.3909912109375
324.7070007324219
325.04998779296875
325.35699462890625
325.70001220703125
326.0090026855469
326.36199951171875
326.6700134277344
327.0220031738281
327.3219909667969
327.67401123046875
327.96600341796875
328.3169860839844
328.60101318359375
328.95001220703125
329.2250061035156
329.5740051269531
329.8429870605469
330.1910095214844
330.45098876953125
330.79901123046875
331.05999755859375
331.4119873046875
331.6730041503906
332.0249938964844
332.27801513671875
332.6289978027344
332.8739929199219
333.2229919433594
333.46099853515625
333.8080139160156
334.0400085449219
334.385986328125
334.6109924316406
334.9549865722656
335.1730041503906
335.5159912109375
335.7309875488281
336.07501220703125
336.2869873046875
336.6300048828125
336.8349914550781
337.1759948730469
337.37701416015625
337.7179870605469
337.9129943847656
290.41400146484375
290.697998046875
291.1419982910156
291.4230041503906
291.87200927734375
292.1470031738281
292.60101318359375
292.87200927734375
293.3210144042969
293.5790100097656
294.0429992675781
294.2539978027344
294.7380065917969
294.9540100097656
295.4320068359375
295.6510009765625
296.12298583984375
296.343994140625
296.80999755859375
297.0329895019531
297.4939880371094
297.7200012207031
298.1759948730469
298.4049987792969
298.8559875488281
299.0880126953125
299.5329895019531
299.7659912109375
300.20599365234375
300.4419860839844
300.8789978027344
301.11700439453125
301.54998779296875
301.7919921875
302.2200012207031
302.4649963378906
302.88800048828125
303.135986328125
303.5539855957031
303.80499267578125
304.2250061035156
304.4830017089844
304.90399169921875
305.1650085449219
305.58099365234375
305.84600830078125
306.25799560546875
306.5260009765625
306.9339904785156
307.2040100097656
307.60699462890625
307.8789978027344
308.27801513671875
308.552001953125
308.947998046875
309.2239990234375
309.6189880371094
309.90301513671875
310.2980041503906
310.5849914550781
310.9750061035156
311.2659912109375
311.6520080566406
311.9460144042969
312.3280029296875
312.62200927734375
312.99798583984375
313.29400634765625
313.6650085449219
313.9630126953125
314.3299865722656
314.6289978027344
314.9989929199219
315.3110046386719
315.6860046386719
315.9989929199219
316.36700439453125
316.6809997558594
317.04400634765625
317.3580017089844
317.7149963378906
318.0299987792969
318.3800048828125
318.6969909667969
319.0419921875
319.3609924316406
319.697998046875
320.01800537109375
320.3599853515625
320.6910095214844
321.03399658203125
321.3659973144531
321.7040100097656
322.0379943847656
322.3699951171875
322.70599365234375
323.031005859375
323.36700439453125
323.6860046386719
324.02398681640625
324.3370056152344
324.67498779296875
324.9800109863281
325.3179931640625
325.62298583984375
325.97100830078125
326.2770080566406
326.6239929199219
326.9219970703125
327.26800537109375
327.5589904785156
327.906005859375
328.18798828125
328.5329895019531
328.8070068359375
329.1510009765625
329.4179992675781
329.760986328125
330.0220031738281
330.364013671875
330.625
330.9739990234375
331.2340087890625
331.58099365234375
331.8349914550781
332.17999267578125
332.4259948730469
332.7699890136719
333.010009765625
333.3529968261719
333.5849914550781
333.92498779296875
334.1520080566406
334.49200439453125
334.7120056152344
335.04901123046875
335.2659912109375
335.6059875488281
335.82000732421875
336.1570129394531
336.364990234375
336.70098876953125
336.90301513671875
337.2380065917969
337.4360046386719
337.7699890136719
290.5419921875
290.82000732421875
291.2569885253906
291.5320129394531
291.9729919433594
292.2439880371094
292.69000244140625
292.95599365234375
293.4200134277344
293.6260070800781
294.10699462890625
294.31500244140625
294.7900085449219
295.0010070800781
295.4729919433594
295.68798828125
296.15301513671875
296.3689880371094
296.8290100097656
297.04901123046875
297.50201416015625
297.7250061035156
298.1719970703125
298.3970031738281
298.84100341796875
299.07000732421875
299.5090026855469
299.739990234375
300.17498779296875
300.4079895019531
300.8380126953125
301.072998046875
301.5
301.73699951171875
302.15899658203125
302.39898681640625
302.8169860839844
303.05999755859375
303.4750061035156
303.72100830078125
304.1369934082031
304.3900146484375
304.80499267578125
305.0610046386719
305.4729919433594
305.73199462890625
306.1390075683594
306.4010009765625
306.80499267578125
307.07000732421875
307.4700012207031
307.73699951171875
308.1319885253906
308.4010009765625
308.7919921875
309.06500244140625
309.4549865722656
309.7330017089844
310.1239929199219
310.4049987792969
310.7919921875
311.07501220703125
311.4580078125
311.7449951171875
312.1239929199219
312.41400146484375
312.7869873046875
313.0769958496094
313.4460144042969
313.7380065917969
314.10198974609375
314.39599609375
314.76300048828125
315.0669860839844
315.4389953613281
315.7460021972656
316.1109924316406
316.4200134277344
316.77899169921875
317.0889892578125
317.4410095214844
317.75201416015625
318.0989990234375
318.4110107421875
318.7510070800781
319.06500244140625
319.3999938964844
319.7149963378906
320.052001953125
320.37701416015625
320.7179870605469
321.04400634765625
321.3789978027344
321.70599365234375
322.0360107421875
322.364990234375
322.68798828125
323.0190124511719
323.3340148925781
323.6659851074219
323.97601318359375
324.3089904785156
324.6109924316406
324.9440002441406
325.2489929199219
325.5899963378906
325.8949890136719
326.2359924316406
326.5329895019531
326.87200927734375
327.1619873046875
327.50299072265625
327.7850036621094
328.1239929199219
328.39898681640625
328.73699951171875
329.0039978027344
329.34100341796875
329.60101318359375
329.9389953613281
330.1990051269531
330.5429992675781
330.8030090332031
331.1470031738281
331.3999938964844
331.74200439453125
331.9880065917969
332.3280029296875
332.5690002441406
332.9070129394531
333.1419982910156
333.47698974609375
333.7049865722656
334.03900146484375
334.2619934082031
334.5950012207031
334.8139953613281
335.14801025390625
335.364013671875
335.6960144042969
335.906005859375
336.2380065917969
336.4419860839844
336.7720031738281
291.3680114746094
291.6369934082031
292.0719909667969
292.3370056152344
292.7760009765625
293.0360107421875
293.4930114746094
293.69500732421875
294.1669921875
294.37298583984375
294.84100341796875
295.04901123046875
295.510986328125
295.7229919433594
296.1809997558594
296.39599609375
296.8479919433594
297.0639953613281
297.510986328125
297.7300109863281
298.1709899902344
298.3909912109375
298.8290100097656
299.0539855957031
299.489013671875
299.7149963378906
300.14599609375
300.3739929199219
300.8009948730469
301.031005859375
301.4530029296875
301.6860046386719
302.1050109863281
302.3399963378906
302.75299072265625
302.9909973144531
303.4020080566406
303.64300537109375
304.0539855957031
304.302001953125
304.7139892578125
304.9639892578125
305.37200927734375
305.625
306.0299987792969
306.2850036621094
306.6860046386719
306.9440002441406
307.34100341796875
307.60198974609375
307.9939880371094
308.2569885253906
308.6449890136719
308.9110107421875
309.29901123046875
309.5710144042969
309.9580078125
310.2330017089844
310.61700439453125
310.8949890136719
311.27398681640625
311.5539855957031
311.9289855957031
312.2120056152344
312.5830078125
312.8680114746094
313.2340087890625
313.52099609375
313.8819885253906
314.1700134277344
314.53399658203125
314.8330078125
315.20098876953125
315.50201416015625
315.864013671875
316.1659851074219
316.5220031738281
316.82598876953125
317.1759948730469
317.48199462890625
317.8240051269531
318.1300048828125
318.468994140625
318.7770080566406
319.1090087890625
319.41900634765625
319.7550048828125
320.0740051269531
320.4110107421875
320.7300109863281
321.06298828125
321.385009765625
321.71099853515625
322.03399658203125
322.35400390625
322.6789855957031
322.9930114746094
323.3179931640625
323.6239929199219
323.95098876953125
324.25201416015625
324.5790100097656
324.8810119628906
325.2179870605469
325.52099609375
325.8580017089844
326.15301513671875
326.48699951171875
326.77398681640625
327.1099853515625
327.3900146484375
327.7250061035156
327.9989929199219
328.3330078125
328.5989990234375
328.9309997558594
329.19000244140625
329.5220031738281
329.7829895019531
330.1210021972656
330.3810119628906
330.7200012207031
330.9739990234375
331.3110046386719
331.5580139160156
331.8940124511719
332.135986328125
332.47100830078125
332.7070007324219
333.03900146484375
333.26800537109375
333.5989990234375
333.822998046875
334.1510009765625
334.37200927734375
334.7019958496094
291.4750061035156
291.739013671875
292.1669921875
292.427001953125
292.8580017089844
293.1130065917969
293.56201171875
293.7619934082031
294.22601318359375
294.4289855957031
294.8890075683594
295.0950012207031
295.54998779296875
295.75799560546875
296.2080078125
296.41900634765625
296.8659973144531
297.0790100097656
297.5190124511719
297.7349853515625
298.16900634765625
298.3869934082031
298.8190002441406
299.0409851074219
299.4700012207031
299.6940002441406
300.1189880371094
300.343994140625
300.7650146484375
300.9930114746094
301.40899658203125
301.6390075683594
302.0509948730469
302.28399658203125
302.6919860839844
302.9259948730469
303.3320007324219
303.57000732421875
303.9750061035156
304.218994140625
304.625
304.87200927734375
305.2760009765625
305.5260009765625
305.92498779296875
306.177001953125
306.572998046875
306.82598876953125
307.2179870605469
307.4750061035156
307.8630065917969
308.1210021972656
308.5050048828125
308.7659912109375
309.1510009765625
309.4169921875
309.8009948730469
310.07000732421875
310.45001220703125
310.72198486328125
311.0979919433594
311.37298583984375
311.7439880371094
312.02099609375
312.38800048828125
312.6669921875
313.0299987792969
313.3110046386719
313.6700134277344
313.9519958496094
314.31298828125
314.6059875488281
314.97100830078125
315.2659912109375
315.6239929199219
315.9219970703125
316.27398681640625
316.5719909667969
316.9179992675781
317.2179870605469
317.5589904785156
317.8590087890625
318.1940002441406
318.49700927734375
318.8280029296875
319.1310119628906
319.4639892578125
319.77801513671875
320.1130065917969
320.4259948730469
320.7539978027344
321.0710144042969
321.3949890136719
321.7120056152344
322.02899169921875
322.34698486328125
322.65899658203125
322.97900390625
323.28399658203125
323.6050109863281
323.9049987792969
324.2250061035156
324.5270080566406
324.8550109863281
325.1570129394531
325.48699951171875
325.7820129394531
326.1109924316406
326.39801025390625
326.72698974609375
327.00799560546875
327.33599853515625
327.6090087890625
327.93798828125
328.2040100097656
328.531005859375
328.78900146484375
329.1159973144531
329.37701416015625
329.71099853515625
329.97198486328125
330.3039855957031
330.5580139160156
330.8900146484375
331.1400146484375
331.47100830078125
331.7130126953125
332.04400634765625
292.2590026855469
292.5140075683594
292.9620056152344
293.1619873046875
293.62799072265625
293.82598876953125
294.2829895019531
294.48199462890625
294.93499755859375
295.13800048828125
295.58599853515625
295.7909851074219
296.2340087890625
296.4419860839844
296.8800048828125
297.0920104980469
297.52398681640625
297.7380065917969
298.16400146484375
298.3800048828125
298.80499267578125
299.0260009765625
299.4490051269531
299.6709899902344
300.0899963378906
300.31298828125
300.72900390625
300.9540100097656
301.3659973144531
301.5920104980469
302.0
302.2279968261719
302.63299560546875
302.864013671875
303.2650146484375
303.4989929199219
303.8999938964844
304.1390075683594
304.5409851074219
304.7829895019531
305.1830139160156
305.4280090332031
305.82501220703125
306.072998046875
306.4639892578125
306.7130126953125
307.10101318359375
307.3529968261719
307.7380065917969
307.9909973144531
308.37200927734375
308.62799072265625
309.0090026855469
309.2699890136719
309.6499938964844
309.9150085449219
310.2909851074219
310.5570068359375
310.9289855957031
311.1990051269531
311.5669860839844
311.8380126953125
312.2019958496094
312.4750061035156
312.8340148925781
313.1099853515625
313.4649963378906
313.7430114746094
314.10101318359375
314.38800048828125
314.74798583984375
315.0369873046875
315.3909912109375
315.6830139160156
316.0320129394531
316.32598876953125
316.66900634765625
316.9639892578125
317.3009948730469
317.59600830078125
317.9280090332031
318.22601318359375
318.5530090332031
318.85198974609375
319.1809997558594
319.489013671875
319.82000732421875
320.1289978027344
320.4549865722656
320.7659912109375
321.08599853515625
321.39801025390625
321.7130126953125
322.0260009765625
322.3349914550781
322.64898681640625
322.9530029296875
323.26800537109375
323.5660095214844
323.8819885253906
324.1809997558594
324.5050048828125
324.8039855957031
325.12799072265625
325.4219970703125
325.7449951171875
326.0320129394531
326.3550109863281
326.635009765625
326.9590148925781
327.23199462890625
327.5539855957031
327.82000732421875
328.1419982910156
328.3999938964844
328.72100830078125
328.98199462890625
329.3110046386719
329.572998046875
329.8999938964844
292.34600830078125
292.59600830078125
293.0360107421875
293.2330017089844
293.6910095214844
293.8869934082031
294.33599853515625
294.53399658203125
294.9779968261719
295.1789855957031
295.6189880371094
295.822998046875
296.2569885253906
296.4630126953125
296.89300537109375
297.10101318359375
297.5260009765625
297.73699951171875
298.1570129394531
298.3710021972656
298.78900146484375
299.00799560546875
299.4259948730469
299.64599609375
300.05999755859375
300.2820129394531
300.6919860839844
300.9159851074219
301.3219909667969
301.5469970703125
301.95001220703125
302.177001953125
302.57598876953125
302.8039855957031
303.20001220703125
303.4309997558594
303.8280029296875
304.0639953613281
304.4630126953125
304.70098876953125
305.09600830078125
305.3370056152344
305.72900390625
305.9729919433594
306.3609924316406
306.6059875488281
306.989990234375
307.23699951171875
307.6189880371094
307.8680114746094
308.2460021972656
308.49700927734375
308.875
309.1310119628906
309.50799560546875
309.7659912109375
310.1390075683594
310.3999938964844
310.76800537109375
311.0320129394531
311.3970031738281
311.6629943847656
312.02301025390625
312.2909851074219
312.6470031738281
312.9169921875
313.2699890136719
313.5419921875
313.8970031738281
314.1780090332031
314.53399658203125
314.8160095214844
315.1679992675781
315.4530029296875
315.79901123046875
316.08599853515625
316.4259948730469
316.71600341796875
317.04998779296875
317.34100341796875
317.6700134277344
317.9620056152344
318.2869873046875
318.5790100097656
318.906005859375
319.2090148925781
319.5379943847656
319.84100341796875
320.1650085449219
320.4700012207031
320.7879943847656
321.093994140625
321.4070129394531
321.7139892578125
322.0220031738281
322.3299865722656
322.6319885253906
322.9410095214844
323.23699951171875
323.5459899902344
323.843994140625
324.1619873046875
324.46099853515625
324.77899169921875
325.0719909667969
325.3900146484375
325.6759948730469
325.9939880371094
326.27301025390625
326.59100341796875
326.8630065917969
327.1809997558594
293.10699462890625
293.3009948730469
293.75201416015625
293.94500732421875
294.385986328125
294.5820007324219
295.01800537109375
295.2170104980469
295.64801025390625
295.8500061035156
296.2770080566406
296.4809875488281
296.90301513671875
297.1090087890625
297.5260009765625
297.7340087890625
298.14599609375
298.3580017089844
298.77099609375
298.9880065917969
299.3999938964844
299.6189880371094
300.0270080566406
300.24798583984375
300.65301513671875
300.875
301.2760009765625
301.5
301.89898681640625
302.1239929199219
302.5199890136719
302.7449951171875
303.1369934082031
303.364013671875
303.7569885253906
303.9909973144531
304.385009765625
304.6210021972656
305.0119934082031
305.2489929199219
305.63800048828125
305.87701416015625
306.2619934082031
306.50299072265625
306.88299560546875
307.1260070800781
307.5039978027344
307.75
308.1239929199219
308.3710021972656
308.7449951171875
308.99700927734375
309.3699951171875
309.625
309.9939880371094
310.25
310.614990234375
310.87298583984375
311.2340087890625
311.4949951171875
311.8529968261719
312.114990234375
312.4679870605469
312.7330017089844
313.0820007324219
313.3489990234375
313.70001220703125
313.97601318359375
314.3280029296875
314.6050109863281
314.9530029296875
315.2330017089844
315.57598876953125
315.8559875488281
316.1929931640625
316.47601318359375
316.8089904785156
317.0929870605469
317.4200134277344
317.7070007324219
318.02899169921875
318.3169860839844
318.6419982910156
318.93798828125
319.2640075683594
319.56201171875
319.8840026855469
320.1830139160156
320.4989929199219
320.79998779296875
321.1109924316406
321.4129943847656
321.7179870605469
322.02099609375
322.32000732421875
322.6239929199219
322.9179992675781
323.22198486328125
323.5169982910156
323.8290100097656
324.12701416015625
324.44000244140625
293.1619873046875
293.3590087890625
293.7950134277344
293.9930114746094
294.4200134277344
294.6210021972656
295.04400634765625
295.2460021972656
295.66400146484375
295.8680114746094
296.2829895019531
296.489990234375
296.89898681640625
297.1080017089844
297.5140075683594
297.7250061035156
298.1260070800781
298.3399963378906
298.74200439453125
298.9620056152344
299.364990234375
299.58599853515625
299.9840087890625
300.2070007324219
300.60198974609375
300.8269958496094
301.218994140625
301.4460144042969
301.8349914550781
302.0639953613281
302.4490051269531
302.6789855957031
303.05999755859375
303.2919921875
303.67498779296875
303.9129943847656
304.2959899902344
304.5350036621094
304.9159851074219
305.1570129394531
305.53399658203125
305.7770080566406
306.1499938964844
306.3949890136719
306.7640075683594
307.010986328125
307.37701416015625
307.62701416015625
307.989990234375
308.2409973144531
308.6029968261719
308.8599853515625
309.2200012207031
309.4779968261719
309.8349914550781
310.09600830078125
310.45001220703125
310.7120056152344
311.0610046386719
311.32598876953125
311.6709899902344
311.93701171875
312.2799987792969
312.5480041503906
312.885986328125
313.156005859375
313.4949951171875
313.77301025390625
314.114990234375
314.3940124511719
314.73199462890625
315.01300048828125
315.34600830078125
315.6289978027344
315.95599365234375
316.239990234375
316.5639953613281
316.8489990234375
317.1679992675781
317.4540100097656
317.76800537109375
318.0559997558594
318.37298583984375
318.6700134277344
318.989013671875
319.2869873046875
319.6000061035156
319.89898681640625
320.2080078125
320.5090026855469
320.81298828125
321.114990234375
321.41400146484375
321.7149963378906
293.4020080566406
293.83099365234375
294.0249938964844
294.4460144042969
294.64300537109375
295.0589904785156
295.2590026855469
295.6709899902344
295.87298583984375
296.2799987792969
296.4849853515625
296.88800048828125
297.0950012207031
297.4939880371094
297.7040100097656
298.1000061035156
298.31201171875
298.7090148925781
298.9259948730469
299.322998046875
299.5419921875
299.93499755859375
300.156005859375
300.5459899902344
300.76800537109375
301.156005859375
301.3810119628906
301.7650146484375
301.9909973144531
302.37200927734375
302.6000061035156
302.9779968261719
303.2080078125
303.58599853515625
303.8210144042969
304.20098876953125
304.43798828125
304.81298828125
305.052001953125
305.42498779296875
305.6650085449219
306.03399658203125
306.2760009765625
306.6409912109375
306.8840026855469
307.2449951171875
307.49200439453125
307.8500061035156
308.0979919433594
308.45599365234375
308.7080078125
309.06500244140625
309.32000732421875
309.67401123046875
309.92999267578125
310.2799987792969
310.5379943847656
310.8840026855469
311.1449890136719
311.48699951171875
311.7489929199219
312.0880126953125
312.35198974609375
312.68798828125
312.9530029296875
313.28900146484375
313.56201171875
313.9010009765625
314.1759948730469
314.510986328125
314.7869873046875
315.1180114746094
315.3949890136719
315.72100830078125
316.0
316.3210144042969
316.60101318359375
316.9169921875
317.197998046875
317.510009765625
317.7929992675781
318.10699462890625
318.39801025390625
318.7149963378906
319.00799560546875
293.8630065917969
294.0559997558594
294.468994140625
294.6650085449219
295.0740051269531
295.27099609375
295.6759948730469
295.875
296.2770080566406
296.47900390625
296.87701416015625
297.08099365234375
297.4750061035156
297.6809997558594
298.0719909667969
298.281005859375
298.6730041503906
298.88800048828125
299.27899169921875
299.4960021972656
299.88299560546875
300.1029968261719
300.4880065917969
300.7099914550781
301.0920104980469
301.31500244140625
301.69500732421875
301.9200134277344
302.2959899902344
302.5220031738281
302.89599609375
303.1239929199219
303.4989929199219
303.7309875488281
304.1050109863281
304.3399963378906
304.7120056152344
304.947998046875
305.31500244140625
305.5530090332031
305.9179992675781
306.1579895019531
306.5190124511719
306.7590026855469
307.11700439453125
307.3590087890625
307.7149963378906
307.9599914550781
308.3139953613281
308.56201171875
308.9150085449219
309.1659851074219
309.5150146484375
309.7690124511719
310.114990234375
310.3699951171875
310.7120056152344
310.9679870605469
311.3080139160156
311.5660095214844
311.9020080566406
312.1619873046875
312.4949951171875
312.7560119628906
313.09100341796875
313.3580017089844
313.6940002441406
313.9630126953125
314.2950134277344
314.5679931640625
314.89599609375
315.16900634765625
315.49200439453125
315.7669982910156
316.08599853515625
316.3609924316406
294.0840148925781
294.49200439453125
294.6839904785156
295.0870056152344
295.2820129394531
295.67999267578125
295.87701416015625
296.27301025390625
296.4729919433594
296.864013671875
297.0669860839844
297.4549865722656
297.6600036621094
298.04400634765625
298.25
298.635986328125
298.8489990234375
299.2349853515625
299.45001220703125
299.8330078125
300.04901123046875
300.42999267578125
300.64898681640625
301.0270080566406
301.24798583984375
301.62298583984375
301.84698486328125
302.218994140625
302.4440002441406
302.81298828125
303.03900146484375
303.4079895019531
303.6400146484375
304.0090026855469
304.24200439453125
304.6080017089844
304.8429870605469
305.2070007324219
305.4429931640625
305.8030090332031
306.0400085449219
306.39801025390625
306.635986328125
306.9909973144531
307.2300109863281
307.5820007324219
307.822998046875
308.17401123046875
308.4200134277344
308.7690124511719
309.0159912109375
309.36199951171875
309.6109924316406
309.9540100097656
310.20599365234375
310.5450134277344
310.7980041503906
311.1340026855469
311.3890075683594
311.72198486328125
311.9779968261719
312.3080139160156
312.56500244140625
312.89599609375
313.1610107421875
313.4930114746094
313.75799560546875
314.08599853515625
314.35400390625
294.5140075683594
294.7030029296875
295.1000061035156
295.2919921875
295.68499755859375
295.8789978027344
296.2699890136719
296.46600341796875
296.85400390625
297.052001953125
297.43499755859375
297.635986328125
298.0159912109375
298.218994140625
298.5989990234375
298.8089904785156
299.19000244140625
299.40301513671875
299.7820129394531
299.99700927734375
300.3739929199219
300.5899963378906
300.9630126953125
301.1809997558594
301.5530090332031
301.77301025390625
302.14300537109375
302.364990234375
302.7309875488281
302.9540100097656
303.32000732421875
303.5480041503906
303.91400146484375
304.1440124511719
304.5069885253906
304.7380065917969
305.0979919433594
305.3320007324219
305.6889953613281
305.92498779296875
306.27899169921875
306.5150146484375
306.8659973144531
307.10400390625
307.45098876953125
307.69000244140625
308.0360107421875
308.27899169921875
308.625
308.8689880371094
309.2120056152344
309.4580078125
309.7980041503906
310.0450134277344
310.3819885253906
310.6310119628906
310.9630126953125
311.2139892578125
311.54400634765625
311.7980041503906
294.72198486328125
295.114013671875
295.3030090332031
295.6910095214844
295.8819885253906
296.2669982910156
296.46099853515625
296.8429870605469
297.0379943847656
297.4150085449219
297.614013671875
297.98699951171875
298.1889953613281
298.56298828125
298.7699890136719
299.1470031738281
299.35699462890625
299.7309875488281
299.9429931640625
300.31500244140625
300.531005859375
300.89898681640625
301.1159973144531
301.48199462890625
301.70098876953125
302.06500244140625
302.2860107421875
302.64801025390625
302.8699951171875
303.23199462890625
303.4590148925781
303.8210144042969
304.0480041503906
304.406005859375
304.635009765625
304.99200439453125
305.2229919433594
305.5769958496094
305.80999755859375
306.1610107421875
306.3949890136719
306.74200439453125
306.97698974609375
307.322998046875
307.5589904785156
307.9020080566406
308.1409912109375
308.4840087890625
308.7250061035156
309.06500244140625
309.3070068359375
309.6440124511719
309.8890075683594
295.12701416015625
295.3139953613281
295.6960144042969
295.8840026855469
296.26300048828125
296.4549865722656
296.83099365234375
297.02398681640625
297.39599609375
297.59100341796875
297.9599914550781
298.1579895019531
298.52899169921875
298.7330017089844
299.1050109863281
299.31201171875
299.6830139160156
299.8909912109375
300.2590026855469
300.47100830078125
300.8370056152344
301.04998779296875
301.4129943847656
301.62799072265625
301.989990234375
302.2080078125
302.5660095214844
302.7850036621094
303.14300537109375
303.3680114746094
303.7250061035156
303.95098876953125
304.3059997558594
304.5329895019531
304.885009765625
305.114990234375
305.4649963378906
305.69500732421875
306.0429992675781
306.2760009765625
306.6199951171875
306.8529968261719
307.1929931640625
307.4280090332031
307.76800537109375
308.0060119628906
295.3240051269531
295.70001220703125
295.885986328125
296.2590026855469
296.447998046875
296.8179931640625
297.0090026855469
297.375
297.5690002441406
297.9330139160156
298.1289978027344
298.4949951171875
298.6969909667969
299.06500244140625
299.2690124511719
299.635009765625
299.84100341796875
300.2040100097656
300.41400146484375
300.7749938964844
300.9859924316406
301.343994140625
301.5580139160156
301.91400146484375
302.1300048828125
302.4840087890625
302.7019958496094
303.05499267578125
303.2760009765625
303.6300048828125
303.8529968261719
304.2049865722656
304.4309997558594
304.77899169921875
305.0069885253906
305.3529968261719
305.58099365234375
305.92498779296875
306.156005859375
295.7049865722656
295.8890075683594
296.2569885253906
296.4419860839844
296.8080139160156
296.9949951171875
297.3580017089844
297.5469970703125
297.9079895019531
298.1000061035156
298.4630126953125
298.6619873046875
299.0260009765625
299.22698974609375
299.5899963378906
299.7929992675781
300.1520080566406
300.35699462890625
300.7149963378906
300.9230041503906
301.27899169921875
301.489990234375
301.8429870605469
302.05499267578125
302.4049987792969
302.6189880371094
302.9700012207031
303.18798828125
303.53900146484375
303.7590026855469
304.10699462890625
304.3299865722656
295.8909912109375
296.2550048828125
296.43798828125
296.7980041503906
296.9830017089844
297.34100341796875
297.52899169921875
297.885009765625
298.07501220703125
298.4330139160156
298.6300048828125
298.989990234375
299.18798828125
299.5459899902344
299.7460021972656
300.1029968261719
300.30499267578125
300.65899658203125
300.864013671875
301.21600341796875
301.4230041503906
301.77301025390625
301.9830017089844
296.25201416015625
296.4330139160156
296.7900085449219
296.97198486328125
297.3269958496094
297.510986328125
297.864013671875
298.04998779296875
298.4049987792969
298.5979919433594
298.9540100097656
299.1499938964844
299.50299072265625
299.70098876953125
300.0530090332031
300.2539978027344
296.4289855957031
296.7820129394531
296.9620056152344
297.31298828125
297.4949951171875
297.8429870605469
298.02801513671875
298.37701416015625
298.5679931640625
298.9200134277344
299.1130065917969
296.77398681640625
296.9519958496094
297.2980041503906
297.4779968261719
SCALARS latitude float 1
LOOKUP_TABLE default
-77.36869812011719
-77.2572021484375
-76.95989990234375
-76.8468017578125
-76.54959869384766
-78.50679779052734
-78.40560150146484
-78.10030364990234
-77.99639892578125
-77.69249725341797
-77.58660125732422
-77.2853012084961
-77.17900085449219
-76.88020324707031
-76.77249908447266
-76.4738998413086
-76.36409759521484
-79.59100341796875
-79.5031967163086
-79.19329833984375
-79.10310363769531
-78.79429626464844
-78.70099639892578
-78.393798828125
-78.29889678955078
-77.9928970336914
-77.89540100097656
-77.5907974243164
-77.49169921875
-77.18910217285156
-77.0886001586914
-76.78829956054688
-76.6863021850586
-76.38710021972656
-76.28240203857422
-80.22109985351562
-80.14679718017578
-79.83429718017578
-79.75679779052734
-79.44519805908203
-79.36419677734375
-79.05390167236328
-78.970703125
-78.6614990234375
-78.57510375976562
-78.26719665527344
-78.17900085449219
-77.872802734375
-77.78150177001953
-77.47660064697266
-77.3832015991211
-77.08059692382812
-76.9854965209961
-76.68479919433594
-76.58809661865234
-76.28810119628906
-76.18910217285156
-75.88909912109375
-81.1531982421875
-81.1011962890625
-80.78900146484375
-80.7313003540039
-80.41919708251953
-80.3572998046875
-80.0447998046875
-79.97810363769531
-79.66549682617188
-79.59590148925781
-79.28459930419922
-79.2113037109375
-78.90080261230469
-78.82440185546875
-78.5154037475586
-78.43569946289062
-78.12789916992188
-78.04570007324219
-77.73979949951172
-77.65499877929688
-77.35009765625
-77.26290130615234
-76.95980072021484
-76.87079620361328
-76.56890106201172
-76.47799682617188
-76.1769027709961
-76.08370208740234
-75.783203125
-75.6875991821289
-81.96029663085938
-81.93409729003906
-81.62580108642578
-81.59290313720703
-81.28340148925781
-81.24440002441406
-80.93460083007812
-80.8904037475586
-80.5801010131836
-80.53060150146484
-80.22000122070312
-80.16619873046875
-79.8550033569336
-79.79540252685547
-79.48390197753906
-79.42060089111328
-79.11029815673828
-79.0438003540039
-78.73410034179688
-78.66439819335938
-78.35549926757812
-78.28289794921875
-77.97579956054688
-77.90049743652344
-77.59439849853516
-77.51589965820312
-77.21089935302734
-77.12979888916016
-76.82630157470703
-76.74340057373047
-76.44149780273438
-76.35600280761719
-76.05460357666016
-75.96649932861328
-75.66590118408203
-75.57579803466797
-82.79039764404297
-82.70449829101562
-82.50509643554688
-82.30909729003906
-82.30680084228516
-82.00669860839844
-81.99669647216797
-81.69400024414062
-81.67639923095703
-81.37129974365234
-81.3468017578125
-81.04019927978516
-81.0094985961914
-80.70230102539062
-80.66629791259766
-80.35810089111328
-80.31600189208984
-80.00800323486328
-79.9614028930664
-79.65229797363281
-79.59970092773438
-79.28959655761719
-79.2332992553711
-78.92410278320312
-78.86430358886719
-78.55560302734375
-78.49189758300781
-78.18399810791016
-78.11730194091797
-77.81089782714844
-77.74189758300781
-77.43659973144531
-77.36430358886719
-77.05940246582031
-76.9843978881836
-76.68099975585938
-76.60399627685547
-76.3021011352539
-76.22260284423828
-75.92130279541016
-75.83889770507812
-75.53820037841797
-75.45320129394531
-75.1532974243164
-83.19629669189453
-83.16580200195312
-82.9708023071289
-82.92430114746094
-82.72699737548828
-82.66560363769531
-82.46790313720703
-82.39299774169922
-82.19429779052734
-82.00599670410156
-82.01129913330078
-81.71620178222656
-81.71389770507812
-81.41519927978516
-81.4052963256836
-81.10440063476562
-81.08799743652344
-80.78489685058594
-80.7614974975586
-80.45719909667969
-80.42849731445312
-80.12349700927734
-80.08910369873047
-79.78379821777344
-79.74469757080078
-79.43769836425781
-79.39189910888672
-79.0833969116211
-79.03369903564453
-78.72540283203125
-78.6720962524414
-78.36479949951172
-78.30809783935547
-78.00080108642578
-77.94029998779297
-77.63459777832031
-77.5718002319336
-77.26689910888672
-77.20069885253906
-76.89679718017578
-76.82769775390625
-76.52459716796875
-76.4529037475586
-76.15119934082031
-76.07740020751953
-75.77649688720703
-75.69999694824219
-75.39990234375
-75.32039642333984
-75.02050018310547
-74.93830108642578
-83.21299743652344
-83.21990203857422
-83.03730010986328
-83.02690124511719
-82.8406982421875
-82.8145980834961
-82.6260986328125
-82.58460235595703
-82.39330291748047
-82.33760070800781
-82.14430236816406
-82.07559967041016
-81.88099670410156
-81.70069885253906
-81.70939636230469
-81.42220306396484
-81.42379760742188
-81.13310241699219
-81.12680053710938
-80.83260345458984
-80.82009887695312
-80.52349853515625
-80.50460052490234
-80.20600128173828
-80.18190002441406
-79.88240051269531
-79.85269927978516
-79.55249786376953
-79.51799774169922
-79.2156982421875
-79.17440032958984
-78.86930084228516
-78.8240966796875
-78.51959991455078
-78.47049713134766
-78.16549682617188
-78.11309814453125
-77.8093032836914
-77.75370025634766
-77.44999694824219
-77.39129638671875
-77.08889770507812
-77.02739715576172
-76.72570037841797
-76.66130065917969
-76.3604965209961
-76.29280090332031
-75.9926986694336
-75.92269897460938
-75.6238021850586
-75.55120086669922
-75.25250244140625
-75.17759704589844
-74.87879943847656
-74.8010025024414
-83.23079681396484
-83.28479766845703
-83.114501953125
-83.15699768066406
-82.98619842529297
-83.01679992675781
-82.84010314941406
-82.85369873046875
-82.67250061035156
-82.6697006225586
-82.48509979248047
-82.46730041503906
-82.27989959716797
-82.24700164794922
-82.05650329589844
-82.0093002319336
-81.81729888916016
-81.75759887695312
-81.5647964477539
-81.39109802246094
-81.40589904785156
-81.12319946289062
-81.13099670410156
-80.84400177001953
-80.84449768066406
-80.55390167236328
-80.54840087890625
-80.25509643554688
-80.2427978515625
-79.94779968261719
-79.92990112304688
-79.63369750976562
-79.61029815673828
-79.31340026855469
-79.28520202636719
-78.98480224609375
-78.94979858398438
-78.64700317382812
-78.60769653320312
-78.3042984008789
-78.26119995117188
-77.95829772949219
-77.9115982055664
-77.60859680175781
-77.55870056152344
-77.25689697265625
-77.20369720458984
-76.90249633789062
-76.84629821777344
-76.54640197753906
-76.48729705810547
-76.1875
-76.125
-75.82569885253906
-75.76100158691406
-75.46260070800781
-75.39520263671875
-75.09700012207031
-75.02670288085938
-74.72830200195312
-74.65519714355469
-74.35679626464844
-82.99980163574219
-83.0875015258789
-82.93170166015625
-83.00409698486328
-82.84140014648438
-82.89790344238281
-82.72869873046875
-82.77469635009766
-82.60549926757812
-82.64019775390625
-82.4656982421875
-82.4843978881836
-82.3053970336914
-82.30889892578125
-82.1259994506836
-82.1146011352539
-81.92849731445312
-81.9030990600586
-81.7146987915039
-81.6760025024414
-81.48539733886719
-81.43370056152344
-81.24150085449219
-81.07479858398438
-81.09539794921875
-80.81700134277344
-80.8302001953125
-80.5470962524414
-80.5531997680664
-80.26689910888672
-80.26709747314453
-79.97850036621094
-79.97209930419922
-79.68090057373047
-79.66909790039062
-79.37570190429688
-79.3582992553711
-79.06340026855469
-79.04190063476562
-78.74420166015625
-78.71530151367188
-78.41390228271484
-78.38059997558594
-78.07939910888672
-78.04229736328125
-77.74109649658203
-77.70020294189453
-77.39920043945312
-77.35430145263672
-77.05390167236328
-77.00630187988281
-76.70690155029297
-76.65619659423828
-76.3573989868164
-76.30380249023438
-76.00479888916016
-75.94760131835938
-75.64900207519531
-75.589599609375
-75.29129791259766
-75.22889709472656
-74.93070220947266
-74.86609649658203
-74.56780242919922
-74.50029754638672
-74.20230102539062
-74.13179779052734
-82.67410278320312
-82.80599975585938
-82.67459869384766
-82.79290008544922
-82.65260314941406
-82.75569915771484
-82.6073989868164
-82.69580078125
-82.54039764404297
-82.61370086669922
-82.45130157470703
-82.50990295410156
-82.34190368652344
-82.3915023803711
-82.22329711914062
-82.26270294189453
-82.08879852294922
-82.11289978027344
-81.93509674072266
-81.9447021484375
-81.76260375976562
-81.75779724121094
-81.572998046875
-81.5551986694336
-81.36740112304688
-81.33619689941406
-81.14669799804688
-81.10340118408203
-80.9126968383789
-80.75180053710938
-80.77770233154297
-80.50350189208984
-80.52220153808594
-80.24320220947266
-80.25499725341797
-79.97260284423828
-79.97850036621094
-79.69309997558594
-79.69290161132812
-79.40470123291016
-79.39920043945312
-79.10880279541016
-79.09719848632812
-78.80509948730469
-78.7886962890625
-78.49320220947266
-78.47010040283203
-78.17140197753906
-78.14409637451172
-77.84490203857422
-77.8134994506836
-77.51480102539062
-77.47959899902344
-77.18049621582031
-77.14099884033203
-76.84220123291016
-76.80000305175781
-76.5020980834961
-76.45659637451172
-76.15910339355469
-76.11060333251953
-75.81289672851562
-75.76069641113281
-75.46320343017578
-75.40869903564453
-75.11150360107422
-75.05339813232422
-74.75599670410156
-74.69560241699219
-74.39869689941406
-74.33540344238281
-74.03820037841797
-73.97260284423828
-73.67559814453125
-82.23650360107422
-82.38610076904297
-82.27120208740234
-82.41339874267578
-82.28890228271484
-82.41829681396484
-82.28559875488281
-82.40170288085938
-82.26080322265625
-82.36360168457031
-82.21520233154297
-82.30380249023438
-82.14849853515625
-82.2228012084961
-82.06079864501953
-82.12129974365234
-81.95429992675781
-82.00679779052734
-81.8395004272461
-81.8821029663086
-81.70989990234375
-81.73870086669922
-81.5625
-81.57689666748047
-81.39669799804688
-81.39749908447266
-81.21430206298828
-81.20189666748047
-81.0156021118164
-80.99150085449219
-80.80339813232422
-80.7676010131836
-80.57730102539062
-80.42250061035156
-80.45369720458984
-80.18319702148438
-80.20719909667969
-79.93160247802734
-79.9490966796875
-79.66999816894531
-79.68180084228516
-79.39929962158203
-79.40470123291016
-79.11940002441406
-79.11959838867188
-78.83190155029297
-78.82669830322266
-78.53739929199219
-78.52739715576172
-78.23410034179688
-78.21620178222656
-77.9197998046875
-77.89800262451172
-77.60160064697266
-77.57579803466797
-77.2791976928711
-77.24960327148438
-76.95240020751953
-76.91850280761719
-76.62149810791016
-76.58460235595703
-76.28839874267578
-76.24810028076172
-75.9520034790039
-75.90850067138672
-75.61219787597656
-75.56500244140625
-75.268798828125
-75.21910095214844
-74.9229965209961
-74.86990356445312
-74.57350158691406
-74.5177001953125
-74.2218017578125
-74.16310119628906
-73.8666000366211
-73.80490112304688
-73.5082015991211
-73.4446029663086
-81.76360321044922
-81.92769622802734
-81.82330322265625
-81.97560119628906
-81.86190032958984
-82.00800323486328
-81.89029693603516
-82.0291976928711
-81.902099609375
-82.029296875
-81.89510345458984
-82.01069641113281
-81.86949920654297
-81.97139739990234
-81.82270050048828
-81.91130065917969
-81.75589752197266
-81.83110046386719
-81.6697998046875
-81.73249816894531
-81.56620025634766
-81.62079620361328
-81.45439910888672
-81.50080108642578
-81.32959747314453
-81.36250305175781
-81.18710327148438
-81.20690155029297
-81.02749633789062
-81.03399658203125
-80.85169982910156
-80.845703125
-80.66079711914062
-80.64250183105469
-80.4551010131836
-80.42549896240234
-80.23660278320312
-80.08709716796875
-80.1229019165039
-79.85639953613281
-79.8855972290039
-79.61370086669922
-79.63600158691406
-79.36009979248047
-79.37670135498047
-79.09739685058594
-79.10820007324219
-78.82599639892578
-78.83180236816406
-78.54730224609375
-78.54730224609375
-78.26100158691406
-78.25630187988281
-77.96589660644531
-77.95369720458984
-77.65979766845703
-77.6436996459961
-77.34970092773438
-77.3292007446289
-77.03479766845703
-77.010498046875
-76.71540069580078
-76.68689727783203
-76.39179992675781
-76.36029815673828
-76.06590270996094
-76.03089904785156
-75.73650360107422
-75.6978988647461
-75.4031982421875
-75.36090087890625
-75.06629943847656
-75.02130126953125
-74.72650146484375
-74.67780303955078
-74.38289642333984
-74.33170318603516
-74.03669738769531
-73.98249816894531
-73.6875991821289
-73.63030242919922
-73.33460235595703
-73.27410125732422
-81.239501953125
-81.41899871826172
-81.3290023803711
-81.49929809570312
-81.39990234375
-81.55999755859375
-81.45149993896484
-81.6011962890625
-81.48380279541016
-81.62689971923828
-81.50630187988281
-81.6427993774414
-81.51490020751953
-81.64019775390625
-81.50540161132812
-81.61930084228516
-81.47689819335938
-81.57849884033203
-81.42900085449219
-81.51789855957031
-81.36219787597656
-81.43900299072266
-81.2780990600586
-81.34269714355469
-81.1769027709961
-81.23419952392578
-81.0687026977539
-81.1176986694336
-80.94760131835938
-80.98410034179688
-80.80999755859375
-80.83350372314453
-80.65550231933594
-80.66709899902344
-80.48590087890625
-80.48539733886719
-80.3010025024414
-80.28890228271484
-80.10240173339844
-80.07959747314453
-79.8916015625
-79.74739837646484
-79.7874984741211
-79.5248031616211
-79.55799865722656
-79.29019927978516
-79.31690216064453
-79.04419708251953
-79.06529998779297
-78.78919982910156
-78.80470275878906
-78.52539825439453
-78.53589630126953
-78.25479888916016
-78.2603988647461
-77.97689819335938
-77.97750091552734
-77.69000244140625
-77.68309783935547
-77.3917007446289
-77.38059997558594
-77.08910369873047
-77.07420349121094
-76.78199768066406
-76.76300048828125
-76.47019958496094
-76.4468002319336
-76.15399932861328
-76.12740325927734
-75.83519744873047
-75.8051986694336
-75.51300048828125
-75.47930145263672
-75.1863021850586
-75.1488037109375
-74.8552017211914
-74.81500244140625
-74.52179718017578
-74.47830200195312
-74.18409729003906
-74.13729858398438
-73.84369659423828
-73.79419708251953
-73.4999008178711
-73.44740295410156
-73.15290069580078
-73.09729766845703
-72.8019027709961
-80.67479705810547
-80.86710357666016
-80.79060363769531
-80.97460174560547
-80.88890075683594
-81.06390380859375
-80.96939849853516
-81.13520050048828
-81.03160095214844
-81.18800354003906
-81.07640075683594
-81.22270202636719
-81.10299682617188
-81.24359893798828
-81.12139892578125
-81.25630187988281
-81.12660217285156
-81.25050354003906
-81.1134033203125
-81.2260971069336
-81.0824966430664
-81.18399810791016
-81.03389739990234
-81.12329864501953
-80.96800231933594
-81.04609680175781
-80.88569641113281
-80.9520034790039
-80.78669738769531
-80.84619903564453
-80.68090057373047
-80.7332992553711
-80.56390380859375
-80.60399627685547
-80.4301986694336
-80.45800018310547
-80.28070068359375
-80.2968978881836
-80.11630249023438
-80.12079620361328
-79.93789672851562
-79.93150329589844
-79.74629974365234
-79.72899627685547
-79.54229736328125
-79.40280151367188
-79.4468994140625
-79.18789672851562
-79.22579956054688
-78.96060180664062
-78.99199676513672
-78.72219848632812
-78.7479019165039
-78.47450256347656
-78.49490356445312
-78.21900177001953
-78.23410034179688
-77.95570373535156
-77.96600341796875
-77.68569946289062
-77.69110107421875
-77.40579986572266
-77.4041976928711
-77.1156997680664
-77.11000061035156
-76.82029724121094
-76.81050109863281
-76.52079772949219
-76.5073013305664
-76.21720123291016
-76.1990966796875
-75.90840148925781
-75.8865966796875
-75.59629821777344
-75.57150268554688
-75.28130340576172
-75.25270080566406
-74.96170043945312
-74.92890167236328
-74.63700103759766
-74.60079956054688
-74.30860137939453
-74.2697982788086
-73.97779846191406
-73.93560028076172
-73.6427993774414
-73.59770202636719
-73.3051986694336
-73.25689697265625
-72.96309661865234
-72.9114990234375
-72.61730194091797
-72.56320190429688
-80.07260131835938
-80.2770004272461
-80.21070098876953
-80.40840148925781
-80.33380126953125
-80.5238037109375
-80.44080352783203
-80.62210083007812
-80.53070068359375
-80.7031021118164
-80.60369873046875
-80.7666015625
-80.65910339355469
-80.81279754638672
-80.69779968261719
-80.84190368652344
-80.71869659423828
-80.85769653320312
-80.73290252685547
-80.86699676513672
-80.73529815673828
-80.85790252685547
-80.71939849853516
-80.8313980102539
-80.68720245361328
-80.78829956054688
-80.63809967041016
-80.72850036621094
-80.57330322265625
-80.65249633789062
-80.49169921875
-80.55960083007812
-80.39440155029297
-80.456298828125
-80.29180145263672
-80.34700012207031
-80.17829895019531
-80.22129821777344
-80.04830169677734
-80.07980346679688
-79.904296875
-79.92449951171875
-79.74549865722656
-79.75420379638672
-79.572998046875
-79.57129669189453
-79.38770294189453
-79.37580108642578
-79.19090270996094
-79.05570220947266
-79.10250091552734
-78.84660339355469
-78.88800048828125
-78.62680053710938
-78.6615982055664
-78.39579772949219
-78.42510223388672
-78.15540313720703
-78.17919921875
-77.90699768066406
-77.92649841308594
-77.6511001586914
-77.66539764404297
-77.38800048828125
-77.39810180664062
-77.11669921875
-77.11910247802734
-76.83370208740234
-76.83190155029297
-76.54630279541016
-76.54049682617188
-76.25460052490234
-76.24479675292969
-75.9583969116211
-75.94439697265625
-75.65760040283203
-75.63970184326172
-75.35269927978516
-75.3311996459961
-75.0448989868164
-75.0197982788086
-74.73249816894531
-74.7030029296875
-74.41410064697266
-74.38079833984375
-74.09210205078125
-74.05609893798828
-73.76689910888672
-73.72740173339844
-73.43800354003906
-73.39559936523438
-73.10530090332031
-73.05999755859375
-72.7686996459961
-72.72010040283203
-72.42769622802734
-72.37640380859375
-79.26959991455078
-79.489501953125
-79.44200134277344
-79.65550231933594
-79.60050201416016
-79.80690002441406
-79.74310302734375
-79.94259643554688
-79.87129974365234
-80.06490325927734
-79.98570251464844
-80.17179870605469
-80.08460235595703
-80.26239776611328
-80.16719818115234
-80.3364028930664
-80.2332992553711
-80.39340209960938
-80.28269958496094
-80.43360137939453
-80.31580352783203
-80.45690155029297
-80.33180236816406
-80.46900177001953
-80.34310150146484
-80.47540283203125
-80.34239959716797
-80.46379852294922
-80.32499694824219
-80.4364013671875
-80.29170227050781
-80.39240264892578
-80.24199676513672
-80.33260345458984
-80.17720031738281
-80.2572021484375
-80.0968017578125
-80.16609954833984
-80.00170135498047
-80.0656967163086
-79.90180206298828
-79.95919799804688
-79.79100036621094
-79.83709716796875
-79.66570281982422
-79.70120239257812
-79.52639770507812
-79.55030059814453
-79.37210083007812
-79.38590240478516
-79.20590209960938
-79.20929718017578
-79.02690124511719
-79.02030181884766
-78.8364028930664
-78.7052993774414
-78.75530242919922
-78.50240325927734
-78.5469970703125
-78.28929901123047
-78.32779693603516
-78.0647964477539
-78.09809875488281
-77.8311996459961
-77.85919952392578
-77.58879852294922
-77.61280059814453
-77.34049987792969
-77.3593978881836
-77.08439636230469
-77.09880065917969
-76.82019805908203
-76.8280029296875
-76.54570007324219
-76.54900360107422
-76.26580047607422
-76.26499938964844
-75.98139953613281
-75.97689819335938
-75.69290161132812
-75.68419647216797
-75.39920043945312
-75.3864974975586
-75.10199737548828
-75.08609771728516
-74.80120086669922
-74.78150177001953
-74.49579620361328
-74.4719009399414
-74.18499755859375
-74.15670013427734
-73.86930084228516
-73.83789825439453
-73.55049896240234
-73.5155029296875
-73.22720336914062
-73.18910217285156
-72.90049743652344
-72.85900115966797
-72.5687026977539
-72.52359771728516
-72.23259735107422
-72.1852035522461
-71.89550018310547
-78.59660339355469
-78.82260131835938
-78.7844009399414
-79.00589752197266
-78.96109771728516
-79.17739868164062
-79.1250991821289
-79.33489990234375
-79.27410125732422
-79.4760971069336
-79.40750122070312
-79.60320281982422
-79.52760314941406
-79.7166976928711
-79.63330078125
-79.81529998779297
-79.72440338134766
-79.89859771728516
-79.80010223388672
-79.96589660644531
-79.85980224609375
-80.0167007446289
-79.90380096435547
-80.052001953125
-79.93190002441406
-80.0707015991211
-79.94439697265625
-80.07959747314453
-79.95169830322266
-80.08219909667969
-79.947998046875
-80.06939697265625
-79.9292984008789
-80.04029846191406
-79.89450073242188
-79.99549865722656
-79.8447036743164
-79.93579864501953
-79.7802963256836
-79.86139678955078
-79.70120239257812
-79.77210235595703
-79.60800170898438
-79.67389678955078
-79.5103988647461
-79.57009887695312
-79.40299987792969
-79.45240020751953
-79.28179931640625
-79.32019805908203
-79.14610290527344
-79.17410278320312
-78.99739837646484
-79.01529693603516
-78.83689880371094
-78.84500122070312
-78.6636962890625
-78.66169738769531
-78.47810363769531
-78.35099792480469
-78.40480041503906
-78.15489959716797
-78.20269775390625
-77.947998046875
-77.98999786376953
-77.73030090332031
-77.7666015625
-77.50299835205078
-77.5343017578125
-77.26709747314453
-77.2936019897461
-77.02400207519531
-77.0469970703125
-76.77539825439453
-76.79389953613281
-76.5177001953125
-76.52960205078125
-76.24970245361328
-76.25800323486328
-75.97740173339844
-75.98200225830078
-75.70089721679688
-75.70099639892578
-75.41909790039062
-75.41539764404297
-75.13379669189453
-75.1261978149414
-74.84410095214844
-74.83260345458984
-74.5509033203125
-74.535400390625
-74.25189971923828
-74.23200225830078
-73.94740295410156
-73.92430114746094
-73.63909912109375
-73.61239624023438
-73.32640075683594
-73.2958984375
-73.00890350341797
-72.9751968383789
-72.6875
-72.6509017944336
-72.36160278320312
-72.3208999633789
-72.0302963256836
-71.98699951171875
-71.697998046875
-71.65380096435547
-77.90750122070312
-78.13899993896484
-78.10929870605469
-78.3364028930664
-78.30010223388672
-78.52220153808594
-78.47850036621094
-78.69599914550781
-78.6458969116211
-78.85880279541016
-78.80079650878906
-79.00650024414062
-78.94090270996094
-79.13990020751953
-79.06729888916016
-79.25920104980469
-79.17880249023438
-79.36399841308594
-79.2761001586914
-79.45459747314453
-79.3595962524414
-79.53099822998047
-79.42880249023438
-79.59200286865234
-79.48259735107422
-79.63760375976562
-79.52169799804688
-79.66790008544922
-79.5457992553711
-79.68360137939453
-79.55560302734375
-79.6885986328125
-79.55940246582031
-79.68840026855469
-79.55349731445312
-79.67310333251953
-79.53240203857422
-79.64289855957031
-79.49669647216797
-79.59760284423828
-79.44629669189453
-79.53810119628906
-79.3823013305664
-79.4645004272461
-79.30460357666016
-79.377197265625
-79.21369934082031
-79.28119659423828
-79.11900329589844
-79.18099975585938
-79.01499938964844
-79.06629943847656
-78.89669799804688
-78.93800354003906
-78.7655029296875
-78.7968978881836
-78.62190246582031
-78.6438980102539
-78.46630096435547
-78.47789764404297
-78.29740142822266
-78.29959869384766
-78.11750030517578
-77.9937973022461
-78.05010223388672
-77.80370330810547
-77.85489654541016
-77.60279846191406
-77.64820098876953
-77.39109802246094
-77.4312973022461
-77.17009735107422
-77.20559692382812
-76.94090270996094
-76.97119903564453
-76.70369720458984
-76.7301025390625
-76.46080017089844
-76.48320007324219
-76.20960235595703
-76.22550201416016
-75.94819641113281
-75.96040344238281
-75.68229675292969
-75.69110107421875
-75.41280364990234
-75.41799926757812
-75.13929748535156
-75.14019775390625
-74.86109924316406
-74.8583984375
-74.57949829101562
-74.5728988647461
-74.29299926757812
-74.28240203857422
-74.00140380859375
-73.98629760742188
-73.70349884033203
-73.68440246582031
-73.40139770507812
-73.37909698486328
-73.09529876708984
-73.06929779052734
-72.78410339355469
-72.75420379638672
-72.46759796142578
-72.43470001220703
-72.14679718017578
-72.11029815673828
-71.8219985961914
-71.78260040283203
-71.49510192871094
-71.45369720458984
-71.16709899902344
-77.16339874267578
-77.4197998046875
-77.408203125
-77.65029907226562
-77.62210083007812
-77.84970092773438
-77.81510162353516
-78.0385971069336
-77.99700164794922
-78.21489715576172
-78.16670227050781
-78.38030242919922
-78.32599639892578
-78.53369903564453
-78.47200012207031
-78.67369842529297
-78.60469818115234
-78.79940032958984
-78.72319793701172
-78.91059875488281
-78.82689666748047
-79.0073013305664
-78.9166030883789
-79.09049987792969
-78.9928970336914
-79.15989685058594
-79.05599975585938
-79.2155990600586
-79.10459899902344
-79.25579833984375
-79.13890075683594
-79.28279876708984
-79.1594009399414
-79.29460144042969
-79.16519927978516
-79.2970962524414
-79.16619873046875
-79.2938003540039
-79.15740203857422
-79.27660369873047
-79.13529968261719
-79.24510192871094
-79.09809875488281
-79.19860076904297
-79.04730224609375
-79.13929748535156
-78.98419952392578
-79.06739807128906
-78.90850067138672
-78.98210144042969
-78.8197021484375
-78.88919830322266
-78.72730255126953
-78.79100036621094
-78.62539672851562
-78.67970275878906
-78.5105972290039
-78.55500030517578
-78.38300323486328
-78.4186019897461
-78.24369812011719
-78.26930236816406
-78.09190368652344
-78.1082992553711
-77.92880249023438
-77.93579864501953
-77.75430297851562
-77.6343002319336
-77.69329833984375
-77.44920349121094
-77.50340270996094
-77.25469970703125
-77.30290222167969
-77.04850006103516
-77.09130096435547
-76.83319854736328
-76.87190246582031
-76.60990142822266
-76.64350128173828
-76.37909698486328
-76.40910339355469
-76.1427001953125
-76.16809844970703
-75.89730072021484
-75.91639709472656
-75.64189910888672
-75.65779876708984
-75.38249969482422
-75.3948974609375
-75.11920166015625
-75.12830352783203
-74.85260009765625
-74.8582992553711
-74.58260345458984
-74.58450317382812
-74.30770111083984
-74.30549621582031
-74.02839660644531
-74.02239990234375
-73.74349975585938
-73.73300170898438
-73.45339965820312
-73.43890380859375
-73.15750122070312
-73.13909912109375
-72.85659790039062
-72.83499908447266
-72.55130004882812
-72.52629852294922
-72.24120330810547
-72.21240234375
-71.92649841308594
-71.8938980102539
-71.60669708251953
-71.57129669189453
-71.28559875488281
-71.24870300292969
-70.96289825439453
-70.92259979248047
-76.38770294189453
-76.64739990234375
-76.64219665527344
-76.89849853515625
-76.88809967041016
-77.14140319824219
-77.12460327148438
-77.36319732666016
-77.3302001953125
-77.55460357666016
-77.51480102539062
-77.73380279541016
-77.68730163574219
-77.90239715576172
-77.84929656982422
-78.0593032836914
-77.99949645996094
-78.20459747314453
-78.13849639892578
-78.33709716796875
-78.26349639892578
-78.45500183105469
-78.37409973144531
-78.55840301513672
-78.47039794921875
-78.64820098876953
-78.55380249023438
-78.72460174560547
-78.6238021850586
-78.78829956054688
-78.68099975585938
-78.83779907226562
-78.7240982055664
-78.87409973144531
-78.75489807128906
-78.89649963378906
-78.7708969116211
-78.90450286865234
-78.77369689941406
-78.90360260009766
-78.77159881591797
-78.89790344238281
-78.76080322265625
-78.87899780273438
-78.73680114746094
-78.84609985351562
-78.69889831542969
-78.79959869384766
-78.64910125732422
-78.74169921875
-78.58719635009766
-78.6708984375
-78.51229858398438
-78.5875015258789
-78.42549896240234
-78.49600219726562
-78.33480072021484
-78.40049743652344
-78.23570251464844
-78.29149627685547
-78.12319946289062
-78.17030334472656
-77.99929809570312
-78.03710174560547
-77.86329650878906
-77.89230346679688
-77.71690368652344
-77.73690032958984
-77.55860137939453
-77.56900024414062
-77.38909912109375
-77.27249908447266
-77.3333969116211
-77.091796875
-77.14859771728516
-76.90249633789062
-76.95439910888672
-76.70269775390625
-76.74859619140625
-76.49250030517578
-76.5344009399414
-76.27529907226562
-76.31220245361328
-76.05030059814453
-76.08370208740234
-75.82029724121094
-75.84940338134766
-75.581298828125
-75.60369873046875
-75.33159637451172
-75.35070037841797
-75.0780029296875
-75.09400177001953
-74.82109832763672
-74.83390045166016
-74.56079864501953
-74.57029724121094
-74.29750061035156
-74.3041000366211
-74.03070068359375
-74.03240203857422
-73.75789642333984
-73.756103515625
-73.48030090332031
-73.47370147705078
-73.19599914550781
-73.18609619140625
-72.90740203857422
-72.89320373535156
-72.61229705810547
-72.59410095214844
-72.31230163574219
-72.29100036621094
-72.0083999633789
-71.9834976196289
-71.69920349121094
-71.6709976196289
-71.38600158691406
-71.35430145263672
-71.06929779052734
-71.03600311279297
-70.7520980834961
-70.71589660644531
-75.33529663085938
-75.59850311279297
-75.6051025390625
-75.86620330810547
-75.86689758300781
-76.1261978149414
-76.12220001220703
-76.37840270996094
-76.36849975585938
-76.6218032836914
-76.60649871826172
-76.85590362548828
-76.83399963378906
-77.0697021484375
-77.03109741210938
-77.25199890136719
-77.20690155029297
-77.42330169677734
-77.37210083007812
-77.58319854736328
-77.52549743652344
-77.73200225830078
-77.66850280761719
-77.87010192871094
-77.80000305175781
-77.99490356445312
-77.91709899902344
-78.10489654541016
-78.0208969116211
-78.2020034790039
-78.11070251464844
-78.28479766845703
-78.18730163574219
-78.35559844970703
-78.252197265625
-78.41320037841797
-78.30359649658203
-78.45780181884766
-78.34249877929688
-78.48979949951172
-78.36849975585938
-78.50810241699219
-78.38079833984375
-78.51280212402344
-78.38059997558594
-78.5094985961914
-78.37660217285156
-78.50160217285156
-78.36309814453125
-78.4801025390625
-78.33769989013672
-78.44719696044922
-78.30030059814453
-78.40149688720703
-78.25090026855469
-78.34410095214844
-78.18910217285156
-78.27369689941406
-78.11540222167969
-78.19200134277344
-78.03019714355469
-78.10269927978516
-77.94120025634766
-78.0083999633789
-77.84329986572266
-77.9021987915039
-77.73480224609375
-77.78469848632812
-77.61430358886719
-77.65509796142578
-77.4822998046875
-77.51499938964844
-77.3396987915039
-77.36329650878906
-77.185302734375
-77.20069885253906
-77.02140045166016
-76.90859985351562
-76.97219848632812
-76.7332992553711
-76.79199981689453
-76.54830169677734
-76.60199737548828
-76.35369873046875
-76.40260314941406
-76.14939880371094
-76.19339752197266
-75.93710327148438
-75.97720336914062
-75.71810150146484
-75.75430297851562
-75.49349975585938
-75.5261001586914
-75.26110076904297
-75.28710174560547
-75.0177001953125
-75.03970336914062
-74.7698974609375
-74.78900146484375
-74.51909637451172
-74.53510284423828
-74.2655029296875
-74.2782974243164
-74.0083999633789
-74.01809692382812
-73.74849700927734
-73.75450134277344
-73.48320007324219
-73.48500061035156
-73.21199798583984
-73.20919799804688
-72.93440246582031
-72.92780303955078
-72.65119934082031
-72.6406021118164
-72.36239624023438
-72.34819793701172
-72.06839752197266
-72.05079650878906
-71.76950073242188
-71.74839782714844
-71.4657974243164
-71.44139862060547
-71.15750122070312
-71.13020324707031
-70.8468017578125
-70.81759643554688
-70.53459930419922
-70.50240325927734
-70.21949768066406
-74.52559661865234
-74.80690002441406
-74.81690216064453
-75.08039855957031
-75.08560180664062
-75.34709930419922
-75.347900390625
-75.60659790039062
-75.60220336914062
-75.8584976196289
-75.84940338134766
-76.10310363769531
-76.08809661865234
-76.33809661865234
-76.31680297851562
-76.56320190429688
-76.53600311279297
-76.76820373535156
-76.72450256347656
-76.94239807128906
-76.89340209960938
-77.10679626464844
-77.05110168457031
-77.25890350341797
-77.19770050048828
-77.4010009765625
-77.3333969116211
-77.53099822998047
-77.45690155029297
-77.64830017089844
-77.56700134277344
-77.75189971923828
-77.66439819335938
-77.84210205078125
-77.74729919433594
-77.91850280761719
-77.81809997558594
-77.98370361328125
-77.877197265625
-78.03620147705078
-77.92379760742188
-78.07610321044922
-77.9583969116211
-78.10359954833984
-77.9802017211914
-78.1177978515625
-77.98919677734375
-78.12010192871094
-77.98690032958984
-78.1146011352539
-77.98030090332031
-78.10389709472656
-77.964599609375
-78.08159637451172
-77.93910217285156
-78.04840087890625
-77.90080261230469
-78.002197265625
-77.85130310058594
-77.94509887695312
-77.79019927978516
-77.87590026855469
-77.7177963256836
-77.79550170898438
-77.63420104980469
-77.70760345458984
-77.5470962524414
-77.6156005859375
-77.45210266113281
-77.51239776611328
-77.3458023071289
-77.39779663085938
-77.22820281982422
-77.27189636230469
-77.09950256347656
-77.13459777832031
-76.95980072021484
-76.98690032958984
-76.810302734375
-76.82949829101562
-76.65119934082031
-76.54180145263672
-76.60810089111328
-76.3718032836914
-76.43329620361328
-76.19229888916016
-76.24849700927734
-76.00199890136719
-76.05359649658203
-75.80349731445312
-75.85040283203125
-75.5967025756836
-75.63939666748047
-75.38379669189453
-75.42250061035156
-75.16439819335938
-75.19930267333984
-74.93699645996094
-74.96620178222656
-74.69999694824219
-74.72560119628906
-74.45850372314453
-74.48079681396484
-74.21420288085938
-74.2332992553711
-73.96649932861328
-73.98259735107422
-73.71610260009766
-73.72899627685547
-73.4614028930664
-73.47119903564453
-73.20279693603516
-73.20880126953125
-72.93800354003906
-72.93949890136719
-72.66680145263672
-72.66459655761719
-72.39070129394531
-72.38390350341797
-72.10749816894531
-72.09649658203125
-71.8187026977539
-71.80470275878906
-71.52559661865234
-71.50810241699219
-71.22720336914062
-71.20600128173828
-70.92389678955078
-70.89969635009766
-70.6178970336914
-70.59230041503906
-70.31120300292969
-70.28279876708984
-70.00150299072266
-69.97029876708984
-73.92009735107422
-73.93730163574219
-74.24520111083984
-74.25900268554688
-74.54940032958984
-74.5436019897461
-74.81629943847656
-74.80560302734375
-75.07579803466797
-75.06009674072266
-75.3279037475586
-75.30750274658203
-75.57279968261719
-75.54740142822266
-75.80909729003906
-75.77839660644531
-76.03610229492188
-75.99980163574219
-76.25330352783203
-76.21119689941406
-76.45010375976562
-76.39230346679688
-76.6177978515625
-76.5542984008789
-76.77429962158203
-76.70429992675781
-76.91999816894531
-76.84480285644531
-77.05500030517578
-76.9729995727539
-77.17759704589844
-77.0895004272461
-77.2876968383789
-77.19319915771484
-77.38520050048828
-77.28489685058594
-77.46929931640625
-77.36289978027344
-77.54070281982422
-77.42960357666016
-77.60070037841797
-77.48400115966797
-77.64820098876953
-77.52690124511719
-77.68489837646484
-77.55840301513672
-77.70860290527344
-77.57679748535156
-77.71990203857422
-77.58380126953125
-77.72010040283203
-77.57959747314453
-77.71209716796875
-77.57099914550781
-77.69999694824219
-77.55509948730469
-77.67729949951172
-77.52860260009766
-77.64289855957031
-77.4894027709961
-77.59660339355469
-77.44020080566406
-77.54019927978516
-77.37989807128906
-77.4718017578125
-77.30870056152344
-77.39340209960938
-77.22769927978516
-77.30840301513672
-77.14320373535156
-77.21849822998047
-77.05020141601562
-77.11720275878906
-76.94640350341797
-77.00530242919922
-76.83200073242188
-76.88259887695312
-76.706298828125
-76.74849700927734
-76.5707015991211
-76.60549926757812
-76.42559814453125
-76.45220184326172
-76.27040100097656
-76.1636962890625
-76.23690032958984
-75.99819946289062
-76.06680297851562
-75.82350158691406
-75.88739776611328
-75.63929748535156
-75.69770050048828
-75.44509887695312
-75.49939727783203
-75.24420166015625
-75.2947006225586
-75.03700256347656
-75.08350372314453
-74.82389831542969
-74.86620330810547
-74.60169982910156
-74.63760375976562
-74.37049865722656
-74.40380096435547
-74.13639831542969
-74.16560363769531
-73.89820098876953
-73.92449951171875
-73.65789794921875
-73.68070220947266
-73.41380310058594
-73.43309783935547
-73.16619873046875
-73.18170166015625
-72.91400146484375
-72.92539978027344
-72.65699768066406
-72.6635971069336
-72.39320373535156
-72.3948974609375
-72.1229019165039
-72.12090301513672
-71.84660339355469
-71.83999633789062
-71.56390380859375
-71.55359649658203
-71.2761001586914
-71.26200103759766
-70.9832992553711
-70.96589660644531
-70.6852035522461
-70.66439819335938
-70.38500213623047
-70.36260223388672
-70.08429718017578
-70.05850219726562
-69.779296875
-69.75070190429688
-69.47059631347656
-73.6448974609375
-73.658203125
-73.96440124511719
-73.97370147705078
-74.26249694824219
-74.25150299072266
-74.52189636230469
-74.50599670410156
-74.77410125732422
-74.75379943847656
-75.01950073242188
-74.99440002441406
-75.2572021484375
-75.22730255126953
-75.48690032958984
-75.45159912109375
-75.70680236816406
-75.66560363769531
-75.9166030883789
-75.86979675292969
-76.10649871826172
-76.04440307617188
-76.26679992675781
-76.1989974975586
-76.4166030883789
-76.34320068359375
-76.55580139160156
-76.47660064697266
-76.68370056152344
-76.59860229492188
-76.80000305175781
-76.70960235595703
-76.90470123291016
-76.80799865722656
-76.99639892578125
-76.89350128173828
-77.07559967041016
-76.96739959716797
-77.1436996459961
-77.03050231933594
-77.19979858398438
-77.08100128173828
-77.243896484375
-77.12069702148438
-77.27739715576172
-77.14939880371094
-77.29869842529297
-77.16609954833984
-77.30829620361328
-77.17140197753906
-77.30660247802734
-77.16490173339844
-77.2968978881836
-77.15499877929688
-77.2843017578125
-77.13890075683594
-77.26100158691406
-77.11129760742188
-77.22550201416016
-77.07250213623047
-77.18009948730469
-77.02410125732422
-77.1240005493164
-76.96440124511719
-77.05719757080078
-76.89510345458984
-76.98100280761719
-76.81600189208984
-76.89779663085938
-76.73320007324219
-76.810302734375
-76.64250183105469
-76.71160125732422
-76.54129791259766
-76.60279846191406
-76.42970275878906
-76.48269653320312
-76.30729675292969
-76.35310363769531
-76.17639923095703
-76.21399688720703
-76.03469848632812
-76.06449890136719
-75.88390350341797
-75.78009796142578
-75.85479736328125
-75.618896484375
-75.68910217285156
-75.447998046875
-75.51390075683594
-75.26850128173828
-75.33000183105469
-75.0802001953125
-75.13690185546875
-74.88420104980469
-74.93720245361328
-74.68260192871094
-74.73190307617188
-74.47489929199219
-74.52040100097656
-74.25910186767578
-74.2979965209961
-74.03379821777344
-74.07039642333984
-73.80690002441406
-73.8396987915039
-73.57579803466797
-73.6052017211914
-73.34159851074219
-73.36799621582031
-73.10469818115234
-73.12760162353516
-72.86389923095703
-72.88330078125
-72.61920166015625
-72.6344985961914
-72.36930084228516
-72.38030242919922
-72.11280059814453
-72.11900329589844
-71.8489990234375
-71.8510971069336
-71.5791015625
-71.57659912109375
-71.30290222167969
-71.29679870605469
-71.02210235595703
-71.0115966796875
-70.73480224609375
-70.72039794921875
-70.44229888916016
-70.42449951171875
-70.14679718017578
-70.12809753417969
-69.85189819335938
-69.83049774169922
-69.55220031738281
-69.52690124511719
-69.2477035522461
-69.22000122070312
-73.36319732666016
-73.37229919433594
-73.67669677734375
-73.68260192871094
-73.96859741210938
-73.95330047607422
-74.22039794921875
-74.20089721679688
-74.46620178222656
-74.44229888916016
-74.70490264892578
-74.67620086669922
-74.93579864501953
-74.9020004272461
-75.15809631347656
-75.1187973022461
-75.37120056152344
-75.32640075683594
-75.5740966796875
-75.52369689941406
-75.7572021484375
-75.69139862060547
-75.91079711914062
-75.8395004272461
-76.0542984008789
-75.97750091552734
-76.18730163574219
-76.10479736328125
-76.30909729003906
-76.22090148925781
-76.41999816894531
-76.32659912109375
-76.51959991455078
-76.42009735107422
-76.60579681396484
-76.5009994506836
-76.6803970336914
-76.5707015991211
-76.74449920654297
-76.62989807128906
-76.7970962524414
-76.6771011352539
-76.83789825439453
-76.71379852294922
-76.8687973022461
-76.74009704589844
-76.88819885253906
-76.75450134277344
-76.89569854736328
-76.75789642333984
-76.89209747314453
-76.74960327148438
-76.88059997558594
-76.73889923095703
-76.8678970336914
-76.72250366210938
-76.84390258789062
-76.69439697265625
-76.80889892578125
-76.65660095214844
-76.76419830322266
-76.6084976196289
-76.70880126953125
-76.54969787597656
-76.64330291748047
-76.481201171875
-76.56809997558594
-76.40350341796875
-76.48680114746094
-76.32270050048828
-76.40129852294922
-76.2343978881836
-76.3052978515625
-76.13569641113281
-76.19860076904297
-76.02629852294922
-76.08200073242188
-75.90740203857422
-75.95590209960938
-75.77940368652344
-75.82050323486328
-75.64199829101562
-75.67549896240234
-75.49590301513672
-75.39510345458984
-75.4718017578125
-75.23819732666016
-75.31069946289062
-75.07230377197266
-75.13960266113281
-74.89679718017578
-74.95989990234375
-74.7135009765625
-74.77230072021484
-74.52300262451172
-74.5781021118164
-74.32620239257812
-74.37760162353516
-74.1238021850586
-74.17169952392578
-73.91410064697266
-73.95590209960938
-73.69519805908203
-73.73419952392578
-73.47419738769531
-73.51029968261719
-73.2499008178711
-73.28269958496094
-73.02259826660156
-73.05229949951172
-72.79199981689453
-72.81800079345703
-72.55799865722656
-72.58090209960938
-72.3207015991211
-72.339599609375
-72.07759857177734
-72.09190368652344
-71.82720184326172
-71.83699798583984
-71.57029724121094
-71.57599639892578
-71.30709838867188
-71.30809783935547
-71.0374984741211
-71.03479766845703
-70.76219940185547
-70.75550079345703
-70.48100280761719
-70.47059631347656
-70.19439697265625
-70.18049621582031
-69.90460205078125
-69.88870239257812
-69.61370086669922
-69.59559631347656
-69.31890106201172
-69.2969970703125
-69.0188980102539
-68.99500274658203
-73.07569885253906
-73.0811996459961
-73.38369750976562
-73.38510131835938
-73.668701171875
-73.64910125732422
-73.91429901123047
-73.8905029296875
-74.1532974243164
-74.12519836425781
-74.3855972290039
-74.35189819335938
-74.60870361328125
-74.5707015991211
-74.82479858398438
-74.78140258789062
-75.03070068359375
-74.98190307617188
-75.22720336914062
-75.17250061035156
-75.4031982421875
-75.33350372314453
-75.55049896240234
-75.4761962890625
-75.68840026855469
-75.6084976196289
-75.81520080566406
-75.72979736328125
-75.93109893798828
-75.84049987792969
-76.03690338134766
-75.94139862060547
-76.13169860839844
-76.02980041503906
-76.2135009765625
-76.10649871826172
-76.28410339355469
-76.1719970703125
-76.34400177001953
-76.22730255126953
-76.39320373535156
-76.27210235595703
-76.43190002441406
-76.30619812011719
-76.45950317382812
-76.32939910888672
-76.47630310058594
-76.3416976928711
-76.4822006225586
-76.34410095214844
-76.47730255126953
-76.33450317382812
-76.46499633789062
-76.32340240478516
-76.45179748535156
-76.30560302734375
-76.4269027709961
-76.2771987915039
-76.39230346679688
-76.23970031738281
-76.34829711914062
-76.19210052490234
-76.29329681396484
-76.13469696044922
-76.2291030883789
-76.06729888916016
-76.15480041503906
-75.99089813232422
-76.07550048828125
-75.91169738769531
-75.99199676513672
-75.82550048828125
-75.89830017089844
-75.7291030883789
-75.79429626464844
-75.6227035522461
-75.68009948730469
-75.50659942626953
-75.55740356445312
-75.3823013305664
-75.42579650878906
-75.24829864501953
-75.28489685058594
-75.1063003540039
-75.13760375976562
-74.9583969116211
-74.85569763183594
-74.9301986694336
-74.69419860839844
-74.76390075683594
-74.52339935302734
-74.58910369873047
-74.34480285644531
-74.40619659423828
-74.15889739990234
-74.21690368652344
-73.96739959716797
-74.02169799804688
-73.7697982788086
-73.82050323486328
-73.56590270996094
-73.61150360107422
-73.35420227050781
-73.39610290527344
-73.13880157470703
-73.1780014038086
-72.92109680175781
-72.95690155029297
-72.69989776611328
-72.73290252685547
-72.47650146484375
-72.50599670410156
-72.24929809570312
-72.27539825439453
-72.01860046386719
-72.04100036621094
-71.78170013427734
-71.79940032958984
-71.53720092773438
-71.55069732666016
-71.2865982055664
-71.29630279541016
-71.02999877929688
-71.03500366210938
-70.7667007446289
-70.76809692382812
-70.497802734375
-70.49459838867188
-70.22260284423828
-70.2155990600586
-69.94200134277344
-69.93119812011719
-69.65689849853516
-69.64420318603516
-69.37020111083984
-69.35549926757812
-69.08000183105469
-69.0615005493164
-68.78500366210938
-68.76419830322266
-68.48709869384766
-72.7833023071289
-72.78489685058594
-73.08409881591797
-73.08149719238281
-73.36289978027344
-73.34010314941406
-73.60250091552734
-73.57479858398438
-73.83480072021484
-73.80339813232422
-74.0602035522461
-74.02310180664062
-74.27690124511719
-74.2354965209961
-74.48600006103516
-74.43920135498047
-74.68579864501953
-74.63359832763672
-74.875
-74.81710052490234
-75.0448989868164
-74.9728012084961
-75.18710327148438
-75.1095962524414
-75.31880187988281
-75.23590087890625
-75.44020080566406
-75.35189819335938
-75.5509033203125
-75.45780181884766
-75.6520004272461
-75.5531997680664
-75.74089813232422
-75.63690185546875
-75.81890106201172
-75.71050262451172
-75.88590240478516
-75.77220153808594
-75.94170379638672
-75.82379913330078
-75.9884033203125
-75.86640167236328
-76.02449798583984
-75.89759826660156
-76.04930114746094
-75.91899871826172
-76.06449890136719
-75.92970275878906
-76.06890106201172
-75.9301986694336
-76.0625991821289
-75.91929626464844
-76.04959869384766
-75.90740203857422
-76.03510284423828
-75.88890075683594
-76.00969696044922
-75.86070251464844
-75.97560119628906
-75.82330322265625
-75.9312973022461
-75.7761001586914
-75.87830352783203
-75.72029876708984
-75.81490325927734
-75.65360260009766
-75.74220275878906
-75.5790023803711
-75.66390228271484
-75.50039672851562
-75.58170318603516
-75.41580200195312
-75.49040222167969
-75.3218994140625
-75.38890075683594
-75.21790313720703
-75.2780990600586
-75.10530090332031
-75.15859985351562
-74.98390197753906
-75.02999877929688
-74.85379791259766
-74.89340209960938
-74.7157974243164
-74.62039947509766
-74.70099639892578
-74.47119903564453
-74.54730224609375
-74.3135986328125
-74.38590240478516
-74.14769744873047
-74.21549987792969
-73.9740982055664
-74.03780364990234
-73.793701171875
-73.85350036621094
-73.60649871826172
-73.66239929199219
-73.41339874267578
-73.46649932861328
-73.2146987915039
-73.26329803466797
-73.00900268554688
-73.0542984008789
-72.80020141601562
-72.84290313720703
-72.58889770507812
-72.62809753417969
-72.3739013671875
-72.41000366210938
-72.15640258789062
-72.18990325927734
-71.93669891357422
-71.96659851074219
-71.71260070800781
-71.73860168457031
-71.48200225830078
-71.50279998779297
-71.24349975585938
-71.26029968261719
-70.99929809570312
-71.01210021972656
-70.74849700927734
-70.75659942626953
-70.49099731445312
-70.49590301513672
-70.22820281982422
-70.22869873046875
-69.95890045166016
-69.95600128173828
-69.68419647216797
-69.6771011352539
-69.40460205078125
-69.39510345458984
-69.12210083007812
-69.10980224609375
-68.83660125732422
-68.82150268554688
-68.54679870605469
-68.52880096435547
-68.2531967163086
-68.2322006225586
-72.78009796142578
-72.77369689941406
-73.05229949951172
-73.02580261230469
-73.28589630126953
-73.25460052490234
-73.51210021972656
-73.47669982910156
-73.73090362548828
-73.69000244140625
-73.94080352783203
-73.89550018310547
-74.14340209960938
-74.09290313720703
-74.33650207519531
-74.28050231933594
-74.51969909667969
-74.45800018310547
-74.68329620361328
-74.60769653320312
-74.8197021484375
-74.73880004882812
-74.94580078125
-74.85980224609375
-75.06159973144531
-74.97059631347656
-75.16790008544922
-75.07219696044922
-75.26339721679688
-75.16259765625
-75.34850311279297
-75.24299621582031
-75.4229965209961
-75.3124008178711
-75.48619842529297
-75.37110137939453
-75.53929901123047
-75.41999816894531
-75.58270263671875
-75.45970153808594
-75.6166000366211
-75.48899841308594
-75.63970184326172
-75.50849914550781
-75.65299987792969
-75.51699829101562
-75.65509796142578
-75.5156021118164
-75.64739990234375
-75.50409698486328
-75.63379669189453
-75.4916000366211
-75.618896484375
-75.4728012084961
-75.59390258789062
-75.44499969482422
-75.55970001220703
-75.40709686279297
-75.5156021118164
-75.36029815673828
-75.46279907226562
-75.30509948730469
-75.40129852294922
-75.24109649658203
-75.3301010131836
-75.16670227050781
-75.2520980834961
-75.08910369873047
-75.17150115966797
-75.00640106201172
-75.08209991455078
-74.91439819335938
-74.98320007324219
-74.81310272216797
-74.8750991821289
-74.7030029296875
-74.75849914550781
-74.58489990234375
-74.63410186767578
-74.45880126953125
-74.50080108642578
-74.32420349121094
-74.36129760742188
-74.18419647216797
-74.21430206298828
-74.03510284423828
-73.93170166015625
-74.00559997558594
-73.77069854736328
-73.84049987792969
-73.60189819335938
-73.6677017211914
-73.4260025024414
-73.4884033203125
-73.24400329589844
-73.30229949951172
-73.0551986694336
-73.11029815673828
-72.86150360107422
-72.9126968383789
-72.66200256347656
-72.70980072021484
-72.45860290527344
-72.50379943847656
-72.25330352783203
-72.2957992553711
-72.0448989868164
-72.08380126953125
-71.83329772949219
-71.86990356445312
-71.62010192871094
-71.65339660644531
-71.40270233154297
-71.43209838867188
-71.17829895019531
-71.20230102539062
-70.94550323486328
-70.96589660644531
-70.70690155029297
-70.72350311279297
-70.46240234375
-70.47450256347656
-70.21099853515625
-70.21929931640625
-69.95459747314453
-69.95850372314453
-69.69120025634766
-69.69120025634766
-69.4220962524414
-69.41790008544922
-69.14769744873047
-69.14129638671875
-68.87069702148438
-68.86100006103516
-68.58940124511719
-68.57740020751953
-68.30490112304688
-68.28949737548828
-68.01580047607422
-67.99749755859375
-67.7228012084961
-72.47149658203125
-72.46189880371094
-72.73770141601562
-72.70800018310547
-72.96479797363281
-72.93000030517578
-73.18440246582031
-73.14510345458984
-73.39640045166016
-73.35250091552734
-73.60070037841797
-73.55220031738281
-73.79650115966797
-73.7426986694336
-73.98310089111328
-73.92400360107422
-74.15969848632812
-74.09510040283203
-74.31770324707031
-74.23930358886719
-74.44840240478516
-74.36479949951172
-74.56919860839844
-74.4811019897461
-74.68080139160156
-74.58789825439453
-74.78199768066406
-74.68440246582031
-74.87370300292969
-74.77130126953125
-74.95459747314453
-74.84739685058594
-75.02519989013672
-74.91349792480469
-75.08550262451172
-74.96920013427734
-75.135498046875
-75.01490020751953
-75.17639923095703
-75.05229949951172
-75.20800018310547
-75.0791015625
-75.22889709472656
-75.09639739990234
-75.23999786376953
-75.10359954833984
-75.24109649658203
-75.10150146484375
-75.23269653320312
-75.08930206298828
-75.21849822998047
-75.07579803466797
-75.20279693603516
-75.05670166015625
-75.17790222167969
-75.02870178222656
-75.14330291748047
-74.99099731445312
-75.09950256347656
-74.94499969482422
-75.04810333251953
-74.89029693603516
-74.98709869384766
-74.82649993896484
-74.91709899902344
-74.75420379638672
-74.84100341796875
-74.67880249023438
-74.76180267333984
-74.59709930419922
-74.67400360107422
-74.50669860839844
-74.5770034790039
-74.40760040283203
-74.47160339355469
-74.30059814453125
-74.3583984375
-74.18560028076172
-74.23680114746094
-74.06210327148438
-74.1073989868164
-73.9312973022461
-73.97119903564453
-73.79399871826172
-73.69850158691406
-73.77839660644531
-73.54920196533203
-73.625
-73.3926010131836
-73.46440124511719
-73.22820281982422
-73.2958984375
-73.05650329589844
-73.12090301513672
-72.87909698486328
-72.9397964477539
-72.69599914550781
-72.75309753417969
-72.50679779052734
-72.55999755859375
-72.31220245361328
-72.36299896240234
-72.11540222167969
-72.16320037841797
-71.91549682617188
-71.96040344238281
-71.7134017944336
-71.75540161132812
-71.50769805908203
-71.54669952392578
-71.29920196533203
-71.33599853515625
-71.0885009765625
-71.12190246582031
-70.87069702148438
-70.89779663085938
-70.64360046386719
-70.66729736328125
-70.41110229492188
-70.4302978515625
-70.17169952392578
-70.18710327148438
-69.92680358886719
-69.9385986328125
-69.6760025024414
-69.68370056152344
-69.4188003540039
-69.42230224609375
-69.15509796142578
-69.15489959716797
-68.8865966796875
-68.88349914550781
-68.614501953125
-68.60810089111328
-68.3375015258789
-68.32849884033203
-68.05729675292969
-68.04570007324219
-67.77310180664062
-67.75859832763672
-67.48539733886719
-67.46790313720703
-72.15969848632812
-72.14669799804688
-72.41929626464844
-72.3855972290039
-72.63960266113281
-72.60140228271484
-72.85260009765625
-72.81009674072266
-73.05860137939453
-73.01119995117188
-73.25659942626953
-73.2042007446289
-73.44599914550781
-73.38860321044922
-73.6261978149414
-73.5634994506836
-73.79669952392578
-73.72930145263672
-73.94920349121094
-73.86830139160156
-74.07479858398438
-73.9894027709961
-74.19139862060547
-74.10070037841797
-74.29759979248047
-74.20230102539062
-74.3949966430664
-74.29550170898438
-74.48249816894531
-74.37840270996094
-74.55999755859375
-74.45169830322266
-74.62740325927734
-74.51439666748047
-74.68409729003906
-74.56670379638672
-74.7311019897461
-74.60929870605469
-74.76899719238281
-74.64340209960938
-74.79789733886719
-74.66840362548828
-74.81710052490234
-74.68440246582031
-74.82730102539062
-74.69059753417969
-74.82730102539062
-74.68720245361328
-74.81809997558594
-74.67459869384766
-74.8031005859375
-74.66059875488281
-74.78720092773438
-74.64099884033203
-74.76129913330078
-74.61199951171875
-74.72720336914062
-74.57499694824219
-74.68440246582031
-74.52950286865234
-74.63249969482422
-74.4749984741211
-74.57230377197266
-74.41320037841797
-74.50450134277344
-74.34259796142578
-74.4302978515625
-74.26809692382812
-74.35199737548828
-74.18789672851562
-74.26580047607422
-74.09940338134766
-74.1708984375
-74.00250244140625
-74.06819915771484
-73.89800262451172
-73.95760345458984
-73.7854995727539
-73.83869934082031
-73.66459655761719
-73.71199798583984
-73.53669738769531
-73.5790023803711
-73.40280151367188
-73.3104019165039
-73.39189910888672
-73.16529846191406
-73.2426986694336
-73.01280212402344
-73.08689880371094
-72.85359954833984
-72.92310333251953
-72.68589782714844
-72.75170135498047
-72.51280212402344
-72.57579803466797
-72.33450317382812
-72.39399719238281
-72.15019989013672
-72.20600128173828
-71.96099853515625
-72.01409912109375
-71.76930236816406
-71.8198013305664
-71.57569885253906
-71.62349700927734
-71.37889862060547
-71.42379760742188
-71.17900085449219
-71.22100067138672
-70.97589874267578
-71.01509857177734
-70.7699966430664
-70.80650329589844
-70.55850219726562
-70.58920288085938
-70.33709716796875
-70.3644027709961
-70.11090087890625
-70.13390350341797
-69.87779998779297
-69.89640045166016
-69.63860321044922
-69.65360260009766
-69.39399719238281
-69.40460205078125
-69.14209747314453
-69.14859771728516
-68.88379669189453
-68.88680267333984
-68.62069702148438
-68.62079620361328
-68.35340118408203
-68.35030364990234
-68.08159637451172
-68.07530212402344
-67.8051986694336
-67.79620361328125
-67.52559661865234
-67.51409912109375
-67.2427978515625
-67.22859954833984
-71.8292007446289
-71.7979965209961
-72.08180236816406
-72.03050231933594
-72.29620361328125
-72.24089813232422
-72.50360107421875
-72.44390106201172
-72.7030029296875
-72.63870239257812
-72.89450073242188
-72.82630157470703
-73.07849884033203
-73.006103515625
-73.25350189208984
-73.17569732666016
-73.41840362548828
-73.33619689941406
-73.56620025634766
-73.4708023071289
-73.6875
-73.58799743652344
-73.79930114746094
-73.69550323486328
-73.90170288085938
-73.7947006225586
-73.99590301513672
-73.8843994140625
-74.07990264892578
-73.96399688720703
-74.1541976928711
-74.0344009399414
-74.21890258789062
-74.09510040283203
-74.27300262451172
-74.14540100097656
-74.31729888916016
-74.1864013671875
-74.35299682617188
-74.21900177001953
-74.38009643554688
-74.2428970336914
-74.39849853515625
-74.25830078125
-74.40750122070312
-74.26370239257812
-74.40679931640625
-74.26010131835938
-74.39710235595703
-74.24759674072266
-74.38269805908203
-74.2334976196289
-74.36519622802734
-74.21279907226562
-74.33930206298828
-74.18470001220703
-74.3052978515625
-74.14769744873047
-74.26260375976562
-74.10269927978516
-74.21219635009766
-74.05000305175781
-74.15370178222656
-73.98889923095703
-74.08650207519531
-73.91929626464844
-74.01339721679688
-73.84619903564453
-73.93699645996094
-73.7677001953125
-73.85240173339844
-73.68099975585938
-73.75980377197266
-73.58609771728516
-73.65869903564453
-73.48400115966797
-73.55120086669922
-73.375
-73.435302734375
-73.25749969482422
-73.31169891357422
-73.13330078125
-73.18240356445312
-73.00330352783203
-72.91339874267578
-73.00080108642578
-72.77290344238281
-72.85590362548828
-72.62460327148438
-72.7041015625
-72.46910095214844
-72.54450225830078
-72.30650329589844
-72.37840270996094
-72.13790130615234
-72.20649719238281
-71.96410369873047
-72.02909851074219
-71.785400390625
-71.84700012207031
-71.60209655761719
-71.660400390625
-71.41529846191406
-71.47119903564453
-71.22599792480469
-71.27999877929688
-71.03469848632812
-71.08580017089844
-70.83979797363281
-70.88819885253906
-70.64240264892578
-70.68820190429688
-70.44210052490234
-70.48470306396484
-70.23590087890625
-70.27310180664062
-70.02130126953125
-70.05449676513672
-69.80069732666016
-69.82969665527344
-69.57430267333984
-69.59929656982422
-69.34190368652344
-69.36260223388672
-69.10359954833984
-69.11990356445312
-68.8583984375
-68.86990356445312
-68.60600280761719
-68.6134033203125
-68.34829711914062
-68.35260009765625
-68.0863037109375
-68.08709716796875
-67.81929779052734
-67.81690216064453
-67.54810333251953
-67.5427017211914
-67.27330017089844
-67.26519775390625
-66.99559783935547
-66.9845962524414
-66.7145004272461
-71.71279907226562
-71.65879821777344
-71.92130279541016
-71.86319732666016
-72.12319946289062
-72.06089782714844
-72.31739807128906
-72.2511978149414
-72.50430297851562
-72.43409729003906
-72.68360137939453
-72.60900115966797
-72.85379791259766
-72.77420043945312
-73.01409912109375
-72.9303970336914
-73.15709686279297
-73.0604019165039
-73.27459716796875
-73.17420196533203
-73.38379669189453
-73.27940368652344
-73.48400115966797
-73.37570190429688
-73.57479858398438
-73.46219635009766
-73.65589904785156
-73.53959655761719
-73.72799682617188
-73.60800170898438
-73.79060363769531
-73.66670227050781
-73.84349822998047
-73.7155990600586
-73.8865966796875
-73.75589752197266
-73.9218978881836
-73.78790283203125
-73.9478988647461
-73.81089782714844
-73.9656982421875
-73.82499694824219
-73.97380065917969
-73.8302993774414
-73.97350311279297
-73.82640075683594
-73.9636001586914
-73.81379699707031
-73.94869995117188
-73.79930114746094
-73.93160247802734
-73.77940368652344
-73.90599822998047
-73.7509994506836
-73.87210083007812
-73.71479797363281
-73.83049774169922
-73.67109680175781
-73.78099822998047
-73.61910247802734
-73.72329711914062
-73.55879974365234
-73.65709686279297
-73.4906997680664
-73.58580017089844
-73.41909790039062
-73.51020050048828
-73.34140014648438
-73.42749786376953
-73.2572021484375
-73.33709716796875
-73.16459655761719
-73.23889923095703
-73.06549835205078
-73.1343994140625
-72.95890045166016
-73.02169799804688
-72.84490203857422
-72.90239715576172
-72.72460174560547
-72.64179992675781
-72.73429870605469
-72.51210021972656
-72.60070037841797
-72.37539672851562
-72.46029663085938
-72.231201171875
-72.3125991821289
-72.08059692382812
-72.15769958496094
-71.92240142822266
-71.99579620361328
-71.75849914550781
-71.82879638671875
-71.58930206298828
-71.65609741210938
-71.41539764404297
-71.47969818115234
-71.2384033203125
-71.29930114746094
-71.05660247802734
-71.1144027709961
-70.87149810791016
-70.92729949951172
-70.68419647216797
-70.73760223388672
-70.49459838867188
-70.54570007324219
-70.30269622802734
-70.3510971069336
-70.10769653320312
-70.15290069580078
-69.90679931640625
-69.94719696044922
-69.697998046875
-69.73480224609375
-69.48390197753906
-69.5166015625
-69.26380157470703
-69.29239654541016
-69.03810119628906
-69.0625991821289
-68.80619812011719
-68.82649993896484
-68.56790161132812
-68.5833969116211
-68.32250213623047
-68.33350372314453
-68.07050323486328
-68.07779693603516
-67.8135986328125
-67.81770324707031
-67.5521011352539
-67.55290222167969
-67.28600311279297
-67.28359985351562
-67.01609802246094
-67.01119995117188
-66.743896484375
-66.73629760742188
-66.46800231933594
-66.45719909667969
-71.34140014648438
-71.28469848632812
-71.54409790039062
-71.48390197753906
-71.74079895019531
-71.67630004882812
-71.9301986694336
-71.86190032958984
-72.11260223388672
-72.03980255126953
-72.28669738769531
-72.20960235595703
-72.45249938964844
-72.37059783935547
-72.60870361328125
-72.52239990234375
-72.74729919433594
-72.64900207519531
-72.86170196533203
-72.76000213623047
-72.96800231933594
-72.86239624023438
-73.06539916992188
-72.95539855957031
-73.1530990600586
-73.03959655761719
-73.23249816894531
-73.11530303955078
-73.30249786376953
-73.18160247802734
-73.36329650878906
-73.23860168457031
-73.41400146484375
-73.28589630126953
-73.45680236816406
-73.32540130615234
-73.4906005859375
-73.35569763183594
-73.51599884033203
-73.3781967163086
-73.53250122070312
-73.3916015625
-73.54060363769531
-73.39679718017578
-73.53939819335938
-73.39209747314453
-73.52940368652344
-73.38009643554688
-73.51509857177734
-73.36579895019531
-73.4977035522461
-73.34529876708984
-73.47200012207031
-73.31770324707031
-73.43939971923828
-73.28260040283203
-73.39869689941406
-73.23930358886719
-73.34980010986328
-73.18820190429688
-73.29299926757812
-73.12889862060547
-73.22820281982422
-73.06199645996094
-73.15789794921875
-72.99150085449219
-73.08380126953125
-72.91609954833984
-73.00330352783203
-72.83309936523438
-72.91459655761719
-72.7426986694336
-72.81939697265625
-72.64649963378906
-72.71720123291016
-72.54229736328125
-72.6072006225586
-72.43199920654297
-72.49189758300781
-72.31529998779297
-72.23490142822266
-72.32929992675781
-72.11039733886719
-72.20069885253906
-71.97779846191406
-72.06390380859375
-71.83769989013672
-71.92009735107422
-71.69059753417969
-71.76969909667969
-71.5376968383789
-71.61329650878906
-71.37879943847656
-71.45069885253906
-71.21389770507812
-71.28240203857422
-71.04519653320312
-71.11150360107422
-70.87310028076172
-70.93589782714844
-70.69650268554688
-70.75630187988281
-70.51640319824219
-70.57379913330078
-70.33380126953125
-70.38849639892578
-70.14800262451172
-70.20069885253906
-69.96019744873047
-70.01119995117188
-69.77020263671875
-69.81839752197266
-69.57520294189453
-69.61840057373047
-69.37200164794922
-69.41120147705078
-69.16320037841797
-69.19920349121094
-68.95010375976562
-68.98200225830078
-68.73040008544922
-68.75789642333984
-68.50469970703125
-68.52850341796875
-68.27339935302734
-68.29239654541016
-68.03459930419922
-68.04920196533203
-67.78900146484375
-67.79940032958984
-67.53679656982422
-67.543701171875
-67.28019714355469
-67.2844009399414
-67.0198974609375
-67.02069854736328
-66.75520324707031
-66.75289916992188
-66.48709869384766
-66.48290252685547
-66.21769714355469
-66.21040344238281
-65.94429779052734
-70.96810150146484
-70.9093017578125
-71.16570281982422
-71.10340118408203
-71.35710144042969
-71.29049682617188
-71.54139709472656
-71.47109985351562
-71.71869659423828
-71.64399719238281
-71.88800048828125
-71.80979919433594
-72.04959869384766
-71.96649932861328
-72.20130157470703
-72.11399841308594
-72.33670043945312
-72.23709869384766
-72.44770050048828
-72.3447036743164
-72.55130004882812
-72.44419860839844
-72.64540100097656
-72.53500366210938
-72.73149871826172
-72.61759948730469
-72.80850219726562
-72.69100189208984
-72.87689971923828
-72.75530242919922
-72.9354019165039
-72.81060028076172
-72.98570251464844
-72.85769653320312
-73.02649688720703
-72.8947982788086
-73.05879974365234
-72.92430114746094
-73.08350372314453
-72.94599914550781
-73.09989929199219
-72.95899963378906
-73.10679626464844
-72.96299743652344
-73.10569763183594
-72.95929718017578
-73.09639739990234
-72.94719696044922
-73.08159637451172
-72.93240356445312
-73.06430053710938
-72.9126968383789
-73.03939819335938
-72.88520050048828
-73.00669860839844
-72.85040283203125
-72.96690368652344
-72.80799865722656
-72.9188003540039
-72.75759887695312
-72.86280059814453
-72.6990966796875
-72.79889678955078
-72.6333999633789
-72.7302017211914
-72.5645980834961
-72.658203125
-72.4905014038086
-72.57820129394531
-72.40859985351562
-72.49169921875
-72.32119750976562
-72.39949798583984
-72.22709655761719
-72.29930114746094
-72.12560272216797
-72.19339752197266
-72.01950073242188
-72.08149719238281
-71.90660095214844
-71.8291015625
-71.92430114746094
-71.70760345458984
-71.79940032958984
-71.57939910888672
-71.6675033569336
-71.44390106201172
-71.52790069580078
-71.30169677734375
-71.38200378417969
-71.15270233154297
-71.22940063476562
-70.99839782714844
-71.07219696044922
-70.83869934082031
-70.90859985351562
-70.67400360107422
-70.74210357666016
-70.50700378417969
-70.5718994140625
-70.33519744873047
-70.39710235595703
-70.16020202636719
-70.21959686279297
-69.9822006225586
-70.03900146484375
-69.80059814453125
-69.85489654541016
-69.61710357666016
-69.6697006225586
-69.43199920654297
-69.48159790039062
-69.24130249023438
-69.28669738769531
-69.0436019897461
-69.08570098876953
-68.84030151367188
-68.87879943847656
-68.6322021484375
-68.6675033569336
-68.41940307617188
-68.45040130615234
-68.19979858398438
-68.22660064697266
-67.9739990234375
-67.99690246582031
-67.74250030517578
-67.76110076904297
-67.5031967163086
-67.5165023803711
-67.25669860839844
-67.2667007446289
-67.00509643554688
-67.01170349121094
-66.74949645996094
-66.75350189208984
-66.4906005859375
-66.49140167236328
-66.22799682617188
-66.22589874267578
-65.96269989013672
-65.95860290527344
-65.69550323486328
-65.6884994506836
-70.785400390625
-70.72039794921875
-70.9719009399414
-70.90339660644531
-71.15170288085938
-71.07939910888672
-71.3240966796875
-71.24739837646484
-71.48919677734375
-71.40899658203125
-71.64649963378906
-71.56109619140625
-71.7938003540039
-71.70429992675781
-71.92479705810547
-71.82369995117188
-72.03299713134766
-71.92919921875
-72.13390350341797
-72.02629852294922
-72.22630310058594
-72.1155014038086
-72.310302734375
-72.19529724121094
-72.38510131835938
-72.2666015625
-72.45089721679688
-72.32859802246094
-72.5083999633789
-72.38310241699219
-72.55719757080078
-72.4281997680664
-72.5969009399414
-72.46489715576172
-72.62830352783203
-72.4937973022461
-72.65239715576172
-72.51480102539062
-72.6675033569336
-72.52639770507812
-72.67410278320312
-72.53050231933594
-72.67289733886719
-72.52680206298828
-72.66390228271484
-72.51509857177734
-72.64920043945312
-72.50050354003906
-72.6322021484375
-72.48090362548828
-72.6072006225586
-72.45359802246094
-72.57520294189453
-72.41929626464844
-72.53559875488281
-72.37670135498047
-72.48789978027344
-72.32689666748047
-72.43289947509766
-72.2697982788086
-72.37049865722656
-72.2052993774414
-72.30269622802734
-72.13780212402344
-72.23200225830078
-72.06549835205078
-72.154296875
-71.98690032958984
-72.0707015991211
-71.90180206298828
-71.97989654541016
-71.80950164794922
-71.88300323486328
-71.71150207519531
-71.78019714355469
-71.60800170898438
-71.67230224609375
-71.49919891357422
-71.42389678955078
-71.52010345458984
-71.306396484375
-71.3988037109375
-71.1812973022461
-71.27020263671875
-71.04969787597656
-71.13529968261719
-70.91190338134766
-70.99430084228516
-70.76860046386719
-70.8468017578125
-70.61820220947266
-70.69309997558594
-70.46269989013672
-70.53450012207031
-70.30349731445312
-70.37300109863281
-70.14129638671875
-70.2072982788086
-69.97429656982422
-70.0374984741211
-69.80359649658203
-69.864501953125
-69.62960052490234
-69.68789672851562
-69.4520034790039
-69.50800323486328
-69.27230072021484
-69.32710266113281
-69.091796875
-69.14399719238281
-68.90560150146484
-68.95320129394531
-68.71150207519531
-68.75640106201172
-68.51409912109375
-68.55580139160156
-68.31189727783203
-68.34989929199219
-68.10449981689453
-68.13880157470703
-67.89140319824219
-67.92150115966797
-67.67179870605469
-67.69750213623047
-67.44599914550781
-67.46800231933594
-67.21379852294922
-67.2302017211914
-66.97239685058594
-66.9854965209961
-66.72640228271484
-66.73609924316406
-66.47570037841797
-66.48259735107422
-66.22219848632812
-66.22630310058594
-65.96520233154297
-65.96620178222656
-65.70500183105469
-65.70359802246094
-65.44270324707031
-65.4385986328125
-65.17680358886719
-70.40339660644531
-70.33699798583984
-70.58550262451172
-70.51480102539062
-70.7603988647461
-70.68620300292969
-70.92859649658203
-70.85009765625
-71.08879852294922
-71.00689697265625
-71.24169921875
-71.15450286865234
-71.3843994140625
-71.2938003540039
-71.51239776611328
-71.41110229492188
-71.61869812011719
-71.51380157470703
-71.716796875
-71.60800170898438
-71.80680084228516
-71.69429779052734
-71.88809967041016
-71.77220153808594
-71.96089935302734
-71.8416976928711
-72.02519989013672
-71.90290069580078
-72.08110046386719
-71.9552993774414
-72.1281967163086
-71.99949645996094
-72.16739654541016
-72.0353012084961
-72.19830322265625
-72.0634994506836
-72.22139739990234
-72.08370208740234
-72.23619842529297
-72.095703125
-72.24230194091797
-72.09960174560547
-72.2416000366211
-72.09609985351562
-72.23249816894531
-72.08390045166016
-72.2177963256836
-72.06909942626953
-72.20050048828125
-72.04969787597656
-72.17649841308594
-72.02279663085938
-72.14399719238281
-71.98789978027344
-72.10440063476562
-71.94619750976562
-72.05760192871094
-71.89759826660156
-72.00379943847656
-71.8416976928711
-71.94259643554688
-71.7782974243164
-71.8761978149414
-71.71279907226562
-71.80789947509766
-71.64250183105469
-71.73269653320312
-71.56590270996094
-71.65119934082031
-71.4823989868164
-71.5625991821289
-71.39309692382812
-71.46849822998047
-71.2979965209961
-71.36869812011719
-71.19779968261719
-71.26399993896484
-71.09210205078125
-71.01909637451172
-71.11630249023438
-70.90499877929688
-70.9989013671875
-70.78459930419922
-70.87470245361328
-70.6572036743164
-70.74349975585938
-70.52410125732422
-70.60710144042969
-70.3855972290039
-70.46479797363281
-70.2406997680664
-70.31580352783203
-70.08869934082031
-70.16059875488281
-69.93360137939453
-70.00460052490234
-69.777099609375
-69.84439849853516
-69.614501953125
-69.67849731445312
-69.44709777832031
-69.50900268554688
-69.27690124511719
-69.33660125732422
-69.10369873046875
-69.16089630126953
-68.92769622802734
-68.98320007324219
-68.75029754638672
-68.8041000366211
-68.56770324707031
-68.61699676513672
-68.37789916992188
-68.42469787597656
-68.18479919433594
-68.2291030883789
-67.98829650878906
-68.029296875
-67.7864990234375
-67.82379913330078
-67.57929992675781
-67.61260223388672
-67.36650085449219
-67.39550018310547
-67.14749908447266
-67.17230224609375
-66.92050170898438
-66.93990325927734
-66.68479919433594
-66.70079803466797
-66.4437026977539
-66.456298828125
-66.19869995117188
-66.20850372314453
-65.95030212402344
-65.95709991455078
-65.69879913330078
-65.7029037475586
-65.44380187988281
-65.44499969482422
-65.18659973144531
-65.18569946289062
-64.92649841308594
-64.92169952392578
-70.02010345458984
-69.95110321044922
-70.19730377197266
-70.125
-70.36830139160156
-70.29229736328125
-70.53179931640625
-70.45149993896484
-70.68800354003906
-70.60369873046875
-70.83550262451172
-70.7468032836914
-70.97509765625
-70.88289642333984
-71.1001968383789
-70.99749755859375
-71.20359802246094
-71.09719848632812
-71.29859924316406
-71.18910217285156
-71.38610076904297
-71.27300262451172
-71.46530151367188
-71.34960174560547
-71.53730010986328
-71.41829681396484
-71.60050201416016
-71.47840118408203
-71.65519714355469
-71.5291976928711
-71.70050048828125
-71.57160186767578
-71.7385025024414
-71.60639953613281
-71.76840209960938
-71.63359832763672
-71.79109954833984
-71.65350341796875
-71.80570220947266
-71.66519927978516
-71.8125
-71.66940307617188
-71.81099700927734
-71.66539764404297
-71.8019027709961
-71.65399932861328
-71.78720092773438
-71.63899993896484
-71.77010345458984
-71.61969757080078
-71.74559783935547
-71.59210205078125
-71.71330261230469
-71.55789947509766
-71.67440032958984
-71.51689910888672
-71.62870025634766
-71.46959686279297
-71.57630157470703
-71.41519927978516
-71.51640319824219
-71.35369873046875
-71.45220184326172
-71.28990173339844
-71.38510131835938
-71.22109985351562
-71.31169891357422
-71.14620208740234
-71.23159790039062
-71.0645980834961
-71.1458969116211
-70.97810363769531
-71.05470275878906
-70.88610076904297
-70.9583969116211
-70.78929901123047
-70.85679626464844
-70.68730163574219
-70.61630249023438
-70.7134017944336
-70.50550079345703
-70.59989929199219
-70.38890075683594
-70.47969818115234
-70.26589965820312
-70.35340118408203
-70.13729858398438
-70.2218017578125
-70.00360107421875
-70.08439636230469
-69.86270141601562
-69.9397964477539
-69.71540069580078
-69.78910064697266
-69.56500244140625
-69.63749694824219
-69.41329956054688
-69.48200225830078
-69.25559997558594
-69.32099914550781
-69.09239959716797
-69.15450286865234
-68.92530059814453
-68.98580169677734
-68.75579833984375
-68.81410217285156
-68.58329772949219
-68.63970184326172
-68.408203125
-68.46320343017578
-68.22920227050781
-68.27999877929688
-68.04329681396484
-68.09190368652344
-67.8552017211914
-67.90119934082031
-67.66300201416016
-67.70580291748047
-67.4656982421875
-67.50550079345703
-67.26390075683594
-67.30049896240234
-67.05750274658203
-67.09010314941406
-66.84529876708984
-66.87370300292969
-66.6249008178711
-66.64689636230469
-66.3938980102539
-66.41230010986328
-66.15859985351562
-66.17400360107422
-65.91909790039062
-65.9312973022461
-65.67579650878906
-65.68499755859375
-65.42880249023438
-65.43579864501953
-65.17990112304688
-65.18389892578125
-64.92749786376953
-64.9291000366211
-64.67230224609375
-64.67060089111328
-69.80840301513672
-69.73390197753906
-69.97450256347656
-69.89640045166016
-70.13400268554688
-70.05169677734375
-70.28510284423828
-70.1989974975586
-70.42890167236328
-70.33899688720703
-70.564697265625
-70.47160339355469
-70.68710327148438
-70.58380126953125
-70.78790283203125
-70.68090057373047
-70.88069915771484
-70.7708969116211
-70.96630096435547
-70.85260009765625
-71.043701171875
-70.92749786376953
-71.1144027709961
-70.99440002441406
-71.17630004882812
-71.05339813232422
-71.22959899902344
-71.10289764404297
-71.27349853515625
-71.14409637451172
-71.31009674072266
-71.17759704589844
-71.33920288085938
-71.20449829101562
-71.36129760742188
-71.22339630126953
-71.37529754638672
-71.23480224609375
-71.38159942626953
-71.23870086669922
-71.38099670410156
-71.23600006103516
-71.37249755859375
-71.2251968383789
-71.3584976196289
-71.21050262451172
-71.3405990600586
-71.19080352783203
-71.31639862060547
-71.16390228271484
-71.2843017578125
-71.12989807128906
-71.24600219726562
-71.0895004272461
-71.20130157470703
-71.04340362548828
-71.15059661865234
-70.99019622802734
-71.09220123291016
-70.9301986694336
-71.02940368652344
-70.8676986694336
-70.96420288085938
-70.80079650878906
-70.89219665527344
-70.72709655761719
-70.81410217285156
-70.64820098876953
-70.73090362548828
-70.56490325927734
-70.64340209960938
-70.47669982910156
-70.55039978027344
-70.38289642333984
-70.45240020751953
-70.28410339355469
-70.2157974243164
-70.3135986328125
-70.10810089111328
-70.2029037475586
-69.99549865722656
-70.08719635009766
-69.87660217285156
-69.964599609375
-69.75189971923828
-69.83709716796875
-69.62229919433594
-69.7042007446289
-69.48609924316406
-69.5636978149414
-69.34249877929688
-69.41719818115234
-69.19709777832031
-69.27110290527344
-69.05059814453125
-69.12030029296875
-68.89710235595703
-68.96369934082031
-68.73880004882812
-68.80220031738281
-68.57540130615234
-68.63639831542969
-68.4092025756836
-68.46820068359375
-68.23899841308594
-68.2959976196289
-68.06649780273438
-68.12229919433594
-67.89019775390625
-67.94219970703125
-67.70850372314453
-67.75879669189453
-67.52429962158203
-67.57209777832031
-67.33670043945312
-67.38159942626953
-67.14430236816406
-67.18569946289062
-66.94730377197266
-66.98580169677734
-66.74639892578125
-66.78150177001953
-66.54070281982422
-66.57170104980469
-66.32589721679688
-66.35060119628906
-66.10070037841797
-66.12200164794922
-65.87039947509766
-65.88860321044922
-65.6365966796875
-65.65170288085938
-65.39859771728516
-65.4104995727539
-65.15709686279297
-65.16619873046875
-64.91280364990234
-64.91960144042969
-64.66609954833984
-64.66999816894531
-64.41539764404297
-64.41609954833984
-64.160400390625
-69.4177017211914
-69.34100341796875
-69.5792007446289
-69.4989013671875
-69.73400115966797
-69.64910125732422
-69.88079833984375
-69.79219818115234
-70.02050018310547
-69.9280014038086
-70.15350341796875
-70.05670166015625
-70.27149963378906
-70.16480255126953
-70.37010192871094
-70.26000213623047
-70.46089935302734
-70.34809875488281
-70.54450225830078
-70.42790222167969
-70.61990356445312
-70.5009994506836
-70.6886978149414
-70.56629943847656
-70.74919891357422
-70.62310028076172
-70.80059814453125
-70.67120361328125
-70.84390258789062
-70.71170043945312
-70.87950134277344
-70.74449920654297
-70.90789794921875
-70.77030181884766
-70.9291000366211
-70.78839874267578
-70.94229888916016
-70.79920196533203
-70.94889831542969
-70.8030014038086
-70.9478988647461
-70.79949951171875
-70.94029998779297
-70.78970336914062
-70.92659759521484
-70.77510070800781
-70.9093017578125
-70.75559997558594
-70.88459777832031
-70.72810363769531
-70.85299682617188
-70.69509887695312
-70.81559753417969
-70.65570068359375
-70.77189636230469
-70.61029815673828
-70.72160339355469
-70.55770111083984
-70.66439819335938
-70.49919891357422
-70.60330200195312
-70.43820190429688
-70.53929901123047
-70.3727035522461
-70.46920013427734
-70.30159759521484
-70.3936996459961
-70.22550201416016
-70.31400299072266
-70.1449966430664
-70.2291030883789
-70.05919647216797
-70.13939666748047
-69.96869659423828
-70.04389953613281
-69.87229919433594
-69.8062973022461
-69.91020202636719
-69.70339965820312
-69.80349731445312
-69.59400177001953
-69.69129943847656
-69.48030090332031
-69.57389831542969
-69.36060333251953
-69.45050048828125
-69.23560333251953
-69.32209777832031
-69.10430145263672
-69.1863021850586
-68.96530151367188
-69.04389953613281
-68.82420349121094
-68.90270233154297
-68.68319702148438
-68.7571029663086
-68.5343017578125
-68.60449981689453
-68.37930297851562
-68.4468994140625
-68.21959686279297
-68.28469848632812
-68.05580139160156
-68.11920166015625
-67.88939666748047
-67.95030212402344
-67.71890258789062
-67.7781982421875
-67.54620361328125
-67.60250091552734
-67.36859893798828
-67.42269897460938
-67.18879699707031
-67.24009704589844
-67.00469970703125
-67.05359649658203
-66.81749725341797
-66.86329650878906
-66.62580108642578
-66.66850280761719
-66.4301986694336
-66.4697036743164
-66.23040008544922
-66.26629638671875
-66.02230072021484
-66.05069732666016
-65.80159759521484
-65.82679748535156
-65.57710266113281
-65.59940338134766
-65.34850311279297
-65.36759948730469
-65.11630249023438
-65.1322021484375
-64.88059997558594
-64.89350128173828
-64.6417007446289
-64.65190124511719
-64.40010070800781
-64.40740203857422
-64.15470123291016
-64.15869903564453
-63.90520095825195
-63.90620040893555
-69.18190002441406
-69.09970092773438
-69.33170318603516
-69.24500274658203
-69.47370147705078
-69.38400268554688
-69.61000061035156
-69.51589965820312
-69.73709869384766
-69.63849639892578
-69.85130310058594
-69.74400329589844
-69.94740295410156
-69.83650207519531
-70.0363998413086
-69.92279815673828
-70.1178970336914
-70.00080108642578
-70.19190216064453
-70.07209777832031
-70.25879669189453
-70.13529968261719
-70.31670379638672
-70.189697265625
-70.36669921875
-70.23709869384766
-70.4094009399414
-70.27660369873047
-70.44400024414062
-70.30840301513672
-70.47139739990234
-70.33329772949219
-70.49150085449219
-70.35050201416016
-70.50440216064453
-70.36119842529297
-70.51010131835938
-70.3644027709961
-70.50890350341797
-70.36139678955078
-70.50150299072266
-70.35140228271484
-70.48819732666016
-70.33719635009766
-70.47049713134766
-70.31719970703125
-70.44580078125
-70.29039764404297
-70.41490173339844
-70.25769805908203
-70.37809753417969
-70.21900177001953
-70.33499908447266
-70.17430114746094
-70.28559875488281
-70.12300109863281
-70.22989654541016
-70.06539916992188
-70.16960144042969
-70.00530242919922
-70.1073989868164
-69.94180297851562
-70.03959655761719
-69.87349700927734
-69.96730041503906
-69.80020141601562
-69.88929748535156
-69.72119903564453
-69.6666030883789
-69.77890014648438
-69.58110046386719
-69.69020080566406
-69.48989868164062
-69.59609985351562
-69.39450073242188
-69.49849700927734
-69.29550170898438
-69.39640045166016
-69.19120025634766
-69.28880310058594
-69.08170318603516
-69.1759033203125
-68.96700286865234
-69.05809783935547
-68.84660339355469
-68.93419647216797
-68.72039794921875
-68.80390167236328
-68.58670043945312
-68.66600036621094
-68.44989776611328
-68.52940368652344
-68.3136978149414
-68.38899993896484
-68.16960144042969
-68.24099731445312
-68.0186996459961
-68.08679962158203
-67.86190032958984
-67.9271011352539
-67.70059967041016
-67.76409912109375
-67.53620147705078
-67.59819793701172
-67.36940002441406
-67.42919921875
-67.19889831542969
-67.25659942626953
-67.02580261230469
-67.08159637451172
-66.8499984741211
-66.90299987792969
-66.67030334472656
-66.720703125
-66.48719787597656
-66.53510284423828
-66.30079650878906
-66.3458023071289
-66.11070251464844
-66.15239715576172
-65.91680145263672
-65.9552993774414
-65.71430206298828
-65.74539947509766
-65.49949645996094
-65.527099609375
-65.28019714355469
-65.30490112304688
-65.05789947509766
-65.0792007446289
-64.83149719238281
-64.84950256347656
-64.60130310058594
-64.61640167236328
-64.36799621582031
-64.38030242919922
-64.13169860839844
-64.14119720458984
-63.8911018371582
-63.89720153808594
-63.64630126953125
-63.650299072265625
-63.39849853515625
-68.7833023071289
-68.69860076904297
-68.9281997680664
-68.8396987915039
-69.06680297851562
-68.97480010986328
-69.1978988647461
-69.10169982910156
-69.32099914550781
-69.22149658203125
-69.43160247802734
-69.32330322265625
-69.52490234375
-69.41390228271484
-69.61199951171875
-69.497802734375
-69.69149780273438
-69.5740966796875
-69.76360321044922
-69.6427993774414
-69.82779693603516
-69.7041015625
-69.88469696044922
-69.75769805908203
-69.93319702148438
-69.80339813232422
-69.97450256347656
-69.841796875
-70.00830078125
-69.872802734375
-70.03479766845703
-69.89620208740234
-70.05370330810547
-69.91310119628906
-70.06670379638672
-69.92389678955078
-70.07260131835938
-69.92680358886719
-70.07119750976562
-69.92350006103516
-70.0636978149414
-69.91349792480469
-70.05020141601562
-69.89939880371094
-70.03309631347656
-69.88020324707031
-70.00890350341797
-69.85340118408203
-69.97769927978516
-69.82080078125
-69.94170379638672
-69.7833023071289
-69.89990234375
-69.7396011352539
-69.85140228271484
-69.68930053710938
-69.79640197753906
-69.63310241699219
-69.73770141601562
-69.57510375976562
-69.6771011352539
-69.51339721679688
-69.61199951171875
-69.44719696044922
-69.54170227050781
-69.3760986328125
-69.46649932861328
-69.30049896240234
-69.24739837646484
-69.35929870605469
-69.16470336914062
-69.27429962158203
-69.07720184326172
-69.18379974365234
-68.98539733886719
-69.0896987915039
-68.88980102539062
-68.99150085449219
-68.79019927978516
-68.88899993896484
-68.68569946289062
-68.78079986572266
-68.57489776611328
-68.66690063476562
-68.45890045166016
-68.54759979248047
-68.33719635009766
-68.42240142822266
-68.20880126953125
-68.28949737548828
-68.07649993896484
-68.15750122070312
-67.94509887695312
-68.02179718017578
-67.80590057373047
-67.87830352783203
-67.6592025756836
-67.72830200195312
-67.50640106201172
-67.57209777832031
-67.34760284423828
-67.41089630126953
-67.18569946289062
-67.24749755859375
-67.02100372314453
-67.08100128173828
-66.85350036621094
-66.9114990234375
-66.68309783935547
-66.73970031738281
-66.51080322265625
-66.56520080566406
-66.33540344238281
-66.38749694824219
-66.15730285644531
-66.20659637451172
-65.97530364990234
-66.02169799804688
-65.79029846191406
-65.83429718017578
-65.60220336914062
-65.64299774169922
-65.40560150146484
-65.4384994506836
-65.19560241699219
-65.22550201416016
-64.98179626464844
-65.00890350341797
-64.76490020751953
-64.78929901123047
-64.54399871826172
-64.5647964477539
-64.31880187988281
-64.33719635009766
-64.09089660644531
-64.10659790039062
-63.860198974609375
-63.87289810180664
-63.62540054321289
-63.63410186767578
-63.385101318359375
-63.39120101928711
-63.141998291015625
-63.145301818847656
-68.38310241699219
-68.29660034179688
-68.52359771728516
-68.43399810791016
-68.65809631347656
-68.56430053710938
-68.78469848632812
-68.6875
-68.90499877929688
-68.8031997680664
-69.01139831542969
-68.90229797363281
-69.10320281982422
-68.99109649658203
-69.18769836425781
-69.07240295410156
-69.26519775390625
-69.14669799804688
-69.33480072021484
-69.2134017944336
-69.39769744873047
-69.27300262451172
-69.45240020751953
-69.32450103759766
-69.5
-69.36949920654297
-69.54019927978516
-69.40689849853516
-69.572998046875
-69.43689727783203
-69.59809875488281
-69.45960235595703
-69.61710357666016
-69.47599792480469
-69.62930297851562
-69.48609924316406
-69.63490295410156
-69.4896011352539
-69.63379669189453
-69.48639678955078
-69.62580108642578
-69.4761962890625
-69.61289978027344
-69.46219635009766
-69.5958023071289
-69.44300079345703
-69.5718994140625
-69.4166030883789
-69.54119873046875
-69.38529968261719
-69.50659942626953
-69.34850311279297
-69.46499633789062
-69.3052978515625
-69.41790008544922
-69.25700378417969
-69.36509704589844
-69.20279693603516
-69.30809783935547
-69.14649963378906
-69.24970245361328
-69.0873031616211
-69.18620300292969
-69.02349853515625
-69.118896484375
-68.95559692382812
-68.9072036743164
-69.02159881591797
-68.83110046386719
-68.94290161132812
-68.75050354003906
-68.86039733886719
-68.66670227050781
-68.77400207519531
-68.57859802246094
-68.68329620361328
-68.48670196533203
-68.58889770507812
-68.39070129394531
-68.49030303955078
-68.29000091552734
-68.38670349121094
-68.1843032836914
-68.27749633789062
-68.07279968261719
-68.16220092773438
-67.9552993774414
-68.0416030883789
-67.83159637451172
-67.9135971069336
-67.70439910888672
-67.7864990234375
-67.57779693603516
-67.65540313720703
-67.44319915771484
-67.51699829101562
-67.30110168457031
-67.37079620361328
-67.15180206298828
-67.21839904785156
-66.99639892578125
-67.06009674072266
-66.83660125732422
-66.8989028930664
-66.67420196533203
-66.7344970703125
-66.50900268554688
-66.56790161132812
-66.341796875
-66.3989028930664
-66.17259979248047
-66.22789764404297
-66.00070190429688
-66.05380249023438
-65.82640075683594
-65.87779998779297
-65.64920043945312
-65.69750213623047
-65.46869659423828
-65.51509857177734
-65.28620147705078
-65.32929992675781
-65.09459686279297
-65.13009643554688
-64.88980102539062
-64.92250061035156
-64.681396484375
-64.71080017089844
-64.46929931640625
-64.49629974365234
-64.25440216064453
-64.27770233154297
-64.0344009399414
-64.05470275878906
-63.81169891357422
-63.8296012878418
-63.58660125732422
-63.601600646972656
-63.35660171508789
-63.36759948730469
-63.12120056152344
-63.130001068115234
-62.88290023803711
-62.88869857788086
-62.641300201416016
-68.11949920654297
-68.02860260009766
-68.24919891357422
-68.15360260009766
-68.37149810791016
-68.27279663085938
-68.48709869384766
-68.3843994140625
-68.59130096435547
-68.48139953613281
-68.6802978515625
-68.56759643554688
-68.76309967041016
-68.64710235595703
-68.83799743652344
-68.71900177001953
-68.90640258789062
-68.78469848632812
-68.96700286865234
-68.84220123291016
-69.02030181884766
-68.89309692382812
-69.06680297851562
-68.9364013671875
-69.10579681396484
-68.97270202636719
-69.13770294189453
-69.00189971923828
-69.1624984741211
-69.02449798583984
-69.18060302734375
-69.04010009765625
-69.19239807128906
-69.04989624023438
-69.19819641113281
-69.05290222167969
-69.1968002319336
-69.04889678955078
-69.18879699707031
-69.03890228271484
-69.17549896240234
-69.02490234375
-69.15879821777344
-69.00640106201172
-69.13529968261719
-68.9811019897461
-69.10649871826172
-68.95079803466797
-69.07160186767578
-68.91400146484375
-69.03130340576172
-68.8727035522461
-68.98590087890625
-68.82559967041016
-68.93450164794922
-68.77320098876953
-68.87999725341797
-68.7197036743164
-68.82379913330078
-68.6626968383789
-68.76349639892578
-68.60179901123047
-68.69850158691406
-68.53610229492188
-68.48989868164062
-68.60440063476562
-68.41639709472656
-68.52870178222656
-68.33910369873047
-68.4490966796875
-68.25779724121094
-68.3655014038086
-68.17330169677734
-68.27899932861328
-68.08519744873047
-68.18820190429688
-67.99299621582031
-68.09329986572266
-67.89659881591797
-67.9937973022461
-67.79550170898438
-67.8895034790039
-67.6885986328125
-67.77870178222656
-67.57530212402344
-67.66239929199219
-67.45549774169922
-67.53839874267578
-67.3324966430664
-67.41639709472656
-67.2113037109375
-67.29049682617188
-67.08149719238281
-67.15650177001953
-66.94329833984375
-67.01409912109375
-66.79730224609375
-66.86519622802734
-66.64559936523438
-66.71019744873047
-66.48819732666016
-66.5510025024414
-66.32820129394531
-66.38919830322266
-66.16560363769531
-66.22509765625
-66.0010986328125
-66.05889892578125
-65.83450317382812
-65.89119720458984
-65.66629791259766
-65.72059631347656
-65.49500274658203
-65.54759979248047
-65.32209777832031
-65.37229919433594
-65.14649963378906
-65.1947021484375
-64.96910095214844
-65.01429748535156
-64.78269958496094
-64.81990051269531
-64.58270263671875
-64.61710357666016
-64.37920379638672
-64.41079711914062
-64.17230224609375
-64.20130157470703
-63.96189880371094
-63.98789978027344
-63.74810028076172
-63.77130126953125
-63.530601501464844
-63.55059814453125
-63.30970001220703
-63.32780075073242
-63.085201263427734
-63.098899841308594
-62.85419845581055
-62.86539840698242
-62.620201110839844
-62.62879943847656
-62.383201599121094
-62.389801025390625
-67.71430206298828
-67.62100219726562
-67.8396987915039
-67.7428970336914
-67.95809936523438
-67.85780334472656
-68.0698013305664
-67.96549987792969
-68.17019653320312
-68.05919647216797
-68.25779724121094
-68.14430236816406
-68.33820343017578
-68.22109985351562
-68.41120147705078
-68.29190063476562
-68.47799682617188
-68.35540008544922
-68.53730010986328
-68.41190338134766
-68.589599609375
-68.46170043945312
-68.63480377197266
-68.50379943847656
-68.67220306396484
-68.53880310058594
-68.70339965820312
-68.56780242919922
-68.72830200195312
-68.58999633789062
-68.74579620361328
-68.60569763183594
-68.75749969482422
-68.61489868164062
-68.76190185546875
-68.61720275878906
-68.76029968261719
-68.6134033203125
-68.7520980834961
-68.60299682617188
-68.73909759521484
-68.58940124511719
-68.72270202636719
-68.57080078125
-68.70020294189453
-68.54640197753906
-68.67160034179688
-68.51619720458984
-68.63780212402344
-68.48159790039062
-68.59919738769531
-68.44180297851562
-68.55500030517578
-68.39640045166016
-68.50589752197266
-68.34590148925781
-68.4530029296875
-68.29389953613281
-68.39939880371094
-68.23999786376953
-68.34159851074219
-68.18180084228516
-68.1405029296875
-68.25779724121094
-68.07450103759766
-68.18930053710938
-68.00350189208984
-68.11609649658203
-67.92919921875
-68.03980255126953
-67.85150146484375
-67.95960235595703
-67.77040100097656
-67.87640380859375
-67.68609619140625
-67.78929901123047
-67.59770202636719
-67.69850158691406
-67.50520324707031
-67.60310363769531
-67.40809631347656
-67.50330352783203
-67.3052978515625
-67.39659881591797
-67.19560241699219
-67.28410339355469
-67.0802001953125
-67.16459655761719
-66.96150207519531
-67.04650115966797
-66.84480285644531
-66.92569732666016
-66.72000122070312
-66.79660034179688
-66.5863037109375
-66.65799713134766
-66.44339752197266
-66.51180267333984
-66.2947998046875
-66.36060333251953
-66.14129638671875
-66.2042007446289
-65.98280334472656
-66.04409790039062
-65.82219696044922
-65.88269805908203
-65.66020202636719
-65.71920013427734
-65.49669647216797
-65.5542984008789
-65.33209991455078
-65.38749694824219
-65.16480255126953
-65.21810150146484
-64.99549865722656
-65.0468978881836
-64.82440185546875
-64.8738021850586
-64.65139770507812
-64.69850158691406
-64.46980285644531
-64.50879669189453
-64.2739028930664
-64.31060028076172
-64.07499694824219
-64.10919952392578
-63.87310028076172
-63.904598236083984
-63.667999267578125
-63.6963005065918
-63.45909881591797
-63.484901428222656
-63.247398376464844
-63.269798278808594
-63.03139877319336
-63.05120086669922
-62.81079864501953
-62.826698303222656
-62.584800720214844
-62.59870147705078
-62.3557014465332
-62.36600112915039
-62.12220001220703
-62.13079833984375
-67.30809783935547
-67.21379852294922
-67.43000030517578
-67.33200073242188
-67.54460144042969
-67.44319915771484
-67.6521987915039
-67.54720306396484
-67.74949645996094
-67.63849639892578
-67.83470153808594
-67.720703125
-67.91320037841797
-67.79669952392578
-67.98529815673828
-67.8656005859375
-68.04959869384766
-67.92720031738281
-68.10769653320312
-67.98249816894531
-68.15879821777344
-68.03099822998047
-68.2029037475586
-68.07219696044922
-68.2396011352539
-68.10659790039062
-68.27020263671875
-68.13459777832031
-68.29399871826172
-68.15579986572266
-68.31179809570312
-68.1719970703125
-68.32330322265625
-68.18049621582031
-68.32740020751953
-68.18240356445312
-68.32520294189453
-68.17880249023438
-68.31780242919922
-68.16950225830078
-68.30480194091797
-68.15540313720703
-68.28800201416016
-68.13700103759766
-68.26589965820312
-68.11299896240234
-68.23799896240234
-68.08409881591797
-68.20600128173828
-68.05079650878906
-68.16899871826172
-68.01190185546875
-68.1261978149414
-67.9677963256836
-68.07820129394531
-67.91889953613281
-68.02749633789062
-67.87010192871094
-67.97709655761719
-67.81900024414062
-67.78240203857422
-67.90299987792969
-67.7239990234375
-67.84190368652344
-67.660400390625
-67.77570343017578
-67.5927963256836
-67.70580291748047
-67.52140045166016
-67.6322021484375
-67.44650268554688
-67.5551986694336
-67.36849975585938
-67.47560119628906
-67.28759765625
-67.39219665527344
-67.2031021118164
-67.30549621582031
-67.1146011352539
-67.2136001586914
-67.02059936523438
-67.11720275878906
-66.92169952392578
-67.01460266113281
-66.81620025634766
-66.90599822998047
-66.70469665527344
-66.79039764404297
-66.5907974243164
-66.67739868164062
-66.47850036621094
-66.56079864501953
-66.35749816894531
-66.43579864501953
-66.22789764404297
-66.30180358886719
-66.08999633789062
-66.15989685058594
-65.94499969482422
-66.0114974975586
-65.79450225830078
-65.85859680175781
-65.63880157470703
-65.70010375976562
-65.4801025390625
-65.54090118408203
-65.32099914550781
-65.37979888916016
-65.16010284423828
-65.21810150146484
-64.99839782714844
-65.05470275878906
-64.83480072021484
-64.8895034790039
-64.66960144042969
-64.72229766845703
-64.50250244140625
-64.5531997680664
-64.33370208740234
-64.38249969482422
-64.15640258789062
-64.19660186767578
-63.96440124511719
-64.00260162353516
-63.77000045776367
-63.805599212646484
-63.572601318359375
-63.605899810791016
-63.37220001220703
-63.4026985168457
-63.168800354003906
-63.1968994140625
-62.96220016479492
-62.986900329589844
-62.751399993896484
-62.77349853515625
-62.535400390625
-62.55289840698242
-62.312400817871094
-62.32849884033203
-62.08789825439453
-62.10129928588867
-61.85929870605469
-61.86989974975586
-61.62820053100586
-67.02010345458984
-66.92050170898438
-67.13099670410156
-67.02770233154297
-67.23500061035156
-67.1281967163086
-67.32929992675781
-67.21739959716797
-67.41259765625
-67.29789733886719
-67.489501953125
-67.37200164794922
-67.55950164794922
-67.4385986328125
-67.62239837646484
-67.49970245361328
-67.67949676513672
-67.55419921875
-67.72940063476562
-67.60140228271484
-67.77230072021484
-67.6417007446289
-67.80860137939453
-67.67520141601562
-67.83769989013672
-67.70230102539062
-67.86100006103516
-67.72370147705078
-67.87860107421875
-67.73919677734375
-67.88980102539062
-67.74739837646484
-67.89320373535156
-67.74919891357422
-67.89199829101562
-67.74629974365234
-67.88480377197266
-67.73660278320312
-67.8718032836914
-67.72250366210938
-67.8551025390625
-67.70469665527344
-67.83370208740234
-67.68180084228516
-67.80719757080078
-67.65380096435547
-67.77559661865234
-67.62079620361328
-67.73899841308594
-67.5833969116211
-67.697998046875
-67.54199981689453
-67.65249633789062
-67.49559783935547
-67.60469818115234
-67.4490966796875
-67.41729736328125
-67.53980255126953
-67.36540222167969
-67.4854965209961
-67.30919647216797
-67.42720031738281
-67.24859619140625
-67.36389923095703
-67.18360137939453
-67.2970962524414
-67.1155014038086
-67.22679901123047
-67.04329681396484
-67.15229797363281
-66.96820068359375
-67.07569885253906
-66.89070129394531
-66.99559783935547
-66.80940246582031
-66.91239929199219
-66.72440338134766
-66.82430267333984
-66.63410186767578
-66.73139953613281
-66.5385971069336
-66.63240051269531
-66.43679809570312
-66.52770233154297
-66.32879638671875
-66.41600036621094
-66.21869659423828
-66.30770111083984
-66.11170196533203
-66.19580078125
-65.99539947509766
-66.07479858398438
-65.86979675292969
-65.9447021484375
-65.73590087890625
-65.80729675292969
-65.59529876708984
-65.66310119628906
-65.44750213623047
-65.51239776611328
-65.29419708251953
-65.35659790039062
-65.13809967041016
-65.20020294189453
-64.98259735107422
-65.0426025390625
-64.82469940185547
-64.88349914550781
-64.66549682617188
-64.72239685058594
-64.50450134277344
-64.56060028076172
-64.34349822998047
-64.39790344238281
-64.18070220947266
-64.23269653320312
-64.01580047607422
-64.06610107421875
-63.84270095825195
-63.884300231933594
-63.65420150756836
-63.69419860839844
-63.46419906616211
-63.50170135498047
-63.27119827270508
-63.306400299072266
-63.075801849365234
-63.108299255371094
-62.87699890136719
-62.90700149536133
-62.675201416015625
-62.70220184326172
-62.46889877319336
-62.49330139160156
-62.257301330566406
-62.27730178833008
-62.039100646972656
-62.05670166015625
-61.81840133666992
-61.833499908447266
-61.59489822387695
-61.6072998046875
-61.36819839477539
-61.37839889526367
-66.61309814453125
-66.51529693603516
-66.71939849853516
-66.61810302734375
-66.8196029663086
-66.71430206298828
-66.91089630126953
-66.80079650878906
-66.99259948730469
-66.87950134277344
-67.06729888916016
-66.95099639892578
-67.13490295410156
-67.01570129394531
-67.1968002319336
-67.07510375976562
-67.25279998779297
-67.12760162353516
-67.3009033203125
-67.1729965209961
-67.3427963256836
-67.21240234375
-67.37789916992188
-67.24479675292969
-67.40679931640625
-67.27140045166016
-67.42960357666016
-67.29219818115234
-67.4468994140625
-67.30699920654297
-67.45700073242188
-67.31430053710938
-67.46070098876953
-67.31670379638672
-67.45950317382812
-67.31310272216797
-67.45169830322266
-67.30359649658203
-67.43920135498047
-67.29019927978516
-67.42310333251953
-67.27320098876953
-67.40280151367188
-67.25140380859375
-67.37699890136719
-67.22370147705078
-67.345703125
-67.19219970703125
-67.31169891357422
-67.15750122070312
-67.27320098876953
-67.1176986694336
-67.0884017944336
-67.21399688720703
-67.04340362548828
-67.16909790039062
-66.99800109863281
-67.12129974365234
-66.94830322265625
-67.06990051269531
-66.89520263671875
-67.01439666748047
-66.83709716796875
-66.95339965820312
-66.77429962158203
-66.88919830322266
-66.7083969116211
-66.82129669189453
-66.63870239257812
-66.74960327148438
-66.56670379638672
-66.67630004882812
-66.4928970336914
-66.59980010986328
-66.41480255126953
-66.51959991455078
-66.33309936523438
-66.43499755859375
-66.24610137939453
-66.34529876708984
-66.15409851074219
-66.25019836425781
-66.05609893798828
-66.14900207519531
-65.95210266113281
-66.04090118408203
-65.84639739990234
-65.93689727783203
-65.74359893798828
-65.82939910888672
-65.63130187988281
-65.71309661865234
-65.51010131835938
-65.58740234375
-65.37989807128906
-65.45349884033203
-65.24230194091797
-65.3125991821289
-65.09829711914062
-65.16529846191406
-64.94730377197266
-65.01129913330078
-64.7936019897461
-64.85800170898438
-64.64119720458984
-64.70369720458984
-64.48590087890625
-64.5469970703125
-64.32929992675781
-64.38909912109375
-64.1708984375
-64.22940063476562
-64.01239776611328
-64.07050323486328
-63.85380172729492
-63.909698486328125
-63.692901611328125
-63.74700164794922
-63.523399353027344
-63.56890106201172
-63.33919906616211
-63.382999420166016
-63.15370178222656
-63.19490051269531
-62.9651985168457
-63.00389862060547
-62.774200439453125
-62.81079864501953
-62.58089828491211
-62.614601135253906
-62.38399887084961
-62.41460037231445
-62.18349838256836
-62.21070098876953
-61.976600646972656
-61.99879837036133
-61.762699127197266
-61.78300094604492
-61.54669952392578
-61.56449890136719
-61.32820129394531
-61.34339904785156
-61.106300354003906
-61.11859893798828
-60.881500244140625
-66.31410217285156
-66.21089935302734
-66.40969848632812
-66.30259704589844
-66.49710083007812
-66.38600158691406
-66.57649993896484
-66.46209716796875
-66.6488037109375
-66.53130340576172
-66.71430206298828
-66.59400177001953
-66.77369689941406
-66.65119934082031
-66.82740020751953
-66.70240020751953
-66.87460327148438
-66.74700164794922
-66.91490173339844
-66.7843017578125
-66.94869995117188
-66.81549835205078
-66.97630310058594
-66.8416976928711
-66.99949645996094
-66.86219787597656
-67.01509857177734
-66.87519836425781
-67.02449798583984
-66.88259887695312
-67.0282974243164
-66.88490295410156
-67.02690124511719
-66.88150024414062
-67.01959991455078
-66.87249755859375
-67.00749969482422
-66.85980224609375
-66.99250030517578
-66.84359741210938
-66.972900390625
-66.82209777832031
-66.94740295410156
-66.79560089111328
-66.91840362548828
-66.7665023803711
-66.88619995117188
-66.73290252685547
-66.70800018310547
-66.83550262451172
-66.6666030883789
-66.79190063476562
-66.62300109863281
-66.7489013671875
-66.58039855957031
-66.70369720458984
-66.53269958496094
-66.65399932861328
-66.48149871826172
-66.60099792480469
-66.42659759521484
-66.54350280761719
-66.36640167236328
-66.48090362548828
-66.3021011352539
-66.41480255126953
-66.2344970703125
-66.34559631347656
-66.16510009765625
-66.27529907226562
-66.09439849853516
-66.20240020751953
-66.02010345458984
-66.12560272216797
-65.94149780273438
-66.04419708251953
-65.85790252685547
-65.95780181884766
-65.76899719238281
-65.86609649658203
-65.67459869384766
-65.76860046386719
-65.57489776611328
-65.66549682617188
-65.47319793701172
-65.56510162353516
-65.3739013671875
-65.46179962158203
-65.2655029296875
-65.3490982055664
-65.14810180664062
-65.22730255126953
-65.02179718017578
-65.09709930419922
-64.88809967041016
-64.95960235595703
-64.74649810791016
-64.8147964477539
-64.59860229492188
-64.66410064697266
-64.4478988647461
-64.51339721679688
-64.29789733886719
-64.36129760742188
-64.14520263671875
-64.2073974609375
-63.99089813232422
-64.05180358886719
-63.83580017089844
-63.895198822021484
-63.67919921875
-63.73789978027344
-63.52299880981445
-63.58089828491211
-63.36589813232422
-63.422000885009766
-63.20140075683594
-63.24879837036133
-63.02190017700195
-63.066898345947266
-62.84049987792969
-62.88349914550781
-62.65650177001953
-62.696998596191406
-62.46979904174805
-62.508201599121094
-62.28150177001953
-62.317501068115234
-62.090301513671875
-62.12310028076172
-61.89509963989258
-61.92490005493164
-61.69369888305664
-61.71820068359375
-61.48440170288086
-61.50669860839844
-61.272701263427734
-61.29249954223633
-61.05860137939453
-61.076499938964844
-60.842098236083984
-60.8567008972168
-60.621700286865234
-60.63420104980469
-65.90779876708984
-65.8031005859375
-65.99929809570312
-65.89080047607422
-66.08300018310547
-65.9708023071289
-66.1593017578125
-66.04389953613281
-66.22920227050781
-66.11090087890625
-66.2927017211914
-66.1718978881836
-66.35070037841797
-66.22789764404297
-66.40339660644531
-66.27729797363281
-66.44869995117188
-66.32029724121094
-66.48799896240234
-66.35759735107422
-66.52069854736328
-66.38839721679688
-66.54859924316406
-66.41419982910156
-66.56999969482422
-66.43250274658203
-66.58480072021484
-66.4457015991211
-66.59420013427734
-66.4529037475586
-66.59770202636719
-66.4552001953125
-66.5969009399414
-66.45240020751953
-66.58989715576172
-66.44380187988281
-66.57869720458984
-66.43150329589844
-66.5636978149414
-66.41570281982422
-66.5447998046875
-66.39550018310547
-66.52100372314453
-66.37110137939453
-66.4937973022461
-66.34300231933594
-66.4625015258789
-66.31069946289062
-66.28730010986328
-66.41449737548828
-66.24819946289062
-66.3729019165039
-66.206298828125
-66.33110046386719
-66.16519927978516
-66.28849792480469
-66.12069702148438
-66.2416000366211
-66.07109832763672
-66.1895980834961
-66.0167007446289
-66.13410186767578
-65.95960235595703
-66.07489776611328
-65.89749908447266
-66.01020050048828
-65.83149719238281
-65.94319915771484
-65.76480102539062
-65.87550354003906
-65.69660186767578
-65.8052978515625
-65.62449645996094
-65.7313003540039
-65.54900360107422
-65.65380096435547
-65.46859741210938
-65.56999969482422
-65.38289642333984
-65.48190307617188
-65.29229736328125
-65.38790130615234
-65.19550323486328
-65.28849792480469
-65.097900390625
-65.19190216064453
-65.00180053710938
-65.091796875
-64.89749908447266
-64.98320007324219
-64.78399658203125
-64.86530303955078
-64.66169738769531
-64.73909759521484
-64.53170013427734
-64.60549926757812
-64.39420318603516
-64.46369934082031
-64.24870300292969
-64.31520080566406
-64.1011962890625
-64.16829681396484
-63.9552001953125
-64.01930236816406
-63.80459976196289
-63.8671989440918
-63.652801513671875
-63.714500427246094
-63.499900817871094
-63.56039810180664
-63.346500396728516
-63.40589904785156
-63.19300079345703
-63.251399993896484
-63.03950119018555
-63.096099853515625
-62.87820053100586
-62.92729949951172
-62.70389938354492
-62.750999450683594
-62.52669906616211
-62.57109832763672
-62.34709930419922
-62.38949966430664
-62.16550064086914
-62.2052001953125
-61.98139953613281
-62.01919937133789
-61.795101165771484
-61.8302001953125
-61.60530090332031
-61.637298583984375
-61.409000396728516
-61.43560028076172
-61.20439910888672
-61.22869873046875
-60.99760055541992
-61.01940155029297
-60.788299560546875
-60.80780029296875
-60.57619857788086
-60.59260177612305
-60.360801696777344
-60.375301361083984
-60.14350128173828
-65.50029754638672
-65.39360046386719
-65.58809661865234
-65.47779846191406
-65.66819763183594
-65.55449676513672
-65.74169921875
-65.62550354003906
-65.80950164794922
-65.69090270996094
-65.87169647216797
-65.75070190429688
-65.9281005859375
-65.80470275878906
-65.97840118408203
-65.85260009765625
-66.02320098876953
-65.8949966430664
-66.06169891357422
-65.93080139160156
-66.09439849853516
-65.96189880371094
-66.12149810791016
-65.98639678955078
-66.1416015625
-66.00499725341797
-66.15679931640625
-66.01899719238281
-66.1666030883789
-66.02629852294922
-66.16999816894531
-66.02839660644531
-66.16909790039062
-66.02529907226562
-66.16259765625
-66.0176010131836
-66.15160369873047
-66.00589752197266
-66.13780212402344
-65.99130249023438
-66.11990356445312
-65.97219848632812
-66.097900390625
-65.94960021972656
-66.0719985961914
-65.92310333251953
-65.90339660644531
-66.03170013427734
-65.87010192871094
-65.99659729003906
-65.8323974609375
-65.95690155029297
-65.7927017211914
-65.91739654541016
-65.75370025634766
-65.87650299072266
-65.71099853515625
-65.83190155029297
-65.66339874267578
-65.78160095214844
-65.61080169677734
-65.72730255126953
-65.55449676513672
-65.66929626464844
-65.49440002441406
-65.6072998046875
-65.4301986694336
-65.54170227050781
-65.36479949951172
-65.4761962890625
-65.29930114746094
-65.40899658203125
-65.22989654541016
-65.33670043945312
-65.15560150146484
-65.26110076904297
-65.07849884033203
-65.1812973022461
-64.99569702148438
-65.09590148925781
-64.90850067138672
-65.00589752197266
-64.81520080566406
-64.9092025756836
-64.72010040283203
-64.8156967163086
-64.6272964477539
-64.71939849853516
-64.52690124511719
-64.61499786376953
-64.41799926757812
-64.50129699707031
-64.29959869384766
-64.37879943847656
-64.17350006103516
-64.24909973144531
-64.03949737548828
-64.11090087890625
-63.89820098876953
-63.966400146484375
-63.75429916381836
-63.8223991394043
-63.61159896850586
-63.67729949951172
-63.46500015258789
-63.5281982421875
-63.314998626708984
-63.37710189819336
-63.16460037231445
-63.225799560546875
-63.01390075683594
-63.074100494384766
-62.86330032348633
-62.92279815673828
-62.712799072265625
-62.77109909057617
-62.55500030517578
-62.605499267578125
-62.38399887084961
-62.43320083618164
-62.21200180053711
-62.25830078125
-62.0369987487793
-62.08140182495117
-61.86040115356445
-61.902099609375
-61.68119812011719
-61.720699310302734
-61.49980163574219
-61.536399841308594
-61.31449890136719
-61.34830093383789
-61.123600006103516
-61.152198791503906
-60.92409896850586
-60.949798583984375
-60.72169876098633
-60.74530029296875
-60.5171012878418
-60.538299560546875
-60.309200286865234
-60.327598571777344
-60.09809875488281
-60.114898681640625
-59.88639831542969
-59.9005012512207
-65.17510223388672
-65.0635986328125
-65.25250244140625
-65.13839721679688
-65.32430267333984
-65.20780181884766
-65.3906021118164
-65.27130126953125
-65.45079803466797
-65.32939910888672
-65.50589752197266
-65.3822021484375
-65.5552978515625
-65.42949676513672
-65.59860229492188
-65.47000122070312
-65.6355972290039
-65.50530242919922
-65.66799926757812
-65.53620147705078
-65.69509887695312
-65.56099700927734
-65.7157974243164
-65.5801010131836
-65.73149871826172
-65.59410095214844
-65.74140167236328
-65.60150146484375
-65.74490356445312
-65.60369873046875
-65.74359893798828
-65.60089874267578
-65.73770141601562
-65.59390258789062
-65.72799682617188
-65.58350372314453
-65.71479797363281
-65.56929779052734
-65.6980972290039
-65.5519027709961
-65.67780303955078
-65.53079986572266
-65.51490020751953
-65.64510345458984
-65.48739624023438
-65.6156005859375
-65.45549774169922
-65.58180236816406
-65.41940307617188
-65.54350280761719
-65.381103515625
-65.50579833984375
-65.34420013427734
-65.46730041503906
-65.3031005859375
-65.42400360107422
-65.25749969482422
-65.3760986328125
-65.20719909667969
-65.32369995117188
-65.15260314941406
-65.26679992675781
-65.0927963256836
-65.20570373535156
-65.0302963256836
-65.14189910888672
-64.96649932861328
-65.0780029296875
-64.90239715576172
-65.01239776611328
-64.83519744873047
-64.94300079345703
-64.76349639892578
-64.86930084228516
-64.68830108642578
-64.79209899902344
-64.60910034179688
-64.70989990234375
-64.5238037109375
-64.62210083007812
-64.43370056152344
-64.52940368652344
-64.3416976928711
-64.43840026855469
-64.25170135498047
-64.34500122070312
-64.154296875
-64.24410247802734
-64.04910278320312
-64.13480377197266
-63.93550109863281
-64.01699829101562
-63.81330108642578
-63.89070129394531
-63.68320083618164
-63.75640106201172
-63.5452995300293
-63.615699768066406
-63.405399322509766
-63.47570037841797
-63.2661018371582
-63.333900451660156
-63.1234016418457
-63.188899993896484
-62.977699279785156
-63.04059982299805
-62.82939910888672
-62.891300201416016
-62.68170166015625
-62.743099212646484
-62.5343017578125
-62.594398498535156
-62.386600494384766
-62.445499420166016
-62.23210144042969
-62.28329849243164
-62.06439971923828
-62.114601135253906
-61.89659881591797
-61.944698333740234
-61.72629928588867
-61.772300720214844
-61.554500579833984
-61.59830093383789
-61.38029861450195
-61.42150115966797
-61.20349884033203
-61.2421989440918
-61.02349853515625
-61.059200286865234
-60.837100982666016
-60.86759948730469
-60.6427001953125
-60.67060089111328
-60.44490051269531
-60.470401763916016
-60.24480056762695
-60.267799377441406
-60.04180145263672
-60.0620002746582
-59.835899353027344
-59.85369873046875
-59.62820053100586
-59.64419937133789
-59.41910171508789
-64.76100158691406
-64.64810180664062
-64.83650207519531
-64.72100067138672
-64.90640258789062
-64.78900146484375
-64.97109985351562
-64.85099792480469
-65.02980041503906
-64.90769958496094
-65.08370208740234
-64.95929718017578
-65.13200378417969
-65.00579833984375
-65.17469787597656
-65.04669952392578
-65.21170043945312
-65.0813980102539
-65.24320220947266
-65.11129760742188
-65.27030181884766
-65.13619995117188
-65.29119873046875
-65.15550231933594
-65.30699920654297
-65.17019653320312
-65.31749725341797
-65.17859649658203
-65.32160186767578
-65.18170166015625
-65.32129669189453
-65.18000030517578
-65.31580352783203
-65.17369842529297
-65.30719757080078
-65.16470336914062
-65.29550170898438
-65.1520004272461
-65.27980041503906
-65.13510131835938
-65.12190246582031
-65.2531967163086
-65.09950256347656
-65.22930145263672
-65.07360076904297
-65.20159912109375
-65.04350280761719
-65.16929626464844
-65.00920104980469
-65.13310241699219
-64.97339630126953
-65.09739685058594
-64.93769836425781
-65.05979919433594
-64.89830017089844
-65.01840209960938
-64.8541030883789
-64.97239685058594
-64.80549621582031
-64.92179870605469
-64.75180053710938
-64.86609649658203
-64.69380187988281
-64.8062973022461
-64.63169860839844
-64.7428970336914
-64.56909942626953
-64.68109893798828
-64.5073013305664
-64.61730194091797
-64.44149780273438
-64.54949951171875
-64.3718032836914
-64.47799682617188
-64.29850006103516
-64.4030990600586
-64.22100067138672
-64.32319641113281
-64.13819885253906
-64.23789978027344
-64.05020141601562
-64.14769744873047
-63.962100982666016
-64.06050109863281
-63.87480163574219
-63.96950149536133
-63.780399322509766
-63.87189865112305
-63.67839813232422
-63.76580047607422
-63.56800079345703
-63.652000427246094
-63.450599670410156
-63.530399322509766
-63.324100494384766
-63.39950180053711
-63.19020080566406
-63.262699127197266
-63.05390167236328
-63.12620162963867
-62.91899871826172
-62.98860168457031
-62.78020095825195
-62.847198486328125
-62.63819885253906
-62.70320129394531
-62.49340057373047
-62.55670166015625
-62.347599029541016
-62.410701751708984
-62.20349884033203
-62.26570129394531
-62.05910110473633
-62.119998931884766
-61.90810012817383
-61.961299896240234
-61.74380111694336
-61.79570007324219
-61.579498291015625
-61.63019943237305
-61.414100646972656
-61.46220016479492
-61.24679946899414
-61.2932014465332
-61.07820129394531
-61.121498107910156
-60.90610122680664
-60.946800231933594
-60.730899810791016
-60.768798828125
-60.55009841918945
-60.58259963989258
-60.36050033569336
-60.38999938964844
-60.16749954223633
-60.19449996948242
-59.97140121459961
-59.99620056152344
-59.77320098876953
-59.795799255371094
-59.57279968261719
-59.59270095825195
-59.36980056762695
-59.38750076293945
-59.16490173339844
-59.18050003051758
-64.34600067138672
-64.23249816894531
-64.41909790039062
-64.30359649658203
-64.48819732666016
-64.37020111083984
-64.5510025024414
-64.43099975585938
-64.60900115966797
-64.48719787597656
-64.6614990234375
-64.53790283203125
-64.70950317382812
-64.58419799804688
-64.75240325927734
-64.62439727783203
-64.78839874267578
-64.65779876708984
-64.81890106201172
-64.68720245361328
-64.84559631347656
-64.7123031616211
-64.86730194091797
-64.73249816894531
-64.88390350341797
-64.74729919433594
-64.89469909667969
-64.75640106201172
-64.90049743652344
-64.76170349121094
-64.90170288085938
-64.76110076904297
-64.89730072021484
-64.75589752197266
-64.88980102539062
-64.74749755859375
-64.87909698486328
-64.73629760742188
-64.8646011352539
-64.72059631347656
-64.70819854736328
-64.83910369873047
-64.6874008178711
-64.81649780273438
-64.6626968383789
-64.79010009765625
-64.6343002319336
-64.75980377197266
-64.60189819335938
-64.72550201416016
-64.56819915771484
-64.69219970703125
-64.53450012207031
-64.65609741210938
-64.49569702148438
-64.6156997680664
-64.45279693603516
-64.57099914550781
-64.4052963256836
-64.52159881591797
-64.35320281982422
-64.46720123291016
-64.29630279541016
-64.40859985351562
-64.23509979248047
-64.345703125
-64.17259979248047
-64.28479766845703
-64.11239624023438
-64.2229995727539
-64.04810333251953
-64.15670013427734
-63.979801177978516
-64.08709716796875
-63.90840148925781
-64.01370239257812
-63.83250045776367
-63.93519973754883
-63.751399993896484
-63.85210037231445
-63.66659927368164
-63.76499938964844
-63.580101013183594
-63.6797981262207
-63.49589920043945
-63.59260177612305
-63.40449905395508
-63.49760055541992
-63.30569839477539
-63.39509963989258
-63.19889831542969
-63.284400939941406
-63.08470153808594
-63.166900634765625
-62.96269989013672
-63.040199279785156
-62.83250045776367
-62.907100677490234
-62.70090103149414
-62.77510070800781
-62.56999969482422
-62.6416015625
-62.43550109863281
-62.50450134277344
-62.297298431396484
-62.36410140991211
-62.156700134277344
-62.221099853515625
-62.014198303222656
-62.07749938964844
-61.872398376464844
-61.935298919677734
-61.731201171875
-61.79280090332031
-61.583099365234375
-61.63759994506836
-61.42290115356445
-61.47600173950195
-61.26219940185547
-61.31380081176758
-61.10060119628906
-61.150299072265625
-60.937599182128906
-60.986000061035156
-60.77360153198242
-60.819400787353516
-60.60639953613281
-60.64970016479492
-60.4364013671875
-60.476898193359375
-60.260501861572266
-60.295799255371094
-60.07680130004883
-60.10900115966797
-59.88890075683594
-59.91790008544922
-59.6973991394043
-59.723899841308594
-59.503700256347656
-59.52830123901367
-59.30849838256836
-59.33039855957031
-59.11069869995117
-59.13010025024414
-58.910301208496094
-58.927398681640625
-64.002197265625
-63.886199951171875
-64.0697021484375
-63.95100021362305
-64.13159942626953
-64.01129913330078
-64.18890380859375
-64.06580352783203
-64.2405014038086
-64.11579895019531
-64.28790283203125
-64.16130065917969
-64.32949829101562
-64.20110321044922
-64.36530303955078
-64.23500061035156
-64.39579772949219
-64.26460266113281
-64.42269897460938
-64.28970336914062
-64.44450378417969
-64.310302734375
-64.46160125732422
-64.32569885253906
-64.47309875488281
-64.33650207519531
-64.4811019897461
-64.34320068359375
-64.48320007324219
-64.34300231933594
-64.47959899902344
-64.33920288085938
-64.47329711914062
-64.3322982788086
-64.46389770507812
-64.32250213623047
-64.45089721679688
-64.30829620361328
-64.29730224609375
-64.42759704589844
-64.27790069580078
-64.40679931640625
-64.25540161132812
-64.3822021484375
-64.22869873046875
-64.35350036621094
-64.19760131835938
-64.32050323486328
-64.16490173339844
-64.28890228271484
-64.13300323486328
-64.25469970703125
-64.09549713134766
-64.21499633789062
-64.05339813232422
-64.17120361328125
-64.0071029663086
-64.12300109863281
-63.956199645996094
-64.07019805908203
-63.900299072265625
-64.01239776611328
-63.83940124511719
-63.949798583984375
-63.77750015258789
-63.88970184326172
-63.718299865722656
-63.82889938354492
-63.655399322509766
-63.76390075683594
-63.587799072265625
-63.695098876953125
-63.517601013183594
-63.62369918823242
-63.44350051879883
-63.547000885009766
-63.364601135253906
-63.46620178222656
-63.28160095214844
-63.38119888305664
-63.198001861572266
-63.298500061035156
-63.11520004272461
-63.2130012512207
-63.026798248291016
-63.12160110473633
-62.93130111694336
-63.022300720214844
-62.827701568603516
-62.91490173339844
-62.71649932861328
-62.80070114135742
-62.59870147705078
-62.6786003112793
-62.473201751708984
-62.54970169067383
-62.34590148925781
-62.422401428222656
-62.220001220703125
-62.293399810791016
-62.089500427246094
-62.1599006652832
-61.9552001953125
-62.02370071411133
-61.81869888305664
-61.8849983215332
-61.68000030517578
-61.74489974975586
-61.54100036621094
-61.60530090332031
-61.4025993347168
-61.465599060058594
-61.2577018737793
-61.3135986328125
-61.100399017333984
-61.155399322509766
-60.943599700927734
-60.99729919433594
-60.78620147705078
-60.837799072265625
-60.62689971923828
-60.67689895629883
-60.46659851074219
-60.51499938964844
-60.30440139770508
-60.349998474121094
-60.13949966430664
-60.18259811401367
-59.96929931640625
-60.00669860839844
-59.79029846191406
-59.82509994506836
-59.6083984375
-59.63999938964844
-59.42210006713867
-59.45050048828125
-59.233001708984375
-59.259700775146484
-59.04249954223633
-59.06679916381836
-58.84960174560547
-58.871700286865234
-58.65439987182617
-58.67369842529297
-58.45690155029297
-63.58509826660156
-63.46860122680664
-63.651100158691406
-63.53229904174805
-63.71200180053711
-63.59130096435547
-63.767601013183594
-63.64509963989258
-63.81869888305664
-63.69499969482422
-63.865501403808594
-63.740299224853516
-63.90769958496094
-63.779998779296875
-63.94309997558594
-63.813201904296875
-63.97380065917969
-63.84299850463867
-64.00080108642578
-63.86909866333008
-64.0238037109375
-63.89120101928711
-64.04180145263672
-63.907501220703125
-64.05490112304688
-63.91960144042969
-64.06330108642578
-63.92639923095703
-64.06620025634766
-63.928199768066406
-64.064697265625
-63.92610168457031
-63.92340087890625
-64.05809783935547
-63.91590118408203
-64.04869842529297
-63.904701232910156
-64.03579711914062
-63.88949966430664
-64.01899719238281
-63.87139892578125
-64.0
-63.85060119628906
-63.97710037231445
-63.825599670410156
-63.950401306152344
-63.79669952392578
-63.91910171508789
-63.765499114990234
-63.888301849365234
-63.734901428222656
-63.85559844970703
-63.69940185546875
-63.81769943237305
-63.65869903564453
-63.774898529052734
-63.61360168457031
-63.72809982299805
-63.56439971923828
-63.67660140991211
-63.509498596191406
-63.61920166015625
-63.449501037597656
-63.55759811401367
-63.388999938964844
-63.49850082397461
-63.331298828125
-63.43899917602539
-63.269798278808594
-63.3754997253418
-63.20399856567383
-63.30780029296875
-63.13460159301758
-63.23720169067383
-63.0620002746582
-63.16230010986328
-62.984901428222656
-63.08369827270508
-62.90409851074219
-63.0004997253418
-62.821998596191406
-62.919898986816406
-62.741798400878906
-62.836700439453125
-62.65520095825195
-62.74760055541992
-62.562599182128906
-62.6515007019043
-62.462501525878906
-62.54759979248047
-62.355098724365234
-62.436798095703125
-62.24140167236328
-62.31909942626953
-62.12030029296875
-62.19459915161133
-61.996700286865234
-62.0713996887207
-61.87459945678711
-61.94670104980469
-61.74810028076172
-61.81740188598633
-61.61669921875
-61.68410110473633
-61.48270034790039
-61.54880142211914
-61.346900939941406
-61.411800384521484
-61.209999084472656
-61.27439880371094
-61.07339859008789
-61.137298583984375
-60.93080139160156
-60.98809814453125
-60.77750015258789
-60.833900451660156
-60.6239013671875
-60.6786994934082
-60.470001220703125
-60.523799896240234
-60.31520080566406
-60.36669921875
-60.15869903564453
-60.20859909057617
-60.0010986328125
-60.048500061035156
-59.84130096435547
-59.88669967651367
-59.67639923095703
-59.715999603271484
-59.50199890136719
-59.53900146484375
-59.32440185546875
-59.359100341796875
-59.144100189208984
-59.17559814453125
-58.960201263427734
-58.989200592041016
-58.77429962158203
-58.800899505615234
-58.58599853515625
-58.61040115356445
-58.39580154418945
-58.41780090332031
-58.203399658203125
-58.223201751708984
-63.16830062866211
-63.051300048828125
-63.2327995300293
-63.11410140991211
-63.29290008544922
-63.17190170288086
-63.347801208496094
-63.225399017333984
-63.39899826049805
-63.27479934692383
-63.445701599121094
-63.31990051269531
-63.486900329589844
-63.35879898071289
-63.52190017700195
-63.392601013183594
-63.5531005859375
-63.42319869995117
-63.58150100708008
-63.45000076293945
-63.60499954223633
-63.471900939941406
-63.6239013671875
-63.489498138427734
-63.63779830932617
-63.50279998779297
-63.647701263427734
-63.51129913330078
-63.652099609375
-63.51449966430664
-63.515098571777344
-63.65169906616211
-63.51259994506836
-63.64799880981445
-63.507198333740234
-63.64039993286133
-63.49769973754883
-63.62929916381836
-63.48419952392578
-63.61330032348633
-63.46730041503906
-63.59590148925781
-63.44850158691406
-63.57460021972656
-63.42490005493164
-63.54930114746094
-63.397098541259766
-63.51959991455078
-63.36759948730469
-63.4911003112793
-63.33869934082031
-63.459800720214844
-63.30540084838867
-63.424400329589844
-63.26679992675781
-63.3828010559082
-63.22309875488281
-63.33769989013672
-63.175201416015625
-63.287498474121094
-63.122398376464844
-63.232200622558594
-63.063899993896484
-63.17150115966797
-63.00510025024414
-63.114498138427734
-62.94919967651367
-63.05659866333008
-62.88859939575195
-62.99409866333008
-62.82389831542969
-62.928199768066406
-62.75590133666992
-62.85860061645508
-62.68470001220703
-62.78559875488281
-62.609798431396484
-62.70880126953125
-62.53110122680664
-62.62770080566406
-62.450599670410156
-62.548500061035156
-62.372398376464844
-62.467899322509766
-62.28820037841797
-62.38059997558594
-62.19729995727539
-62.2869987487793
-62.10020065307617
-62.186798095703125
-61.99689865112305
-62.080101013183594
-61.88719940185547
-61.96670150756836
-61.77040100097656
-61.84629821777344
-61.65039825439453
-61.72639846801758
-61.53150177001953
-61.60499954223633
-61.40760040283203
-61.478599548339844
-61.27949905395508
-61.3484001159668
-61.14759826660156
-61.214599609375
-61.01380157470703
-61.08000183105469
-60.879398345947266
-60.94449996948242
-60.74409866333008
-60.80860137939453
-60.60380172729492
-60.6619987487793
-60.45309829711914
-60.511199951171875
-60.304298400878906
-60.36050033569336
-60.153499603271484
-60.20819854736328
-60.00210189819336
-60.055301666259766
-59.8494987487793
-59.90140151977539
-59.69660186767578
-59.746299743652344
-59.541500091552734
-59.5890007019043
-59.38100051879883
-59.42300033569336
-59.21120071411133
-59.2505989074707
-59.03860092163086
-59.07550048828125
-58.86330032348633
-58.897300720214844
-58.68470001220703
-58.71620178222656
-58.50360107421875
-58.53269958496094
-58.32059860229492
-58.3473014831543
-58.135398864746094
-58.15950012207031
-57.947601318359375
-57.96950149536133
-57.7577018737793
-62.81520080566406
-62.695899963378906
-62.87379837036133
-62.75299835205078
-62.9286003112793
-62.80619812011719
-62.97890090942383
-62.85490036010742
-63.02510070800781
-62.89950180053711
-63.066200256347656
-62.93830108642578
-63.101600646972656
-62.9723014831543
-63.13349914550781
-63.003299713134766
-63.161598205566406
-63.02989959716797
-63.185298919677734
-63.0531005859375
-63.20539855957031
-63.071998596191406
-63.221099853515625
-63.086299896240234
-63.23160171508789
-63.095401763916016
-63.23759841918945
-63.10150146484375
-63.10340118408203
-63.24020004272461
-63.10240173339844
-63.23830032348633
-63.09870147705078
-63.232200622558594
-63.09040069580078
-63.22269821166992
-63.07939910888672
-63.20930099487305
-63.0640983581543
-63.19300079345703
-63.046600341796875
-63.173500061035156
-63.02450180053711
-63.14970016479492
-62.998600006103516
-63.121498107910156
-62.970298767089844
-63.09379959106445
-62.943199157714844
-63.06480026245117
-62.9114990234375
-63.03110122680664
-62.875
-62.99169921875
-62.83290100097656
-62.948299407958984
-62.78779983520508
-62.90010070800781
-62.736000061035156
-62.84600067138672
-62.679100036621094
-62.787200927734375
-62.621498107910156
-62.7318000793457
-62.567901611328125
-62.67599868774414
-62.50899887084961
-62.61429977416992
-62.4452018737793
-62.54930114746094
-62.37860107421875
-62.480899810791016
-62.30839920043945
-62.40950012207031
-62.23550033569336
-62.334800720214844
-62.15829849243164
-62.25559997558594
-62.079498291015625
-62.17789840698242
-62.00230026245117
-62.0989990234375
-61.92060089111328
-62.01430130004883
-61.832298278808594
-61.92279815673828
-61.73789978027344
-61.825599670410156
-61.63779830932617
-61.72249984741211
-61.53129959106445
-61.612701416015625
-61.418800354003906
-61.49689865112305
-61.3031005859375
-61.380699157714844
-61.187198638916016
-61.262001037597656
-61.066200256347656
-61.138301849365234
-60.940399169921875
-61.01070022583008
-60.81230163574219
-60.880401611328125
-60.68069839477539
-60.74720001220703
-60.54779815673828
-60.61389923095703
-60.41460037231445
-60.479698181152344
-60.27619934082031
-60.33580017089844
-60.12900161743164
-60.1879997253418
-59.98249816894531
-60.04069900512695
-59.83580017089844
-59.892398834228516
-59.6879997253418
-59.74300003051758
-59.53960037231445
-59.59280014038086
-59.390201568603516
-59.442100524902344
-59.23970031738281
-59.289398193359375
-59.083499908447266
-59.127601623535156
-58.91830062866211
-58.95989990234375
-58.750301361083984
-58.78960037231445
-58.580299377441406
-58.61709976196289
-58.406898498535156
-58.44060134887695
-58.23080062866211
-58.262298583984375
-58.0525016784668
-58.08169937133789
-57.87229919433594
-57.89939880371094
-57.68960189819336
-57.71379852294922
-57.50419998168945
-57.52619934082031
-62.39739990234375
-62.27830123901367
-62.45589828491211
-62.33530044555664
-62.5099983215332
-62.387298583984375
-62.55950164794922
-62.435298919677734
-62.605098724365234
-62.479000091552734
-62.64550018310547
-62.516998291015625
-62.68069839477539
-62.55120086669922
-62.71269989013672
-62.58259963989258
-62.741600036621094
-62.61009979248047
-62.76620101928711
-62.63399887084961
-62.787498474121094
-62.65370178222656
-62.80339813232422
-62.66830062866211
-62.815101623535156
-62.679500579833984
-62.82379913330078
-62.68730163574219
-62.69070053100586
-62.8291015625
-62.69179916381836
-62.828399658203125
-62.68960189819336
-62.82389831542969
-62.68330001831055
-62.81629943847656
-62.67390060424805
-62.8046989440918
-62.66080093383789
-62.790401458740234
-62.64400100708008
-62.771400451660156
-62.623199462890625
-62.7494010925293
-62.59859848022461
-62.722599029541016
-62.572601318359375
-62.69729995727539
-62.54710006713867
-62.669498443603516
-62.517398834228516
-62.637901306152344
-62.4828987121582
-62.600399017333984
-62.44309997558594
-62.558998107910156
-62.39899826049805
-62.51250076293945
-62.349300384521484
-62.46049880981445
-62.29410171508789
-62.4026985168457
-62.238399505615234
-62.349098205566406
-62.18659973144531
-62.295101165771484
-62.12990188598633
-62.235801696777344
-62.06779861450195
-62.172000885009766
-62.00299835205078
-62.105499267578125
-61.93450164794922
-62.035099029541016
-61.862098693847656
-61.96139907836914
-61.786598205566406
-61.88420104980469
-61.709598541259766
-61.80759811401367
-61.63359832763672
-61.72990036010742
-61.55339813232422
-61.64739990234375
-61.46820068359375
-61.55939865112305
-61.37649917602539
-61.464500427246094
-61.27880096435547
-61.36439895629883
-61.17580032348633
-61.25809860229492
-61.06679916381836
-61.14609909057617
-60.95479965209961
-61.03369903564453
-60.84199905395508
-60.91790008544922
-60.7234992980957
-60.797000885009766
-60.60110092163086
-60.67250061035156
-60.474998474121094
-60.544498443603516
-60.346500396728516
-60.41450119018555
-60.215599060058594
-60.282501220703125
-60.083900451660156
-60.150001525878906
-59.948001861572266
-60.00910186767578
-59.80390167236328
-59.864200592041016
-59.660400390625
-59.719600677490234
-59.51639938354492
-59.57440185546875
-59.37229919433594
-59.429298400878906
-59.22819900512695
-59.28350067138672
-59.08250045776367
-59.13589859008789
-58.93550109863281
-58.98740005493164
-58.78379821777344
-58.830299377441406
-58.62329864501953
-58.667301177978516
-58.46009826660156
-58.50170135498047
-58.2942008972168
-58.333499908447266
-58.12630081176758
-58.162899017333984
-57.955101013183594
-57.98929977416992
-57.78179931640625
-57.813499450683594
-57.605899810791016
-57.635501861572266
-57.4286994934082
-57.4557991027832
-57.24869918823242
-57.27289962768555
-57.066001892089844
-62.03810119628906
-61.91659927368164
-62.090999603271484
-61.968101501464844
-62.140098571777344
-62.01559829711914
-62.184600830078125
-62.05830001831055
-62.224300384521484
-62.09590148925781
-62.25920104980469
-62.12969970703125
-62.29169845581055
-62.16130065917969
-62.320701599121094
-62.18880081176758
-62.34600067138672
-62.21329879760742
-62.36750030517578
-62.23310089111328
-62.38410186767578
-62.24909973144531
-62.39780044555664
-62.26250076293945
-62.26959991455078
-62.410701751708984
-62.27619934082031
-62.41559982299805
-62.27980041503906
-62.417598724365234
-62.279598236083984
-62.415000915527344
-62.2755012512207
-62.409400939941406
-62.2681999206543
-62.39970016479492
-62.256099700927734
-62.38639831542969
-62.24129867553711
-62.36949920654297
-62.221500396728516
-62.347999572753906
-62.19850158691406
-62.323001861572266
-62.17409896850586
-62.29970169067383
-62.15129852294922
-62.27410125732422
-62.12310028076172
-62.24409866333008
-62.090999603271484
-62.20930099487305
-62.05350112915039
-62.1697998046875
-62.01110076904297
-62.12459945678711
-61.9630012512207
-62.07429885864258
-61.910499572753906
-62.01919937133789
-61.8568000793457
-61.96739959716797
-61.80649948120117
-61.91510009765625
-61.75149917602539
-61.8577995300293
-61.69219970703125
-61.7963981628418
-61.62839889526367
-61.730899810791016
-61.56129837036133
-61.66239929199219
-61.4906005859375
-61.589599609375
-61.41619873046875
-61.51390075683594
-61.34090042114258
-61.43899917602539
-61.265499114990234
-61.362098693847656
-61.1869010925293
-61.281898498535156
-61.10390090942383
-61.19620132446289
-61.01490020751953
-61.10409927368164
-60.9197998046875
-61.00659942626953
-60.82040023803711
-60.90409851074219
-60.714900970458984
-60.7953987121582
-60.60609817504883
-60.68619918823242
-60.496299743652344
-60.57320022583008
-60.38090133666992
-60.4552001953125
-60.260799407958984
-60.33319854736328
-60.13800048828125
-60.20840072631836
-60.012001037597656
-60.080501556396484
-59.88349914550781
-59.950599670410156
-59.753501892089844
-59.81999969482422
-59.62009811401367
-59.68199920654297
-59.47909927368164
-59.53990173339844
-59.33829879760742
-59.39849853515625
-59.197898864746094
-59.25659942626953
-59.056800842285156
-59.114498138427734
-58.91550064086914
-58.972198486328125
-58.773799896240234
-58.82870101928711
-58.630401611328125
-58.68370056152344
-58.482601165771484
-58.53089904785156
-58.32640075683594
-58.372398376464844
-58.167598724365234
-58.21139907836914
-58.00659942626953
-58.04790115356445
-57.84280014038086
-57.881900787353516
-57.676998138427734
-57.7135009765625
-57.50849914550781
-57.542598724365234
-57.33789825439453
-57.36949920654297
-57.16469955444336
-57.19419860839844
-56.98929977416992
-57.016700744628906
-56.8114013671875
-56.83649826049805
-61.61989974975586
-61.49869918823242
-61.67250061035156
-61.54990005493164
-61.72090148925781
-61.59590148925781
-61.76430130004883
-61.63779830932617
-61.80329895019531
-61.67449951171875
-61.83769989013672
-61.70859909057617
-61.87009811401367
-61.73929977416992
-61.89860153198242
-61.766700744628906
-61.92430114746094
-61.79130172729492
-61.945899963378906
-61.811500549316406
-61.96369934082031
-61.828800201416016
-61.97890090942383
-61.84349822998047
-61.85139846801758
-61.99409866333008
-61.860198974609375
-62.00130081176758
-61.8656005859375
-62.004798889160156
-61.867801666259766
-62.004798889160156
-61.86600112915039
-62.00130081176758
-61.86069869995117
-61.99369812011719
-61.85070037841797
-61.98160171508789
-61.837100982666016
-61.96659851074219
-61.81990051269531
-61.94670104980469
-61.797401428222656
-61.92279815673828
-61.774600982666016
-61.90140151977539
-61.75379943847656
-61.87820053100586
-61.727699279785156
-61.84989929199219
-61.69710159301758
-61.81719970703125
-61.6619987487793
-61.779998779296875
-61.62189865112305
-61.73680114746094
-61.57640075683594
-61.68920135498047
-61.52640151977539
-61.63650131225586
-61.47520065307617
-61.58689880371094
-61.42679977416992
-61.5359001159668
-61.373600006103516
-61.48059844970703
-61.316001892089844
-61.421199798583984
-61.25490188598633
-61.358001708984375
-61.18949890136719
-61.29029846191406
-61.12009811401367
-61.21929931640625
-61.04750061035156
-61.14540100097656
-60.97330093383789
-61.07109832763672
-60.89899826049805
-60.99549865722656
-60.82109832763672
-60.91590118408203
-60.73979949951172
-60.832801818847656
-60.6531982421875
-60.74300003051758
-60.5614013671875
-60.64910125732422
-60.46540069580078
-60.54990005493164
-60.363399505615234
-60.444698333740234
-60.256900787353516
-60.337799072265625
-60.15019989013672
-60.22869873046875
-60.03820037841797
-60.11349868774414
-59.9208984375
-59.993900299072266
-59.79990005493164
-59.87160110473633
-59.67649841308594
-59.746498107910156
-59.55080032348633
-59.619300842285156
-59.42319869995117
-59.490299224853516
-59.291900634765625
-59.355201721191406
-59.15409851074219
-59.21620178222656
-59.0166015625
-59.07789993286133
-58.87919998168945
-58.9390983581543
-58.74100112915039
-58.79999923706055
-58.60260009765625
-58.660499572753906
-58.46379852294922
-58.52040100097656
-58.32460021972656
-58.37969970703125
-58.180301666259766
-58.22999954223633
-58.027198791503906
-58.075401306152344
-57.872798919677734
-57.91899871826172
-57.71590042114258
-57.759700775146484
-57.556400299072266
-57.59830093383789
-57.394901275634766
-57.43450164794922
-57.231300354003906
-57.268798828125
-57.06570053100586
-57.10070037841797
-56.89759826660156
-56.929901123046875
-56.726600646972656
-56.75640106201172
-56.55379867553711
-56.58140182495117
-61.20320129394531
-61.08150100708008
-61.25450134277344
-61.13090133666992
-61.30139923095703
-61.17580032348633
-61.34379959106445
-61.21699905395508
-61.382301330566406
-61.25400161743164
-61.417198181152344
-61.28779983520508
-61.44839859008789
-61.317501068115234
-61.47650146484375
-61.345298767089844
-61.502601623535156
-61.37009811401367
-61.52439880371094
-61.390499114990234
-61.54280090332031
-61.409000396728516
-61.559600830078125
-61.424598693847656
-61.571998596191406
-61.43600082397461
-61.44279861450195
-61.58449935913086
-61.45029830932617
-61.59040069580078
-61.454200744628906
-61.592498779296875
-61.4547004699707
-61.59120178222656
-61.450801849365234
-61.584999084472656
-61.44260025024414
-61.57529830932617
-61.430999755859375
-61.5619010925293
-61.41550064086914
-61.54399871826172
-61.394901275634766
-61.52149963378906
-61.3734016418457
-61.5010986328125
-61.35350036621094
-61.47949981689453
-61.3302001953125
-61.4541015625
-61.301700592041016
-61.42250061035156
-61.26810073852539
-61.38759994506836
-61.23059844970703
-61.34700012207031
-61.187400817871094
-61.301998138427734
-61.14030075073242
-61.25189971923828
-61.09149932861328
-61.2047004699707
-61.04610061645508
-61.15660095214844
-60.99549865722656
-61.10340118408203
-60.94060134887695
-61.046199798583984
-60.881099700927734
-60.98460006713867
-60.81800079345703
-60.9197998046875
-60.7504997253418
-60.849998474121094
-60.679500579833984
-60.777801513671875
-60.606998443603516
-60.7047004699707
-60.53350067138672
-60.63010025024414
-60.457401275634766
-60.551998138427734
-60.376399993896484
-60.469398498535156
-60.29199981689453
-60.38290023803711
-60.20280075073242
-60.29159927368164
-60.10940170288086
-60.195499420166016
-60.010501861572266
-60.09389877319336
-59.90810012817383
-59.98979949951172
-59.80329895019531
-59.88290023803711
-59.69409942626953
-59.770999908447266
-59.579898834228516
-59.65449905395508
-59.461700439453125
-59.53409957885742
-59.34049987792969
-59.41120147705078
-59.216800689697266
-59.286399841308594
-59.09230041503906
-59.16059875488281
-58.96329879760742
-59.02750015258789
-58.82870101928711
-58.8921012878418
-58.694000244140625
-58.756500244140625
-58.55970001220703
-58.62110137939453
-58.42470169067383
-58.48469924926758
-58.28889846801758
-58.347801208496094
-58.15299987792969
-58.21120071411133
-58.0172004699707
-58.07400131225586
-57.87620162963867
-57.9275016784668
-57.72639846801758
-57.77640151977539
-57.575199127197266
-57.62350082397461
-57.422401428222656
-57.46860122680664
-57.26689910888672
-57.31100082397461
-57.10960006713867
-57.15169906616211
-56.950199127197266
-56.99020004272461
-56.78929901123047
-56.82720184326172
-56.62590026855469
-56.66130065917969
-56.46009826660156
-56.493099212646484
-56.291900634765625
-56.32270050048828
-56.12200164794922
-60.835899353027344
-60.71269989013672
-60.882198333740234
-60.757301330566406
-60.92409896850586
-60.79750061035156
-60.96220016479492
-60.83369827270508
-60.99620056152344
-60.8661994934082
-61.027000427246094
-60.89630126953125
-61.055599212646484
-60.924400329589844
-61.081600189208984
-60.94900131225586
-61.103599548339844
-60.96989822387695
-61.12310028076172
-60.989498138427734
-61.140499114990234
-61.00519943237305
-61.01430130004883
-61.157901763916016
-61.02579879760742
-61.167701721191406
-61.0343017578125
-61.175201416015625
-61.03990173339844
-61.17890167236328
-61.04130172729492
-61.17890167236328
-61.039398193359375
-61.17490005493164
-61.032901763916016
-61.166500091552734
-61.02289962768555
-61.154701232910156
-61.008399963378906
-61.138301849365234
-60.98939895629883
-61.11750030517578
-60.969600677490234
-61.098899841308594
-60.95199966430664
-61.07899856567383
-60.93009948730469
-61.055301666259766
-60.90439987182617
-61.02690124511719
-60.87289810180664
-60.99340057373047
-60.837501525878906
-60.955299377441406
-60.79679870605469
-60.912498474121094
-60.75189971923828
-60.8650016784668
-60.70600128173828
-60.82080078125
-60.663700103759766
-60.775699615478516
-60.61629867553711
-60.72570037841797
-60.56439971923828
-60.67150115966797
-60.50830078125
-60.61240005493164
-60.44660186767578
-60.54869842529297
-60.38180160522461
-60.4818000793457
-60.31290054321289
-60.41109848022461
-60.241600036621094
-60.33919906616211
-60.16910171508789
-60.26570129394531
-60.09389877319336
-60.188899993896484
-60.014801025390625
-60.10770034790039
-59.931400299072266
-60.022701263427734
-59.84489822387695
-59.93410110473633
-59.753700256347656
-59.8401985168457
-59.65729904174805
-59.74150085449219
-59.558101654052734
-59.641300201416016
-59.45650100708008
-59.53689956665039
-59.3494987487793
-59.42720031738281
-59.23759841918945
-59.313499450683594
-59.122798919677734
-59.1963996887207
-59.003700256347656
-59.075401306152344
-58.882598876953125
-58.95330047607422
-58.75979995727539
-58.829200744628906
-58.634300231933594
-58.70009994506836
-58.50310134887695
-58.56740188598633
-58.37160110473633
-58.43479919433594
-58.23929977416992
-58.30160140991211
-58.107200622558594
-58.16889953613281
-57.975101470947266
-58.035099029541016
-57.842201232910156
-57.90129852294922
-57.70909881591797
-57.76689910888672
-57.5713005065918
-57.62379837036133
-57.42399978637695
-57.47529983520508
-57.27579879760742
-57.32569885253906
-57.12580108642578
-57.174198150634766
-56.97439956665039
-57.02090072631836
-56.82059860229492
-56.865299224853516
-56.66529846191406
-56.70819854736328
-56.50849914550781
-56.549598693847656
-56.350101470947266
-56.38850021362305
-56.188499450683594
-56.224700927734375
-56.02519989013672
-56.05929946899414
-55.85929870605469
-55.89120101928711
-60.419898986816406
-60.29759979248047
-60.46549987792969
-60.341800689697266
-60.50699996948242
-60.381500244140625
-60.54349899291992
-60.417301177978516
-60.57749938964844
-60.450401306152344
-60.6083984375
-60.4807014465332
-60.5
-60.64670181274414
-60.52629852294922
-60.67129898071289
-60.54899978637695
-60.692901611328125
-60.56909942626953
-60.712501525878906
-60.588199615478516
-60.729801177978516
-60.60350036621094
-60.74369812011719
-60.61600112915039
-60.754600524902344
-60.62540054321289
-60.763301849365234
-60.6328010559082
-60.76860046386719
-60.63639831542969
-60.77009963989258
-60.63589859008789
-60.767601013183594
-60.63159942626953
-60.76139831542969
-60.62310028076172
-60.750999450683594
-60.61050033569336
-60.73609924316406
-60.59339904785156
-60.71689987182617
-60.575199127197266
-60.699798583984375
-60.55939865112305
-60.682498931884766
-60.53990173339844
-60.66059875488281
-60.51490020751953
-60.63359832763672
-60.48590087890625
-60.60279846191406
-60.45220184326172
-60.56650161743164
-60.41299819946289
-60.52560043334961
-60.369598388671875
-60.480201721191406
-60.32630157470703
-60.438899993896484
-60.2864990234375
-60.396400451660156
-60.24169921875
-60.34960174560547
-60.19179916381836
-60.297298431396484
-60.13690185546875
-60.24089813232422
-60.077598571777344
-60.179298400878906
-60.01380157470703
-60.114200592041016
-59.946800231933594
-60.045501708984375
-59.87689971923828
-59.97480010986328
-59.80550003051758
-59.902099609375
-59.73109817504883
-59.82619857788086
-59.65330123901367
-59.74689865112305
-59.57229995727539
-59.66400146484375
-59.487998962402344
-59.577598571777344
-59.39939880371094
-59.48630142211914
-59.30580139160156
-59.39039993286133
-59.20909881591797
-59.292598724365234
-59.11009979248047
-59.19089889526367
-59.006099700927734
-59.08440017700195
-58.897701263427734
-58.97330093383789
-58.785301208496094
-58.85900115966797
-58.66960144042969
-58.740699768066406
-58.55039978027344
-58.620601654052734
-58.43069839477539
-58.49919891357422
-58.30739974975586
-58.37300109863281
-58.179901123046875
-58.24420166015625
-58.05120086669922
-58.11429977416992
-57.92190170288086
-57.983699798583984
-57.79249954223633
-57.85369873046875
-57.66339874267578
-57.72309875488281
-57.53350067138672
-57.59260177612305
-57.403499603271484
-57.46099853515625
-57.268001556396484
-57.32059860229492
-57.124298095703125
-57.17530059814453
-56.979000091552734
-57.02830123901367
-56.832298278808594
-56.87990188598633
-56.68410110473633
-56.730201721191406
-56.5343017578125
-56.57809829711914
-56.382598876953125
-56.42509841918945
-56.23030090332031
-56.27080154418945
-56.07609939575195
-56.11439895629883
-55.919498443603516
-55.9552001953125
-55.76020050048828
-55.79389953613281
-55.599300384521484
-55.63050079345703
-55.435699462890625
-60.05160140991211
-59.92789840698242
-60.09270095825195
-59.96699905395508
-60.129600524902344
-60.00400161743164
-60.16450119018555
-60.0369987487793
-60.1952018737793
-60.06769943237305
-60.087501525878906
-60.23429870605469
-60.11429977416992
-60.25960159301758
-60.13740158081055
-60.28179931640625
-60.15909957885742
-60.3026008605957
-60.179100036621094
-60.3213996887207
-60.19670104980469
-60.337100982666016
-60.21049880981445
-60.34920120239258
-60.221500396728516
-60.35919952392578
-60.23040008544922
-60.3661003112793
-60.234798431396484
-60.369300842285156
-60.23609924316406
-60.36909866333008
-60.233699798583984
-60.36439895629883
-60.22679901123047
-60.3557014465332
-60.21659851074219
-60.34360122680664
-60.20180130004883
-60.32609939575195
-60.18560028076172
-60.31119918823242
-60.171199798583984
-60.2947998046875
-60.1526985168457
-60.27479934692383
-60.12969970703125
-60.24909973144531
-60.10139846801758
-60.219600677490234
-60.06990051269531
-60.185699462890625
-60.032501220703125
-60.145599365234375
-59.99039840698242
-60.101898193359375
-59.94839859008789
-60.06230163574219
-59.9109992980957
-60.02259826660156
-59.867801666259766
-59.97700119018555
-59.819801330566406
-59.926700592041016
-59.76599884033203
-59.87070083618164
-59.708099365234375
-59.81100082397461
-59.64590072631836
-59.74700164794922
-59.58000183105469
-59.67940139770508
-59.51129913330078
-59.61000061035156
-59.44150161743164
-59.539100646972656
-59.36899948120117
-59.46440124511719
-59.292598724365234
-59.386600494384766
-59.213401794433594
-59.305599212646484
-59.13100051879883
-59.22169876098633
-59.04520034790039
-59.133201599121094
-58.954200744628906
-59.03990173339844
-58.86000061035156
-58.944698333740234
-58.76390075683594
-58.84579849243164
-58.66279983520508
-58.742401123046875
-58.55780029296875
-58.6348991394043
-58.448299407958984
-58.52330017089844
-58.33549880981445
-58.408199310302734
-58.219398498535156
-58.29059982299805
-58.10169982910156
-58.17169952392578
-57.98160171508789
-58.04869842529297
-57.856998443603516
-57.92250061035156
-57.73099899291992
-57.795501708984375
-57.60490036010742
-57.66830062866211
-57.47890090942383
-57.54140090942383
-57.35300064086914
-57.41389846801758
-57.22610092163086
-57.28609848022461
-57.0984001159668
-57.156700134277344
-56.965301513671875
-57.019100189208984
-56.82460021972656
-56.877201080322266
-56.68280029296875
-56.73360061645508
-56.53900146484375
-56.588401794433594
-56.39350128173828
-56.44169998168945
-56.24689865112305
-56.293399810791016
-56.0984001159668
-56.143699645996094
-55.94969940185547
-55.99380111694336
-55.799598693847656
-55.841400146484375
-55.64739990234375
-55.687198638916016
-55.49330139160156
-55.530601501464844
-55.33679962158203
-55.37179946899414
-55.177799224853516
-55.21039962768555
-59.63759994506836
-59.51430130004883
-59.67890167236328
-59.5536003112793
-59.71609878540039
-59.59049987792969
-59.75090026855469
-59.6239013671875
-59.64540100097656
-59.792999267578125
-59.67620086669922
-59.82270050048828
-59.703800201416016
-59.8484992980957
-59.72760009765625
-59.871299743652344
-59.75019836425781
-59.89360046386719
-59.77109909057617
-59.91310119628906
-59.78969955444336
-59.930999755859375
-59.805301666259766
-59.944400787353516
-59.817501068115234
-59.95600128173828
-59.82740020751953
-59.9640998840332
-59.83380126953125
-59.96870040893555
-59.83620071411133
-59.96910095214844
-59.83509826660156
-59.96670150756836
-59.830501556396484
-59.95989990234375
-59.82170104980469
-59.949501037597656
-59.80910110473633
-59.93439865112305
-59.793800354003906
-59.92060089111328
-59.78089904785156
-59.905799865722656
-59.76300048828125
-59.88629913330078
-59.7411994934082
-59.86249923706055
-59.714900970458984
-59.83440017700195
-59.684600830078125
-59.802101135253906
-59.64929962158203
-59.76409912109375
-59.608299255371094
-59.721500396728516
-59.56850051879883
-59.683998107910156
-59.532501220703125
-59.64569854736328
-59.491798400878906
-59.60240173339844
-59.44499969482422
-59.553199768066406
-59.39339828491211
-59.499298095703125
-59.33729934692383
-59.44139862060547
-59.276798248291016
-59.378501892089844
-59.21189880371094
-59.31230163574219
-59.145198822021484
-59.24470138549805
-59.07699966430664
-59.17509841918945
-59.00600051879883
-59.10240173339844
-58.93149948120117
-59.02629852294922
-58.85419845581055
-58.9473991394043
-58.77389907836914
-58.86539840698242
-58.69029998779297
-58.77939987182617
-58.60200119018555
-58.68880081176758
-58.51070022583008
-58.59619903564453
-58.416500091552734
-58.49959945678711
-58.31829833984375
-58.39970016479492
-58.21620178222656
-58.2947998046875
-58.10940170288086
-58.1859016418457
-57.999000549316406
-58.073699951171875
-57.88589859008789
-57.95899963378906
-57.77069854736328
-57.84230041503906
-57.652801513671875
-57.722198486328125
-57.531700134277344
-57.5994987487793
-57.409000396728516
-57.47520065307617
-57.28609848022461
-57.35150146484375
-57.16350173950195
-57.22760009765625
-57.039798736572266
-57.10279846191406
-56.91550064086914
-56.977901458740234
-56.79100036621094
-56.85150146484375
-56.66059875488281
-56.715999603271484
-56.522701263427734
-56.57740020751953
-56.38420104980469
-56.4369010925293
-56.243099212646484
-56.29439926147461
-56.10029983520508
-56.15010070800781
-55.95610046386719
-56.00469970703125
-55.81079864501953
-55.8578987121582
-55.66469955444336
-55.71120071411133
-55.5181999206543
-55.5625
-55.36869812011719
-55.41170120239258
-55.218299865722656
-55.2599983215332
-55.06669998168945
-55.106201171875
-59.26599884033203
-59.140899658203125
-59.303001403808594
-59.178199768066406
-59.33869934082031
-59.21269989013672
-59.23429870605469
-59.38180160522461
-59.26539993286133
-59.412200927734375
-59.29410171508789
-59.4390983581543
-59.31930160522461
-59.46310043334961
-59.34239959716797
-59.485801696777344
-59.364498138427734
-59.50619888305664
-59.383201599121094
-59.524600982666016
-59.40079879760742
-59.540199279785156
-59.414398193359375
-59.5526008605957
-59.425498962402344
-59.5619010925293
-59.43239974975586
-59.56760025024414
-59.43619918823242
-59.569801330566406
-59.43619918823242
-59.568599700927734
-59.43330001831055
-59.5635986328125
-59.42559814453125
-59.55440139770508
-59.41419982910156
-59.541099548339844
-59.4015007019043
-59.528900146484375
-59.38949966430664
-59.51459884643555
-59.372501373291016
-59.49599838256836
-59.35169982910156
-59.47370147705078
-59.326900482177734
-59.446800231933594
-59.29779815673828
-59.41619873046875
-59.26430130004883
-59.380001068115234
-59.224998474121094
-59.3385009765625
-59.185699462890625
-59.3025016784668
-59.1515998840332
-59.2661018371582
-59.11199951171875
-59.22460174560547
-59.06800079345703
-59.17789840698242
-59.0181999206543
-59.1254997253418
-58.9640998840332
-59.06999969482422
-58.90610122680664
-59.0088996887207
-58.842498779296875
-58.94390106201172
-58.7776985168457
-58.87860107421875
-58.71220016479492
-58.811100006103516
-58.64310073852539
-58.7400016784668
-58.57040023803711
-58.66559982299805
-58.494598388671875
-58.588401794433594
-58.41600036621094
-58.508399963378906
-58.33440017700195
-58.424800872802734
-58.248600006103516
-58.336700439453125
-58.159400939941406
-58.246498107910156
-58.06800079345703
-58.15250015258789
-57.97169876098633
-58.05440139770508
-57.872100830078125
-57.95249938964844
-57.768001556396484
-57.84619903564453
-57.660499572753906
-57.73680114746094
-57.54990005493164
-57.6244010925293
-57.43730163574219
-57.510501861572266
-57.3223991394043
-57.39310073852539
-57.2041015625
-57.273399353027344
-57.08509826660156
-57.153099060058594
-56.9650993347168
-57.032100677490234
-56.84519958496094
-56.91120147705078
-56.7244987487793
-56.78900146484375
-56.602500915527344
-56.66600036621094
-56.480201721191406
-56.54280090332031
-56.35329818725586
-56.41059875488281
-56.21780014038086
-56.27450180053711
-56.08259963989258
-56.13750076293945
-55.944698333740234
-55.99760055541992
-55.8046989440918
-55.85609817504883
-55.66270065307617
-55.7130012512207
-55.519798278808594
-55.569000244140625
-55.375999450683594
-55.424598693847656
-55.2317008972168
-55.27880096435547
-58.854400634765625
-58.73040008544922
-58.8921012878418
-58.76810073852539
-58.928199768066406
-58.80289840698242
-58.82509994506836
-58.97200012207031
-58.8567008972168
-59.002601623535156
-58.88629913330078
-59.03089904785156
-58.91279983520508
-59.05609893798828
-58.93709945678711
-59.0797004699707
-58.95970153808594
-59.10110092163086
-58.97959899902344
-59.11989974975586
-58.997398376464844
-59.137001037597656
-59.01219940185547
-59.15010070800781
-59.02349853515625
-59.16059875488281
-59.03200149536133
-59.167301177978516
-59.036800384521484
-59.1703987121582
-59.03770065307617
-59.16999816894531
-59.035301208496094
-59.16630172729492
-59.02939987182617
-59.15840148925781
-59.01900100708008
-59.14609909057617
-59.007198333740234
-59.13570022583008
-58.99689865112305
-59.12329864501953
-58.98109817504883
-59.105201721191406
-58.96070098876953
-59.08380126953125
-58.937198638916016
-59.05830001831055
-58.90919876098633
-59.02880096435547
-58.87649917602539
-58.99369812011719
-58.838401794433594
-58.95399856567383
-58.80059814453125
-58.918800354003906
-58.76789855957031
-58.8838996887207
-58.730201721191406
-58.84379959106445
-58.687599182128906
-58.79930114746094
-58.64039993286133
-58.7494010925293
-58.58810043334961
-58.695499420166016
-58.532100677490234
-58.63679885864258
-58.47090148925781
-58.57389831542969
-58.40800094604492
-58.510501861572266
-58.34400177001953
-58.44490051269531
-58.27730178833008
-58.3765983581543
-58.207000732421875
-58.30400085449219
-58.13309860229492
-58.22840118408203
-58.056400299072266
-58.15019989013672
-57.97650146484375
-58.06829833984375
-57.892799377441406
-57.982601165771484
-57.80569839477539
-57.89419937133789
-57.716400146484375
-57.803001403808594
-57.62289810180664
-57.70709991455078
-57.52519989013672
-57.607398986816406
-57.42359924316406
-57.50379943847656
-57.31880187988281
-57.397300720214844
-57.21149826049805
-57.287899017333984
-57.101200103759766
-57.17620086669922
-56.98889923095703
-57.061798095703125
-56.87369918823242
-56.9453010559082
-56.75749969482422
-56.827999114990234
-56.640899658203125
-56.710201263427734
-56.52389907836914
-56.59199905395508
-56.40620040893555
-56.472801208496094
-56.28710174560547
-56.352298736572266
-56.166900634765625
-56.231300354003906
-56.043399810791016
-56.10279846191406
-55.911598205566406
-55.969398498535156
-55.778099060058594
-55.834598541259766
-55.6432991027832
-55.69839859008789
-55.50619888305664
-55.559600830078125
-58.48379898071289
-58.36029815673828
-58.3838996887207
-58.53110122680664
-58.41740036010742
-58.56399917602539
-58.44990158081055
-58.59579849243164
-58.48040008544922
-58.625
-58.50830078125
-58.6515007019043
-58.534000396728516
-58.676300048828125
-58.55739974975586
-58.698299407958984
-58.57809829711914
-58.71799850463867
-58.59640121459961
-58.735599517822266
-58.61259841918945
-58.749698638916016
-58.62379837036133
-58.759700775146484
-58.632301330566406
-58.767398834228516
-58.638301849365234
-58.772300720214844
-58.64030075073242
-58.77220153808594
-58.63750076293945
-58.76839828491211
-58.6327018737793
-58.762699127197266
-58.624698638916016
-58.75199890136719
-58.61330032348633
-58.74129867553711
-58.602699279785156
-58.729801177978516
-58.58890151977539
-58.71379852294922
-58.56999969482422
-58.692901611328125
-58.54679870605469
-58.667999267578125
-58.51919937133789
-58.639198303222656
-58.48740005493164
-58.605098724365234
-58.45050048828125
-58.56660079956055
-58.41460037231445
-58.53300094604492
-58.382999420166016
-58.49980163574219
-58.3468017578125
-58.46120071411133
-58.30550003051758
-58.41830062866211
-58.25979995727539
-58.37030029296875
-58.209800720214844
-58.318599700927734
-58.15530014038086
-58.26150131225586
-58.096099853515625
-58.20100021362305
-58.03559875488281
-58.13959884643555
-57.97380065917969
-58.07569885253906
-57.908599853515625
-58.009300231933594
-57.84109878540039
-57.93949890136719
-57.76959991455078
-57.8661003112793
-57.695098876953125
-57.79010009765625
-57.61750030517578
-57.710201263427734
-57.535701751708984
-57.62649917602539
-57.450599670410156
-57.53990173339844
-57.362701416015625
-57.45069885253906
-57.27130126953125
-57.356998443603516
-57.17580032348633
-57.25979995727539
-57.077701568603516
-57.1593017578125
-56.975399017333984
-57.0547981262207
-56.87009811401367
-56.94839859008789
-56.762901306152344
-56.83940124511719
-56.65290069580078
-56.727500915527344
-56.54069900512695
-56.61410140991211
-56.42789840698242
-56.49980163574219
-56.3135986328125
-56.3843994140625
-56.19900131225586
-56.2692985534668
-56.08420181274414
-56.153099060058594
-55.96799850463867
-56.035499572753906
-55.85029983520508
-55.91659927368164
-55.72890090942383
-55.79140090942383
-55.60110092163086
-55.6619987487793
-58.07720184326172
-57.954200744628906
-57.97850036621094
-58.125
-58.01350021362305
-58.15869903564453
-58.046199798583984
-58.190799713134766
-58.07720184326172
-58.22100067138672
-58.105899810791016
-58.24869918823242
-58.13240051269531
-58.274600982666016
-58.157798767089844
-58.298301696777344
-58.179500579833984
-58.31829833984375
-58.19839859008789
-58.33660125732422
-58.214599609375
-58.35139846801758
-58.22679901123047
-58.36220169067383
-58.23569869995117
-58.36989974975586
-58.241798400878906
-58.375
-58.24440002441406
-58.375701904296875
-58.2421989440918
-58.372100830078125
-58.23740005493164
-58.367000579833984
-58.230499267578125
-58.35820007324219
-58.22019958496094
-58.347999572753906
-58.20949935913086
-58.336299896240234
-58.19609832763672
-58.32149887084961
-58.178199768066406
-58.301700592041016
-58.15589904785156
-58.278099060058594
-58.129398345947266
-58.249298095703125
-58.09809875488281
-58.215999603271484
-58.0620002746582
-58.17879867553711
-58.027000427246094
-58.14670181274414
-57.99610137939453
-58.11399841308594
-57.96070098876953
-58.076698303222656
-57.92060089111328
-58.03499984741211
-57.87689971923828
-57.98889923095703
-57.82809829711914
-57.938499450683594
-57.77560043334961
-57.88359832763672
-57.71799850463867
-57.82440185546875
-57.659400939941406
-57.76580047607422
-57.60070037841797
-57.7046012878418
-57.53810119628906
-57.640201568603516
-57.47249984741211
-57.57279968261719
-57.40370178222656
-57.50210189819336
-57.33169937133789
-57.428199768066406
-57.25579833984375
-57.35020065307617
-57.17620086669922
-57.269100189208984
-57.09370040893555
-57.18439865112305
-57.00749969482422
-57.09659957885742
-56.9182014465332
-57.005001068115234
-56.82469940185547
-56.9099006652832
-56.72840118408203
-56.812198638916016
-56.62919998168945
-56.71080017089844
-56.526100158691406
-56.60599899291992
-56.4208984375
-56.4995002746582
-56.313899993896484
-56.39080047607422
-56.2047004699707
-56.28020095825195
-56.09410095214844
-56.16849899291992
-55.9827995300293
-56.05609893798828
-55.870601654052734
-55.94279861450195
-55.758201599121094
-55.82929992675781
-57.57659912109375
-57.7223014831543
-57.61220169067383
-57.756900787353516
-57.64580154418945
-57.789798736572266
-57.6776008605957
-57.8203010559082
-57.7067985534668
-57.84870147705078
-57.73419952392578
-57.87519836425781
-57.76020050048828
-57.90060043334961
-57.783599853515625
-57.922000885009766
-57.8036003112793
-57.941200256347656
-57.8203010559082
-57.955501556396484
-57.832000732421875
-57.96649932861328
-57.84130096435547
-57.975101470947266
-57.847801208496094
-57.980201721191406
-57.85060119628906
-57.98149871826172
-57.849700927734375
-57.979000091552734
-57.84469985961914
-57.972999572753906
-57.83720016479492
-57.96500015258789
-57.82780075073242
-57.955299377441406
-57.81700134277344
-57.94350051879883
-57.80339813232422
-57.92919921875
-57.786399841308594
-57.9099006652832
-57.76430130004883
-57.88679885864258
-57.73899841308594
-57.859500885009766
-57.70880126953125
-57.82740020751953
-57.67369842529297
-57.790401458740234
-57.63850021362305
-57.75849914550781
-57.608699798583984
-57.72669982910156
-57.57400131225586
-57.689998626708984
-57.5348014831543
-57.64950180053711
-57.491600036621094
-57.604698181152344
-57.444400787353516
-57.55580139160156
-57.39289855957031
-57.50230026245117
-57.33760070800781
-57.4453010559082
-57.28099822998047
-57.38880157470703
-57.225399017333984
-57.33100128173828
-57.16550064086914
-57.268699645996094
-57.10219955444336
-57.20389938354492
-57.03559875488281
-57.13520050048828
-56.965301513671875
-57.06340026855469
-56.89189910888672
-56.98780059814453
-56.81439971923828
-56.90850067138672
-56.734100341796875
-56.82640075683594
-56.6505012512207
-56.74089813232422
-56.562801361083984
-56.6510009765625
-56.47159957885742
-56.55849838256836
-56.37730026245117
-56.46200180053711
-56.279701232910156
-56.36309814453125
-56.1797981262207
-56.261199951171875
-56.07709884643555
-56.15700149536133
-55.9724006652832
-56.05070114135742
-55.86600112915039
-55.943199157714844
-57.18220138549805
-57.32469940185547
-57.21860122680664
-57.36029815673828
-57.252498626708984
-57.3932991027832
-57.2843017578125
-57.42449951171875
-57.31449890136719
-57.45399856567383
-57.34239959716797
-57.4807014465332
-57.36750030517578
-57.50600051879883
-57.39179992675781
-57.528900146484375
-57.412498474121094
-57.54869842529297
-57.430301666259766
-57.56420135498047
-57.44269943237305
-57.575199127197266
-57.45249938964844
-57.58409881591797
-57.45940017700195
-57.589298248291016
-57.462398529052734
-57.59130096435547
-57.462100982666016
-57.589599609375
-57.45830154418945
-57.58409881591797
-57.45050048828125
-57.57529830932617
-57.441898345947266
-57.56660079956055
-57.43199920654297
-57.554901123046875
-57.41859817504883
-57.54059982299805
-57.402198791503906
-57.522098541259766
-57.38090133666992
-57.4995002746582
-57.356201171875
-57.473201751708984
-57.326900482177734
-57.44200134277344
-57.293399810791016
-57.40650177001953
-57.25979995727539
-57.37519836425781
-57.23030090332031
-57.34389877319336
-57.196998596191406
-57.30910110473633
-57.15919876098633
-57.26890182495117
-57.117000579833984
-57.224998474121094
-57.07080078125
-57.177101135253906
-57.020599365234375
-57.125
-56.96609878540039
-57.069400787353516
-56.91130065917969
-57.015201568603516
-56.85710144042969
-56.959598541259766
-56.79970169067383
-56.90010070800781
-56.73759841918945
-56.83649826049805
-56.672401428222656
-56.769798278808594
-56.60369873046875
-56.69969940185547
-56.531700134277344
-56.62590026855469
-56.45640182495117
-56.54899978637695
-56.37779998779297
-56.46879959106445
-56.29610061645508
-56.385501861572266
-56.21099853515625
-56.29790115356445
-56.121498107910156
-56.20709991455078
-56.03020095825195
-56.11360168457031
-55.93470001220703
-56.0161018371582
-56.934898376464844
-56.82929992675781
-56.970401763916016
-56.86389923095703
-57.00429916381836
-56.896400451660156
-57.03559875488281
-56.926700592041016
-57.065399169921875
-56.9552001953125
-57.09260177612305
-56.9807014465332
-57.1172981262207
-57.00450134277344
-57.140499114990234
-57.025901794433594
-57.160701751708984
-57.043800354003906
-57.177101135253906
-57.05739974975586
-57.18899917602539
-57.067298889160156
-57.198299407958984
-57.074501037597656
-57.2041015625
-57.07830047607422
-57.20669937133789
-57.07889938354492
-57.205501556396484
-57.075599670410156
-57.20090103149414
-57.06890106201172
-57.19279861450195
-57.060001373291016
-57.18429946899414
-57.05120086669922
-57.17409896850586
-57.03879928588867
-57.160400390625
-57.022701263427734
-57.14250183105469
-57.00199890136719
-57.12049865722656
-56.97829818725586
-57.095401763916016
-56.950599670410156
-57.065101623535156
-56.917999267578125
-57.03120040893555
-56.88560104370117
-57.0010986328125
-56.8572998046875
-56.97119903564453
-56.82440185546875
-56.93659973144531
-56.787498474121094
-56.89799880981445
-56.746299743652344
-56.855499267578125
-56.70180130004883
-56.808998107910156
-56.65299987792969
-56.758201599121094
-56.59989929199219
-56.703399658203125
-56.545501708984375
-56.650001525878906
-56.49250030517578
-56.59560012817383
-56.43600082397461
-56.53770065307617
-56.37580108642578
-56.475399017333984
-56.3109016418457
-56.409000396728516
-56.24330139160156
-56.340599060058594
-56.17300033569336
-56.2681999206543
-56.09870147705078
-56.19279861450195
-56.022300720214844
-56.11470031738281
-55.942501068115234
-56.03300094604492
-56.44240188598633
-56.582801818847656
-56.477298736572266
-56.6172981262207
-56.51089859008789
-56.649600982666016
-56.541900634765625
-56.6797981262207
-56.5703010559082
-56.707000732421875
-56.59669876098633
-56.7328987121582
-56.621299743652344
-56.75630187988281
-56.64289855957031
-56.7765007019043
-56.66109848022461
-56.79359817504883
-56.67620086669922
-56.80670166015625
-56.686500549316406
-56.81549835205078
-56.69329833984375
-56.8213005065918
-56.69710159301758
-56.824501037597656
-56.698299407958984
-56.82429885864258
-56.695499420166016
-56.8202018737793
-56.6890983581543
-56.8125
-56.680599212646484
-56.80419921875
-56.67150115966797
-56.7942008972168
-56.659400939941406
-56.78110122680664
-56.644500732421875
-56.76449966430664
-56.62480163574219
-56.74250030517578
-56.600799560546875
-56.718101501464844
-56.57460021972656
-56.689998626708984
-56.543701171875
-56.657100677490234
-56.51259994506836
-56.627899169921875
-56.48379898071289
-56.597801208496094
-56.45180130004883
-56.56460189819336
-56.41590118408203
-56.5265998840332
-56.3755989074707
-56.48469924926758
-56.3317985534668
-56.43960189819336
-56.284000396728516
-56.390201568603516
-56.2322998046875
-56.33679962158203
-56.1786994934082
-56.28390121459961
-56.12649917602539
-56.23059844970703
-56.070899963378906
-56.17319869995117
-56.01089859008789
-56.11180114746094
-55.947898864746094
-56.047401428222656
-55.881900787353516
-55.979698181152344
-56.19729995727539
-56.092899322509766
-56.232601165771484
-56.12699890136719
-56.26530075073242
-56.15850067138672
-56.2963981628418
-56.18830108642578
-56.32440185546875
-56.214698791503906
-56.35029983520508
-56.24020004272461
-56.375
-56.262901306152344
-56.39590072631836
-56.281700134277344
-56.413299560546875
-56.29719924926758
-56.4276008605957
-56.30889892578125
-56.43730163574219
-56.316001892089844
-56.44300079345703
-56.31990051269531
-56.44599914550781
-56.320701599121094
-56.44559860229492
-56.317901611328125
-56.44179916381836
-56.31159973144531
-56.434200286865234
-56.3036003112793
-56.42649841308594
-56.2947998046875
-56.416099548339844
-56.28260040283203
-56.4031982421875
-56.267601013183594
-56.38719940185547
-56.2489013671875
-56.36650085449219
-56.22520065307617
-56.341800689697266
-56.19879913330078
-56.31439971923828
-56.16939926147461
-56.28340148925781
-56.138999938964844
-56.254798889160156
-56.11149978637695
-56.22529983520508
-56.07929992675781
-56.191898345947266
-56.04460144042969
-56.15589904785156
-56.00559997558594
-56.114601135253906
-55.96179962158203
-56.069801330566406
-55.91469955444336
-56.02109909057617
-55.86429977416992
-55.969398498535156
-55.81209945678711
-55.916900634765625
-55.7599983215332
-55.86439895629883
-55.7052001953125
-55.80759811401367
-55.71149826049805
-55.85020065307617
-55.74620056152344
-55.883399963378906
-55.777801513671875
-55.91460037231445
-55.80839920043945
-55.94430160522461
-55.836299896240234
-55.97060012817383
-55.861698150634766
-55.995601654052734
-55.8849983215332
-56.01750183105469
-55.90449905395508
-56.035701751708984
-55.9202995300293
-56.05009841918945
-55.932899475097656
-56.06119918823242
-55.94139862060547
-56.06779861450195
-55.945499420166016
-56.07059860229492
-55.94620132446289
-56.0703010559082
-55.94380187988281
-56.06660079956055
-55.9379997253418
-56.059200286865234
-55.9297981262207
-56.05160140991211
-55.92110061645508
-56.04130172729492
-55.909000396728516
-56.02899932861328
-55.894901275634766
-56.012901306152344
-55.87580108642578
-55.9922981262207
-55.852699279785156
-55.968101501464844
-55.82630157470703
-55.940399169921875
-55.79650115966797
-55.90999984741211
-55.7666015625
-55.88159942626953
-55.73899841308594
-55.85309982299805
-55.708499908447266
-55.820899963378906
-55.67399978637695
-55.785099029541016
-55.63560104370117
-55.74480056762695
-55.59230041503906
-55.70029830932617
-55.546199798583984
-55.65250015258789
-55.47050094604492
-55.367698669433594
-55.50469970703125
-55.40039825439453
-55.53630065917969
-55.43090057373047
-55.56629943847656
-55.459598541259766
-55.59379959106445
-55.485198974609375
-55.61880111694336
-55.5088005065918
-55.64099884033203
-55.528900146484375
-55.6599006652832
-55.54570007324219
-55.67490005493164
-55.55860137939453
-55.68669891357422
-55.568599700927734
-55.69499969482422
-55.57429885864258
-55.69839859008789
-55.57569885253906
-55.698299407958984
-55.57350158691406
-55.69499969482422
-55.56740188598633
-55.68769836425781
-55.55910110473633
-55.68000030517578
-55.550498962402344
-55.6697998046875
-55.53810119628906
-55.657100677490234
-55.523799896240234
-55.6416015625
-55.50490188598633
-55.62110137939453
-55.481998443603516
-55.5973014831543
-55.456199645996094
-55.569698333740234
-55.426300048828125
-55.53900146484375
-55.39630126953125
-55.510501861572266
-55.36830139160156
-55.4818000793457
-55.33789825439453
-55.45050048828125
-55.304298400878906
-55.41529846191406
-54.99079895019531
-55.12799835205078
-55.02470016479492
-55.160099029541016
-55.05590057373047
-55.190799713134766
-55.085201263427734
-55.21870040893555
-55.11159896850586
-55.24399948120117
-55.13529968261719
-55.2666015625
-55.15589904785156
-55.2859992980957
-55.17369842529297
-55.3025016784668
-55.1879997253418
-55.31489944458008
-55.198299407958984
-55.32389831542969
-55.204498291015625
-55.32849884033203
-55.20690155029297
-55.33000183105469
-55.2056999206543
-55.32659912109375
-55.199798583984375
-55.31919860839844
-55.19160079956055
-55.31119918823242
-55.18299865722656
-55.30139923095703
-55.170501708984375
-55.287899017333984
-55.15489959716797
-55.27180099487305
-55.13650131225586
-55.251800537109375
-55.11410140991211
-55.22819900512695
-55.088401794433594
-55.20119857788086
-55.05870056152344
-55.1702995300293
-55.02859878540039
-55.141998291015625
-54.752498626708984
-54.650699615478516
-54.78580093383789
-54.682098388671875
-54.81669998168945
-54.71220016479492
-54.84579849243164
-54.739498138427734
-54.87179946899414
-54.763999938964844
-54.89509963989258
-54.78559875488281
-54.91510009765625
-54.8036994934082
-54.93220138549805
-54.819000244140625
-54.94599914550781
-54.829898834228516
-54.955299377441406
-54.837100982666016
-54.96070098876953
-54.84040069580078
-54.96260070800781
-54.839900970458984
-54.959999084472656
-54.834598541259766
-54.95349884033203
-54.827301025390625
-54.945899963378906
-54.818599700927734
-54.936100006103516
-54.80630111694336
-54.922298431396484
-54.79010009765625
-54.90530014038086
-54.770999908447266
-54.88529968261719
-54.749000549316406
-54.86249923706055
-54.280601501464844
-54.414100646972656
-54.312801361083984
-54.445701599121094
-54.343101501464844
-54.474998474121094
-54.37110137939453
-54.50199890136719
-54.39630126953125
-54.5260009765625
-54.41809844970703
-54.54669952392578
-54.4364013671875
-54.56399917602539
-54.451499938964844
-54.57809829711914
-54.462799072265625
-54.58760070800781
-54.46989822387695
-54.59410095214844
-54.47370147705078
-54.596500396728516
-54.472999572753906
-54.59429931640625
-54.46770095825195
-54.58789825439453
-54.460201263427734
-54.58060073852539
-54.451698303222656
-54.570899963378906
-54.43960189819336
-54.55739974975586
-54.04690170288086
-53.94649887084961
-54.07889938354492
-53.97700119018555
-54.1083984375
-54.00529861450195
-54.13610076904297
-54.03099822998047
-54.16019821166992
-54.05289840698242
-54.180999755859375
-54.0713996887207
-54.19820022583008
-54.08599853515625
-54.21179962158203
-54.0973014831543
-54.22169876098633
-54.10409927368164
-54.22740173339844
-54.107398986816406
-54.22949981689453
-54.1068000793457
-54.227500915527344
-53.58259963989258
-53.7140998840332
-53.61320114135742
-53.74369812011719
-53.641300201416016
-53.77149963378906
-53.667598724365234
-53.79629898071289
-53.68949890136719
-53.816898345947266
-53.707801818847656
-53.83409881591797
-53.722599029541016
-53.847599029541016
-53.73310089111328
-53.85689926147461
-53.35100173950195
-53.250301361083984
-53.38100051879883
-53.27909851074219
-53.409000396728516
-53.30590057373047
-53.43439865112305
-53.32849884033203
-53.454898834228516
-53.346500396728516
-53.47209930419922
-52.88930130004883
-53.019100189208984
-52.918399810791016
-53.047698974609375
