# vtk DataFile Version 3.0
SHAPE_sfm_50k_v20200323
ASCII
DATASET POLYDATA
POINTS 3190 float
0.33981 0.00689 -0.20139
0.33839 0.00698 -0.20311
0.33961 0.00918 -0.20197
0.33818 0.00926 -0.20369
0.33695 0.00708 -0.20482
0.33674 0.00934 -0.2054
0.33552 0.00717 -0.20652
0.33531 0.00943 -0.20711
0.33408 0.00726 -0.20822
0.33388 0.00952 -0.20883
0.33266 0.00736 -0.20993
0.33246 0.0096 -0.21055
0.33937 0.01147 -0.20252
0.33794 0.01154 -0.20425
0.33652 0.01162 -0.20597
0.3351 0.01169 -0.20769
0.33368 0.01177 -0.20943
0.33227 0.01184 -0.21117
0.33104 0.00968 -0.21227
0.33086 0.01191 -0.2129
0.32963 0.00976 -0.21399
0.32943 0.01199 -0.21462
0.32817 0.00982 -0.21577
0.32797 0.01204 -0.21639
0.32671 0.00989 -0.21754
0.3265 0.0121 -0.21817
0.32528 0.00995 -0.21933
0.32505 0.01215 -0.21995
0.32386 0.01001 -0.22113
0.32362 0.0122 -0.22175
0.34049 0.0137 -0.20129
0.33908 0.01376 -0.20303
0.33767 0.01383 -0.20478
0.33627 0.01389 -0.20652
0.33487 0.01396 -0.20826
0.33347 0.01402 -0.21002
0.33206 0.01409 -0.21177
0.33065 0.01415 -0.21351
0.32922 0.01422 -0.21524
0.32775 0.01426 -0.21701
0.32627 0.01431 -0.21878
0.32481 0.01435 -0.22056
0.32336 0.0144 -0.22235
0.32219 0.01225 -0.22355
0.32191 0.01444 -0.22415
0.32076 0.0123 -0.22536
0.32045 0.01449 -0.22594
0.31933 0.01236 -0.22716
0.319 0.01453 -0.22772
0.3179 0.01241 -0.22896
0.31753 0.01458 -0.22949
0.31641 0.01249 -0.23079
0.316 0.01465 -0.2313
0.34014 0.01596 -0.20175
0.33875 0.01602 -0.20352
0.33736 0.01607 -0.20528
0.33598 0.01613 -0.20705
0.3346 0.01618 -0.20882
0.33321 0.01623 -0.21059
0.33181 0.01629 -0.21235
0.33039 0.01634 -0.21409
0.32896 0.0164 -0.21583
0.32749 0.01644 -0.2176
0.32602 0.01648 -0.21938
0.32455 0.01652 -0.22116
0.32308 0.01655 -0.22294
0.32161 0.01659 -0.22472
0.32013 0.01663 -0.2265
0.31864 0.01667 -0.22826
0.31713 0.01671 -0.23001
0.31556 0.01678 -0.23177
0.31444 0.01472 -0.23307
0.31395 0.01684 -0.2335
0.31284 0.01479 -0.23481
0.31229 0.01691 -0.23518
0.31119 0.01486 -0.23651
0.31059 0.01697 -0.23682
0.30949 0.01493 -0.23815
0.30885 0.01702 -0.23842
0.30775 0.01499 -0.23976
0.30706 0.01707 -0.23997
0.30597 0.01503 -0.24132
0.30524 0.01711 -0.24148
0.30415 0.01507 -0.24284
0.30338 0.01714 -0.24297
0.34112 0.01818 -0.20044
0.33976 0.01823 -0.20219
0.33839 0.01827 -0.20398
0.33703 0.01832 -0.20577
0.33567 0.01836 -0.20756
0.3343 0.0184 -0.20935
0.33292 0.01844 -0.21113
0.33152 0.01849 -0.2129
0.33011 0.01853 -0.21465
0.32868 0.01858 -0.2164
0.32721 0.01861 -0.21818
0.32574 0.01865 -0.21995
0.32426 0.01868 -0.22174
0.32278 0.01871 -0.22352
0.32129 0.01874 -0.22529
0.31979 0.01877 -0.22704
0.31826 0.0188 -0.22878
0.31671 0.01884 -0.2305
0.31509 0.0189 -0.23221
0.31342 0.01896 -0.23388
0.31172 0.01902 -0.23551
0.30996 0.01906 -0.2371
0.30817 0.01911 -0.23864
0.30635 0.01915 -0.24015
0.30448 0.01918 -0.24163
0.3026 0.01921 -0.24307
0.34071 0.02045 -0.20085
0.33937 0.0205 -0.20261
0.33802 0.02053 -0.20442
0.33668 0.02056 -0.20624
0.33533 0.02059 -0.20806
0.33398 0.02062 -0.20986
0.3326 0.02066 -0.21165
0.33121 0.02069 -0.21343
0.3298 0.02073 -0.21519
0.32837 0.02076 -0.21695
0.32691 0.02079 -0.21874
0.32543 0.02082 -0.22052
0.32395 0.02084 -0.2223
0.32246 0.02087 -0.22408
0.32095 0.02089 -0.22583
0.31942 0.02091 -0.22757
0.31786 0.02094 -0.22928
0.31626 0.02097 -0.23095
0.31459 0.02102 -0.23262
0.31287 0.02107 -0.23424
0.31111 0.02112 -0.23582
0.30931 0.02116 -0.23735
0.30747 0.0212 -0.23885
0.30561 0.02123 -0.24032
0.30372 0.02125 -0.24176
0.30181 0.02127 -0.24317
0.34166 0.0227 -0.1995
0.3403 0.02273 -0.20126
0.33897 0.02276 -0.20304
0.33764 0.02278 -0.20487
0.33631 0.02281 -0.20671
0.33498 0.02283 -0.20854
0.33363 0.02285 -0.21035
0.33226 0.02287 -0.21215
0.33087 0.0229 -0.21394
0.32947 0.02292 -0.21572
0.32806 0.02295 -0.21748
0.32659 0.02297 -0.21929
0.32512 0.02299 -0.22107
0.32363 0.02301 -0.22285
0.32212 0.02303 -0.22462
0.3206 0.02304 -0.22636
0.31904 0.02306 -0.22808
0.31744 0.02307 -0.22975
0.31579 0.02309 -0.23139
0.31407 0.02314 -0.23301
0.3123 0.02318 -0.23458
0.31049 0.02322 -0.23611
0.30864 0.02325 -0.23759
0.30677 0.02328 -0.23905
0.30487 0.02331 -0.24048
0.30296 0.02332 -0.24188
0.30102 0.02333 -0.24327
0.34126 0.02498 -0.19991
0.33991 0.02501 -0.20168
0.33858 0.02503 -0.20347
0.33726 0.02504 -0.20531
0.33594 0.02506 -0.20716
0.33461 0.02507 -0.209
0.33327 0.02507 -0.21083
0.33191 0.02509 -0.21264
0.33054 0.0251 -0.21445
0.32915 0.02512 -0.21624
0.32774 0.02513 -0.21802
0.32628 0.02515 -0.21982
0.32479 0.02516 -0.22162
0.3233 0.02517 -0.22339
0.32177 0.02518 -0.22515
0.32022 0.02519 -0.22687
0.31862 0.0252 -0.22856
0.31699 0.02521 -0.23021
0.3153 0.02521 -0.2318
0.31353 0.02525 -0.23337
0.31171 0.02529 -0.2349
0.30986 0.02532 -0.23638
0.30797 0.02534 -0.23782
0.30606 0.02536 -0.23924
0.30413 0.02538 -0.24064
0.30219 0.02539 -0.24202
0.30023 0.02539 -0.24337
0.34229 0.02726 -0.1986
0.34089 0.02727 -0.20034
0.33953 0.02728 -0.20211
0.33821 0.0273 -0.20391
0.33688 0.0273 -0.20575
0.33556 0.0273 -0.2076
0.33423 0.0273 -0.20946
0.3329 0.0273 -0.2113
0.33156 0.0273 -0.21313
0.3302 0.02731 -0.21495
0.32882 0.02731 -0.21676
0.32742 0.02732 -0.21855
0.32595 0.02732 -0.22036
0.32446 0.02733 -0.22215
0.32295 0.02733 -0.22392
0.3214 0.02734 -0.22566
0.31981 0.02734 -0.22736
0.31818 0.02734 -0.22902
0.31651 0.02734 -0.23063
0.31478 0.02733 -0.23219
0.31297 0.02736 -0.23372
0.31111 0.02739 -0.2352
0.30921 0.02741 -0.23664
0.3073 0.02743 -0.23804
0.30535 0.02745 -0.23943
0.30339 0.02745 -0.2408
0.30142 0.02746 -0.24215
0.29944 0.02745 -0.24347
0.34196 0.02954 -0.19906
0.34055 0.02955 -0.2008
0.33918 0.02956 -0.20256
0.33784 0.02956 -0.20436
0.3365 0.02956 -0.2062
0.33517 0.02955 -0.20805
0.33385 0.02954 -0.20991
0.33252 0.02953 -0.21176
0.33119 0.02953 -0.21361
0.32985 0.02952 -0.21545
0.32849 0.02951 -0.21727
0.32709 0.0295 -0.21907
0.32562 0.0295 -0.22089
0.32412 0.0295 -0.22267
0.32258 0.0295 -0.22443
0.32101 0.0295 -0.22615
0.31939 0.02949 -0.22783
0.31773 0.02948 -0.22946
0.31601 0.02947 -0.23104
0.31424 0.02945 -0.23255
0.31239 0.02948 -0.23405
0.31049 0.0295 -0.23549
0.30856 0.02951 -0.23689
0.30662 0.02952 -0.23826
0.30464 0.02953 -0.23962
0.30265 0.02953 -0.24095
0.30065 0.02952 -0.24226
0.29864 0.02952 -0.24356
0.34313 0.03182 -0.19784
0.34166 0.03183 -0.19954
0.34023 0.03183 -0.20128
0.33884 0.03183 -0.20303
0.33748 0.03183 -0.20482
0.33612 0.03181 -0.20665
0.33478 0.0318 -0.20849
0.33346 0.03178 -0.21035
0.33214 0.03176 -0.21222
0.33083 0.03175 -0.21409
0.3295 0.03173 -0.21594
0.32814 0.03171 -0.21778
0.32675 0.03169 -0.21958
0.32527 0.03168 -0.2214
0.32375 0.03168 -0.22318
0.32219 0.03167 -0.22492
0.32059 0.03166 -0.22662
0.31895 0.03164 -0.22828
0.31724 0.03162 -0.22988
0.31549 0.0316 -0.23142
0.31368 0.03157 -0.2329
0.31179 0.03159 -0.23435
0.30986 0.0316 -0.23576
0.3079 0.03161 -0.23713
0.30593 0.03161 -0.23847
0.30392 0.03161 -0.23979
0.3019 0.0316 -0.24109
0.29987 0.03159 -0.24237
0.29782 0.03157 -0.24363
0.34287 0.03407 -0.19837
0.34139 0.03406 -0.20006
0.33994 0.03406 -0.20178
0.33853 0.03405 -0.20353
0.33714 0.03404 -0.20529
0.33576 0.03402 -0.20711
0.33441 0.03399 -0.20895
0.33307 0.03396 -0.21081
0.33175 0.03393 -0.21268
0.33044 0.03391 -0.21456
0.32912 0.03389 -0.21643
0.32777 0.03387 -0.21827
0.32637 0.03384 -0.22008
0.32488 0.03383 -0.22189
0.32335 0.03382 -0.22366
0.32177 0.0338 -0.22539
0.32014 0.03378 -0.22708
0.31846 0.03375 -0.22871
0.31673 0.03373 -0.23028
0.31494 0.03369 -0.23179
0.3131 0.03365 -0.23324
0.31118 0.03365 -0.23465
0.30922 0.03365 -0.23603
0.30724 0.03364 -0.23736
0.30523 0.03363 -0.23866
0.3032 0.03362 -0.23995
0.30115 0.03359 -0.24122
0.2991 0.03357 -0.24246
0.29703 0.03354 -0.24369
0.34417 0.03633 -0.19726
0.34265 0.03631 -0.19892
0.34115 0.0363 -0.2006
0.33968 0.03628 -0.20231
0.33824 0.03627 -0.20404
0.33683 0.03625 -0.20579
0.33542 0.03622 -0.2076
0.33405 0.03618 -0.20943
0.3327 0.03614 -0.21128
0.33137 0.03611 -0.21314
0.33005 0.03608 -0.21502
0.32872 0.03605 -0.21689
0.32736 0.03602 -0.21874
0.32597 0.03599 -0.22055
0.32447 0.03597 -0.22236
0.32292 0.03595 -0.22413
0.32133 0.03593 -0.22585
0.31968 0.0359 -0.22752
0.31797 0.03587 -0.22913
0.3162 0.03583 -0.23067
0.31438 0.03578 -0.23215
0.31251 0.03573 -0.23356
0.31056 0.03572 -0.23494
0.30857 0.0357 -0.23628
0.30656 0.03568 -0.23758
0.30453 0.03565 -0.23885
0.30247 0.03562 -0.2401
0.3004 0.03558 -0.24134
0.29832 0.03554 -0.24255
0.29623 0.03549 -0.24375
0.34397 0.03857 -0.19783
0.34243 0.03855 -0.19949
0.34092 0.03853 -0.20116
0.33943 0.03851 -0.20285
0.33796 0.03848 -0.20457
0.33653 0.03846 -0.2063
0.33509 0.03841 -0.20809
0.3337 0.03837 -0.20991
0.33233 0.03833 -0.21175
0.33099 0.03829 -0.21361
0.32965 0.03825 -0.21548
0.32831 0.03821 -0.21735
0.32694 0.03818 -0.21919
0.32553 0.03814 -0.221
0.32402 0.03811 -0.22281
0.32246 0.03809 -0.22457
0.32085 0.03806 -0.22628
0.31918 0.03802 -0.22793
0.31745 0.03798 -0.22952
0.31566 0.03793 -0.23103
0.31381 0.03787 -0.23248
0.31191 0.03781 -0.23387
0.30993 0.03778 -0.23522
0.30792 0.03775 -0.23653
0.30588 0.03772 -0.23779
0.30382 0.03768 -0.23903
0.30174 0.03763 -0.24025
0.29965 0.03757 -0.24145
0.29754 0.03752 -0.24263
0.29543 0.03745 -0.24379
0.34532 0.04085 -0.19675
0.34377 0.04082 -0.19841
0.34222 0.04079 -0.20006
0.34069 0.04076 -0.20172
0.33918 0.04073 -0.2034
0.33769 0.0407 -0.2051
0.33623 0.04066 -0.20682
0.33478 0.04061 -0.2086
0.33336 0.04056 -0.21041
0.33197 0.04051 -0.21223
0.33061 0.04046 -0.21408
0.32925 0.04042 -0.21594
0.32788 0.04037 -0.21779
0.32649 0.04033 -0.21962
0.32506 0.04028 -0.22142
0.32355 0.04026 -0.22322
0.32198 0.04022 -0.22498
0.32035 0.04019 -0.22668
0.31866 0.04014 -0.22832
0.31691 0.04009 -0.22989
0.31509 0.04003 -0.23138
0.31322 0.03996 -0.2328
0.3113 0.03988 -0.23416
0.3093 0.03985 -0.23549
0.30726 0.0398 -0.23677
0.3052 0.03976 -0.23801
0.30311 0.0397 -0.23921
0.30101 0.03963 -0.2404
0.29889 0.03956 -0.24156
0.29676 0.03949 -0.24271
0.29462 0.03941 -0.24384
0.34511 0.04311 -0.19731
0.34356 0.04307 -0.19896
0.34201 0.04303 -0.20062
0.34047 0.04299 -0.20228
0.33894 0.04295 -0.20395
0.33743 0.04291 -0.20564
0.33595 0.04287 -0.20735
0.33447 0.04281 -0.20911
0.33303 0.04274 -0.21089
0.33162 0.04269 -0.2127
0.33023 0.04263 -0.21453
0.32883 0.04258 -0.21636
0.32744 0.04253 -0.21819
0.32602 0.04248 -0.22
0.32458 0.04242 -0.22179
0.32305 0.04239 -0.22359
0.32146 0.04236 -0.22535
0.31982 0.04232 -0.22704
0.31811 0.04226 -0.22867
0.31634 0.0422 -0.23022
0.3145 0.04213 -0.2317
0.31261 0.04204 -0.2331
0.31066 0.04195 -0.23444
0.30864 0.0419 -0.23574
0.30658 0.04185 -0.23699
0.3045 0.04178 -0.2382
0.30239 0.04172 -0.23938
0.30026 0.04164 -0.24054
0.29812 0.04155 -0.24167
0.29597 0.04147 -0.24278
0.29381 0.04138 -0.24388
0.34486 0.04538 -0.19783
0.34332 0.04533 -0.1995
0.34177 0.04528 -0.20116
0.34023 0.04522 -0.20282
0.33869 0.04517 -0.20449
0.33717 0.04512 -0.20618
0.33566 0.04507 -0.20788
0.33416 0.045 -0.20962
0.3327 0.04493 -0.21138
0.33125 0.04487 -0.21316
0.32982 0.0448 -0.21495
0.32838 0.04474 -0.21675
0.32695 0.04468 -0.21855
0.3255 0.04462 -0.22034
0.32404 0.04456 -0.22212
0.3225 0.04453 -0.22392
0.3209 0.04449 -0.22567
0.31924 0.04444 -0.22736
0.31752 0.04438 -0.22898
0.31573 0.0443 -0.23052
0.31387 0.04422 -0.23198
0.31196 0.04412 -0.23336
0.31 0.04402 -0.23468
0.30796 0.04395 -0.23596
0.30588 0.04388 -0.23719
0.30378 0.04381 -0.23837
0.30166 0.04372 -0.23953
0.29951 0.04364 -0.24066
0.29735 0.04354 -0.24176
0.29518 0.04344 -0.24285
0.29301 0.04334 -0.24392
0.34609 0.0477 -0.19662
0.34457 0.04764 -0.19832
0.34304 0.04758 -0.2
0.34151 0.04752 -0.20168
0.33997 0.04746 -0.20335
0.33843 0.04739 -0.20502
0.33689 0.04733 -0.2067
0.33537 0.04727 -0.20839
0.33384 0.0472 -0.21011
0.33234 0.04712 -0.21185
0.33085 0.04704 -0.2136
0.32936 0.04697 -0.21535
0.32788 0.0469 -0.2171
0.3264 0.04683 -0.21886
0.32493 0.04676 -0.22063
0.32344 0.04669 -0.22239
0.32188 0.04665 -0.22418
0.32027 0.04661 -0.22592
0.31861 0.04655 -0.22761
0.31687 0.04648 -0.22922
0.31507 0.0464 -0.23075
0.31321 0.0463 -0.2322
0.31128 0.04619 -0.23357
0.3093 0.04607 -0.23486
0.30724 0.046 -0.23613
0.30515 0.04592 -0.23733
0.30303 0.04583 -0.23851
0.3009 0.04573 -0.23964
0.29874 0.04563 -0.24075
0.29657 0.04553 -0.24184
0.29439 0.04542 -0.24291
0.2922 0.04531 -0.24397
0.34575 0.04998 -0.19706
0.34425 0.04991 -0.19878
0.34273 0.04984 -0.20048
0.34121 0.04977 -0.20217
0.33967 0.04969 -0.20385
0.33813 0.04962 -0.20553
0.33658 0.04955 -0.2072
0.33504 0.04948 -0.20888
0.33349 0.0494 -0.21059
0.33194 0.04931 -0.21229
0.3304 0.04922 -0.214
0.32886 0.04913 -0.2157
0.32733 0.04905 -0.21741
0.32581 0.04897 -0.21913
0.32429 0.04889 -0.22086
0.32278 0.04881 -0.2226
0.3212 0.04876 -0.22437
0.31958 0.04871 -0.22611
0.31791 0.04865 -0.22779
0.31617 0.04856 -0.2294
0.31436 0.04848 -0.23092
0.31248 0.04838 -0.23235
0.31054 0.04825 -0.2337
0.30856 0.04811 -0.23498
0.30648 0.04803 -0.23622
0.30438 0.04794 -0.23742
0.30226 0.04784 -0.23859
0.30012 0.04774 -0.23971
0.29795 0.04762 -0.24082
0.29577 0.0475 -0.24191
0.29359 0.04739 -0.24297
0.29139 0.04727 -0.24402
0.34686 0.0523 -0.19576
0.34538 0.05222 -0.1975
0.34388 0.05214 -0.19923
0.34238 0.05206 -0.20095
0.34085 0.05198 -0.20265
0.33932 0.0519 -0.20434
0.33777 0.05181 -0.20601
0.33622 0.05173 -0.20769
0.33466 0.05166 -0.20936
0.33308 0.05156 -0.21104
0.33149 0.05146 -0.21271
0.3299 0.05136 -0.21437
0.32831 0.05126 -0.21603
0.32673 0.05117 -0.2177
0.32516 0.05108 -0.21938
0.32361 0.05099 -0.22108
0.32207 0.0509 -0.2228
0.32046 0.05084 -0.22455
0.31882 0.05078 -0.22627
0.31713 0.05071 -0.22793
0.31538 0.05061 -0.22952
0.31355 0.05052 -0.23103
0.31166 0.0504 -0.23244
0.30971 0.05026 -0.23378
0.30772 0.0501 -0.23505
0.30564 0.05 -0.23629
0.30355 0.04989 -0.23748
0.30143 0.04978 -0.23865
0.29929 0.04966 -0.23978
0.29713 0.04953 -0.24089
0.29496 0.0494 -0.24197
0.29278 0.04927 -0.24303
0.29059 0.04913 -0.24408
0.3465 0.05455 -0.19621
0.34501 0.05446 -0.19795
0.34351 0.05437 -0.19968
0.342 0.05428 -0.2014
0.34047 0.05419 -0.2031
0.33894 0.0541 -0.20479
0.33738 0.05401 -0.20647
0.33582 0.05392 -0.20814
0.33424 0.05383 -0.2098
0.33262 0.05372 -0.21145
0.331 0.05361 -0.21309
0.32936 0.0535 -0.21471
0.32772 0.05339 -0.21633
0.3261 0.05329 -0.21796
0.32449 0.05318 -0.21961
0.3229 0.05308 -0.22128
0.32132 0.05299 -0.22296
0.31968 0.05291 -0.22468
0.31802 0.05283 -0.22638
0.3163 0.05275 -0.22801
0.31453 0.05265 -0.22958
0.31269 0.05253 -0.23106
0.31079 0.0524 -0.23246
0.30883 0.05225 -0.2338
0.30684 0.05208 -0.23506
0.30477 0.05197 -0.2363
0.30268 0.05184 -0.2375
0.30057 0.05171 -0.23867
0.29844 0.05158 -0.23981
0.2963 0.05144 -0.24093
0.29414 0.05129 -0.24202
0.29197 0.05115 -0.24309
0.28979 0.05099 -0.24413
0.34762 0.0569 -0.19495
0.34614 0.0568 -0.19666
0.34464 0.0567 -0.19839
0.34312 0.0566 -0.20012
0.3416 0.0565 -0.20183
0.34007 0.0564 -0.20354
0.33853 0.0563 -0.20523
0.33696 0.0562 -0.2069
0.33538 0.0561 -0.20856
0.33376 0.056 -0.21019
0.33211 0.05588 -0.21181
0.33045 0.05576 -0.21341
0.32877 0.05564 -0.215
0.3271 0.05552 -0.21659
0.32544 0.0554 -0.21819
0.3238 0.05528 -0.21981
0.32217 0.05517 -0.22145
0.32055 0.05506 -0.2231
0.31888 0.05498 -0.22478
0.31717 0.05488 -0.22643
0.31543 0.05478 -0.22803
0.31363 0.05465 -0.22956
0.31177 0.05453 -0.23102
0.30987 0.05438 -0.23242
0.30791 0.05422 -0.23374
0.30592 0.05404 -0.23501
0.30386 0.05391 -0.23626
0.30179 0.05378 -0.23747
0.29969 0.05363 -0.23865
0.29758 0.05349 -0.23981
0.29546 0.05333 -0.24095
0.29331 0.05318 -0.24205
0.29115 0.05302 -0.24313
0.28898 0.05285 -0.24417
0.34728 0.05916 -0.19542
0.34578 0.05905 -0.19711
0.34426 0.05894 -0.19883
0.34272 0.05883 -0.20054
0.34119 0.05872 -0.20225
0.33964 0.05861 -0.20395
0.33808 0.0585 -0.20563
0.3365 0.05839 -0.20729
0.33489 0.05828 -0.20893
0.33324 0.05816 -0.21053
0.33156 0.05803 -0.21212
0.32985 0.0579 -0.21369
0.32815 0.05777 -0.21525
0.32644 0.05764 -0.21681
0.32475 0.05751 -0.21839
0.32307 0.05737 -0.21998
0.32141 0.05725 -0.22159
0.31975 0.05713 -0.2232
0.31803 0.05702 -0.22483
0.31629 0.05691 -0.22643
0.31451 0.05679 -0.22799
0.31269 0.05664 -0.22949
0.31082 0.05651 -0.23093
0.30891 0.05635 -0.23231
0.30696 0.05618 -0.23364
0.30498 0.05599 -0.23492
0.30294 0.05585 -0.23618
0.30088 0.05571 -0.23741
0.2988 0.05555 -0.23862
0.29671 0.05539 -0.2398
0.2946 0.05523 -0.24094
0.29247 0.05506 -0.24206
0.29032 0.05488 -0.24315
0.28816 0.0547 -0.2442
0.34844 0.06154 -0.19418
0.34693 0.06142 -0.19587
0.34541 0.0613 -0.19754
0.34386 0.06118 -0.19925
0.34231 0.06106 -0.20095
0.34075 0.06094 -0.20265
0.33919 0.06082 -0.20434
0.33761 0.0607 -0.20601
0.336 0.06058 -0.20765
0.33436 0.06045 -0.20926
0.33268 0.06032 -0.21083
0.33096 0.06018 -0.21239
0.32922 0.06004 -0.21393
0.32749 0.0599 -0.21546
0.32576 0.05975 -0.217
0.32403 0.05961 -0.21855
0.32232 0.05947 -0.22012
0.32061 0.05933 -0.22169
0.31891 0.05919 -0.22325
0.31715 0.05907 -0.22483
0.31537 0.05893 -0.22638
0.31356 0.05879 -0.2279
0.31172 0.05863 -0.22937
0.30984 0.05848 -0.2308
0.30793 0.05831 -0.23218
0.30599 0.05813 -0.23351
0.30402 0.05794 -0.23481
0.30199 0.05779 -0.23608
0.29995 0.05763 -0.23733
0.29789 0.05747 -0.23855
0.29582 0.05729 -0.23975
0.29373 0.05712 -0.24092
0.29162 0.05694 -0.24205
0.28949 0.05675 -0.24315
0.28734 0.05655 -0.24422
0.34808 0.06381 -0.19462
0.34655 0.06368 -0.19629
0.34502 0.06355 -0.19796
0.34345 0.06342 -0.19965
0.34188 0.06329 -0.20135
0.34031 0.06316 -0.20304
0.33872 0.06303 -0.20471
0.33712 0.0629 -0.20637
0.33548 0.06276 -0.20799
0.3338 0.06262 -0.20957
0.33209 0.06248 -0.21111
0.33034 0.06233 -0.21263
0.32858 0.06217 -0.21415
0.32681 0.06202 -0.21566
0.32505 0.06186 -0.21717
0.3233 0.06171 -0.2187
0.32154 0.06155 -0.22022
0.31979 0.0614 -0.22175
0.31804 0.06124 -0.22327
0.31624 0.0611 -0.2248
0.31443 0.06094 -0.2263
0.3126 0.06079 -0.22778
0.31074 0.06062 -0.22923
0.30885 0.06045 -0.23065
0.30693 0.06027 -0.23203
0.305 0.06008 -0.23337
0.30304 0.05989 -0.23468
0.30103 0.05972 -0.23596
0.29901 0.05955 -0.23723
0.29697 0.05938 -0.23847
0.29492 0.05919 -0.23969
0.29284 0.05901 -0.24087
0.29075 0.05882 -0.24202
0.28864 0.05861 -0.24314
0.28652 0.0584 -0.24423
0.34918 0.06622 -0.19331
0.34766 0.06608 -0.195
0.34612 0.06594 -0.19667
0.34458 0.0658 -0.19834
0.34301 0.06566 -0.20003
0.34143 0.06552 -0.20172
0.33984 0.06538 -0.20341
0.33824 0.06524 -0.20508
0.33661 0.0651 -0.20671
0.33495 0.06495 -0.20831
0.33324 0.0648 -0.20986
0.33149 0.06464 -0.21138
0.32972 0.06447 -0.21288
0.32793 0.06431 -0.21436
0.32613 0.06414 -0.21585
0.32434 0.06397 -0.21733
0.32255 0.0638 -0.21882
0.32076 0.06363 -0.2203
0.31896 0.06346 -0.22178
0.31716 0.06329 -0.22326
0.31532 0.06312 -0.22474
0.31348 0.06295 -0.22621
0.31162 0.06278 -0.22766
0.30975 0.06259 -0.22909
0.30786 0.06241 -0.23049
0.30594 0.06223 -0.23187
0.30401 0.06203 -0.23322
0.30206 0.06182 -0.23454
0.30007 0.06165 -0.23585
0.29807 0.06147 -0.23713
0.29605 0.06129 -0.23839
0.29401 0.06109 -0.23962
0.29196 0.06089 -0.24082
0.28988 0.06068 -0.24198
0.28779 0.06047 -0.24312
0.28569 0.06025 -0.24424
0.34869 0.06849 -0.19363
0.34717 0.06834 -0.19531
0.34563 0.06819 -0.197
0.3441 0.06804 -0.19867
0.34252 0.0679 -0.20038
0.34094 0.06775 -0.20207
0.33935 0.0676 -0.20375
0.33774 0.06745 -0.20541
0.33609 0.0673 -0.20704
0.3344 0.06713 -0.20862
0.33267 0.06697 -0.21015
0.3309 0.06679 -0.21164
0.32909 0.06662 -0.21312
0.32728 0.06644 -0.21458
0.32545 0.06626 -0.21604
0.32363 0.06607 -0.21749
0.3218 0.06589 -0.21893
0.31996 0.0657 -0.22037
0.31811 0.06551 -0.2218
0.31627 0.06533 -0.22323
0.3144 0.06514 -0.22467
0.31253 0.06496 -0.22611
0.31065 0.06477 -0.22753
0.30877 0.06457 -0.22895
0.30687 0.06438 -0.23035
0.30496 0.06419 -0.23173
0.30303 0.06398 -0.23309
0.3011 0.06377 -0.23443
0.29912 0.06358 -0.23575
0.29713 0.06339 -0.23705
0.29513 0.0632 -0.23832
0.29311 0.06299 -0.23956
0.29107 0.06278 -0.24077
0.28902 0.06255 -0.24195
0.28694 0.06233 -0.24311
0.28486 0.0621 -0.24425
0.34965 0.07088 -0.19224
0.34812 0.07072 -0.19393
0.34659 0.07056 -0.19562
0.34506 0.07041 -0.19731
0.34352 0.07025 -0.199
0.34195 0.0701 -0.20071
0.34037 0.06994 -0.20241
0.33877 0.06978 -0.20408
0.33715 0.06961 -0.20573
0.33548 0.06944 -0.20735
0.33378 0.06927 -0.20892
0.33203 0.06909 -0.21045
0.33024 0.06891 -0.21192
0.32842 0.06872 -0.21338
0.32658 0.06852 -0.21482
0.32473 0.06832 -0.21625
0.32287 0.06812 -0.21766
0.32101 0.06792 -0.21907
0.31913 0.06771 -0.22046
0.31725 0.0675 -0.22185
0.31537 0.0673 -0.22324
0.31348 0.06709 -0.22464
0.31159 0.06688 -0.22604
0.30971 0.06667 -0.22744
0.30782 0.06646 -0.22884
0.30592 0.06626 -0.23024
0.30402 0.06605 -0.23162
0.3021 0.06583 -0.23299
0.30018 0.06562 -0.23435
0.29822 0.06542 -0.23568
0.29625 0.06522 -0.23699
0.29425 0.06501 -0.23827
0.29224 0.06479 -0.23953
0.29021 0.06457 -0.24075
0.28817 0.06434 -0.24194
0.28612 0.06411 -0.24312
0.28406 0.06387 -0.24428
0.34905 0.07312 -0.19252
0.34752 0.07295 -0.19421
0.34599 0.07278 -0.1959
0.34445 0.07262 -0.19759
0.34291 0.07245 -0.19928
0.34133 0.07228 -0.20098
0.33974 0.07211 -0.20268
0.33812 0.07194 -0.20435
0.33649 0.07175 -0.20599
0.33481 0.07158 -0.2076
0.3331 0.0714 -0.20917
0.33135 0.07121 -0.21069
0.32955 0.07102 -0.21216
0.32772 0.07081 -0.21361
0.32587 0.07059 -0.21503
0.32399 0.07038 -0.21644
0.32211 0.07016 -0.21782
0.32021 0.06994 -0.21918
0.3183 0.06972 -0.22054
0.31639 0.06949 -0.22189
0.31448 0.06927 -0.22325
0.31257 0.06904 -0.22461
0.31067 0.06881 -0.22599
0.30878 0.06859 -0.22737
0.30688 0.06837 -0.22877
0.30499 0.06814 -0.23016
0.30309 0.06792 -0.23155
0.30119 0.0677 -0.23293
0.29928 0.06747 -0.23429
0.29733 0.06726 -0.23564
0.29537 0.06705 -0.23696
0.29339 0.06683 -0.23825
0.29139 0.0666 -0.23951
0.28937 0.06637 -0.24075
0.28734 0.06613 -0.24196
0.2853 0.06589 -0.24315
0.28326 0.06564 -0.24433
0.34846 0.07536 -0.1928
0.34691 0.07518 -0.19448
0.34536 0.075 -0.19616
0.34381 0.07482 -0.19784
0.34225 0.07464 -0.19952
0.34066 0.07446 -0.20121
0.33904 0.07428 -0.20288
0.33742 0.07409 -0.20454
0.33576 0.07389 -0.20618
0.33408 0.07371 -0.20778
0.33237 0.07352 -0.20934
0.33061 0.07332 -0.21087
0.32882 0.07311 -0.21234
0.32698 0.07289 -0.21379
0.32512 0.07267 -0.21521
0.32323 0.07244 -0.21659
0.32132 0.0722 -0.21795
0.31939 0.07197 -0.21928
0.31746 0.07172 -0.22061
0.31553 0.07148 -0.22193
0.3136 0.07124 -0.22326
0.31168 0.07099 -0.22461
0.30977 0.07075 -0.22596
0.30787 0.07051 -0.22734
0.30597 0.07027 -0.22872
0.30408 0.07004 -0.23011
0.30219 0.0698 -0.2315
0.30029 0.06957 -0.23288
0.29839 0.06933 -0.23426
0.29646 0.06911 -0.23562
0.29451 0.06889 -0.23695
0.29254 0.06866 -0.23826
0.29055 0.06842 -0.23953
0.28855 0.06818 -0.24077
0.28653 0.06793 -0.242
0.2845 0.06767 -0.2432
0.28247 0.06741 -0.24439
0.34942 0.07779 -0.1914
0.34786 0.0776 -0.19308
0.3463 0.07741 -0.19475
0.34473 0.07722 -0.19642
0.34315 0.07703 -0.19807
0.34156 0.07683 -0.19972
0.33994 0.07663 -0.20139
0.33831 0.07643 -0.20304
0.33666 0.07623 -0.20469
0.33499 0.07602 -0.20631
0.3333 0.07583 -0.20791
0.33159 0.07562 -0.20947
0.32984 0.07541 -0.21099
0.32805 0.0752 -0.21248
0.32621 0.07497 -0.21393
0.32435 0.07473 -0.21534
0.32244 0.07449 -0.21671
0.32051 0.07424 -0.21806
0.31857 0.07399 -0.21937
0.31662 0.07373 -0.22068
0.31468 0.07347 -0.22198
0.31273 0.07321 -0.2233
0.31081 0.07295 -0.22463
0.30889 0.07269 -0.22597
0.30698 0.07244 -0.22733
0.30508 0.07219 -0.22871
0.3032 0.07194 -0.23009
0.30131 0.07169 -0.23148
0.29942 0.07145 -0.23287
0.29752 0.0712 -0.23426
0.2956 0.07097 -0.23563
0.29367 0.07074 -0.23697
0.29171 0.0705 -0.23829
0.28973 0.07025 -0.23957
0.28774 0.06999 -0.24083
0.28573 0.06973 -0.24206
0.28371 0.06946 -0.24328
0.28168 0.06919 -0.24447
0.34886 0.08005 -0.19171
0.34728 0.07984 -0.19338
0.3457 0.07964 -0.19503
0.3441 0.07943 -0.19668
0.34249 0.07923 -0.19831
0.34087 0.07902 -0.19993
0.33922 0.07881 -0.20157
0.33756 0.07859 -0.20319
0.33589 0.07837 -0.20481
0.3342 0.07815 -0.20642
0.3325 0.07794 -0.208
0.33078 0.07773 -0.20956
0.32903 0.07751 -0.21109
0.32725 0.07728 -0.21258
0.32541 0.07704 -0.21404
0.32354 0.07679 -0.21545
0.32163 0.07654 -0.21681
0.31969 0.07627 -0.21815
0.31774 0.076 -0.21945
0.31579 0.07573 -0.22075
0.31383 0.07546 -0.22204
0.31188 0.07519 -0.22335
0.30995 0.07492 -0.22467
0.30803 0.07464 -0.22601
0.30612 0.07438 -0.22736
0.30422 0.07411 -0.22874
0.30233 0.07385 -0.23012
0.30045 0.07359 -0.23151
0.29857 0.07334 -0.2329
0.29668 0.07308 -0.23429
0.29477 0.07284 -0.23567
0.29284 0.07259 -0.23703
0.29089 0.07234 -0.23835
0.28892 0.07208 -0.23965
0.28694 0.07181 -0.24091
0.28494 0.07153 -0.24214
0.28293 0.07125 -0.24336
0.2809 0.07097 -0.24456
0.34988 0.08251 -0.19036
0.34831 0.0823 -0.19204
0.34672 0.08209 -0.19369
0.34512 0.08187 -0.19533
0.34349 0.08165 -0.19695
0.34185 0.08143 -0.19856
0.3402 0.08121 -0.20015
0.33851 0.08098 -0.20175
0.33682 0.08075 -0.20335
0.33512 0.08052 -0.20494
0.33341 0.08028 -0.20653
0.3317 0.08006 -0.20809
0.32996 0.07983 -0.20963
0.32821 0.0796 -0.21116
0.32642 0.07935 -0.21265
0.32458 0.0791 -0.21411
0.32271 0.07884 -0.21553
0.3208 0.07858 -0.21689
0.31886 0.0783 -0.21822
0.31691 0.07802 -0.21953
0.31495 0.07774 -0.22082
0.31299 0.07746 -0.22212
0.31104 0.07718 -0.22342
0.30911 0.07689 -0.22473
0.30719 0.0766 -0.22607
0.30527 0.07632 -0.22742
0.30337 0.07604 -0.22879
0.30149 0.07577 -0.23018
0.29962 0.0755 -0.23157
0.29774 0.07524 -0.23297
0.29586 0.07497 -0.23436
0.29396 0.07471 -0.23575
0.29204 0.07445 -0.23711
0.2901 0.07418 -0.23844
0.28813 0.07391 -0.23973
0.28615 0.07363 -0.241
0.28416 0.07334 -0.24224
0.28215 0.07305 -0.24345
0.28013 0.07275 -0.24465
0.34937 0.08478 -0.19072
0.34778 0.08456 -0.19238
0.34617 0.08434 -0.19402
0.34454 0.08411 -0.19564
0.34289 0.08387 -0.19724
0.34122 0.08364 -0.19882
0.33953 0.0834 -0.20038
0.33782 0.08316 -0.20196
0.3361 0.08291 -0.20353
0.33437 0.08266 -0.20509
0.33264 0.08241 -0.20664
0.33089 0.08217 -0.20818
0.32914 0.08193 -0.20971
0.32738 0.08168 -0.21122
0.32558 0.08142 -0.21271
0.32374 0.08116 -0.21417
0.32187 0.08089 -0.21558
0.31996 0.08061 -0.21695
0.31802 0.08033 -0.21828
0.31607 0.08004 -0.21959
0.31411 0.07975 -0.22089
0.31216 0.07946 -0.22219
0.3102 0.07916 -0.2235
0.30827 0.07886 -0.22482
0.30635 0.07857 -0.22615
0.30445 0.07827 -0.22751
0.30255 0.07798 -0.22888
0.30067 0.0777 -0.23026
0.2988 0.07742 -0.23166
0.29693 0.07714 -0.23306
0.29506 0.07686 -0.23446
0.29316 0.07659 -0.23585
0.29124 0.07632 -0.23721
0.2893 0.07604 -0.23854
0.28734 0.07575 -0.23984
0.28537 0.07545 -0.2411
0.28338 0.07515 -0.24234
0.28137 0.07484 -0.24355
0.27936 0.07453 -0.24474
0.35045 0.08729 -0.18941
0.34886 0.08705 -0.19107
0.34724 0.08682 -0.19271
0.34561 0.08658 -0.19433
0.34395 0.08634 -0.19592
0.34227 0.08609 -0.1975
0.34058 0.08584 -0.19906
0.33887 0.08559 -0.20061
0.33713 0.08533 -0.20216
0.33538 0.08507 -0.20371
0.33363 0.08481 -0.20524
0.33187 0.08455 -0.20677
0.3301 0.08429 -0.20828
0.32833 0.08403 -0.20979
0.32654 0.08376 -0.21128
0.32473 0.08349 -0.21275
0.32288 0.08322 -0.21419
0.321 0.08293 -0.2156
0.31909 0.08264 -0.21698
0.31717 0.08235 -0.21832
0.31522 0.08205 -0.21965
0.31327 0.08176 -0.22096
0.31132 0.08146 -0.22227
0.30938 0.08116 -0.22359
0.30745 0.08084 -0.22492
0.30553 0.08053 -0.22626
0.30363 0.08023 -0.22761
0.30174 0.07992 -0.22899
0.29987 0.07963 -0.23038
0.298 0.07934 -0.23178
0.29613 0.07905 -0.23318
0.29426 0.07876 -0.23458
0.29237 0.07848 -0.23597
0.29046 0.07819 -0.23733
0.28852 0.07789 -0.23865
0.28656 0.07759 -0.23995
0.28459 0.07728 -0.24121
0.2826 0.07696 -0.24245
0.2806 0.07664 -0.24365
0.27858 0.07631 -0.24483
0.34994 0.08953 -0.1898
0.34831 0.08928 -0.19143
0.34666 0.08903 -0.19304
0.345 0.08878 -0.19463
0.34331 0.08852 -0.19621
0.34161 0.08826 -0.19777
0.3399 0.088 -0.19931
0.33818 0.08774 -0.20084
0.33642 0.08746 -0.20239
0.33466 0.08719 -0.20392
0.33289 0.08691 -0.20543
0.33111 0.08663 -0.20693
0.32931 0.08636 -0.20841
0.32751 0.08608 -0.20988
0.3257 0.08579 -0.21134
0.32387 0.0855 -0.21279
0.32201 0.08521 -0.21422
0.32013 0.08491 -0.21562
0.31823 0.08461 -0.217
0.31631 0.08431 -0.21836
0.31439 0.08401 -0.2197
0.31245 0.0837 -0.22103
0.31052 0.08339 -0.22236
0.30858 0.08308 -0.22369
0.30667 0.08276 -0.22503
0.30476 0.08244 -0.22637
0.30286 0.08212 -0.22773
0.30098 0.08181 -0.22911
0.29911 0.0815 -0.23051
0.29724 0.0812 -0.23191
0.29538 0.0809 -0.23332
0.2935 0.08059 -0.23472
0.29161 0.0803 -0.2361
0.2897 0.08 -0.23746
0.28776 0.07969 -0.23878
0.28581 0.07938 -0.24008
0.28383 0.07905 -0.24133
0.28184 0.07872 -0.24256
0.27983 0.07838 -0.24376
0.27781 0.07804 -0.24494
0.35103 0.09204 -0.18852
0.34939 0.09178 -0.19015
0.34773 0.09151 -0.19176
0.34606 0.09125 -0.19335
0.34436 0.09098 -0.19491
0.34265 0.09071 -0.19647
0.34093 0.09043 -0.19802
0.33921 0.09016 -0.19955
0.33748 0.08988 -0.20107
0.33572 0.0896 -0.2026
0.33394 0.08931 -0.20412
0.33215 0.08902 -0.20562
0.33035 0.08872 -0.20709
0.32853 0.08843 -0.20854
0.3267 0.08813 -0.20998
0.32486 0.08782 -0.21141
0.32301 0.08752 -0.21283
0.32114 0.08721 -0.21425
0.31926 0.0869 -0.21565
0.31737 0.08659 -0.21703
0.31547 0.08628 -0.2184
0.31356 0.08596 -0.21976
0.31164 0.08565 -0.22111
0.30972 0.08533 -0.22246
0.3078 0.08501 -0.22381
0.3059 0.08467 -0.22515
0.304 0.08434 -0.22651
0.30211 0.08402 -0.22788
0.30023 0.0837 -0.22926
0.29836 0.08338 -0.23066
0.2965 0.08307 -0.23207
0.29463 0.08275 -0.23348
0.29276 0.08243 -0.23488
0.29086 0.08212 -0.23626
0.28894 0.08181 -0.2376
0.28701 0.08149 -0.23892
0.28505 0.08116 -0.2402
0.28308 0.08082 -0.24145
0.28108 0.08047 -0.24267
0.27907 0.08012 -0.24387
0.27704 0.07977 -0.24504
0.35048 0.09429 -0.18887
0.34882 0.09402 -0.19048
0.34714 0.09374 -0.19207
0.34544 0.09346 -0.19364
0.34372 0.09318 -0.19518
0.342 0.09289 -0.19672
0.34026 0.0926 -0.19825
0.33852 0.09231 -0.19977
0.33678 0.09203 -0.20129
0.335 0.09173 -0.20281
0.33322 0.09143 -0.20432
0.33141 0.09112 -0.2058
0.32959 0.09081 -0.20725
0.32775 0.09049 -0.20868
0.3259 0.09018 -0.2101
0.32404 0.08985 -0.2115
0.32217 0.08953 -0.2129
0.32029 0.08921 -0.2143
0.31841 0.08888 -0.21569
0.31653 0.08857 -0.21709
0.31464 0.08825 -0.21847
0.31275 0.08792 -0.21985
0.31085 0.0876 -0.22122
0.30895 0.08727 -0.22258
0.30705 0.08694 -0.22395
0.30515 0.0866 -0.22531
0.30326 0.08626 -0.22668
0.30138 0.08592 -0.22806
0.2995 0.08559 -0.22945
0.29763 0.08526 -0.23085
0.29577 0.08493 -0.23225
0.2939 0.0846 -0.23366
0.29202 0.08427 -0.23505
0.29012 0.08395 -0.23641
0.28819 0.08362 -0.23775
0.28625 0.08328 -0.23906
0.28429 0.08294 -0.24033
0.28231 0.08259 -0.24157
0.28031 0.08223 -0.24278
0.2783 0.08186 -0.24397
0.27627 0.08149 -0.24513
0.35153 0.09682 -0.18757
0.3499 0.09654 -0.18918
0.34823 0.09625 -0.19078
0.34653 0.09596 -0.19236
0.34481 0.09567 -0.19391
0.34308 0.09537 -0.19545
0.34133 0.09507 -0.19697
0.33958 0.09477 -0.19848
0.33783 0.09447 -0.2
0.33607 0.09417 -0.2015
0.33428 0.09386 -0.20301
0.33248 0.09354 -0.2045
0.33066 0.09322 -0.20597
0.32882 0.0929 -0.20741
0.32697 0.09256 -0.20883
0.32511 0.09223 -0.21023
0.32324 0.09189 -0.21162
0.32136 0.09155 -0.213
0.31948 0.09122 -0.2144
0.3176 0.09088 -0.21579
0.31573 0.09055 -0.2172
0.31385 0.09022 -0.21859
0.31197 0.08989 -0.21998
0.31009 0.08956 -0.22136
0.3082 0.08922 -0.22274
0.30632 0.08889 -0.22412
0.30443 0.08854 -0.2255
0.30254 0.08819 -0.22688
0.30066 0.08784 -0.22826
0.29879 0.08749 -0.22965
0.29691 0.08714 -0.23105
0.29505 0.0868 -0.23244
0.29317 0.08646 -0.23384
0.29128 0.08611 -0.23522
0.28937 0.08577 -0.23657
0.28744 0.08543 -0.23789
0.28549 0.08508 -0.23919
0.28352 0.08472 -0.24045
0.28154 0.08435 -0.24168
0.27953 0.08398 -0.24288
0.27752 0.0836 -0.24406
0.27549 0.08321 -0.24522
0.35091 0.09907 -0.18785
0.34928 0.09879 -0.18946
0.3476 0.09849 -0.19106
0.34589 0.09818 -0.19263
0.34417 0.09788 -0.19418
0.34242 0.09757 -0.19571
0.34066 0.09725 -0.19722
0.3389 0.09694 -0.19872
0.33713 0.09663 -0.20022
0.33536 0.09631 -0.20171
0.33356 0.09599 -0.2032
0.33174 0.09565 -0.20468
0.32992 0.09532 -0.20614
0.32807 0.09498 -0.20758
0.32622 0.09464 -0.20899
0.32435 0.09429 -0.21039
0.32247 0.09394 -0.21178
0.32059 0.09359 -0.21316
0.31871 0.09324 -0.21455
0.31684 0.09289 -0.21596
0.31497 0.09255 -0.21736
0.3131 0.09221 -0.21876
0.31123 0.09187 -0.22016
0.30936 0.09152 -0.22155
0.30748 0.09118 -0.22294
0.3056 0.09083 -0.22433
0.30372 0.09048 -0.22571
0.30184 0.09012 -0.2271
0.29996 0.08975 -0.22848
0.29808 0.08939 -0.22987
0.2962 0.08903 -0.23126
0.29432 0.08867 -0.23264
0.29243 0.08831 -0.23402
0.29054 0.08795 -0.23538
0.28862 0.0876 -0.23671
0.28668 0.08724 -0.23802
0.28472 0.08687 -0.2393
0.28275 0.0865 -0.24055
0.28076 0.08612 -0.24178
0.27875 0.08573 -0.24297
0.27674 0.08534 -0.24414
0.27471 0.08494 -0.24529
0.35185 0.10162 -0.18644
0.35025 0.10132 -0.18808
0.34862 0.10102 -0.18969
0.34694 0.10072 -0.1913
0.34524 0.1004 -0.19288
0.34351 0.10008 -0.19443
0.34176 0.09976 -0.19596
0.33999 0.09944 -0.19747
0.33821 0.09911 -0.19896
0.33643 0.09879 -0.20045
0.33464 0.09846 -0.20192
0.33284 0.09812 -0.20341
0.33102 0.09777 -0.20487
0.32918 0.09742 -0.20633
0.32734 0.09707 -0.20777
0.32548 0.09671 -0.20918
0.32361 0.09636 -0.21059
0.32174 0.096 -0.21198
0.31986 0.09564 -0.21338
0.31799 0.09528 -0.21477
0.31612 0.09492 -0.21617
0.31425 0.09456 -0.21758
0.31239 0.09421 -0.21898
0.31052 0.09385 -0.22038
0.30866 0.0935 -0.22178
0.30678 0.09314 -0.22317
0.30491 0.09279 -0.22457
0.30303 0.09242 -0.22595
0.30115 0.09205 -0.22733
0.29926 0.09167 -0.22871
0.29738 0.0913 -0.23009
0.29549 0.09092 -0.23147
0.2936 0.09055 -0.23284
0.2917 0.09017 -0.23419
0.28979 0.08979 -0.23553
0.28786 0.08942 -0.23685
0.28591 0.08904 -0.23814
0.28395 0.08866 -0.23941
0.28197 0.08827 -0.24065
0.27998 0.08788 -0.24186
0.27797 0.08748 -0.24305
0.27595 0.08707 -0.24422
0.27392 0.08666 -0.24536
0.35114 0.10387 -0.18662
0.34954 0.10357 -0.18827
0.34792 0.10326 -0.18989
0.34625 0.10294 -0.19151
0.34455 0.10262 -0.1931
0.34283 0.10229 -0.19466
0.34108 0.10196 -0.1962
0.33932 0.10162 -0.19771
0.33753 0.10128 -0.1992
0.33574 0.10095 -0.20068
0.33395 0.10061 -0.20215
0.33213 0.10025 -0.20363
0.33031 0.09989 -0.20509
0.32847 0.09953 -0.20654
0.32663 0.09917 -0.20798
0.32477 0.0988 -0.20941
0.3229 0.09843 -0.21082
0.32103 0.09806 -0.21223
0.31916 0.09769 -0.21363
0.31729 0.09732 -0.21503
0.31542 0.09695 -0.21643
0.31356 0.09658 -0.21783
0.3117 0.09621 -0.21923
0.30983 0.09585 -0.22063
0.30797 0.09548 -0.22203
0.3061 0.09511 -0.22343
0.30422 0.09474 -0.22482
0.30234 0.09436 -0.2262
0.30046 0.09398 -0.22758
0.29856 0.09359 -0.22894
0.29667 0.0932 -0.23031
0.29477 0.09281 -0.23167
0.29287 0.09242 -0.23302
0.29095 0.09202 -0.23435
0.28903 0.09163 -0.23567
0.28709 0.09124 -0.23697
0.28514 0.09085 -0.23825
0.28317 0.09045 -0.23951
0.28119 0.09005 -0.24074
0.2792 0.08964 -0.24195
0.27719 0.08923 -0.24313
0.27517 0.08881 -0.24429
0.27314 0.08838 -0.24542
0.35192 0.10642 -0.18505
0.35037 0.10612 -0.18675
0.34879 0.10581 -0.18841
0.34718 0.10549 -0.19005
0.34552 0.10517 -0.19169
0.34384 0.10483 -0.19329
0.34214 0.10449 -0.19488
0.34041 0.10415 -0.19643
0.33865 0.10381 -0.19795
0.33687 0.10346 -0.19946
0.33508 0.10311 -0.20094
0.33327 0.10276 -0.20241
0.33145 0.10238 -0.20388
0.32962 0.10201 -0.20534
0.32778 0.10164 -0.20678
0.32593 0.10127 -0.20822
0.32407 0.10088 -0.20965
0.3222 0.1005 -0.21107
0.32033 0.10012 -0.21248
0.31845 0.09974 -0.21389
0.31659 0.09936 -0.21529
0.31473 0.09898 -0.21669
0.31287 0.0986 -0.21809
0.31101 0.09822 -0.21949
0.30915 0.09784 -0.22089
0.30728 0.09746 -0.22229
0.30541 0.09708 -0.22368
0.30353 0.0967 -0.22506
0.30164 0.0963 -0.22644
0.29975 0.0959 -0.2278
0.29785 0.0955 -0.22916
0.29595 0.09509 -0.2305
0.29404 0.09469 -0.23185
0.29212 0.09428 -0.23318
0.2902 0.09387 -0.23449
0.28826 0.09346 -0.23579
0.28631 0.09306 -0.23708
0.28435 0.09265 -0.23835
0.28238 0.09224 -0.2396
0.2804 0.09183 -0.24083
0.27841 0.09141 -0.24203
0.27641 0.09098 -0.24321
0.27439 0.09054 -0.24436
0.27235 0.0901 -0.24549
0.35108 0.10863 -0.18517
0.34953 0.10832 -0.18687
0.34797 0.108 -0.18855
0.34638 0.10768 -0.1902
0.34475 0.10735 -0.19186
0.3431 0.10701 -0.1935
0.34142 0.10666 -0.19511
0.33971 0.10632 -0.19668
0.33797 0.10596 -0.19823
0.3362 0.1056 -0.19974
0.33442 0.10524 -0.20123
0.33262 0.10488 -0.2027
0.3308 0.10449 -0.20417
0.32896 0.10411 -0.20562
0.32711 0.10372 -0.20706
0.32525 0.10334 -0.20848
0.32338 0.10294 -0.20991
0.32151 0.10254 -0.21132
0.31963 0.10215 -0.21273
0.31775 0.10176 -0.21413
0.31589 0.10137 -0.21553
0.31403 0.10098 -0.21693
0.31217 0.10058 -0.21833
0.3103 0.10019 -0.21973
0.30844 0.0998 -0.22113
0.30657 0.09941 -0.22253
0.30469 0.09901 -0.22392
0.30281 0.09862 -0.22529
0.30092 0.09821 -0.22665
0.29902 0.09779 -0.22801
0.29711 0.09737 -0.22935
0.2952 0.09695 -0.23068
0.29328 0.09653 -0.232
0.29135 0.09611 -0.23332
0.28941 0.09568 -0.23462
0.28747 0.09525 -0.2359
0.28551 0.09484 -0.23718
0.28355 0.09441 -0.23845
0.28158 0.09399 -0.23969
0.2796 0.09356 -0.24092
0.27761 0.09313 -0.24212
0.2756 0.09269 -0.2433
0.27358 0.09224 -0.24444
0.27154 0.09178 -0.24556
0.35175 0.11116 -0.18355
0.35023 0.11084 -0.18527
0.34869 0.11052 -0.18698
0.34714 0.1102 -0.18867
0.34558 0.10987 -0.19035
0.34397 0.10953 -0.19203
0.34235 0.10918 -0.1937
0.34069 0.10883 -0.19534
0.33901 0.10848 -0.19694
0.3373 0.10812 -0.19851
0.33555 0.10775 -0.20004
0.33378 0.10738 -0.20155
0.33199 0.107 -0.20302
0.33016 0.10661 -0.20448
0.32831 0.10621 -0.20592
0.32644 0.10581 -0.20734
0.32457 0.10541 -0.20876
0.32269 0.105 -0.21016
0.32081 0.10459 -0.21156
0.31892 0.10418 -0.21296
0.31704 0.10378 -0.21436
0.31517 0.10337 -0.21575
0.3133 0.10297 -0.21714
0.31144 0.10256 -0.21854
0.30958 0.10216 -0.21994
0.30771 0.10176 -0.22134
0.30584 0.10135 -0.22274
0.30396 0.10094 -0.22412
0.30207 0.10053 -0.22548
0.30017 0.1001 -0.22684
0.29825 0.09967 -0.22818
0.29634 0.09924 -0.22951
0.29442 0.0988 -0.23082
0.29248 0.09837 -0.23212
0.29054 0.09793 -0.23342
0.2886 0.09749 -0.23471
0.28665 0.09704 -0.23598
0.2847 0.09661 -0.23726
0.28273 0.09617 -0.23852
0.28076 0.09573 -0.23976
0.27878 0.09529 -0.24099
0.27679 0.09485 -0.24219
0.27479 0.09439 -0.24336
0.27276 0.09393 -0.24451
0.27072 0.09346 -0.24563
0.35092 0.11338 -0.18369
0.3494 0.11305 -0.1854
0.34787 0.11272 -0.18712
0.34633 0.11239 -0.18882
0.34479 0.11206 -0.19051
0.34321 0.11171 -0.19222
0.34161 0.11136 -0.19391
0.33999 0.111 -0.19558
0.33833 0.11064 -0.19721
0.33664 0.11027 -0.1988
0.33491 0.1099 -0.20036
0.33315 0.10951 -0.20187
0.33135 0.10913 -0.20334
0.32952 0.10872 -0.2048
0.32766 0.10831 -0.20622
0.32578 0.1079 -0.20763
0.32389 0.10748 -0.20903
0.322 0.10706 -0.21042
0.3201 0.10663 -0.2118
0.31821 0.10621 -0.21318
0.31631 0.10579 -0.21457
0.31444 0.10537 -0.21595
0.31257 0.10495 -0.21734
0.3107 0.10454 -0.21874
0.30884 0.10412 -0.22013
0.30696 0.1037 -0.22153
0.30508 0.10328 -0.22291
0.3032 0.10286 -0.22428
0.3013 0.10244 -0.22564
0.29939 0.10199 -0.22698
0.29747 0.10155 -0.22831
0.29554 0.1011 -0.22962
0.29361 0.10064 -0.23092
0.29167 0.10019 -0.23221
0.28972 0.09974 -0.23349
0.28777 0.09928 -0.23476
0.28582 0.09882 -0.23603
0.28386 0.09838 -0.2373
0.2819 0.09793 -0.23856
0.27993 0.09748 -0.2398
0.27795 0.09702 -0.24103
0.27596 0.09656 -0.24223
0.27396 0.09609 -0.24341
0.27193 0.09562 -0.24455
0.26989 0.09513 -0.24567
0.35014 0.1156 -0.18386
0.34862 0.11527 -0.18558
0.34709 0.11493 -0.1873
0.34557 0.1146 -0.18901
0.34404 0.11426 -0.19072
0.34248 0.1139 -0.19245
0.34091 0.11354 -0.19417
0.3393 0.11318 -0.19585
0.33767 0.11281 -0.1975
0.33599 0.11243 -0.19911
0.33427 0.11204 -0.20067
0.33251 0.11165 -0.20219
0.33072 0.11125 -0.20366
0.32887 0.11083 -0.20511
0.327 0.11041 -0.20652
0.32511 0.10998 -0.20792
0.32321 0.10955 -0.2093
0.3213 0.10911 -0.21067
0.31939 0.10868 -0.21203
0.31749 0.10824 -0.2134
0.31559 0.10781 -0.21477
0.3137 0.10737 -0.21615
0.31182 0.10694 -0.21753
0.30995 0.10651 -0.21892
0.30808 0.10608 -0.2203
0.3062 0.10565 -0.22168
0.30431 0.10521 -0.22305
0.30242 0.10477 -0.22442
0.30051 0.10433 -0.22576
0.29859 0.10387 -0.22709
0.29666 0.10341 -0.2284
0.29472 0.10295 -0.2297
0.29278 0.10248 -0.23098
0.29083 0.10201 -0.23226
0.28888 0.10154 -0.23353
0.28693 0.10107 -0.2348
0.28498 0.1006 -0.23606
0.28302 0.10014 -0.23732
0.28105 0.09968 -0.23857
0.27908 0.09921 -0.23981
0.2771 0.09874 -0.24104
0.27511 0.09827 -0.24224
0.27311 0.09778 -0.24341
0.27108 0.09729 -0.24456
0.26904 0.09679 -0.24568
0.35092 0.11819 -0.18236
0.3494 0.11785 -0.18408
0.34789 0.1175 -0.18581
0.34637 0.11716 -0.18753
0.34486 0.11681 -0.18926
0.34335 0.11646 -0.19098
0.3418 0.1161 -0.19273
0.34023 0.11573 -0.19445
0.33864 0.11536 -0.19615
0.33702 0.11498 -0.19781
0.33535 0.11459 -0.19943
0.33363 0.11419 -0.20099
0.33187 0.11379 -0.2025
0.33007 0.11338 -0.20396
0.32822 0.11294 -0.20541
0.32634 0.11251 -0.20681
0.32444 0.11206 -0.20819
0.32252 0.11162 -0.20956
0.32061 0.11117 -0.21091
0.31869 0.11072 -0.21227
0.31677 0.11027 -0.21362
0.31486 0.10982 -0.21498
0.31297 0.10937 -0.21635
0.31108 0.10892 -0.21772
0.3092 0.10848 -0.21909
0.30731 0.10803 -0.22046
0.30542 0.10758 -0.22182
0.30352 0.10713 -0.22318
0.30161 0.10668 -0.22452
0.29969 0.10622 -0.22585
0.29777 0.10575 -0.22716
0.29583 0.10527 -0.22846
0.29389 0.10479 -0.22974
0.29194 0.10431 -0.23102
0.28999 0.10383 -0.23228
0.28803 0.10335 -0.23355
0.28608 0.10286 -0.23481
0.28413 0.10238 -0.23607
0.28216 0.1019 -0.23732
0.28019 0.10142 -0.23857
0.27822 0.10094 -0.2398
0.27624 0.10045 -0.24102
0.27424 0.09996 -0.24221
0.27223 0.09947 -0.24338
0.27021 0.09896 -0.24453
0.26817 0.09845 -0.24565
0.35021 0.12045 -0.18261
0.3487 0.1201 -0.18434
0.3472 0.11974 -0.18607
0.3457 0.11939 -0.18781
0.34419 0.11903 -0.18954
0.34269 0.11868 -0.19128
0.34115 0.11831 -0.19303
0.33958 0.11793 -0.19475
0.33799 0.11755 -0.19646
0.33637 0.11715 -0.19812
0.33469 0.11675 -0.19973
0.33297 0.11634 -0.20129
0.3312 0.11593 -0.20279
0.3294 0.1155 -0.20425
0.32754 0.11505 -0.20568
0.32566 0.1146 -0.20708
0.32375 0.11414 -0.20845
0.32183 0.11368 -0.20981
0.3199 0.11322 -0.21115
0.31798 0.11276 -0.2125
0.31605 0.1123 -0.21384
0.31414 0.11184 -0.21519
0.31223 0.11137 -0.21654
0.31034 0.11091 -0.2179
0.30844 0.11044 -0.21925
0.30654 0.10998 -0.2206
0.30463 0.10952 -0.22194
0.30271 0.10905 -0.22327
0.30079 0.10858 -0.2246
0.29886 0.10811 -0.22591
0.29693 0.10762 -0.22721
0.29499 0.10713 -0.22849
0.29304 0.10664 -0.22977
0.29109 0.10614 -0.23103
0.28913 0.10564 -0.2323
0.28718 0.10515 -0.23356
0.28522 0.10465 -0.23481
0.28327 0.10415 -0.23607
0.2813 0.10366 -0.23731
0.27933 0.10316 -0.23855
0.27735 0.10266 -0.23977
0.27536 0.10216 -0.24098
0.27336 0.10165 -0.24217
0.27135 0.10114 -0.24333
0.26933 0.10062 -0.24447
0.26729 0.1001 -0.24559
0.35103 0.12308 -0.18115
0.34953 0.12272 -0.18289
0.34803 0.12235 -0.18463
0.34654 0.12199 -0.18637
0.34504 0.12162 -0.18811
0.34355 0.12126 -0.18985
0.34204 0.1209 -0.19159
0.3405 0.12051 -0.19333
0.33893 0.12012 -0.19505
0.33733 0.11972 -0.19674
0.33569 0.11932 -0.19839
0.33401 0.11891 -0.2
0.33228 0.11849 -0.20155
0.33051 0.11806 -0.20305
0.32871 0.11762 -0.2045
0.32685 0.11716 -0.20593
0.32496 0.11669 -0.20733
0.32305 0.11622 -0.20869
0.32112 0.11575 -0.21004
0.31919 0.11527 -0.21138
0.31726 0.1148 -0.21272
0.31533 0.11433 -0.21405
0.3134 0.11385 -0.21539
0.31149 0.11337 -0.21673
0.30958 0.11289 -0.21807
0.30767 0.11241 -0.2194
0.30575 0.11193 -0.22072
0.30383 0.11145 -0.22204
0.3019 0.11096 -0.22335
0.29996 0.11048 -0.22466
0.29802 0.10999 -0.22596
0.29608 0.10948 -0.22724
0.29414 0.10898 -0.22851
0.29219 0.10847 -0.22978
0.29023 0.10796 -0.23104
0.28828 0.10746 -0.2323
0.28632 0.10695 -0.23356
0.28437 0.10643 -0.23482
0.28241 0.10592 -0.23606
0.28044 0.10541 -0.2373
0.27846 0.1049 -0.23852
0.27647 0.10438 -0.23973
0.27447 0.10386 -0.24093
0.27247 0.10334 -0.2421
0.27046 0.10281 -0.24326
0.26843 0.10228 -0.2444
0.2664 0.10175 -0.24552
0.35036 0.12536 -0.18143
0.34887 0.12498 -0.18317
0.34738 0.12461 -0.18492
0.34589 0.12423 -0.18667
0.3444 0.12386 -0.18842
0.3429 0.12349 -0.19016
0.34139 0.12311 -0.19188
0.33983 0.12271 -0.19362
0.33824 0.1223 -0.19532
0.33663 0.1219 -0.19699
0.33498 0.12148 -0.19863
0.33328 0.12106 -0.20022
0.33155 0.12062 -0.20177
0.32979 0.12018 -0.20326
0.32799 0.11973 -0.20471
0.32613 0.11926 -0.20615
0.32424 0.11878 -0.20755
0.32233 0.1183 -0.20891
0.32041 0.11781 -0.21026
0.31848 0.11733 -0.2116
0.31654 0.11684 -0.21293
0.3146 0.11635 -0.21426
0.31267 0.11587 -0.21558
0.31074 0.11537 -0.2169
0.30882 0.11487 -0.21822
0.30689 0.11437 -0.21953
0.30496 0.11388 -0.22084
0.30302 0.11338 -0.22214
0.30108 0.11288 -0.22343
0.29914 0.11237 -0.22472
0.29718 0.11187 -0.226
0.29524 0.11135 -0.22727
0.29329 0.11083 -0.22853
0.29134 0.11031 -0.22979
0.28938 0.10979 -0.23105
0.28743 0.10927 -0.23231
0.28547 0.10875 -0.23357
0.28351 0.10822 -0.23482
0.28154 0.10769 -0.23606
0.27957 0.10717 -0.23729
0.27759 0.10664 -0.2385
0.27559 0.10611 -0.23969
0.27359 0.10557 -0.24087
0.27158 0.10502 -0.24203
0.26957 0.10448 -0.24318
0.26754 0.10394 -0.24432
0.26551 0.10339 -0.24543
0.35121 0.128 -0.17998
0.34972 0.12762 -0.18173
0.34822 0.12723 -0.18348
0.34674 0.12685 -0.18523
0.34525 0.12646 -0.18699
0.34375 0.12608 -0.18873
0.34224 0.12569 -0.19047
0.34071 0.1253 -0.19218
0.33914 0.12489 -0.1939
0.33754 0.12447 -0.19559
0.3359 0.12405 -0.19724
0.33424 0.12362 -0.19886
0.33254 0.12318 -0.20044
0.3308 0.12273 -0.20198
0.32903 0.12228 -0.20347
0.32723 0.12182 -0.20493
0.32537 0.12133 -0.20637
0.32349 0.12084 -0.20777
0.32158 0.12035 -0.20914
0.31967 0.11985 -0.21048
0.31773 0.11935 -0.21182
0.31579 0.11885 -0.21314
0.31385 0.11835 -0.21446
0.3119 0.11785 -0.21577
0.30997 0.11734 -0.21708
0.30803 0.11682 -0.21838
0.30609 0.11631 -0.21967
0.30415 0.1158 -0.22096
0.30221 0.11528 -0.22225
0.30026 0.11477 -0.22353
0.2983 0.11425 -0.2248
0.29634 0.11373 -0.22606
0.29439 0.11319 -0.22732
0.29244 0.11265 -0.22857
0.29048 0.11212 -0.22983
0.28853 0.11158 -0.23109
0.28657 0.11105 -0.23234
0.28461 0.11051 -0.23359
0.28265 0.10997 -0.23483
0.28069 0.10943 -0.23607
0.27871 0.10889 -0.23728
0.27672 0.10835 -0.23848
0.27472 0.1078 -0.23966
0.27272 0.10724 -0.24083
0.2707 0.10669 -0.24198
0.26868 0.10612 -0.24312
0.26666 0.10557 -0.24425
0.26463 0.10501 -0.24536
0.3476 0.12948 -0.18381
0.34611 0.12909 -0.18556
0.34462 0.12869 -0.18731
0.34312 0.1283 -0.18906
0.34159 0.1279 -0.19078
0.34005 0.1275 -0.19249
0.33846 0.12707 -0.19419
0.33684 0.12664 -0.19586
0.33519 0.1262 -0.19749
0.33351 0.12576 -0.1991
0.3318 0.1253 -0.20067
0.33006 0.12484 -0.2022
0.32828 0.12437 -0.20369
0.32648 0.1239 -0.20514
0.32462 0.1234 -0.20658
0.32273 0.1229 -0.20798
0.32084 0.1224 -0.20936
0.31892 0.12189 -0.2107
0.31698 0.12138 -0.21204
0.31504 0.12087 -0.21335
0.31309 0.12035 -0.21466
0.31113 0.11984 -0.21596
0.30919 0.11931 -0.21725
0.30724 0.11878 -0.21853
0.3053 0.11825 -0.21982
0.30335 0.11772 -0.22109
0.3014 0.11719 -0.22236
0.29944 0.11666 -0.22363
0.29748 0.11612 -0.22489
0.29551 0.11559 -0.22614
0.29355 0.11504 -0.22739
0.29159 0.11449 -0.22863
0.28963 0.11394 -0.22988
0.28768 0.11338 -0.23113
0.28572 0.11283 -0.23238
0.28376 0.11228 -0.23362
0.2818 0.11172 -0.23486
0.27983 0.11117 -0.23608
0.27785 0.11061 -0.23729
0.27586 0.11006 -0.23848
0.27386 0.10949 -0.23965
0.27185 0.10893 -0.24081
0.26984 0.10835 -0.24195
0.26781 0.10778 -0.24308
0.26579 0.1072 -0.2442
0.26375 0.10663 -0.24531
0.344 0.13093 -0.18765
0.34249 0.13052 -0.18939
0.34096 0.13011 -0.19111
0.3394 0.1297 -0.19281
0.3378 0.12926 -0.1945
0.33617 0.12881 -0.19615
0.3345 0.12836 -0.19777
0.3328 0.1279 -0.19936
0.33107 0.12743 -0.20091
0.32932 0.12696 -0.20243
0.32753 0.12647 -0.20391
0.32572 0.12599 -0.20535
0.32386 0.12548 -0.20679
0.32198 0.12497 -0.2082
0.32008 0.12445 -0.20957
0.31817 0.12393 -0.21092
0.31623 0.12341 -0.21225
0.31428 0.12288 -0.21356
0.31232 0.12235 -0.21486
0.31036 0.12182 -0.21614
0.30841 0.12128 -0.21742
0.30646 0.12073 -0.21869
0.3045 0.12019 -0.21996
0.30255 0.11964 -0.22123
0.30059 0.1191 -0.22249
0.29863 0.11855 -0.22375
0.29666 0.118 -0.22499
0.29469 0.11745 -0.22623
0.29272 0.11688 -0.22747
0.29076 0.11631 -0.2287
0.2888 0.11575 -0.22994
0.28684 0.11518 -0.23119
0.28488 0.11462 -0.23243
0.28292 0.11405 -0.23366
0.28096 0.11348 -0.23489
0.27899 0.11291 -0.2361
0.277 0.11234 -0.23731
0.27501 0.11177 -0.23849
0.27301 0.1112 -0.23966
0.271 0.11062 -0.24081
0.26898 0.11003 -0.24194
0.26695 0.10943 -0.24307
0.26492 0.10885 -0.24418
0.26289 0.10825 -0.24528
0.33876 0.13189 -0.19313
0.33715 0.13144 -0.19481
0.3355 0.13098 -0.19645
0.33381 0.13052 -0.19805
0.33209 0.13004 -0.19962
0.33035 0.12956 -0.20116
0.32858 0.12907 -0.20266
0.32678 0.12857 -0.20413
0.32497 0.12807 -0.20557
0.32311 0.12755 -0.207
0.32123 0.12703 -0.20841
0.31933 0.1265 -0.20979
0.31742 0.12597 -0.21114
0.31547 0.12543 -0.21246
0.31352 0.12489 -0.21377
0.31156 0.12435 -0.21505
0.30959 0.12381 -0.21633
0.30763 0.12325 -0.21759
0.30567 0.12269 -0.21885
0.30372 0.12213 -0.22011
0.30176 0.12157 -0.22137
0.29979 0.121 -0.22262
0.29782 0.12044 -0.22387
0.29585 0.11987 -0.2251
0.29387 0.11931 -0.22634
0.29191 0.11873 -0.22756
0.28994 0.11815 -0.22879
0.28797 0.11757 -0.23002
0.28601 0.11699 -0.23126
0.28405 0.11641 -0.23249
0.28208 0.11583 -0.23372
0.28012 0.11524 -0.23494
0.27815 0.11466 -0.23614
0.27616 0.11408 -0.23734
0.27417 0.11349 -0.23851
0.27216 0.1129 -0.23968
0.27015 0.11231 -0.24082
0.26813 0.1117 -0.24195
0.2661 0.1111 -0.24307
0.26407 0.11049 -0.24417
0.26203 0.10989 -0.24527
0.3348 0.13315 -0.19672
0.33309 0.13267 -0.1983
0.33136 0.13218 -0.19986
0.3296 0.13168 -0.20138
0.32782 0.13118 -0.20287
0.32602 0.13067 -0.20434
0.3242 0.13016 -0.20578
0.32234 0.12963 -0.20721
0.32047 0.12909 -0.20862
0.31858 0.12855 -0.21
0.31666 0.12801 -0.21135
0.31472 0.12746 -0.21267
0.31276 0.12691 -0.21397
0.31079 0.12635 -0.21525
0.30882 0.12579 -0.21651
0.30686 0.12522 -0.21777
0.30489 0.12464 -0.21902
0.30293 0.12407 -0.22027
0.30096 0.12349 -0.22152
0.29899 0.12292 -0.22276
0.29702 0.12234 -0.224
0.29504 0.12176 -0.22523
0.29306 0.12118 -0.22645
0.29109 0.12058 -0.22767
0.28912 0.11999 -0.22889
0.28715 0.11939 -0.23012
0.28518 0.1188 -0.23135
0.28322 0.1182 -0.23257
0.28125 0.11761 -0.23379
0.27928 0.11701 -0.23499
0.2773 0.11641 -0.23619
0.27531 0.11581 -0.23737
0.27332 0.11521 -0.23854
0.27131 0.11461 -0.2397
0.2693 0.114 -0.24084
0.26728 0.11338 -0.24196
0.26526 0.11276 -0.24307
0.26322 0.11215 -0.24417
0.26119 0.11153 -0.24526
0.33059 0.1343 -0.20004
0.32882 0.1338 -0.20156
0.32703 0.13328 -0.20305
0.32523 0.13276 -0.20451
0.32342 0.13224 -0.20596
0.32157 0.1317 -0.2074
0.31971 0.13115 -0.20882
0.31782 0.1306 -0.2102
0.3159 0.13004 -0.21156
0.31396 0.12948 -0.21288
0.312 0.12892 -0.21417
0.31003 0.12835 -0.21544
0.30805 0.12777 -0.2167
0.30608 0.12718 -0.21795
0.30411 0.1266 -0.21919
0.30214 0.12601 -0.22044
0.30017 0.12542 -0.22168
0.2982 0.12483 -0.22291
0.29622 0.12424 -0.22414
0.29424 0.12364 -0.22536
0.29225 0.12305 -0.22658
0.29028 0.12244 -0.22779
0.28831 0.12183 -0.229
0.28634 0.12122 -0.23022
0.28436 0.12061 -0.23144
0.2824 0.12 -0.23265
0.28042 0.11939 -0.23386
0.27845 0.11878 -0.23505
0.27646 0.11817 -0.23624
0.27447 0.11755 -0.23741
0.27247 0.11693 -0.23857
0.27046 0.11631 -0.23972
0.26845 0.11569 -0.24085
0.26643 0.11506 -0.24197
0.26441 0.11443 -0.24308
0.26238 0.1138 -0.24417
0.26035 0.11317 -0.24526
0.32622 0.13538 -0.20319
0.32443 0.13485 -0.20466
0.32263 0.13432 -0.20612
0.32079 0.13377 -0.20758
0.31892 0.13321 -0.209
0.31704 0.13265 -0.2104
0.31513 0.13208 -0.21176
0.31319 0.13151 -0.21308
0.31123 0.13093 -0.21436
0.30926 0.13034 -0.21563
0.30729 0.12975 -0.21689
0.30531 0.12915 -0.21813
0.30334 0.12855 -0.21937
0.30137 0.12795 -0.22061
0.29939 0.12735 -0.22184
0.29741 0.12674 -0.22308
0.29543 0.12614 -0.2243
0.29344 0.12553 -0.22551
0.29145 0.12492 -0.22672
0.28947 0.1243 -0.22792
0.2875 0.12367 -0.22912
0.28552 0.12304 -0.23033
0.28355 0.12242 -0.23153
0.28158 0.12179 -0.23273
0.2796 0.12117 -0.23392
0.27761 0.12055 -0.23511
0.27562 0.11992 -0.23628
0.27363 0.11929 -0.23744
0.27162 0.11865 -0.23859
0.26961 0.11801 -0.23973
0.2676 0.11737 -0.24085
0.26558 0.11673 -0.24197
0.26356 0.11609 -0.24307
0.26153 0.11545 -0.24417
0.2595 0.1148 -0.24526
0.32182 0.13639 -0.20626
0.31998 0.13583 -0.20772
0.31812 0.13526 -0.20916
0.31625 0.13469 -0.21056
0.31434 0.13411 -0.21192
0.31241 0.13352 -0.21325
0.31045 0.13293 -0.21454
0.30849 0.13234 -0.21581
0.30652 0.13174 -0.21706
0.30454 0.13112 -0.21831
0.30257 0.13051 -0.21955
0.30059 0.12989 -0.22079
0.29862 0.12928 -0.22202
0.29663 0.12866 -0.22325
0.29465 0.12804 -0.22446
0.29265 0.12742 -0.22567
0.29065 0.1268 -0.22687
0.28867 0.12616 -0.22805
0.28669 0.12552 -0.22924
0.28471 0.12487 -0.23043
0.28273 0.12423 -0.23162
0.28075 0.12359 -0.23281
0.27877 0.12295 -0.23398
0.27677 0.12231 -0.23515
0.27478 0.12167 -0.23632
0.27278 0.12102 -0.23746
0.27078 0.12037 -0.2386
0.26876 0.11971 -0.23973
0.26675 0.11906 -0.24085
0.26473 0.11841 -0.24196
0.26271 0.11776 -0.24306
0.26068 0.1171 -0.24416
0.25866 0.11644 -0.24526
0.31728 0.13727 -0.20931
0.3154 0.13669 -0.21071
0.31351 0.1361 -0.21207
0.31158 0.1355 -0.2134
0.30964 0.1349 -0.2147
0.30768 0.13429 -0.21598
0.30572 0.13369 -0.21724
0.30375 0.13306 -0.21849
0.30177 0.13243 -0.21974
0.2998 0.13181 -0.22098
0.29783 0.13118 -0.22221
0.29585 0.13055 -0.22343
0.29386 0.12992 -0.22464
0.29187 0.12928 -0.22584
0.28986 0.12865 -0.22702
0.28787 0.12799 -0.2282
0.28589 0.12734 -0.22937
0.2839 0.12668 -0.23054
0.28191 0.12602 -0.23171
0.27992 0.12536 -0.23288
0.27792 0.1247 -0.23404
0.27592 0.12405 -0.2352
0.27392 0.12339 -0.23635
0.27191 0.12273 -0.23748
0.26991 0.12206 -0.23861
0.2679 0.1214 -0.23973
0.26588 0.12073 -0.24085
0.26387 0.12007 -0.24196
0.26185 0.1194 -0.24306
0.25983 0.11873 -0.24416
0.25781 0.11806 -0.24527
0.31265 0.13808 -0.2122
0.31074 0.13747 -0.21353
0.3088 0.13686 -0.21485
0.30686 0.13625 -0.21613
0.30491 0.13563 -0.21741
0.30294 0.13499 -0.21866
0.30098 0.13436 -0.21991
0.29901 0.13372 -0.22115
0.29704 0.13309 -0.22238
0.29506 0.13244 -0.2236
0.29308 0.1318 -0.22481
0.29108 0.13115 -0.226
0.28908 0.1305 -0.22718
0.28708 0.12983 -0.22834
0.28509 0.12916 -0.2295
0.28309 0.12848 -0.23066
0.28108 0.12781 -0.2318
0.27907 0.12713 -0.23295
0.27706 0.12646 -0.23409
0.27506 0.12578 -0.23523
0.27304 0.12511 -0.23636
0.27104 0.12443 -0.23748
0.26904 0.12376 -0.2386
0.26703 0.12308 -0.23972
0.26502 0.1224 -0.24084
0.26301 0.12172 -0.24195
0.261 0.12105 -0.24306
0.25898 0.12037 -0.24417
0.25697 0.11969 -0.24528
0.30796 0.13883 -0.21497
0.30603 0.1382 -0.21627
0.30408 0.13757 -0.21755
0.30213 0.13693 -0.21882
0.30017 0.13628 -0.22007
0.29821 0.13564 -0.22132
0.29624 0.13499 -0.22255
0.29427 0.13434 -0.22377
0.29229 0.13368 -0.22498
0.29029 0.13302 -0.22617
0.28829 0.13235 -0.22735
0.28629 0.13167 -0.2285
0.28429 0.13098 -0.22964
0.28227 0.13029 -0.23077
0.28026 0.12959 -0.23189
0.27823 0.1289 -0.23301
0.27621 0.1282 -0.23412
0.27418 0.12751 -0.23524
0.27216 0.12682 -0.23636
0.27016 0.12613 -0.23747
0.26815 0.12544 -0.23859
0.26615 0.12475 -0.23971
0.26415 0.12406 -0.24083
0.26215 0.12338 -0.24195
0.26014 0.12269 -0.24306
0.25814 0.12201 -0.24418
0.25613 0.12132 -0.2453
0.30325 0.13952 -0.21769
0.30131 0.13886 -0.21897
0.29936 0.13821 -0.22023
0.29741 0.13755 -0.22148
0.29544 0.1369 -0.22272
0.29348 0.13623 -0.22395
0.29151 0.13556 -0.22515
0.28951 0.13489 -0.22635
0.28751 0.13421 -0.22751
0.2855 0.13351 -0.22866
0.28349 0.1328 -0.22978
0.28146 0.13209 -0.23089
0.27943 0.13138 -0.23198
0.27739 0.13066 -0.23306
0.27534 0.12995 -0.23415
0.27331 0.12924 -0.23524
0.27128 0.12853 -0.23634
0.26927 0.12783 -0.23744
0.26726 0.12713 -0.23856
0.26527 0.12643 -0.23968
0.26328 0.12573 -0.2408
0.26128 0.12503 -0.24193
0.25929 0.12434 -0.24306
0.25729 0.12364 -0.24419
0.2553 0.12295 -0.24532
0.29856 0.14013 -0.2204
0.29662 0.13947 -0.22166
0.29466 0.1388 -0.2229
0.2927 0.13812 -0.22413
0.29073 0.13744 -0.22534
0.28874 0.13675 -0.22653
0.28673 0.13607 -0.22769
0.28472 0.13534 -0.22881
0.28269 0.13462 -0.22992
0.28065 0.13389 -0.23099
0.27859 0.13316 -0.23205
0.27654 0.13243 -0.23311
0.27448 0.13169 -0.23416
0.27243 0.13096 -0.23523
0.27039 0.13024 -0.23631
0.26838 0.12952 -0.23741
0.26638 0.12881 -0.23852
0.26439 0.1281 -0.23964
0.2624 0.12739 -0.24077
0.26042 0.12669 -0.24191
0.25843 0.12598 -0.24305
0.25644 0.12528 -0.24419
0.25446 0.12457 -0.24533
0.29584 0.14139 -0.22186
0.29389 0.14071 -0.22311
0.29193 0.14002 -0.22434
0.28995 0.13932 -0.22555
0.28796 0.13862 -0.22672
0.28595 0.13792 -0.22785
0.28392 0.13718 -0.22896
0.28188 0.13644 -0.23004
0.27982 0.13569 -0.23109
0.27776 0.13494 -0.23212
0.27568 0.13419 -0.23314
0.27361 0.13344 -0.23417
0.27155 0.13269 -0.23521
0.2695 0.13195 -0.23628
0.26749 0.13121 -0.23737
0.26549 0.13049 -0.23847
0.2635 0.12977 -0.2396
0.26152 0.12905 -0.24074
0.25954 0.12833 -0.24188
0.25757 0.12762 -0.24303
0.25559 0.12691 -0.24417
0.2536 0.12619 -0.24532
0.29116 0.14191 -0.22455
0.28918 0.14121 -0.22574
0.28719 0.1405 -0.2269
0.28517 0.13978 -0.22801
0.28312 0.13902 -0.2291
0.28107 0.13826 -0.23015
0.27899 0.13749 -0.23118
0.27691 0.13672 -0.23218
0.27482 0.13595 -0.23317
0.27274 0.13518 -0.23418
0.27067 0.13442 -0.2352
0.26861 0.13366 -0.23625
0.2666 0.13291 -0.23732
0.2646 0.13217 -0.23842
0.26261 0.13143 -0.23955
0.26064 0.13071 -0.24069
0.25866 0.12998 -0.24183
0.25669 0.12926 -0.24298
0.25472 0.12853 -0.24413
0.25274 0.12781 -0.24528
0.2864 0.14236 -0.22706
0.28438 0.14163 -0.22815
0.28232 0.14085 -0.22922
0.28024 0.14007 -0.23025
0.27816 0.13929 -0.23125
0.27606 0.1385 -0.23222
0.27396 0.13771 -0.23319
0.27186 0.13693 -0.23418
0.26978 0.13614 -0.23518
0.26771 0.13537 -0.23622
0.2657 0.1346 -0.23728
0.2637 0.13384 -0.23837
0.26172 0.1331 -0.23949
0.25975 0.13236 -0.24062
0.25778 0.13162 -0.24177
0.25581 0.13089 -0.24292
0.25384 0.13015 -0.24407
0.25187 0.12941 -0.24522
0.28353 0.14344 -0.22829
0.28147 0.14265 -0.22933
0.27939 0.14186 -0.23033
0.27729 0.14106 -0.23131
0.27519 0.14026 -0.23226
0.27309 0.13945 -0.23321
0.27099 0.13865 -0.23417
0.2689 0.13785 -0.23516
0.26683 0.13706 -0.23618
0.26481 0.13628 -0.23722
0.26281 0.13551 -0.23831
0.26083 0.13475 -0.23942
0.25886 0.134 -0.24056
0.25689 0.13325 -0.2417
0.25492 0.1325 -0.24285
0.25295 0.13175 -0.244
0.25098 0.131 -0.24514
0.27852 0.14364 -0.2304
0.27642 0.14283 -0.23135
0.27432 0.14201 -0.23229
0.27221 0.14119 -0.23322
0.27011 0.14038 -0.23416
0.26802 0.13956 -0.23514
0.26595 0.13875 -0.23614
0.26393 0.13796 -0.23717
0.26193 0.13718 -0.23825
0.25994 0.13641 -0.23935
0.25796 0.13564 -0.24049
0.25599 0.13488 -0.24163
0.25403 0.13412 -0.24277
0.25206 0.13336 -0.24392
0.25009 0.13259 -0.24506
0.27555 0.14459 -0.23139
0.27345 0.14376 -0.23231
0.27134 0.14293 -0.23323
0.26924 0.1421 -0.23417
0.26715 0.14127 -0.23513
0.26507 0.14045 -0.23612
0.26305 0.13965 -0.23714
0.26104 0.13885 -0.2382
0.25905 0.13806 -0.2393
0.25707 0.13728 -0.24042
0.2551 0.1365 -0.24155
0.25314 0.13573 -0.24269
0.25117 0.13496 -0.24384
0.27047 0.14467 -0.23326
0.26837 0.14383 -0.23419
0.26628 0.14299 -0.23514
0.26421 0.14215 -0.23612
0.26218 0.14133 -0.23713
0.26017 0.14052 -0.23817
0.25817 0.13972 -0.23926
0.25619 0.13892 -0.24036
0.25421 0.13813 -0.24149
0.25225 0.13735 -0.24262
0.25027 0.13656 -0.24376
0.26752 0.14556 -0.23423
0.26543 0.14471 -0.23518
0.26335 0.14386 -0.23615
0.26132 0.14303 -0.23714
0.25931 0.1422 -0.23817
0.2573 0.14138 -0.23924
0.25531 0.14057 -0.24032
0.25333 0.13976 -0.24143
0.25135 0.13896 -0.24256
0.26251 0.14558 -0.2362
0.26048 0.14473 -0.23718
0.25845 0.14389 -0.23819
0.25644 0.14305 -0.23923
0.25443 0.14222 -0.2403
0.25244 0.14139 -0.24139
0.25046 0.14058 -0.2425
0.25964 0.14643 -0.23724
0.2576 0.14557 -0.23822
0.25558 0.14472 -0.23924
0.25356 0.14387 -0.24028
0.25157 0.14303 -0.24135
0.24958 0.1422 -0.24244
0.25676 0.14726 -0.23826
0.25472 0.14639 -0.23925
0.2527 0.14553 -0.24027
0.25069 0.14467 -0.24131
0.25181 0.14716 -0.24027
0.2498 0.14629 -0.24128
0.25025 0.12807 -0.24637
0.25112 0.12646 -0.24642
0.25198 0.12484 -0.24645
0.25035 0.12348 -0.24757
0.25283 0.12321 -0.24645
0.25121 0.12185 -0.24756
0.25368 0.12158 -0.24643
0.25205 0.12021 -0.24753
0.25042 0.11884 -0.24862
0.25289 0.11857 -0.24749
0.25127 0.11719 -0.24859
0.25451 0.11994 -0.2464
0.25373 0.11693 -0.24746
0.25212 0.11555 -0.24855
0.25535 0.11831 -0.24637
0.25051 0.11417 -0.24966
0.25296 0.1139 -0.24853
0.25136 0.11252 -0.24964
0.25458 0.11529 -0.24744
0.25619 0.11667 -0.24635
0.25382 0.11226 -0.24852
0.25221 0.11087 -0.24962
0.25542 0.11365 -0.24743
0.25704 0.11504 -0.24634
0.25062 0.10948 -0.25073
0.25307 0.1092 -0.2496
0.25148 0.10782 -0.25072
0.25467 0.1106 -0.2485
0.25628 0.112 -0.24742
0.25789 0.1134 -0.24634
0.25394 0.10755 -0.2496
0.25236 0.10615 -0.25072
0.25553 0.10895 -0.2485
0.25713 0.11036 -0.24741
0.25874 0.11176 -0.24634
0.25078 0.10477 -0.25186
0.25324 0.1045 -0.25075
0.25167 0.1031 -0.25189
0.25482 0.10589 -0.24963
0.2564 0.1073 -0.24852
0.25799 0.10871 -0.24742
0.25959 0.11012 -0.24634
0.2501 0.10171 -0.25304
0.25256 0.10145 -0.25192
0.25099 0.10005 -0.25306
0.25413 0.10285 -0.25079
0.2557 0.10425 -0.24966
0.25728 0.10565 -0.24855
0.25886 0.10707 -0.24744
0.26045 0.10847 -0.24635
0.25345 0.09979 -0.25197
0.25188 0.09838 -0.2531
0.25502 0.1012 -0.25084
0.25659 0.10261 -0.24972
0.25817 0.10402 -0.2486
0.25974 0.10543 -0.24749
0.26131 0.10684 -0.24638
0.25031 0.09697 -0.25422
0.25277 0.09671 -0.25313
0.25119 0.09529 -0.25423
0.25434 0.09813 -0.25202
0.25591 0.09955 -0.2509
0.25749 0.10097 -0.24979
0.25906 0.10238 -0.24867
0.26062 0.1038 -0.24755
0.26219 0.10521 -0.24643
0.25365 0.09504 -0.25314
0.25207 0.09361 -0.25422
0.25523 0.09647 -0.25205
0.25681 0.0979 -0.25096
0.25838 0.09933 -0.24985
0.25995 0.10075 -0.24874
0.26152 0.10217 -0.24762
0.26307 0.10359 -0.24649
0.25047 0.09221 -0.25529
0.25294 0.09193 -0.25419
0.25134 0.09052 -0.25525
0.25453 0.09337 -0.25313
0.25611 0.09481 -0.25206
0.25769 0.09625 -0.25099
0.25927 0.09768 -0.24991
0.26084 0.09911 -0.24881
0.26241 0.10054 -0.2477
0.26396 0.10197 -0.24657
0.2538 0.09021 -0.25416
0.2522 0.08879 -0.25522
0.25539 0.09166 -0.25311
0.25698 0.09311 -0.25207
0.25857 0.09456 -0.25101
0.26015 0.096 -0.24995
0.26173 0.09745 -0.24887
0.2633 0.09888 -0.24777
0.26486 0.10032 -0.24665
0.25059 0.08738 -0.25627
0.25305 0.08706 -0.25518
0.25145 0.08564 -0.25623
0.25466 0.08849 -0.25413
0.25625 0.08995 -0.25309
0.25784 0.09141 -0.25205
0.25943 0.09287 -0.25101
0.26102 0.09432 -0.24996
0.26261 0.09577 -0.2489
0.26418 0.09722 -0.24783
0.26574 0.09866 -0.24672
0.24985 0.08422 -0.25728
0.25232 0.08391 -0.25619
0.25071 0.08248 -0.25723
0.25392 0.08534 -0.25514
0.25552 0.08677 -0.25409
0.25711 0.08824 -0.25305
0.2587 0.08971 -0.25202
0.26029 0.09117 -0.25098
0.26188 0.09263 -0.24995
0.26347 0.09409 -0.24891
0.26505 0.09555 -0.24785
0.26662 0.097 -0.24677
0.25318 0.08218 -0.25615
0.25157 0.08074 -0.25718
0.25479 0.08362 -0.25511
0.25639 0.08506 -0.25406
0.25797 0.08653 -0.25302
0.25955 0.088 -0.25198
0.26114 0.08947 -0.25094
0.26273 0.09094 -0.24991
0.26432 0.09241 -0.24888
0.2659 0.09387 -0.24784
0.26748 0.09534 -0.24677
0.24995 0.0793 -0.25821
0.25243 0.07901 -0.25713
0.25081 0.07756 -0.25814
0.25404 0.08045 -0.25611
0.25565 0.0819 -0.25508
0.25725 0.08335 -0.25404
0.25883 0.08482 -0.25299
0.2604 0.08629 -0.25195
0.26199 0.08777 -0.25091
0.26357 0.08924 -0.24987
0.26516 0.09072 -0.24884
0.26674 0.09219 -0.2478
0.26832 0.09366 -0.24675
0.25328 0.07727 -0.25707
0.25166 0.07581 -0.25807
0.25489 0.07872 -0.25606
0.2565 0.08018 -0.25504
0.2581 0.08163 -0.25401
0.25968 0.08311 -0.25297
0.26126 0.08459 -0.25192
0.26284 0.08607 -0.25087
0.26442 0.08755 -0.24982
0.26599 0.08902 -0.24878
0.26757 0.0905 -0.24774
0.26915 0.09198 -0.24669
0.25003 0.07435 -0.25906
0.25251 0.07406 -0.25799
0.25088 0.07259 -0.25897
0.25413 0.07552 -0.257
0.25574 0.07699 -0.256
0.25735 0.07845 -0.25499
0.25896 0.07991 -0.25396
0.26054 0.0814 -0.25293
0.26211 0.08288 -0.25189
0.26369 0.08437 -0.25084
0.26526 0.08585 -0.24978
0.26683 0.08733 -0.24873
0.2684 0.08881 -0.24768
0.26997 0.0903 -0.24663
0.24925 0.07112 -0.25993
0.25173 0.07084 -0.25888
0.2501 0.06936 -0.25984
0.25336 0.07231 -0.25791
0.25498 0.07378 -0.25693
0.25659 0.07525 -0.25594
0.2582 0.07672 -0.25493
0.2598 0.07819 -0.25391
0.26138 0.07968 -0.25288
0.26296 0.08117 -0.25184
0.26453 0.08266 -0.25079
0.2661 0.08415 -0.24974
0.26766 0.08564 -0.24868
0.26923 0.08713 -0.24762
0.27079 0.08862 -0.24655
0.25257 0.06902 -0.25882
0.25094 0.06753 -0.25977
0.2542 0.07051 -0.25785
0.25581 0.07198 -0.25687
0.25742 0.07346 -0.25588
0.25903 0.07494 -0.25488
0.26063 0.07642 -0.25386
0.26221 0.07792 -0.25283
0.26378 0.07942 -0.2518
0.26535 0.08091 -0.25075
0.26692 0.08241 -0.2497
0.26848 0.0839 -0.24864
0.27003 0.0854 -0.24757
0.27159 0.08689 -0.2465
0.2493 0.06605 -0.26071
0.25178 0.06571 -0.2597
0.25015 0.06421 -0.26064
0.25341 0.06721 -0.25876
0.25503 0.0687 -0.2578
0.25665 0.07019 -0.25682
0.25825 0.07167 -0.25582
0.25985 0.07316 -0.25482
0.26145 0.07464 -0.2538
0.26302 0.07615 -0.25277
0.26459 0.07766 -0.25174
0.26616 0.07916 -0.25069
0.26773 0.08066 -0.24964
0.26928 0.08216 -0.24858
0.27083 0.08366 -0.24752
0.27238 0.08516 -0.24645
0.24851 0.06271 -0.26157
0.25099 0.06238 -0.26057
0.24936 0.06087 -0.2615
0.25262 0.06389 -0.25963
0.25425 0.06539 -0.25869
0.25587 0.06689 -0.25774
0.25748 0.06839 -0.25676
0.25908 0.06988 -0.25576
0.26068 0.07137 -0.25475
0.26227 0.07287 -0.25373
0.26384 0.07438 -0.2527
0.2654 0.0759 -0.25166
0.26697 0.0774 -0.25062
0.26853 0.07891 -0.24957
0.27008 0.08042 -0.24852
0.27163 0.08193 -0.24746
0.27317 0.08343 -0.24638
0.24774 0.05937 -0.26243
0.25021 0.05903 -0.26142
0.2486 0.05752 -0.26236
0.25184 0.06055 -0.26049
0.25346 0.06206 -0.25955
0.25509 0.06357 -0.25862
0.2567 0.06508 -0.25767
0.25831 0.06659 -0.25669
0.25991 0.06809 -0.2557
0.2615 0.06959 -0.25468
0.26308 0.07109 -0.25366
0.26464 0.07261 -0.25262
0.2662 0.07413 -0.25158
0.26776 0.07565 -0.25054
0.26932 0.07716 -0.24949
0.27087 0.07868 -0.24844
0.27242 0.08019 -0.24738
0.27396 0.0817 -0.2463
0.25106 0.05719 -0.26134
0.24945 0.05567 -0.26229
0.25267 0.05871 -0.2604
0.25429 0.06023 -0.25946
0.25591 0.06175 -0.25852
0.25753 0.06327 -0.25758
0.25914 0.06478 -0.25662
0.26074 0.0663 -0.25563
0.26232 0.06781 -0.25461
0.2639 0.06931 -0.25359
0.26545 0.07084 -0.25255
0.267 0.07236 -0.2515
0.26856 0.07389 -0.25046
0.27011 0.07541 -0.24941
0.27166 0.07693 -0.24835
0.27321 0.07846 -0.24729
0.27474 0.07997 -0.24622
0.24785 0.05416 -0.26325
0.25031 0.05382 -0.26222
0.24872 0.05231 -0.2632
0.2519 0.05534 -0.26126
0.25351 0.05687 -0.2603
0.25512 0.0584 -0.25936
0.25673 0.05993 -0.25842
0.25834 0.06145 -0.25748
0.25995 0.06298 -0.25652
0.26155 0.0645 -0.25554
0.26314 0.06602 -0.25454
0.26471 0.06753 -0.25352
0.26626 0.06907 -0.25248
0.26781 0.0706 -0.25143
0.26936 0.07213 -0.25038
0.27091 0.07366 -0.24932
0.27245 0.07519 -0.24827
0.27399 0.07672 -0.2472
0.27552 0.07825 -0.24613
0.24714 0.05079 -0.26418
0.24959 0.05046 -0.26316
0.24802 0.04893 -0.26416
0.25117 0.05198 -0.26217
0.25275 0.0535 -0.26118
0.25434 0.05503 -0.26021
0.25594 0.05656 -0.25924
0.25754 0.0581 -0.25829
0.25915 0.05963 -0.25735
0.26076 0.06117 -0.2564
0.26236 0.0627 -0.25544
0.26395 0.06423 -0.25445
0.26552 0.06575 -0.25344
0.26708 0.06729 -0.2524
0.26862 0.06884 -0.25136
0.27016 0.07037 -0.2503
0.2717 0.07191 -0.24924
0.27324 0.07345 -0.24818
0.27477 0.07498 -0.24711
0.27629 0.07651 -0.24603
0.25048 0.04861 -0.26313
0.24892 0.04708 -0.26415
0.25203 0.05013 -0.26212
0.2536 0.05166 -0.26112
0.25518 0.05319 -0.26012
0.25677 0.05473 -0.25913
0.25836 0.05627 -0.25817
0.25995 0.05781 -0.25721
0.26155 0.05935 -0.25626
0.26315 0.06089 -0.25531
0.26475 0.06243 -0.25434
0.26633 0.06396 -0.25334
0.26788 0.06552 -0.25232
0.26943 0.06707 -0.25128
0.27097 0.06862 -0.25023
0.2725 0.07016 -0.24917
0.27403 0.0717 -0.2481
0.27555 0.07324 -0.24702
0.27707 0.07478 -0.24593
0.24736 0.04555 -0.26517
0.24984 0.04512 -0.26418
0.24829 0.04358 -0.26521
0.25138 0.04666 -0.26314
0.25293 0.04819 -0.26211
0.25448 0.04973 -0.26109
0.25604 0.05127 -0.26006
0.25761 0.05281 -0.25905
0.25918 0.05436 -0.25805
0.26076 0.05591 -0.25707
0.26234 0.05746 -0.25611
0.26394 0.05901 -0.25516
0.26553 0.06056 -0.2542
0.26712 0.06211 -0.25323
0.26868 0.06368 -0.25224
0.27023 0.06524 -0.25121
0.27177 0.0668 -0.25017
0.2733 0.06835 -0.2491
0.27482 0.0699 -0.24803
0.27634 0.07145 -0.24694
0.27785 0.07299 -0.24585
0.24674 0.04205 -0.26625
0.24922 0.04162 -0.26527
0.24768 0.04008 -0.26631
0.25076 0.04317 -0.26422
0.2523 0.04471 -0.26317
0.25383 0.04625 -0.26212
0.25537 0.0478 -0.26107
0.25691 0.04935 -0.26002
0.25846 0.0509 -0.25898
0.26001 0.05245 -0.25796
0.26157 0.05401 -0.25695
0.26314 0.05557 -0.25597
0.26472 0.05713 -0.255
0.2663 0.05869 -0.25405
0.26789 0.06026 -0.25309
0.26946 0.06184 -0.25212
0.27102 0.06341 -0.25112
0.27257 0.06498 -0.25009
0.2741 0.06654 -0.24903
0.27562 0.0681 -0.24796
0.27713 0.06965 -0.24686
0.27863 0.0712 -0.24576
0.25016 0.03966 -0.26534
0.24863 0.03811 -0.26639
0.25169 0.04122 -0.26428
0.25322 0.04277 -0.26321
0.25474 0.04432 -0.26215
0.25626 0.04587 -0.26108
0.25779 0.04743 -0.26001
0.25932 0.04899 -0.25894
0.26085 0.05055 -0.25789
0.26238 0.05211 -0.25685
0.26393 0.05368 -0.25584
0.2655 0.05525 -0.25485
0.26707 0.05683 -0.25389
0.26865 0.0584 -0.25293
0.27023 0.05999 -0.25198
0.2718 0.06158 -0.251
0.27335 0.06316 -0.24999
0.27488 0.06473 -0.24895
0.27641 0.0663 -0.24788
0.27792 0.06786 -0.24679
0.27941 0.06942 -0.24568
0.2471 0.03655 -0.26744
0.24958 0.03615 -0.26649
0.24806 0.03458 -0.26755
0.2511 0.03771 -0.26542
0.25262 0.03927 -0.26435
0.25414 0.04083 -0.26327
0.25565 0.04239 -0.26218
0.25717 0.04395 -0.2611
0.25868 0.04551 -0.26001
0.26019 0.04708 -0.25892
0.2617 0.04865 -0.25784
0.26321 0.05022 -0.25677
0.26474 0.05179 -0.25573
0.26629 0.05338 -0.25471
0.26785 0.05496 -0.25373
0.26941 0.05655 -0.25277
0.27099 0.05815 -0.25182
0.27256 0.05974 -0.25086
0.27412 0.06133 -0.24987
0.27566 0.06292 -0.24885
0.27719 0.0645 -0.24779
0.2787 0.06607 -0.2467
0.2802 0.06763 -0.2456
0.25055 0.03418 -0.26659
0.24903 0.03261 -0.26767
0.25206 0.03575 -0.26551
0.25356 0.03732 -0.26442
0.25507 0.03889 -0.26333
0.25658 0.04046 -0.26223
0.25808 0.04203 -0.26113
0.25957 0.0436 -0.26003
0.26106 0.04518 -0.25892
0.26256 0.04675 -0.25782
0.26406 0.04833 -0.25672
0.26556 0.04991 -0.25565
0.26709 0.0515 -0.2546
0.26863 0.0531 -0.25359
0.27018 0.0547 -0.25261
0.27175 0.0563 -0.25166
0.27332 0.0579 -0.2507
0.27489 0.05951 -0.24973
0.27644 0.0611 -0.24873
0.27797 0.06269 -0.2477
0.27949 0.06428 -0.24662
0.28098 0.06585 -0.24552
0.24751 0.03103 -0.26874
0.25001 0.03064 -0.2678
0.2485 0.02905 -0.26889
0.25152 0.03222 -0.26671
0.25302 0.0338 -0.26562
0.25452 0.03538 -0.26452
0.25601 0.03696 -0.26341
0.2575 0.03853 -0.26229
0.259 0.04011 -0.26117
0.26047 0.04169 -0.26005
0.26195 0.04328 -0.25893
0.26343 0.04486 -0.25781
0.26491 0.04645 -0.25669
0.2664 0.04804 -0.25559
0.2679 0.04964 -0.25452
0.26942 0.05124 -0.25348
0.27095 0.05285 -0.25248
0.27251 0.05446 -0.2515
0.27408 0.05607 -0.25055
0.27565 0.05768 -0.24959
0.27721 0.05928 -0.24861
0.27875 0.06088 -0.2476
0.28027 0.06248 -0.24655
0.28177 0.06406 -0.24545
0.24699 0.02746 -0.26996
0.24949 0.02708 -0.26905
0.24799 0.02548 -0.27013
0.25099 0.02868 -0.26795
0.25249 0.03027 -0.26685
0.25398 0.03185 -0.26574
0.25547 0.03344 -0.26463
0.25696 0.03503 -0.26351
0.25844 0.03661 -0.26238
0.25992 0.03819 -0.26124
0.26138 0.03979 -0.2601
0.26284 0.04138 -0.25895
0.2643 0.04297 -0.25782
0.26577 0.04457 -0.25668
0.26724 0.04617 -0.25556
0.26873 0.04777 -0.25446
0.27023 0.04938 -0.2534
0.27174 0.051 -0.25237
0.27329 0.05261 -0.25137
0.27485 0.05423 -0.25041
0.27642 0.05585 -0.24945
0.27798 0.05746 -0.24849
0.27953 0.05908 -0.2475
0.28106 0.06069 -0.24647
0.28257 0.06228 -0.2454
0.25049 0.0251 -0.26921
0.249 0.02349 -0.2703
0.25197 0.02671 -0.26811
0.25346 0.02831 -0.267
0.25495 0.02991 -0.26588
0.25644 0.03151 -0.26475
0.25791 0.0331 -0.26362
0.25938 0.03469 -0.26247
0.26085 0.03628 -0.26132
0.2623 0.03788 -0.26016
0.26375 0.03949 -0.259
0.26519 0.04109 -0.25784
0.26664 0.0427 -0.25669
0.2681 0.0443 -0.25556
0.26957 0.04592 -0.25444
0.27105 0.04753 -0.25334
0.27255 0.04916 -0.25229
0.27408 0.05077 -0.25127
0.27563 0.05239 -0.25029
0.27719 0.05402 -0.24933
0.27876 0.05565 -0.24838
0.28031 0.05727 -0.2474
0.28185 0.05889 -0.2464
0.28337 0.0605 -0.24535
0.24744 0.02194 -0.27139
0.25001 0.02141 -0.27049
0.2515 0.02303 -0.26939
0.25299 0.02464 -0.26828
0.25447 0.02625 -0.26716
0.25595 0.02786 -0.26603
0.25743 0.02947 -0.2649
0.2589 0.03107 -0.26376
0.26036 0.03267 -0.2626
0.26182 0.03427 -0.26144
0.26326 0.03588 -0.26026
0.26469 0.03749 -0.25909
0.26612 0.0391 -0.25791
0.26756 0.04071 -0.25674
0.269 0.04233 -0.25558
0.27045 0.04395 -0.25444
0.27192 0.04557 -0.25333
0.2734 0.04721 -0.25225
0.27492 0.04883 -0.2512
0.27645 0.05045 -0.2502
0.278 0.05209 -0.24923
0.27956 0.05373 -0.24827
0.28112 0.05537 -0.24732
0.28266 0.05701 -0.24634
0.28419 0.05863 -0.24531
0.25251 0.02095 -0.26956
0.25399 0.02257 -0.26844
0.25547 0.02419 -0.26732
0.25695 0.02581 -0.26619
0.25842 0.02743 -0.26505
0.25988 0.02904 -0.2639
0.26134 0.03066 -0.26274
0.2628 0.03226 -0.26156
0.26422 0.03388 -0.26038
0.26564 0.0355 -0.25919
0.26706 0.03712 -0.258
0.26849 0.03874 -0.25681
0.26992 0.04036 -0.25563
0.27135 0.04199 -0.25448
0.2728 0.04362 -0.25334
0.27427 0.04527 -0.25224
0.27577 0.04689 -0.25117
0.27728 0.04853 -0.25014
0.27882 0.05017 -0.24915
0.28037 0.05182 -0.24819
0.28192 0.05347 -0.24724
0.28347 0.05512 -0.24628
0.28501 0.05677 -0.24528
0.25499 0.0205 -0.2686
0.25647 0.02213 -0.26747
0.25794 0.02376 -0.26633
0.25941 0.02539 -0.26519
0.26087 0.02701 -0.26403
0.26232 0.02864 -0.26287
0.26377 0.03025 -0.26169
0.26519 0.03188 -0.2605
0.2666 0.03351 -0.2593
0.26801 0.03514 -0.2581
0.26943 0.03677 -0.2569
0.27084 0.0384 -0.25571
0.27227 0.04003 -0.25453
0.2737 0.04168 -0.25338
0.27515 0.04333 -0.25226
0.27663 0.04496 -0.25117
0.27813 0.0466 -0.25012
0.27965 0.04825 -0.24911
0.28118 0.04991 -0.24813
0.28273 0.05158 -0.24717
0.28428 0.05324 -0.24622
0.28582 0.0549 -0.24524
0.25747 0.02007 -0.26762
0.25894 0.0217 -0.26647
0.26039 0.02334 -0.26532
0.26184 0.02498 -0.26416
0.2633 0.02662 -0.26299
0.26475 0.02824 -0.2618
0.26616 0.02988 -0.26062
0.26756 0.03152 -0.25942
0.26897 0.03316 -0.25821
0.27037 0.0348 -0.257
0.27178 0.03644 -0.2558
0.2732 0.03809 -0.25461
0.27462 0.03974 -0.25345
0.27605 0.0414 -0.25231
0.27751 0.04304 -0.2512
0.27899 0.04469 -0.25012
0.28049 0.04634 -0.24909
0.28201 0.04801 -0.24809
0.28355 0.04968 -0.24712
0.28509 0.05136 -0.24616
0.28663 0.05304 -0.2452
0.25992 0.01966 -0.26662
0.26138 0.0213 -0.26545
0.26283 0.02295 -0.26429
0.26428 0.02459 -0.26311
0.26572 0.02622 -0.26192
0.26712 0.02788 -0.26073
0.26852 0.02953 -0.25953
0.26992 0.03118 -0.25832
0.27132 0.03284 -0.25711
0.27272 0.03449 -0.2559
0.27412 0.03614 -0.25471
0.27554 0.03781 -0.25353
0.27696 0.03948 -0.25237
0.27841 0.04112 -0.25125
0.27987 0.04278 -0.25015
0.28135 0.04444 -0.24909
0.28286 0.04611 -0.24807
0.28438 0.04779 -0.24708
0.28591 0.04948 -0.24611
0.28745 0.05117 -0.24515
0.26237 0.01926 -0.2656
0.26381 0.02091 -0.26442
0.26526 0.02256 -0.26324
0.2667 0.0242 -0.26204
0.26809 0.02587 -0.26084
0.26948 0.02754 -0.25964
0.27087 0.02921 -0.25842
0.27226 0.03087 -0.25721
0.27365 0.03253 -0.256
0.27505 0.0342 -0.25481
0.27646 0.03588 -0.25362
0.27788 0.03756 -0.25246
0.27931 0.03921 -0.25132
0.28076 0.04087 -0.2502
0.28222 0.04254 -0.24912
0.28371 0.04422 -0.24807
0.28521 0.04591 -0.24705
0.28673 0.0476 -0.24607
0.28826 0.0493 -0.2451
0.2648 0.01888 -0.26456
0.26624 0.02054 -0.26337
0.26768 0.02219 -0.26217
0.26907 0.02387 -0.26097
0.27045 0.02556 -0.25976
0.27183 0.02723 -0.25854
0.27321 0.02891 -0.25732
0.2746 0.03058 -0.25611
0.27598 0.03226 -0.25491
0.27738 0.03395 -0.25372
0.27879 0.03564 -0.25255
0.28022 0.0373 -0.2514
0.28165 0.03897 -0.25027
0.2831 0.04065 -0.24916
0.28457 0.04233 -0.24808
0.28605 0.04403 -0.24704
0.28755 0.04572 -0.24603
0.28907 0.04743 -0.24505
0.26866 0.02018 -0.26232
0.27005 0.02188 -0.26112
0.27143 0.02357 -0.2599
0.2728 0.02526 -0.25868
0.27417 0.02695 -0.25745
0.27554 0.02864 -0.25622
0.27692 0.03033 -0.25501
0.27831 0.03202 -0.25381
0.27971 0.03372 -0.25264
0.28113 0.03539 -0.25148
0.28255 0.03707 -0.25034
0.28398 0.03876 -0.24921
0.28543 0.04045 -0.24811
0.2869 0.04215 -0.24704
0.28838 0.04385 -0.24601
0.28988 0.04556 -0.245
0.27107 0.01978 -0.26129
0.27244 0.02148 -0.26008
0.27381 0.02318 -0.25885
0.27518 0.02487 -0.25762
0.27655 0.02657 -0.25638
0.27792 0.02826 -0.25516
0.27929 0.02996 -0.25394
0.28068 0.03166 -0.25275
0.28208 0.03335 -0.25158
0.28349 0.03505 -0.25043
0.28491 0.03674 -0.24929
0.28633 0.03845 -0.24817
0.28777 0.04015 -0.24707
0.28923 0.04187 -0.24601
0.29071 0.04358 -0.24497
0.27347 0.0194 -0.26027
0.27484 0.0211 -0.25904
0.2762 0.0228 -0.25781
0.27756 0.0245 -0.25657
0.27892 0.0262 -0.25533
0.28029 0.0279 -0.2541
0.28166 0.02961 -0.25288
0.28304 0.03131 -0.2517
0.28443 0.03302 -0.25053
0.28583 0.03473 -0.24937
0.28723 0.03644 -0.24824
0.28865 0.03816 -0.24711
0.29008 0.03988 -0.24602
0.29154 0.04161 -0.24495
0.27587 0.01902 -0.25924
0.27723 0.02073 -0.25801
0.27858 0.02244 -0.25676
0.27993 0.02415 -0.25551
0.28129 0.02585 -0.25427
0.28265 0.02757 -0.25303
0.28401 0.02928 -0.25182
0.28538 0.031 -0.25063
0.28675 0.03272 -0.24946
0.28814 0.03444 -0.2483
0.28954 0.03617 -0.24716
0.29094 0.0379 -0.24603
0.29237 0.03963 -0.24494
0.27826 0.01866 -0.25821
0.27961 0.02038 -0.25697
0.28095 0.0221 -0.25571
0.2823 0.02381 -0.25445
0.28365 0.02552 -0.25319
0.28498 0.02725 -0.25196
0.28633 0.02897 -0.25075
0.28768 0.03071 -0.24955
0.28905 0.03244 -0.24837
0.29042 0.03418 -0.2472
0.29181 0.03591 -0.24605
0.2932 0.03766 -0.24492
0.28064 0.01832 -0.25717
0.28197 0.02004 -0.25591
0.28331 0.02176 -0.25463
0.28464 0.02348 -0.25336
0.28595 0.02521 -0.25211
0.28727 0.02695 -0.25087
0.28861 0.02869 -0.24965
0.28995 0.03044 -0.24844
0.2913 0.03218 -0.24724
0.29266 0.03393 -0.24607
0.29403 0.03569 -0.24491
0.283 0.01799 -0.2561
0.28432 0.01971 -0.25481
0.28563 0.02144 -0.25352
0.28692 0.02318 -0.25224
0.28822 0.02493 -0.25098
0.28953 0.02668 -0.24973
0.29085 0.02844 -0.2485
0.29218 0.03019 -0.24728
0.29351 0.03195 -0.24608
0.29486 0.03372 -0.2449
0.28533 0.01766 -0.255
0.28663 0.01939 -0.25368
0.28789 0.02114 -0.25237
0.28916 0.0229 -0.25108
0.29045 0.02466 -0.2498
0.29174 0.02643 -0.24855
0.29304 0.0282 -0.24731
0.29436 0.02997 -0.24608
0.29569 0.03175 -0.24487
0.28763 0.01734 -0.25383
0.28886 0.0191 -0.2525
0.2901 0.02087 -0.25117
0.29136 0.02264 -0.24987
0.29262 0.02442 -0.24858
0.2939 0.0262 -0.24731
0.2952 0.02799 -0.24607
0.2965 0.02978 -0.24483
0.28985 0.017 -0.25263
0.29106 0.01877 -0.25127
0.29229 0.02055 -0.24993
0.29352 0.02233 -0.24861
0.29478 0.02412 -0.24731
0.29605 0.02591 -0.24604
0.29733 0.02771 -0.24479
0.29202 0.01668 -0.25137
0.29321 0.01846 -0.24999
0.29442 0.02025 -0.24863
0.29565 0.02204 -0.2473
0.29689 0.02383 -0.246
0.29816 0.02564 -0.24472
0.29532 0.01816 -0.24865
0.29652 0.01996 -0.24728
0.29773 0.02176 -0.24595
0.29897 0.02357 -0.24465
0.29739 0.01788 -0.24727
0.29857 0.01969 -0.24591
0.29979 0.02151 -0.24457
0.29942 0.01761 -0.24587
0.3006 0.01944 -0.2445
0.30141 0.01737 -0.24443
0.30025 0.01554 -0.24581
0.30222 0.01529 -0.24434
POLYGONS 6132 24528
3 0 1 2
3 2 1 3
3 1 4 3
3 3 4 5
3 4 6 5
3 5 6 7
3 6 8 7
3 7 8 9
3 8 10 9
3 9 10 11
3 2 3 12
3 12 3 13
3 3 5 13
3 13 5 14
3 5 7 14
3 14 7 15
3 7 9 15
3 15 9 16
3 9 11 16
3 16 11 17
3 11 18 17
3 17 18 19
3 18 20 19
3 19 20 21
3 20 22 21
3 21 22 23
3 22 24 23
3 23 24 25
3 24 26 25
3 25 26 27
3 26 28 27
3 27 28 29
3 30 12 31
3 12 13 31
3 31 13 32
3 13 14 32
3 32 14 33
3 14 15 33
3 33 15 34
3 15 16 34
3 34 16 35
3 16 17 35
3 35 17 36
3 17 19 36
3 36 19 37
3 19 21 37
3 37 21 38
3 21 23 38
3 38 23 39
3 23 25 39
3 39 25 40
3 25 27 40
3 40 27 41
3 27 29 41
3 41 29 42
3 29 43 42
3 42 43 44
3 43 45 44
3 44 45 46
3 45 47 46
3 46 47 48
3 47 49 48
3 48 49 50
3 49 51 50
3 50 51 52
3 30 31 53
3 53 31 54
3 31 32 54
3 54 32 55
3 32 33 55
3 55 33 56
3 33 34 56
3 56 34 57
3 34 35 57
3 57 35 58
3 35 36 58
3 58 36 59
3 36 37 59
3 59 37 60
3 37 38 60
3 60 38 61
3 38 39 61
3 61 39 62
3 39 40 62
3 62 40 63
3 40 41 63
3 63 41 64
3 41 42 64
3 64 42 65
3 42 44 65
3 65 44 66
3 44 46 66
3 66 46 67
3 46 48 67
3 67 48 68
3 48 50 68
3 68 50 69
3 50 52 69
3 69 52 70
3 52 71 70
3 70 71 72
3 71 73 72
3 72 73 74
3 73 75 74
3 74 75 76
3 75 77 76
3 76 77 78
3 77 79 78
3 78 79 80
3 79 81 80
3 80 81 82
3 81 83 82
3 82 83 84
3 85 53 86
3 53 54 86
3 86 54 87
3 54 55 87
3 87 55 88
3 55 56 88
3 88 56 89
3 56 57 89
3 89 57 90
3 57 58 90
3 90 58 91
3 58 59 91
3 91 59 92
3 59 60 92
3 92 60 93
3 60 61 93
3 93 61 94
3 61 62 94
3 94 62 95
3 62 63 95
3 95 63 96
3 63 64 96
3 96 64 97
3 64 65 97
3 97 65 98
3 65 66 98
3 98 66 99
3 66 67 99
3 99 67 100
3 67 68 100
3 100 68 101
3 68 69 101
3 101 69 102
3 69 70 102
3 102 70 103
3 70 72 103
3 103 72 104
3 72 74 104
3 104 74 105
3 74 76 105
3 105 76 106
3 76 78 106
3 106 78 107
3 78 80 107
3 107 80 108
3 80 82 108
3 108 82 109
3 82 84 109
3 109 84 110
3 85 86 111
3 111 86 112
3 86 87 112
3 112 87 113
3 87 88 113
3 113 88 114
3 88 89 114
3 114 89 115
3 89 90 115
3 115 90 116
3 90 91 116
3 116 91 117
3 91 92 117
3 117 92 118
3 92 93 118
3 118 93 119
3 93 94 119
3 119 94 120
3 94 95 120
3 120 95 121
3 95 96 121
3 121 96 122
3 96 97 122
3 122 97 123
3 97 98 123
3 123 98 124
3 98 99 124
3 124 99 125
3 99 100 125
3 125 100 126
3 100 101 126
3 126 101 127
3 101 102 127
3 127 102 128
3 102 103 128
3 128 103 129
3 103 104 129
3 129 104 130
3 104 105 130
3 130 105 131
3 105 106 131
3 131 106 132
3 106 107 132
3 132 107 133
3 107 108 133
3 133 108 134
3 108 109 134
3 134 109 135
3 109 110 135
3 135 110 136
3 137 111 138
3 111 112 138
3 138 112 139
3 112 113 139
3 139 113 140
3 113 114 140
3 140 114 141
3 114 115 141
3 141 115 142
3 115 116 142
3 142 116 143
3 116 117 143
3 143 117 144
3 117 118 144
3 144 118 145
3 118 119 145
3 145 119 146
3 119 120 146
3 146 120 147
3 120 121 147
3 147 121 148
3 121 122 148
3 148 122 149
3 122 123 149
3 149 123 150
3 123 124 150
3 150 124 151
3 124 125 151
3 151 125 152
3 125 126 152
3 152 126 153
3 126 127 153
3 153 127 154
3 127 128 154
3 154 128 155
3 128 129 155
3 155 129 156
3 129 130 156
3 156 130 157
3 130 131 157
3 157 131 158
3 131 132 158
3 158 132 159
3 132 133 159
3 159 133 160
3 133 134 160
3 160 134 161
3 134 135 161
3 161 135 162
3 135 136 162
3 162 136 163
3 137 138 164
3 164 138 165
3 138 139 165
3 165 139 166
3 139 140 166
3 166 140 167
3 140 141 167
3 167 141 168
3 141 142 168
3 168 142 169
3 142 143 169
3 169 143 170
3 143 144 170
3 170 144 171
3 144 145 171
3 171 145 172
3 145 146 172
3 172 146 173
3 146 147 173
3 173 147 174
3 147 148 174
3 174 148 175
3 148 149 175
3 175 149 176
3 149 150 176
3 176 150 177
3 150 151 177
3 177 151 178
3 151 152 178
3 178 152 179
3 152 153 179
3 179 153 180
3 153 154 180
3 180 154 181
3 154 155 181
3 181 155 182
3 155 156 182
3 182 156 183
3 156 157 183
3 183 157 184
3 157 158 184
3 184 158 185
3 158 159 185
3 185 159 186
3 159 160 186
3 186 160 187
3 160 161 187
3 187 161 188
3 161 162 188
3 188 162 189
3 162 163 189
3 189 163 190
3 191 164 192
3 164 165 192
3 192 165 193
3 165 166 193
3 193 166 194
3 166 167 194
3 194 167 195
3 167 168 195
3 195 168 196
3 168 169 196
3 196 169 197
3 169 170 197
3 197 170 198
3 170 171 198
3 198 171 199
3 171 172 199
3 199 172 200
3 172 173 200
3 200 173 201
3 173 174 201
3 201 174 202
3 174 175 202
3 202 175 203
3 175 176 203
3 203 176 204
3 176 177 204
3 204 177 205
3 177 178 205
3 205 178 206
3 178 179 206
3 206 179 207
3 179 180 207
3 207 180 208
3 180 181 208
3 208 181 209
3 181 182 209
3 209 182 210
3 182 183 210
3 210 183 211
3 183 184 211
3 211 184 212
3 184 185 212
3 212 185 213
3 185 186 213
3 213 186 214
3 186 187 214
3 214 187 215
3 187 188 215
3 215 188 216
3 188 189 216
3 216 189 217
3 189 190 217
3 217 190 218
3 191 192 219
3 219 192 220
3 192 193 220
3 220 193 221
3 193 194 221
3 221 194 222
3 194 195 222
3 222 195 223
3 195 196 223
3 223 196 224
3 196 197 224
3 224 197 225
3 197 198 225
3 225 198 226
3 198 199 226
3 226 199 227
3 199 200 227
3 227 200 228
3 200 201 228
3 228 201 229
3 201 202 229
3 229 202 230
3 202 203 230
3 230 203 231
3 203 204 231
3 231 204 232
3 204 205 232
3 232 205 233
3 205 206 233
3 233 206 234
3 206 207 234
3 234 207 235
3 207 208 235
3 235 208 236
3 208 209 236
3 236 209 237
3 209 210 237
3 237 210 238
3 210 211 238
3 238 211 239
3 211 212 239
3 239 212 240
3 212 213 240
3 240 213 241
3 213 214 241
3 241 214 242
3 214 215 242
3 242 215 243
3 215 216 243
3 243 216 244
3 216 217 244
3 244 217 245
3 217 218 245
3 245 218 246
3 247 219 248
3 219 220 248
3 248 220 249
3 220 221 249
3 249 221 250
3 221 222 250
3 250 222 251
3 222 223 251
3 251 223 252
3 223 224 252
3 252 224 253
3 224 225 253
3 253 225 254
3 225 226 254
3 254 226 255
3 226 227 255
3 255 227 256
3 227 228 256
3 256 228 257
3 228 229 257
3 257 229 258
3 229 230 258
3 258 230 259
3 230 231 259
3 259 231 260
3 231 232 260
3 260 232 261
3 232 233 261
3 261 233 262
3 233 234 262
3 262 234 263
3 234 235 263
3 263 235 264
3 235 236 264
3 264 236 265
3 236 237 265
3 265 237 266
3 237 238 266
3 266 238 267
3 238 239 267
3 267 239 268
3 239 240 268
3 268 240 269
3 240 241 269
3 269 241 270
3 241 242 270
3 270 242 271
3 242 243 271
3 271 243 272
3 243 244 272
3 272 244 273
3 244 245 273
3 273 245 274
3 245 246 274
3 274 246 275
3 247 248 276
3 276 248 277
3 248 249 277
3 277 249 278
3 249 250 278
3 278 250 279
3 250 251 279
3 279 251 280
3 251 252 280
3 280 252 281
3 252 253 281
3 281 253 282
3 253 254 282
3 282 254 283
3 254 255 283
3 283 255 284
3 255 256 284
3 284 256 285
3 256 257 285
3 285 257 286
3 257 258 286
3 286 258 287
3 258 259 287
3 287 259 288
3 259 260 288
3 288 260 289
3 260 261 289
3 289 261 290
3 261 262 290
3 290 262 291
3 262 263 291
3 291 263 292
3 263 264 292
3 292 264 293
3 264 265 293
3 293 265 294
3 265 266 294
3 294 266 295
3 266 267 295
3 295 267 296
3 267 268 296
3 296 268 297
3 268 269 297
3 297 269 298
3 269 270 298
3 298 270 299
3 270 271 299
3 299 271 300
3 271 272 300
3 300 272 301
3 272 273 301
3 301 273 302
3 273 274 302
3 302 274 303
3 274 275 303
3 303 275 304
3 305 276 306
3 276 277 306
3 306 277 307
3 277 278 307
3 307 278 308
3 278 279 308
3 308 279 309
3 279 280 309
3 309 280 310
3 280 281 310
3 310 281 311
3 281 282 311
3 311 282 312
3 282 283 312
3 312 283 313
3 283 284 313
3 313 284 314
3 284 285 314
3 314 285 315
3 285 286 315
3 315 286 316
3 286 287 316
3 316 287 317
3 287 288 317
3 317 288 318
3 288 289 318
3 318 289 319
3 289 290 319
3 319 290 320
3 290 291 320
3 320 291 321
3 291 292 321
3 321 292 322
3 292 293 322
3 322 293 323
3 293 294 323
3 323 294 324
3 294 295 324
3 324 295 325
3 295 296 325
3 325 296 326
3 296 297 326
3 326 297 327
3 297 298 327
3 327 298 328
3 298 299 328
3 328 299 329
3 299 300 329
3 329 300 330
3 300 301 330
3 330 301 331
3 301 302 331
3 331 302 332
3 302 303 332
3 332 303 333
3 303 304 333
3 333 304 334
3 305 306 335
3 335 306 336
3 306 307 336
3 336 307 337
3 307 308 337
3 337 308 338
3 308 309 338
3 338 309 339
3 309 310 339
3 339 310 340
3 310 311 340
3 340 311 341
3 311 312 341
3 341 312 342
3 312 313 342
3 342 313 343
3 313 314 343
3 343 314 344
3 314 315 344
3 344 315 345
3 315 316 345
3 345 316 346
3 316 317 346
3 346 317 347
3 317 318 347
3 347 318 348
3 318 319 348
3 348 319 349
3 319 320 349
3 349 320 350
3 320 321 350
3 350 321 351
3 321 322 351
3 351 322 352
3 322 323 352
3 352 323 353
3 323 324 353
3 353 324 354
3 324 325 354
3 354 325 355
3 325 326 355
3 355 326 356
3 326 327 356
3 356 327 357
3 327 328 357
3 357 328 358
3 328 329 358
3 358 329 359
3 329 330 359
3 359 330 360
3 330 331 360
3 360 331 361
3 331 332 361
3 361 332 362
3 332 333 362
3 362 333 363
3 333 334 363
3 363 334 364
3 365 335 366
3 335 336 366
3 366 336 367
3 336 337 367
3 367 337 368
3 337 338 368
3 368 338 369
3 338 339 369
3 369 339 370
3 339 340 370
3 370 340 371
3 340 341 371
3 371 341 372
3 341 342 372
3 372 342 373
3 342 343 373
3 373 343 374
3 343 344 374
3 374 344 375
3 344 345 375
3 375 345 376
3 345 346 376
3 376 346 377
3 346 347 377
3 377 347 378
3 347 348 378
3 378 348 379
3 348 349 379
3 379 349 380
3 349 350 380
3 380 350 381
3 350 351 381
3 381 351 382
3 351 352 382
3 382 352 383
3 352 353 383
3 383 353 384
3 353 354 384
3 384 354 385
3 354 355 385
3 385 355 386
3 355 356 386
3 386 356 387
3 356 357 387
3 387 357 388
3 357 358 388
3 388 358 389
3 358 359 389
3 389 359 390
3 359 360 390
3 390 360 391
3 360 361 391
3 391 361 392
3 361 362 392
3 392 362 393
3 362 363 393
3 393 363 394
3 363 364 394
3 394 364 395
3 365 366 396
3 396 366 397
3 366 367 397
3 397 367 398
3 367 368 398
3 398 368 399
3 368 369 399
3 399 369 400
3 369 370 400
3 400 370 401
3 370 371 401
3 401 371 402
3 371 372 402
3 402 372 403
3 372 373 403
3 403 373 404
3 373 374 404
3 404 374 405
3 374 375 405
3 405 375 406
3 375 376 406
3 406 376 407
3 376 377 407
3 407 377 408
3 377 378 408
3 408 378 409
3 378 379 409
3 409 379 410
3 379 380 410
3 410 380 411
3 380 381 411
3 411 381 412
3 381 382 412
3 412 382 413
3 382 383 413
3 413 383 414
3 383 384 414
3 414 384 415
3 384 385 415
3 415 385 416
3 385 386 416
3 416 386 417
3 386 387 417
3 417 387 418
3 387 388 418
3 418 388 419
3 388 389 419
3 419 389 420
3 389 390 420
3 420 390 421
3 390 391 421
3 421 391 422
3 391 392 422
3 422 392 423
3 392 393 423
3 423 393 424
3 393 394 424
3 424 394 425
3 394 395 425
3 425 395 426
3 396 397 427
3 427 397 428
3 397 398 428
3 428 398 429
3 398 399 429
3 429 399 430
3 399 400 430
3 430 400 431
3 400 401 431
3 431 401 432
3 401 402 432
3 432 402 433
3 402 403 433
3 433 403 434
3 403 404 434
3 434 404 435
3 404 405 435
3 435 405 436
3 405 406 436
3 436 406 437
3 406 407 437
3 437 407 438
3 407 408 438
3 438 408 439
3 408 409 439
3 439 409 440
3 409 410 440
3 440 410 441
3 410 411 441
3 441 411 442
3 411 412 442
3 442 412 443
3 412 413 443
3 443 413 444
3 413 414 444
3 444 414 445
3 414 415 445
3 445 415 446
3 415 416 446
3 446 416 447
3 416 417 447
3 447 417 448
3 417 418 448
3 448 418 449
3 418 419 449
3 449 419 450
3 419 420 450
3 450 420 451
3 420 421 451
3 451 421 452
3 421 422 452
3 452 422 453
3 422 423 453
3 453 423 454
3 423 424 454
3 454 424 455
3 424 425 455
3 455 425 456
3 425 426 456
3 456 426 457
3 458 427 459
3 427 428 459
3 459 428 460
3 428 429 460
3 460 429 461
3 429 430 461
3 461 430 462
3 430 431 462
3 462 431 463
3 431 432 463
3 463 432 464
3 432 433 464
3 464 433 465
3 433 434 465
3 465 434 466
3 434 435 466
3 466 435 467
3 435 436 467
3 467 436 468
3 436 437 468
3 468 437 469
3 437 438 469
3 469 438 470
3 438 439 470
3 470 439 471
3 439 440 471
3 471 440 472
3 440 441 472
3 472 441 473
3 441 442 473
3 473 442 474
3 442 443 474
3 474 443 475
3 443 444 475
3 475 444 476
3 444 445 476
3 476 445 477
3 445 446 477
3 477 446 478
3 446 447 478
3 478 447 479
3 447 448 479
3 479 448 480
3 448 449 480
3 480 449 481
3 449 450 481
3 481 450 482
3 450 451 482
3 482 451 483
3 451 452 483
3 483 452 484
3 452 453 484
3 484 453 485
3 453 454 485
3 485 454 486
3 454 455 486
3 486 455 487
3 455 456 487
3 487 456 488
3 456 457 488
3 488 457 489
3 458 459 490
3 490 459 491
3 459 460 491
3 491 460 492
3 460 461 492
3 492 461 493
3 461 462 493
3 493 462 494
3 462 463 494
3 494 463 495
3 463 464 495
3 495 464 496
3 464 465 496
3 496 465 497
3 465 466 497
3 497 466 498
3 466 467 498
3 498 467 499
3 467 468 499
3 499 468 500
3 468 469 500
3 500 469 501
3 469 470 501
3 501 470 502
3 470 471 502
3 502 471 503
3 471 472 503
3 503 472 504
3 472 473 504
3 504 473 505
3 473 474 505
3 505 474 506
3 474 475 506
3 506 475 507
3 475 476 507
3 507 476 508
3 476 477 508
3 508 477 509
3 477 478 509
3 509 478 510
3 478 479 510
3 510 479 511
3 479 480 511
3 511 480 512
3 480 481 512
3 512 481 513
3 481 482 513
3 513 482 514
3 482 483 514
3 514 483 515
3 483 484 515
3 515 484 516
3 484 485 516
3 516 485 517
3 485 486 517
3 517 486 518
3 486 487 518
3 518 487 519
3 487 488 519
3 519 488 520
3 488 489 520
3 520 489 521
3 522 490 523
3 490 491 523
3 523 491 524
3 491 492 524
3 524 492 525
3 492 493 525
3 525 493 526
3 493 494 526
3 526 494 527
3 494 495 527
3 527 495 528
3 495 496 528
3 528 496 529
3 496 497 529
3 529 497 530
3 497 498 530
3 530 498 531
3 498 499 531
3 531 499 532
3 499 500 532
3 532 500 533
3 500 501 533
3 533 501 534
3 501 502 534
3 534 502 535
3 502 503 535
3 535 503 536
3 503 504 536
3 536 504 537
3 504 505 537
3 537 505 538
3 505 506 538
3 538 506 539
3 506 507 539
3 539 507 540
3 507 508 540
3 540 508 541
3 508 509 541
3 541 509 542
3 509 510 542
3 542 510 543
3 510 511 543
3 543 511 544
3 511 512 544
3 544 512 545
3 512 513 545
3 545 513 546
3 513 514 546
3 546 514 547
3 514 515 547
3 547 515 548
3 515 516 548
3 548 516 549
3 516 517 549
3 549 517 550
3 517 518 550
3 550 518 551
3 518 519 551
3 551 519 552
3 519 520 552
3 552 520 553
3 520 521 553
3 553 521 554
3 522 523 555
3 555 523 556
3 523 524 556
3 556 524 557
3 524 525 557
3 557 525 558
3 525 526 558
3 558 526 559
3 526 527 559
3 559 527 560
3 527 528 560
3 560 528 561
3 528 529 561
3 561 529 562
3 529 530 562
3 562 530 563
3 530 531 563
3 563 531 564
3 531 532 564
3 564 532 565
3 532 533 565
3 565 533 566
3 533 534 566
3 566 534 567
3 534 535 567
3 567 535 568
3 535 536 568
3 568 536 569
3 536 537 569
3 569 537 570
3 537 538 570
3 570 538 571
3 538 539 571
3 571 539 572
3 539 540 572
3 572 540 573
3 540 541 573
3 573 541 574
3 541 542 574
3 574 542 575
3 542 543 575
3 575 543 576
3 543 544 576
3 576 544 577
3 544 545 577
3 577 545 578
3 545 546 578
3 578 546 579
3 546 547 579
3 579 547 580
3 547 548 580
3 580 548 581
3 548 549 581
3 581 549 582
3 549 550 582
3 582 550 583
3 550 551 583
3 583 551 584
3 551 552 584
3 584 552 585
3 552 553 585
3 585 553 586
3 553 554 586
3 586 554 587
3 588 555 589
3 555 556 589
3 589 556 590
3 556 557 590
3 590 557 591
3 557 558 591
3 591 558 592
3 558 559 592
3 592 559 593
3 559 560 593
3 593 560 594
3 560 561 594
3 594 561 595
3 561 562 595
3 595 562 596
3 562 563 596
3 596 563 597
3 563 564 597
3 597 564 598
3 564 565 598
3 598 565 599
3 565 566 599
3 599 566 600
3 566 567 600
3 600 567 601
3 567 568 601
3 601 568 602
3 568 569 602
3 602 569 603
3 569 570 603
3 603 570 604
3 570 571 604
3 604 571 605
3 571 572 605
3 605 572 606
3 572 573 606
3 606 573 607
3 573 574 607
3 607 574 608
3 574 575 608
3 608 575 609
3 575 576 609
3 609 576 610
3 576 577 610
3 610 577 611
3 577 578 611
3 611 578 612
3 578 579 612
3 612 579 613
3 579 580 613
3 613 580 614
3 580 581 614
3 614 581 615
3 581 582 615
3 615 582 616
3 582 583 616
3 616 583 617
3 583 584 617
3 617 584 618
3 584 585 618
3 618 585 619
3 585 586 619
3 619 586 620
3 586 587 620
3 620 587 621
3 588 589 622
3 622 589 623
3 589 590 623
3 623 590 624
3 590 591 624
3 624 591 625
3 591 592 625
3 625 592 626
3 592 593 626
3 626 593 627
3 593 594 627
3 627 594 628
3 594 595 628
3 628 595 629
3 595 596 629
3 629 596 630
3 596 597 630
3 630 597 631
3 597 598 631
3 631 598 632
3 598 599 632
3 632 599 633
3 599 600 633
3 633 600 634
3 600 601 634
3 634 601 635
3 601 602 635
3 635 602 636
3 602 603 636
3 636 603 637
3 603 604 637
3 637 604 638
3 604 605 638
3 638 605 639
3 605 606 639
3 639 606 640
3 606 607 640
3 640 607 641
3 607 608 641
3 641 608 642
3 608 609 642
3 642 609 643
3 609 610 643
3 643 610 644
3 610 611 644
3 644 611 645
3 611 612 645
3 645 612 646
3 612 613 646
3 646 613 647
3 613 614 647
3 647 614 648
3 614 615 648
3 648 615 649
3 615 616 649
3 649 616 650
3 616 617 650
3 650 617 651
3 617 618 651
3 651 618 652
3 618 619 652
3 652 619 653
3 619 620 653
3 653 620 654
3 620 621 654
3 654 621 655
3 656 622 657
3 622 623 657
3 657 623 658
3 623 624 658
3 658 624 659
3 624 625 659
3 659 625 660
3 625 626 660
3 660 626 661
3 626 627 661
3 661 627 662
3 627 628 662
3 662 628 663
3 628 629 663
3 663 629 664
3 629 630 664
3 664 630 665
3 630 631 665
3 665 631 666
3 631 632 666
3 666 632 667
3 632 633 667
3 667 633 668
3 633 634 668
3 668 634 669
3 634 635 669
3 669 635 670
3 635 636 670
3 670 636 671
3 636 637 671
3 671 637 672
3 637 638 672
3 672 638 673
3 638 639 673
3 673 639 674
3 639 640 674
3 674 640 675
3 640 641 675
3 675 641 676
3 641 642 676
3 676 642 677
3 642 643 677
3 677 643 678
3 643 644 678
3 678 644 679
3 644 645 679
3 679 645 680
3 645 646 680
3 680 646 681
3 646 647 681
3 681 647 682
3 647 648 682
3 682 648 683
3 648 649 683
3 683 649 684
3 649 650 684
3 684 650 685
3 650 651 685
3 685 651 686
3 651 652 686
3 686 652 687
3 652 653 687
3 687 653 688
3 653 654 688
3 688 654 689
3 654 655 689
3 689 655 690
3 656 657 691
3 691 657 692
3 657 658 692
3 692 658 693
3 658 659 693
3 693 659 694
3 659 660 694
3 694 660 695
3 660 661 695
3 695 661 696
3 661 662 696
3 696 662 697
3 662 663 697
3 697 663 698
3 663 664 698
3 698 664 699
3 664 665 699
3 699 665 700
3 665 666 700
3 700 666 701
3 666 667 701
3 701 667 702
3 667 668 702
3 702 668 703
3 668 669 703
3 703 669 704
3 669 670 704
3 704 670 705
3 670 671 705
3 705 671 706
3 671 672 706
3 706 672 707
3 672 673 707
3 707 673 708
3 673 674 708
3 708 674 709
3 674 675 709
3 709 675 710
3 675 676 710
3 710 676 711
3 676 677 711
3 711 677 712
3 677 678 712
3 712 678 713
3 678 679 713
3 713 679 714
3 679 680 714
3 714 680 715
3 680 681 715
3 715 681 716
3 681 682 716
3 716 682 717
3 682 683 717
3 717 683 718
3 683 684 718
3 718 684 719
3 684 685 719
3 719 685 720
3 685 686 720
3 720 686 721
3 686 687 721
3 721 687 722
3 687 688 722
3 722 688 723
3 688 689 723
3 723 689 724
3 689 690 724
3 724 690 725
3 726 691 727
3 691 692 727
3 727 692 728
3 692 693 728
3 728 693 729
3 693 694 729
3 729 694 730
3 694 695 730
3 730 695 731
3 695 696 731
3 731 696 732
3 696 697 732
3 732 697 733
3 697 698 733
3 733 698 734
3 698 699 734
3 734 699 735
3 699 700 735
3 735 700 736
3 700 701 736
3 736 701 737
3 701 702 737
3 737 702 738
3 702 703 738
3 738 703 739
3 703 704 739
3 739 704 740
3 704 705 740
3 740 705 741
3 705 706 741
3 741 706 742
3 706 707 742
3 742 707 743
3 707 708 743
3 743 708 744
3 708 709 744
3 744 709 745
3 709 710 745
3 745 710 746
3 710 711 746
3 746 711 747
3 711 712 747
3 747 712 748
3 712 713 748
3 748 713 749
3 713 714 749
3 749 714 750
3 714 715 750
3 750 715 751
3 715 716 751
3 751 716 752
3 716 717 752
3 752 717 753
3 717 718 753
3 753 718 754
3 718 719 754
3 754 719 755
3 719 720 755
3 755 720 756
3 720 721 756
3 756 721 757
3 721 722 757
3 757 722 758
3 722 723 758
3 758 723 759
3 723 724 759
3 759 724 760
3 724 725 760
3 760 725 761
3 726 727 762
3 762 727 763
3 727 728 763
3 763 728 764
3 728 729 764
3 764 729 765
3 729 730 765
3 765 730 766
3 730 731 766
3 766 731 767
3 731 732 767
3 767 732 768
3 732 733 768
3 768 733 769
3 733 734 769
3 769 734 770
3 734 735 770
3 770 735 771
3 735 736 771
3 771 736 772
3 736 737 772
3 772 737 773
3 737 738 773
3 773 738 774
3 738 739 774
3 774 739 775
3 739 740 775
3 775 740 776
3 740 741 776
3 776 741 777
3 741 742 777
3 777 742 778
3 742 743 778
3 778 743 779
3 743 744 779
3 779 744 780
3 744 745 780
3 780 745 781
3 745 746 781
3 781 746 782
3 746 747 782
3 782 747 783
3 747 748 783
3 783 748 784
3 748 749 784
3 784 749 785
3 749 750 785
3 785 750 786
3 750 751 786
3 786 751 787
3 751 752 787
3 787 752 788
3 752 753 788
3 788 753 789
3 753 754 789
3 789 754 790
3 754 755 790
3 790 755 791
3 755 756 791
3 791 756 792
3 756 757 792
3 792 757 793
3 757 758 793
3 793 758 794
3 758 759 794
3 794 759 795
3 759 760 795
3 795 760 796
3 760 761 796
3 796 761 797
3 798 762 799
3 762 763 799
3 799 763 800
3 763 764 800
3 800 764 801
3 764 765 801
3 801 765 802
3 765 766 802
3 802 766 803
3 766 767 803
3 803 767 804
3 767 768 804
3 804 768 805
3 768 769 805
3 805 769 806
3 769 770 806
3 806 770 807
3 770 771 807
3 807 771 808
3 771 772 808
3 808 772 809
3 772 773 809
3 809 773 810
3 773 774 810
3 810 774 811
3 774 775 811
3 811 775 812
3 775 776 812
3 812 776 813
3 776 777 813
3 813 777 814
3 777 778 814
3 814 778 815
3 778 779 815
3 815 779 816
3 779 780 816
3 816 780 817
3 780 781 817
3 817 781 818
3 781 782 818
3 818 782 819
3 782 783 819
3 819 783 820
3 783 784 820
3 820 784 821
3 784 785 821
3 821 785 822
3 785 786 822
3 822 786 823
3 786 787 823
3 823 787 824
3 787 788 824
3 824 788 825
3 788 789 825
3 825 789 826
3 789 790 826
3 826 790 827
3 790 791 827
3 827 791 828
3 791 792 828
3 828 792 829
3 792 793 829
3 829 793 830
3 793 794 830
3 830 794 831
3 794 795 831
3 831 795 832
3 795 796 832
3 832 796 833
3 796 797 833
3 833 797 834
3 798 799 835
3 835 799 836
3 799 800 836
3 836 800 837
3 800 801 837
3 837 801 838
3 801 802 838
3 838 802 839
3 802 803 839
3 839 803 840
3 803 804 840
3 840 804 841
3 804 805 841
3 841 805 842
3 805 806 842
3 842 806 843
3 806 807 843
3 843 807 844
3 807 808 844
3 844 808 845
3 808 809 845
3 845 809 846
3 809 810 846
3 846 810 847
3 810 811 847
3 847 811 848
3 811 812 848
3 848 812 849
3 812 813 849
3 849 813 850
3 813 814 850
3 850 814 851
3 814 815 851
3 851 815 852
3 815 816 852
3 852 816 853
3 816 817 853
3 853 817 854
3 817 818 854
3 854 818 855
3 818 819 855
3 855 819 856
3 819 820 856
3 856 820 857
3 820 821 857
3 857 821 858
3 821 822 858
3 858 822 859
3 822 823 859
3 859 823 860
3 823 824 860
3 860 824 861
3 824 825 861
3 861 825 862
3 825 826 862
3 862 826 863
3 826 827 863
3 863 827 864
3 827 828 864
3 864 828 865
3 828 829 865
3 865 829 866
3 829 830 866
3 866 830 867
3 830 831 867
3 867 831 868
3 831 832 868
3 868 832 869
3 832 833 869
3 869 833 870
3 833 834 870
3 870 834 871
3 835 836 872
3 872 836 873
3 836 837 873
3 873 837 874
3 837 838 874
3 874 838 875
3 838 839 875
3 875 839 876
3 839 840 876
3 876 840 877
3 840 841 877
3 877 841 878
3 841 842 878
3 878 842 879
3 842 843 879
3 879 843 880
3 843 844 880
3 880 844 881
3 844 845 881
3 881 845 882
3 845 846 882
3 882 846 883
3 846 847 883
3 883 847 884
3 847 848 884
3 884 848 885
3 848 849 885
3 885 849 886
3 849 850 886
3 886 850 887
3 850 851 887
3 887 851 888
3 851 852 888
3 888 852 889
3 852 853 889
3 889 853 890
3 853 854 890
3 890 854 891
3 854 855 891
3 891 855 892
3 855 856 892
3 892 856 893
3 856 857 893
3 893 857 894
3 857 858 894
3 894 858 895
3 858 859 895
3 895 859 896
3 859 860 896
3 896 860 897
3 860 861 897
3 897 861 898
3 861 862 898
3 898 862 899
3 862 863 899
3 899 863 900
3 863 864 900
3 900 864 901
3 864 865 901
3 901 865 902
3 865 866 902
3 902 866 903
3 866 867 903
3 903 867 904
3 867 868 904
3 904 868 905
3 868 869 905
3 905 869 906
3 869 870 906
3 906 870 907
3 870 871 907
3 907 871 908
3 909 872 910
3 872 873 910
3 910 873 911
3 873 874 911
3 911 874 912
3 874 875 912
3 912 875 913
3 875 876 913
3 913 876 914
3 876 877 914
3 914 877 915
3 877 878 915
3 915 878 916
3 878 879 916
3 916 879 917
3 879 880 917
3 917 880 918
3 880 881 918
3 918 881 919
3 881 882 919
3 919 882 920
3 882 883 920
3 920 883 921
3 883 884 921
3 921 884 922
3 884 885 922
3 922 885 923
3 885 886 923
3 923 886 924
3 886 887 924
3 924 887 925
3 887 888 925
3 925 888 926
3 888 889 926
3 926 889 927
3 889 890 927
3 927 890 928
3 890 891 928
3 928 891 929
3 891 892 929
3 929 892 930
3 892 893 930
3 930 893 931
3 893 894 931
3 931 894 932
3 894 895 932
3 932 895 933
3 895 896 933
3 933 896 934
3 896 897 934
3 934 897 935
3 897 898 935
3 935 898 936
3 898 899 936
3 936 899 937
3 899 900 937
3 937 900 938
3 900 901 938
3 938 901 939
3 901 902 939
3 939 902 940
3 902 903 940
3 940 903 941
3 903 904 941
3 941 904 942
3 904 905 942
3 942 905 943
3 905 906 943
3 943 906 944
3 906 907 944
3 944 907 945
3 907 908 945
3 945 908 946
3 909 910 947
3 947 910 948
3 910 911 948
3 948 911 949
3 911 912 949
3 949 912 950
3 912 913 950
3 950 913 951
3 913 914 951
3 951 914 952
3 914 915 952
3 952 915 953
3 915 916 953
3 953 916 954
3 916 917 954
3 954 917 955
3 917 918 955
3 955 918 956
3 918 919 956
3 956 919 957
3 919 920 957
3 957 920 958
3 920 921 958
3 958 921 959
3 921 922 959
3 959 922 960
3 922 923 960
3 960 923 961
3 923 924 961
3 961 924 962
3 924 925 962
3 962 925 963
3 925 926 963
3 963 926 964
3 926 927 964
3 964 927 965
3 927 928 965
3 965 928 966
3 928 929 966
3 966 929 967
3 929 930 967
3 967 930 968
3 930 931 968
3 968 931 969
3 931 932 969
3 969 932 970
3 932 933 970
3 970 933 971
3 933 934 971
3 971 934 972
3 934 935 972
3 972 935 973
3 935 936 973
3 973 936 974
3 936 937 974
3 974 937 975
3 937 938 975
3 975 938 976
3 938 939 976
3 976 939 977
3 939 940 977
3 977 940 978
3 940 941 978
3 978 941 979
3 941 942 979
3 979 942 980
3 942 943 980
3 980 943 981
3 943 944 981
3 981 944 982
3 944 945 982
3 982 945 983
3 945 946 983
3 983 946 984
3 985 947 986
3 947 948 986
3 986 948 987
3 948 949 987
3 987 949 988
3 949 950 988
3 988 950 989
3 950 951 989
3 989 951 990
3 951 952 990
3 990 952 991
3 952 953 991
3 991 953 992
3 953 954 992
3 992 954 993
3 954 955 993
3 993 955 994
3 955 956 994
3 994 956 995
3 956 957 995
3 995 957 996
3 957 958 996
3 996 958 997
3 958 959 997
3 997 959 998
3 959 960 998
3 998 960 999
3 960 961 999
3 999 961 1000
3 961 962 1000
3 1000 962 1001
3 962 963 1001
3 1001 963 1002
3 963 964 1002
3 1002 964 1003
3 964 965 1003
3 1003 965 1004
3 965 966 1004
3 1004 966 1005
3 966 967 1005
3 1005 967 1006
3 967 968 1006
3 1006 968 1007
3 968 969 1007
3 1007 969 1008
3 969 970 1008
3 1008 970 1009
3 970 971 1009
3 1009 971 1010
3 971 972 1010
3 1010 972 1011
3 972 973 1011
3 1011 973 1012
3 973 974 1012
3 1012 974 1013
3 974 975 1013
3 1013 975 1014
3 975 976 1014
3 1014 976 1015
3 976 977 1015
3 1015 977 1016
3 977 978 1016
3 1016 978 1017
3 978 979 1017
3 1017 979 1018
3 979 980 1018
3 1018 980 1019
3 980 981 1019
3 1019 981 1020
3 981 982 1020
3 1020 982 1021
3 982 983 1021
3 1021 983 1022
3 983 984 1022
3 1022 984 1023
3 985 986 1024
3 1024 986 1025
3 986 987 1025
3 1025 987 1026
3 987 988 1026
3 1026 988 1027
3 988 989 1027
3 1027 989 1028
3 989 990 1028
3 1028 990 1029
3 990 991 1029
3 1029 991 1030
3 991 992 1030
3 1030 992 1031
3 992 993 1031
3 1031 993 1032
3 993 994 1032
3 1032 994 1033
3 994 995 1033
3 1033 995 1034
3 995 996 1034
3 1034 996 1035
3 996 997 1035
3 1035 997 1036
3 997 998 1036
3 1036 998 1037
3 998 999 1037
3 1037 999 1038
3 999 1000 1038
3 1038 1000 1039
3 1000 1001 1039
3 1039 1001 1040
3 1001 1002 1040
3 1040 1002 1041
3 1002 1003 1041
3 1041 1003 1042
3 1003 1004 1042
3 1042 1004 1043
3 1004 1005 1043
3 1043 1005 1044
3 1005 1006 1044
3 1044 1006 1045
3 1006 1007 1045
3 1045 1007 1046
3 1007 1008 1046
3 1046 1008 1047
3 1008 1009 1047
3 1047 1009 1048
3 1009 1010 1048
3 1048 1010 1049
3 1010 1011 1049
3 1049 1011 1050
3 1011 1012 1050
3 1050 1012 1051
3 1012 1013 1051
3 1051 1013 1052
3 1013 1014 1052
3 1052 1014 1053
3 1014 1015 1053
3 1053 1015 1054
3 1015 1016 1054
3 1054 1016 1055
3 1016 1017 1055
3 1055 1017 1056
3 1017 1018 1056
3 1056 1018 1057
3 1018 1019 1057
3 1057 1019 1058
3 1019 1020 1058
3 1058 1020 1059
3 1020 1021 1059
3 1059 1021 1060
3 1021 1022 1060
3 1060 1022 1061
3 1022 1023 1061
3 1061 1023 1062
3 1063 1024 1064
3 1024 1025 1064
3 1064 1025 1065
3 1025 1026 1065
3 1065 1026 1066
3 1026 1027 1066
3 1066 1027 1067
3 1027 1028 1067
3 1067 1028 1068
3 1028 1029 1068
3 1068 1029 1069
3 1029 1030 1069
3 1069 1030 1070
3 1030 1031 1070
3 1070 1031 1071
3 1031 1032 1071
3 1071 1032 1072
3 1032 1033 1072
3 1072 1033 1073
3 1033 1034 1073
3 1073 1034 1074
3 1034 1035 1074
3 1074 1035 1075
3 1035 1036 1075
3 1075 1036 1076
3 1036 1037 1076
3 1076 1037 1077
3 1037 1038 1077
3 1077 1038 1078
3 1038 1039 1078
3 1078 1039 1079
3 1039 1040 1079
3 1079 1040 1080
3 1040 1041 1080
3 1080 1041 1081
3 1041 1042 1081
3 1081 1042 1082
3 1042 1043 1082
3 1082 1043 1083
3 1043 1044 1083
3 1083 1044 1084
3 1044 1045 1084
3 1084 1045 1085
3 1045 1046 1085
3 1085 1046 1086
3 1046 1047 1086
3 1086 1047 1087
3 1047 1048 1087
3 1087 1048 1088
3 1048 1049 1088
3 1088 1049 1089
3 1049 1050 1089
3 1089 1050 1090
3 1050 1051 1090
3 1090 1051 1091
3 1051 1052 1091
3 1091 1052 1092
3 1052 1053 1092
3 1092 1053 1093
3 1053 1054 1093
3 1093 1054 1094
3 1054 1055 1094
3 1094 1055 1095
3 1055 1056 1095
3 1095 1056 1096
3 1056 1057 1096
3 1096 1057 1097
3 1057 1058 1097
3 1097 1058 1098
3 1058 1059 1098
3 1098 1059 1099
3 1059 1060 1099
3 1099 1060 1100
3 1060 1061 1100
3 1100 1061 1101
3 1061 1062 1101
3 1101 1062 1102
3 1063 1064 1103
3 1103 1064 1104
3 1064 1065 1104
3 1104 1065 1105
3 1065 1066 1105
3 1105 1066 1106
3 1066 1067 1106
3 1106 1067 1107
3 1067 1068 1107
3 1107 1068 1108
3 1068 1069 1108
3 1108 1069 1109
3 1069 1070 1109
3 1109 1070 1110
3 1070 1071 1110
3 1110 1071 1111
3 1071 1072 1111
3 1111 1072 1112
3 1072 1073 1112
3 1112 1073 1113
3 1073 1074 1113
3 1113 1074 1114
3 1074 1075 1114
3 1114 1075 1115
3 1075 1076 1115
3 1115 1076 1116
3 1076 1077 1116
3 1116 1077 1117
3 1077 1078 1117
3 1117 1078 1118
3 1078 1079 1118
3 1118 1079 1119
3 1079 1080 1119
3 1119 1080 1120
3 1080 1081 1120
3 1120 1081 1121
3 1081 1082 1121
3 1121 1082 1122
3 1082 1083 1122
3 1122 1083 1123
3 1083 1084 1123
3 1123 1084 1124
3 1084 1085 1124
3 1124 1085 1125
3 1085 1086 1125
3 1125 1086 1126
3 1086 1087 1126
3 1126 1087 1127
3 1087 1088 1127
3 1127 1088 1128
3 1088 1089 1128
3 1128 1089 1129
3 1089 1090 1129
3 1129 1090 1130
3 1090 1091 1130
3 1130 1091 1131
3 1091 1092 1131
3 1131 1092 1132
3 1092 1093 1132
3 1132 1093 1133
3 1093 1094 1133
3 1133 1094 1134
3 1094 1095 1134
3 1134 1095 1135
3 1095 1096 1135
3 1135 1096 1136
3 1096 1097 1136
3 1136 1097 1137
3 1097 1098 1137
3 1137 1098 1138
3 1098 1099 1138
3 1138 1099 1139
3 1099 1100 1139
3 1139 1100 1140
3 1100 1101 1140
3 1140 1101 1141
3 1101 1102 1141
3 1141 1102 1142
3 1143 1103 1144
3 1103 1104 1144
3 1144 1104 1145
3 1104 1105 1145
3 1145 1105 1146
3 1105 1106 1146
3 1146 1106 1147
3 1106 1107 1147
3 1147 1107 1148
3 1107 1108 1148
3 1148 1108 1149
3 1108 1109 1149
3 1149 1109 1150
3 1109 1110 1150
3 1150 1110 1151
3 1110 1111 1151
3 1151 1111 1152
3 1111 1112 1152
3 1152 1112 1153
3 1112 1113 1153
3 1153 1113 1154
3 1113 1114 1154
3 1154 1114 1155
3 1114 1115 1155
3 1155 1115 1156
3 1115 1116 1156
3 1156 1116 1157
3 1116 1117 1157
3 1157 1117 1158
3 1117 1118 1158
3 1158 1118 1159
3 1118 1119 1159
3 1159 1119 1160
3 1119 1120 1160
3 1160 1120 1161
3 1120 1121 1161
3 1161 1121 1162
3 1121 1122 1162
3 1162 1122 1163
3 1122 1123 1163
3 1163 1123 1164
3 1123 1124 1164
3 1164 1124 1165
3 1124 1125 1165
3 1165 1125 1166
3 1125 1126 1166
3 1166 1126 1167
3 1126 1127 1167
3 1167 1127 1168
3 1127 1128 1168
3 1168 1128 1169
3 1128 1129 1169
3 1169 1129 1170
3 1129 1130 1170
3 1170 1130 1171
3 1130 1131 1171
3 1171 1131 1172
3 1131 1132 1172
3 1172 1132 1173
3 1132 1133 1173
3 1173 1133 1174
3 1133 1134 1174
3 1174 1134 1175
3 1134 1135 1175
3 1175 1135 1176
3 1135 1136 1176
3 1176 1136 1177
3 1136 1137 1177
3 1177 1137 1178
3 1137 1138 1178
3 1178 1138 1179
3 1138 1139 1179
3 1179 1139 1180
3 1139 1140 1180
3 1180 1140 1181
3 1140 1141 1181
3 1181 1141 1182
3 1141 1142 1182
3 1182 1142 1183
3 1143 1144 1184
3 1184 1144 1185
3 1144 1145 1185
3 1185 1145 1186
3 1145 1146 1186
3 1186 1146 1187
3 1146 1147 1187
3 1187 1147 1188
3 1147 1148 1188
3 1188 1148 1189
3 1148 1149 1189
3 1189 1149 1190
3 1149 1150 1190
3 1190 1150 1191
3 1150 1151 1191
3 1191 1151 1192
3 1151 1152 1192
3 1192 1152 1193
3 1152 1153 1193
3 1193 1153 1194
3 1153 1154 1194
3 1194 1154 1195
3 1154 1155 1195
3 1195 1155 1196
3 1155 1156 1196
3 1196 1156 1197
3 1156 1157 1197
3 1197 1157 1198
3 1157 1158 1198
3 1198 1158 1199
3 1158 1159 1199
3 1199 1159 1200
3 1159 1160 1200
3 1200 1160 1201
3 1160 1161 1201
3 1201 1161 1202
3 1161 1162 1202
3 1202 1162 1203
3 1162 1163 1203
3 1203 1163 1204
3 1163 1164 1204
3 1204 1164 1205
3 1164 1165 1205
3 1205 1165 1206
3 1165 1166 1206
3 1206 1166 1207
3 1166 1167 1207
3 1207 1167 1208
3 1167 1168 1208
3 1208 1168 1209
3 1168 1169 1209
3 1209 1169 1210
3 1169 1170 1210
3 1210 1170 1211
3 1170 1171 1211
3 1211 1171 1212
3 1171 1172 1212
3 1212 1172 1213
3 1172 1173 1213
3 1213 1173 1214
3 1173 1174 1214
3 1214 1174 1215
3 1174 1175 1215
3 1215 1175 1216
3 1175 1176 1216
3 1216 1176 1217
3 1176 1177 1217
3 1217 1177 1218
3 1177 1178 1218
3 1218 1178 1219
3 1178 1179 1219
3 1219 1179 1220
3 1179 1180 1220
3 1220 1180 1221
3 1180 1181 1221
3 1221 1181 1222
3 1181 1182 1222
3 1222 1182 1223
3 1182 1183 1223
3 1223 1183 1224
3 1225 1184 1226
3 1184 1185 1226
3 1226 1185 1227
3 1185 1186 1227
3 1227 1186 1228
3 1186 1187 1228
3 1228 1187 1229
3 1187 1188 1229
3 1229 1188 1230
3 1188 1189 1230
3 1230 1189 1231
3 1189 1190 1231
3 1231 1190 1232
3 1190 1191 1232
3 1232 1191 1233
3 1191 1192 1233
3 1233 1192 1234
3 1192 1193 1234
3 1234 1193 1235
3 1193 1194 1235
3 1235 1194 1236
3 1194 1195 1236
3 1236 1195 1237
3 1195 1196 1237
3 1237 1196 1238
3 1196 1197 1238
3 1238 1197 1239
3 1197 1198 1239
3 1239 1198 1240
3 1198 1199 1240
3 1240 1199 1241
3 1199 1200 1241
3 1241 1200 1242
3 1200 1201 1242
3 1242 1201 1243
3 1201 1202 1243
3 1243 1202 1244
3 1202 1203 1244
3 1244 1203 1245
3 1203 1204 1245
3 1245 1204 1246
3 1204 1205 1246
3 1246 1205 1247
3 1205 1206 1247
3 1247 1206 1248
3 1206 1207 1248
3 1248 1207 1249
3 1207 1208 1249
3 1249 1208 1250
3 1208 1209 1250
3 1250 1209 1251
3 1209 1210 1251
3 1251 1210 1252
3 1210 1211 1252
3 1252 1211 1253
3 1211 1212 1253
3 1253 1212 1254
3 1212 1213 1254
3 1254 1213 1255
3 1213 1214 1255
3 1255 1214 1256
3 1214 1215 1256
3 1256 1215 1257
3 1215 1216 1257
3 1257 1216 1258
3 1216 1217 1258
3 1258 1217 1259
3 1217 1218 1259
3 1259 1218 1260
3 1218 1219 1260
3 1260 1219 1261
3 1219 1220 1261
3 1261 1220 1262
3 1220 1221 1262
3 1262 1221 1263
3 1221 1222 1263
3 1263 1222 1264
3 1222 1223 1264
3 1264 1223 1265
3 1223 1224 1265
3 1265 1224 1266
3 1225 1226 1267
3 1267 1226 1268
3 1226 1227 1268
3 1268 1227 1269
3 1227 1228 1269
3 1269 1228 1270
3 1228 1229 1270
3 1270 1229 1271
3 1229 1230 1271
3 1271 1230 1272
3 1230 1231 1272
3 1272 1231 1273
3 1231 1232 1273
3 1273 1232 1274
3 1232 1233 1274
3 1274 1233 1275
3 1233 1234 1275
3 1275 1234 1276
3 1234 1235 1276
3 1276 1235 1277
3 1235 1236 1277
3 1277 1236 1278
3 1236 1237 1278
3 1278 1237 1279
3 1237 1238 1279
3 1279 1238 1280
3 1238 1239 1280
3 1280 1239 1281
3 1239 1240 1281
3 1281 1240 1282
3 1240 1241 1282
3 1282 1241 1283
3 1241 1242 1283
3 1283 1242 1284
3 1242 1243 1284
3 1284 1243 1285
3 1243 1244 1285
3 1285 1244 1286
3 1244 1245 1286
3 1286 1245 1287
3 1245 1246 1287
3 1287 1246 1288
3 1246 1247 1288
3 1288 1247 1289
3 1247 1248 1289
3 1289 1248 1290
3 1248 1249 1290
3 1290 1249 1291
3 1249 1250 1291
3 1291 1250 1292
3 1250 1251 1292
3 1292 1251 1293
3 1251 1252 1293
3 1293 1252 1294
3 1252 1253 1294
3 1294 1253 1295
3 1253 1254 1295
3 1295 1254 1296
3 1254 1255 1296
3 1296 1255 1297
3 1255 1256 1297
3 1297 1256 1298
3 1256 1257 1298
3 1298 1257 1299
3 1257 1258 1299
3 1299 1258 1300
3 1258 1259 1300
3 1300 1259 1301
3 1259 1260 1301
3 1301 1260 1302
3 1260 1261 1302
3 1302 1261 1303
3 1261 1262 1303
3 1303 1262 1304
3 1262 1263 1304
3 1304 1263 1305
3 1263 1264 1305
3 1305 1264 1306
3 1264 1265 1306
3 1306 1265 1307
3 1265 1266 1307
3 1307 1266 1308
3 1309 1267 1310
3 1267 1268 1310
3 1310 1268 1311
3 1268 1269 1311
3 1311 1269 1312
3 1269 1270 1312
3 1312 1270 1313
3 1270 1271 1313
3 1313 1271 1314
3 1271 1272 1314
3 1314 1272 1315
3 1272 1273 1315
3 1315 1273 1316
3 1273 1274 1316
3 1316 1274 1317
3 1274 1275 1317
3 1317 1275 1318
3 1275 1276 1318
3 1318 1276 1319
3 1276 1277 1319
3 1319 1277 1320
3 1277 1278 1320
3 1320 1278 1321
3 1278 1279 1321
3 1321 1279 1322
3 1279 1280 1322
3 1322 1280 1323
3 1280 1281 1323
3 1323 1281 1324
3 1281 1282 1324
3 1324 1282 1325
3 1282 1283 1325
3 1325 1283 1326
3 1283 1284 1326
3 1326 1284 1327
3 1284 1285 1327
3 1327 1285 1328
3 1285 1286 1328
3 1328 1286 1329
3 1286 1287 1329
3 1329 1287 1330
3 1287 1288 1330
3 1330 1288 1331
3 1288 1289 1331
3 1331 1289 1332
3 1289 1290 1332
3 1332 1290 1333
3 1290 1291 1333
3 1333 1291 1334
3 1291 1292 1334
3 1334 1292 1335
3 1292 1293 1335
3 1335 1293 1336
3 1293 1294 1336
3 1336 1294 1337
3 1294 1295 1337
3 1337 1295 1338
3 1295 1296 1338
3 1338 1296 1339
3 1296 1297 1339
3 1339 1297 1340
3 1297 1298 1340
3 1340 1298 1341
3 1298 1299 1341
3 1341 1299 1342
3 1299 1300 1342
3 1342 1300 1343
3 1300 1301 1343
3 1343 1301 1344
3 1301 1302 1344
3 1344 1302 1345
3 1302 1303 1345
3 1345 1303 1346
3 1303 1304 1346
3 1346 1304 1347
3 1304 1305 1347
3 1347 1305 1348
3 1305 1306 1348
3 1348 1306 1349
3 1306 1307 1349
3 1349 1307 1350
3 1307 1308 1350
3 1350 1308 1351
3 1309 1310 1352
3 1352 1310 1353
3 1310 1311 1353
3 1353 1311 1354
3 1311 1312 1354
3 1354 1312 1355
3 1312 1313 1355
3 1355 1313 1356
3 1313 1314 1356
3 1356 1314 1357
3 1314 1315 1357
3 1357 1315 1358
3 1315 1316 1358
3 1358 1316 1359
3 1316 1317 1359
3 1359 1317 1360
3 1317 1318 1360
3 1360 1318 1361
3 1318 1319 1361
3 1361 1319 1362
3 1319 1320 1362
3 1362 1320 1363
3 1320 1321 1363
3 1363 1321 1364
3 1321 1322 1364
3 1364 1322 1365
3 1322 1323 1365
3 1365 1323 1366
3 1323 1324 1366
3 1366 1324 1367
3 1324 1325 1367
3 1367 1325 1368
3 1325 1326 1368
3 1368 1326 1369
3 1326 1327 1369
3 1369 1327 1370
3 1327 1328 1370
3 1370 1328 1371
3 1328 1329 1371
3 1371 1329 1372
3 1329 1330 1372
3 1372 1330 1373
3 1330 1331 1373
3 1373 1331 1374
3 1331 1332 1374
3 1374 1332 1375
3 1332 1333 1375
3 1375 1333 1376
3 1333 1334 1376
3 1376 1334 1377
3 1334 1335 1377
3 1377 1335 1378
3 1335 1336 1378
3 1378 1336 1379
3 1336 1337 1379
3 1379 1337 1380
3 1337 1338 1380
3 1380 1338 1381
3 1338 1339 1381
3 1381 1339 1382
3 1339 1340 1382
3 1382 1340 1383
3 1340 1341 1383
3 1383 1341 1384
3 1341 1342 1384
3 1384 1342 1385
3 1342 1343 1385
3 1385 1343 1386
3 1343 1344 1386
3 1386 1344 1387
3 1344 1345 1387
3 1387 1345 1388
3 1345 1346 1388
3 1388 1346 1389
3 1346 1347 1389
3 1389 1347 1390
3 1347 1348 1390
3 1390 1348 1391
3 1348 1349 1391
3 1391 1349 1392
3 1349 1350 1392
3 1392 1350 1393
3 1350 1351 1393
3 1393 1351 1394
3 1395 1352 1396
3 1352 1353 1396
3 1396 1353 1397
3 1353 1354 1397
3 1397 1354 1398
3 1354 1355 1398
3 1398 1355 1399
3 1355 1356 1399
3 1399 1356 1400
3 1356 1357 1400
3 1400 1357 1401
3 1357 1358 1401
3 1401 1358 1402
3 1358 1359 1402
3 1402 1359 1403
3 1359 1360 1403
3 1403 1360 1404
3 1360 1361 1404
3 1404 1361 1405
3 1361 1362 1405
3 1405 1362 1406
3 1362 1363 1406
3 1406 1363 1407
3 1363 1364 1407
3 1407 1364 1408
3 1364 1365 1408
3 1408 1365 1409
3 1365 1366 1409
3 1409 1366 1410
3 1366 1367 1410
3 1410 1367 1411
3 1367 1368 1411
3 1411 1368 1412
3 1368 1369 1412
3 1412 1369 1413
3 1369 1370 1413
3 1413 1370 1414
3 1370 1371 1414
3 1414 1371 1415
3 1371 1372 1415
3 1415 1372 1416
3 1372 1373 1416
3 1416 1373 1417
3 1373 1374 1417
3 1417 1374 1418
3 1374 1375 1418
3 1418 1375 1419
3 1375 1376 1419
3 1419 1376 1420
3 1376 1377 1420
3 1420 1377 1421
3 1377 1378 1421
3 1421 1378 1422
3 1378 1379 1422
3 1422 1379 1423
3 1379 1380 1423
3 1423 1380 1424
3 1380 1381 1424
3 1424 1381 1425
3 1381 1382 1425
3 1425 1382 1426
3 1382 1383 1426
3 1426 1383 1427
3 1383 1384 1427
3 1427 1384 1428
3 1384 1385 1428
3 1428 1385 1429
3 1385 1386 1429
3 1429 1386 1430
3 1386 1387 1430
3 1430 1387 1431
3 1387 1388 1431
3 1431 1388 1432
3 1388 1389 1432
3 1432 1389 1433
3 1389 1390 1433
3 1433 1390 1434
3 1390 1391 1434
3 1434 1391 1435
3 1391 1392 1435
3 1435 1392 1436
3 1392 1393 1436
3 1436 1393 1437
3 1393 1394 1437
3 1437 1394 1438
3 1395 1396 1439
3 1439 1396 1440
3 1396 1397 1440
3 1440 1397 1441
3 1397 1398 1441
3 1441 1398 1442
3 1398 1399 1442
3 1442 1399 1443
3 1399 1400 1443
3 1443 1400 1444
3 1400 1401 1444
3 1444 1401 1445
3 1401 1402 1445
3 1445 1402 1446
3 1402 1403 1446
3 1446 1403 1447
3 1403 1404 1447
3 1447 1404 1448
3 1404 1405 1448
3 1448 1405 1449
3 1405 1406 1449
3 1449 1406 1450
3 1406 1407 1450
3 1450 1407 1451
3 1407 1408 1451
3 1451 1408 1452
3 1408 1409 1452
3 1452 1409 1453
3 1409 1410 1453
3 1453 1410 1454
3 1410 1411 1454
3 1454 1411 1455
3 1411 1412 1455
3 1455 1412 1456
3 1412 1413 1456
3 1456 1413 1457
3 1413 1414 1457
3 1457 1414 1458
3 1414 1415 1458
3 1458 1415 1459
3 1415 1416 1459
3 1459 1416 1460
3 1416 1417 1460
3 1460 1417 1461
3 1417 1418 1461
3 1461 1418 1462
3 1418 1419 1462
3 1462 1419 1463
3 1419 1420 1463
3 1463 1420 1464
3 1420 1421 1464
3 1464 1421 1465
3 1421 1422 1465
3 1465 1422 1466
3 1422 1423 1466
3 1466 1423 1467
3 1423 1424 1467
3 1467 1424 1468
3 1424 1425 1468
3 1468 1425 1469
3 1425 1426 1469
3 1469 1426 1470
3 1426 1427 1470
3 1470 1427 1471
3 1427 1428 1471
3 1471 1428 1472
3 1428 1429 1472
3 1472 1429 1473
3 1429 1430 1473
3 1473 1430 1474
3 1430 1431 1474
3 1474 1431 1475
3 1431 1432 1475
3 1475 1432 1476
3 1432 1433 1476
3 1476 1433 1477
3 1433 1434 1477
3 1477 1434 1478
3 1434 1435 1478
3 1478 1435 1479
3 1435 1436 1479
3 1479 1436 1480
3 1436 1437 1480
3 1480 1437 1481
3 1437 1438 1481
3 1481 1438 1482
3 1483 1439 1484
3 1439 1440 1484
3 1484 1440 1485
3 1440 1441 1485
3 1485 1441 1486
3 1441 1442 1486
3 1486 1442 1487
3 1442 1443 1487
3 1487 1443 1488
3 1443 1444 1488
3 1488 1444 1489
3 1444 1445 1489
3 1489 1445 1490
3 1445 1446 1490
3 1490 1446 1491
3 1446 1447 1491
3 1491 1447 1492
3 1447 1448 1492
3 1492 1448 1493
3 1448 1449 1493
3 1493 1449 1494
3 1449 1450 1494
3 1494 1450 1495
3 1450 1451 1495
3 1495 1451 1496
3 1451 1452 1496
3 1496 1452 1497
3 1452 1453 1497
3 1497 1453 1498
3 1453 1454 1498
3 1498 1454 1499
3 1454 1455 1499
3 1499 1455 1500
3 1455 1456 1500
3 1500 1456 1501
3 1456 1457 1501
3 1501 1457 1502
3 1457 1458 1502
3 1502 1458 1503
3 1458 1459 1503
3 1503 1459 1504
3 1459 1460 1504
3 1504 1460 1505
3 1460 1461 1505
3 1505 1461 1506
3 1461 1462 1506
3 1506 1462 1507
3 1462 1463 1507
3 1507 1463 1508
3 1463 1464 1508
3 1508 1464 1509
3 1464 1465 1509
3 1509 1465 1510
3 1465 1466 1510
3 1510 1466 1511
3 1466 1467 1511
3 1511 1467 1512
3 1467 1468 1512
3 1512 1468 1513
3 1468 1469 1513
3 1513 1469 1514
3 1469 1470 1514
3 1514 1470 1515
3 1470 1471 1515
3 1515 1471 1516
3 1471 1472 1516
3 1516 1472 1517
3 1472 1473 1517
3 1517 1473 1518
3 1473 1474 1518
3 1518 1474 1519
3 1474 1475 1519
3 1519 1475 1520
3 1475 1476 1520
3 1520 1476 1521
3 1476 1477 1521
3 1521 1477 1522
3 1477 1478 1522
3 1522 1478 1523
3 1478 1479 1523
3 1523 1479 1524
3 1479 1480 1524
3 1524 1480 1525
3 1480 1481 1525
3 1525 1481 1526
3 1481 1482 1526
3 1526 1482 1527
3 1483 1484 1528
3 1528 1484 1529
3 1484 1485 1529
3 1529 1485 1530
3 1485 1486 1530
3 1530 1486 1531
3 1486 1487 1531
3 1531 1487 1532
3 1487 1488 1532
3 1532 1488 1533
3 1488 1489 1533
3 1533 1489 1534
3 1489 1490 1534
3 1534 1490 1535
3 1490 1491 1535
3 1535 1491 1536
3 1491 1492 1536
3 1536 1492 1537
3 1492 1493 1537
3 1537 1493 1538
3 1493 1494 1538
3 1538 1494 1539
3 1494 1495 1539
3 1539 1495 1540
3 1495 1496 1540
3 1540 1496 1541
3 1496 1497 1541
3 1541 1497 1542
3 1497 1498 1542
3 1542 1498 1543
3 1498 1499 1543
3 1543 1499 1544
3 1499 1500 1544
3 1544 1500 1545
3 1500 1501 1545
3 1545 1501 1546
3 1501 1502 1546
3 1546 1502 1547
3 1502 1503 1547
3 1547 1503 1548
3 1503 1504 1548
3 1548 1504 1549
3 1504 1505 1549
3 1549 1505 1550
3 1505 1506 1550
3 1550 1506 1551
3 1506 1507 1551
3 1551 1507 1552
3 1507 1508 1552
3 1552 1508 1553
3 1508 1509 1553
3 1553 1509 1554
3 1509 1510 1554
3 1554 1510 1555
3 1510 1511 1555
3 1555 1511 1556
3 1511 1512 1556
3 1556 1512 1557
3 1512 1513 1557
3 1557 1513 1558
3 1513 1514 1558
3 1558 1514 1559
3 1514 1515 1559
3 1559 1515 1560
3 1515 1516 1560
3 1560 1516 1561
3 1516 1517 1561
3 1561 1517 1562
3 1517 1518 1562
3 1562 1518 1563
3 1518 1519 1563
3 1563 1519 1564
3 1519 1520 1564
3 1564 1520 1565
3 1520 1521 1565
3 1565 1521 1566
3 1521 1522 1566
3 1566 1522 1567
3 1522 1523 1567
3 1567 1523 1568
3 1523 1524 1568
3 1568 1524 1569
3 1524 1525 1569
3 1569 1525 1570
3 1525 1526 1570
3 1570 1526 1571
3 1526 1527 1571
3 1571 1527 1572
3 1528 1529 1573
3 1573 1529 1574
3 1529 1530 1574
3 1574 1530 1575
3 1530 1531 1575
3 1575 1531 1576
3 1531 1532 1576
3 1576 1532 1577
3 1532 1533 1577
3 1577 1533 1578
3 1533 1534 1578
3 1578 1534 1579
3 1534 1535 1579
3 1579 1535 1580
3 1535 1536 1580
3 1580 1536 1581
3 1536 1537 1581
3 1581 1537 1582
3 1537 1538 1582
3 1582 1538 1583
3 1538 1539 1583
3 1583 1539 1584
3 1539 1540 1584
3 1584 1540 1585
3 1540 1541 1585
3 1585 1541 1586
3 1541 1542 1586
3 1586 1542 1587
3 1542 1543 1587
3 1587 1543 1588
3 1543 1544 1588
3 1588 1544 1589
3 1544 1545 1589
3 1589 1545 1590
3 1545 1546 1590
3 1590 1546 1591
3 1546 1547 1591
3 1591 1547 1592
3 1547 1548 1592
3 1592 1548 1593
3 1548 1549 1593
3 1593 1549 1594
3 1549 1550 1594
3 1594 1550 1595
3 1550 1551 1595
3 1595 1551 1596
3 1551 1552 1596
3 1596 1552 1597
3 1552 1553 1597
3 1597 1553 1598
3 1553 1554 1598
3 1598 1554 1599
3 1554 1555 1599
3 1599 1555 1600
3 1555 1556 1600
3 1600 1556 1601
3 1556 1557 1601
3 1601 1557 1602
3 1557 1558 1602
3 1602 1558 1603
3 1558 1559 1603
3 1603 1559 1604
3 1559 1560 1604
3 1604 1560 1605
3 1560 1561 1605
3 1605 1561 1606
3 1561 1562 1606
3 1606 1562 1607
3 1562 1563 1607
3 1607 1563 1608
3 1563 1564 1608
3 1608 1564 1609
3 1564 1565 1609
3 1609 1565 1610
3 1565 1566 1610
3 1610 1566 1611
3 1566 1567 1611
3 1611 1567 1612
3 1567 1568 1612
3 1612 1568 1613
3 1568 1569 1613
3 1613 1569 1614
3 1569 1570 1614
3 1614 1570 1615
3 1570 1571 1615
3 1615 1571 1616
3 1571 1572 1616
3 1616 1572 1617
3 1618 1573 1619
3 1573 1574 1619
3 1619 1574 1620
3 1574 1575 1620
3 1620 1575 1621
3 1575 1576 1621
3 1621 1576 1622
3 1576 1577 1622
3 1622 1577 1623
3 1577 1578 1623
3 1623 1578 1624
3 1578 1579 1624
3 1624 1579 1625
3 1579 1580 1625
3 1625 1580 1626
3 1580 1581 1626
3 1626 1581 1627
3 1581 1582 1627
3 1627 1582 1628
3 1582 1583 1628
3 1628 1583 1629
3 1583 1584 1629
3 1629 1584 1630
3 1584 1585 1630
3 1630 1585 1631
3 1585 1586 1631
3 1631 1586 1632
3 1586 1587 1632
3 1632 1587 1633
3 1587 1588 1633
3 1633 1588 1634
3 1588 1589 1634
3 1634 1589 1635
3 1589 1590 1635
3 1635 1590 1636
3 1590 1591 1636
3 1636 1591 1637
3 1591 1592 1637
3 1637 1592 1638
3 1592 1593 1638
3 1638 1593 1639
3 1593 1594 1639
3 1639 1594 1640
3 1594 1595 1640
3 1640 1595 1641
3 1595 1596 1641
3 1641 1596 1642
3 1596 1597 1642
3 1642 1597 1643
3 1597 1598 1643
3 1643 1598 1644
3 1598 1599 1644
3 1644 1599 1645
3 1599 1600 1645
3 1645 1600 1646
3 1600 1601 1646
3 1646 1601 1647
3 1601 1602 1647
3 1647 1602 1648
3 1602 1603 1648
3 1648 1603 1649
3 1603 1604 1649
3 1649 1604 1650
3 1604 1605 1650
3 1650 1605 1651
3 1605 1606 1651
3 1651 1606 1652
3 1606 1607 1652
3 1652 1607 1653
3 1607 1608 1653
3 1653 1608 1654
3 1608 1609 1654
3 1654 1609 1655
3 1609 1610 1655
3 1655 1610 1656
3 1610 1611 1656
3 1656 1611 1657
3 1611 1612 1657
3 1657 1612 1658
3 1612 1613 1658
3 1658 1613 1659
3 1613 1614 1659
3 1659 1614 1660
3 1614 1615 1660
3 1660 1615 1661
3 1615 1616 1661
3 1661 1616 1662
3 1616 1617 1662
3 1662 1617 1663
3 1618 1619 1664
3 1664 1619 1665
3 1619 1620 1665
3 1665 1620 1666
3 1620 1621 1666
3 1666 1621 1667
3 1621 1622 1667
3 1667 1622 1668
3 1622 1623 1668
3 1668 1623 1669
3 1623 1624 1669
3 1669 1624 1670
3 1624 1625 1670
3 1670 1625 1671
3 1625 1626 1671
3 1671 1626 1672
3 1626 1627 1672
3 1672 1627 1673
3 1627 1628 1673
3 1673 1628 1674
3 1628 1629 1674
3 1674 1629 1675
3 1629 1630 1675
3 1675 1630 1676
3 1630 1631 1676
3 1676 1631 1677
3 1631 1632 1677
3 1677 1632 1678
3 1632 1633 1678
3 1678 1633 1679
3 1633 1634 1679
3 1679 1634 1680
3 1634 1635 1680
3 1680 1635 1681
3 1635 1636 1681
3 1681 1636 1682
3 1636 1637 1682
3 1682 1637 1683
3 1637 1638 1683
3 1683 1638 1684
3 1638 1639 1684
3 1684 1639 1685
3 1639 1640 1685
3 1685 1640 1686
3 1640 1641 1686
3 1686 1641 1687
3 1641 1642 1687
3 1687 1642 1688
3 1642 1643 1688
3 1688 1643 1689
3 1643 1644 1689
3 1689 1644 1690
3 1644 1645 1690
3 1690 1645 1691
3 1645 1646 1691
3 1691 1646 1692
3 1646 1647 1692
3 1692 1647 1693
3 1647 1648 1693
3 1693 1648 1694
3 1648 1649 1694
3 1694 1649 1695
3 1649 1650 1695
3 1695 1650 1696
3 1650 1651 1696
3 1696 1651 1697
3 1651 1652 1697
3 1697 1652 1698
3 1652 1653 1698
3 1698 1653 1699
3 1653 1654 1699
3 1699 1654 1700
3 1654 1655 1700
3 1700 1655 1701
3 1655 1656 1701
3 1701 1656 1702
3 1656 1657 1702
3 1702 1657 1703
3 1657 1658 1703
3 1703 1658 1704
3 1658 1659 1704
3 1704 1659 1705
3 1659 1660 1705
3 1705 1660 1706
3 1660 1661 1706
3 1706 1661 1707
3 1661 1662 1707
3 1707 1662 1708
3 1662 1663 1708
3 1708 1663 1709
3 1710 1664 1711
3 1664 1665 1711
3 1711 1665 1712
3 1665 1666 1712
3 1712 1666 1713
3 1666 1667 1713
3 1713 1667 1714
3 1667 1668 1714
3 1714 1668 1715
3 1668 1669 1715
3 1715 1669 1716
3 1669 1670 1716
3 1716 1670 1717
3 1670 1671 1717
3 1717 1671 1718
3 1671 1672 1718
3 1718 1672 1719
3 1672 1673 1719
3 1719 1673 1720
3 1673 1674 1720
3 1720 1674 1721
3 1674 1675 1721
3 1721 1675 1722
3 1675 1676 1722
3 1722 1676 1723
3 1676 1677 1723
3 1723 1677 1724
3 1677 1678 1724
3 1724 1678 1725
3 1678 1679 1725
3 1725 1679 1726
3 1679 1680 1726
3 1726 1680 1727
3 1680 1681 1727
3 1727 1681 1728
3 1681 1682 1728
3 1728 1682 1729
3 1682 1683 1729
3 1729 1683 1730
3 1683 1684 1730
3 1730 1684 1731
3 1684 1685 1731
3 1731 1685 1732
3 1685 1686 1732
3 1732 1686 1733
3 1686 1687 1733
3 1733 1687 1734
3 1687 1688 1734
3 1734 1688 1735
3 1688 1689 1735
3 1735 1689 1736
3 1689 1690 1736
3 1736 1690 1737
3 1690 1691 1737
3 1737 1691 1738
3 1691 1692 1738
3 1738 1692 1739
3 1692 1693 1739
3 1739 1693 1740
3 1693 1694 1740
3 1740 1694 1741
3 1694 1695 1741
3 1741 1695 1742
3 1695 1696 1742
3 1742 1696 1743
3 1696 1697 1743
3 1743 1697 1744
3 1697 1698 1744
3 1744 1698 1745
3 1698 1699 1745
3 1745 1699 1746
3 1699 1700 1746
3 1746 1700 1747
3 1700 1701 1747
3 1747 1701 1748
3 1701 1702 1748
3 1748 1702 1749
3 1702 1703 1749
3 1749 1703 1750
3 1703 1704 1750
3 1750 1704 1751
3 1704 1705 1751
3 1751 1705 1752
3 1705 1706 1752
3 1752 1706 1753
3 1706 1707 1753
3 1753 1707 1754
3 1707 1708 1754
3 1754 1708 1755
3 1708 1709 1755
3 1755 1709 1756
3 1710 1711 1757
3 1757 1711 1758
3 1711 1712 1758
3 1758 1712 1759
3 1712 1713 1759
3 1759 1713 1760
3 1713 1714 1760
3 1760 1714 1761
3 1714 1715 1761
3 1761 1715 1762
3 1715 1716 1762
3 1762 1716 1763
3 1716 1717 1763
3 1763 1717 1764
3 1717 1718 1764
3 1764 1718 1765
3 1718 1719 1765
3 1765 1719 1766
3 1719 1720 1766
3 1766 1720 1767
3 1720 1721 1767
3 1767 1721 1768
3 1721 1722 1768
3 1768 1722 1769
3 1722 1723 1769
3 1769 1723 1770
3 1723 1724 1770
3 1770 1724 1771
3 1724 1725 1771
3 1771 1725 1772
3 1725 1726 1772
3 1772 1726 1773
3 1726 1727 1773
3 1773 1727 1774
3 1727 1728 1774
3 1774 1728 1775
3 1728 1729 1775
3 1775 1729 1776
3 1729 1730 1776
3 1776 1730 1777
3 1730 1731 1777
3 1777 1731 1778
3 1731 1732 1778
3 1778 1732 1779
3 1732 1733 1779
3 1779 1733 1780
3 1733 1734 1780
3 1780 1734 1781
3 1734 1735 1781
3 1781 1735 1782
3 1735 1736 1782
3 1782 1736 1783
3 1736 1737 1783
3 1783 1737 1784
3 1737 1738 1784
3 1784 1738 1785
3 1738 1739 1785
3 1785 1739 1786
3 1739 1740 1786
3 1786 1740 1787
3 1740 1741 1787
3 1787 1741 1788
3 1741 1742 1788
3 1788 1742 1789
3 1742 1743 1789
3 1789 1743 1790
3 1743 1744 1790
3 1790 1744 1791
3 1744 1745 1791
3 1791 1745 1792
3 1745 1746 1792
3 1792 1746 1793
3 1746 1747 1793
3 1793 1747 1794
3 1747 1748 1794
3 1794 1748 1795
3 1748 1749 1795
3 1795 1749 1796
3 1749 1750 1796
3 1796 1750 1797
3 1750 1751 1797
3 1797 1751 1798
3 1751 1752 1798
3 1798 1752 1799
3 1752 1753 1799
3 1799 1753 1800
3 1753 1754 1800
3 1800 1754 1801
3 1754 1755 1801
3 1801 1755 1802
3 1755 1756 1802
3 1802 1756 1803
3 1804 1757 1805
3 1757 1758 1805
3 1805 1758 1806
3 1758 1759 1806
3 1806 1759 1807
3 1759 1760 1807
3 1807 1760 1808
3 1760 1761 1808
3 1808 1761 1809
3 1761 1762 1809
3 1809 1762 1810
3 1762 1763 1810
3 1810 1763 1811
3 1763 1764 1811
3 1811 1764 1812
3 1764 1765 1812
3 1812 1765 1813
3 1765 1766 1813
3 1813 1766 1814
3 1766 1767 1814
3 1814 1767 1815
3 1767 1768 1815
3 1815 1768 1816
3 1768 1769 1816
3 1816 1769 1817
3 1769 1770 1817
3 1817 1770 1818
3 1770 1771 1818
3 1818 1771 1819
3 1771 1772 1819
3 1819 1772 1820
3 1772 1773 1820
3 1820 1773 1821
3 1773 1774 1821
3 1821 1774 1822
3 1774 1775 1822
3 1822 1775 1823
3 1775 1776 1823
3 1823 1776 1824
3 1776 1777 1824
3 1824 1777 1825
3 1777 1778 1825
3 1825 1778 1826
3 1778 1779 1826
3 1826 1779 1827
3 1779 1780 1827
3 1827 1780 1828
3 1780 1781 1828
3 1828 1781 1829
3 1781 1782 1829
3 1829 1782 1830
3 1782 1783 1830
3 1830 1783 1831
3 1783 1784 1831
3 1831 1784 1832
3 1784 1785 1832
3 1832 1785 1833
3 1785 1786 1833
3 1833 1786 1834
3 1786 1787 1834
3 1834 1787 1835
3 1787 1788 1835
3 1835 1788 1836
3 1788 1789 1836
3 1836 1789 1837
3 1789 1790 1837
3 1837 1790 1838
3 1790 1791 1838
3 1838 1791 1839
3 1791 1792 1839
3 1839 1792 1840
3 1792 1793 1840
3 1840 1793 1841
3 1793 1794 1841
3 1841 1794 1842
3 1794 1795 1842
3 1842 1795 1843
3 1795 1796 1843
3 1843 1796 1844
3 1796 1797 1844
3 1844 1797 1845
3 1797 1798 1845
3 1845 1798 1846
3 1798 1799 1846
3 1846 1799 1847
3 1799 1800 1847
3 1847 1800 1848
3 1800 1801 1848
3 1848 1801 1849
3 1801 1802 1849
3 1849 1802 1850
3 1802 1803 1850
3 1850 1803 1851
3 1806 1807 1852
3 1852 1807 1853
3 1807 1808 1853
3 1853 1808 1854
3 1808 1809 1854
3 1854 1809 1855
3 1809 1810 1855
3 1855 1810 1856
3 1810 1811 1856
3 1856 1811 1857
3 1811 1812 1857
3 1857 1812 1858
3 1812 1813 1858
3 1858 1813 1859
3 1813 1814 1859
3 1859 1814 1860
3 1814 1815 1860
3 1860 1815 1861
3 1815 1816 1861
3 1861 1816 1862
3 1816 1817 1862
3 1862 1817 1863
3 1817 1818 1863
3 1863 1818 1864
3 1818 1819 1864
3 1864 1819 1865
3 1819 1820 1865
3 1865 1820 1866
3 1820 1821 1866
3 1866 1821 1867
3 1821 1822 1867
3 1867 1822 1868
3 1822 1823 1868
3 1868 1823 1869
3 1823 1824 1869
3 1869 1824 1870
3 1824 1825 1870
3 1870 1825 1871
3 1825 1826 1871
3 1871 1826 1872
3 1826 1827 1872
3 1872 1827 1873
3 1827 1828 1873
3 1873 1828 1874
3 1828 1829 1874
3 1874 1829 1875
3 1829 1830 1875
3 1875 1830 1876
3 1830 1831 1876
3 1876 1831 1877
3 1831 1832 1877
3 1877 1832 1878
3 1832 1833 1878
3 1878 1833 1879
3 1833 1834 1879
3 1879 1834 1880
3 1834 1835 1880
3 1880 1835 1881
3 1835 1836 1881
3 1881 1836 1882
3 1836 1837 1882
3 1882 1837 1883
3 1837 1838 1883
3 1883 1838 1884
3 1838 1839 1884
3 1884 1839 1885
3 1839 1840 1885
3 1885 1840 1886
3 1840 1841 1886
3 1886 1841 1887
3 1841 1842 1887
3 1887 1842 1888
3 1842 1843 1888
3 1888 1843 1889
3 1843 1844 1889
3 1889 1844 1890
3 1844 1845 1890
3 1890 1845 1891
3 1845 1846 1891
3 1891 1846 1892
3 1846 1847 1892
3 1892 1847 1893
3 1847 1848 1893
3 1893 1848 1894
3 1848 1849 1894
3 1894 1849 1895
3 1849 1850 1895
3 1895 1850 1896
3 1850 1851 1896
3 1896 1851 1897
3 1854 1855 1898
3 1898 1855 1899
3 1855 1856 1899
3 1899 1856 1900
3 1856 1857 1900
3 1900 1857 1901
3 1857 1858 1901
3 1901 1858 1902
3 1858 1859 1902
3 1902 1859 1903
3 1859 1860 1903
3 1903 1860 1904
3 1860 1861 1904
3 1904 1861 1905
3 1861 1862 1905
3 1905 1862 1906
3 1862 1863 1906
3 1906 1863 1907
3 1863 1864 1907
3 1907 1864 1908
3 1864 1865 1908
3 1908 1865 1909
3 1865 1866 1909
3 1909 1866 1910
3 1866 1867 1910
3 1910 1867 1911
3 1867 1868 1911
3 1911 1868 1912
3 1868 1869 1912
3 1912 1869 1913
3 1869 1870 1913
3 1913 1870 1914
3 1870 1871 1914
3 1914 1871 1915
3 1871 1872 1915
3 1915 1872 1916
3 1872 1873 1916
3 1916 1873 1917
3 1873 1874 1917
3 1917 1874 1918
3 1874 1875 1918
3 1918 1875 1919
3 1875 1876 1919
3 1919 1876 1920
3 1876 1877 1920
3 1920 1877 1921
3 1877 1878 1921
3 1921 1878 1922
3 1878 1879 1922
3 1922 1879 1923
3 1879 1880 1923
3 1923 1880 1924
3 1880 1881 1924
3 1924 1881 1925
3 1881 1882 1925
3 1925 1882 1926
3 1882 1883 1926
3 1926 1883 1927
3 1883 1884 1927
3 1927 1884 1928
3 1884 1885 1928
3 1928 1885 1929
3 1885 1886 1929
3 1929 1886 1930
3 1886 1887 1930
3 1930 1887 1931
3 1887 1888 1931
3 1931 1888 1932
3 1888 1889 1932
3 1932 1889 1933
3 1889 1890 1933
3 1933 1890 1934
3 1890 1891 1934
3 1934 1891 1935
3 1891 1892 1935
3 1935 1892 1936
3 1892 1893 1936
3 1936 1893 1937
3 1893 1894 1937
3 1937 1894 1938
3 1894 1895 1938
3 1938 1895 1939
3 1895 1896 1939
3 1939 1896 1940
3 1896 1897 1940
3 1940 1897 1941
3 1901 1902 1942
3 1942 1902 1943
3 1902 1903 1943
3 1943 1903 1944
3 1903 1904 1944
3 1944 1904 1945
3 1904 1905 1945
3 1945 1905 1946
3 1905 1906 1946
3 1946 1906 1947
3 1906 1907 1947
3 1947 1907 1948
3 1907 1908 1948
3 1948 1908 1949
3 1908 1909 1949
3 1949 1909 1950
3 1909 1910 1950
3 1950 1910 1951
3 1910 1911 1951
3 1951 1911 1952
3 1911 1912 1952
3 1952 1912 1953
3 1912 1913 1953
3 1953 1913 1954
3 1913 1914 1954
3 1954 1914 1955
3 1914 1915 1955
3 1955 1915 1956
3 1915 1916 1956
3 1956 1916 1957
3 1916 1917 1957
3 1957 1917 1958
3 1917 1918 1958
3 1958 1918 1959
3 1918 1919 1959
3 1959 1919 1960
3 1919 1920 1960
3 1960 1920 1961
3 1920 1921 1961
3 1961 1921 1962
3 1921 1922 1962
3 1962 1922 1963
3 1922 1923 1963
3 1963 1923 1964
3 1923 1924 1964
3 1964 1924 1965
3 1924 1925 1965
3 1965 1925 1966
3 1925 1926 1966
3 1966 1926 1967
3 1926 1927 1967
3 1967 1927 1968
3 1927 1928 1968
3 1968 1928 1969
3 1928 1929 1969
3 1969 1929 1970
3 1929 1930 1970
3 1970 1930 1971
3 1930 1931 1971
3 1971 1931 1972
3 1931 1932 1972
3 1972 1932 1973
3 1932 1933 1973
3 1973 1933 1974
3 1933 1934 1974
3 1974 1934 1975
3 1934 1935 1975
3 1975 1935 1976
3 1935 1936 1976
3 1976 1936 1977
3 1936 1937 1977
3 1977 1937 1978
3 1937 1938 1978
3 1978 1938 1979
3 1938 1939 1979
3 1979 1939 1980
3 1939 1940 1980
3 1980 1940 1981
3 1940 1941 1981
3 1981 1941 1982
3 1944 1945 1983
3 1983 1945 1984
3 1945 1946 1984
3 1984 1946 1985
3 1946 1947 1985
3 1985 1947 1986
3 1947 1948 1986
3 1986 1948 1987
3 1948 1949 1987
3 1987 1949 1988
3 1949 1950 1988
3 1988 1950 1989
3 1950 1951 1989
3 1989 1951 1990
3 1951 1952 1990
3 1990 1952 1991
3 1952 1953 1991
3 1991 1953 1992
3 1953 1954 1992
3 1992 1954 1993
3 1954 1955 1993
3 1993 1955 1994
3 1955 1956 1994
3 1994 1956 1995
3 1956 1957 1995
3 1995 1957 1996
3 1957 1958 1996
3 1996 1958 1997
3 1958 1959 1997
3 1997 1959 1998
3 1959 1960 1998
3 1998 1960 1999
3 1960 1961 1999
3 1999 1961 2000
3 1961 1962 2000
3 2000 1962 2001
3 1962 1963 2001
3 2001 1963 2002
3 1963 1964 2002
3 2002 1964 2003
3 1964 1965 2003
3 2003 1965 2004
3 1965 1966 2004
3 2004 1966 2005
3 1966 1967 2005
3 2005 1967 2006
3 1967 1968 2006
3 2006 1968 2007
3 1968 1969 2007
3 2007 1969 2008
3 1969 1970 2008
3 2008 1970 2009
3 1970 1971 2009
3 2009 1971 2010
3 1971 1972 2010
3 2010 1972 2011
3 1972 1973 2011
3 2011 1973 2012
3 1973 1974 2012
3 2012 1974 2013
3 1974 1975 2013
3 2013 1975 2014
3 1975 1976 2014
3 2014 1976 2015
3 1976 1977 2015
3 2015 1977 2016
3 1977 1978 2016
3 2016 1978 2017
3 1978 1979 2017
3 2017 1979 2018
3 1979 1980 2018
3 2018 1980 2019
3 1980 1981 2019
3 2019 1981 2020
3 1981 1982 2020
3 2020 1982 2021
3 1985 1986 2022
3 2022 1986 2023
3 1986 1987 2023
3 2023 1987 2024
3 1987 1988 2024
3 2024 1988 2025
3 1988 1989 2025
3 2025 1989 2026
3 1989 1990 2026
3 2026 1990 2027
3 1990 1991 2027
3 2027 1991 2028
3 1991 1992 2028
3 2028 1992 2029
3 1992 1993 2029
3 2029 1993 2030
3 1993 1994 2030
3 2030 1994 2031
3 1994 1995 2031
3 2031 1995 2032
3 1995 1996 2032
3 2032 1996 2033
3 1996 1997 2033
3 2033 1997 2034
3 1997 1998 2034
3 2034 1998 2035
3 1998 1999 2035
3 2035 1999 2036
3 1999 2000 2036
3 2036 2000 2037
3 2000 2001 2037
3 2037 2001 2038
3 2001 2002 2038
3 2038 2002 2039
3 2002 2003 2039
3 2039 2003 2040
3 2003 2004 2040
3 2040 2004 2041
3 2004 2005 2041
3 2041 2005 2042
3 2005 2006 2042
3 2042 2006 2043
3 2006 2007 2043
3 2043 2007 2044
3 2007 2008 2044
3 2044 2008 2045
3 2008 2009 2045
3 2045 2009 2046
3 2009 2010 2046
3 2046 2010 2047
3 2010 2011 2047
3 2047 2011 2048
3 2011 2012 2048
3 2048 2012 2049
3 2012 2013 2049
3 2049 2013 2050
3 2013 2014 2050
3 2050 2014 2051
3 2014 2015 2051
3 2051 2015 2052
3 2015 2016 2052
3 2052 2016 2053
3 2016 2017 2053
3 2053 2017 2054
3 2017 2018 2054
3 2054 2018 2055
3 2018 2019 2055
3 2055 2019 2056
3 2019 2020 2056
3 2056 2020 2057
3 2020 2021 2057
3 2057 2021 2058
3 2024 2025 2059
3 2059 2025 2060
3 2025 2026 2060
3 2060 2026 2061
3 2026 2027 2061
3 2061 2027 2062
3 2027 2028 2062
3 2062 2028 2063
3 2028 2029 2063
3 2063 2029 2064
3 2029 2030 2064
3 2064 2030 2065
3 2030 2031 2065
3 2065 2031 2066
3 2031 2032 2066
3 2066 2032 2067
3 2032 2033 2067
3 2067 2033 2068
3 2033 2034 2068
3 2068 2034 2069
3 2034 2035 2069
3 2069 2035 2070
3 2035 2036 2070
3 2070 2036 2071
3 2036 2037 2071
3 2071 2037 2072
3 2037 2038 2072
3 2072 2038 2073
3 2038 2039 2073
3 2073 2039 2074
3 2039 2040 2074
3 2074 2040 2075
3 2040 2041 2075
3 2075 2041 2076
3 2041 2042 2076
3 2076 2042 2077
3 2042 2043 2077
3 2077 2043 2078
3 2043 2044 2078
3 2078 2044 2079
3 2044 2045 2079
3 2079 2045 2080
3 2045 2046 2080
3 2080 2046 2081
3 2046 2047 2081
3 2081 2047 2082
3 2047 2048 2082
3 2082 2048 2083
3 2048 2049 2083
3 2083 2049 2084
3 2049 2050 2084
3 2084 2050 2085
3 2050 2051 2085
3 2085 2051 2086
3 2051 2052 2086
3 2086 2052 2087
3 2052 2053 2087
3 2087 2053 2088
3 2053 2054 2088
3 2088 2054 2089
3 2054 2055 2089
3 2089 2055 2090
3 2055 2056 2090
3 2090 2056 2091
3 2056 2057 2091
3 2091 2057 2092
3 2057 2058 2092
3 2092 2058 2093
3 2061 2062 2094
3 2094 2062 2095
3 2062 2063 2095
3 2095 2063 2096
3 2063 2064 2096
3 2096 2064 2097
3 2064 2065 2097
3 2097 2065 2098
3 2065 2066 2098
3 2098 2066 2099
3 2066 2067 2099
3 2099 2067 2100
3 2067 2068 2100
3 2100 2068 2101
3 2068 2069 2101
3 2101 2069 2102
3 2069 2070 2102
3 2102 2070 2103
3 2070 2071 2103
3 2103 2071 2104
3 2071 2072 2104
3 2104 2072 2105
3 2072 2073 2105
3 2105 2073 2106
3 2073 2074 2106
3 2106 2074 2107
3 2074 2075 2107
3 2107 2075 2108
3 2075 2076 2108
3 2108 2076 2109
3 2076 2077 2109
3 2109 2077 2110
3 2077 2078 2110
3 2110 2078 2111
3 2078 2079 2111
3 2111 2079 2112
3 2079 2080 2112
3 2112 2080 2113
3 2080 2081 2113
3 2113 2081 2114
3 2081 2082 2114
3 2114 2082 2115
3 2082 2083 2115
3 2115 2083 2116
3 2083 2084 2116
3 2116 2084 2117
3 2084 2085 2117
3 2117 2085 2118
3 2085 2086 2118
3 2118 2086 2119
3 2086 2087 2119
3 2119 2087 2120
3 2087 2088 2120
3 2120 2088 2121
3 2088 2089 2121
3 2121 2089 2122
3 2089 2090 2122
3 2122 2090 2123
3 2090 2091 2123
3 2123 2091 2124
3 2091 2092 2124
3 2124 2092 2125
3 2092 2093 2125
3 2125 2093 2126
3 2096 2097 2127
3 2127 2097 2128
3 2097 2098 2128
3 2128 2098 2129
3 2098 2099 2129
3 2129 2099 2130
3 2099 2100 2130
3 2130 2100 2131
3 2100 2101 2131
3 2131 2101 2132
3 2101 2102 2132
3 2132 2102 2133
3 2102 2103 2133
3 2133 2103 2134
3 2103 2104 2134
3 2134 2104 2135
3 2104 2105 2135
3 2135 2105 2136
3 2105 2106 2136
3 2136 2106 2137
3 2106 2107 2137
3 2137 2107 2138
3 2107 2108 2138
3 2138 2108 2139
3 2108 2109 2139
3 2139 2109 2140
3 2109 2110 2140
3 2140 2110 2141
3 2110 2111 2141
3 2141 2111 2142
3 2111 2112 2142
3 2142 2112 2143
3 2112 2113 2143
3 2143 2113 2144
3 2113 2114 2144
3 2144 2114 2145
3 2114 2115 2145
3 2145 2115 2146
3 2115 2116 2146
3 2146 2116 2147
3 2116 2117 2147
3 2147 2117 2148
3 2117 2118 2148
3 2148 2118 2149
3 2118 2119 2149
3 2149 2119 2150
3 2119 2120 2150
3 2150 2120 2151
3 2120 2121 2151
3 2151 2121 2152
3 2121 2122 2152
3 2152 2122 2153
3 2122 2123 2153
3 2153 2123 2154
3 2123 2124 2154
3 2154 2124 2155
3 2124 2125 2155
3 2155 2125 2156
3 2125 2126 2156
3 2156 2126 2157
3 2129 2130 2158
3 2158 2130 2159
3 2130 2131 2159
3 2159 2131 2160
3 2131 2132 2160
3 2160 2132 2161
3 2132 2133 2161
3 2161 2133 2162
3 2133 2134 2162
3 2162 2134 2163
3 2134 2135 2163
3 2163 2135 2164
3 2135 2136 2164
3 2164 2136 2165
3 2136 2137 2165
3 2165 2137 2166
3 2137 2138 2166
3 2166 2138 2167
3 2138 2139 2167
3 2167 2139 2168
3 2139 2140 2168
3 2168 2140 2169
3 2140 2141 2169
3 2169 2141 2170
3 2141 2142 2170
3 2170 2142 2171
3 2142 2143 2171
3 2171 2143 2172
3 2143 2144 2172
3 2172 2144 2173
3 2144 2145 2173
3 2173 2145 2174
3 2145 2146 2174
3 2174 2146 2175
3 2146 2147 2175
3 2175 2147 2176
3 2147 2148 2176
3 2176 2148 2177
3 2148 2149 2177
3 2177 2149 2178
3 2149 2150 2178
3 2178 2150 2179
3 2150 2151 2179
3 2179 2151 2180
3 2151 2152 2180
3 2180 2152 2181
3 2152 2153 2181
3 2181 2153 2182
3 2153 2154 2182
3 2182 2154 2183
3 2154 2155 2183
3 2183 2155 2184
3 2155 2156 2184
3 2184 2156 2185
3 2156 2157 2185
3 2185 2157 2186
3 2160 2161 2187
3 2187 2161 2188
3 2161 2162 2188
3 2188 2162 2189
3 2162 2163 2189
3 2189 2163 2190
3 2163 2164 2190
3 2190 2164 2191
3 2164 2165 2191
3 2191 2165 2192
3 2165 2166 2192
3 2192 2166 2193
3 2166 2167 2193
3 2193 2167 2194
3 2167 2168 2194
3 2194 2168 2195
3 2168 2169 2195
3 2195 2169 2196
3 2169 2170 2196
3 2196 2170 2197
3 2170 2171 2197
3 2197 2171 2198
3 2171 2172 2198
3 2198 2172 2199
3 2172 2173 2199
3 2199 2173 2200
3 2173 2174 2200
3 2200 2174 2201
3 2174 2175 2201
3 2201 2175 2202
3 2175 2176 2202
3 2202 2176 2203
3 2176 2177 2203
3 2203 2177 2204
3 2177 2178 2204
3 2204 2178 2205
3 2178 2179 2205
3 2205 2179 2206
3 2179 2180 2206
3 2206 2180 2207
3 2180 2181 2207
3 2207 2181 2208
3 2181 2182 2208
3 2208 2182 2209
3 2182 2183 2209
3 2209 2183 2210
3 2183 2184 2210
3 2210 2184 2211
3 2184 2185 2211
3 2211 2185 2212
3 2185 2186 2212
3 2212 2186 2213
3 2189 2190 2214
3 2214 2190 2215
3 2190 2191 2215
3 2215 2191 2216
3 2191 2192 2216
3 2216 2192 2217
3 2192 2193 2217
3 2217 2193 2218
3 2193 2194 2218
3 2218 2194 2219
3 2194 2195 2219
3 2219 2195 2220
3 2195 2196 2220
3 2220 2196 2221
3 2196 2197 2221
3 2221 2197 2222
3 2197 2198 2222
3 2222 2198 2223
3 2198 2199 2223
3 2223 2199 2224
3 2199 2200 2224
3 2224 2200 2225
3 2200 2201 2225
3 2225 2201 2226
3 2201 2202 2226
3 2226 2202 2227
3 2202 2203 2227
3 2227 2203 2228
3 2203 2204 2228
3 2228 2204 2229
3 2204 2205 2229
3 2229 2205 2230
3 2205 2206 2230
3 2230 2206 2231
3 2206 2207 2231
3 2231 2207 2232
3 2207 2208 2232
3 2232 2208 2233
3 2208 2209 2233
3 2233 2209 2234
3 2209 2210 2234
3 2234 2210 2235
3 2210 2211 2235
3 2235 2211 2236
3 2211 2212 2236
3 2236 2212 2237
3 2212 2213 2237
3 2237 2213 2238
3 2216 2217 2239
3 2239 2217 2240
3 2217 2218 2240
3 2240 2218 2241
3 2218 2219 2241
3 2241 2219 2242
3 2219 2220 2242
3 2242 2220 2243
3 2220 2221 2243
3 2243 2221 2244
3 2221 2222 2244
3 2244 2222 2245
3 2222 2223 2245
3 2245 2223 2246
3 2223 2224 2246
3 2246 2224 2247
3 2224 2225 2247
3 2247 2225 2248
3 2225 2226 2248
3 2248 2226 2249
3 2226 2227 2249
3 2249 2227 2250
3 2227 2228 2250
3 2250 2228 2251
3 2228 2229 2251
3 2251 2229 2252
3 2229 2230 2252
3 2252 2230 2253
3 2230 2231 2253
3 2253 2231 2254
3 2231 2232 2254
3 2254 2232 2255
3 2232 2233 2255
3 2255 2233 2256
3 2233 2234 2256
3 2256 2234 2257
3 2234 2235 2257
3 2257 2235 2258
3 2235 2236 2258
3 2258 2236 2259
3 2236 2237 2259
3 2259 2237 2260
3 2237 2238 2260
3 2260 2238 2261
3 2240 2241 2262
3 2262 2241 2263
3 2241 2242 2263
3 2263 2242 2264
3 2242 2243 2264
3 2264 2243 2265
3 2243 2244 2265
3 2265 2244 2266
3 2244 2245 2266
3 2266 2245 2267
3 2245 2246 2267
3 2267 2246 2268
3 2246 2247 2268
3 2268 2247 2269
3 2247 2248 2269
3 2269 2248 2270
3 2248 2249 2270
3 2270 2249 2271
3 2249 2250 2271
3 2271 2250 2272
3 2250 2251 2272
3 2272 2251 2273
3 2251 2252 2273
3 2273 2252 2274
3 2252 2253 2274
3 2274 2253 2275
3 2253 2254 2275
3 2275 2254 2276
3 2254 2255 2276
3 2276 2255 2277
3 2255 2256 2277
3 2277 2256 2278
3 2256 2257 2278
3 2278 2257 2279
3 2257 2258 2279
3 2279 2258 2280
3 2258 2259 2280
3 2280 2259 2281
3 2259 2260 2281
3 2281 2260 2282
3 2260 2261 2282
3 2282 2261 2283
3 2264 2265 2284
3 2284 2265 2285
3 2265 2266 2285
3 2285 2266 2286
3 2266 2267 2286
3 2286 2267 2287
3 2267 2268 2287
3 2287 2268 2288
3 2268 2269 2288
3 2288 2269 2289
3 2269 2270 2289
3 2289 2270 2290
3 2270 2271 2290
3 2290 2271 2291
3 2271 2272 2291
3 2291 2272 2292
3 2272 2273 2292
3 2292 2273 2293
3 2273 2274 2293
3 2293 2274 2294
3 2274 2275 2294
3 2294 2275 2295
3 2275 2276 2295
3 2295 2276 2296
3 2276 2277 2296
3 2296 2277 2297
3 2277 2278 2297
3 2297 2278 2298
3 2278 2279 2298
3 2298 2279 2299
3 2279 2280 2299
3 2299 2280 2300
3 2280 2281 2300
3 2300 2281 2301
3 2281 2282 2301
3 2301 2282 2302
3 2282 2283 2302
3 2302 2283 2303
3 2286 2287 2304
3 2304 2287 2305
3 2287 2288 2305
3 2305 2288 2306
3 2288 2289 2306
3 2306 2289 2307
3 2289 2290 2307
3 2307 2290 2308
3 2290 2291 2308
3 2308 2291 2309
3 2291 2292 2309
3 2309 2292 2310
3 2292 2293 2310
3 2310 2293 2311
3 2293 2294 2311
3 2311 2294 2312
3 2294 2295 2312
3 2312 2295 2313
3 2295 2296 2313
3 2313 2296 2314
3 2296 2297 2314
3 2314 2297 2315
3 2297 2298 2315
3 2315 2298 2316
3 2298 2299 2316
3 2316 2299 2317
3 2299 2300 2317
3 2317 2300 2318
3 2300 2301 2318
3 2318 2301 2319
3 2301 2302 2319
3 2319 2302 2320
3 2302 2303 2320
3 2320 2303 2321
3 2305 2306 2322
3 2322 2306 2323
3 2306 2307 2323
3 2323 2307 2324
3 2307 2308 2324
3 2324 2308 2325
3 2308 2309 2325
3 2325 2309 2326
3 2309 2310 2326
3 2326 2310 2327
3 2310 2311 2327
3 2327 2311 2328
3 2311 2312 2328
3 2328 2312 2329
3 2312 2313 2329
3 2329 2313 2330
3 2313 2314 2330
3 2330 2314 2331
3 2314 2315 2331
3 2331 2315 2332
3 2315 2316 2332
3 2332 2316 2333
3 2316 2317 2333
3 2333 2317 2334
3 2317 2318 2334
3 2334 2318 2335
3 2318 2319 2335
3 2335 2319 2336
3 2319 2320 2336
3 2336 2320 2337
3 2320 2321 2337
3 2337 2321 2338
3 2324 2325 2339
3 2339 2325 2340
3 2325 2326 2340
3 2340 2326 2341
3 2326 2327 2341
3 2341 2327 2342
3 2327 2328 2342
3 2342 2328 2343
3 2328 2329 2343
3 2343 2329 2344
3 2329 2330 2344
3 2344 2330 2345
3 2330 2331 2345
3 2345 2331 2346
3 2331 2332 2346
3 2346 2332 2347
3 2332 2333 2347
3 2347 2333 2348
3 2333 2334 2348
3 2348 2334 2349
3 2334 2335 2349
3 2349 2335 2350
3 2335 2336 2350
3 2350 2336 2351
3 2336 2337 2351
3 2351 2337 2352
3 2337 2338 2352
3 2352 2338 2353
3 2340 2341 2354
3 2354 2341 2355
3 2341 2342 2355
3 2355 2342 2356
3 2342 2343 2356
3 2356 2343 2357
3 2343 2344 2357
3 2357 2344 2358
3 2344 2345 2358
3 2358 2345 2359
3 2345 2346 2359
3 2359 2346 2360
3 2346 2347 2360
3 2360 2347 2361
3 2347 2348 2361
3 2361 2348 2362
3 2348 2349 2362
3 2362 2349 2363
3 2349 2350 2363
3 2363 2350 2364
3 2350 2351 2364
3 2364 2351 2365
3 2351 2352 2365
3 2365 2352 2366
3 2352 2353 2366
3 2356 2357 2367
3 2367 2357 2368
3 2357 2358 2368
3 2368 2358 2369
3 2358 2359 2369
3 2369 2359 2370
3 2359 2360 2370
3 2370 2360 2371
3 2360 2361 2371
3 2371 2361 2372
3 2361 2362 2372
3 2372 2362 2373
3 2362 2363 2373
3 2373 2363 2374
3 2363 2364 2374
3 2374 2364 2375
3 2364 2365 2375
3 2375 2365 2376
3 2365 2366 2376
3 2376 2366 2377
3 2368 2369 2378
3 2378 2369 2379
3 2369 2370 2379
3 2379 2370 2380
3 2370 2371 2380
3 2380 2371 2381
3 2371 2372 2381
3 2381 2372 2382
3 2372 2373 2382
3 2382 2373 2383
3 2373 2374 2383
3 2383 2374 2384
3 2374 2375 2384
3 2384 2375 2385
3 2375 2376 2385
3 2385 2376 2386
3 2376 2377 2386
3 2380 2381 2387
3 2387 2381 2388
3 2381 2382 2388
3 2388 2382 2389
3 2382 2383 2389
3 2389 2383 2390
3 2383 2384 2390
3 2390 2384 2391
3 2384 2385 2391
3 2391 2385 2392
3 2385 2386 2392
3 2392 2386 2393
3 2388 2389 2394
3 2394 2389 2395
3 2389 2390 2395
3 2395 2390 2396
3 2390 2391 2396
3 2396 2391 2397
3 2391 2392 2397
3 2397 2392 2398
3 2392 2393 2398
3 2398 2393 2399
3 2395 2396 2400
3 2400 2396 2401
3 2396 2397 2401
3 2401 2397 2402
3 2397 2398 2402
3 2402 2398 2403
3 2398 2399 2403
3 2402 2403 2404
3 2404 2403 2405
3 2406 2303 2407
3 2406 2321 2303
3 2407 2283 2408
3 2407 2303 2283
3 2409 2410 2411
3 2409 2408 2410
3 2408 2261 2410
3 2408 2283 2261
3 2411 2412 2413
3 2411 2410 2412
3 2410 2238 2412
3 2410 2261 2238
3 2414 2415 2416
3 2414 2413 2415
3 2413 2417 2415
3 2413 2412 2417
3 2412 2213 2417
3 2412 2238 2213
3 2416 2418 2419
3 2416 2415 2418
3 2415 2420 2418
3 2415 2417 2420
3 2417 2186 2420
3 2417 2213 2186
3 2421 2422 2423
3 2421 2419 2422
3 2419 2424 2422
3 2419 2418 2424
3 2418 2425 2424
3 2418 2420 2425
3 2420 2157 2425
3 2420 2186 2157
3 2423 2426 2427
3 2423 2422 2426
3 2422 2428 2426
3 2422 2424 2428
3 2424 2429 2428
3 2424 2425 2429
3 2425 2126 2429
3 2425 2157 2126
3 2430 2431 2432
3 2430 2427 2431
3 2427 2433 2431
3 2427 2426 2433
3 2426 2434 2433
3 2426 2428 2434
3 2428 2435 2434
3 2428 2429 2435
3 2429 2093 2435
3 2429 2126 2093
3 2432 2436 2437
3 2432 2431 2436
3 2431 2438 2436
3 2431 2433 2438
3 2433 2439 2438
3 2433 2434 2439
3 2434 2440 2439
3 2434 2435 2440
3 2435 2058 2440
3 2435 2093 2058
3 2441 2442 2443
3 2441 2437 2442
3 2437 2444 2442
3 2437 2436 2444
3 2436 2445 2444
3 2436 2438 2445
3 2438 2446 2445
3 2438 2439 2446
3 2439 2447 2446
3 2439 2440 2447
3 2440 2021 2447
3 2440 2058 2021
3 2448 2449 2450
3 2448 2443 2449
3 2443 2451 2449
3 2443 2442 2451
3 2442 2452 2451
3 2442 2444 2452
3 2444 2453 2452
3 2444 2445 2453
3 2445 2454 2453
3 2445 2446 2454
3 2446 2455 2454
3 2446 2447 2455
3 2447 1982 2455
3 2447 2021 1982
3 2450 2456 2457
3 2450 2449 2456
3 2449 2458 2456
3 2449 2451 2458
3 2451 2459 2458
3 2451 2452 2459
3 2452 2460 2459
3 2452 2453 2460
3 2453 2461 2460
3 2453 2454 2461
3 2454 2462 2461
3 2454 2455 2462
3 2455 1941 2462
3 2455 1982 1941
3 2463 2464 2465
3 2463 2457 2464
3 2457 2466 2464
3 2457 2456 2466
3 2456 2467 2466
3 2456 2458 2467
3 2458 2468 2467
3 2458 2459 2468
3 2459 2469 2468
3 2459 2460 2469
3 2460 2470 2469
3 2460 2461 2470
3 2461 2471 2470
3 2461 2462 2471
3 2462 1897 2471
3 2462 1941 1897
3 2465 2472 2473
3 2465 2464 2472
3 2464 2474 2472
3 2464 2466 2474
3 2466 2475 2474
3 2466 2467 2475
3 2467 2476 2475
3 2467 2468 2476
3 2468 2477 2476
3 2468 2469 2477
3 2469 2478 2477
3 2469 2470 2478
3 2470 2479 2478
3 2470 2471 2479
3 2471 1851 2479
3 2471 1897 1851
3 2480 2481 2482
3 2480 2473 2481
3 2473 2483 2481
3 2473 2472 2483
3 2472 2484 2483
3 2472 2474 2484
3 2474 2485 2484
3 2474 2475 2485
3 2475 2486 2485
3 2475 2476 2486
3 2476 2487 2486
3 2476 2477 2487
3 2477 2488 2487
3 2477 2478 2488
3 2478 2489 2488
3 2478 2479 2489
3 2479 1803 2489
3 2479 1851 1803
3 2482 2490 2491
3 2482 2481 2490
3 2481 2492 2490
3 2481 2483 2492
3 2483 2493 2492
3 2483 2484 2493
3 2484 2494 2493
3 2484 2485 2494
3 2485 2495 2494
3 2485 2486 2495
3 2486 2496 2495
3 2486 2487 2496
3 2487 2497 2496
3 2487 2488 2497
3 2488 2498 2497
3 2488 2489 2498
3 2489 1756 2498
3 2489 1803 1756
3 2499 2500 2501
3 2499 2491 2500
3 2491 2502 2500
3 2491 2490 2502
3 2490 2503 2502
3 2490 2492 2503
3 2492 2504 2503
3 2492 2493 2504
3 2493 2505 2504
3 2493 2494 2505
3 2494 2506 2505
3 2494 2495 2506
3 2495 2507 2506
3 2495 2496 2507
3 2496 2508 2507
3 2496 2497 2508
3 2497 2509 2508
3 2497 2498 2509
3 2498 1709 2509
3 2498 1756 1709
3 2510 2511 2512
3 2510 2501 2511
3 2501 2513 2511
3 2501 2500 2513
3 2500 2514 2513
3 2500 2502 2514
3 2502 2515 2514
3 2502 2503 2515
3 2503 2516 2515
3 2503 2504 2516
3 2504 2517 2516
3 2504 2505 2517
3 2505 2518 2517
3 2505 2506 2518
3 2506 2519 2518
3 2506 2507 2519
3 2507 2520 2519
3 2507 2508 2520
3 2508 2521 2520
3 2508 2509 2521
3 2509 1663 2521
3 2509 1709 1663
3 2512 2522 2523
3 2512 2511 2522
3 2511 2524 2522
3 2511 2513 2524
3 2513 2525 2524
3 2513 2514 2525
3 2514 2526 2525
3 2514 2515 2526
3 2515 2527 2526
3 2515 2516 2527
3 2516 2528 2527
3 2516 2517 2528
3 2517 2529 2528
3 2517 2518 2529
3 2518 2530 2529
3 2518 2519 2530
3 2519 2531 2530
3 2519 2520 2531
3 2520 2532 2531
3 2520 2521 2532
3 2521 1617 2532
3 2521 1663 1617
3 2533 2534 2535
3 2533 2523 2534
3 2523 2536 2534
3 2523 2522 2536
3 2522 2537 2536
3 2522 2524 2537
3 2524 2538 2537
3 2524 2525 2538
3 2525 2539 2538
3 2525 2526 2539
3 2526 2540 2539
3 2526 2527 2540
3 2527 2541 2540
3 2527 2528 2541
3 2528 2542 2541
3 2528 2529 2542
3 2529 2543 2542
3 2529 2530 2543
3 2530 2544 2543
3 2530 2531 2544
3 2531 2545 2544
3 2531 2532 2545
3 2532 1572 2545
3 2532 1617 1572
3 2535 2546 2547
3 2535 2534 2546
3 2534 2548 2546
3 2534 2536 2548
3 2536 2549 2548
3 2536 2537 2549
3 2537 2550 2549
3 2537 2538 2550
3 2538 2551 2550
3 2538 2539 2551
3 2539 2552 2551
3 2539 2540 2552
3 2540 2553 2552
3 2540 2541 2553
3 2541 2554 2553
3 2541 2542 2554
3 2542 2555 2554
3 2542 2543 2555
3 2543 2556 2555
3 2543 2544 2556
3 2544 2557 2556
3 2544 2545 2557
3 2545 1527 2557
3 2545 1572 1527
3 2558 2559 2560
3 2558 2547 2559
3 2547 2561 2559
3 2547 2546 2561
3 2546 2562 2561
3 2546 2548 2562
3 2548 2563 2562
3 2548 2549 2563
3 2549 2564 2563
3 2549 2550 2564
3 2550 2565 2564
3 2550 2551 2565
3 2551 2566 2565
3 2551 2552 2566
3 2552 2567 2566
3 2552 2553 2567
3 2553 2568 2567
3 2553 2554 2568
3 2554 2569 2568
3 2554 2555 2569
3 2555 2570 2569
3 2555 2556 2570
3 2556 2571 2570
3 2556 2557 2571
3 2557 1482 2571
3 2557 1527 1482
3 2572 2573 2574
3 2572 2560 2573
3 2560 2575 2573
3 2560 2559 2575
3 2559 2576 2575
3 2559 2561 2576
3 2561 2577 2576
3 2561 2562 2577
3 2562 2578 2577
3 2562 2563 2578
3 2563 2579 2578
3 2563 2564 2579
3 2564 2580 2579
3 2564 2565 2580
3 2565 2581 2580
3 2565 2566 2581
3 2566 2582 2581
3 2566 2567 2582
3 2567 2583 2582
3 2567 2568 2583
3 2568 2584 2583
3 2568 2569 2584
3 2569 2585 2584
3 2569 2570 2585
3 2570 2586 2585
3 2570 2571 2586
3 2571 1438 2586
3 2571 1482 1438
3 2574 2587 2588
3 2574 2573 2587
3 2573 2589 2587
3 2573 2575 2589
3 2575 2590 2589
3 2575 2576 2590
3 2576 2591 2590
3 2576 2577 2591
3 2577 2592 2591
3 2577 2578 2592
3 2578 2593 2592
3 2578 2579 2593
3 2579 2594 2593
3 2579 2580 2594
3 2580 2595 2594
3 2580 2581 2595
3 2581 2596 2595
3 2581 2582 2596
3 2582 2597 2596
3 2582 2583 2597
3 2583 2598 2597
3 2583 2584 2598
3 2584 2599 2598
3 2584 2585 2599
3 2585 2600 2599
3 2585 2586 2600
3 2586 1394 2600
3 2586 1438 1394
3 2601 2602 2603
3 2601 2588 2602
3 2588 2604 2602
3 2588 2587 2604
3 2587 2605 2604
3 2587 2589 2605
3 2589 2606 2605
3 2589 2590 2606
3 2590 2607 2606
3 2590 2591 2607
3 2591 2608 2607
3 2591 2592 2608
3 2592 2609 2608
3 2592 2593 2609
3 2593 2610 2609
3 2593 2594 2610
3 2594 2611 2610
3 2594 2595 2611
3 2595 2612 2611
3 2595 2596 2612
3 2596 2613 2612
3 2596 2597 2613
3 2597 2614 2613
3 2597 2598 2614
3 2598 2615 2614
3 2598 2599 2615
3 2599 2616 2615
3 2599 2600 2616
3 2600 1351 2616
3 2600 1394 1351
3 2617 2618 2619
3 2617 2603 2618
3 2603 2620 2618
3 2603 2602 2620
3 2602 2621 2620
3 2602 2604 2621
3 2604 2622 2621
3 2604 2605 2622
3 2605 2623 2622
3 2605 2606 2623
3 2606 2624 2623
3 2606 2607 2624
3 2607 2625 2624
3 2607 2608 2625
3 2608 2626 2625
3 2608 2609 2626
3 2609 2627 2626
3 2609 2610 2627
3 2610 2628 2627
3 2610 2611 2628
3 2611 2629 2628
3 2611 2612 2629
3 2612 2630 2629
3 2612 2613 2630
3 2613 2631 2630
3 2613 2614 2631
3 2614 2632 2631
3 2614 2615 2632
3 2615 2633 2632
3 2615 2616 2633
3 2616 1308 2633
3 2616 1351 1308
3 2634 2635 2636
3 2634 2619 2635
3 2619 2637 2635
3 2619 2618 2637
3 2618 2638 2637
3 2618 2620 2638
3 2620 2639 2638
3 2620 2621 2639
3 2621 2640 2639
3 2621 2622 2640
3 2622 2641 2640
3 2622 2623 2641
3 2623 2642 2641
3 2623 2624 2642
3 2624 2643 2642
3 2624 2625 2643
3 2625 2644 2643
3 2625 2626 2644
3 2626 2645 2644
3 2626 2627 2645
3 2627 2646 2645
3 2627 2628 2646
3 2628 2647 2646
3 2628 2629 2647
3 2629 2648 2647
3 2629 2630 2648
3 2630 2649 2648
3 2630 2631 2649
3 2631 2650 2649
3 2631 2632 2650
3 2632 2651 2650
3 2632 2633 2651
3 2633 1266 2651
3 2633 1308 1266
3 2636 2652 2653
3 2636 2635 2652
3 2635 2654 2652
3 2635 2637 2654
3 2637 2655 2654
3 2637 2638 2655
3 2638 2656 2655
3 2638 2639 2656
3 2639 2657 2656
3 2639 2640 2657
3 2640 2658 2657
3 2640 2641 2658
3 2641 2659 2658
3 2641 2642 2659
3 2642 2660 2659
3 2642 2643 2660
3 2643 2661 2660
3 2643 2644 2661
3 2644 2662 2661
3 2644 2645 2662
3 2645 2663 2662
3 2645 2646 2663
3 2646 2664 2663
3 2646 2647 2664
3 2647 2665 2664
3 2647 2648 2665
3 2648 2666 2665
3 2648 2649 2666
3 2649 2667 2666
3 2649 2650 2667
3 2650 2668 2667
3 2650 2651 2668
3 2651 1224 2668
3 2651 1266 1224
3 2669 2670 2671
3 2669 2653 2670
3 2653 2672 2670
3 2653 2652 2672
3 2652 2673 2672
3 2652 2654 2673
3 2654 2674 2673
3 2654 2655 2674
3 2655 2675 2674
3 2655 2656 2675
3 2656 2676 2675
3 2656 2657 2676
3 2657 2677 2676
3 2657 2658 2677
3 2658 2678 2677
3 2658 2659 2678
3 2659 2679 2678
3 2659 2660 2679
3 2660 2680 2679
3 2660 2661 2680
3 2661 2681 2680
3 2661 2662 2681
3 2662 2682 2681
3 2662 2663 2682
3 2663 2683 2682
3 2663 2664 2683
3 2664 2684 2683
3 2664 2665 2684
3 2665 2685 2684
3 2665 2666 2685
3 2666 2686 2685
3 2666 2667 2686
3 2667 2687 2686
3 2667 2668 2687
3 2668 1183 2687
3 2668 1224 1183
3 2688 2689 2690
3 2688 2671 2689
3 2671 2691 2689
3 2671 2670 2691
3 2670 2692 2691
3 2670 2672 2692
3 2672 2693 2692
3 2672 2673 2693
3 2673 2694 2693
3 2673 2674 2694
3 2674 2695 2694
3 2674 2675 2695
3 2675 2696 2695
3 2675 2676 2696
3 2676 2697 2696
3 2676 2677 2697
3 2677 2698 2697
3 2677 2678 2698
3 2678 2699 2698
3 2678 2679 2699
3 2679 2700 2699
3 2679 2680 2700
3 2680 2701 2700
3 2680 2681 2701
3 2681 2702 2701
3 2681 2682 2702
3 2682 2703 2702
3 2682 2683 2703
3 2683 2704 2703
3 2683 2684 2704
3 2684 2705 2704
3 2684 2685 2705
3 2685 2706 2705
3 2685 2686 2706
3 2686 2707 2706
3 2686 2687 2707
3 2687 1142 2707
3 2687 1183 1142
3 2690 2708 2709
3 2690 2689 2708
3 2689 2710 2708
3 2689 2691 2710
3 2691 2711 2710
3 2691 2692 2711
3 2692 2712 2711
3 2692 2693 2712
3 2693 2713 2712
3 2693 2694 2713
3 2694 2714 2713
3 2694 2695 2714
3 2695 2715 2714
3 2695 2696 2715
3 2696 2716 2715
3 2696 2697 2716
3 2697 2717 2716
3 2697 2698 2717
3 2698 2718 2717
3 2698 2699 2718
3 2699 2719 2718
3 2699 2700 2719
3 2700 2720 2719
3 2700 2701 2720
3 2701 2721 2720
3 2701 2702 2721
3 2702 2722 2721
3 2702 2703 2722
3 2703 2723 2722
3 2703 2704 2723
3 2704 2724 2723
3 2704 2705 2724
3 2705 2725 2724
3 2705 2706 2725
3 2706 2726 2725
3 2706 2707 2726
3 2707 1102 2726
3 2707 1142 1102
3 2727 2728 2729
3 2727 2709 2728
3 2709 2730 2728
3 2709 2708 2730
3 2708 2731 2730
3 2708 2710 2731
3 2710 2732 2731
3 2710 2711 2732
3 2711 2733 2732
3 2711 2712 2733
3 2712 2734 2733
3 2712 2713 2734
3 2713 2735 2734
3 2713 2714 2735
3 2714 2736 2735
3 2714 2715 2736
3 2715 2737 2736
3 2715 2716 2737
3 2716 2738 2737
3 2716 2717 2738
3 2717 2739 2738
3 2717 2718 2739
3 2718 2740 2739
3 2718 2719 2740
3 2719 2741 2740
3 2719 2720 2741
3 2720 2742 2741
3 2720 2721 2742
3 2721 2743 2742
3 2721 2722 2743
3 2722 2744 2743
3 2722 2723 2744
3 2723 2745 2744
3 2723 2724 2745
3 2724 2746 2745
3 2724 2725 2746
3 2725 2747 2746
3 2725 2726 2747
3 2726 1062 2747
3 2726 1102 1062
3 2748 2749 2750
3 2748 2729 2749
3 2729 2751 2749
3 2729 2728 2751
3 2728 2752 2751
3 2728 2730 2752
3 2730 2753 2752
3 2730 2731 2753
3 2731 2754 2753
3 2731 2732 2754
3 2732 2755 2754
3 2732 2733 2755
3 2733 2756 2755
3 2733 2734 2756
3 2734 2757 2756
3 2734 2735 2757
3 2735 2758 2757
3 2735 2736 2758
3 2736 2759 2758
3 2736 2737 2759
3 2737 2760 2759
3 2737 2738 2760
3 2738 2761 2760
3 2738 2739 2761
3 2739 2762 2761
3 2739 2740 2762
3 2740 2763 2762
3 2740 2741 2763
3 2741 2764 2763
3 2741 2742 2764
3 2742 2765 2764
3 2742 2743 2765
3 2743 2766 2765
3 2743 2744 2766
3 2744 2767 2766
3 2744 2745 2767
3 2745 2768 2767
3 2745 2746 2768
3 2746 2769 2768
3 2746 2747 2769
3 2747 1023 2769
3 2747 1062 1023
3 2750 2770 2771
3 2750 2749 2770
3 2749 2772 2770
3 2749 2751 2772
3 2751 2773 2772
3 2751 2752 2773
3 2752 2774 2773
3 2752 2753 2774
3 2753 2775 2774
3 2753 2754 2775
3 2754 2776 2775
3 2754 2755 2776
3 2755 2777 2776
3 2755 2756 2777
3 2756 2778 2777
3 2756 2757 2778
3 2757 2779 2778
3 2757 2758 2779
3 2758 2780 2779
3 2758 2759 2780
3 2759 2781 2780
3 2759 2760 2781
3 2760 2782 2781
3 2760 2761 2782
3 2761 2783 2782
3 2761 2762 2783
3 2762 2784 2783
3 2762 2763 2784
3 2763 2785 2784
3 2763 2764 2785
3 2764 2786 2785
3 2764 2765 2786
3 2765 2787 2786
3 2765 2766 2787
3 2766 2788 2787
3 2766 2767 2788
3 2767 2789 2788
3 2767 2768 2789
3 2768 2790 2789
3 2768 2769 2790
3 2769 984 2790
3 2769 1023 984
3 2791 2792 2793
3 2791 2771 2792
3 2771 2794 2792
3 2771 2770 2794
3 2770 2795 2794
3 2770 2772 2795
3 2772 2796 2795
3 2772 2773 2796
3 2773 2797 2796
3 2773 2774 2797
3 2774 2798 2797
3 2774 2775 2798
3 2775 2799 2798
3 2775 2776 2799
3 2776 2800 2799
3 2776 2777 2800
3 2777 2801 2800
3 2777 2778 2801
3 2778 2802 2801
3 2778 2779 2802
3 2779 2803 2802
3 2779 2780 2803
3 2780 2804 2803
3 2780 2781 2804
3 2781 2805 2804
3 2781 2782 2805
3 2782 2806 2805
3 2782 2783 2806
3 2783 2807 2806
3 2783 2784 2807
3 2784 2808 2807
3 2784 2785 2808
3 2785 2809 2808
3 2785 2786 2809
3 2786 2810 2809
3 2786 2787 2810
3 2787 2811 2810
3 2787 2788 2811
3 2788 2812 2811
3 2788 2789 2812
3 2789 2813 2812
3 2789 2790 2813
3 2790 946 2813
3 2790 984 946
3 2793 2814 2815
3 2793 2792 2814
3 2792 2816 2814
3 2792 2794 2816
3 2794 2817 2816
3 2794 2795 2817
3 2795 2818 2817
3 2795 2796 2818
3 2796 2819 2818
3 2796 2797 2819
3 2797 2820 2819
3 2797 2798 2820
3 2798 2821 2820
3 2798 2799 2821
3 2799 2822 2821
3 2799 2800 2822
3 2800 2823 2822
3 2800 2801 2823
3 2801 2824 2823
3 2801 2802 2824
3 2802 2825 2824
3 2802 2803 2825
3 2803 2826 2825
3 2803 2804 2826
3 2804 2827 2826
3 2804 2805 2827
3 2805 2828 2827
3 2805 2806 2828
3 2806 2829 2828
3 2806 2807 2829
3 2807 2830 2829
3 2807 2808 2830
3 2808 2831 2830
3 2808 2809 2831
3 2809 2832 2831
3 2809 2810 2832
3 2810 2833 2832
3 2810 2811 2833
3 2811 2834 2833
3 2811 2812 2834
3 2812 2835 2834
3 2812 2813 2835
3 2813 908 2835
3 2813 946 908
3 2836 2837 2838
3 2836 2815 2837
3 2815 2839 2837
3 2815 2814 2839
3 2814 2840 2839
3 2814 2816 2840
3 2816 2841 2840
3 2816 2817 2841
3 2817 2842 2841
3 2817 2818 2842
3 2818 2843 2842
3 2818 2819 2843
3 2819 2844 2843
3 2819 2820 2844
3 2820 2845 2844
3 2820 2821 2845
3 2821 2846 2845
3 2821 2822 2846
3 2822 2847 2846
3 2822 2823 2847
3 2823 2848 2847
3 2823 2824 2848
3 2824 2849 2848
3 2824 2825 2849
3 2825 2850 2849
3 2825 2826 2850
3 2826 2851 2850
3 2826 2827 2851
3 2827 2852 2851
3 2827 2828 2852
3 2828 2853 2852
3 2828 2829 2853
3 2829 2854 2853
3 2829 2830 2854
3 2830 2855 2854
3 2830 2831 2855
3 2831 2856 2855
3 2831 2832 2856
3 2832 2857 2856
3 2832 2833 2857
3 2833 2858 2857
3 2833 2834 2858
3 2834 2859 2858
3 2834 2835 2859
3 2835 871 2859
3 2835 908 871
3 2860 2861 2862
3 2860 2838 2861
3 2838 2863 2861
3 2838 2837 2863
3 2837 2864 2863
3 2837 2839 2864
3 2839 2865 2864
3 2839 2840 2865
3 2840 2866 2865
3 2840 2841 2866
3 2841 2867 2866
3 2841 2842 2867
3 2842 2868 2867
3 2842 2843 2868
3 2843 2869 2868
3 2843 2844 2869
3 2844 2870 2869
3 2844 2845 2870
3 2845 2871 2870
3 2845 2846 2871
3 2846 2872 2871
3 2846 2847 2872
3 2847 2873 2872
3 2847 2848 2873
3 2848 2874 2873
3 2848 2849 2874
3 2849 2875 2874
3 2849 2850 2875
3 2850 2876 2875
3 2850 2851 2876
3 2851 2877 2876
3 2851 2852 2877
3 2852 2878 2877
3 2852 2853 2878
3 2853 2879 2878
3 2853 2854 2879
3 2854 2880 2879
3 2854 2855 2880
3 2855 2881 2880
3 2855 2856 2881
3 2856 2882 2881
3 2856 2857 2882
3 2857 2883 2882
3 2857 2858 2883
3 2858 2884 2883
3 2858 2859 2884
3 2859 834 2884
3 2859 871 834
3 2862 2885 2886
3 2862 2861 2885
3 2861 2887 2885
3 2861 2863 2887
3 2863 2888 2887
3 2863 2864 2888
3 2864 2889 2888
3 2864 2865 2889
3 2865 2890 2889
3 2865 2866 2890
3 2866 2891 2890
3 2866 2867 2891
3 2867 2892 2891
3 2867 2868 2892
3 2868 2893 2892
3 2868 2869 2893
3 2869 2894 2893
3 2869 2870 2894
3 2870 2895 2894
3 2870 2871 2895
3 2871 2896 2895
3 2871 2872 2896
3 2872 2897 2896
3 2872 2873 2897
3 2873 2898 2897
3 2873 2874 2898
3 2874 2899 2898
3 2874 2875 2899
3 2875 2900 2899
3 2875 2876 2900
3 2876 2901 2900
3 2876 2877 2901
3 2877 2902 2901
3 2877 2878 2902
3 2878 2903 2902
3 2878 2879 2903
3 2879 2904 2903
3 2879 2880 2904
3 2880 2905 2904
3 2880 2881 2905
3 2881 2906 2905
3 2881 2882 2906
3 2882 2907 2906
3 2882 2883 2907
3 2883 2908 2907
3 2883 2884 2908
3 2884 797 2908
3 2884 834 797
3 2909 2886 2910
3 2886 2911 2910
3 2886 2885 2911
3 2885 2912 2911
3 2885 2887 2912
3 2887 2913 2912
3 2887 2888 2913
3 2888 2914 2913
3 2888 2889 2914
3 2889 2915 2914
3 2889 2890 2915
3 2890 2916 2915
3 2890 2891 2916
3 2891 2917 2916
3 2891 2892 2917
3 2892 2918 2917
3 2892 2893 2918
3 2893 2919 2918
3 2893 2894 2919
3 2894 2920 2919
3 2894 2895 2920
3 2895 2921 2920
3 2895 2896 2921
3 2896 2922 2921
3 2896 2897 2922
3 2897 2923 2922
3 2897 2898 2923
3 2898 2924 2923
3 2898 2899 2924
3 2899 2925 2924
3 2899 2900 2925
3 2900 2926 2925
3 2900 2901 2926
3 2901 2927 2926
3 2901 2902 2927
3 2902 2928 2927
3 2902 2903 2928
3 2903 2929 2928
3 2903 2904 2929
3 2904 2930 2929
3 2904 2905 2930
3 2905 2931 2930
3 2905 2906 2931
3 2906 2932 2931
3 2906 2907 2932
3 2907 2933 2932
3 2907 2908 2933
3 2908 761 2933
3 2908 797 761
3 2910 2911 2934
3 2911 2935 2934
3 2911 2912 2935
3 2912 2936 2935
3 2912 2913 2936
3 2913 2937 2936
3 2913 2914 2937
3 2914 2938 2937
3 2914 2915 2938
3 2915 2939 2938
3 2915 2916 2939
3 2916 2940 2939
3 2916 2917 2940
3 2917 2941 2940
3 2917 2918 2941
3 2918 2942 2941
3 2918 2919 2942
3 2919 2943 2942
3 2919 2920 2943
3 2920 2944 2943
3 2920 2921 2944
3 2921 2945 2944
3 2921 2922 2945
3 2922 2946 2945
3 2922 2923 2946
3 2923 2947 2946
3 2923 2924 2947
3 2924 2948 2947
3 2924 2925 2948
3 2925 2949 2948
3 2925 2926 2949
3 2926 2950 2949
3 2926 2927 2950
3 2927 2951 2950
3 2927 2928 2951
3 2928 2952 2951
3 2928 2929 2952
3 2929 2953 2952
3 2929 2930 2953
3 2930 2954 2953
3 2930 2931 2954
3 2931 2955 2954
3 2931 2932 2955
3 2932 2956 2955
3 2932 2933 2956
3 2933 725 2956
3 2933 761 725
3 2934 2935 2957
3 2935 2958 2957
3 2935 2936 2958
3 2936 2959 2958
3 2936 2937 2959
3 2937 2960 2959
3 2937 2938 2960
3 2938 2961 2960
3 2938 2939 2961
3 2939 2962 2961
3 2939 2940 2962
3 2940 2963 2962
3 2940 2941 2963
3 2941 2964 2963
3 2941 2942 2964
3 2942 2965 2964
3 2942 2943 2965
3 2943 2966 2965
3 2943 2944 2966
3 2944 2967 2966
3 2944 2945 2967
3 2945 2968 2967
3 2945 2946 2968
3 2946 2969 2968
3 2946 2947 2969
3 2947 2970 2969
3 2947 2948 2970
3 2948 2971 2970
3 2948 2949 2971
3 2949 2972 2971
3 2949 2950 2972
3 2950 2973 2972
3 2950 2951 2973
3 2951 2974 2973
3 2951 2952 2974
3 2952 2975 2974
3 2952 2953 2975
3 2953 2976 2975
3 2953 2954 2976
3 2954 2977 2976
3 2954 2955 2977
3 2955 2978 2977
3 2955 2956 2978
3 2956 690 2978
3 2956 725 690
3 2957 2958 2979
3 2958 2980 2979
3 2958 2959 2980
3 2959 2981 2980
3 2959 2960 2981
3 2960 2982 2981
3 2960 2961 2982
3 2961 2983 2982
3 2961 2962 2983
3 2962 2984 2983
3 2962 2963 2984
3 2963 2985 2984
3 2963 2964 2985
3 2964 2986 2985
3 2964 2965 2986
3 2965 2987 2986
3 2965 2966 2987
3 2966 2988 2987
3 2966 2967 2988
3 2967 2989 2988
3 2967 2968 2989
3 2968 2990 2989
3 2968 2969 2990
3 2969 2991 2990
3 2969 2970 2991
3 2970 2992 2991
3 2970 2971 2992
3 2971 2993 2992
3 2971 2972 2993
3 2972 2994 2993
3 2972 2973 2994
3 2973 2995 2994
3 2973 2974 2995
3 2974 2996 2995
3 2974 2975 2996
3 2975 2997 2996
3 2975 2976 2997
3 2976 2998 2997
3 2976 2977 2998
3 2977 2999 2998
3 2977 2978 2999
3 2978 655 2999
3 2978 690 655
3 2979 2980 3000
3 2980 3001 3000
3 2980 2981 3001
3 2981 3002 3001
3 2981 2982 3002
3 2982 3003 3002
3 2982 2983 3003
3 2983 3004 3003
3 2983 2984 3004
3 2984 3005 3004
3 2984 2985 3005
3 2985 3006 3005
3 2985 2986 3006
3 2986 3007 3006
3 2986 2987 3007
3 2987 3008 3007
3 2987 2988 3008
3 2988 3009 3008
3 2988 2989 3009
3 2989 3010 3009
3 2989 2990 3010
3 2990 3011 3010
3 2990 2991 3011
3 2991 3012 3011
3 2991 2992 3012
3 2992 3013 3012
3 2992 2993 3013
3 2993 3014 3013
3 2993 2994 3014
3 2994 3015 3014
3 2994 2995 3015
3 2995 3016 3015
3 2995 2996 3016
3 2996 3017 3016
3 2996 2997 3017
3 2997 3018 3017
3 2997 2998 3018
3 2998 3019 3018
3 2998 2999 3019
3 2999 621 3019
3 2999 655 621
3 3000 3001 3020
3 3001 3021 3020
3 3001 3002 3021
3 3002 3022 3021
3 3002 3003 3022
3 3003 3023 3022
3 3003 3004 3023
3 3004 3024 3023
3 3004 3005 3024
3 3005 3025 3024
3 3005 3006 3025
3 3006 3026 3025
3 3006 3007 3026
3 3007 3027 3026
3 3007 3008 3027
3 3008 3028 3027
3 3008 3009 3028
3 3009 3029 3028
3 3009 3010 3029
3 3010 3030 3029
3 3010 3011 3030
3 3011 3031 3030
3 3011 3012 3031
3 3012 3032 3031
3 3012 3013 3032
3 3013 3033 3032
3 3013 3014 3033
3 3014 3034 3033
3 3014 3015 3034
3 3015 3035 3034
3 3015 3016 3035
3 3016 3036 3035
3 3016 3017 3036
3 3017 3037 3036
3 3017 3018 3037
3 3018 3038 3037
3 3018 3019 3038
3 3019 587 3038
3 3019 621 587
3 3020 3021 3039
3 3021 3040 3039
3 3021 3022 3040
3 3022 3041 3040
3 3022 3023 3041
3 3023 3042 3041
3 3023 3024 3042
3 3024 3043 3042
3 3024 3025 3043
3 3025 3044 3043
3 3025 3026 3044
3 3026 3045 3044
3 3026 3027 3045
3 3027 3046 3045
3 3027 3028 3046
3 3028 3047 3046
3 3028 3029 3047
3 3029 3048 3047
3 3029 3030 3048
3 3030 3049 3048
3 3030 3031 3049
3 3031 3050 3049
3 3031 3032 3050
3 3032 3051 3050
3 3032 3033 3051
3 3033 3052 3051
3 3033 3034 3052
3 3034 3053 3052
3 3034 3035 3053
3 3035 3054 3053
3 3035 3036 3054
3 3036 3055 3054
3 3036 3037 3055
3 3037 3056 3055
3 3037 3038 3056
3 3038 554 3056
3 3038 587 554
3 3040 3041 3057
3 3041 3058 3057
3 3041 3042 3058
3 3042 3059 3058
3 3042 3043 3059
3 3043 3060 3059
3 3043 3044 3060
3 3044 3061 3060
3 3044 3045 3061
3 3045 3062 3061
3 3045 3046 3062
3 3046 3063 3062
3 3046 3047 3063
3 3047 3064 3063
3 3047 3048 3064
3 3048 3065 3064
3 3048 3049 3065
3 3049 3066 3065
3 3049 3050 3066
3 3050 3067 3066
3 3050 3051 3067
3 3051 3068 3067
3 3051 3052 3068
3 3052 3069 3068
3 3052 3053 3069
3 3053 3070 3069
3 3053 3054 3070
3 3054 3071 3070
3 3054 3055 3071
3 3055 3072 3071
3 3055 3056 3072
3 3056 521 3072
3 3056 554 521
3 3057 3058 3073
3 3058 3074 3073
3 3058 3059 3074
3 3059 3075 3074
3 3059 3060 3075
3 3060 3076 3075
3 3060 3061 3076
3 3061 3077 3076
3 3061 3062 3077
3 3062 3078 3077
3 3062 3063 3078
3 3063 3079 3078
3 3063 3064 3079
3 3064 3080 3079
3 3064 3065 3080
3 3065 3081 3080
3 3065 3066 3081
3 3066 3082 3081
3 3066 3067 3082
3 3067 3083 3082
3 3067 3068 3083
3 3068 3084 3083
3 3068 3069 3084
3 3069 3085 3084
3 3069 3070 3085
3 3070 3086 3085
3 3070 3071 3086
3 3071 3087 3086
3 3071 3072 3087
3 3072 489 3087
3 3072 521 489
3 3073 3074 3088
3 3074 3089 3088
3 3074 3075 3089
3 3075 3090 3089
3 3075 3076 3090
3 3076 3091 3090
3 3076 3077 3091
3 3077 3092 3091
3 3077 3078 3092
3 3078 3093 3092
3 3078 3079 3093
3 3079 3094 3093
3 3079 3080 3094
3 3080 3095 3094
3 3080 3081 3095
3 3081 3096 3095
3 3081 3082 3096
3 3082 3097 3096
3 3082 3083 3097
3 3083 3098 3097
3 3083 3084 3098
3 3084 3099 3098
3 3084 3085 3099
3 3085 3100 3099
3 3085 3086 3100
3 3086 3101 3100
3 3086 3087 3101
3 3087 457 3101
3 3087 489 457
3 3088 3089 3102
3 3089 3103 3102
3 3089 3090 3103
3 3090 3104 3103
3 3090 3091 3104
3 3091 3105 3104
3 3091 3092 3105
3 3092 3106 3105
3 3092 3093 3106
3 3093 3107 3106
3 3093 3094 3107
3 3094 3108 3107
3 3094 3095 3108
3 3095 3109 3108
3 3095 3096 3109
3 3096 3110 3109
3 3096 3097 3110
3 3097 3111 3110
3 3097 3098 3111
3 3098 3112 3111
3 3098 3099 3112
3 3099 3113 3112
3 3099 3100 3113
3 3100 3114 3113
3 3100 3101 3114
3 3101 426 3114
3 3101 457 426
3 3102 3103 3115
3 3103 3116 3115
3 3103 3104 3116
3 3104 3117 3116
3 3104 3105 3117
3 3105 3118 3117
3 3105 3106 3118
3 3106 3119 3118
3 3106 3107 3119
3 3107 3120 3119
3 3107 3108 3120
3 3108 3121 3120
3 3108 3109 3121
3 3109 3122 3121
3 3109 3110 3122
3 3110 3123 3122
3 3110 3111 3123
3 3111 3124 3123
3 3111 3112 3124
3 3112 3125 3124
3 3112 3113 3125
3 3113 3126 3125
3 3113 3114 3126
3 3114 395 3126
3 3114 426 395
3 3115 3116 3127
3 3116 3128 3127
3 3116 3117 3128
3 3117 3129 3128
3 3117 3118 3129
3 3118 3130 3129
3 3118 3119 3130
3 3119 3131 3130
3 3119 3120 3131
3 3120 3132 3131
3 3120 3121 3132
3 3121 3133 3132
3 3121 3122 3133
3 3122 3134 3133
3 3122 3123 3134
3 3123 3135 3134
3 3123 3124 3135
3 3124 3136 3135
3 3124 3125 3136
3 3125 3137 3136
3 3125 3126 3137
3 3126 364 3137
3 3126 395 364
3 3127 3128 3138
3 3128 3139 3138
3 3128 3129 3139
3 3129 3140 3139
3 3129 3130 3140
3 3130 3141 3140
3 3130 3131 3141
3 3131 3142 3141
3 3131 3132 3142
3 3132 3143 3142
3 3132 3133 3143
3 3133 3144 3143
3 3133 3134 3144
3 3134 3145 3144
3 3134 3135 3145
3 3135 3146 3145
3 3135 3136 3146
3 3136 3147 3146
3 3136 3137 3147
3 3137 334 3147
3 3137 364 334
3 3138 3139 3148
3 3139 3149 3148
3 3139 3140 3149
3 3140 3150 3149
3 3140 3141 3150
3 3141 3151 3150
3 3141 3142 3151
3 3142 3152 3151
3 3142 3143 3152
3 3143 3153 3152
3 3143 3144 3153
3 3144 3154 3153
3 3144 3145 3154
3 3145 3155 3154
3 3145 3146 3155
3 3146 3156 3155
3 3146 3147 3156
3 3147 304 3156
3 3147 334 304
3 3148 3149 3157
3 3149 3158 3157
3 3149 3150 3158
3 3150 3159 3158
3 3150 3151 3159
3 3151 3160 3159
3 3151 3152 3160
3 3152 3161 3160
3 3152 3153 3161
3 3153 3162 3161
3 3153 3154 3162
3 3154 3163 3162
3 3154 3155 3163
3 3155 3164 3163
3 3155 3156 3164
3 3156 275 3164
3 3156 304 275
3 3157 3158 3165
3 3158 3166 3165
3 3158 3159 3166
3 3159 3167 3166
3 3159 3160 3167
3 3160 3168 3167
3 3160 3161 3168
3 3161 3169 3168
3 3161 3162 3169
3 3162 3170 3169
3 3162 3163 3170
3 3163 3171 3170
3 3163 3164 3171
3 3164 246 3171
3 3164 275 246
3 3165 3166 3172
3 3166 3173 3172
3 3166 3167 3173
3 3167 3174 3173
3 3167 3168 3174
3 3168 3175 3174
3 3168 3169 3175
3 3169 3176 3175
3 3169 3170 3176
3 3170 3177 3176
3 3170 3171 3177
3 3171 218 3177
3 3171 246 218
3 3173 3174 3178
3 3174 3179 3178
3 3174 3175 3179
3 3175 3180 3179
3 3175 3176 3180
3 3176 3181 3180
3 3176 3177 3181
3 3177 190 3181
3 3177 218 190
3 3178 3179 3182
3 3179 3183 3182
3 3179 3180 3183
3 3180 3184 3183
3 3180 3181 3184
3 3181 163 3184
3 3181 190 163
3 3182 3183 3185
3 3183 3186 3185
3 3183 3184 3186
3 3184 136 3186
3 3184 163 136
3 3185 3187 3188
3 3185 3186 3187
3 3186 110 3187
3 3186 136 110
3 3188 3187 3189
3 3187 84 3189
3 3187 110 84
3 3189 84 83

CELL_DATA 6132
SCALARS longitude float 1
LOOKUP_TABLE default
1.2973400354385376
1.4329700469970703
1.318079948425293
1.4537800550460815
1.3390300273895264
1.4747600555419922
1.3601399660110474
1.4964900016784668
1.3819999694824219
1.5183600187301636
1.6843199729919434
1.8201199769973755
1.7044700384140015
1.8408499956130981
1.7259000539779663
1.8623000383377075
1.747499942779541
1.8839199542999268
1.7692699432373047
1.9051200151443481
1.7900400161743164
1.9258999824523926
1.810960054397583
1.9474600553512573
1.8315999507904053
1.9670900106430054
1.8502399921417236
1.9863799810409546
1.8695900440216064
2.0051798820495605
1.8878300189971924
2.0234498977661133
2.187999963760376
2.071890115737915
2.208430051803589
2.0930399894714355
2.229559898376465
2.113759994506836
2.250269889831543
2.1352200508117676
2.2717199325561523
2.1562700271606445
2.292789936065674
2.177500009536743
2.3140499591827393
2.198960065841675
2.336169958114624
2.220170021057129
2.35578989982605
2.238840103149414
2.375149965286255
2.258270025253296
2.3940300941467285
2.276550054550171
2.41294002532959
2.295520067214966
2.4320099353790283
2.3140599727630615
2.45127010345459
2.3339900970458984
2.471299886703491
2.3534700870513916
2.4909300804138184
2.3751299381256104
2.5147299766540527
2.4382200241088867
2.5727200508117676
2.459019899368286
2.5934898853302
2.4793999195098877
2.6138100624084473
2.500469923019409
2.634850025177002
2.5211400985717773
2.654939889907837
2.542030096054077
2.6764299869537354
2.563730001449585
2.6975998878479004
2.585129976272583
2.719670057296753
2.606329917907715
2.7398600578308105
2.6256299018859863
2.7597899436950684
2.6450700759887695
2.779249906539917
2.664599895477295
2.7988600730895996
2.683690071105957
2.8180599212646484
2.703579902648926
2.8386800289154053
2.72367000579834
2.858910083770752
2.7440099716186523
2.8800899982452393
2.766629934310913
2.904910087585449
2.7929201126098633
2.931580066680908
2.819200038909912
2.9589200019836426
2.8467800617218018
2.986999988555908
2.874459981918335
3.0145699977874756
2.9016199111938477
3.0416300296783447
2.927639961242676
3.067539930343628
2.952430009841919
3.092869997024536
2.936229944229126
2.8218700885772705
2.956540107727051
2.8418400287628174
2.976439952850342
2.862489938735962
2.9970200061798096
2.8827099800109863
3.0166499614715576
2.9025800228118896
3.036530017852783
2.9232800006866455
3.057849884033203
2.9448699951171875
3.078929901123047
2.9661900997161865
3.1008899211883545
2.987910032272339
3.121609926223755
3.007730007171631
3.1420700550079346
3.0283100605010986
3.1627299785614014
3.0479400157928467
3.18245005607605
3.067739963531494
3.2029600143432617
3.0883800983428955
3.2237699031829834
3.1093099117279053
3.2449400424957275
3.1306300163269043
3.2671499252319336
3.154900074005127
3.2936999797821045
3.182379961013794
3.321700096130371
3.210629940032959
3.3510499000549316
3.239579916000366
3.3793599605560303
3.266890048980713
3.407219886779785
3.2949299812316895
3.435810089111328
3.3224399089813232
3.463279962539673
3.3488399982452393
3.4902100563049316
3.185699939727783
3.321079969406128
3.206279993057251
3.3410699367523193
3.2259199619293213
3.3606200218200684
3.2456600666046143
3.3797600269317627
3.265049934387207
3.3991200923919678
3.284670114517212
3.4193499088287354
3.3057899475097656
3.4405200481414795
3.3266398906707764
3.461440086364746
3.3484199047088623
3.4833199977874756
3.369499921798706
3.50396990776062
3.3904199600219727
3.5255699157714844
3.4116299152374268
3.5462899208068848
3.4319000244140625
3.567239999771118
3.4530200958251953
3.5885400772094727
3.4738800525665283
3.6096200942993164
3.495150089263916
3.6317999362945557
3.518120050430298
3.655750036239624
3.543600082397461
3.683039903640747
3.5724799633026123
3.7124900817871094
3.6021499633789062
3.7427399158477783
3.6314399242401123
3.772049903869629
3.660330057144165
3.802150011062622
3.6899499893188477
3.831739902496338
3.7184600830078125
3.860219955444336
3.746429920196533
3.8886899948120117
3.685879945755005
3.57108998298645
3.7065799236297607
3.591360092163086
3.7256898880004883
3.6100900173187256
3.7449100017547607
3.629539966583252
3.764319896697998
3.6486101150512695
3.7833900451660156
3.6685900688171387
3.803450107574463
3.6889500617980957
3.8238699436187744
3.710239887237549
3.8452200889587402
3.7313199043273926
3.866339921951294
3.752810001373291
3.8880300521850586
3.774329900741577
3.9096500873565674
3.7955400943756104
3.9309499263763428
3.817049980163574
3.953249931335449
3.8389699459075928
3.9747700691223145
3.860100030899048
3.9967899322509766
3.8829801082611084
4.020080089569092
3.9065399169921875
4.044149875640869
3.932810068130493
4.07289981842041
3.963170051574707
4.103909969329834
3.993839979171753
4.13523006439209
4.0247697830200195
4.166220188140869
4.055339813232422
4.197400093078613
4.086019992828369
4.2286601066589355
4.1161699295043945
4.25875997543335
4.145090103149414
4.288259983062744
3.9364399909973145
4.0721001625061035
3.9570300579071045
4.0925798416137695
3.9764699935913086
4.111410140991211
3.995450019836426
4.1309099197387695
4.01515007019043
4.150040149688721
4.033989906311035
4.16834020614624
4.052609920501709
4.187580108642578
4.073339939117432
4.208330154418945
4.0938401222229
4.228839874267578
4.115250110626221
4.250319957733154
4.1366400718688965
4.271969795227051
4.158679962158203
4.294159889221191
4.1805500984191895
4.316180229187012
4.202789783477783
4.338679790496826
4.224949836730957
4.361110210418701
4.2476301193237305
4.384850025177002
4.2711100578308105
4.4087700843811035
4.295360088348389
4.433599948883057
4.322490215301514
4.463290214538574
4.354459762573242
4.495989799499512
4.386839866638184
4.5290398597717285
4.418889999389648
4.561160087585449
4.450560092926025
4.5934600830078125
4.482960224151611
4.626500129699707
4.514810085296631
4.658289909362793
4.545420169830322
4.689519882202148
4.438010215759277
4.322909832000732
4.458600044250488
4.343349933624268
4.4789299964904785
4.363100051879883
4.498109817504883
4.381869792938232
4.516870021820068
4.4008002281188965
4.535260200500488
4.418859958648682
4.553319931030273
4.437769889831543
4.572800159454346
4.457590103149414
4.592619895935059
4.478370189666748
4.613460063934326
4.49901008605957
4.634180068969727
4.520830154418945
4.656320095062256
4.542940139770508
4.678639888763428
4.565489768981934
4.701350212097168
4.587940216064453
4.7247700691223145
4.611670017242432
4.748889923095703
4.635560035705566
4.77331018447876
4.6602702140808105
4.798520088195801
4.685269832611084
4.823599815368652
4.7127299308776855
4.854310035705566
4.746409893035889
4.8887200355529785
4.780519962310791
4.922959804534912
4.813759803771973
4.956850051879883
4.8471598625183105
4.99153995513916
4.881400108337402
5.0258002281188965
4.914400100708008
5.059410095214844
4.947420120239258
5.0924201011657715
4.688240051269531
4.823500156402588
4.708970069885254
4.844669818878174
4.729879856109619
4.865489959716797
4.749549865722656
4.884689807891846
4.768249988555908
4.903379917144775
4.786479949951172
4.921609878540039
4.804850101470947
4.939970016479492
4.823470115661621
4.959159851074219
4.843520164489746
4.979219913482666
4.863409996032715
4.998539924621582
4.88375997543335
5.019010066986084
4.904930114746094
5.04056978225708
4.92765998840332
5.064109802246094
4.950960159301758
5.08774995803833
4.974979877471924
5.1127800941467285
4.999800205230713
5.137499809265137
5.024360179901123
5.1625800132751465
5.049789905548096
5.1886701583862305
5.075739860534668
5.214759826660156
5.1041998863220215
5.24714994430542
5.139589786529541
5.283360004425049
5.174950122833252
5.318840026855469
5.209949970245361
5.354440212249756
5.245729923248291
5.39100980758667
5.281239986419678
5.426529884338379
5.316120147705078
5.46205997467041
5.350369930267334
5.4969801902771
5.186079978942871
5.0731000900268555
5.208930015563965
5.0950398445129395
5.230800151824951
5.116049766540527
5.251780033111572
5.1363701820373535
5.2716498374938965
5.155109882354736
5.290380001068115
5.173789978027344
5.309010028839111
5.191949844360352
5.327159881591797
5.210869789123535
5.3465399742126465
5.230519771575928
5.365610122680664
5.2494401931762695
5.384640216827393
5.2689900398254395
5.404369831085205
5.290040016174316
5.426479816436768
5.313459873199463
5.450829982757568
5.338280200958252
5.476089954376221
5.3633599281311035
5.501619815826416
5.388750076293945
5.526969909667969
5.413939952850342
5.552840232849121
5.440360069274902
5.579969882965088
5.467319965362549
5.607089996337891
5.497489929199219
5.641270160675049
5.534709930419922
5.678699970245361
5.57125997543335
5.715980052947998
5.608069896697998
5.753419876098633
5.645090103149414
5.791289806365967
5.682509899139404
5.828770160675049
5.718739986419678
5.865699768066406
5.755640029907227
5.903369903564453
5.431910037994385
5.5650200843811035
5.455019950866699
5.588069915771484
5.4777398109436035
5.6107001304626465
5.499499797821045
5.63247013092041
5.520040035247803
5.652569770812988
5.539450168609619
5.671919822692871
5.558070182800293
5.68996000289917
5.576109886169434
5.707980155944824
5.594689846038818
5.727049827575684
5.613979816436768
5.746379852294922
5.633200168609619
5.766280174255371
5.653090000152588
5.786399841308594
5.67411994934082
5.809219837188721
5.698939800262451
5.835000038146973
5.724699974060059
5.860630035400391
5.7502899169921875
5.886769771575928
5.776319980621338
5.912839889526367
5.802390098571777
5.940229892730713
5.8302998542785645
5.968259811401367
5.857709884643555
5.9958600997924805
5.889019966125488
6.030580043792725
5.926819801330566
6.068570137023926
5.965179920196533
6.1070098876953125
6.003180027008057
6.145110130310059
6.041560173034668
6.184299945831299
6.080289840698242
6.222479820251465
6.117919921875
6.260739803314209
6.156260013580322
6.299180030822754
5.916619777679443
5.80718994140625
5.940189838409424
5.8310699462890625
5.964059829711914
5.854030132293701
5.986999988555908
5.876659870147705
6.009650230407715
5.898009777069092
6.030570030212402
5.917610168457031
6.049560070037842
5.935770034790039
6.067709922790527
5.953780174255371
6.086209774017334
5.9727702140808105
6.10575008392334
5.992430210113525
6.1255202293396
6.012549877166748
6.145870208740234
6.032919883728027
6.166500091552734
6.055089950561523
6.190499782562256
6.080679893493652
6.216559886932373
6.106810092926025
6.243179798126221
6.133480072021484
6.270440101623535
6.160260200500488
6.297900199890137
6.188340187072754
6.326769828796387
6.216629981994629
6.354690074920654
6.244490146636963
6.383339881896973
6.276279926300049
6.418600082397461
6.31466007232666
6.457220077514648
6.352970123291016
6.495659828186035
6.3916401863098145
6.534470081329346
6.430689811706543
6.5736799240112305
6.469490051269531
6.611969947814941
6.507780075073242
6.6509199142456055
6.546810150146484
6.68943977355957
6.15772008895874
6.290200233459473
6.182109832763672
6.315149784088135
6.206230163574219
6.339270114898682
6.2300801277160645
6.363160133361816
6.253079891204834
6.386139869689941
6.275290012359619
6.407440185546875
6.294680118560791
6.42671012878418
6.313539981842041
6.446139812469482
6.33273983001709
6.465849876403809
6.352290153503418
6.48544979095459
6.372000217437744
6.505270004272461
6.392119884490967
6.5262298583984375
6.413569927215576
6.548019886016846
6.436369895935059
6.572249889373779
6.462259769439697
6.599219799041748
6.4899001121521
6.627389907836914
6.517630100250244
6.655240058898926
6.545690059661865
6.684030055999756
6.574679851531982
6.713200092315674
6.603360176086426
6.742099761962891
6.632289886474609
6.771870136260986
6.665249824523926
6.807759761810303
6.703680038452148
6.846409797668457
6.742640018463135
6.886149883270264
6.782010078430176
6.925690174102783
6.821169853210449
6.965060234069824
6.860060214996338
7.003389835357666
6.898449897766113
7.042550086975098
6.937679767608643
7.081240177154541
6.638899803161621
6.531129837036133
6.66418981552124
6.556310176849365
6.689380168914795
6.5812602043151855
6.714399814605713
6.605500221252441
6.73868989944458
6.629419803619385
6.762599945068359
6.651480197906494
6.78371000289917
6.671710014343262
6.804389953613281
6.692009925842285
6.824699878692627
6.711939811706543
6.844570159912109
6.731629848480225
6.8649702072143555
6.7520599365234375
6.8856000900268555
6.77292013168335
6.907390117645264
6.795159816741943
6.929490089416504
6.8182501792907715
6.955080032348633
6.846059799194336
6.983429908752441
6.874090194702148
7.01209020614624
6.90300989151001
7.04118013381958
6.9317498207092285
7.070700168609619
6.961510181427002
7.100759983062744
6.991189956665039
7.13070011138916
7.021200180053711
7.160930156707764
7.054120063781738
7.197380065917969
7.09375
7.237269878387451
7.133440017700195
7.277770042419434
7.174190044403076
7.318130016326904
7.213550090789795
7.357039928436279
7.251890182495117
7.395540237426758
7.2911601066589355
7.435629844665527
7.330599784851074
7.474549770355225
6.879690170288086
7.012700080871582
6.904980182647705
7.038070201873779
6.930359840393066
7.063459873199463
6.955629825592041
7.088809967041016
6.980790138244629
7.114029884338379
7.005129814147949
7.138360023498535
7.028069972991943
7.160930156707764
7.04925012588501
7.181519985198975
7.069349765777588
7.20212984085083
7.0901198387146
7.222909927368164
7.1107001304626465
7.244359970092773
7.1321702003479
7.266059875488281
7.153960227966309
7.288809776306152
7.1765899658203125
7.311270236968994
7.201010227203369
7.338250160217285
7.229690074920654
7.3676300048828125
7.259389877319336
7.398600101470947
7.289480209350586
7.428309917449951
7.318960189819336
7.458620071411133
7.3496198654174805
7.489640235900879
7.380300045013428
7.519959926605225
7.410099983215332
7.550099849700928
7.44419002532959
7.587769985198975
7.484479904174805
7.6283698081970215
7.5254998207092285
7.669539928436279
7.565780162811279
7.710090160369873
7.605949878692627
7.750450134277344
7.645209789276123
7.7899298667907715
7.68474006652832
7.8302202224731445
7.7250800132751465
7.870719909667969
7.254280090332031
7.388010025024414
7.279520034790039
7.413330078125
7.3049798011779785
7.438260078430176
7.329909801483154
7.46327018737793
7.355410099029541
7.488759994506836
7.380620002746582
7.514050006866455
7.4046502113342285
7.5371599197387695
7.425710201263428
7.558119773864746
7.446710109710693
7.580359935760498
7.468570232391357
7.601840019226074
7.489830017089844
7.624070167541504
7.5124897956848145
7.646989822387695
7.535419940948486
7.670420169830322
7.558499813079834
7.6938700675964355
7.583869934082031
7.7224202156066895
7.614749908447266
7.7539801597595215
7.646080017089844
7.785459995269775
7.676809787750244
7.816440105438232
7.707600116729736
7.847509860992432
7.738560199737549
7.878880023956299
7.769619941711426
7.909629821777344
7.7999701499938965
7.940879821777344
7.83459997177124
7.97845983505249
7.875529766082764
8.019740104675293
7.916629791259766
8.061030387878418
7.958270072937012
8.102890014648438
7.99921989440918
8.14406967163086
8.040029525756836
8.185040473937988
8.080430030822754
8.226229667663574
8.12166976928711
8.267560005187988
7.738699913024902
7.630070209503174
7.7634501457214355
7.6551899909973145
7.788579940795898
7.679989814758301
7.813379764556885
7.705009937286377
7.838479995727539
7.730100154876709
7.863649845123291
7.7557501792907715
7.889379978179932
7.780200004577637
7.91349983215332
7.80286979675293
7.936240196228027
7.825129985809326
7.958779811859131
7.8472700119018555
7.981289863586426
7.870100021362305
8.00514030456543
7.893620014190674
8.029040336608887
7.917419910430908
8.053230285644531
7.941589832305908
8.077799797058105
7.968609809875488
8.10746955871582
8.000510215759277
8.14009952545166
8.032939910888672
8.172630310058594
8.064769744873047
8.204750061035156
8.096329689025879
8.236639976501465
8.12814998626709
8.268750190734863
8.159480094909668
8.299799919128418
8.1908597946167
8.33152961730957
8.225410461425781
8.369779586791992
8.267040252685547
8.412320137023926
8.309419631958008
8.454930305480957
8.351160049438477
8.496199607849121
8.392780303955078
8.53870964050293
8.435009956359863
8.581040382385254
8.476869583129883
8.623640060424805
8.518890380859375
8.666410446166992
7.981679916381836
8.115679740905762
8.006070137023926
8.14015007019043
8.030909538269043
8.164990425109863
8.056050300598145
8.189729690551758
8.08053970336914
8.214309692382812
8.105799674987793
8.240289688110352
8.131770133972168
8.266349792480469
8.157259941101074
8.291609764099121
8.181209564208984
8.315239906311035
8.203920364379883
8.338359832763672
8.227250099182129
8.36217975616455
8.251270294189453
8.386619567871094
8.275910377502441
8.411680221557617
8.300609588623047
8.436809539794922
8.3256196975708
8.462249755859375
8.353280067443848
8.49252986907959
8.386309623718262
8.526249885559082
8.419710159301758
8.559769630432129
8.452670097351074
8.592479705810547
8.484869956970215
8.62555980682373
8.517930030822754
8.659029960632324
8.550169944763184
8.691129684448242
8.581430435180664
8.722000122070312
8.616459846496582
8.761380195617676
8.6599702835083
8.805139541625977
8.70298957824707
8.848320007324219
8.745309829711914
8.891340255737305
8.788169860839844
8.934499740600586
8.831069946289062
8.977519989013672
8.874250411987305
9.021360397338867
8.918270111083984
9.066149711608887
8.466050148010254
8.357669830322266
8.489749908447266
8.381819725036621
8.513959884643555
8.406350135803223
8.538640022277832
8.430950164794922
8.563400268554688
8.455940246582031
8.588549613952637
8.481389999389648
8.61417007446289
8.50763988494873
8.64113998413086
8.534199714660645
8.667019844055176
8.558460235595703
8.691149711608887
8.582380294799805
8.715510368347168
8.606430053710938
8.740099906921387
8.631199836730957
8.76587963104248
8.657079696655273
8.792220115661621
8.683019638061523
8.8185396194458
8.708939552307129
8.84473991394043
8.737290382385254
8.875849723815918
8.77101993560791
8.910300254821777
8.805580139160156
8.945110321044922
8.839110374450684
8.977840423583984
8.871879577636719
9.012299537658691
8.90707015991211
9.046759605407715
8.939669609069824
9.078550338745117
8.970569610595703
9.10906982421875
9.005399703979492
9.148300170898438
9.049429893493652
9.191679954528809
9.0927095413208
9.23501968383789
9.136650085449219
9.27904987335205
9.180049896240234
9.321920394897461
9.222800254821777
9.365180015563965
9.267000198364258
9.409919738769531
9.312159538269043
9.454460144042969
8.706489562988281
8.838359832763672
8.730010032653809
8.862099647521973
8.753979682922363
8.88621997833252
8.778499603271484
8.911060333251953
8.80364990234375
8.93628978729248
8.82865047454834
8.961629867553711
8.854299545288086
8.988019943237305
8.881389617919922
9.015460014343262
8.908040046691895
9.041080474853516
8.932760238647461
9.066269874572754
8.957799911499023
9.091879844665527
8.983260154724121
9.117919921875
9.00944995880127
9.145079612731934
9.036660194396973
9.17212963104248
9.063199996948242
9.198980331420898
9.090120315551758
9.226880073547363
9.120070457458496
9.25907039642334
9.15414047241211
9.293219566345215
9.188909530639648
9.328390121459961
9.223320007324219
9.362629890441895
9.257559776306152
9.397419929504395
9.291850090026855
9.430919647216797
9.32472038269043
9.46362018585205
9.35595989227295
9.494420051574707
9.390419960021973
9.533720016479492
9.433859825134277
9.576510429382324
9.47665023803711
9.619379997253418
9.520139694213867
9.662859916687012
9.563630104064941
9.706230163574219
9.606900215148926
9.74940013885498
9.65060043334961
9.79362964630127
9.695260047912598
9.837559700012207
9.187370300292969
9.078760147094727
9.210709571838379
9.102410316467285
9.23468017578125
9.126620292663574
9.259129524230957
9.151300430297852
9.284070014953613
9.176469802856445
9.309399604797363
9.202210426330566
9.335590362548828
9.228730201721191
9.36238956451416
9.255760192871094
9.390080451965332
9.282830238342285
9.416810035705566
9.30856990814209
9.443059921264648
9.334839820861816
9.470029830932617
9.361729621887207
9.497360229492188
9.389180183410645
9.52515983581543
9.416529655456543
9.55228042602539
9.443670272827148
9.580329895019531
9.472419738769531
9.609519958496094
9.503000259399414
9.64231014251709
9.537480354309082
9.677120208740234
9.57234001159668
9.712409973144531
9.607780456542969
9.746549606323242
9.64126968383789
9.78065013885498
9.675880432128906
9.8149995803833
9.70895004272461
9.847829818725586
9.740960121154785
9.87930965423584
9.776049613952637
9.918569564819336
9.818889617919922
9.961270332336426
9.861610412597656
10.003999710083008
9.904439926147461
10.047300338745117
9.9483003616333
10.090299606323242
9.990710258483887
10.133299827575684
10.03499984741211
10.178199768066406
10.079099655151367
10.221500396728516
9.427689552307129
9.5593900680542
9.451029777526855
9.583149909973145
9.475110054016113
9.607660293579102
9.499759674072266
9.632479667663574
9.524620056152344
9.657699584960938
9.550080299377441
9.683520317077637
9.5762300491333
9.710140228271484
9.603170394897461
9.737580299377441
9.631119728088379
9.76576042175293
9.658709526062012
9.792949676513672
9.68554973602295
9.82052993774414
9.713239669799805
9.848779678344727
9.74120044708252
9.877209663391113
9.769350051879883
9.905739784240723
9.797300338745117
9.933480262756348
9.825130462646484
9.962260246276855
9.854570388793945
9.992179870605469
9.886449813842773
10.025799751281738
9.92134952545166
10.060500144958496
9.95637035369873
10.09589958190918
9.99075984954834
10.12909984588623
10.024299621582031
10.164199829101562
10.059700012207031
10.198699951171875
10.092900276184082
10.232199668884277
10.125499725341797
10.264100074768066
10.160499572753906
10.303099632263184
10.20359992980957
10.346699714660645
10.246700286865234
10.389200210571289
10.289299964904785
10.432100296020508
10.332099914550781
10.474800109863281
10.37559986114502
10.519000053405762
10.4197998046875
10.562399864196777
10.463199615478516
10.60569953918457
9.907919883728027
9.799599647521973
9.931550025939941
9.82345962524414
9.955949783325195
9.848190307617188
9.981040000915527
9.87322998046875
10.006400108337402
9.898679733276367
10.03219985961914
9.924650192260742
10.058500289916992
9.951330184936523
10.085800170898438
9.979040145874023
10.113699913024902
10.0068998336792
10.141799926757812
10.034899711608887
10.17020034790039
10.063199996948242
10.199199676513672
10.092100143432617
10.228500366210938
10.121199607849121
10.257499694824219
10.149900436401367
10.286700248718262
10.17870044708252
10.315799713134766
10.207799911499023
10.345999717712402
10.238100051879883
10.376399993896484
10.269800186157227
10.40999984741211
10.30519962310791
10.444999694824219
10.34000015258789
10.479700088500977
10.37399959564209
10.512800216674805
10.407899856567383
10.548299789428711
10.443599700927734
10.583100318908691
10.477399826049805
10.616999626159668
10.51039981842041
10.649900436401367
10.546299934387207
10.689800262451172
10.589699745178223
10.733099937438965
10.632499694824219
10.775799751281738
10.675200462341309
10.81820011138916
10.71780014038086
10.861200332641602
10.76159954071045
10.904899597167969
10.804900169372559
10.948100090026855
10.848099708557129
10.991299629211426
10.148099899291992
10.280099868774414
10.171899795532227
10.304200172424316
10.19629955291748
10.32919979095459
10.221699714660645
10.3548002243042
10.247300148010254
10.380800247192383
10.273300170898438
10.40719985961914
10.29990005493164
10.434300422668457
10.327400207519531
10.461899757385254
10.354999542236328
10.489899635314941
10.383500099182129
10.519200325012207
10.412799835205078
10.548800468444824
10.442299842834473
10.578399658203125
10.471699714660645
10.608400344848633
10.501500129699707
10.638099670410156
10.530900001525879
10.668499946594238
10.56149959564209
10.699000358581543
10.59160041809082
10.729900360107422
10.6225004196167
10.7608003616333
10.654800415039062
10.795100212097168
10.690099716186523
10.829400062561035
10.724100112915039
10.8641996383667
10.758700370788574
10.898599624633789
10.793100357055664
10.933899879455566
10.828499794006348
10.968899726867676
10.862899780273438
11.003299713134766
10.89680004119873
11.037699699401855
10.934300422668457
11.07800006866455
10.976799964904785
11.120200157165527
11.019700050354004
11.16349983215332
11.062600135803223
11.205499649047852
11.104599952697754
11.248800277709961
11.148699760437012
11.292799949645996
11.19219970703125
11.33549976348877
11.23449993133545
11.377599716186523
10.629599571228027
10.520899772644043
10.653599739074707
10.545100212097168
10.678000450134277
10.569999694824219
10.703399658203125
10.595800399780273
10.729399681091309
10.621899604797363
10.755800247192383
10.648500442504883
10.782899856567383
10.67590045928955
10.810700416564941
10.703700065612793
10.838800430297852
10.731900215148926
10.867899894714355
10.76159954071045
10.897899627685547
10.791600227355957
10.92770004272461
10.821100234985352
10.957799911499023
10.851799964904785
10.9891996383667
10.882399559020996
11.019700050354004
10.913000106811523
11.05090045928955
10.944000244140625
11.081899642944336
10.975199699401855
11.113900184631348
11.0068998336792
11.145700454711914
11.039999961853027
11.180100440979004
11.074600219726562
11.214300155639648
11.109299659729004
11.25
11.144700050354004
11.28439998626709
11.178999900817871
11.319299697875977
11.214599609375
11.355600357055664
11.250300407409668
11.391200065612793
11.285200119018555
11.42609977722168
11.32229995727539
11.465900421142578
11.364899635314941
11.50879955291748
11.407899856567383
11.552200317382812
11.450799942016602
11.594400405883789
11.493300437927246
11.637299537658691
11.53689956665039
11.68019962310791
11.579400062561035
11.722599983215332
11.621800422668457
11.765299797058105
10.871100425720215
11.003700256347656
10.89490032196045
11.027899742126465
10.919400215148926
11.052300453186035
10.944299697875977
11.078300476074219
10.97089958190918
11.10509967803955
10.997400283813477
11.131799697875977
11.024499893188477
11.159199714660645
11.052499771118164
11.187899589538574
11.081199645996094
11.216300010681152
11.10990047454834
11.24590015411377
11.140299797058105
11.276000022888184
11.1697998046875
11.306500434875488
11.20110034942627
11.338500022888184
11.232600212097168
11.369999885559082
11.263999938964844
11.401399612426758
11.294899940490723
11.432999610900879
11.326899528503418
11.465299606323242
11.35890007019043
11.497699737548828
11.391500473022461
11.531000137329102
11.425399780273438
11.565500259399414
11.460000038146973
11.600700378417969
11.495699882507324
11.63659954071045
11.530599594116211
11.670900344848633
11.565099716186523
11.706700325012207
11.60200023651123
11.744199752807617
11.638799667358398
11.78030014038086
11.673700332641602
11.815600395202637
11.711600303649902
11.856100082397461
11.754300117492676
11.898599624633789
11.79740047454834
11.94219970703125
11.84060001373291
11.984600067138672
11.882499694824219
12.026900291442871
11.925100326538086
12.06879997253418
11.967100143432617
12.111300468444824
12.010299682617188
12.15429973602295
11.351900100708008
11.244199752807617
11.375699996948242
11.268199920654297
11.400400161743164
11.293000221252441
11.425299644470215
11.318599700927734
11.45199966430664
11.345800399780273
11.478799819946289
11.372400283813477
11.50570011138916
11.399800300598145
11.532999992370605
11.427800178527832
11.561300277709961
11.456399917602539
11.59000015258789
11.486000061035156
11.620499610900879
11.516200065612793
11.651000022888184
11.547499656677246
11.683099746704102
11.579400062561035
11.714500427246094
11.611000061035156
11.746299743652344
11.642600059509277
11.777899742126465
11.674699783325195
11.810700416564941
11.70740032196045
11.843099594116211
11.739800453186035
11.875699996948242
11.773099899291992
11.909700393676758
11.807700157165527
11.944000244140625
11.842499732971191
11.978799819946289
11.877900123596191
12.013400077819824
11.912500381469727
12.047900199890137
11.94789981842041
12.084400177001953
11.985400199890137
12.121700286865234
12.022000312805176
12.157500267028809
12.057700157165527
12.194100379943848
12.096400260925293
12.234700202941895
12.138699531555176
12.277299880981445
12.182000160217285
12.320500373840332
12.224699974060059
12.362600326538086
12.266900062561035
12.40530014038086
12.309000015258789
12.447199821472168
12.351200103759766
12.490500450134277
12.394499778747559
12.533300399780273
11.591500282287598
11.723400115966797
11.615300178527832
11.747300148010254
11.639900207519531
11.772600173950195
11.665399551391602
11.797800064086914
11.691100120544434
11.824000358581543
11.71780014038086
11.850500106811523
11.744799613952637
11.878000259399414
11.772199630737305
11.904800415039062
11.799099922180176
11.933099746704102
11.828900337219238
11.963600158691406
11.859199523925781
11.994000434875488
11.89009952545166
12.025799751281738
11.922300338745117
12.057600021362305
11.953499794006348
12.088299751281738
11.98449993133545
12.119999885559082
12.017000198364258
12.152600288391113
12.049500465393066
12.18529987335205
12.082200050354004
12.218299865722656
12.11520004272461
12.251399993896484
12.148500442504883
12.285300254821777
12.182900428771973
12.319299697875977
12.21660041809082
12.352899551391602
12.25059986114502
12.387100219726562
12.285300254821777
12.422499656677246
12.321499824523926
12.458399772644043
12.357600212097168
12.494199752807617
12.393799781799316
12.530699729919434
12.430800437927246
12.567899703979492
12.469499588012695
12.607999801635742
12.511799812316895
12.650699615478516
12.554699897766113
12.693499565124512
12.597100257873535
12.735699653625488
12.639599800109863
12.778800010681152
12.682700157165527
12.821700096130371
12.725500106811523
12.864999771118164
12.768799781799316
12.907899856567383
11.963399887084961
12.095499992370605
11.987500190734863
12.11989974975586
12.012399673461914
12.145099639892578
12.037599563598633
12.170100212097168
12.063199996948242
12.19629955291748
12.089799880981445
12.223600387573242
12.117500305175781
12.251199722290039
12.144399642944336
12.277600288391113
12.172100067138672
12.307100296020508
12.202799797058105
12.337900161743164
12.233499526977539
12.368800163269043
12.265000343322754
12.400500297546387
12.296500205993652
12.431599617004395
12.327400207519531
12.46310043334961
12.35949993133545
12.49590015411377
12.392000198364258
12.52810001373291
12.424400329589844
12.561300277709961
12.45829963684082
12.594799995422363
12.491000175476074
12.6274995803833
12.524700164794922
12.661800384521484
12.558799743652344
12.695099830627441
12.591899871826172
12.728500366210938
12.626099586486816
12.763099670410156
12.661199569702148
12.798100471496582
12.696200370788574
12.833200454711914
12.732000350952148
12.869400024414062
12.768400192260742
12.906100273132324
12.8056001663208
12.942999839782715
12.843899726867676
12.983200073242188
12.886199951171875
13.025899887084961
12.929200172424316
13.06879997253418
12.971799850463867
13.111300468444824
13.01449966430664
13.154500007629395
13.05780029296875
13.197600364685059
13.100899696350098
13.240599632263184
13.143699645996094
13.282999992370605
12.443300247192383
12.335599899291992
12.468000411987305
12.360300064086914
12.493000030517578
12.385299682617188
12.518500328063965
12.410799980163574
12.543999671936035
12.436599731445312
12.570099830627441
12.463600158691406
12.597299575805664
12.490900039672852
12.624500274658203
12.518099784851074
12.651800155639648
12.54640007019043
12.68179988861084
12.57759952545166
12.712499618530273
12.608099937438965
12.7431001663208
12.639300346374512
12.774900436401367
12.671199798583984
12.807100296020508
12.703300476074219
12.839099884033203
12.73550033569336
12.871700286865234
12.768199920654297
12.90470027923584
12.80150032043457
12.938699722290039
12.835000038146973
12.971599578857422
12.867899894714355
13.005000114440918
12.901700019836426
13.038800239562988
12.935199737548828
13.071999549865723
12.968500137329102
13.105600357055664
13.002599716186523
13.139900207519531
13.037300109863281
13.175000190734863
13.072799682617188
13.210599899291992
13.10830020904541
13.245800018310547
13.144599914550781
13.282999992370605
13.182000160217285
13.320199966430664
13.220499992370605
13.36050033569336
13.262900352478027
13.403300285339355
13.305999755859375
13.44629955291748
13.348699569702148
13.48900032043457
13.391599655151367
13.531700134277344
13.434399604797363
13.57450008392334
13.47719955444336
13.61709976196289
13.519700050354004
13.660099983215332
12.68340015411377
12.815600395202637
12.707900047302246
12.840399742126465
12.73330020904541
12.865799903869629
12.75879955291748
12.892000198364258
12.784899711608887
12.91819953918457
12.810799598693848
12.944899559020996
12.837800025939941
12.972000122070312
12.864999771118164
12.999300003051758
12.892600059509277
13.027000427246094
12.921699523925781
13.05720043182373
12.952199935913086
13.087800025939941
12.982999801635742
13.11929988861084
13.015000343322754
13.151300430297852
13.047100067138672
13.183300018310547
13.079099655151367
13.215299606323242
13.111599922180176
13.248800277709961
13.145400047302246
13.282099723815918
13.178600311279297
13.315400123596191
13.2121000289917
13.348799705505371
13.245400428771973
13.382499694824219
13.27929973602295
13.416899681091309
13.31309986114502
13.450799942016602
13.346699714660645
13.484100341796875
13.380399703979492
13.518600463867188
13.415900230407715
13.55370044708252
13.450599670410156
13.588600158691406
13.486100196838379
13.62440013885498
13.522600173950195
13.661700248718262
13.56029987335205
13.699199676513672
13.599100112915039
13.739700317382812
13.641500473022461
13.781999588012695
13.684200286865234
13.824799537658691
13.72719955444336
13.86769962310791
13.769700050354004
13.90999984741211
13.812100410461426
13.952400207519531
13.854599952697754
13.994799613952637
13.897600173950195
14.038299560546875
13.162500381469727
13.05519962310791
13.187399864196777
13.080400466918945
13.212900161743164
13.105600357055664
13.23840045928955
13.131799697875977
13.265199661254883
13.158599853515625
13.292099952697754
13.185799598693848
13.31980037689209
13.213199615478516
13.347299575805664
13.240500450134277
13.375300407409668
13.268600463867188
13.403599739074707
13.297499656677246
13.433500289916992
13.328700065612793
13.464900016784668
13.360199928283691
13.496399879455566
13.391799926757812
13.527700424194336
13.423299789428711
13.559599876403809
13.45580005645752
13.592300415039062
13.488900184631348
13.626199722290039
13.52280044555664
13.659700393676758
13.555800437927246
13.69320011138916
13.589400291442871
13.727299690246582
13.623700141906738
13.762100219726562
13.658499717712402
13.79699993133545
13.693099975585938
13.831100463867188
13.726200103759766
13.863900184631348
13.759900093078613
13.898500442504883
13.795000076293945
13.933099746704102
13.82979965209961
13.968600273132324
13.865699768066406
14.004500389099121
13.902299880981445
14.042099952697754
13.940299987792969
14.07979965209961
13.979299545288086
14.11989974975586
14.02079963684082
14.161299705505371
14.063199996948242
14.203700065612793
14.105799674987793
14.246399879455566
14.148699760437012
14.289199829101562
14.190899848937988
14.331399917602539
14.233099937438965
14.374199867248535
14.276599884033203
14.417699813842773
13.401300430297852
13.533499717712402
13.426899909973145
13.559700012207031
13.452799797058105
13.585700035095215
13.478599548339844
13.611800193786621
13.504899978637695
13.638699531555176
13.532500267028809
13.666600227355957
13.560199737548828
13.694700241088867
13.588399887084961
13.722900390625
13.616600036621094
13.751299858093262
13.64490032196045
13.77970027923584
13.674200057983398
13.810199737548828
13.705599784851074
13.84179973602295
13.737199783325195
13.873299598693848
13.768400192260742
13.90429973602295
13.79990005493164
13.936800003051758
13.832900047302246
13.970000267028809
13.866600036621094
14.003899574279785
13.900500297546387
14.0378999710083
13.934599876403809
14.072500228881836
13.968999862670898
14.107399940490723
14.003999710083008
14.1427001953125
14.039299964904785
14.17770004272461
14.07349967956543
14.211400032043457
14.106599807739258
14.24530029296875
14.14109992980957
14.279800415039062
14.175399780273438
14.314200401306152
14.210700035095215
14.350099563598633
14.246800422668457
14.38640022277832
14.283900260925293
14.423800468444824
14.321599960327148
14.461099624633789
14.359999656677246
14.500800132751465
14.401200294494629
14.542699813842773
14.443300247192383
14.58489990234375
14.485899925231934
14.627599716186523
14.52869987487793
14.669599533081055
14.570699691772461
14.71150016784668
14.61340045928955
14.754400253295898
14.656299591064453
14.797100067138672
13.879300117492676
13.77239990234375
13.904999732971191
13.79889965057373
13.931599617004395
13.825300216674805
13.95829963684082
13.851799964904785
13.984999656677246
13.878800392150879
14.012700080871582
13.906700134277344
14.04069995880127
13.935099601745605
14.069499969482422
13.963500022888184
14.098099708557129
13.99209976196289
14.127300262451172
14.021200180053711
14.156900405883789
14.051400184631348
14.187899589538574
14.082900047302246
14.219400405883789
14.114399909973145
14.25059986114502
14.145500183105469
14.281999588012695
14.17770004272461
14.315299987792969
14.211400032043457
14.348600387573242
14.244500160217285
14.382100105285645
14.279000282287598
14.416999816894531
14.314000129699707
14.451899528503418
14.348999977111816
14.487899780273438
14.385000228881836
14.524100303649902
14.42020034790039
14.559599876403809
14.454899787902832
14.593600273132324
14.488699913024902
14.627599716186523
14.522899627685547
14.661800384521484
14.557499885559082
14.696599960327148
14.592599868774414
14.732199668884277
14.629199981689453
14.768899917602539
14.666099548339844
14.806099891662598
14.703399658203125
14.843799591064453
14.742300033569336
14.883899688720703
14.784000396728516
14.925600051879883
14.825900077819824
14.967100143432617
14.867799758911133
15.008999824523926
14.909700393676758
15.05090045928955
14.951600074768066
15.093000411987305
14.993900299072266
15.135299682617188
15.036600112915039
15.178000450134277
14.116299629211426
14.246299743652344
14.141900062561035
14.27280044555664
14.168600082397461
14.299599647521973
14.195599555969238
14.327099800109863
14.222999572753906
14.354599952697754
14.250499725341797
14.382699966430664
14.278900146484375
14.411700248718262
14.307900428771973
14.440500259399414
14.336600303649902
14.46969985961914
14.366299629211426
14.499300003051758
14.396100044250488
14.52910041809082
14.42650032043457
14.560400009155273
14.45829963684082
14.59220027923584
14.48960018157959
14.623200416564941
14.52079963684082
14.65470027923584
14.553500175476074
14.687899589538574
14.586899757385254
14.72089958190918
14.620200157165527
14.75469970703125
14.65470027923584
14.78969955444336
14.6899995803833
14.825300216674805
14.726200103759766
14.861599922180176
14.762499809265137
14.89739990234375
14.798299789428711
14.933500289916992
14.83329963684082
14.967700004577637
14.866800308227539
15.001799583435059
14.901399612426758
15.036399841308594
14.93589973449707
15.070799827575684
14.971099853515625
15.10669994354248
15.007399559020996
15.14330005645752
15.044899940490723
15.180899620056152
15.082599639892578
15.218500137329102
15.121399879455566
15.258600234985352
15.162799835205078
15.300000190734863
15.204000473022461
15.341500282287598
15.245800018310547
15.383899688720703
15.288299560546875
15.42590045928955
15.329899787902832
15.467599868774414
15.372099876403809
15.510000228881836
15.41450023651123
15.552499771118164
14.587300300598145
14.482199668884277
14.613100051879883
14.508199691772461
14.639900207519531
14.535599708557129
14.667499542236328
14.56309986114502
14.695300102233887
14.590999603271484
14.723299980163574
14.619099617004395
14.751899719238281
14.648300170898438
14.781000137329102
14.677000045776367
14.809900283813477
14.706399917602539
14.839799880981445
14.736100196838379
14.869600296020508
14.765899658203125
14.899499893188477
14.796600341796875
14.930999755859375
14.828800201416016
14.962800025939941
14.85990047454834
14.99370002746582
14.890899658203125
15.025500297546387
14.923700332641602
15.058500289916992
14.956700325012207
15.09160041809082
14.990300178527832
15.125699996948242
15.025099754333496
15.160699844360352
15.060700416564941
15.196000099182129
15.096099853515625
15.231599807739258
15.132200241088867
15.267800331115723
15.168100357055664
15.303899765014648
15.20359992980957
15.337900161743164
15.237000465393066
15.371500015258789
15.271300315856934
15.406299591064453
15.306500434875488
15.442099571228027
15.342000007629395
15.477800369262695
15.378299713134766
15.514800071716309
15.415900230407715
15.55210018157959
15.453100204467773
15.589200019836426
15.491800308227539
15.629199981689453
15.533300399780273
15.670999526977539
15.575300216674805
15.713000297546387
15.617400169372559
15.75529956817627
15.659500122070312
15.796899795532227
15.70110034942627
15.838600158691406
15.7431001663208
15.880800247192383
15.785699844360352
15.924300193786621
14.82289981842041
14.953800201416016
14.849200248718262
14.980199813842773
14.875800132751465
15.007599830627441
14.903599739074707
15.035599708557129
14.931900024414062
15.063899993896484
14.959699630737305
15.09179973602295
14.988200187683105
15.120699882507324
15.01710033416748
15.150099754333496
15.046899795532227
15.180299758911133
15.076700210571289
15.210100173950195
15.10669994354248
15.24020004272461
15.136699676513672
15.270299911499023
15.167499542236328
15.301400184631348
15.19890022277832
15.333000183105469
15.230600357055664
15.3641996383667
15.261899948120117
15.396300315856934
15.294699668884277
15.429300308227539
15.32800006866455
15.462499618530273
15.36139965057373
15.496700286865234
15.396599769592285
15.53219985961914
15.431599617004395
15.566800117492676
15.466699600219727
15.60260009765625
15.503199577331543
15.638500213623047
15.538900375366211
15.674200057983398
15.573599815368652
15.70829963684082
15.607199668884277
15.74269962310791
15.642000198364258
15.77750015258789
15.677399635314941
15.812999725341797
15.713500022888184
15.849300384521484
15.750100135803223
15.88599967956543
15.786999702453613
15.922800064086914
15.82409954071045
15.960399627685547
15.862899780273438
16.000699996948242
15.90470027923584
16.042699813842773
15.946800231933594
16.084400177001953
15.988499641418457
16.126399993896484
16.03059959411621
16.16860008239746
16.072399139404297
16.210800170898438
16.114700317382812
16.25309944152832
16.157699584960938
16.296199798583984
15.293899536132812
15.189299583435059
15.320199966430664
15.215800285339355
15.347000122070312
15.2431001663208
15.375
15.271499633789062
15.403499603271484
15.299599647521973
15.431599617004395
15.32800006866455
15.460599899291992
15.356900215148926
15.489899635314941
15.386699676513672
15.5201997756958
15.416999816894531
15.550399780273438
15.446999549865723
15.580400466918945
15.476900100708008
15.61050033569336
15.507399559020996
15.64169979095459
15.53849983215332
15.67240047454834
15.5693998336792
15.703900337219238
15.601200103759766
15.735099792480469
15.632599830627441
15.767200469970703
15.665399551391602
15.800399780273438
15.698800086975098
15.833499908447266
15.732500076293945
15.867899894714355
15.7677001953125
15.902899742126465
15.802599906921387
15.937899589538574
15.838000297546387
15.973999977111816
15.87399959564209
16.009599685668945
15.90939998626709
16.04560089111328
15.945099830627441
16.080900192260742
15.979499816894531
16.115400314331055
16.013999938964844
16.150100708007812
16.0492000579834
16.185400009155273
16.084999084472656
16.22089958190918
16.1210994720459
16.257200241088867
16.157899856567383
16.294599533081055
16.19580078125
16.332599639892578
16.235000610351562
16.372699737548828
16.276399612426758
16.414400100708008
16.318300247192383
16.45639991760254
16.36039924621582
16.49880027770996
16.40290069580078
16.5408992767334
16.44499969482422
16.58329963684082
16.487499237060547
16.625900268554688
16.530000686645508
16.66860008239746
15.529800415039062
15.661199569702148
15.55620002746582
15.687899589538574
15.583100318908691
15.71500015258789
15.610799789428711
15.743200302124023
15.639300346374512
15.77180004119873
15.668000221252441
15.800600051879883
15.696900367736816
15.82979965209961
15.726499557495117
15.859999656677246
15.756799697875977
15.890199661254883
15.786999702453613
15.920700073242188
15.817399978637695
15.950699806213379
15.847299575805664
15.981200218200684
15.878700256347656
16.012699127197266
15.909700393676758
16.04360008239746
15.940799713134766
16.075300216674805
15.972399711608887
16.10689926147461
16.004199981689453
16.13920021057129
16.037099838256836
16.172399520874023
16.07040023803711
16.2052001953125
16.10379981994629
16.239299774169922
16.138599395751953
16.27440071105957
16.173999786376953
16.309999465942383
16.20989990234375
16.345399856567383
16.245100021362305
16.381000518798828
16.281600952148438
16.417499542236328
16.31730079650879
16.452999114990234
16.352500915527344
16.488300323486328
16.387300491333008
16.5226993560791
16.421600341796875
16.55739974975586
16.457000732421875
16.59320068359375
16.493200302124023
16.62969970703125
16.530399322509766
16.667200088500977
16.568199157714844
16.704999923706055
16.607099533081055
16.74530029296875
16.64889907836914
16.787399291992188
16.691099166870117
16.82939910888672
16.733200073242188
16.871599197387695
16.775299072265625
16.91390037536621
16.817899703979492
16.956899642944336
16.860700607299805
16.99959945678711
16.90329933166504
17.042400360107422
16.00320053100586
15.897700309753418
16.029199600219727
15.924400329589844
16.056299209594727
15.951700210571289
16.083499908447266
15.97920036315918
16.111400604248047
16.00790023803711
16.140300750732422
16.036800384521484
16.169599533081055
16.0664005279541
16.19969940185547
16.096599578857422
16.230499267578125
16.127300262451172
16.26110076904297
16.157800674438477
16.291799545288086
16.187999725341797
16.321500778198242
16.21809959411621
16.35219955444336
16.249300003051758
16.383399963378906
16.28070068359375
16.41469955444336
16.31209945678711
16.44659996032715
16.34440040588379
16.47920036315918
16.376699447631836
16.51180076599121
16.40959930419922
16.5447998046875
16.4424991607666
16.577800750732422
16.47610092163086
16.611799240112305
16.510700225830078
16.646499633789062
16.546199798583984
16.681699752807617
16.58099937438965
16.716699600219727
16.616899490356445
16.753000259399414
16.653099060058594
16.7893009185791
16.68950080871582
16.82550048828125
16.724899291992188
16.860599517822266
16.75950050354004
16.895099639892578
16.794099807739258
16.930700302124023
16.83009910583496
16.96660041809082
16.866199493408203
17.00320053100586
16.903499603271484
17.040599822998047
16.941099166870117
17.07830047607422
16.98040008544922
17.118799209594727
17.022199630737305
17.16029930114746
17.063800811767578
17.20199966430664
17.10610008239746
17.24449920654297
17.148700714111328
17.28730010986328
17.191600799560547
17.330400466918945
17.234600067138672
17.37339973449707
17.27750015258789
17.41659927368164
16.24090003967285
16.372600555419922
16.266399383544922
16.39859962463379
16.29319953918457
16.425600051879883
16.32040023803711
16.452800750732422
16.348100662231445
16.480899810791016
16.37660026550293
16.509899139404297
16.406400680541992
16.539600372314453
16.436100006103516
16.569299697875977
16.466800689697266
16.600799560546875
16.49839973449707
16.632299423217773
16.52910041809082
16.662599563598633
16.558900833129883
16.6924991607666
16.58919906616211
16.72330093383789
16.620399475097656
16.75480079650879
16.65169906616211
16.78619956970215
16.683700561523438
16.818599700927734
16.716299057006836
16.850900650024414
16.749000549316406
16.883899688720703
16.781999588012695
16.91699981689453
16.815200805664062
16.95050048828125
16.848800659179688
16.98419952392578
16.882999420166016
17.01849937438965
16.917600631713867
17.053600311279297
16.953399658203125
17.089500427246094
16.98889923095703
17.125
17.025299072265625
17.161699295043945
17.06170082092285
17.197399139404297
17.097000122070312
17.232999801635742
17.132299423217773
17.268400192260742
17.167800903320312
17.30430030822754
17.20359992980957
17.340200424194336
17.24020004272461
17.377300262451172
17.27739906311035
17.414199829101562
17.314699172973633
17.452199935913086
17.35420036315918
17.492599487304688
17.395299911499023
17.534000396728516
17.43720054626465
17.576000213623047
17.479299545288086
17.61829948425293
17.522199630737305
17.66119956970215
17.565200805664062
17.704500198364258
17.60849952697754
17.747900009155273
17.65180015563965
17.791200637817383
16.718299865722656
16.611400604248047
16.743799209594727
16.63719940185547
16.769399642944336
16.66309928894043
16.796100616455078
16.690799713134766
16.82360076904297
16.718299865722656
16.85070037841797
16.746599197387695
16.8794002532959
16.775800704956055
16.908899307250977
16.80579948425293
16.93939971923828
16.83690071105957
16.970800399780273
16.868499755859375
17.002399444580078
16.899700164794922
17.032699584960938
16.92919921875
17.062599182128906
16.959999084472656
17.0939998626709
16.99169921875
17.126100540161133
17.02359962463379
17.157499313354492
17.054899215698242
17.189300537109375
17.087499618530273
17.222200393676758
17.120500564575195
17.25550079345703
17.153900146484375
17.289199829101562
17.1875
17.322799682617188
17.221200942993164
17.356700897216797
17.255199432373047
17.390899658203125
17.290300369262695
17.426300048828125
17.3257999420166
17.46150016784668
17.361299514770508
17.497499465942383
17.397600173950195
17.534299850463867
17.434099197387695
17.570199966430664
17.469499588012695
17.605600357055664
17.505199432373047
17.641300201416016
17.541000366210938
17.67690086364746
17.57670021057129
17.713300704956055
17.61389923095703
17.750600814819336
17.650800704956055
17.787700653076172
17.68869972229004
17.8262996673584
17.728300094604492
17.867000579833984
17.769899368286133
17.908700942993164
17.811599731445312
17.950599670410156
17.85409927368164
17.99370002746582
17.8971004486084
18.036699295043945
17.940200805664062
18.07990074157715
17.98349952697754
18.122600555419922
18.026399612426758
18.165800094604492
16.956300735473633
17.087400436401367
16.981700897216797
17.112499237060547
17.006799697875977
17.13789939880371
17.033300399780273
17.164899826049805
17.060300827026367
17.191299438476562
17.086999893188477
17.21809959411621
17.114599227905273
17.246599197387695
17.144500732421875
17.27630043029785
17.174299240112305
17.305999755859375
17.204999923706055
17.33679962158203
17.236499786376953
17.368799209594727
17.2677001953125
17.398799896240234
17.297199249267578
17.429399490356445
17.328800201416016
17.461000442504883
17.360599517822266
17.49340057373047
17.392799377441406
17.525100708007812
17.4242000579834
17.55699920654297
17.45669937133789
17.58989906311035
17.49049949645996
17.624099731445312
17.52440071105957
17.658000946044922
17.5580997467041
17.6919002532959
17.592100143432617
17.72570037841797
17.625999450683594
17.760099411010742
17.660999298095703
17.795400619506836
17.696399688720703
17.831300735473633
17.73259925842285
17.867399215698242
17.768999099731445
17.904300689697266
17.805700302124023
17.94029998779297
17.840900421142578
17.975400924682617
17.876300811767578
18.010900497436523
17.91189956665039
18.046499252319336
17.94809913635254
18.083499908447266
17.98539924621582
18.120899200439453
18.023000717163086
18.158599853515625
18.06100082397461
18.196800231933594
18.10070037841797
18.237899780273438
18.142900466918945
18.279499053955078
18.18429946899414
18.321500778198242
18.227500915527344
18.364700317382812
18.270599365234375
18.407800674438477
18.31369972229004
18.451099395751953
18.35650062561035
18.494199752807617
18.399700164794922
18.537700653076172
17.43079948425293
17.32430076599121
17.45549964904785
17.349300384521484
17.480600357055664
17.374799728393555
17.506200790405273
17.400699615478516
17.532100677490234
17.427200317382812
17.558000564575195
17.45330047607422
17.584400177001953
17.481199264526367
17.613000869750977
17.51020050048828
17.641599655151367
17.539400100708008
17.671199798583984
17.569700241088867
17.70170021057129
17.60110092163086
17.732999801635742
17.631799697875977
17.7632999420166
17.662500381469727
17.7947998046875
17.693899154663086
17.826400756835938
17.726299285888672
17.859399795532227
17.758899688720703
17.89150047302246
17.790599822998047
17.9237003326416
17.823299407958984
17.957000732421875
17.8572998046875
17.99139976501465
17.891700744628906
18.025299072265625
17.925500869750977
18.059499740600586
17.9596004486084
18.093399047851562
17.993600845336914
18.12820053100586
18.02910041809082
18.163999557495117
18.065099716186523
18.200000762939453
18.100900650024414
18.235700607299805
18.137399673461914
18.2726993560791
18.1742000579834
18.308500289916992
18.2091007232666
18.343700408935547
18.244699478149414
18.37980079650879
18.28070068359375
18.415700912475586
18.3169002532959
18.452899932861328
18.354999542236328
18.491199493408203
18.3927001953125
18.528900146484375
18.430599212646484
18.566699981689453
18.47010040283203
18.607500076293945
18.51180076599121
18.64859962463379
18.553499221801758
18.690799713134766
18.596099853515625
18.73349952697754
18.639299392700195
18.777299880981445
18.683300018310547
18.82080078125
18.726299285888672
18.86400032043457
18.769899368286133
18.907899856567383
17.66819953918457
17.798799514770508
17.6924991607666
17.823299407958984
17.717599868774414
17.848499298095703
17.742900848388672
17.873699188232422
17.768299102783203
17.899099349975586
17.79360008239746
17.924400329589844
17.819799423217773
17.950700759887695
17.847000122070312
17.978099822998047
17.875499725341797
18.00629997253418
17.904300689697266
18.03569984436035
17.934600830078125
18.065799713134766
17.964799880981445
18.09670066833496
17.99650001525879
18.128299713134766
18.02739906311035
18.159500122070312
18.05940055847168
18.19219970703125
18.09239959716797
18.225299835205078
18.125
18.257999420166016
18.157699584960938
18.290800094604492
18.190500259399414
18.324100494384766
18.224599838256836
18.358699798583984
18.259000778198242
18.39259910583496
18.292999267578125
18.42690086364746
18.327199935913086
18.46139907836914
18.362199783325195
18.496700286865234
18.397600173950195
18.53219985961914
18.433500289916992
18.56800079345703
18.46929931640625
18.604400634765625
18.506000518798828
18.641700744628906
18.542699813842773
18.677499771118164
18.577800750732422
18.713300704956055
18.614299774169922
18.749799728393555
18.650299072265625
18.785400390625
18.686800003051758
18.822599411010742
18.724899291992188
18.860700607299805
18.763099670410156
18.89889907836914
18.800800323486328
18.936599731445312
18.83989906311035
18.977399826049805
18.881799697875977
19.019399642944336
18.923599243164062
19.061599731445312
18.966299057006836
19.104299545288086
19.009599685668945
19.1476993560791
19.052900314331055
19.190399169921875
19.096099853515625
19.234699249267578
19.14069938659668
19.278799057006836
18.03529930114746
18.165599822998047
18.059900283813477
18.190500259399414
18.084800720214844
18.21579933166504
18.11039924621582
18.241300582885742
18.135499954223633
18.265899658203125
18.16029930114746
18.290599822998047
18.18560028076172
18.316299438476562
18.212400436401367
18.343299865722656
18.239900588989258
18.370800018310547
18.268600463867188
18.399700164794922
18.29800033569336
18.42930030822754
18.32900047302246
18.461000442504883
18.360599517822266
18.49209976196289
18.39189910888672
18.52440071105957
18.424800872802734
18.557600021362305
18.45789909362793
18.590700149536133
18.491199493408203
18.624099731445312
18.524099349975586
18.657699584960938
18.558000564575195
18.6919002532959
18.592100143432617
18.726499557495117
18.626699447631836
18.760700225830078
18.660499572753906
18.795000076293945
18.695600509643555
18.830400466918945
18.73069953918457
18.86520004272461
18.76580047607422
18.901100158691406
18.802000045776367
18.93720054626465
18.838199615478516
18.97330093383789
18.875200271606445
19.010700225830078
18.91200065612793
19.046499252319336
18.947500228881836
19.082700729370117
18.983999252319336
19.119400024414062
19.020200729370117
19.15559959411621
19.056499481201172
19.192699432373047
19.094499588012695
19.23069953918457
19.132600784301758
19.268600463867188
19.17060089111328
19.30699920654297
19.210500717163086
19.348100662231445
19.252599716186523
19.390199661254883
19.295000076293945
19.432600021362305
19.337200164794922
19.474899291992188
19.38010025024414
19.518400192260742
19.423500061035156
19.56130027770996
19.466899871826172
19.605199813842773
19.51110076904297
19.648799896240234
18.50790023803711
18.402099609375
18.532699584960938
18.426700592041016
18.557300567626953
18.452199935913086
18.582500457763672
18.477100372314453
18.60700035095215
18.50149917602539
18.63129997253418
18.52589988708496
18.6560001373291
18.551300048828125
18.681699752807617
18.577699661254883
18.70800018310547
18.60449981689453
18.73509979248047
18.63249969482422
18.763399124145508
18.66200065612793
18.793800354003906
18.693099975585938
18.82539939880371
18.724899291992188
18.856800079345703
18.75659942626953
18.889400482177734
18.789899826049805
18.922500610351562
18.822999954223633
18.95639991760254
18.857099533081055
18.990400314331055
18.89109992980957
19.024900436401367
18.925500869750977
19.05929946899414
18.960100173950195
19.09440040588379
18.994699478149414
19.128599166870117
19.02899932861328
19.16320037841797
19.063899993896484
19.198299407958984
19.099300384521484
19.23390007019043
19.135000228881836
19.269699096679688
19.17099952697754
19.30579948425293
19.207199096679688
19.34280014038086
19.244400024414062
19.380399703979492
19.281200408935547
19.41659927368164
19.317100524902344
19.452699661254883
19.353700637817383
19.489299774169922
19.390399932861328
19.52589988708496
19.427400588989258
19.563499450683594
19.46500015258789
19.6018009185791
19.503400802612305
19.639999389648438
19.541500091552734
19.678499221801758
19.581499099731445
19.71929931640625
19.62350082397461
19.76129913330078
19.665700912475586
19.803300857543945
19.70800018310547
19.845699310302734
19.750999450683594
19.888999938964844
19.794200897216797
19.9325008392334
19.837900161743164
19.976499557495117
19.881500244140625
20.020200729370117
18.744300842285156
18.87470054626465
18.76889991760254
18.89859962463379
18.792999267578125
18.923099517822266
18.817800521850586
18.947399139404297
18.841899871826172
18.971799850463867
18.866600036621094
18.996700286865234
18.891300201416016
19.021299362182617
18.916400909423828
19.046899795532227
18.9424991607666
19.072599411010742
18.968700408935547
19.09950065612793
18.99690055847168
19.12820053100586
19.026599884033203
19.159099578857422
19.058500289916992
19.190799713134766
19.08970069885254
19.221799850463867
19.121700286865234
19.25469970703125
19.15489959716797
19.287599563598633
19.188600540161133
19.3218994140625
19.223100662231445
19.356399536132812
19.257600784301758
19.391399383544922
19.292499542236328
19.426799774169922
19.327800750732422
19.462299346923828
19.362699508666992
19.49690055847168
19.396900177001953
19.5314998626709
19.432100296020508
19.566600799560547
19.46739959716797
19.602100372314453
19.503299713134766
19.638700485229492
19.540000915527344
19.67569923400879
19.577199935913086
19.71310043334961
19.614700317382812
19.75079917907715
19.651899337768555
19.787399291992188
19.687700271606445
19.823400497436523
19.724000930786133
19.860300064086914
19.761199951171875
19.897499084472656
19.798500061035156
19.934799194335938
19.836700439453125
19.973400115966797
19.875099182128906
20.011699676513672
19.91349983215332
20.050500869750977
19.95330047607422
20.091100692749023
19.9950008392334
20.132699966430664
20.036699295043945
20.174400329589844
20.078800201416016
20.216800689697266
20.121700286865234
20.260099411010742
20.165599822998047
20.304000854492188
20.20949935913086
20.347400665283203
20.25309944152832
20.39189910888672
19.21619987487793
19.11050033569336
19.24020004272461
19.13409996032715
19.263599395751953
19.158100128173828
19.287700653076172
19.182199478149414
19.311599731445312
19.20680046081543
19.33679962158203
19.23189926147461
19.3612003326416
19.256000518798828
19.385499954223633
19.281299591064453
19.410900115966797
19.30660057067871
19.43670082092285
19.333499908447266
19.46489906311035
19.36210060119629
19.49410057067871
19.39259910583496
19.525100708007812
19.423900604248047
19.55620002746582
19.4552001953125
19.587799072265625
19.487300872802734
19.62019920349121
19.520200729370117
19.653499603271484
19.554100036621094
19.687999725341797
19.589099884033203
19.722999572753906
19.624000549316406
19.75819969177246
19.659900665283203
19.794599533081055
19.695999145507812
19.830400466918945
19.731000900268555
19.86520004272461
19.76569938659668
19.90019989013672
19.800500869750977
19.935300827026367
19.836000442504883
19.971500396728516
19.872900009155273
20.00860023498535
19.91010093688965
20.045400619506836
19.94700050354004
20.08300018310547
19.985300064086914
20.121599197387695
20.022600173950195
20.157800674438477
20.058300018310547
20.19409942626953
20.095500946044922
20.231300354003906
20.132400512695312
20.268199920654297
20.169700622558594
20.306400299072266
20.20829963684082
20.345500946044922
20.24720001220703
20.383499145507812
20.28510093688965
20.421899795532227
20.32509994506836
20.462799072265625
20.36639976501465
20.504100799560547
20.408100128173828
20.546100616455078
20.45039939880371
20.588699340820312
20.49340057373047
20.631799697875977
20.536800384521484
20.67530059814453
20.580299377441406
20.719200134277344
20.625
20.76460075378418
19.45199966430664
19.581300735473633
19.475200653076172
19.604299545288086
19.49880027770996
19.627899169921875
19.522199630737305
19.65130043029785
19.546300888061523
19.676000595092773
19.571399688720703
19.701000213623047
19.595800399780273
19.724899291992188
19.619800567626953
19.749500274658203
19.644699096679688
19.77519989013672
19.671499252319336
19.802499771118164
19.699100494384766
19.830900192260742
19.728599548339844
19.86039924621582
19.758399963378906
19.890600204467773
19.789499282836914
19.921899795532227
19.821199417114258
19.953899383544922
19.8533992767334
19.986499786376953
19.886499404907227
20.020200729370117
19.921100616455078
20.054800033569336
19.95560073852539
20.089599609375
19.991199493408203
20.125699996948242
20.02739906311035
20.16200065612793
20.063600540161133
20.198400497436523
20.099599838256836
20.23419952392578
20.13450050354004
20.269100189208984
20.169599533081055
20.304399490356445
20.20560073852539
20.34119987487793
20.242700576782227
20.37849998474121
20.279699325561523
20.415599822998047
20.317399978637695
20.453399658203125
20.355300903320312
20.491600036621094
20.39299964904785
20.528499603271484
20.429000854492188
20.565099716186523
20.465900421142578
20.601999282836914
20.50309944152832
20.639799118041992
20.54159927368164
20.678499221801758
20.580400466918945
20.71739959716797
20.618799209594727
20.755599975585938
20.657100677490234
20.794700622558594
20.697099685668945
20.835399627685547
20.738800048828125
20.877099990844727
20.780500411987305
20.919099807739258
20.82309913635254
20.96179962158203
20.86590003967285
21.004100799560547
20.90850067138672
21.046899795532227
20.952499389648438
21.091800689697266
20.99810028076172
21.137300491333008
19.92020034790039
19.815200805664062
19.943099975585938
19.838199615478516
19.96649932861328
19.861600875854492
19.98940086364746
19.88479995727539
20.013399124145508
19.90959930419922
20.03809928894043
19.934099197387695
20.062700271606445
19.958799362182617
20.087600708007812
19.983400344848633
20.112499237060547
20.00909996032715
20.139400482177734
20.036500930786133
20.16670036315918
20.064599990844727
20.19540023803711
20.093599319458008
20.22439956665039
20.123300552368164
20.25510025024414
20.154699325561523
20.28689956665039
20.186800003051758
20.318899154663086
20.2189998626709
20.351200103759766
20.252399444580078
20.385299682617188
20.286800384521484
20.41950035095215
20.321399688720703
20.45479965209961
20.357500076293945
20.49090003967285
20.393600463867188
20.527299880981445
20.430500030517578
20.564699172973633
20.467300415039062
20.600799560546875
20.502300262451172
20.635799407958984
20.537399291992188
20.671600341796875
20.574199676513672
20.708999633789062
20.6117000579834
20.746000289916992
20.648799896240234
20.783599853515625
20.686500549316406
20.821500778198242
20.724700927734375
20.860599517822266
20.76289939880371
20.897199630737305
20.798900604248047
20.93320083618164
20.835500717163086
20.970500946044922
20.873699188232422
21.008399963378906
20.911500930786133
21.046600341796875
20.950599670410156
21.085800170898438
20.989299774169922
21.124300003051758
21.028200149536133
21.16360092163086
21.06839942932129
21.204500198364258
21.109800338745117
21.246200561523438
21.15220069885254
21.288799285888672
21.194599151611328
21.33049964904785
21.236000061035156
21.372900009155273
21.279300689697266
21.41629981994629
21.323200225830078
21.460899353027344
21.368799209594727
21.506399154663086
20.198699951171875
20.326400756835938
20.222000122070312
20.349599838256836
20.245500564575195
20.37380027770996
20.270200729370117
20.39859962463379
20.29509925842285
20.4242000579834
20.320600509643555
20.449399948120117
20.345600128173828
20.474899291992188
20.372100830078125
20.50200080871582
20.399599075317383
20.52989959716797
20.427900314331055
20.558399200439453
20.45669937133789
20.587499618530273
20.48710060119629
20.61840057373047
20.518699645996094
20.650299072265625
20.55069923400879
20.682199478149414
20.582599639892578
20.71500015258789
20.616500854492188
20.749300003051758
20.650800704956055
20.783599853515625
20.685699462890625
20.819400787353516
20.721900939941406
20.856000900268555
20.75860023498535
20.8927001953125
20.79560089111328
20.930500030517578
20.833099365234375
20.966999053955078
20.868200302124023
21.002300262451172
20.904199600219727
21.03860092163086
20.940900802612305
21.07539939880371
20.977800369262695
21.112300872802734
21.015300750732422
21.15060043334961
21.05389976501465
21.18869972229004
21.092100143432617
21.227500915527344
21.130300521850586
21.26490020751953
21.166200637817383
21.30150032043457
21.203399658203125
21.33930015563965
21.241100311279297
21.375999450683594
21.278400421142578
21.41390037536621
21.31730079650879
21.452699661254883
21.356199264526367
21.491300582885742
21.394899368286133
21.53070068359375
21.43549919128418
21.57159996032715
21.476900100708008
21.61370086669922
21.519699096679688
21.655899047851562
21.561100006103516
21.697999954223633
21.604400634765625
21.74139976501465
21.646900177001953
21.784099578857422
21.691200256347656
21.828899383544922
21.7362003326416
21.874300003051758
20.605600357055664
20.733699798583984
20.630300521850586
20.758699417114258
20.655899047851562
20.784900665283203
20.68199920654297
20.810699462890625
20.707500457763672
20.836599349975586
20.733999252319336
20.86370086669922
20.762100219726562
20.89240074157715
20.790599822998047
20.921100616455078
20.819700241088867
20.951200485229492
20.850299835205078
20.98200035095215
20.88170051574707
21.01409912109375
20.9143009185791
21.046600341796875
20.9468994140625
21.07990074157715
20.980899810791016
21.11389923095703
21.015199661254883
21.148399353027344
21.050600051879883
21.184499740600586
21.087400436401367
21.22130012512207
21.124000549316406
21.25819969177246
21.161699295043945
21.29640007019043
21.199100494384766
21.33289909362793
21.234899520874023
21.36870002746582
21.270599365234375
21.405000686645508
21.3075008392334
21.4419002532959
21.34429931640625
21.479299545288086
21.382600784301758
21.51759910583496
21.420400619506836
21.555500030517578
21.459199905395508
21.59480094909668
21.497800827026367
21.632200241088867
21.53459930419922
21.668800354003906
21.571500778198242
21.706100463867188
21.608699798583984
21.743099212646484
21.64590072631836
21.7814998626709
21.684900283813477
21.82029914855957
21.72319984436035
21.85849952697754
21.762399673461914
21.898300170898438
21.80270004272461
21.938899993896484
21.844600677490234
21.98150062561035
21.886899948120117
22.02389907836914
21.929899215698242
22.067699432373047
21.97279930114746
22.11009979248047
22.015899658203125
22.153499603271484
22.059499740600586
22.197599411010742
22.105199813842773
22.24340057373047
21.042200088500977
21.170400619506836
21.06800079345703
21.196800231933594
21.09510040283203
21.225200653076172
21.124099731445312
21.25429916381836
21.153099060058594
21.28380012512207
21.183300018310547
21.31450080871582
21.214000701904297
21.345399856567383
21.245800018310547
21.37779998779297
21.278499603271484
21.41029930114746
21.311399459838867
21.44379997253418
21.345399856567383
21.47800064086914
21.37969970703125
21.512800216674805
21.4153995513916
21.5492000579834
21.452199935913086
21.586000442504883
21.489299774169922
21.623600006103516
21.52720069885254
21.662099838256836
21.565099716186523
21.69930076599121
21.600900650024414
21.73509979248047
21.637300491333008
21.771900177001953
21.673999786376953
21.808399200439453
21.711299896240234
21.84600067138672
21.749000549316406
21.883699417114258
21.787399291992188
21.922100067138672
21.825899124145508
21.961299896240234
21.864599227905273
21.999000549316406
21.90089988708496
22.03569984436035
21.938199996948242
22.07360076904297
21.97599983215332
22.111299514770508
22.013999938964844
22.149700164794922
22.052600860595703
22.188400268554688
22.091400146484375
22.226999282836914
22.1299991607666
22.266300201416016
22.170799255371094
22.308000564575195
22.21310043334961
22.350099563598633
22.255599975585938
22.39299964904785
22.299100875854492
22.436599731445312
22.342500686645508
22.47949981689453
22.38479995727539
22.522600173950195
22.429500579833984
22.567800521850586
22.474199295043945
22.612699508666992
21.456499099731445
21.587099075317383
21.486000061035156
21.616500854492188
21.515600204467773
21.6466007232666
21.54599952697754
21.677600860595703
21.57740020751953
21.709299087524414
21.60930061340332
21.74180030822754
21.642099380493164
21.774900436401367
21.675500869750977
21.808300018310547
21.709199905395508
21.841999053955078
21.743900299072266
21.877399444580078
21.780099868774414
21.913999557495117
21.8169002532959
21.951400756835938
21.854799270629883
21.989500045776367
21.893299102783203
22.027999877929688
21.931100845336914
22.065000534057617
21.96739959716797
22.101299285888672
22.003599166870117
22.13789939880371
22.040599822998047
22.175100326538086
22.077600479125977
22.21269989013672
22.115800857543945
22.251300811767578
22.15399932861328
22.289600372314453
22.193099975585938
22.329299926757812
22.23200035095215
22.36669921875
22.268600463867188
22.403900146484375
22.306499481201172
22.441699981689453
22.344100952148438
22.479700088500977
22.382600784301758
22.51799964904785
22.420900344848633
22.55699920654297
22.460100173950195
22.59600067138672
22.499099731445312
22.63599967956543
22.540300369262695
22.677499771118164
22.582199096679688
22.71929931640625
22.62459945678711
22.76259994506836
22.66860008239746
22.806499481201172
22.711599349975586
22.84910011291504
22.75480079650879
22.892799377441406
22.798900604248047
22.937599182128906
22.844999313354492
22.98430061340332
21.87809944152832
22.009700775146484
21.909700393676758
22.04159927368164
21.9414005279541
22.073400497436523
21.973899841308594
22.106399536132812
22.007099151611328
22.13949966430664
22.04010009765625
22.172300338745117
22.073200225830078
22.206100463867188
22.108400344848633
22.24169921875
22.14459991455078
22.278200149536133
22.18199920654297
22.316299438476562
22.220399856567383
22.354799270629883
22.258699417114258
22.39310073852539
22.296300888061523
22.430099487304688
22.332599639892578
22.466899871826172
22.36989974975586
22.504600524902344
22.407100677490234
22.541900634765625
22.44499969482422
22.58009910583496
22.483400344848633
22.618600845336914
22.522199630737305
22.657400131225586
22.561100006103516
22.69700050354004
22.600000381469727
22.735000610351562
22.636999130249023
22.77239990234375
22.67449951171875
22.809799194335938
22.712499618530273
22.848400115966797
22.750999450683594
22.886499404907227
22.789600372314453
22.926000595092773
22.82939910888672
22.965599060058594
22.86910057067871
23.00629997253418
22.910400390625
23.047700881958008
22.951900482177734
23.08930015563965
22.994699478149414
23.132600784301758
23.038400650024414
23.17609977722168
23.08169937133789
23.219499588012695
23.124900817871094
23.2632999420166
23.16990089416504
23.30900001525879
23.216100692749023
23.354900360107422
22.30579948425293
22.438199996948242
22.338300704956055
22.47100067138672
22.371400833129883
22.503999710083008
22.404199600219727
22.53700065612793
22.43790054321289
22.571300506591797
22.472900390625
22.60650062561035
22.508899688720703
22.643299102783203
22.546899795532227
22.68160057067871
22.585399627685547
22.71969985961914
22.62350082397461
22.75749969482422
22.660900115966797
22.7947998046875
22.698299407958984
22.832599639892578
22.73590087890625
22.870100021362305
22.773500442504883
22.908199310302734
22.81170082092285
22.94659996032715
22.850200653076172
22.985599517822266
22.889299392700195
23.024799346923828
22.92889976501465
23.065099716186523
22.96820068359375
23.1033992767334
23.005599975585938
23.14069938659668
23.042699813842773
23.177900314331055
23.080799102783203
23.216400146484375
23.11949920654297
23.25469970703125
23.158100128173828
23.294200897216797
23.198299407958984
23.3351993560791
23.239599227905273
23.376800537109375
23.280799865722656
23.417800903320312
23.322200775146484
23.4596004486084
23.364599227905273
23.502199172973633
23.407899856567383
23.545400619506836
23.451499938964844
23.589099884033203
23.4955997467041
23.633699417114258
23.540599822998047
23.67959976196289
23.58679962158203
23.72570037841797
22.73590087890625
22.868499755859375
22.76919937133789
22.902000427246094
22.8031005859375
22.936199188232422
22.83799934387207
22.971500396728516
22.874500274658203
23.00819969177246
22.911800384521484
23.045799255371094
22.949899673461914
23.084299087524414
22.988100051879883
23.122900009155273
23.026199340820312
23.160499572753906
23.063400268554688
23.197900772094727
23.101200103759766
23.235700607299805
23.139299392700195
23.27429962158203
23.17799949645996
23.312999725341797
23.216999053955078
23.352399826049805
23.25659942626953
23.39229965209961
23.29680061340332
23.43320083618164
23.336700439453125
23.472200393676758
23.374000549316406
23.5093994140625
23.41119956970215
23.54669952392578
23.448999404907227
23.584800720214844
23.487499237060547
23.62350082397461
23.52680015563965
23.66349983215332
23.567699432373047
23.70479965209961
23.609399795532227
23.746299743652344
23.650800704956055
23.787900924682617
23.692399978637695
23.829599380493164
23.734500885009766
23.87179946899414
23.777099609375
23.914899826049805
23.820899963378906
23.9596004486084
23.86590003967285
24.00510025024414
23.91189956665039
24.05120086669922
23.957799911499023
24.096799850463867
23.166500091552734
23.298799514770508
23.20199966430664
23.334400177001953
23.23780059814453
23.370500564575195
23.274999618530273
23.408300399780273
23.313499450683594
23.446699142456055
23.35219955444336
23.485700607299805
23.39069938659668
23.52359962463379
23.427799224853516
23.561100006103516
23.465700149536133
23.599300384521484
23.50429916381836
23.63800048828125
23.542999267578125
23.67690086364746
23.582199096679688
23.71649932861328
23.622400283813477
23.756799697875977
23.66309928894043
23.798099517822266
23.703699111938477
23.837200164794922
23.741100311279297
23.875
23.77869987487793
23.912799835205078
23.816600799560547
23.9512996673584
23.855499267578125
23.990299224853516
23.894899368286133
24.030099868774414
23.935699462890625
24.071800231933594
23.977800369262695
24.11389923095703
24.019399642944336
24.155899047851562
24.061500549316406
24.197799682617188
24.103300094604492
24.240400314331055
24.146799087524414
24.284400939941406
24.191200256347656
24.329299926757812
24.236799240112305
24.374799728393555
24.282499313354492
24.420400619506836
24.32819938659668
24.466400146484375
23.599599838256836
23.732200622558594
23.636499404907227
23.769699096679688
23.674699783325195
23.80820083618164
23.71380043029785
23.84749984741211
23.752300262451172
23.885000228881836
23.789499282836914
23.92289924621582
23.828100204467773
23.961599349975586
23.866500854492188
24.000499725341797
23.905799865722656
24.0398006439209
23.945100784301758
24.079599380493164
23.985200881958008
24.119800567626953
24.02630043029785
24.161500930786133
24.06679916381836
24.20050048828125
24.104900360107422
24.23900032043457
24.143199920654297
24.27720069885254
24.181400299072266
24.316299438476562
24.22100067138672
24.356300354003906
24.260799407958984
24.39699935913086
24.302499771118164
24.43869972229004
24.3439998626709
24.480600357055664
24.386899948120117
24.523399353027344
24.428699493408203
24.56529998779297
24.471599578857422
24.609100341796875
24.515399932861328
24.652799606323242
24.559799194335938
24.697399139404297
24.604900360107422
24.743000030517578
24.65089988708496
24.789499282836914
24.697200775146484
24.836200714111328
24.037200927734375
24.170700073242188
24.07550048828125
24.208999633789062
24.113800048828125
24.247299194335938
24.15180015563965
24.285400390625
24.190000534057617
24.323999404907227
24.22949981689453
24.36389923095703
24.26889991760254
24.403099060058594
24.308399200439453
24.443099975585938
24.34869956970215
24.483699798583984
24.389999389648438
24.524799346923828
24.430099487304688
24.564300537109375
24.468900680541992
24.60300064086914
24.507099151611328
24.641799926757812
24.54680061340332
24.681699752807617
24.58650016784668
24.721799850463867
24.62779998779297
24.7632999420166
24.66860008239746
24.804500579833984
24.71109962463379
24.847999572753906
24.7539005279541
24.890199661254883
24.796300888061523
24.933300018310547
24.839799880981445
24.976699829101562
24.88330078125
25.02050018310547
24.927499771118164
25.065500259399414
24.973499298095703
25.11199951171875
25.020099639892578
25.158899307250977
25.06719970703125
25.206199645996094
24.4768009185791
24.610200881958008
24.51420021057129
24.648000717163086
24.553199768066406
24.68709945678711
24.592300415039062
24.7268009185791
24.632600784301758
24.766799926757812
24.671899795532227
24.80590057373047
24.712099075317383
24.847000122070312
24.75349998474121
24.888399124145508
24.793899536132812
24.928300857543945
24.832799911499023
24.966800689697266
24.871700286865234
25.006399154663086
24.911300659179688
25.046199798583984
24.951799392700195
25.087299346923828
24.992700576782227
25.128700256347656
25.03510093688965
25.17180061340332
25.078100204467773
25.21470069885254
25.120899200439453
25.25779914855957
25.164100646972656
25.301700592041016
25.20789909362793
25.345500946044922
25.25149917602539
25.389299392700195
25.296300888061523
25.434600830078125
25.342300415039062
25.480899810791016
25.389299392700195
25.528200149536133
25.43670082092285
25.5757999420166
24.9153995513916
25.048900604248047
24.9552001953125
25.089399337768555
24.99519920349121
25.12849998474121
25.034099578857422
25.168100357055664
25.074800491333008
25.2091007232666
25.116199493408203
25.25119972229004
25.157800674438477
25.29129981994629
25.195899963378906
25.32979965209961
25.23550033569336
25.370100021362305
25.275800704956055
25.41119956970215
25.316999435424805
25.452800750732422
25.358999252319336
25.49530029296875
25.40169906616211
25.537799835205078
25.444599151611328
25.581600189208984
25.48859977722168
25.625499725341797
25.53230094909668
25.66950035095215
25.576499938964844
25.713499069213867
25.620399475097656
25.757999420166016
25.665199279785156
25.803600311279297
25.711599349975586
25.850299835205078
25.758399963378906
25.897600173950195
25.806400299072266
25.945600509643555
25.3169002532959
25.4507999420166
25.356599807739258
25.490299224853516
25.39620018005371
25.53030014038086
25.436500549316406
25.570999145507812
25.478599548339844
25.614099502563477
25.520200729370117
25.653900146484375
25.55900001525879
25.693899154663086
25.59939956665039
25.734500885009766
25.640499114990234
25.776100158691406
25.6825008392334
25.818599700927734
25.725099563598633
25.861600875854492
25.76799964904785
25.905099868774414
25.811899185180664
25.949499130249023
25.85610008239746
25.992799758911133
25.89929962158203
26.036800384521484
25.94409942626953
26.08180046081543
25.98889923095703
26.126800537109375
26.034299850463867
26.172500610351562
26.080400466918945
26.218900680541992
26.12779998779297
26.267099380493164
26.175899505615234
26.315099716186523
25.757699966430664
25.892000198364258
25.799100875854492
25.93400001525879
25.841400146484375
25.976999282836914
25.883499145507812
26.017900466918945
25.92329978942871
26.05820083618164
25.963899612426758
26.099300384521484
26.005399703979492
26.141199111938477
26.04800033569336
26.184600830078125
26.091699600219727
26.228300094604492
26.135299682617188
26.27239990234375
26.179800033569336
26.317399978637695
26.223800659179688
26.36079978942871
26.26729965209961
26.40519905090332
26.312400817871094
26.449899673461914
26.357200622558594
26.49519920349121
26.402999877929688
26.541500091552734
26.449399948120117
26.58880043029785
26.497400283813477
26.636699676513672
26.545499801635742
26.685400009155273
26.204200744628906
26.339399337768555
26.246700286865234
26.380800247192383
26.28689956665039
26.42169952392578
26.328399658203125
26.464000701904297
26.37070083618164
26.506799697875977
26.413999557495117
26.550600051879883
26.457799911499023
26.595300674438477
26.502899169921875
26.640300750732422
26.547500610351562
26.68549919128418
26.59239959716797
26.72949981689453
26.635799407958984
26.773099899291992
26.68000030517578
26.817800521850586
26.72570037841797
26.86400032043457
26.7721004486084
26.910400390625
26.81909942626953
26.958200454711914
26.86720085144043
27.006200790405273
26.915599822998047
27.055200576782227
26.608400344848633
26.74220085144043
26.64940071105957
26.78420066833496
26.692100524902344
26.82740020751953
26.73539924621582
26.871299743652344
26.779300689697266
26.915199279785156
26.82390022277832
26.96030044555664
26.86910057067871
27.005199432373047
26.914400100708008
27.051300048828125
26.95949935913086
27.095500946044922
27.002899169921875
27.13960075378418
27.047700881958008
27.184999465942383
27.093399047851562
27.230899810791016
27.139799118041992
27.27790069580078
27.1875
27.326000213623047
27.23579978942871
27.374300003051758
27.284299850463867
27.42329978942871
27.05470085144043
27.19029998779297
27.098899841308594
27.234500885009766
27.1427001953125
27.278600692749023
27.187400817871094
27.324399948120117
27.233400344848633
27.370100021362305
27.278799057006836
27.41550064086914
27.323999404907227
27.46030044555664
27.368600845336914
27.505399703979492
27.413700103759766
27.55139923095703
27.460100173950195
27.59819984436035
27.507099151611328
27.64579963684082
27.555099487304688
27.694000244140625
27.6033992767334
27.742900848388672
27.652799606323242
27.792200088500977
27.461299896240234
27.596599578857422
27.505800247192383
27.642000198364258
27.551799774169922
27.68829917907715
27.59760093688965
27.733800888061523
27.642900466918945
27.77989959716797
27.688800811767578
27.826000213623047
27.73430061340332
27.871700286865234
27.780399322509766
27.918100357055664
27.827199935913086
27.96500015258789
27.874799728393555
28.01289939880371
27.922800064086914
28.061100006103516
27.971799850463867
28.111000061035156
28.021499633789062
27.915000915527344
28.051700592041016
27.961200714111328
28.09830093383789
28.00779914855957
28.144800186157227
28.054100036621094
28.190799713134766
28.100099563598633
28.236900329589844
28.146299362182617
28.283899307250977
28.193599700927734
28.331499099731445
28.240999221801758
28.379499435424805
28.28969955444336
28.42889976501465
28.339599609375
28.479400634765625
28.325199127197266
28.461999893188477
28.371999740600586
28.509000778198242
28.418500900268555
28.55590057373047
28.465099334716797
28.602500915527344
28.511999130249023
28.649900436401367
28.559799194335938
28.697999954223633
28.608200073242188
28.74690055847168
28.657499313354492
28.79680061340332
28.708099365234375
28.784000396728516
28.921100616455078
28.83049964904785
28.96809959411621
28.87809944152832
29.016300201416016
28.92639923095703
29.065099716186523
28.975500106811523
29.114299774169922
29.024999618530273
29.164899826049805
29.195600509643555
29.33329963684082
29.24410057067871
29.381999969482422
29.293100357055664
29.431900024414062
29.34280014038086
29.48150062561035
29.39299964904785
29.532899856567383
29.60919952392578
29.747699737548828
29.659299850463867
29.79840087890625
29.709800720214844
29.84910011291504
29.760799407958984
30.076499938964844
30.21540069580078
26.885400772094727
27.040300369262695
26.51289939880371
26.669599533081055
26.036800384521484
26.196699142456055
26.139999389648438
26.29789924621582
25.65999984741211
25.82110023498535
25.767499923706055
25.92650032043457
25.170299530029297
25.33489990234375
25.283300399780273
25.445600509643555
25.394800186157227
25.555599212646484
24.789499282836914
24.955299377441406
24.907100677490234
25.070499420166016
25.022199630737305
25.184099197387695
24.285600662231445
24.454599380493164
24.408899307250977
24.576200485229492
24.53019905090332
24.69540023803711
24.649499893188477
24.81290054321289
23.90130043029785
24.071500778198242
24.028600692749023
24.19700050354004
24.153900146484375
24.319900512695312
24.277099609375
24.441600799560547
23.381399154663086
23.55579948425293
23.51490020751953
23.687700271606445
23.6466007232666
23.81730079650879
23.77630043029785
23.944599151611328
23.90369987487793
24.070199966430664
22.991100311279297
23.166900634765625
23.12849998474121
23.302200317382812
23.265100479125977
23.436599731445312
23.398799896240234
23.567899703979492
23.53030014038086
23.697900772094727
22.458099365234375
22.63680076599121
22.600500106811523
22.777299880981445
22.74250030517578
22.917999267578125
22.883100509643555
23.05660057067871
23.0216007232666
23.19230079650879
23.156999588012695
23.325899124145508
21.916000366210938
22.097299575805664
22.065099716186523
22.244699478149414
22.21269989013672
22.389799118041992
22.35700035095215
22.532899856567383
22.50149917602539
22.67620086669922
22.643400192260742
22.815399169921875
22.783100128173828
22.953899383544922
21.519500732421875
21.702800750732422
21.67329978942871
21.854299545288086
21.824899673461914
22.003599166870117
21.974000930786133
22.150299072265625
22.120800018310547
22.296100616455078
22.267000198364258
22.439599990844727
22.409400939941406
22.580799102783203
20.962400436401367
21.149200439453125
21.12299919128418
21.30769920349121
21.2814998626709
21.46380043029785
21.437400817871094
21.61750030517578
21.590499877929688
21.768299102783203
21.74169921875
21.91790008544922
21.891000747680664
22.064800262451172
22.03820037841797
22.2101993560791
20.562599182128906
20.750499725341797
20.727399826049805
20.91320037841797
20.890100479125977
21.073699951171875
21.05069923400879
21.23200035095215
21.20829963684082
21.38680076599121
21.362699508666992
21.5398006439209
21.516300201416016
21.691200256347656
21.66710090637207
21.840299606323242
19.99690055847168
20.185800552368164
20.163700103759766
20.352699279785156
20.33300018310547
20.519800186157227
20.500099182128906
20.684600830078125
20.664100646972656
20.846599578857422
20.825700759887695
21.006099700927734
20.984500885009766
21.162700653076172
21.141700744628906
21.318099975585938
21.297000885009766
21.47100067138672
19.589500427246094
19.78219985961914
19.76110076904297
19.953699111938477
19.93470001220703
20.125099182128906
20.10610008239746
20.294200897216797
20.274499893188477
20.45989990234375
20.440099716186523
20.62350082397461
20.603300094604492
20.783899307250977
20.763900756835938
20.943500518798828
20.923599243164062
21.10059928894043
19.00550079345703
19.2012996673584
19.180599212646484
19.374500274658203
19.35689926147461
19.550800323486328
19.535200119018555
19.726699829101562
19.711000442504883
19.900100708007812
19.883699417114258
20.069900512695312
20.05270004272461
20.237600326538086
20.220500946044922
20.40290069580078
20.385000228881836
20.565399169921875
20.54789924621582
20.726600646972656
18.410999298095703
18.610200881958008
18.59309959411621
18.790000915527344
18.772899627685547
18.96769905090332
18.95330047607422
19.14859962463379
19.136499404907227
19.329200744628906
19.316299438476562
19.50659942626953
19.492900848388672
19.68090057373047
19.66629981994629
19.851999282836914
19.837499618530273
20.021299362182617
20.00659942626953
20.187999725341797
20.17300033569336
20.35260009765625
17.9955997467041
18.195999145507812
18.182300567626953
18.380300521850586
18.366600036621094
18.562299728393555
18.551000595092773
18.747100830078125
18.738000869750977
18.932100296020508
18.922100067138672
19.113500595092773
19.10260009765625
19.29170036315918
19.28059959411621
19.467300415039062
19.455699920654297
19.640300750732422
19.628799438476562
19.81130027770996
19.798900604248047
19.97920036315918
17.388500213623047
17.591899871826172
17.58180046081543
17.782800674438477
17.7726993560791
17.971799850463867
17.961700439453125
18.15850067138672
18.150100708007812
18.346900939941406
18.340200424194336
18.535200119018555
18.528099060058594
18.720800399780273
18.712900161743164
18.903200149536133
18.895000457763672
19.08340072631836
19.074600219726562
19.26020050048828
19.25079917907715
19.434799194335938
19.425399780273438
19.60700035095215
16.971200942993164
17.17639923095703
17.16939926147461
17.37150001525879
17.364500045776367
17.564699172973633
17.557600021362305
17.75550079345703
17.750099182128906
17.947900772094727
17.944000244140625
18.13960075378418
18.135400772094727
18.328899383544922
18.324199676513672
18.515399932861328
18.509599685668945
18.69879913330078
18.692800521850586
18.88010025024414
18.87350082397461
19.058500289916992
19.051799774169922
19.234800338745117
16.347900390625
16.55699920654297
16.553600311279297
16.760099411010742
16.75670051574707
16.960800170898438
16.95669937133789
17.158199310302734
17.15369987487793
17.352800369262695
17.350000381469727
17.549299240112305
17.548099517822266
17.74489974975586
17.74340057373047
17.938199996948242
17.93600082397461
18.128400802612305
18.12540054321289
18.315399169921875
18.31170082092285
18.499900817871094
18.496599197387695
18.68280029296875
18.67889976501465
18.86280059814453
15.714200019836426
15.926600456237793
15.927800178527832
16.137399673461914
16.137699127197266
16.34480094909668
16.34440040588379
16.549800872802734
16.549100875854492
16.75189971923828
16.75040054321289
16.950700759887695
16.9507999420166
17.15089988708496
17.152599334716797
17.350500106811523
17.35140037536621
17.547500610351562
17.54800033569336
17.74169921875
17.74169921875
17.932899475097656
17.932600021362305
18.121400833129883
18.121000289916992
18.308000564575195
18.30699920654297
18.491500854492188
15.281999588012695
15.500399589538574
15.501399993896484
15.716300010681152
15.715700149536133
15.927499771118164
15.926899909973145
16.136600494384766
16.135799407958984
16.342899322509766
16.341899871826172
16.546600341796875
16.547199249267578
16.751100540161133
16.75320053100586
16.954599380493164
16.955900192260742
17.154800415039062
17.1560001373291
17.353099822998047
17.353500366210938
17.54840087890625
17.548799514770508
17.74180030822754
17.741300582885742
17.931800842285156
17.93079948425293
18.118900299072266
14.620699882507324
14.842599868774414
14.847599983215332
15.06659984588623
15.071499824523926
15.287799835205078
15.291600227355957
15.504599571228027
15.507100105285645
15.717700004577637
15.720600128173828
15.928999900817871
15.930999755859375
16.13680076599121
16.140600204467773
16.346200942993164
16.351499557495117
16.55459976196289
16.55900001525879
16.758899688720703
16.76219940185547
16.960399627685547
16.96380043029785
17.159700393676758
17.162500381469727
17.356700897216797
17.35930061340332
17.551000595092773
17.552900314331055
17.742300033569336
13.945799827575684
14.171899795532227
14.182100296020508
14.40530014038086
14.414299964904785
14.634699821472168
14.642499923706055
14.860300064086914
14.867300033569336
15.082300186157227
15.088399887084961
15.300200462341309
15.305500030517578
15.515399932861328
15.521100044250488
15.728400230407715
15.734800338745117
15.941300392150879
15.95009994506836
16.154600143432617
16.161699295043945
16.362899780273438
16.368999481201172
16.56839942932129
16.574499130249023
16.771699905395508
16.777799606323242
16.97260093688965
16.97800064086914
17.170400619506836
17.175600051879883
17.36639976501465
13.259499549865723
13.48960018157959
13.503800392150879
13.731300354003906
13.744799613952637
13.969400405883789
13.981499671936035
14.203100204467773
14.214200019836426
14.433199882507324
14.444000244140625
14.660300254821777
14.67020034790039
14.883299827575684
14.89229965209961
15.102700233459473
15.111599922180176
15.320099830627441
15.330599784851074
15.538000106811523
15.549200057983398
15.754899978637695
15.765700340270996
15.968000411987305
15.977100372314453
16.17690086364746
16.186599731445312
16.38479995727539
16.393699645996094
16.589500427246094
16.59749984741211
16.791099548339844
16.798500061035156
16.99049949645996
12.813599586486816
13.044899940490723
13.062700271606445
13.291500091552734
13.30840015411377
13.534099578857422
13.549799919128418
13.772500038146973
13.787400245666504
14.007499694824219
14.021400451660156
14.238900184631348
14.252400398254395
14.467399597167969
14.48009967803955
14.691900253295898
14.703800201416016
14.913000106811523
14.926400184631348
15.13539981842041
15.149499893188477
15.355799674987793
15.36929988861084
15.573699951171875
15.586199760437012
15.787400245666504
15.798999786376953
15.99839973449707
16.010400772094727
16.207399368286133
16.21809959411621
16.41230010986328
16.42289924621582
16.615400314331055
12.112700462341309
12.347200393676758
12.368499755859375
12.601200103759766
12.622300148010254
12.852499961853027
12.87279987335205
13.099900245666504
13.119400024414062
13.343500137329102
13.361800193786621
13.582900047302246
13.600700378417969
13.819100379943848
13.835700035095215
14.051600456237793
14.067999839782715
14.281499862670898
14.296500205993652
14.5068998336792
14.523099899291992
14.733400344848633
14.750900268554688
14.958000183105469
14.974300384521484
15.179300308227539
15.195099830627441
15.397700309753418
15.412599563598633
15.612799644470215
15.627400398254395
15.825599670410156
15.840200424194336
16.035600662231445
16.048999786376953
16.24209976196289
11.400899887084961
11.639900207519531
11.666299819946289
11.901300430297852
11.92609977722168
12.15880012512207
12.183500289916992
12.414299964904785
12.437899589538574
12.666199684143066
12.689299583435059
12.915300369262695
12.936800003051758
13.159199714660645
13.180000305175781
13.400300025939941
13.420499801635742
13.63759994506836
13.656800270080566
13.871299743652344
13.889699935913086
14.101300239562988
14.120200157165527
14.331700325012207
14.352499961853027
14.561599731445312
14.580599784851074
14.786299705505371
14.805000305175781
15.00879955291748
15.027099609375
15.228400230407715
15.24590015411377
15.44480037689209
15.46150016784668
15.658699989318848
15.674699783325195
15.869500160217285
10.951000213623047
11.190699577331543
11.220499992370605
11.457099914550781
11.485300064086914
11.719200134277344
11.746500015258789
11.977999687194824
12.005000114440918
12.234100341796875
12.260199546813965
12.487099647521973
12.512499809265137
12.736300468444824
12.760299682617188
12.981599807739258
13.005000114440918
13.223600387573242
13.245800018310547
13.461899757385254
13.482999801635742
13.69629955291748
13.718700408935547
13.931099891662598
13.95460033416748
14.164600372314453
14.187800407409668
14.394800186157227
14.416199684143066
14.620800018310547
14.641799926757812
14.844400405883789
14.864500045776367
15.06470012664795
15.084099769592285
15.281900405883789
15.300399780273438
15.496000289916992
10.208600044250488
10.46030044555664
10.48740005493164
10.736000061035156
10.76159954071045
11.006400108337402
11.031200408935547
11.273500442504883
11.298100471496582
11.537099838256836
11.560799598693848
11.797200202941895
11.820899963378906
12.054900169372559
12.07800006866455
12.308799743652344
12.331299781799316
12.559000015258789
12.580499649047852
12.80519962310791
12.826199531555176
13.048100471496582
13.068599700927734
13.287300109863281
13.309100151062012
13.527199745178223
13.550100326538086
13.76509952545166
13.78689956665039
13.999600410461426
14.020400047302246
14.229999542236328
14.249899864196777
14.457099914550781
14.476699829101562
14.681400299072266
14.70009994506836
14.90250015258789
14.92020034790039
15.12030029296875
9.448080062866211
9.702469825744629
9.734660148620605
9.986680030822754
10.017999649047852
10.267000198364258
10.296899795532227
10.542900085449219
10.571800231933594
10.815400123596191
10.844200134277344
11.084600448608398
11.112500190734863
11.349699974060059
11.376899719238281
11.611700057983398
11.638899803161621
11.871199607849121
11.897600173950195
12.126799583435059
12.152400016784668
12.378399848937988
12.403200149536133
12.626399993896484
12.651300430297852
12.871600151062012
12.89739990234375
13.11620044708252
13.142499923706055
13.35830020904541
13.383399963378906
13.597000122070312
13.621100425720215
13.83180046081543
13.854900360107422
14.063400268554688
14.085599899291992
14.29170036315918
14.312999725341797
14.516599655151367
14.537099838256836
14.738300323486328
8.971599578857422
9.227100372314453
9.263409614562988
9.516579627990723
9.55193042755127
9.801309585571289
9.835140228271484
10.081600189208984
10.114700317382812
10.358799934387207
10.39169979095459
10.633399963378906
10.665499687194824
10.904199600219727
10.935400009155273
11.170999526977539
11.201700210571289
11.434800148010254
11.465399742126465
11.695899963378906
11.7253999710083
11.952699661254883
11.982199668884277
12.206600189208984
12.235300064086914
12.45680046081543
12.486000061035156
12.706299781799316
12.735799789428711
12.953100204467773
12.981499671936035
13.195899963378906
13.223400115966797
13.434900283813477
13.461400032043457
13.670599937438965
13.696100234985352
13.902600288391113
13.927300453186035
14.131600379943848
14.155400276184082
14.357199668884277
8.197090148925781
8.45658016204834
8.498869895935059
8.75454044342041
8.795040130615234
9.048419952392578
9.087920188903809
9.338279724121094
9.37621021270752
9.623709678649902
9.660730361938477
9.905269622802734
9.94141960144043
10.183799743652344
10.219799995422363
10.459799766540527
10.495100021362305
10.732099533081055
10.766799926757812
11.000800132751465
11.034600257873535
11.26609992980957
11.300100326538086
11.529000282287598
11.562000274658203
11.7878999710083
11.820899963378906
12.043899536132812
12.076600074768066
12.297300338745117
12.330100059509277
12.548199653625488
12.579899787902832
12.79580020904541
12.826399803161621
13.039600372314453
13.069199562072754
13.279399871826172
13.307999610900879
13.515399932861328
13.542499542236328
13.747900009155273
13.774299621582031
13.977499961853027
7.721459865570068
7.981880187988281
8.027379989624023
8.284879684448242
8.32865047454834
8.583149909973145
8.625880241394043
8.877289772033691
8.91901969909668
9.167590141296387
9.208479881286621
9.454130172729492
9.494219779968262
9.736969947814941
9.777139663696289
10.017600059509277
10.056900024414062
10.294400215148926
10.332900047302246
10.568300247192383
10.605999946594238
10.838299751281738
10.875499725341797
11.105899810791016
11.143500328063965
11.370699882507324
11.407400131225586
11.631799697875977
11.668100357055664
11.89009952545166
11.92549991607666
12.144800186157227
12.179499626159668
12.396400451660156
12.430000305175781
12.644100189208984
12.6766996383667
12.888699531555176
12.92020034790039
13.129300117492676
13.159500122070312
13.365300178527832
13.393799781799316
13.59749984741211
6.933430194854736
7.1976399421691895
7.249000072479248
7.509429931640625
7.558949947357178
7.816490173339844
7.864980220794678
8.119649887084961
8.167160034179688
8.418899536132812
8.464630126953125
8.713359832763672
8.758079528808594
9.004650115966797
9.04874038696289
9.292679786682129
9.336689949035645
9.578399658203125
9.621500015258789
9.859569549560547
9.901820182800293
10.137700080871582
10.179800033569336
10.412699699401855
10.45460033416748
10.685099601745605
10.726499557495117
10.954500198364258
10.995699882507324
11.22130012512207
11.261300086975098
11.483799934387207
11.522600173950195
11.742400169372559
11.780400276184082
11.998200416564941
12.034899711608887
12.249799728393555
12.284700393676758
12.497599601745605
12.53219985961914
12.742899894714355
12.776000022888184
12.983400344848633
13.015000343322754
13.219599723815918
6.13493013381958
6.402060031890869
6.460309982299805
6.724430084228516
6.780640125274658
7.041019916534424
7.094590187072754
7.3521199226379395
7.4046101570129395
7.659949779510498
7.711319923400879
7.963860034942627
8.013500213623047
8.262539863586426
8.310429573059082
8.557250022888184
8.605790138244629
8.850729942321777
8.898630142211914
9.140669822692871
9.187640190124512
9.426790237426758
9.472860336303711
9.709830284118652
9.75574016571045
9.989850044250488
10.034700393676758
10.266500473022461
10.31089973449707
10.540399551391602
10.584500312805176
10.811699867248535
10.854399681091309
11.078399658203125
11.119799613952637
11.34160041809082
11.381999969482422
11.60099983215332
11.64009952545166
11.856100082397461
11.894499778747559
12.10830020904541
12.146400451660156
12.357500076293945
12.393899917602539
12.601799964904785
12.636699676513672
12.842399597167969
5.659130096435547
5.927649974822998
5.98921012878418
6.254759788513184
6.3142499923706055
6.5760297775268555
6.633500099182129
6.89169979095459
6.947959899902344
7.203360080718994
7.258530139923096
7.511169910430908
7.564589977264404
7.8144001960754395
7.866109848022461
8.113120079040527
8.164719581604004
8.410590171813965
8.46282958984375
8.705940246582031
8.756600379943848
8.9962797164917
9.046710014343262
9.284150123596191
9.3335599899292
9.568180084228516
9.617280006408691
9.84965991973877
9.897649765014648
10.127099990844727
10.175399780273438
10.403200149536133
10.44950008392334
10.673500061035156
10.717599868774414
10.9399995803833
10.983799934387207
11.204000473022461
11.246800422668457
11.463800430297852
11.50529956817627
11.720100402832031
11.76099967956543
11.973600387573242
12.012800216674805
12.222100257873535
12.259900093078613
12.46660041809082
5.11683988571167
5.171850204467773
5.4476799964904785
5.505539894104004
5.778540134429932
5.8343400955200195
6.104479789733887
6.15818977355957
6.42540979385376
6.47790002822876
6.742219924926758
6.7928900718688965
7.0537800788879395
7.102779865264893
7.360939979553223
7.408870220184326
7.664219856262207
7.712029933929443
7.96550989151001
8.01333999633789
8.264769554138184
8.311739921569824
8.560440063476562
8.605770111083984
8.852339744567871
8.897370338439941
9.141119956970215
9.18517017364502
9.426679611206055
9.470330238342285
9.70890998840332
9.752180099487305
9.989179611206055
10.031000137329102
10.263500213623047
10.30270004272461
10.532899856567383
10.57229995727539
10.800800323486328
10.839900016784668
11.065600395202637
11.103799819946289
11.326499938964844
11.3641996383667
11.583900451660156
11.620499610900879
11.836799621582031
11.8725004196167
12.086199760437012
4.956399917602539
5.017519950866699
5.290860176086426
5.349890232086182
5.620389938354492
5.678120136260986
5.945799827575684
6.002280235290527
6.2671799659729
6.3217902183532715
6.583209991455078
6.636740207672119
6.895440101623535
6.947150230407715
7.202439785003662
7.254069805145264
7.50832986831665
7.559909820556641
7.811460018157959
7.86214017868042
8.111000061035156
8.160619735717773
8.406700134277344
8.455280303955078
8.699390411376953
8.747759819030762
8.989789962768555
9.037050247192383
9.276089668273926
9.323519706726074
9.561030387878418
9.606459617614746
9.839489936828613
9.882949829101562
10.113699913024902
10.156700134277344
10.385100364685059
10.428299903869629
10.654500007629395
10.696800231933594
10.92039966583252
10.961799621582031
11.183099746704102
11.223899841308594
11.441699981689453
11.480799674987793
11.69540023803711
4.805669784545898
4.8686299324035645
5.139520168304443
5.2011399269104
5.469250202178955
5.52957010269165
5.7949299812316895
5.853340148925781
6.115320205688477
6.172619819641113
6.4326300621032715
6.4880499839782715
6.743879795074463
6.798449993133545
7.05334997177124
7.108630180358887
7.360939979553223
7.415180206298828
7.664840221405029
7.7179999351501465
7.9649200439453125
8.01710033416748
8.26140022277832
8.312540054321289
8.554800033569336
8.606300354003906
8.846529960632324
8.897480010986328
9.1354398727417
9.1843900680542
9.417920112609863
9.46422004699707
9.696240425109863
9.74269962310791
9.972390174865723
10.01830005645752
10.245800018310547
10.291999816894531
10.51669979095459
10.562000274658203
10.783499717712402
10.82800006866455
11.047200202941895
11.09060001373291
11.306500434875488
4.6616902351379395
4.726339817047119
4.994900226593018
5.058350086212158
5.324920177459717
5.387159824371338
5.650239944458008
5.711239814758301
5.971650123596191
6.030739784240723
6.287149906158447
6.345339775085449
6.600820064544678
6.659649848937988
6.9125800132751465
6.970339775085449
7.2206501960754395
7.277379989624023
7.52508020401001
7.580719947814941
7.825829982757568
7.88109016418457
8.123519897460938
8.178319931030273
8.41884994506836
8.473970413208008
8.712389945983887
8.764809608459473
8.998880386352539
9.049320220947266
9.281140327453613
9.331049919128418
9.560609817504883
9.610650062561035
9.838689804077148
9.888190269470215
10.11400032043457
10.163100242614746
10.38640022277832
10.434599876403809
10.65470027923584
10.701700210571289
10.918299674987793
4.524310111999512
4.591489791870117
4.856979846954346
4.92363977432251
5.187260150909424
5.251850128173828
5.512760162353516
5.574689865112305
5.832280158996582
5.894110202789307
6.150760173797607
6.213180065155029
6.466599941253662
6.527919769287109
6.778749942779541
6.839620113372803
7.0879597663879395
7.14778995513916
7.39286994934082
7.451600074768066
7.694729804992676
7.7536702156066895
7.994830131530762
8.053380012512207
8.291990280151367
8.347829818725586
8.582249641418457
8.636099815368652
8.869099617004395
8.92240047454834
9.1525297164917
9.205180168151855
9.43373966217041
9.486499786376953
9.712909698486328
9.765219688415527
9.989580154418945
10.041600227355957
10.263400077819824
10.313799858093262
10.531999588012695
4.394179821014404
4.4629597663879395
4.726930141448975
4.794419765472412
5.05571985244751
5.120520114898682
5.378590106964111
5.443950176239014
5.701879978179932
5.76846981048584
6.023119926452637
6.0885701179504395
6.339960098266602
6.404300212860107
6.6531500816345215
6.716430187225342
6.962739944458008
7.024889945983887
7.26869010925293
7.331019878387451
7.572879791259766
7.635300159454346
7.874629974365234
7.933839797973633
8.168439865112305
8.224980354309082
8.458219528198242
8.51498031616211
8.746159553527832
8.802249908447266
9.031149864196777
9.087340354919434
9.314140319824219
9.369850158691406
9.59453010559082
9.649789810180664
9.87246036529541
9.926079750061035
10.145700454711914
4.2694501876831055
4.340489864349365
4.601490020751953
4.670479774475098
4.9282097816467285
4.997680187225342
5.255350112915039
5.326749801635742
5.5819501876831055
5.651470184326172
5.903450012207031
5.971829891204834
6.22130012512207
6.2878098487854
6.53410005569458
6.6002302169799805
6.844719886779785
6.910999774932861
7.153510093688965
7.219260215759277
7.4591898918151855
7.52161979675293
7.7569499015808105
7.816889762878418
8.05031967163086
8.110369682312012
8.341790199279785
8.401260375976562
8.630559921264648
8.690110206604004
8.918000221252441
8.97642993927002
9.20149040222168
9.259340286254883
9.482970237731934
9.539810180664062
9.760270118713379
4.481949806213379
4.555480003356934
4.813479900360107
4.888169765472412
5.14378023147583
5.217319965362549
5.469820022583008
5.541490077972412
5.791530132293701
5.862760066986084
6.109580039978027
6.179629802703857
6.423999786376953
6.493579864501953
6.736100196838379
6.805039882659912
7.0457000732421875
7.111330032348633
7.347340106964111
7.410449981689453
7.644680023193359
7.708059787750244
7.9403300285339355
8.003129959106445
8.232660293579102
8.294879913330078
8.523059844970703
8.584790229797363
8.810290336608887
8.870789527893066
9.0947904586792
9.154809951782227
9.376219749450684
4.367000102996826
4.43779993057251
4.7009501457214355
4.769899845123291
5.030640125274658
5.0977301597595215
5.356060028076172
5.421969890594482
5.678599834442139
5.742650032043457
5.996829986572266
6.05974006652832
6.312079906463623
6.373799800872803
6.624209880828857
6.684070110321045
6.9305100440979
6.988550186157227
7.232450008392334
7.2901201248168945
7.531469821929932
7.589419841766357
7.828800201416016
7.885630130767822
8.122179985046387
8.17920970916748
8.413640022277832
8.469579696655273
8.70121955871582
8.757360458374023
8.986940383911133
4.2463698387146
4.318570137023926
4.578969955444336
4.649280071258545
4.907320022583008
4.975800037384033
5.232110023498535
5.299459934234619
5.553380012512207
5.618889808654785
5.871079921722412
5.936140060424805
6.186520099639893
6.249720096588135
6.496870040893555
6.5589799880981445
6.804230213165283
6.865930080413818
7.1079301834106445
7.1686601638793945
7.408810138702393
7.4698100090026855
7.707280158996582
7.767169952392578
8.002579689025879
8.062569618225098
8.295160293579102
8.354049682617188
8.584620475769043
4.130569934844971
4.20343017578125
4.4617600440979
4.533490180969238
4.7895002365112305
4.860099792480469
5.113749980926514
5.182499885559082
5.433740139007568
5.502009868621826
5.752230167388916
5.819439888000488
6.066559791564941
6.132659912109375
6.3779401779174805
6.443689823150635
6.686450004577637
6.751120090484619
6.991340160369873
7.055620193481445
7.293950080871582
7.357840061187744
7.593609809875488
7.6563801765441895
7.889959812164307
7.95290994644165
8.184430122375488
4.018899917602539
4.093810081481934
4.3500800132751465
4.423870086669922
4.677889823913574
4.749810218811035
5.00078010559082
5.0708699226379395
5.3208699226379395
5.391349792480469
5.639709949493408
5.708469867706299
5.954309940338135
6.023369789123535
6.26747989654541
6.335460186004639
6.57636022567749
6.643919944763184
6.882979869842529
6.94950008392334
7.186039924621582
7.252260208129883
7.486839771270752
7.552509784698486
7.785019874572754
3.9133400917053223
3.9895899295806885
4.243859767913818
4.3182902336120605
4.570240020751953
4.642879962921143
4.892560005187988
4.964960098266602
5.213769912719727
5.2865800857543945
5.532939910888672
5.604579925537109
5.8491902351379395
5.9211201667785645
6.163300037384033
6.233520030975342
6.473259925842285
6.543139934539795
6.780350208282471
6.849850177764893
7.085219860076904
7.154890060424805
7.387609958648682
3.812459945678711
3.8893399238586426
4.140920162200928
4.216730117797852
4.466760158538818
4.542359828948975
4.790900230407715
4.866879940032959
5.113759994506836
5.1892900466918945
5.433770179748535
5.5088701248168945
5.751629829406738
5.825719833374023
6.065450191497803
6.1385498046875
6.376520156860352
6.449880123138428
6.685999870300293
6.758880138397217
6.992410182952881
3.714829921722412
3.7923998832702637
4.0427398681640625
4.120790004730225
4.370389938354492
4.448860168457031
4.696809768676758
4.774839878082275
5.02046012878418
5.098110198974609
5.34207010269165
5.419360160827637
5.660280227661133
5.736519813537598
5.9750800132751465
6.051569938659668
6.288400173187256
6.365059852600098
6.599430084228516
3.620529890060425
3.7009599208831787
3.950900077819824
4.032489776611328
4.28085994720459
4.362020015716553
4.608069896697998
4.688859939575195
4.933310031890869
5.013740062713623
5.255859851837158
5.335820198059082
5.575590133666992
5.655139923095703
5.892580032348633
5.971739768981934
6.207399845123291
3.5298099517822266
3.609760046005249
3.862499952316284
3.9420599937438965
4.19320011138916
4.271759986877441
4.521369934082031
4.5995402336120605
4.84745979309082
4.9245500564575195
5.170790195465088
5.247499942779541
5.492090225219727
5.5683698654174805
5.810569763183594
3.4384799003601074
3.520440101623535
3.7713000774383545
3.8528800010681152
4.102220058441162
4.1827898025512695
4.430530071258545
4.510039806365967
4.756159782409668
4.835259914398193
5.08036994934082
5.1590399742126465
5.402460098266602
3.6852800846099854
3.768120050430298
4.016310214996338
4.09814977645874
4.344170093536377
4.425620079040527
4.670599937438965
4.752230167388916
4.995570182800293
3.603490114212036
3.688230037689209
3.934720039367676
4.019040107727051
4.26393985748291
4.347819805145264
4.591149806976318
3.5265300273895264
3.6130499839782715
3.8590800762176514
3.9451398849487305
4.189000129699707
3.2089900970458984
3.4547998905181885
3.543639898300171
3.787980079650879
3.0524399280548096
3.142709970474243
3.3881099224090576
2.9888200759887695
SCALARS latitude float 1
LOOKUP_TABLE default
-30.782499313354492
-30.91699981689453
-31.10260009765625
-31.23740005493164
-31.42259979248047
-31.557199478149414
-31.74250030517578
-31.878000259399414
-32.06340026855469
-32.19940185546875
-30.865100860595703
-30.999300003051758
-31.18589973449707
-31.31999969482422
-31.506099700927734
-31.640199661254883
-31.826900482177734
-31.962200164794922
-32.14929962158203
-32.2849006652832
-32.47159957885742
-32.60749816894531
-32.79359817504883
-32.9297981262207
-33.11970138549805
-33.2593994140625
-33.45240020751953
-33.592498779296875
-33.78580093383789
-33.92610168457031
-34.11920166015625
-34.25979995727539
-30.757999420166016
-30.94580078125
-31.079500198364258
-31.267099380493164
-31.40060043334961
-31.587600708007812
-31.721599578857422
-31.909400939941406
-32.04460144042969
-32.233001708984375
-32.368499755859375
-32.55630111694336
-32.69179916381836
-32.87919998168945
-33.01530075073242
-33.20560073852539
-33.345001220703125
-33.538700103759766
-33.6786994934082
-33.87260055541992
-34.01240158081055
-34.20650100708008
-34.34669876098633
-34.54100036621094
-34.681800842285156
-34.8765983581543
-35.01789855957031
-35.212398529052734
-35.35300064086914
-35.547298431396484
-35.68790054321289
-35.885398864746094
-36.029300689697266
-30.702600479125977
-30.835500717163086
-31.024599075317383
-31.158000946044922
-31.346399307250977
-31.479999542236328
-31.66819953918457
-31.80270004272461
-31.991199493408203
-32.126800537109375
-32.31560134887695
-32.45119857788086
-32.63959884643555
-32.77519989013672
-32.9635009765625
-33.099700927734375
-33.29090118408203
-33.429901123046875
-33.6239013671875
-33.76340103149414
-33.95790100097656
-34.097599029541016
-34.292301177978516
-34.43230056762695
-34.627498626708984
-34.7677001953125
-34.96329879760742
-35.103599548339844
-35.29890060424805
-35.438899993896484
-35.63370132446289
-35.77429962158203
-35.9724006652832
-36.115501403808594
-36.316001892089844
-36.45840072631836
-36.6593017578125
-36.80120086669922
-37.00239944458008
-37.14350128173828
-37.344600677490234
-37.484798431396484
-37.6864013671875
-37.82609939575195
-38.0276985168457
-38.16640090942383
-38.368099212646484
-38.506900787353516
-30.58989906311035
-30.77869987487793
-30.911500930786133
-31.101699829101562
-31.234699249267578
-31.42460060119629
-31.558300018310547
-31.74810028076172
-31.88249969482422
-32.0724983215332
-32.207401275634766
-32.397300720214844
-32.53239822387695
-32.72200012207031
-32.85710144042969
-33.046600341796875
-33.18239974975586
-33.37459945678711
-33.513301849365234
-33.70800018310547
-33.8468017578125
-34.041900634765625
-34.181400299072266
-34.377201080322266
-34.516998291015625
-34.712398529052734
-34.852500915527344
-35.048099517822266
-35.18790054321289
-35.383399963378906
-35.523101806640625
-35.719200134277344
-35.859100341796875
-36.05730056762695
-36.19879913330078
-36.39939880371094
-36.54050064086914
-36.74140167236328
-36.88130187988281
-37.082298278808594
-37.22200012207031
-37.42340087890625
-37.562198638916016
-37.76340103149414
-37.9015007019043
-38.10279846191406
-38.24100112915039
-38.44340133666992
-38.58110046386719
-30.532699584960938
-30.662399291992188
-30.852500915527344
-30.984600067138672
-31.176700592041016
-31.30940055847168
-31.501100540161133
-31.635000228881836
-31.826499938964844
-31.960599899291992
-32.15140151977539
-32.2859001159668
-32.47700119018555
-32.61180114746094
-32.802398681640625
-32.937198638916016
-33.12779998779297
-33.26359939575195
-33.45690155029297
-33.595298767089844
-33.790401458740234
-33.92900085449219
-34.125
-34.26449966430664
-34.46070098876953
-34.600101470947266
-34.79650115966797
-34.93560028076172
-35.13140106201172
-35.27050018310547
-35.466800689697266
-35.60609817504883
-35.802398681640625
-35.941001892089844
-36.13930130004883
-36.279598236083984
-36.480201721191406
-36.619998931884766
-36.8203010559082
-36.95949935913086
-37.160301208496094
-37.29890060424805
-37.4994010925293
-37.637298583984375
-37.83810043334961
-37.975799560546875
-38.17729949951172
-38.31480026245117
-38.51639938354492
-38.65290069580078
-30.4153995513916
-30.603900909423828
-30.73390007019043
-30.92460060119629
-31.05739974975586
-31.250200271606445
-31.383899688720703
-31.57699966430664
-31.710899353027344
-31.903099060058594
-32.036598205566406
-32.22869873046875
-32.36289978027344
-32.554901123046875
-32.68939971923828
-32.88119888305664
-33.01599884033203
-33.207801818847656
-33.34280014038086
-33.53689956665039
-33.67499923706055
-33.872100830078125
-34.01020050048828
-34.206600189208984
-34.34510040283203
-34.542301177978516
-34.68130111694336
-34.87820053100586
-35.01649856567383
-35.21310043334961
-35.35169982910156
-35.548500061035156
-35.6864013671875
-35.8827018737793
-36.020599365234375
-36.219200134277344
-36.35879898071289
-36.558998107910156
-36.69770050048828
-36.89799880981445
-37.03620147705078
-37.23640060424805
-37.37369918823242
-37.574100494384766
-37.71120071411133
-37.9119987487793
-38.04869842529297
-38.25
-38.38589859008789
-38.58729934692383
-38.7234001159668
-30.355499267578125
-30.484899520874023
-30.674699783325195
-30.80459976196289
-30.996700286865234
-31.128999710083008
-31.323400497436523
-31.45639991760254
-31.650699615478516
-31.78380012512207
-31.977500915527344
-32.111000061035156
-32.30419921875
-32.4379997253418
-32.631099700927734
-32.76539993286133
-32.95859909057617
-33.092899322509766
-33.285301208496094
-33.41999816894531
-33.6156005859375
-33.753299713134766
-33.950801849365234
-34.08869934082031
-34.286598205566406
-34.42470169067383
-34.62220001220703
-34.76070022583008
-34.958099365234375
-35.09590148925781
-35.29280090332031
-35.430999755859375
-35.62770080566406
-35.765201568603516
-35.96179962158203
-36.098899841308594
-36.297298431396484
-36.435298919677734
-36.63560104370117
-36.77330017089844
-36.97370147705078
-37.11050033569336
-37.31050109863281
-37.44660186767578
-37.64699935913086
-37.78310012817383
-37.9838981628418
-38.11989974975586
-38.320701599121094
-38.45650100708008
-38.657798767089844
-38.793701171875
-30.234100341796875
-30.424100875854492
-30.55340003967285
-30.74410057067871
-30.874000549316406
-31.0669002532959
-31.198999404907227
-31.394100189208984
-31.52669906616211
-31.722000122070312
-31.85540008544922
-32.05059814453125
-32.18410110473633
-32.37810134887695
-32.511600494384766
-32.7056999206543
-32.839698791503906
-33.033599853515625
-33.16790008544922
-33.36180114746094
-33.49639892578125
-33.692298889160156
-33.82979965209961
-34.02870178222656
-34.16669845581055
-34.364898681640625
-34.50230026245117
-34.70069885253906
-34.838600158691406
-35.036399841308594
-35.17380142211914
-35.37139892578125
-35.5088005065918
-35.70589828491211
-35.84230041503906
-36.03879928588867
-36.174800872802734
-36.37300109863281
-36.51029968261719
-36.71030044555664
-36.84700012207031
-37.04690170288086
-37.182899475097656
-37.3827018737793
-37.517799377441406
-37.71780014038086
-37.85319900512695
-38.054500579833984
-38.18989944458008
-38.39120101928711
-38.5265007019043
-38.727699279785156
-38.86240005493164
-30.17300033569336
-30.302000045776367
-30.492399215698242
-30.621599197387695
-30.8125
-30.94260025024414
-31.136199951171875
-31.268600463867188
-31.463899612426758
-31.596799850463867
-31.79290008544922
-31.926300048828125
-32.12220001220703
-32.25519943237305
-32.45050048828125
-32.58399963378906
-32.77899932861328
-32.912899017333984
-33.1078987121582
-33.24190139770508
-33.436500549316406
-33.570701599121094
-33.76810073852539
-33.905399322509766
-34.105098724365234
-34.24209976196289
-34.44110107421875
-34.578399658203125
-34.77750015258789
-34.91450119018555
-35.112998962402344
-35.249698638916016
-35.447898864746094
-35.58409881591797
-35.78129959106445
-35.91709899902344
-36.11410140991211
-36.249000549316406
-36.44710159301758
-36.58340072631836
-36.78329849243164
-36.91910171508789
-37.11880111694336
-37.25400161743164
-37.45320129394531
-37.58720016479492
-37.78730010986328
-37.922401428222656
-38.12379837036133
-38.25830078125
-38.459800720214844
-38.59370040893555
-38.79520034790039
-38.92900085449219
-30.050399780273438
-30.2406005859375
-30.369699478149414
-30.560400009155273
-30.689599990844727
-30.88089942932129
-31.01129913330078
-31.205299377441406
-31.337499618530273
-31.533599853515625
-31.6658992767334
-31.86240005493164
-31.9950008392334
-32.19179916381836
-32.324798583984375
-32.52159881591797
-32.65489959716797
-32.851200103759766
-32.98460006713867
-33.180301666259766
-33.31420135498047
-33.5099983215332
-33.64390182495117
-33.84199905395508
-33.97890090942383
-34.17940139770508
-34.31610107421875
-34.5161018371582
-34.65299987792969
-34.852298736572266
-34.98860168457031
-35.187599182128906
-35.323699951171875
-35.52199935913086
-35.65769958496094
-35.855499267578125
-35.990501403808594
-36.1870002746582
-36.32099914550781
-36.5192985534668
-36.654598236083984
-36.854400634765625
-36.98899841308594
-37.18880081176758
-37.322898864746094
-37.522098541259766
-37.65549850463867
-37.8557014465332
-37.98979949951172
-38.191001892089844
-38.324501037597656
-38.52579879760742
-38.65919876098633
-38.86090087890625
-38.99449920654297
-29.98979949951172
-30.11870002746582
-30.308399200439453
-30.43790054321289
-30.628400802612305
-30.75790023803711
-30.949499130249023
-31.079500198364258
-31.273500442504883
-31.405399322509766
-31.6018009185791
-31.73390007019043
-31.930599212646484
-32.06370162963867
-32.26100158691406
-32.39459991455078
-32.59170150756836
-32.725399017333984
-32.922000885009766
-33.055999755859375
-33.252498626708984
-33.38669967651367
-33.582298278808594
-33.716400146484375
-33.91490173339844
-34.052101135253906
-34.252899169921875
-34.389400482177734
-34.589599609375
-34.72600173950195
-34.92570114135742
-35.062198638916016
-35.261199951171875
-35.39739990234375
-35.59560012817383
-35.73099899291992
-35.928001403808594
-36.0625
-36.2588996887207
-36.3927001953125
-36.5900993347168
-36.724700927734375
-36.92369842529297
-37.058101654052734
-37.25740051269531
-37.39070129394531
-37.589500427246094
-37.72200012207031
-37.92210006713867
-38.05509948730469
-38.25630187988281
-38.38909912109375
-38.5906982421875
-38.722801208496094
-38.924800872802734
-39.056800842285156
-29.870100021362305
-30.058500289916992
-30.186899185180664
-30.37649917602539
-30.505699157714844
-30.69659996032715
-30.826099395751953
-31.017499923706055
-31.1471004486084
-31.341100692749023
-31.473400115966797
-31.66990089416504
-31.802600860595703
-31.99959945678711
-32.1327018737793
-32.33039855957031
-32.463199615478516
-32.66120147705078
-32.79439926147461
-32.992698669433594
-33.1260986328125
-33.32360076904297
-33.457298278808594
-33.65439987182617
-33.78799819946289
-33.987098693847656
-34.1234016418457
-34.32500076293945
-34.46139907836914
-34.66230010986328
-34.798500061035156
-34.99879837036133
-35.13479995727539
-35.33440017700195
-35.46969985961914
-35.66809844970703
-35.8026008605957
-35.999900817871094
-36.1338996887207
-36.330299377441406
-36.4630012512207
-36.65999984741211
-36.79349899291992
-36.99250030517578
-37.12580108642578
-37.32460021972656
-37.4567985534668
-37.655399322509766
-37.78730010986328
-37.986900329589844
-38.118900299072266
-38.31999969482422
-38.45199966430664
-38.653099060058594
-38.7843017578125
-38.98590087890625
-39.11750030517578
-29.810199737548828
-29.938499450683594
-30.126800537109375
-30.25550079345703
-30.444700241088867
-30.573699951171875
-30.76420021057129
-30.893800735473633
-31.08530044555664
-31.214799880981445
-31.408899307250977
-31.5408992767334
-31.738100051879883
-31.870100021362305
-32.06769943237305
-32.200199127197266
-32.398101806640625
-32.530799865722656
-32.72919845581055
-32.86259841918945
-33.06119918823242
-33.194801330566406
-33.3932991027832
-33.52669906616211
-33.724300384521484
-33.857398986816406
-34.057498931884766
-34.19390106201172
-34.396400451660156
-34.532501220703125
-34.7338981628418
-34.86949920654297
-35.070098876953125
-35.20539855957031
-35.40530014038086
-35.53990173339844
-35.738800048828125
-35.872100830078125
-36.069801330566406
-36.20220184326172
-36.39899826049805
-36.53049850463867
-36.72800064086914
-36.86069869995117
-37.05950164794922
-37.19179916381836
-37.39030075073242
-37.52149963378906
-37.71979904174805
-37.850799560546875
-38.05030059814453
-38.181400299072266
-38.38199996948242
-38.51279830932617
-38.71390151977539
-38.844200134277344
-39.046199798583984
-39.176300048828125
-29.690200805664062
-29.878700256347656
-30.00670051574707
-30.195199966430664
-30.323200225830078
-30.512500762939453
-30.64109992980957
-30.831899642944336
-30.96109962463379
-31.15250015258789
-31.281600952148438
-31.475900650024414
-31.607799530029297
-31.804800033569336
-31.93709945678711
-32.1348991394043
-32.2672004699707
-32.4651985168457
-32.59769821166992
-32.79669952392578
-32.9297981262207
-33.12919998168945
-33.26219940185547
-33.46120071411133
-33.59410095214844
-33.792701721191406
-33.92559814453125
-34.126800537109375
-34.262001037597656
-34.465301513671875
-34.60029983520508
-34.8031005859375
-34.937801361083984
-35.139400482177734
-35.273799896240234
-35.47439956665039
-35.60810089111328
-35.80690002441406
-35.93960189819336
-36.13710021972656
-36.26900100708008
-36.465599060058594
-36.59640121459961
-36.79410171508789
-36.92580032348633
-37.124698638916016
-37.25600051879883
-37.454200744628906
-37.584800720214844
-37.78300094604492
-37.91339874267578
-38.112300872802734
-38.24259948730469
-38.442501068115234
-38.5723991394043
-38.77299880981445
-38.90290069580078
-39.10409927368164
-39.233699798583984
-29.629199981689453
-29.756000518798828
-29.945100784301758
-30.072099685668945
-30.26180076599121
-30.38920021057129
-30.579299926757812
-30.707300186157227
-30.898300170898438
-31.026899337768555
-31.218799591064453
-31.34779930114746
-31.542400360107422
-31.673599243164062
-31.871299743652344
-32.00239944458008
-32.20050048828125
-32.33150100708008
-32.53070068359375
-32.66210174560547
-32.86220169067383
-32.993900299072266
-33.19449996948242
-33.325801849365234
-33.52640151977539
-33.65739822387695
-33.858001708984375
-33.98899841308594
-34.19169998168945
-34.32529830932617
-34.530601501464844
-34.665000915527344
-34.86940002441406
-35.00299835205078
-35.20589828491211
-35.339298248291016
-35.54100036621094
-35.67340087890625
-35.873199462890625
-36.005001068115234
-36.20330047607422
-36.33399963378906
-36.530601501464844
-36.6609001159668
-36.85850143432617
-36.98979949951172
-37.18830108642578
-37.31880187988281
-37.5171012878418
-37.64670181274414
-37.84479904174805
-37.97420120239258
-38.173099517822266
-38.302799224853516
-38.50230026245117
-38.63159942626953
-38.831600189208984
-38.96049880981445
-39.161399841308594
-39.29010009765625
-29.692899703979492
-29.81909942626953
-30.009199142456055
-30.13610076904297
-30.326400756835938
-30.45330047607422
-30.644100189208984
-30.7716007232666
-30.96339988708496
-31.09160041809082
-31.284099578857422
-31.412900924682617
-31.607799530029297
-31.73859977722168
-31.93549919128418
-32.06589889526367
-32.26369857788086
-32.39440155029297
-32.59360122680664
-32.724098205566406
-32.92430114746094
-33.054901123046875
-33.25590133666992
-33.386199951171875
-33.58720016479492
-33.71770095825195
-33.918800354003906
-34.049198150634766
-34.25299835205078
-34.38650131225586
-34.59320068359375
-34.72679901123047
-34.93220138549805
-35.06520080566406
-35.26940155029297
-35.402198791503906
-35.60449981689453
-35.73619842529297
-35.9370002746582
-36.068199157714844
-36.266998291015625
-36.39670181274414
-36.594200134277344
-36.72330093383789
-36.9213981628418
-37.05120086669922
-37.250099182128906
-37.379600524902344
-37.57789993286133
-37.70640182495117
-37.904598236083984
-38.03310012817383
-38.232398986816406
-38.360801696777344
-38.56060028076172
-38.68830108642578
-38.888301849365234
-39.0161018371582
-39.21699905395508
-39.344600677490234
-29.56290054321289
-29.754600524902344
-29.880300521850586
-30.071699142456055
-30.197799682617188
-30.38909912109375
-30.515600204467773
-30.707199096679688
-30.834299087524414
-31.026899337768555
-31.154600143432617
-31.348100662231445
-31.47599983215332
-31.671499252319336
-31.800899505615234
-31.998300552368164
-32.127899169921875
-32.32609939575195
-32.456199645996094
-32.654998779296875
-32.78499984741211
-32.984798431396484
-33.114498138427734
-33.315101623535156
-33.444400787353516
-33.645999908447266
-33.77539825439453
-33.977500915527344
-34.1068000793457
-34.31209945678711
-34.444698333740234
-34.6526985168457
-34.7849006652832
-34.99209976196289
-35.1239013671875
-35.32979965209961
-35.46099853515625
-35.665199279785156
-35.795501708984375
-35.99769973754883
-36.12689971923828
-36.32709884643555
-36.455299377441406
-36.65409851074219
-36.78129959106445
-36.98040008544922
-37.1088981628418
-37.309200286865234
-37.43669891357422
-37.63570022583008
-37.763099670410156
-37.96229934692383
-38.08940124511719
-38.28860092163086
-38.41569900512695
-38.6156005859375
-38.742401123046875
-38.942901611328125
-39.06990051269531
-39.27069854736328
-39.39780044555664
-29.495500564575195
-29.6205997467041
-29.81369972229004
-29.93910026550293
-30.131799697875977
-30.25749969482422
-30.450000762939453
-30.576099395751953
-30.768800735473633
-30.895700454711914
-31.088899612426758
-31.216100692749023
-31.409700393676758
-31.537099838256836
-31.732799530029297
-31.86199951171875
-32.05970001220703
-32.18880081176758
-32.38710021972656
-32.51620101928711
-32.715301513671875
-32.84379959106445
-33.04330062866211
-33.1713981628418
-33.372100830078125
-33.500301361083984
-33.70199966430664
-33.8302001953125
-34.03300094604492
-34.16130065917969
-34.367698669433594
-34.4989013671875
-34.70819854736328
-34.839298248291016
-35.04790115356445
-35.1786003112793
-35.385799407958984
-35.51599884033203
-35.721500396728516
-35.850399017333984
-36.0536003112793
-36.181400299072266
-36.38290023803711
-36.509498596191406
-36.70930099487305
-36.83449935913086
-37.035099029541016
-37.16170120239258
-37.362998962402344
-37.48870086669922
-37.68980026245117
-37.81589889526367
-38.01620101928711
-38.14120101928711
-38.34149932861328
-38.46760177612305
-38.668701171875
-38.7953987121582
-38.99620056152344
-39.122798919677734
-39.323699951171875
-39.450801849365234
-29.35849952697754
-29.55229949951172
-29.678300857543945
-29.87190055847168
-29.99799919128418
-30.190900802612305
-30.31760025024414
-30.510299682617188
-30.637399673461914
-30.829999923706055
-30.957199096679688
-31.149999618530273
-31.277599334716797
-31.471099853515625
-31.59910011291504
-31.79439926147461
-31.9237003326416
-32.12049865722656
-32.2494010925293
-32.4468994140625
-32.575401306152344
-32.77330017089844
-32.90140151977539
-33.099998474121094
-33.22809982299805
-33.42770004272461
-33.55590057373047
-33.75669860839844
-33.885101318359375
-34.08700180053711
-34.21580123901367
-34.4213981628418
-34.55339813232422
-34.76210021972656
-34.89400100708008
-35.101898193359375
-35.2328987121582
-35.439701080322266
-35.56990051269531
-35.77510070800781
-35.90420150756836
-36.1072998046875
-36.23500061035156
-36.435699462890625
-36.5625
-36.761600494384766
-36.88740158081055
-37.08679962158203
-37.21440124511719
-37.414798736572266
-37.541500091552734
-37.74129867553711
-37.868099212646484
-38.06760025024414
-38.19419860839844
-38.39390182495117
-38.52149963378906
-38.721900939941406
-38.8489990234375
-39.04909896850586
-39.17580032348633
-39.3765983581543
-39.50400161743164
-29.29010009765625
-29.415800094604492
-29.610200881958008
-29.7362003326416
-29.930400848388672
-30.056499481201172
-30.250699996948242
-30.376800537109375
-30.57080078125
-30.696699142456055
-30.890499114990234
-31.01689910888672
-31.211299896240234
-31.338199615478516
-31.53260040283203
-31.65959930419922
-31.855499267578125
-31.983600616455078
-32.18069839477539
-32.30849838256836
-32.505699157714844
-32.632999420166016
-32.8307991027832
-32.95800018310547
-33.156700134277344
-33.28369903564453
-33.4833984375
-33.61069869995117
-33.81169891357422
-33.93949890136719
-34.141700744628906
-34.26969909667969
-34.475799560546875
-34.6067008972168
-34.816200256347656
-34.946800231933594
-35.155601501464844
-35.285301208496094
-35.492698669433594
-35.621498107910156
-35.82780075073242
-35.9552001953125
-36.1593017578125
-36.285099029541016
-36.48749923706055
-36.61320114135742
-36.81399917602539
-36.93830108642578
-37.13930130004883
-37.265201568603516
-37.46689987182617
-37.592201232910156
-37.79359817504883
-37.919498443603516
-38.12049865722656
-38.246299743652344
-38.4474983215332
-38.573699951171875
-38.77470016479492
-38.900901794433594
-39.10179901123047
-39.22829818725586
-39.42959976196289
-39.55619812011719
-29.15369987487793
-29.346900939941406
-29.472000122070312
-29.666900634765625
-29.792600631713867
-29.98780059814453
-30.113399505615234
-30.3080997467041
-30.433900833129883
-30.628599166870117
-30.7544002532959
-30.949100494384766
-31.075300216674805
-31.270099639892578
-31.396299362182617
-31.591400146484375
-31.71769905090332
-31.913999557495117
-32.04079818725586
-32.23809814453125
-32.36410140991211
-32.561798095703125
-32.687599182128906
-32.88610076904297
-33.01179885864258
-33.21080017089844
-33.33660125732422
-33.53689956665039
-33.66310119628906
-33.86479949951172
-33.99140167236328
-34.19409942626953
-34.32109832763672
-34.52750015258789
-34.657100677490234
-34.86690139770508
-34.99599838256836
-35.20560073852539
-35.33330154418945
-35.54180145263672
-35.66849899291992
-35.8755989074707
-36.000999450683594
-36.20640182495117
-36.33100128173828
-36.535301208496094
-36.65909957885742
-36.86140060424805
-36.984100341796875
-37.1869010925293
-37.31159973144531
-37.51530075073242
-37.63959884643555
-37.84239959716797
-37.96699905395508
-38.169898986816406
-38.294700622558594
-38.49729919433594
-38.62269973754883
-38.825199127197266
-38.95069885253906
-39.15290069580078
-39.27880096435547
-39.4807014465332
-39.606300354003906
-29.085899353027344
-29.209199905395508
-29.402099609375
-29.526899337768555
-29.72249984741211
-29.84760093688965
-30.04330062866211
-30.167999267578125
-30.36400032043457
-30.489299774169922
-30.685100555419922
-30.810100555419922
-31.005699157714844
-31.130699157714844
-31.326499938964844
-31.451499938964844
-31.647600173950195
-31.772199630737305
-31.969100952148438
-32.09400177001953
-32.29169845581055
-32.416500091552734
-32.61470031738281
-32.739200592041016
-32.93790054321289
-33.06230163574219
-33.262001037597656
-33.38690185546875
-33.58769989013672
-33.713199615478516
-33.915199279785156
-34.041099548339844
-34.244300842285156
-34.37009811401367
-34.576499938964844
-34.7046012878418
-34.91429901123047
-35.04159927368164
-35.2510986328125
-35.37710189819336
-35.58610153198242
-35.71110153198242
-35.91889953613281
-36.04280090332031
-36.2495002746582
-36.372398376464844
-36.577701568603516
-36.69990158081055
-36.90399932861328
-37.0260009765625
-37.23080062866211
-37.35419845581055
-37.55939865112305
-37.682701110839844
-37.88740158081055
-38.01179885864258
-38.21620178222656
-38.340999603271484
-38.5447998046875
-38.669498443603516
-38.87300109863281
-38.99789810180664
-39.20159912109375
-39.32699966430664
-39.52980041503906
-39.65480041503906
-28.948999404907227
-29.140499114990234
-29.262399673461914
-29.455900192260742
-29.579999923706055
-29.776199340820312
-29.900400161743164
-30.096599578857422
-30.221200942993164
-30.41790008544922
-30.542499542236328
-30.73900032043457
-30.863399505615234
-31.059600830078125
-31.183799743652344
-31.3799991607666
-31.503999710083008
-31.700199127197266
-31.823400497436523
-32.02040100097656
-32.14419937133789
-32.342498779296875
-32.46609878540039
-32.66460037231445
-32.787498474121094
-32.98659896850586
-33.109901428222656
-33.31050109863281
-33.43429946899414
-33.636199951171875
-33.760501861572266
-33.963401794433594
-34.0880012512207
-34.29159927368164
-34.41569900512695
-34.62229919433594
-34.74829864501953
-34.95790100097656
-35.08290100097656
-35.292701721191406
-35.41699981689453
-35.62649917602539
-35.74959945678711
-35.958099365234375
-36.0806999206543
-36.28820037841797
-36.41019821166992
-36.616600036621094
-36.73820114135742
-36.94350051879883
-37.065101623535156
-37.27109909057617
-37.39419937133789
-37.60060119628906
-37.724098205566406
-37.93050003051758
-38.054298400878906
-38.26029968261719
-38.38420104980469
-38.589500427246094
-38.713600158691406
-38.91859817504883
-39.04309844970703
-39.247798919677734
-39.37220001220703
-39.57640075683594
-39.70090103149414
-28.87929916381836
-29.000600814819336
-29.19219970703125
-29.313400268554688
-29.507699966430664
-29.631099700927734
-29.827699661254883
-29.951400756835938
-30.148700714111328
-30.2726993560791
-30.46980094909668
-30.593599319458008
-30.790700912475586
-30.914499282836914
-31.111400604248047
-31.234899520874023
-31.431299209594727
-31.554399490356445
-31.75040054321289
-31.872800827026367
-32.06959915161133
-32.192100524902344
-32.39030075073242
-32.51259994506836
-32.71139907836914
-32.83369827270508
-33.03310012817383
-33.155799865722656
-33.35639953613281
-33.479698181152344
-33.68190002441406
-33.805198669433594
-34.00849914550781
-34.13159942626953
-34.33539962768555
-34.458099365234375
-34.66450119018555
-34.789100646972656
-34.99789810180664
-35.121299743652344
-35.33060073852539
-35.45320129394531
-35.662601470947266
-35.784400939941406
-35.993900299072266
-36.115699768066406
-36.324501037597656
-36.44609832763672
-36.653499603271484
-36.77479934692383
-36.981201171875
-37.102901458740234
-37.310001373291016
-37.43259811401367
-37.64030075073242
-37.763301849365234
-37.97079849243164
-38.09410095214844
-38.30139923095703
-38.42509841918945
-38.63199996948242
-38.75590133666992
-38.96200180053711
-39.08580017089844
-39.29140090942383
-39.41559982299805
-39.62089920043945
-39.74530029296875
-28.73579978942871
-28.92889976501465
-29.048900604248047
-29.24180030822754
-29.36240005493164
-29.55739974975586
-29.679899215698242
-29.877399444580078
-30.00040054321289
-30.19849967956543
-30.321800231933594
-30.519800186157227
-30.643400192260742
-30.840900421142578
-30.964000701904297
-31.161100387573242
-31.283599853515625
-31.480499267578125
-31.60219955444336
-31.798500061035156
-31.91990089416504
-32.11669921875
-32.238399505615234
-32.43619918823242
-32.557701110839844
-32.756500244140625
-32.878299713134766
-33.07820129394531
-33.199798583984375
-33.400699615478516
-33.522701263427734
-33.724998474121094
-33.846500396728516
-34.04990005493164
-34.17129898071289
-34.37580108642578
-34.497100830078125
-34.70399856567383
-34.82659912109375
-35.035099029541016
-35.157100677490234
-35.36579895019531
-35.487701416015625
-35.696800231933594
-35.818599700927734
-36.02790069580078
-36.14910125732422
-36.35850143432617
-36.47959899902344
-36.688499450683594
-36.80929946899414
-37.01729965209961
-37.13859939575195
-37.3468017578125
-37.469398498535156
-37.678199768066406
-37.80120086669922
-38.009498596191406
-38.1327018737793
-38.34109878540039
-38.464698791503906
-38.67259979248047
-38.79610061645508
-39.00320053100586
-39.12670135498047
-39.33359909057617
-39.45750045776367
-39.66379928588867
-39.78799819946289
-28.661399841308594
-28.77989959716797
-28.97439956665039
-29.093599319458008
-29.288700103759766
-29.407899856567383
-29.60420036315918
-29.726299285888672
-29.924999237060547
-30.04759979248047
-30.246400833129883
-30.36910057067871
-30.568099975585938
-30.69029998779297
-30.888700485229492
-31.010799407958984
-31.208599090576172
-31.33060073852539
-31.52720069885254
-31.648399353027344
-31.84469985961914
-31.96540069580078
-32.16230010986328
-32.28329849243164
-32.48099899291992
-32.60179901123047
-32.80030059814453
-32.92190170288086
-33.12139892578125
-33.2422981262207
-33.44279861450195
-33.5635986328125
-33.765098571777344
-33.88570022583008
-34.088600158691406
-34.20940017700195
-34.41339874267578
-34.53379821777344
-34.7401008605957
-34.86130142211914
-35.069801330566406
-35.190799713134766
-35.400001525878906
-35.52069854736328
-35.730201721191406
-35.85100173950195
-36.06050109863281
-36.18149948120117
-36.3911018371582
-36.51250076293945
-36.72169876098633
-36.843299865722656
-37.052101135253906
-37.17390060424805
-37.382999420166016
-37.506099700927734
-37.71549987792969
-37.83879852294922
-38.04779815673828
-38.17129898071289
-38.37990188598633
-38.503501892089844
-38.71179962158203
-38.835201263427734
-39.042999267578125
-39.16640090942383
-39.374000549316406
-39.49810028076172
-39.7056999206543
-39.8302001953125
-28.511699676513672
-28.704999923706055
-28.825000762939453
-29.019100189208984
-29.139999389648438
-29.333799362182617
-29.45490074157715
-29.651199340820312
-29.775100708007812
-29.97279930114746
-30.09670066833496
-30.294200897216797
-30.418100357055664
-30.61520004272461
-30.73889923095703
-30.936100006103516
-31.059999465942383
-31.25659942626953
-31.37969970703125
-31.574800491333008
-31.697599411010742
-31.89189910888672
-32.01430130004883
-32.20880126953125
-32.331600189208984
-32.527000427246094
-32.64950180053711
-32.84590148925781
-32.96879959106445
-33.16569900512695
-33.287899017333984
-33.48540115356445
-33.60749816894531
-33.806400299072266
-33.92850112915039
-34.128501892089844
-34.250301361083984
-34.451499938964844
-34.572898864746094
-34.7765007019043
-34.89870071411133
-35.10459899902344
-35.22650146484375
-35.43339920043945
-35.55459976196289
-35.762699127197266
-35.88410186767578
-36.093299865722656
-36.214900970458984
-36.424400329589844
-36.5458984375
-36.75550079345703
-36.877498626708984
-37.087100982666016
-37.20940017700195
-37.4192008972168
-37.54249954223633
-37.75270080566406
-37.87590026855469
-38.085601806640625
-38.208900451660156
-38.41830062866211
-38.542301177978516
-38.75090026855469
-38.875099182128906
-39.082801818847656
-39.20690155029297
-39.41460037231445
-39.53929901123047
-39.74720001220703
-39.87200164794922
-28.437000274658203
-28.55620002746582
-28.75079917907715
-28.87030029296875
-29.06529998779297
-29.185300827026367
-29.381099700927734
-29.50160026550293
-29.699399948120117
-29.82159996032715
-30.02120018005371
-30.143800735473633
-30.34320068359375
-30.465900421142578
-30.664400100708008
-30.78700065612793
-30.98539924621582
-31.107999801635742
-31.305700302124023
-31.42770004272461
-31.62459945678711
-31.746200561523438
-31.941699981689453
-32.062599182128906
-32.25809860229492
-32.37969970703125
-32.57590103149414
-32.69729995727539
-32.89390182495117
-33.01559829711914
-33.21269989013672
-33.33369827270508
-33.53110122680664
-33.65169906616211
-33.85020065307617
-33.97079849243164
-34.17070007324219
-34.291099548339844
-34.49209976196289
-34.61259841918945
-34.81570053100586
-34.936500549316406
-35.14139938354492
-35.26240158081055
-35.46860122680664
-35.589298248291016
-35.79669952392578
-35.91849899291992
-36.127498626708984
-36.24959945678711
-36.458499908447266
-36.5807991027832
-36.79029846191406
-36.91320037841797
-37.122798919677734
-37.24549865722656
-37.45539855957031
-37.579200744628906
-37.78950119018555
-37.91339874267578
-38.123199462890625
-38.24729919433594
-38.45709991455078
-38.58110046386719
-38.79050064086914
-38.91460037231445
-39.1234016418457
-39.247798919677734
-39.45600128173828
-39.58100128173828
-39.789100646972656
-39.91450119018555
-28.48040008544922
-28.59910011291504
-28.794300079345703
-28.913400650024414
-29.10930061340332
-29.228599548339844
-29.425199508666992
-29.545000076293945
-29.743600845336914
-29.864900588989258
-30.065500259399414
-30.186800003051758
-30.387800216674805
-30.50860023498535
-30.709199905395508
-30.8302001953125
-31.03070068359375
-31.151500701904297
-31.350900650024414
-31.470800399780273
-31.66939926147461
-31.789400100708008
-31.987199783325195
-32.1067008972168
-32.30379867553711
-32.42409896850586
-32.62139892578125
-32.741798400878906
-32.939300537109375
-33.059600830078125
-33.256900787353516
-33.37649917602539
-33.57400131225586
-33.693599700927734
-33.89179992675781
-34.011600494384766
-34.210899353027344
-34.330299377441406
-34.53089904785156
-34.65060043334961
-34.85309982299805
-34.9734001159668
-35.17770004272461
-35.29819869995117
-35.503501892089844
-35.6245002746582
-35.83219909667969
-35.9541015625
-36.162498474121094
-36.284400939941406
-36.49380111694336
-36.6161003112793
-36.82609939575195
-36.94860076904297
-37.15850067138672
-37.281700134277344
-37.49250030517578
-37.616600036621094
-37.82740020751953
-37.95130157470703
-38.1614990234375
-38.2859992980957
-38.49580001831055
-38.62049865722656
-38.829898834228516
-38.95439910888672
-39.16360092163086
-39.288299560546875
-39.49760055541992
-39.62269973754883
-39.83150100708008
-39.95690155029297
-28.327499389648438
-28.522600173950195
-28.641000747680664
-28.83650016784668
-28.955299377441406
-29.151500701904297
-29.270000457763672
-29.466999053955078
-29.585500717163086
-29.784900665283203
-29.904800415039062
-30.10610008239746
-30.225799560546875
-30.427200317382812
-30.547199249267578
-30.749500274658203
-30.86949920654297
-31.070999145507812
-31.19029998779297
-31.39080047607422
-31.50979995727539
-31.70989990234375
-31.828699111938477
-32.027801513671875
-32.14619827270508
-32.345401763916016
-32.464900970458984
-32.66379928588867
-32.78269958496094
-32.98099899291992
-33.099700927734375
-33.29800033569336
-33.417198181152344
-33.61520004272461
-33.73379898071289
-33.93190002441406
-34.05080032348633
-34.249900817871094
-34.368499755859375
-34.568599700927734
-34.68840026855469
-34.89070129394531
-35.01089859008789
-35.2140007019043
-35.33430099487305
-35.53960037231445
-35.6609001159668
-35.867801666259766
-35.98970031738281
-36.197898864746094
-36.319698333740234
-36.52859878540039
-36.651100158691406
-36.86119842529297
-36.98419952392578
-37.194698333740234
-37.31869888305664
-37.52980041503906
-37.65439987182617
-37.86520004272461
-37.989498138427734
-38.20009994506836
-38.32500076293945
-38.535499572753906
-38.660099029541016
-38.869598388671875
-38.99449920654297
-39.20399856567383
-39.329498291015625
-39.53879928588867
-39.66450119018555
-39.87379837036133
-39.999698638916016
-28.25079917907715
-28.369400024414062
-28.56439971923828
-28.6825008392334
-28.877899169921875
-28.996400833129883
-29.19230079650879
-29.31049919128418
-29.50670051574707
-29.624900817871094
-29.823699951171875
-29.943199157714844
-30.143999099731445
-30.26289939880371
-30.464599609375
-30.583599090576172
-30.78619956970215
-30.905000686645508
-31.10770034790039
-31.225900650024414
-31.427600860595703
-31.545400619506836
-31.74650001525879
-31.864599227905273
-32.06520080566406
-32.18330001831055
-32.38370132446289
-32.502498626708984
-32.70249938964844
-32.82099914550781
-33.019901275634766
-33.13819885253906
-33.337100982666016
-33.4556999206543
-33.654300689697266
-33.77190017700195
-33.970401763916016
-34.088600158691406
-34.287601470947266
-34.40589904785156
-34.60660171508789
-34.72610092163086
-34.9281005859375
-35.047698974609375
-35.25080108642578
-35.371498107910156
-35.57630157470703
-35.697601318359375
-35.90409851074219
-36.0265007019043
-36.23400115966797
-36.3567008972168
-36.56489944458008
-36.688499450683594
-36.897701263427734
-37.02149963378906
-37.23189926147461
-37.356300354003906
-37.56760025024414
-37.692298889160156
-37.90340042114258
-38.028499603271484
-38.239498138427734
-38.3650016784668
-38.57509994506836
-38.700801849365234
-38.910701751708984
-39.03630065917969
-39.245399475097656
-39.37080001831055
-39.580501556396484
-39.70610046386719
-39.91600036621094
-40.04169845581055
-28.098100662231445
-28.292999267578125
-28.41119956970215
-28.60569953918457
-28.723499298095703
-28.918800354003906
-29.036800384521484
-29.23259925842285
-29.350200653076172
-29.546300888061523
-29.66360092163086
-29.861799240112305
-29.980300903320312
-30.180599212646484
-30.298900604248047
-30.500200271606445
-30.618600845336914
-30.82080078125
-30.93939971923828
-31.141799926757812
-31.259300231933594
-31.461200714111328
-31.578399658203125
-31.78070068359375
-31.898000717163086
-32.099998474121094
-32.217201232910156
-32.4193000793457
-32.53739929199219
-32.73910140991211
-32.85689926147461
-33.057098388671875
-33.17449951171875
-33.37409973144531
-33.491798400878906
-33.691001892089844
-33.80839920043945
-34.00749969482422
-34.125301361083984
-34.32469940185547
-34.44329833984375
-34.644100189208984
-34.76350021362305
-34.9650993347168
-35.084598541259766
-35.28779983520508
-35.40850067138672
-35.613399505615234
-35.734901428222656
-35.94160079956055
-36.064300537109375
-36.27190017700195
-36.394901275634766
-36.60329818725586
-36.726600646972656
-36.93560028076172
-37.05979919433594
-37.27000045776367
-37.394798278808594
-37.6057014465332
-37.73109817504883
-37.942901611328125
-38.06840133666992
-38.279598236083984
-38.40489959716797
-38.61600112915039
-38.74129867553711
-38.951698303222656
-39.076698303222656
-39.286598205566406
-39.411800384521484
-39.62160110473633
-39.74689865112305
-39.95709991455078
-40.08259963989258
-28.02199935913086
-28.140300750732422
-28.3346004486084
-28.452499389648438
-28.646799087524414
-28.764699935913086
-28.959400177001953
-29.07710075378418
-29.272199630737305
-29.38960075378418
-29.58489990234375
-29.70170021057129
-29.89900016784668
-30.01729965209961
-30.216899871826172
-30.335100173950195
-30.535499572753906
-30.653499603271484
-30.855199813842773
-30.97279930114746
-31.174400329589844
-31.29129981994629
-31.49340057373047
-31.61050033569336
-31.81279945373535
-31.929800033569336
-32.132198333740234
-32.2494010925293
-32.45249938964844
-32.5702018737793
-32.77299880981445
-32.88999938964844
-33.09130096435547
-33.20800018310547
-33.40879821777344
-33.525699615478516
-33.72600173950195
-33.842899322509766
-34.042999267578125
-34.160400390625
-34.36130142211914
-34.479400634765625
-34.68080139160156
-34.79999923706055
-35.002201080322266
-35.12220001220703
-35.32529830932617
-35.4463996887207
-35.651100158691406
-35.773101806640625
-35.97959899902344
-36.102298736572266
-36.309898376464844
-36.432899475097656
-36.64120101928711
-36.764801025390625
-36.97439956665039
-37.098899841308594
-37.308998107910156
-37.433799743652344
-37.64500045776367
-37.77080154418945
-37.982398986816406
-38.10810089111328
-38.319400787353516
-38.44499969482422
-38.655799865722656
-38.78150177001953
-38.992000579833984
-39.1172981262207
-39.32720184326172
-39.45220184326172
-39.66210174560547
-39.787200927734375
-39.997501373291016
-40.122398376464844
-27.86910057067871
-28.063499450683594
-28.18090057373047
-28.375600814819336
-28.492599487304688
-28.687299728393555
-28.803800582885742
-28.998899459838867
-29.11520004272461
-29.310800552368164
-29.426700592041016
-29.622400283813477
-29.738500595092773
-29.936100006103516
-30.05340003967285
-30.25279998779297
-30.37030029296875
-30.570600509643555
-30.687599182128906
-30.888099670410156
-31.0049991607666
-31.206499099731445
-31.323200225830078
-31.525100708007812
-31.641599655151367
-31.843900680541992
-31.960399627685547
-32.163299560546875
-32.27989959716797
-32.48360061645508
-32.599998474121094
-32.80350112915039
-32.919498443603516
-33.12260055541992
-33.23910140991211
-33.44129943847656
-33.55730056762695
-33.75859832763672
-33.8755989074707
-34.077301025390625
-34.194801330566406
-34.395999908447266
-34.51430130004883
-34.716800689697266
-34.83620071411133
-35.03950119018555
-35.15950012207031
-35.363399505615234
-35.484500885009766
-35.68949890136719
-35.8114013671875
-36.0177001953125
-36.14059829711914
-36.348201751708984
-36.471500396728516
-36.679901123046875
-36.80419921875
-37.01359939575195
-37.13840103149414
-37.3484992980957
-37.47380065917969
-37.68479919433594
-37.810699462890625
-38.022300720214844
-38.14789962768555
-38.35929870605469
-38.48460006713867
-38.69599914550781
-38.8213005065918
-39.032100677490234
-39.156700134277344
-39.36690139770508
-39.492000579833984
-39.70240020751953
-39.826900482177734
-40.03670120239258
-40.1609992980957
-27.793699264526367
-27.912099838256836
-28.104900360107422
-28.222900390625
-28.4158992767334
-28.533100128173828
-28.726200103759766
-28.8435001373291
-29.037399291992188
-29.154800415039062
-29.348499298095703
-29.46540069580078
-29.65959930419922
-29.776399612426758
-29.972400665283203
-30.090900421142578
-30.2893009185791
-30.407800674438477
-30.60580062866211
-30.723600387573242
-30.922300338745117
-31.040199279785156
-31.239500045776367
-31.356800079345703
-31.55699920654297
-31.673900604248047
-31.874900817871094
-31.99139976501465
-32.19340133666992
-32.30979919433594
-32.512699127197266
-32.62929916381836
-32.83259963989258
-32.949100494384766
-33.152400970458984
-33.268699645996094
-33.47140121459961
-33.587799072265625
-33.79069900512695
-33.90760040283203
-34.11009979248047
-34.22740173339844
-34.430301666259766
-34.548500061035156
-34.75189971923828
-34.87120056152344
-35.07550048828125
-35.195499420166016
-35.4005012512207
-35.52080154418945
-35.72669982910156
-35.84769821166992
-36.05540084838867
-36.1776008605957
-36.386199951171875
-36.50899887084961
-36.71870040893555
-36.842498779296875
-37.052799224853516
-37.177101135253906
-37.38800048828125
-37.51319885253906
-37.72480010986328
-37.850101470947266
-38.06159973144531
-38.1870002746582
-38.398399353027344
-38.52370071411133
-38.73509979248047
-38.86029815673828
-39.07109832763672
-39.19580078125
-39.40639877319336
-39.53110122680664
-39.7411994934082
-39.8656005859375
-40.07550048828125
-40.200401306152344
-27.644100189208984
-27.837099075317383
-27.954200744628906
-28.147199630737305
-28.263900756835938
-28.45680046081543
-28.572900772094727
-28.766599655151367
-28.882999420166016
-29.07740020751953
-29.19379997253418
-29.38800048828125
-29.503999710083008
-29.69809913635254
-29.814199447631836
-30.010900497436523
-30.128400802612305
-30.326900482177734
-30.44420051574707
-30.642900466918945
-30.760099411010742
-30.95870018005371
-31.075599670410156
-31.27429962158203
-31.390600204467773
-31.59000015258789
-31.705900192260742
-31.906299591064453
-32.022300720214844
-32.22380065917969
-32.339698791503906
-32.542301177978516
-32.658599853515625
-32.86199951171875
-32.97819900512695
-33.18159866333008
-33.29779815673828
-33.50130081176758
-33.617698669433594
-33.82109832763672
-33.93790054321289
-34.141700744628906
-34.2593994140625
-34.46329879760742
-34.58190155029297
-34.786399841308594
-34.90610122680664
-35.110801696777344
-35.230499267578125
-35.43550109863281
-35.55619812011719
-35.76259994506836
-35.884498596191406
-36.091800689697266
-36.214298248291016
-36.42300033569336
-36.54650115966797
-36.75630187988281
-36.88029861450195
-37.09080123901367
-37.21580123901367
-37.42720031738281
-37.5526008605957
-37.76390075683594
-37.88949966430664
-38.10100173950195
-38.22650146484375
-38.437599182128906
-38.56269836425781
-38.77399826049805
-38.89860153198242
-39.10960006713867
-39.23360061645508
-39.44449996948242
-39.568599700927734
-39.779598236083984
-39.90380096435547
-40.11470031738281
-40.23889923095703
-27.568099975585938
-27.684499740600586
-27.877599716186523
-27.99370002746582
-28.186899185180664
-28.302499771118164
-28.49570083618164
-28.61079978942871
-28.804500579833984
-28.919700622558594
-29.114599227905273
-29.229700088500977
-29.42490005493164
-29.539600372314453
-29.734899520874023
-29.850200653076172
-30.047000885009766
-30.16390037536621
-30.362600326538086
-30.479700088500977
-30.678499221801758
-30.79520034790039
-30.993600845336914
-31.109500885009766
-31.30769920349121
-31.423500061035156
-31.622299194335938
-31.73819923400879
-31.93779945373535
-32.05339813232422
-32.25379943847656
-32.36949920654297
-32.57160186767578
-32.68790054321289
-32.89099884033203
-33.006900787353516
-33.21030044555664
-33.326698303222656
-33.53049850463867
-33.647499084472656
-33.85139846801758
-33.96910095214844
-34.173301696777344
-34.29169845581055
-34.496299743652344
-34.61520004272461
-34.82040023803711
-34.940101623535156
-35.14540100097656
-35.265499114990234
-35.47140121459961
-35.592899322509766
-35.79949951171875
-35.92169952392578
-36.12919998168945
-36.25239944458008
-36.46099853515625
-36.58530044555664
-36.794700622558594
-36.91910171508789
-37.129600524902344
-37.25490188598633
-37.466400146484375
-37.59149932861328
-37.80329895019531
-37.928199768066406
-38.139801025390625
-38.26449966430664
-38.476200103759766
-38.60110092163086
-38.81209945678711
-38.936500549316406
-39.14699935913086
-39.27109909057617
-39.4818000793457
-39.605899810791016
-39.81679916381836
-39.94070053100586
-40.15190124511719
-40.2755012512207
-27.414199829101562
-27.60689926147461
-27.721799850463867
-27.91550064086914
-28.030399322509766
-28.224300384521484
-28.338899612426758
-28.53219985961914
-28.646699905395508
-28.840499877929688
-28.9552001953125
-29.149599075317383
-29.26420021057129
-29.4591007232666
-29.573999404907227
-29.769800186157227
-29.88479995727539
-30.082000732421875
-30.198400497436523
-30.397300720214844
-30.513399124145508
-30.712400436401367
-30.82830047607422
-31.027000427246094
-31.142499923706055
-31.34079933166504
-31.456499099731445
-31.655000686645508
-31.77050018310547
-31.96929931640625
-32.084598541259766
-32.28450012207031
-32.40010070800781
-32.60129928588867
-32.71770095825195
-32.92020034790039
-33.036800384521484
-33.239898681640625
-33.357601165771484
-33.56129837036133
-33.679100036621094
-33.882999420166016
-34.00149917602539
-34.20589828491211
-34.32460021972656
-34.52920150756836
-34.64870071411133
-34.85430145263672
-34.97439956665039
-35.180301666259766
-35.30120086669922
-35.50790023803711
-35.629798889160156
-35.83700180053711
-35.95949935913086
-36.16749954223633
-36.29059982299805
-36.499698638916016
-36.62379837036133
-36.83369827270508
-36.95750045776367
-37.16809844970703
-37.292999267578125
-37.50490188598633
-37.62969970703125
-37.84120178222656
-37.9656982421875
-38.1775016784668
-38.30189895629883
-38.51380157470703
-38.63779830932617
-38.8494987487793
-38.97309875488281
-39.184200286865234
-39.30759811401367
-39.51850128173828
-39.64189910888672
-39.85309982299805
-39.97629928588867
-40.1875
-40.31079864501953
-27.335800170898438
-27.449199676513672
-27.64240074157715
-27.756799697875977
-27.951200485229492
-28.06559944152832
-28.25950050354004
-28.373600006103516
-28.567399978637695
-28.681800842285156
-28.875900268554688
-28.99020004272461
-29.184200286865234
-29.29840087890625
-29.49329948425293
-29.607999801635742
-29.803699493408203
-29.918100357055664
-30.11549949645996
-30.230899810791016
-30.429899215698242
-30.545400619506836
-30.744800567626953
-30.86009979248047
-31.059099197387695
-31.174400329589844
-31.37339973449707
-31.488300323486328
-31.686800003051758
-31.80190086364746
-32.00090026855469
-32.11669921875
-32.316001892089844
-32.432098388671875
-32.632598876953125
-32.749698638916016
-32.95140075683594
-33.06919860839844
-33.27220153808594
-33.39070129394531
-33.59379959106445
-33.712398529052734
-33.91619873046875
-34.035400390625
-34.23939895629883
-34.3588981628418
-34.5635986328125
-34.683998107910156
-34.889198303222656
-35.01020050048828
-35.21630096435547
-35.33789825439453
-35.54460144042969
-35.66680145263672
-35.8745002746582
-35.99700164794922
-36.20500183105469
-36.328399658203125
-36.53799819946289
-36.66210174560547
-36.871700286865234
-36.99549865722656
-37.20610046386719
-37.33089828491211
-37.54249954223633
-37.66659927368164
-37.878299713134766
-38.0015983581543
-38.2135009765625
-38.33679962158203
-38.549198150634766
-38.67250061035156
-38.884700775146484
-39.007301330566406
-39.21900177001953
-39.34159851074219
-39.5536003112793
-39.67620086669922
-39.887699127197266
-40.0098991394043
-40.2218017578125
-40.34410095214844
-27.174299240112305
-27.368600845336914
-27.48040008544922
-27.675399780273438
-27.788799285888672
-27.984699249267578
-28.098100662231445
-28.293100357055664
-28.406600952148438
-28.60140037536621
-28.715200424194336
-28.909900665283203
-29.023700714111328
-29.21820068359375
-29.33209991455078
-29.527000427246094
-29.641399383544922
-29.83679962158203
-29.950899124145508
-30.1476993560791
-30.26300048828125
-30.46179962158203
-30.57699966430664
-30.775800704956055
-30.891199111938477
-31.090700149536133
-31.206300735473633
-31.40489959716797
-31.520000457763672
-31.718599319458008
-31.834800720214844
-32.03379821777344
-32.15010070800781
-32.349098205566406
-32.46630096435547
-32.66640090942383
-32.7843017578125
-32.98540115356445
-33.104000091552734
-33.30619812011719
-33.42530059814453
-33.62820053100586
-33.747501373291016
-33.950801849365234
-34.070701599121094
-34.27470016479492
-34.394798278808594
-34.59939956665039
-34.72019958496094
-34.92580032348633
-35.047298431396484
-35.253299713134766
-35.374900817871094
-35.58169937133789
-35.703800201416016
-35.9114990234375
-36.034000396728516
-36.24290084838867
-36.36579895019531
-36.57550048828125
-36.69889831542969
-36.90919876098633
-37.03260040283203
-37.24359893798828
-37.36690139770508
-37.57820129394531
-37.70109939575195
-37.91279983520508
-38.035701751708984
-38.247798919677734
-38.37070083618164
-38.58300018310547
-38.70560073852539
-38.917598724365234
-39.03990173339844
-39.25210189819336
-39.37409973144531
-39.58620071411133
-39.70790100097656
-39.91999816894531
-40.041900634765625
-40.25400161743164
-40.3760986328125
-27.09040069580078
-27.20159912109375
-27.397300720214844
-27.508399963378906
-27.70490074157715
-27.817699432373047
-28.014999389648438
-28.128000259399414
-28.324399948120117
-28.437400817871094
-28.63330078125
-28.746700286865234
-28.942399978637695
-29.05579948425293
-29.250999450683594
-29.36440086364746
-29.559999465942383
-29.673599243164062
-29.869199752807617
-29.982799530029297
-30.179899215698242
-30.29520034790039
-30.493600845336914
-30.608699798583984
-30.8075008392334
-30.923099517822266
-31.122400283813477
-31.23780059814453
-31.436800003051758
-31.552799224853516
-31.752199172973633
-31.868900299072266
-32.06779861450195
-32.18510055541992
-32.38460159301758
-32.50279998779297
-32.70240020751953
-32.820899963378906
-33.02130126953125
-33.14070129394531
-33.34239959716797
-33.46200180053711
-33.664100646972656
-33.78350067138672
-33.98680114746094
-34.10689926147461
-34.3109016418457
-34.43130111694336
-34.63600158691406
-34.75709915161133
-34.962799072265625
-35.08440017700195
-35.29050064086914
-35.412200927734375
-35.61869812011719
-35.74089813232422
-35.94860076904297
-36.07109832763672
-36.27949905395508
-36.402099609375
-36.61180114746094
-36.73469924926758
-36.945098876953125
-37.06760025024414
-37.27840042114258
-37.40079879760742
-37.61220169067383
-37.734500885009766
-37.9463996887207
-38.06850051879883
-38.280799865722656
-38.4025993347168
-38.6151008605957
-38.736900329589844
-38.94960021972656
-39.07109832763672
-39.28329849243164
-39.404598236083984
-39.617000579833984
-39.738399505615234
-39.95119857788086
-40.0723991394043
-40.285099029541016
-40.405799865722656
-26.916500091552734
-27.11520004272461
-27.225200653076172
-27.422800064086914
-27.533100128173828
-27.731599807739258
-27.843900680541992
-28.042999267578125
-28.15530014038086
-28.353200912475586
-28.465900421142578
-28.66349983215332
-28.776500701904297
-28.972999572753906
-29.085800170898438
-29.281999588012695
-29.395700454711914
-29.591800689697266
-29.70549964904785
-29.900999069213867
-30.015300750732422
-30.212400436401367
-30.328100204467773
-30.525999069213867
-30.64150047302246
-30.83989906311035
-30.95560073852539
-31.15410041809082
-31.270099639892578
-31.46969985961914
-31.58639907836914
-31.78619956970215
-31.903200149536133
-32.10319900512695
-32.22079849243164
-32.420799255371094
-32.539100646972656
-32.739601135253906
-32.85810089111328
-33.058799743652344
-33.1776008605957
-33.37910079956055
-33.49810028076172
-33.700401306152344
-33.81990051269531
-34.02320098876953
-34.14310073852539
-34.347198486328125
-34.46770095825195
-34.67290115356445
-34.793701171875
-34.99959945678711
-35.12030029296875
-35.326900482177734
-35.44820022583008
-35.65570068359375
-35.777000427246094
-35.98469924926758
-36.10639953613281
-36.31529998779297
-36.43669891357422
-36.646400451660156
-36.76810073852539
-36.97890090942383
-37.10049819946289
-37.31169891357422
-37.432899475097656
-37.6442985534668
-37.76539993286133
-37.97779846191406
-38.099098205566406
-38.31159973144531
-38.432899475097656
-38.64569854736328
-38.7672004699707
-38.979801177978516
-39.10089874267578
-39.313499450683594
-39.43439865112305
-39.64680099487305
-39.76750183105469
-39.98030090332031
-40.10089874267578
-40.31370162963867
-40.43450164794922
-26.828699111938477
-26.940399169921875
-27.138200759887695
-27.24970054626465
-27.44700050354004
-27.558799743652344
-27.757099151611328
-27.870500564575195
-28.069499969482422
-28.18320083618164
-28.38159942626953
-28.4960994720459
-28.693300247192383
-28.807600021362305
-29.003599166870117
-29.118499755859375
-29.31450080871582
-29.429800033569336
-29.624799728393555
-29.739700317382812
-29.934799194335938
-30.049999237060547
-30.246200561523438
-30.362300872802734
-30.55970001220703
-30.675899505615234
-30.87339973449707
-30.989700317382812
-31.18790054321289
-31.304399490356445
-31.503299713134766
-31.620500564575195
-31.82069969177246
-31.93779945373535
-32.137901306152344
-32.255401611328125
-32.45650100708008
-32.57429885864258
-32.77539825439453
-32.892799377441406
-33.09429931640625
-33.21220016479492
-33.414398193359375
-33.532901763916016
-33.736000061035156
-33.855201721191406
-34.058998107910156
-34.1786003112793
-34.38330078125
-34.503700256347656
-34.70899963378906
-34.82979965209961
-35.035301208496094
-35.15610122680664
-35.36240005493164
-35.483299255371094
-35.690399169921875
-35.8114013671875
-36.01959991455078
-36.140899658203125
-36.349098205566406
-36.47010040283203
-36.67940139770508
-36.80059814453125
-37.01100158691406
-37.132198333740234
-37.34299850463867
-37.46419906616211
-37.675201416015625
-37.79650115966797
-38.007999420166016
-38.12950134277344
-38.34199905395508
-38.46369934082031
-38.67610168457031
-38.79759979248047
-39.009700775146484
-39.13130187988281
-39.34339904785156
-39.46480178833008
-39.67649841308594
-39.79840087890625
-40.010101318359375
-40.13180160522461
-40.34339904785156
-40.465301513671875
-26.65290069580078
-26.852500915527344
-26.963600158691406
-27.162900924682617
-27.27400016784668
-27.47249984741211
-27.583900451660156
-27.78350067138672
-27.8971004486084
-28.097700119018555
-28.21190071105957
-28.41189956665039
-28.52669906616211
-28.725200653076172
-28.83989906311035
-29.03730010986328
-29.15250015258789
-29.34910011291504
-29.464099884033203
-29.659799575805664
-29.775299072265625
-29.970399856567383
-30.085800170898438
-30.2814998626709
-30.39780044555664
-30.59469985961914
-30.710899353027344
-30.90839958190918
-31.024700164794922
-31.22249984741211
-31.338899612426758
-31.538000106811523
-31.654699325561523
-31.854400634765625
-31.970600128173828
-32.17150115966797
-32.288299560546875
-32.4900016784668
-32.60689926147461
-32.80860137939453
-32.925498962402344
-33.127601623535156
-33.24470138549805
-33.44779968261719
-33.56560134887695
-33.769798278808594
-33.88800048828125
-34.09299850463867
-34.211700439453125
-34.417701721191406
-34.537200927734375
-34.74399948120117
-34.86349868774414
-35.070098876953125
-35.18920135498047
-35.39609909057617
-35.5161018371582
-35.72420120239258
-35.84479904174805
-36.05329895019531
-36.173500061035156
-36.38209915161133
-36.50199890136719
-36.71120071411133
-36.831298828125
-37.041900634765625
-37.16239929199219
-37.374000549316406
-37.49420166015625
-37.7056999206543
-37.82569885253906
-38.03799819946289
-38.15869903564453
-38.37200164794922
-38.49300003051758
-38.70610046386719
-38.82680130004883
-39.039798736572266
-39.16109848022461
-39.374000549316406
-39.49489974975586
-39.707698822021484
-39.8286018371582
-40.04100036621094
-40.1619987487793
-40.374698638916016
-40.496299743652344
-26.565000534057617
-26.67620086669922
-26.87529945373535
-26.98710060119629
-27.186399459838867
-27.29829978942871
-27.49720001220703
-27.60919952392578
-27.80940055847168
-27.923500061035156
-28.12529945373535
-28.239999771118164
-28.441299438476562
-28.556400299072266
-28.756500244140625
-28.87150001525879
-29.070199966430664
-29.18549919128418
-29.38290023803711
-29.498600006103516
-29.69540023803711
-29.81100082397461
-30.00629997253418
-30.121400833129883
-30.31719970703125
-30.433399200439453
-30.630199432373047
-30.746000289916992
-30.94300079345703
-31.058700561523438
-31.256900787353516
-31.372900009155273
-31.57159996032715
-31.687400817871094
-31.886699676513672
-32.00279998779297
-32.20349884033203
-32.31949996948242
-32.52130126953125
-32.63759994506836
-32.8400993347168
-32.95600128173828
-33.158599853515625
-33.275001525878906
-33.47890090942383
-33.59619903564453
-33.80099868774414
-33.918399810791016
-34.12409973144531
-34.24259948730469
-34.44960021972656
-34.568199157714844
-34.775299072265625
-34.89339828491211
-35.10070037841797
-35.21900177001953
-35.4275016784668
-35.54629898071289
-35.75550079345703
-35.874298095703125
-36.08380126953125
-36.20220184326172
-36.411800384521484
-36.530399322509766
-36.7406005859375
-36.85940170288086
-37.07059860229492
-37.18960189819336
-37.40169906616211
-37.52040100097656
-37.7328987121582
-37.851898193359375
-38.065399169921875
-38.184898376464844
-38.39929962158203
-38.519100189208984
-38.73350143432617
-38.85300064086914
-39.06760025024414
-39.18769836425781
-39.402198791503906
-39.522098541259766
-39.735801696777344
-39.85599899291992
-40.06990051269531
-40.19049835205078
-40.404300689697266
-40.524898529052734
-26.589099884033203
-26.700700759887695
-26.899700164794922
-27.012300491333008
-27.21150016784668
-27.32379913330078
-27.522499084472656
-27.635299682617188
-27.836000442504883
-27.951400756835938
-28.153499603271484
-28.269399642944336
-28.47089958190918
-28.586999893188477
-28.787500381469727
-28.90329933166504
-29.10260009765625
-29.2185001373291
-29.41710090637207
-29.532899856567383
-29.729999542236328
-29.845300674438477
-30.041400909423828
-30.156099319458008
-30.352399826049805
-30.46809959411621
-30.665000915527344
-30.780099868774414
-30.976900100708008
-31.09239959716797
-31.290300369262695
-31.40570068359375
-31.60409927368164
-31.71929931640625
-31.918699264526367
-32.03369903564453
-32.2338981628418
-32.3489990234375
-32.55099868774414
-32.666500091552734
-32.86899948120117
-32.984500885009766
-33.18790054321289
-33.304100036621094
-33.50849914550781
-33.62519836425781
-33.830299377441406
-33.946800231933594
-34.15340042114258
-34.27050018310547
-34.47819900512695
-34.59489822387695
-34.803001403808594
-34.92020034790039
-35.12889862060547
-35.246299743652344
-35.455299377441406
-35.572898864746094
-35.78260040283203
-35.90010070800781
-36.110198974609375
-36.22760009765625
-36.438201904296875
-36.55540084838867
-36.76639938354492
-36.88399887084961
-37.09600067138672
-37.21369934082031
-37.42610168457031
-37.54410171508789
-37.757301330566406
-37.8754997253418
-38.089599609375
-38.208099365234375
-38.42319869995117
-38.541900634765625
-38.757301330566406
-38.87620162963867
-39.09199905395508
-39.21149826049805
-39.42720031738281
-39.5463981628418
-39.761600494384766
-39.88079833984375
-40.09590148925781
-40.21549987792969
-40.43080139160156
-40.550899505615234
-26.416900634765625
-26.614700317382812
-26.727399826049805
-26.92609977722168
-27.039100646972656
-27.237600326538086
-27.35099983215332
-27.549999237060547
-27.663999557495117
-27.864700317382812
-27.98110008239746
-28.183799743652344
-28.30030059814453
-28.50200080871582
-28.618499755859375
-28.819299697875977
-28.93560028076172
-29.135499954223633
-29.25189971923828
-29.450599670410156
-29.566299438476562
-29.7637996673584
-29.878700256347656
-30.075000762939453
-30.188800811767578
-30.385700225830078
-30.50079917907715
-30.698299407958984
-30.8125
-31.00979995727539
-31.12420082092285
-31.322200775146484
-31.436500549316406
-31.635299682617188
-31.74920082092285
-31.948299407958984
-32.062599182128906
-32.26319885253906
-32.377899169921875
-32.579200744628906
-32.69430160522461
-32.897098541259766
-33.01250076293945
-33.21609878540039
-33.33169937133789
-33.536399841308594
-33.652099609375
-33.857398986816406
-33.97330093383789
-34.179901123046875
-34.296199798583984
-34.50360107421875
-34.620201110839844
-34.828800201416016
-34.9452018737793
-35.15409851074219
-35.27040100097656
-35.480201721191406
-35.59629821777344
-35.806400299072266
-35.92250061035156
-36.13359832763672
-36.2495002746582
-36.46070098876953
-36.576698303222656
-36.78889846801758
-36.904998779296875
-37.117698669433594
-37.23419952392578
-37.44820022583008
-37.564998626708984
-37.77909851074219
-37.89609909057617
-38.111000061035156
-38.22880172729492
-38.44459915161133
-38.56290054321289
-38.77920150756836
-38.89739990234375
-39.11399841308594
-39.23249816894531
-39.44919967651367
-39.567501068115234
-39.78379821777344
-39.902198791503906
-40.118900299072266
-40.23780059814453
-40.454498291015625
-40.57339859008789
-26.33180046081543
-26.444499969482422
-26.64229965209961
-26.755399703979492
-26.953500747680664
-27.067100524902344
-27.266000747680664
-27.380199432373047
-27.579200744628906
-27.693700790405273
-27.895000457763672
-28.01180076599121
-28.214500427246094
-28.330799102783203
-28.533199310302734
-28.649799346923828
-28.851499557495117
-28.96769905090332
-29.168100357055664
-29.284000396728516
-29.483299255371094
-29.59830093383789
-29.796100616455078
-29.91010093688965
-30.10650062561035
-30.219999313354492
-30.417299270629883
-30.531600952148438
-30.729299545288086
-30.84269905090332
-31.040300369262695
-31.153799057006836
-31.352100372314453
-31.46579933166504
-31.664199829101562
-31.77750015258789
-31.976900100708008
-32.090999603271484
-32.291500091552734
-32.40549850463867
-32.60710144042969
-32.721500396728516
-32.924198150634766
-33.03879928588867
-33.242698669433594
-33.357398986816406
-33.56209945678711
-33.67679977416992
-33.8828010559082
-33.997798919677734
-34.2047004699707
-34.31959915161133
-34.5276985168457
-34.642799377441406
-34.85169982910156
-34.966800689697266
-35.17660140991211
-35.29159927368164
-35.50149917602539
-35.61640167236328
-35.82720184326172
-35.942100524902344
-36.1531982421875
-36.2681999206543
-36.48040008544922
-36.59550094604492
-36.80780029296875
-36.923500061035156
-37.13719940185547
-37.25339889526367
-37.46730041503906
-37.583499908447266
-37.798099517822266
-37.91490173339844
-38.13059997558594
-38.24769973754883
-38.46419906616211
-38.58169937133789
-38.79859924316406
-38.91590118408203
-39.133201599121094
-39.25090026855469
-39.46849822998047
-39.58639907836914
-39.80379867553711
-39.921600341796875
-40.138999938964844
-40.25680160522461
-40.4744987487793
-40.59239959716797
-26.162700653076172
-26.360000610351562
-26.47319984436035
-26.670799255371094
-26.784400939941406
-26.982500076293945
-27.096799850463867
-27.295499801635742
-27.409900665283203
-27.609100341796875
-27.72410011291504
-27.925500869750977
-28.041900634765625
-28.24449920654297
-28.360599517822266
-28.563600540161133
-28.679500579833984
-28.881900787353516
-28.99679946899414
-29.198400497436523
-29.31290054321289
-29.513399124145508
-29.62700080871582
-29.825899124145508
-29.93869972229004
-30.13629913330078
-30.248300552368164
-30.446199417114258
-30.55900001525879
-30.75779914855957
-30.8705997467041
-31.06909942626953
-31.181499481201172
-31.3799991607666
-31.492700576782227
-31.69179916381836
-31.804500579833984
-32.004398345947266
-32.11759948730469
-32.31829833984375
-32.43149948120117
-32.63309860229492
-32.74700164794922
-32.94990158081055
-33.06399917602539
-33.26750183105469
-33.38169860839844
-33.586299896240234
-33.700401306152344
-33.90599822998047
-34.019901275634766
-34.22669982910156
-34.34049987792969
-34.54859924316406
-34.662498474121094
-34.87179946899414
-34.986000061035156
-35.19599914550781
-35.31019973754883
-35.52069854736328
-35.63479995727539
-35.845401763916016
-35.95909881591797
-36.170799255371094
-36.285099029541016
-36.49760055541992
-36.612098693847656
-36.82569885253906
-36.94070053100586
-37.154701232910156
-37.269901275634766
-37.484798431396484
-37.600799560546875
-37.816200256347656
-37.93239974975586
-38.14820098876953
-38.26470184326172
-38.4817008972168
-38.5984001159668
-38.81570053100586
-38.93259811401367
-39.1505012512207
-39.268001556396484
-39.48630142211914
-39.60319900512695
-39.82109832763672
-39.93790054321289
-40.15620040893555
-40.27360153198242
-40.49209976196289
-40.60969924926758
-26.077800750732422
-26.190000534057617
-26.388200759887695
-26.500900268554688
-26.699600219726562
-26.81290054321289
-27.011999130249023
-27.125999450683594
-27.325199127197266
-27.43939971923828
-27.63909912109375
-27.75320053100586
-27.954599380493164
-28.07029914855957
-28.27359962463379
-28.38909912109375
-28.591899871826172
-28.706499099731445
-28.909000396728516
-29.023000717163086
-29.225299835205078
-29.338600158691406
-29.5398006439209
-29.65239906311035
-29.8523006439209
-29.963600158691406
-30.16189956665039
-30.272300720214844
-30.471500396728516
-30.583499908447266
-30.78380012512207
-30.89590072631836
-31.09510040283203
-31.206499099731445
-31.40559959411621
-31.517499923706055
-31.717199325561523
-31.829200744628906
-32.029701232910156
-32.1421012878418
-32.34320068359375
-32.45600128173828
-32.658199310302734
-32.77109909057617
-32.9739990234375
-33.086700439453125
-33.29090118408203
-33.40370178222656
-33.60860061645508
-33.72140121459961
-33.927101135253906
-34.04010009765625
-34.24679946899414
-34.36009979248047
-34.56779861450195
-34.68109893798828
-34.88999938964844
-35.003501892089844
-35.213600158691406
-35.32709884643555
-35.53779983520508
-35.65079879760742
-35.86159896850586
-35.974700927734375
-36.18659973144531
-36.300201416015625
-36.513301849365234
-36.62739944458008
-36.84120178222656
-36.9556999206543
-37.1702995300293
-37.285701751708984
-37.50130081176758
-37.617000579833984
-37.832698822021484
-37.94879913330078
-38.165000915527344
-38.28160095214844
-38.49810028076172
-38.614498138427734
-38.83169937133789
-38.948299407958984
-39.16659927368164
-39.28300094604492
-39.50130081176758
-39.6172981262207
-39.83599853515625
-39.952301025390625
-40.171600341796875
-40.28839874267578
-40.50790023803711
-40.624298095703125
-25.90719985961914
-26.104700088500977
-26.217599868774414
-26.415700912475586
-26.52910041809082
-26.72760009765625
-26.841699600219727
-27.041000366210938
-27.155099868774414
-27.354299545288086
-27.468799591064453
-27.667999267578125
-27.78219985961914
-27.98310089111328
-28.099000930786133
-28.301599502563477
-28.41670036315918
-28.61870002746582
-28.733200073242188
-28.934900283813477
-29.048900604248047
-29.25029945373535
-29.363300323486328
-29.564199447631836
-29.676700592041016
-29.876100540161133
-29.98740005493164
-30.185300827026367
-30.296899795532227
-30.495800018310547
-30.609100341796875
-30.808799743652344
-30.92140007019043
-31.11989974975586
-31.23240089416504
-31.43079948425293
-31.543100357055664
-31.74169921875
-31.85449981689453
-32.05440139770508
-32.16740036010742
-32.367801666259766
-32.480899810791016
-32.68199920654297
-32.795101165771484
-32.99700164794922
-33.11040115356445
-33.3129997253418
-33.42649841308594
-33.630001068115234
-33.74330139160156
-33.94770050048828
-34.061100006103516
-34.26679992675781
-34.380401611328125
-34.587100982666016
-34.700599670410156
-34.908199310302734
-35.02220153808594
-35.230899810791016
-35.34479904174805
-35.55400085449219
-35.667701721191406
-35.87770080566406
-35.991600036621094
-36.20220184326172
-36.31700134277344
-36.52909851074219
-36.64459991455078
-36.8572998046875
-36.972999572753906
-37.18669891357422
-37.303001403808594
-37.5177001953125
-37.6338996887207
-37.849300384521484
-37.9656982421875
-38.18170166015625
-38.29779815673828
-38.51409912109375
-38.63029861450195
-38.8473014831543
-38.963600158691406
-39.18109893798828
-39.29750061035156
-39.51539993286133
-39.631900787353516
-39.850101470947266
-39.96689987182617
-40.1859016418457
-40.302799224853516
-40.52170181274414
-40.638301849365234
-26.444499969482422
-26.558000564575195
-26.75670051574707
-26.870800018310547
-27.069900512695312
-27.183900833129883
-27.38360023498535
-27.497800827026367
-27.697200775146484
-27.81100082397461
-28.011899948120117
-28.127099990844727
-28.329299926757812
-28.44379997253418
-28.645700454711914
-28.759300231933594
-28.9606990814209
-29.073999404907227
-29.27519989013672
-29.388099670410156
-29.588600158691406
-29.7007999420166
-29.90019989013672
-30.011699676513672
-30.210500717163086
-30.32159996032715
-30.52120018005371
-30.63360023498535
-30.8341007232666
-30.94610023498535
-31.14579963684082
-31.25779914855957
-31.456499099731445
-31.568099975585938
-31.767499923706055
-31.880300521850586
-32.080299377441406
-32.19240188598633
-32.392601013183594
-32.50519943237305
-32.706600189208984
-32.819400787353516
-33.02130126953125
-33.1338996887207
-33.33639907836914
-33.44889831542969
-33.65230178833008
-33.76490020751953
-33.96929931640625
-34.08209991455078
-34.28739929199219
-34.400299072265625
-34.60689926147461
-34.72010040283203
-34.927799224853516
-35.04119873046875
-35.2495002746582
-35.362998962402344
-35.571998596191406
-35.6859016418457
-35.89550018310547
-36.0093994140625
-36.220298767089844
-36.33509826660156
-36.547298431396484
-36.662200927734375
-36.87519836425781
-36.9906005859375
-37.2047004699707
-37.32040023803711
-37.5349006652832
-37.650901794433594
-37.86629867553711
-37.982398986816406
-38.197898864746094
-38.3140983581543
-38.53030014038086
-38.64659881591797
-38.862998962402344
-38.97930145263672
-39.1963996887207
-39.312801361083984
-39.530399322509766
-39.64680099487305
-39.8650016784668
-39.9817008972168
-40.20050048828125
-40.31700134277344
-40.5359001159668
-40.65299987792969
-27.098600387573242
-27.21269989013672
-27.412200927734375
-27.525999069213867
-27.725400924682617
-27.83930015563965
-28.040000915527344
-28.15489959716797
-28.35650062561035
-28.470500946044922
-28.671499252319336
-28.784900665283203
-28.986000061035156
-29.09939956665039
-29.300199508666992
-29.412700653076172
-29.61280059814453
-29.72450065612793
-29.924100875854492
-30.035600662231445
-30.23430061340332
-30.344900131225586
-30.544599533081055
-30.65679931640625
-30.857799530029297
-30.96980094909668
-31.170000076293945
-31.281600952148438
-31.480899810791016
-31.59239959716797
-31.792299270629883
-31.904399871826172
-32.10449981689453
-32.21620178222656
-32.41669845581055
-32.52920150756836
-32.730499267578125
-32.84260177612305
-33.04399871826172
-33.155799865722656
-33.35810089111328
-33.470001220703125
-33.67340087890625
-33.785701751708984
-33.9900016784668
-34.10240173339844
-34.30739974975586
-34.42020034790039
-34.62630081176758
-34.73970031738281
-34.946800231933594
-35.060001373291016
-35.267799377441406
-35.38100051879883
-35.59000015258789
-35.70370101928711
-35.91350173950195
-36.027099609375
-36.23780059814453
-36.35200119018555
-36.56420135498047
-36.679100036621094
-36.89250183105469
-37.0078010559082
-37.22159957885742
-37.33679962158203
-37.55160140991211
-37.66699981689453
-37.88249969482422
-37.99769973754883
-38.21379852294922
-38.329898834228516
-38.54650115966797
-38.66230010986328
-38.878700256347656
-38.99470138549805
-39.21179962158203
-39.327999114990234
-39.5452995300293
-39.6614990234375
-39.879600524902344
-39.996700286865234
-40.215301513671875
-40.332401275634766
-40.55110168457031
-40.66849899291992
-28.06760025024414
-28.181800842285156
-28.383100509643555
-28.496700286865234
-28.697500228881836
-28.810699462890625
-29.01140022277832
-29.124099731445312
-29.324600219726562
-29.436599731445312
-29.636499404907227
-29.747800827026367
-29.94729995727539
-30.058399200439453
-30.257200241088867
-30.36750030517578
-30.567399978637695
-30.67919921875
-30.88050079345703
-30.99209976196289
-31.192899703979492
-31.30430030822754
-31.5044002532959
-31.615699768066406
-31.81570053100586
-31.927400588989258
-32.12779998779297
-32.239601135253906
-32.440399169921875
-32.55179977416992
-32.752601623535156
-32.86399841308594
-33.06570053100586
-33.176998138427734
-33.37900161743164
-33.49039840698242
-33.69369888305664
-33.805301666259766
-34.009700775146484
-34.12160110473633
-34.32709884643555
-34.439300537109375
-34.64590072631836
-34.75859832763672
-34.965599060058594
-35.07820129394531
-35.285701751708984
-35.39910125732422
-35.60810089111328
-35.72119903564453
-35.93040084838867
-36.043800354003906
-36.254600524902344
-36.36880111694336
-36.58110046386719
-36.69599914550781
-36.90919876098633
-37.02389907836914
-37.23759841918945
-37.352901458740234
-37.567501068115234
-37.683101654052734
-37.89780044555664
-38.013099670410156
-38.229000091552734
-38.34510040283203
-38.56169891357422
-38.67689895629883
-38.89360046386719
-39.009700775146484
-39.22710037231445
-39.343101501464844
-39.56019973754883
-39.67660140991211
-39.89509963989258
-40.01210021972656
-40.2307014465332
-40.347198486328125
-40.56610107421875
-40.68330001831055
-28.72249984741211
-28.834400177001953
-29.03529930114746
-29.14699935913086
-29.34779930114746
-29.458900451660156
-29.659000396728516
-29.769399642944336
-29.96929931640625
-30.079599380493164
-30.27910041809082
-30.38909912109375
-30.58930015563965
-30.700700759887695
-30.902099609375
-31.013599395751953
-31.21489906311035
-31.325899124145508
-31.52669906616211
-31.637500762939453
-31.838300704956055
-31.949199676513672
-32.15010070800781
-32.26110076904297
-32.46189880371094
-32.57270050048828
-32.77399826049805
-32.8848991394043
-33.08620071411133
-33.1968994140625
-33.39910125732422
-33.51029968261719
-33.713199615478516
-33.82460021972656
-34.028499603271484
-34.14070129394531
-34.34600067138672
-34.45819854736328
-34.66429901123047
-34.77669906616211
-34.98360061645508
-35.096099853515625
-35.304100036621094
-35.41709899902344
-35.62519836425781
-35.737998962402344
-35.9473991394043
-36.061100006103516
-36.27170181274414
-36.38610076904297
-36.59809875488281
-36.71310043334961
-36.92570114135742
-37.04059982299805
-37.25410079956055
-37.36949920654297
-37.583900451660156
-37.69879913330078
-37.913299560546875
-38.02859878540039
-38.24449920654297
-38.36029815673828
-38.57609939575195
-38.69150161743164
-38.90850067138672
-39.024600982666016
-39.24190139770508
-39.35770034790039
-39.57529830932617
-39.69139862060547
-39.909698486328125
-40.02579879760742
-40.24449920654297
-40.36069869995117
-40.580501556396484
-40.696998596191406
-29.367799758911133
-29.47719955444336
-29.678600311279297
-29.788000106811523
-29.989099502563477
-30.09830093383789
-30.298799514770508
-30.407899856567383
-30.609600067138672
-30.719999313354492
-30.92259979248047
-31.033100128173828
-31.235200881958008
-31.345600128173828
-31.547100067138672
-31.658000946044922
-31.85930061340332
-31.969999313354492
-32.1708984375
-32.28139877319336
-32.48249816894531
-32.59270095825195
-32.79389953613281
-32.904300689697266
-33.10599899291992
-33.21670150756836
-33.418800354003906
-33.529598236083984
-33.732398986816406
-33.84370040893555
-34.04800033569336
-34.1599006652832
-34.36470031738281
-34.47629928588867
-34.68220138549805
-34.7943000793457
-35.001399993896484
-35.113800048828125
-35.3213996887207
-35.434200286865234
-35.6427001953125
-35.75559997558594
-35.964698791503906
-36.07780075073242
-36.28860092163086
-36.40250015258789
-36.614898681640625
-36.72930145263672
-36.94240188598633
-37.05630111694336
-37.27000045776367
-37.384700775146484
-37.599098205566406
-37.713401794433594
-37.92829895019531
-38.043399810791016
-38.2593994140625
-38.374298095703125
-38.59049987792969
-38.70560073852539
-38.92279815673828
-39.03839874267578
-39.25600051879883
-39.37120056152344
-39.5890998840332
-39.704498291015625
-39.92290115356445
-40.038700103759766
-40.2577018737793
-40.373600006103516
-40.593101501464844
-40.70909881591797
-30.005399703979492
-30.11319923400879
-30.315200805664062
-30.423500061035156
-30.62660026550293
-30.7367000579834
-30.94059944152832
-31.051000595092773
-31.253799438476562
-31.364299774169922
-31.5669002532959
-31.677600860595703
-31.8794002532959
-31.989599227905273
-32.19070053100586
-32.30039978027344
-32.50130081176758
-32.61119842529297
-32.81290054321289
-32.92300033569336
-33.125099182128906
-33.23509979248047
-33.437400817871094
-33.54759979248047
-33.7510986328125
-33.861900329589844
-34.06639862060547
-34.17729949951172
-34.38240051269531
-34.49420166015625
-34.700401306152344
-34.812599182128906
-35.01890182495117
-35.13140106201172
-35.3390007019043
-35.45180130004883
-35.65999984741211
-35.772701263427734
-35.98139953613281
-36.094398498535156
-36.30459976196289
-36.41859817504883
-36.630699157714844
-36.74449920654297
-36.95690155029297
-37.0703010559082
-37.284400939941406
-37.398101806640625
-37.612701416015625
-37.72650146484375
-37.94219970703125
-38.05649948120117
-38.272499084472656
-38.38639831542969
-38.60329818725586
-38.71770095825195
-38.93560028076172
-39.05030059814453
-39.2682991027832
-39.382598876953125
-39.60100173950195
-39.715999603271484
-39.93519973754883
-40.05009841918945
-40.26940155029297
-40.38479995727539
-40.60499954223633
-40.72119903564453
-30.641599655151367
-30.751100540161133
-30.956499099731445
-31.066299438476562
-31.27120018005371
-31.380699157714844
-31.58449935913086
-31.693700790405273
-31.896900177001953
-32.00600051879883
-32.20830154418945
-32.317298889160156
-32.51919937133789
-32.628299713134766
-32.83039855957031
-32.939300537109375
-33.14189910888672
-33.25149917602539
-33.45479965209961
-33.564701080322266
-33.7682991027832
-33.87910079956055
-34.08359909057617
-34.19459915161133
-34.40010070800781
-34.512001037597656
-34.71839904785156
-34.8297004699707
-35.03630065917969
-35.148399353027344
-35.35639953613281
-35.46889877319336
-35.677101135253906
-35.78900146484375
-35.99760055541992
-36.109798431396484
-36.32059860229492
-36.43339920043945
-36.64509963989258
-36.7578010559082
-36.97050094604492
-37.08369827270508
-37.297298431396484
-37.41019821166992
-37.624900817871094
-37.73830032348633
-37.95429992675781
-38.06760025024414
-38.28379821777344
-38.397098541259766
-38.61410140991211
-38.72760009765625
-38.945899963378906
-39.059600830078125
-39.27840042114258
-39.391998291015625
-39.61119842529297
-39.72529983520508
-39.94499969482422
-40.058998107910156
-40.27949905395508
-40.39459991455078
-40.6161003112793
-40.7317008972168
-31.28660011291504
-31.396900177001953
-31.600099563598633
-31.709800720214844
-31.912500381469727
-32.022098541259766
-32.22460174560547
-32.333900451660156
-32.535701751708984
-32.645198822021484
-32.8468017578125
-32.95650100708008
-33.158599853515625
-33.269100189208984
-33.4718017578125
-33.58290100097656
-33.786598205566406
-33.89830017089844
-34.10179901123047
-34.213401794433594
-34.41809844970703
-34.53030014038086
-34.73550033569336
-34.8474006652832
-35.05379867553711
-35.16630172729492
-35.37350082397461
-35.48569869995117
-35.69309997558594
-35.80509948730469
-36.013301849365234
-36.1255989074707
-36.33489990234375
-36.4473991394043
-36.65850067138672
-36.77109909057617
-36.98360061645508
-37.09640121459961
-37.30950164794922
-37.422401428222656
-37.636600494384766
-37.75019836425781
-37.96540069580078
-38.0791015625
-38.294498443603516
-38.407901763916016
-38.6239013671875
-38.737701416015625
-38.955101013183594
-39.06909942626953
-39.287200927734375
-39.40140151977539
-39.62030029296875
-39.734798431396484
-39.953800201416016
-40.068599700927734
-40.28889846801758
-40.404598236083984
-40.62580108642578
-40.7421989440918
-31.928499221801758
-32.03739929199219
-32.240299224853516
-32.34960174560547
-32.55270004272461
-32.661800384521484
-32.86399841308594
-32.9734001159668
-33.17639923095703
-33.286598205566406
-33.490299224853516
-33.60070037841797
-33.80500030517578
-33.915401458740234
-34.120201110839844
-34.2307014465332
-34.436100006103516
-34.54710006713867
-34.753299713134766
-34.864601135253906
-35.07120132446289
-35.18259811401367
-35.38990020751953
-35.501399993896484
-35.70930099487305
-35.820701599121094
-36.02880096435547
-36.13999938964844
-36.349300384521484
-36.46149826049805
-36.67219924926758
-36.7843017578125
-36.99599838256836
-37.108699798583984
-37.3218994140625
-37.434600830078125
-37.64870071411133
-37.76129913330078
-37.97650146484375
-38.089298248291016
-38.305198669433594
-38.417598724365234
-38.63410186767578
-38.74639892578125
-38.9640007019043
-39.076900482177734
-39.29610061645508
-39.4098014831543
-39.62950134277344
-39.743099212646484
-39.96329879760742
-40.07749938964844
-40.298500061035156
-40.41379928588867
-40.636199951171875
-40.75230026245117
-32.56719970703125
-32.67530059814453
-32.879398345947266
-32.988399505615234
-33.19260025024414
-33.301998138427734
-33.50630187988281
-33.61600112915039
-33.82080078125
-33.930999755859375
-34.13610076904297
-34.24660110473633
-34.452301025390625
-34.5629997253418
-34.769100189208984
-34.88010025024414
-35.08689880371094
-35.198299407958984
-35.40549850463867
-35.5172004699707
-35.7244987487793
-35.83580017089844
-36.0432014465332
-36.15449905395508
-36.363399505615234
-36.475101470947266
-36.68519973754883
-36.79629898071289
-37.007999420166016
-37.119598388671875
-37.33290100097656
-37.44390106201172
-37.658199310302734
-37.769798278808594
-37.985599517822266
-38.097599029541016
-38.3135986328125
-38.42509841918945
-38.641300201416016
-38.753700256347656
-38.97159957885742
-39.084800720214844
-39.3036994934082
-39.417198181152344
-39.63690185546875
-39.750701904296875
-39.971099853515625
-40.08549880981445
-40.30720138549805
-40.422298431396484
-40.64500045776367
-40.760799407958984
-33.20640182495117
-33.31560134887695
-33.52080154418945
-33.63019943237305
-33.835601806640625
-33.94540023803711
-34.15119934082031
-34.26129913330078
-34.467498779296875
-34.57809829711914
-34.78450012207031
-34.89500045776367
-35.101898193359375
-35.21310043334961
-35.42110061645508
-35.53179931640625
-35.739200592041016
-35.84980010986328
-36.057701110839844
-36.1682014465332
-36.3765983581543
-36.48749923706055
-36.696998596191406
-36.80739974975586
-37.0181999206543
-37.12860107421875
-37.340999603271484
-37.451499938964844
-37.66600036621094
-37.77669906616211
-37.99250030517578
-38.10309982299805
-38.319698333740234
-38.43000030517578
-38.647701263427734
-38.759300231933594
-38.97850036621094
-39.0901985168457
-39.310001373291016
-39.42210006713867
-39.643001556396484
-39.756099700927734
-39.97809982299805
-40.09199905395508
-40.31439971923828
-40.42940139770508
-40.653099060058594
-40.768699645996094
-33.849300384521484
-33.95899963378906
-34.165199279785156
-34.275299072265625
-34.481998443603516
-34.59230041503906
-34.79880142211914
-34.90919876098633
-35.11650085449219
-35.22760009765625
-35.434898376464844
-35.5452995300293
-35.752899169921875
-35.862998962402344
-36.070499420166016
-36.18040084838867
-36.388999938964844
-36.4984016418457
-36.707298278808594
-36.81629943847656
-37.026798248291016
-37.13589859008789
-37.348201751708984
-37.45759963989258
-37.67150115966797
-37.780799865722656
-37.996700286865234
-38.10660171508789
-38.323299407958984
-38.43330001831055
-38.6515998840332
-38.76240158081055
-38.9818000793457
-39.09270095825195
-39.3130989074707
-39.42499923706055
-39.647098541259766
-39.7599983215332
-39.9827995300293
-40.09640121459961
-40.320499420166016
-40.43519973754883
-40.65959930419922
-40.77470016479492
-34.17919921875
-34.28969955444336
-34.49610137939453
-34.60689926147461
-34.81340026855469
-34.924598693847656
-35.131500244140625
-35.2422981262207
-35.44879913330078
-35.55830001831055
-35.76499938964844
-35.874298095703125
-36.08209991455078
-36.191200256347656
-36.39889907836914
-36.507301330566406
-36.71580123901367
-36.82400131225586
-37.03369903564453
-37.1416015625
-37.35319900512695
-37.461299896240234
-37.67499923706055
-37.78350067138672
-37.99919891357422
-38.108299255371094
-38.325801849365234
-38.435298919677734
-38.65359878540039
-38.76340103149414
-38.98310089111328
-39.09400177001953
-39.31549835205078
-39.4275016784668
-39.650001525878906
-39.762699127197266
-39.98640060424805
-40.09989929199219
-40.32460021972656
-40.438201904296875
-40.66389846801758
-40.77870178222656
-34.82870101928711
-34.93880081176758
-35.14550018310547
-35.254398345947266
-35.46070098876953
-35.56869888305664
-35.77560043334961
-35.884300231933594
-36.092098236083984
-36.19969940185547
-36.40729904174805
-36.51490020751953
-36.72309875488281
-36.830101013183594
-37.03889846801758
-37.14590072631836
-37.3568000793457
-37.46419906616211
-37.67720031738281
-37.78499984741211
-38.00040054321289
-38.10919952392578
-38.326698303222656
-38.43510055541992
-38.65340042114258
-38.76250076293945
-38.9833984375
-39.09410095214844
-39.31679916381836
-39.42789840698242
-39.65140151977539
-39.763099670410156
-39.987998962402344
-40.10029983520508
-40.32590103149414
-40.438899993896484
-40.666099548339844
-40.78020095825195
-35.47050094604492
-35.57740020751953
-35.78419876098633
-35.89179992675781
-36.0994987487793
-36.206199645996094
-36.41400146484375
-36.52040100097656
-36.72819900512695
-36.833499908447266
-37.04240036010742
-37.14799880981445
-37.3588981628418
-37.46549987792969
-37.67850112915039
-37.785499572753906
-38.00080108642578
-38.10929870605469
-38.32619857788086
-38.43439865112305
-38.652400970458984
-38.76169967651367
-38.98270034790039
-39.09280014038086
-39.31529998779297
-39.42539978027344
-39.649600982666016
-39.760799407958984
-39.98659896850586
-40.0984001159668
-40.32509994506836
-40.43769836425781
-40.66559982299805
-40.77870178222656
-35.792701721191406
-35.90079879760742
-36.10660171508789
-36.213199615478516
-36.41910171508789
-36.525001525878906
-36.7317008972168
-36.83700180053711
-37.04439926147461
-37.14979934692383
-37.359901428222656
-37.465599060058594
-37.678199768066406
-37.78450012207031
-38.000301361083984
-38.10770034790039
-38.32490158081055
-38.43170166015625
-38.6505012512207
-38.75859832763672
-38.97999954223633
-39.08890151977539
-39.31169891357422
-39.42179870605469
-39.64659881591797
-39.7577018737793
-39.983699798583984
-40.095401763916016
-40.32270050048828
-40.43519973754883
-40.663299560546875
-40.776100158691406
-36.424400329589844
-36.52909851074219
-36.73509979248047
-36.8390998840332
-37.0463981628418
-37.150699615478516
-37.359901428222656
-37.46440124511719
-37.67649841308594
-37.78239822387695
-37.99789810180664
-38.104400634765625
-38.32099914550781
-38.427101135253906
-38.64590072631836
-38.75360107421875
-38.97520065307617
-39.08340072631836
-39.30730056762695
-39.417301177978516
-39.64289855957031
-39.75360107421875
-39.980098724365234
-40.09120178222656
-40.319000244140625
-40.430599212646484
-40.65959930419922
-40.77170181274414
-36.73649978637695
-36.839500427246094
-37.0463981628418
-37.14970016479492
-37.35850143432617
-37.46260070800781
-37.674400329589844
-37.77989959716797
-37.99440002441406
-38.10060119628906
-38.31669998168945
-38.422698974609375
-38.64070129394531
-38.7484016418457
-38.969398498535156
-39.07820129394531
-39.30229949951172
-39.41230010986328
-39.63800048828125
-39.74789810180664
-39.97460174560547
-40.08489990234375
-40.3130989074707
-40.42470169067383
-40.654300689697266
-37.35710144042969
-37.46139907836914
-37.672298431396484
-37.777400970458984
-37.9911994934082
-38.0973014831543
-38.31269836425781
-38.418800354003906
-38.63639831542969
-38.74359893798828
-38.96440124511719
-39.073001861572266
-39.29679870605469
-39.405799865722656
-39.63119888305664
-39.7411994934082
-39.96820068359375
-40.078399658203125
-40.30670166015625
-40.41830062866211
-37.67020034790039
-37.77519989013672
-37.98849868774414
-38.09469985961914
-38.309600830078125
-38.41559982299805
-38.63199996948242
-38.738800048828125
-38.95909881591797
-39.06779861450195
-39.29069900512695
-39.39950180053711
-39.62459945678711
-39.73429870605469
-39.96120071411133
-40.07160186767578
-40.30039978027344
-38.30670166015625
-38.412200927734375
-38.62799835205078
-38.73500061035156
-38.9546012878418
-39.062599182128906
-39.28459930419922
-39.3932991027832
-39.61790084838867
-39.72779846191406
-39.9546012878418
-40.064998626708984
-38.625
-38.7317008972168
-38.949798583984375
-39.05730056762695
-39.27880096435547
-39.387298583984375
-39.611698150634766
-39.720298767089844
-39.946800231933594
-40.05590057373047
-38.944801330566406
-39.05149841308594
-39.27239990234375
-39.379798889160156
-39.60329818725586
-39.71099853515625
-39.93709945678711
-39.59560012817383
-39.7036018371582
-41.11909866333008
-41.00559997558594
-41.11920166015625
-41.00680160522461
-41.452701568603516
-41.34230041503906
-41.11589813232422
-41.00510025024414
-41.445098876953125
-41.33580017089844
-41.109798431396484
-41.00019836425781
-41.77119827270508
-41.662601470947266
-41.436100006103516
-41.32780075073242
-41.10210037231445
-40.99330139160156
-41.75979995727539
-41.652198791503906
-41.425498962402344
-41.31800079345703
-41.09280014038086
-40.98529815673828
-42.08369827270508
-41.975399017333984
-41.74800109863281
-41.64039993286133
-41.41469955444336
-41.307498931884766
-41.08290100097656
-40.97570037841797
-42.07080078125
-41.963401794433594
-41.73640060424805
-41.62929916381836
-41.40340042114258
-41.2963981628418
-41.07170104980469
-40.96540069580078
-42.3922004699707
-42.285099029541016
-42.056800842285156
-41.94990158081055
-41.722900390625
-41.61690139770508
-41.39149856567383
-41.285099029541016
-41.06079864501953
-40.95429992675781
-42.3765983581543
-42.27009963989258
-42.041900634765625
-41.935699462890625
-41.708900451660156
-41.60300064086914
-41.37810134887695
-41.272701263427734
-41.04869842529297
-40.943199157714844
-42.69779968261719
-42.59049987792969
-42.36140060424805
-42.25469970703125
-42.02730178833008
-41.92110061645508
-41.69499969482422
-41.5890998840332
-41.36429977416992
-41.259300231933594
-41.0359001159668
-40.93080139160156
-43.0182991027832
-42.911800384521484
-42.68109893798828
-42.574798583984375
-42.34560012817383
-42.239601135253906
-42.01219940185547
-41.906700134277344
-41.680198669433594
-41.574798583984375
-41.349998474121094
-41.245399475097656
-41.022499084472656
-40.91809844970703
-43.000099182128906
-42.893699645996094
-42.66400146484375
-42.557899475097656
-42.3297004699707
-42.22380065917969
-41.99660110473633
-41.89099884033203
-41.66529846191406
-41.56019973754883
-41.33570098876953
-41.230899810791016
-41.007999420166016
-40.90409851074219
-43.31560134887695
-43.21110153198242
-42.98109817504883
-42.875999450683594
-42.64690017700195
-42.54130172729492
-42.31340026855469
-42.20800018310547
-41.98149871826172
-41.87590026855469
-41.65060043334961
-41.54560089111328
-41.32149887084961
-41.216800689697266
-40.993499755859375
-40.889400482177734
-43.29169845581055
-43.188899993896484
-42.95920181274414
-42.855899810791016
-42.62739944458008
-42.52349853515625
-42.295799255371094
-42.19129943847656
-41.96500015258789
-41.86050033569336
-41.635101318359375
-41.530601501464844
-41.30630111694336
-41.20209884643555
-40.97829818725586
-40.8744010925293
-43.59550094604492
-43.49480056762695
-43.26449966430664
-43.16350173950195
-42.93439865112305
-42.832801818847656
-42.60490036010742
-42.50279998779297
-42.27619934082031
-42.173099517822266
-41.9473991394043
-41.84370040893555
-41.61899948120117
-41.514801025390625
-41.29079818725586
-41.18669891357422
-40.9635009765625
-40.85929870605469
-43.566898345947266
-43.465999603271484
-43.237098693847656
-43.13639831542969
-42.909000396728516
-42.808101654052734
-42.581600189208984
-42.47999954223633
-42.25490188598633
-42.1531982421875
-41.92850112915039
-41.82590103149414
-41.60169982910156
-41.498600006103516
-41.274898529052734
-41.17129898071289
-40.948699951171875
-40.845001220703125
-43.86819839477539
-43.7681999206543
-43.53810119628906
-43.437801361083984
-43.20920181274414
-43.10940170288086
-42.882301330566406
-42.78269958496094
-42.556800842285156
-42.45669937133789
-42.23139953613281
-42.13119888305664
-41.906898498535156
-41.80590057373047
-41.582401275634766
-41.480899810791016
-41.257999420166016
-41.15510177612305
-40.932498931884766
-40.8297004699707
-44.16510009765625
-44.06650161743164
-43.83539962768555
-43.736900329589844
-43.50669860839844
-43.407901763916016
-43.1786994934082
-43.080299377441406
-42.85309982299805
-42.754798889160156
-42.528499603271484
-42.43009948730469
-42.2052001953125
-42.10660171508789
-41.8827018737793
-41.783199310302734
-41.560001373291016
-41.460201263427734
-41.23789978027344
-41.13719940185547
-40.91460037231445
-40.812801361083984
-44.13019943237305
-44.03229904174805
-43.80149841308594
-43.70330047607422
-43.47330093383789
-43.37519836425781
-43.14680099487305
-43.04909896850586
-42.82210159301758
-42.7244987487793
-42.498600006103516
-42.40079879760742
-42.17580032348633
-42.0786018371582
-41.85490036010742
-41.75749969482422
-41.534698486328125
-41.43669891357422
-41.21390151977539
-41.114898681640625
-40.8927001953125
-40.79309844970703
-44.42150115966797
-44.32500076293945
-44.09370040893555
-43.99689865112305
-43.76679992675781
-43.6693000793457
-43.439998626708984
-43.342201232910156
-43.11410140991211
-43.01679992675781
-42.79059982299805
-42.69369888305664
-42.468101501464844
-42.37049865722656
-42.14590072631836
-42.04890060424805
-41.825401306152344
-41.728599548339844
-41.506099700927734
-41.40950012207031
-41.1875
-41.089900970458984
-40.86750030517578
-40.7692985534668
-44.38140106201172
-44.2859001159668
-44.05569839477539
-43.959999084472656
-43.7307014465332
-43.63420104980469
-43.405601501464844
-43.30889892578125
-43.08150100708008
-42.984500885009766
-42.75809860229492
-42.6614990234375
-42.43579864501953
-42.33940124511719
-42.113800048828125
-42.01789855957031
-41.79410171508789
-41.69860076904297
-41.47560119628906
-41.380001068115234
-41.157501220703125
-41.06159973144531
-40.839599609375
-40.743099212646484
-44.664398193359375
-44.570701599121094
-44.339698791503906
-44.245601654052734
-44.01570129394531
-43.9213981628418
-43.69240188598633
-43.5974006652832
-43.368499755859375
-43.27320098876953
-43.045501708984375
-42.950599670410156
-42.72420120239258
-42.628700256347656
-42.4026985168457
-42.306400299072266
-42.081298828125
-41.985198974609375
-41.76139831542969
-41.66619873046875
-41.443599700927734
-41.3484992980957
-41.12630081176758
-41.03099822998047
-40.80889892578125
-40.713401794433594
-44.94150161743164
-44.84960174560547
-44.61880111694336
-44.52629852294922
-44.29600143432617
-44.20309829711914
-43.9739990234375
-43.880699157714844
-43.652099609375
-43.558101654052734
-43.33000183105469
-43.23540115356445
-43.00809860229492
-42.91360092163086
-42.687599182128906
-42.593101501464844
-42.36759948730469
-42.272701263427734
-42.04759979248047
-41.95249938964844
-41.728599548339844
-41.63359832763672
-41.410499572753906
-41.31570053100586
-41.09299850463867
-40.99869918823242
-40.776798248291016
-40.68239974975586
-44.89699935913086
-44.804100036621094
-44.57529830932617
-44.48189926147461
-44.25400161743164
-44.160701751708984
-43.93360137939453
-43.839900970458984
-43.61320114135742
-43.518798828125
-43.292198181152344
-43.1973991394043
-42.97169876098633
-42.87699890136719
-42.65250015258789
-42.55759811401367
-42.33359909057617
-42.237998962402344
-42.014801025390625
-41.9192008972168
-41.696800231933594
-41.60129928588867
-41.37950134277344
-41.28369903564453
-41.0625
-40.96659851074219
-40.74620056152344
-40.650699615478516
-45.17219924926758
-45.08100128173828
-44.852500915527344
-44.76089859008789
-44.533199310302734
-44.44049835205078
-44.21289825439453
-44.11989974975586
-43.8932991027832
-43.80039978027344
-43.57400131225586
-43.4807014465332
-43.25450134277344
-43.160400390625
-42.93510055541992
-42.84109878540039
-42.61690139770508
-42.52299880981445
-42.29930114746094
-42.20479965209961
-41.981300354003906
-41.88679885864258
-41.66429901123047
-41.56990051269531
-41.3484992980957
-41.253700256347656
-41.03310012817383
-40.93769836425781
-40.71760177612305
-40.62200164794922
-45.44340133666992
-45.35340118408203
-45.1244010925293
-45.03409957885742
-44.805999755859375
-44.71549987792969
-44.48830032348633
-44.397499084472656
-44.1703987121582
-44.07849884033203
-43.85150146484375
-43.759300231933594
-43.532798767089844
-43.44049835205078
-43.21419906616211
-43.12160110473633
-42.89590072631836
-42.80350112915039
-42.57889938354492
-42.48630142211914
-42.26240158081055
-42.1693000793457
-41.945701599121094
-41.852298736572266
-41.63019943237305
-41.53670120239258
-41.31570053100586
-41.221900939941406
-41.00130081176758
-40.90729904174805
-40.68669891357422
-40.59230041503906
-45.70869827270508
-45.62089920043945
-45.3916015625
-45.303199768066406
-45.07440185546875
-44.985599517822266
-44.757598876953125
-44.668399810791016
-44.44169998168945
-44.35200119018555
-44.125301361083984
-44.03450012207031
-43.807899475097656
-43.716800689697266
-43.490299224853516
-43.398399353027344
-43.17259979248047
-43.0806999206543
-42.8557014465332
-42.76359939575195
-42.53950119018555
-42.44729995727539
-42.223899841308594
-42.131500244140625
-41.90869903564453
-41.816001892089844
-41.594200134277344
-41.501800537109375
-41.280799865722656
-41.1880989074707
-40.967098236083984
-40.87409973144531
-40.65380096435547
-40.56039810180664
-45.654300689697266
-45.566898345947266
-45.338199615478516
-45.250701904296875
-45.02239990234375
-44.93439865112305
-44.707000732421875
-44.61899948120117
-44.39229965209961
-44.30419921875
-44.077999114990234
-43.988800048828125
-43.76219940185547
-43.67210006713867
-43.44599914550781
-43.355201721191406
-43.12950134277344
-43.038700103759766
-42.81420135498047
-42.722999572753906
-42.499000549316406
-42.40760040283203
-42.18429946899414
-42.09280014038086
-41.870399475097656
-41.77859878540039
-41.55659866333008
-41.46480178833008
-41.24340057373047
-41.15169906616211
-40.93109893798828
-40.83919906616211
-40.61880111694336
-40.5265007019043
-45.91450119018555
-45.82809829711914
-45.59859848022461
-45.51219940185547
-45.28300094604492
-45.1963005065918
-44.96820068359375
-44.88180160522461
-44.65439987182617
-44.56760025024414
-44.341400146484375
-44.25419998168945
-44.02840042114258
-43.94029998779297
-43.714599609375
-43.62580108642578
-43.400001525878906
-43.310298919677734
-43.08539962768555
-42.995399475097656
-42.77130126953125
-42.68090057373047
-42.457298278808594
-42.36650085449219
-42.1432991027832
-42.0526008605957
-41.82979965209961
-41.73899841308594
-41.51729965209961
-41.42660140991211
-41.2052001953125
-41.113800048828125
-40.89339828491211
-40.802398681640625
-40.582801818847656
-40.4911003112793
-46.17290115356445
-46.08689880371094
-45.85689926147461
-45.77080154418945
-45.541099548339844
-45.45539855957031
-45.22679901123047
-45.14070129394531
-44.91210174560547
-44.82619857788086
-44.5989990234375
-44.51359939575195
-44.287200927734375
-44.201900482177734
-43.97589874267578
-43.88970184326172
-43.66400146484375
-43.57709884643555
-43.351898193359375
-43.26369857788086
-43.03919982910156
-42.95069885253906
-42.72639846801758
-42.63710021972656
-42.41350173950195
-42.324100494384766
-42.10100173950195
-42.01100158691406
-41.78860092163086
-41.69810104370117
-41.47639846801758
-41.38629913330078
-41.16569900512695
-41.07529830932617
-40.85499954223633
-40.76449966430664
-40.544898986816406
-40.4541015625
-46.112701416015625
-46.0276985168457
-45.797698974609375
-45.71289825439453
-45.48350143432617
-45.39799880981445
-45.16899871826172
-45.083499908447266
-44.854698181152344
-44.7692985534668
-44.54159927368164
-44.45709991455078
-44.23080062866211
-44.14630126953125
-43.920799255371094
-43.83580017089844
-43.611000061035156
-43.5255012512207
-43.30120086669922
-43.214500427246094
-42.990299224853516
-42.903099060058594
-42.6796989440918
-42.59149932861328
-42.368099212646484
-42.27949905395508
-42.057098388671875
-41.968101501464844
-41.74610137939453
-41.656700134277344
-41.43550109863281
-41.34560012817383
-41.125099182128906
-41.03519821166992
-40.814998626708984
-40.72520065307617
-40.50519943237305
-40.415401458740234
-46.368499755859375
-46.283199310302734
-46.0536003112793
-45.967899322509766
-45.73889923095703
-45.65370178222656
-45.42570114135742
-45.34040069580078
-45.111900329589844
-45.0260009765625
-44.79779815673828
-44.71189880371094
-44.48469924926758
-44.39970016479492
-44.17380142211914
-44.089500427246094
-43.86470031738281
-43.780601501464844
-43.55659866333008
-43.47209930419922
-43.24879837036133
-43.16339874267578
-42.94049835205078
-42.854000091552734
-42.632301330566406
-42.54499816894531
-42.323699951171875
-42.23500061035156
-42.013999938964844
-41.924800872802734
-41.704200744628906
-41.614601135253906
-41.39459991455078
-41.30500030517578
-41.08489990234375
-40.99489974975586
-40.7755012512207
-40.68550109863281
-40.46609878540039
-40.3755989074707
-46.62289810180664
-46.53860092163086
-46.30870056152344
-46.22380065917969
-45.99449920654297
-45.90959930419922
-45.68090057373047
-45.59600067138672
-45.36750030517578
-45.282501220703125
-45.05419921875
-44.96889877319336
-44.740501403808594
-44.65520095825195
-44.428199768066406
-44.34339904785156
-44.1172981262207
-44.03269958496094
-43.80799865722656
-43.724300384521484
-43.500701904296875
-43.41699981689453
-43.19449996948242
-43.11069869995117
-42.88880157470703
-42.80390167236328
-42.58290100097656
-42.49769973754883
-42.27730178833008
-42.19049835205078
-41.969600677490234
-41.88199996948242
-41.661399841308594
-41.572898864746094
-41.352699279785156
-41.263999938964844
-41.04410171508789
-40.9547004699707
-40.73500061035156
-40.64590072631836
-40.42689895629883
-40.337100982666016
-46.56039810180664
-46.47710037231445
-46.24800109863281
-46.16389846801758
-45.934600830078125
-45.850101470947266
-45.621700286865234
-45.537498474121094
-45.30970001220703
-45.224700927734375
-44.996700286865234
-44.91120147705078
-44.68339920043945
-44.597999572753906
-44.37110137939453
-44.286598205566406
-44.06100082397461
-43.97650146484375
-43.75189971923828
-43.667999267578125
-43.44449996948242
-43.360801696777344
-43.13859939575195
-43.055999755859375
-42.83489990234375
-42.75149917602539
-42.53099822998047
-42.44729995727539
-42.22740173339844
-42.14250183105469
-41.92259979248047
-41.83649826049805
-41.616798400878906
-41.52939987182617
-41.309600830078125
-41.22140121459961
-41.00189971923828
-40.91320037841797
-40.69390106201172
-40.605098724365234
-40.38650131225586
-40.297298431396484
-46.808101654052734
-46.725799560546875
-46.49729919433594
-46.41460037231445
-46.18619918823242
-46.102901458740234
-45.8744010925293
-45.790199279785156
-45.5619010925293
-45.477901458740234
-45.250099182128906
-45.16619873046875
-44.938201904296875
-44.85369873046875
-44.62580108642578
-44.54100036621094
-44.31399917602539
-44.22949981689453
-44.00379943847656
-43.9197998046875
-43.695098876953125
-43.61159896850586
-43.38740158081055
-43.304100036621094
-43.081298828125
-42.9995002746582
-42.77880096435547
-42.696800231933594
-42.47679901123047
-42.39440155029297
-42.17530059814453
-42.092098236083984
-41.87300109863281
-41.78839874267578
-41.56959915161133
-41.484100341796875
-41.264801025390625
-41.17770004272461
-40.95790100097656
-40.870399475097656
-40.65119934082031
-40.563499450683594
-40.34450149536133
-40.25630187988281
-46.74190139770508
-46.66080093383789
-46.432098388671875
-46.350799560546875
-46.12229919433594
-46.04050064086914
-45.81209945678711
-45.72930145263672
-45.500701904296875
-45.41740036010742
-45.189300537109375
-45.105899810791016
-44.87860107421875
-44.794898986816406
-44.56800079345703
-44.4833984375
-44.25699996948242
-44.17250061035156
-43.94660186767578
-43.86240005493164
-43.63779830932617
-43.554500579833984
-43.33039855957031
-43.24679946899414
-43.02410125732422
-42.94179916381836
-42.72119903564453
-42.63999938964844
-42.420799255371094
-42.339500427246094
-42.12070083618164
-42.03889846801758
-41.82040023803711
-41.737701416015625
-41.51919937133789
-41.43560028076172
-41.21730041503906
-41.131900787353516
-40.91270065307617
-40.825801849365234
-40.607200622558594
-40.520198822021484
-40.30149841308594
-40.213600158691406
-46.983299255371094
-46.90330123901367
-46.674598693847656
-46.59400177001953
-46.36589813232422
-46.28499984741211
-46.05730056762695
-45.97589874267578
-45.74829864501953
-45.66630172729492
-45.438499450683594
-45.35559844970703
-45.127498626708984
-45.04439926147461
-44.817501068115234
-44.73509979248047
-44.50859832763672
-44.42530059814453
-44.19889831542969
-44.11520004272461
-43.88930130004883
-43.805301666259766
-43.580101013183594
-43.49689865112305
-43.27330017089844
-43.19020080566406
-42.96760177612305
-42.885101318359375
-42.66490173339844
-42.58330154418945
-42.364200592041016
-42.282901763916016
-42.064998626708984
-41.984100341796875
-41.76649856567383
-41.684600830078125
-41.46739959716797
-41.38460159301758
-41.167701721191406
-41.083900451660156
-40.866798400878906
-40.78089904785156
-40.56290054321289
-40.47610092163086
-40.25830078125
-40.17070007324219
-47.219600677490234
-47.1416015625
-46.914100646972656
-46.83470153808594
-46.60689926147461
-46.526798248291016
-46.299598693847656
-46.219200134277344
-45.992401123046875
-45.911399841308594
-45.68429946899414
-45.60260009765625
-45.375701904296875
-45.29349899291992
-45.06629943847656
-44.98320007324219
-44.75669860839844
-44.67409896850586
-44.448299407958984
-44.365299224853516
-44.13990020751953
-44.056800842285156
-43.831600189208984
-43.74769973754883
-43.523101806640625
-43.43960189819336
-43.215999603271484
-43.13290023803711
-42.9109992980957
-42.82870101928711
-42.6083984375
-42.527099609375
-42.307899475097656
-42.226600646972656
-42.00849914550781
-41.928199768066406
-41.711299896240234
-41.63050079345703
-41.41429901123047
-41.333099365234375
-41.11709976196289
-41.03450012207031
-40.81840133666992
-40.73440170288086
-40.517799377441406
-40.432098388671875
-40.214500427246094
-40.127498626708984
-47.14649963378906
-47.06999969482422
-46.84360122680664
-46.76570129394531
-46.53900146484375
-46.45970153808594
-46.23310089111328
-46.153099060058594
-45.92610168457031
-45.84590148925781
-45.619300842285156
-45.53879928588867
-45.3120002746582
-45.230499267578125
-45.00379943847656
-44.92169952392578
-44.6953010559082
-44.613399505615234
-44.38759994506836
-44.30509948730469
-44.07979965209961
-43.99760055541992
-43.77299880981445
-43.689998626708984
-43.46590042114258
-43.38290023803711
-43.1599006652832
-43.076499938964844
-42.854400634765625
-42.77190017700195
-42.55179977416992
-42.47050094604492
-42.25149917602539
-42.17020034790039
-41.95240020751953
-41.872100830078125
-41.65610122680664
-41.575599670410156
-41.36040115356445
-41.27989959716797
-41.065399169921875
-40.9838981628418
-40.76919937133789
-40.68629837036133
-40.471099853515625
-40.38650131225586
-40.170799255371094
-40.08440017700195
-47.30080032348633
-47.073001861572266
-46.996700286865234
-46.770999908447266
-46.694400787353516
-46.46839904785156
-46.390899658203125
-46.16429901123047
-46.08570098876953
-45.859100341796875
-45.77949905395508
-45.55329895019531
-45.4734001159668
-45.24769973754883
-45.16680145263672
-44.94070053100586
-44.85919952392578
-44.633399963378906
-44.55160140991211
-44.326900482177734
-44.24489974975586
-44.020599365234375
-43.9379997253418
-43.7140998840332
-43.63130187988281
-43.407798767089844
-43.325401306152344
-43.102699279785156
-43.020198822021484
-42.79840087890625
-42.71590042114258
-42.49570083618164
-42.41400146484375
-42.19490051269531
-42.11360168457031
-41.89619827270508
-41.816200256347656
-41.60049819946289
-41.52069854736328
-41.30609893798828
-41.22629928588867
-41.01279830932617
-40.93239974975586
-40.71950149536133
-40.63779830932617
-40.42430114746094
-40.340599060058594
-40.12649917602539
-40.04130172729492
-46.92300033569336
-46.6973991394043
-46.62160110473633
-46.39590072631836
-46.319400787353516
-46.09370040893555
-46.01599884033203
-45.790401458740234
-45.71200180053711
-45.486698150634766
-45.40760040283203
-45.18239974975586
-45.102298736572266
-44.876399993896484
-44.79570007324219
-44.57080078125
-44.4901008605957
-44.265899658203125
-44.18450164794922
-43.96099853515625
-43.87910079956055
-43.65530014038086
-43.57279968261719
-43.34939956665039
-43.2671012878418
-43.045101165771484
-42.963199615478516
-42.742000579833984
-42.659698486328125
-42.43980026245117
-42.35820007324219
-42.139400482177734
-42.05780029296875
-41.84049987792969
-41.760101318359375
-41.54499816894531
-41.465301513671875
-41.2515983581543
-41.17219924926758
-40.959999084472656
-40.880401611328125
-40.6692008972168
-40.58869934082031
-40.37699890136719
-40.2943000793457
-40.08169937133789
-39.99769973754883
-46.54710006713867
-46.321800231933594
-46.24639892578125
-46.02109909057617
-45.94490051269531
-45.719600677490234
-45.6427001953125
-45.41740036010742
-45.33980178833008
-45.11479949951172
-45.0364990234375
-44.81119918823242
-44.731201171875
-44.50659942626953
-44.42689895629883
-44.2036018371582
-44.12329864501953
-43.899898529052734
-43.819000244140625
-43.59560012817383
-43.51380157470703
-43.291099548339844
-43.20909881591797
-42.98720169067383
-42.90549850463867
-42.685001373291016
-42.60350036621094
-42.3838996887207
-42.3025016784668
-42.08430099487305
-42.00279998779297
-41.78609848022461
-41.70539855957031
-41.49089813232422
-41.41080093383789
-41.19810104370117
-41.11859893798828
-40.90729904174805
-40.82809829711914
-40.61790084838867
-40.53860092163086
-40.32830047607422
-40.24720001220703
-40.03630065917969
-39.95349884033203
-46.1713981628418
-45.94609832763672
-45.87110137939453
-45.64649963378906
-45.57109832763672
-45.3468017578125
-45.27000045776367
-45.0452995300293
-44.96770095825195
-44.74259948730469
-44.664398193359375
-44.440399169921875
-44.36249923706055
-44.139801025390625
-44.06050109863281
-43.83769989013672
-43.75740051269531
-43.5349006652832
-43.45399856567383
-43.2318000793457
-43.15079879760742
-42.929298400878906
-42.84769821166992
-42.62739944458008
-42.5463981628418
-42.32789993286133
-42.24689865112305
-42.02939987182617
-41.948299407958984
-41.73189926147461
-41.65129852294922
-41.4370002746582
-41.3572998046875
-41.144798278808594
-41.06570053100586
-40.854698181152344
-40.77579879760742
-40.565799713134766
-40.48720169067383
-40.2781982421875
-40.198699951171875
-39.98929977416992
-39.90800094604492
-45.79629898071289
-45.571998596191406
-45.49720001220703
-45.27349853515625
-45.19850158691406
-44.974098205566406
-44.897701263427734
-44.67290115356445
-44.595401763916016
-44.37229919433594
-44.295501708984375
-44.07400131225586
-43.99620056152344
-43.774200439453125
-43.69499969482422
-43.472999572753906
-43.39310073852539
-43.17169952392578
-43.09130096435547
-42.87099838256836
-42.790000915527344
-42.57040023803711
-42.48929977416992
-42.27119827270508
-42.19070053100586
-41.97359848022461
-41.8932991027832
-41.67729949951172
-41.59700012207031
-41.382598876953125
-41.30329895019531
-41.09080123901367
-41.012001037597656
-40.800899505615234
-40.72269821166992
-40.51300048828125
-40.435001373291016
-40.22639846801758
-40.14820098876953
-39.93989944458008
-39.86050033569336
-45.42290115356445
-45.19929885864258
-45.124698638916016
-44.90140151977539
-44.82569885253906
-44.601600646972656
-44.52519989013672
-44.302799224853516
-44.227298736572266
-44.00640106201172
-43.929901123046875
-43.708499908447266
-43.630699157714844
-43.40959930419922
-43.33110046386719
-43.110599517822266
-43.03110122680664
-42.81169891357422
-42.731998443603516
-42.51319885253906
-42.432701110839844
-42.214599609375
-42.134300231933594
-41.917999267578125
-41.837799072265625
-41.622501373291016
-41.542301177978516
-41.3286018371582
-41.249298095703125
-41.0369987487793
-40.95790100097656
-40.74700164794922
-40.668800354003906
-40.45970153808594
-40.38209915161133
-40.17399978637695
-40.09629821777344
-39.888999938964844
-39.810699462890625
-45.050498962402344
-44.82749938964844
-44.752899169921875
-44.52949905395508
-44.453800201416016
-44.231998443603516
-44.15729904174805
-43.93730163574219
-43.861900329589844
-43.64179992675781
-43.56489944458008
-43.34469985961914
-43.2672004699707
-43.047698974609375
-42.96950149536133
-42.750999450683594
-42.67259979248047
-42.4547004699707
-42.375
-42.157798767089844
-42.077999114990234
-41.86220169067383
-41.782501220703125
-41.567901611328125
-41.48820114135742
-41.27450180053711
-41.1952018737793
-40.9827995300293
-40.90399932861328
-40.69300079345703
-40.6151008605957
-40.405799865722656
-40.3286018371582
-40.12080001831055
-40.043800354003906
-39.837100982666016
-39.7599983215332
-44.38199996948242
-44.161598205566406
-44.08720016479492
-43.86830139160156
-43.79309844970703
-43.57440185546875
-43.49850082397461
-43.279701232910156
-43.202701568603516
-42.984100341796875
-42.90650177001953
-42.688499450683594
-42.61109924316406
-42.393699645996094
-42.31570053100586
-42.0989990234375
-42.02080154418945
-41.80509948730469
-41.726200103759766
-41.51179885864258
-41.43320083618164
-41.21989822387695
-41.140899658203125
-40.92850112915039
-40.849700927734375
-40.63859939575195
-40.560699462890625
-40.35169982910156
-40.27479934692383
-40.06679916381836
-39.99020004272461
-39.78369903564453
-39.70759963989258
-44.016700744628906
-43.79880142211914
-43.72480010986328
-43.50680160522461
-43.43149948120117
-43.21379852294922
-43.13779830932617
-42.919498443603516
-42.84280014038086
-42.62519836425781
-42.548500061035156
-42.331600189208984
-42.25419998168945
-42.03799819946289
-41.96080017089844
-41.74589920043945
-41.66830062866211
-41.454200744628906
-41.37649917602539
-41.16360092163086
-41.08549880981445
-40.87369918823242
-40.79570007324219
-40.585201263427734
-40.506900787353516
-40.298099517822266
-40.22079849243164
-40.01340103149414
-39.9364013671875
-39.73030090332031
-39.654300689697266
-43.65489959716797
-43.4379997253418
-43.36389923095703
-43.14690017700195
-43.071998596191406
-42.855201721191406
-42.77870178222656
-42.562198638916016
-42.48540115356445
-42.269500732421875
-42.19240188598633
-41.97679901123047
-41.89979934692383
-41.68579864501953
-41.60900115966797
-41.39609909057617
-41.31890106201172
-41.1067008972168
-41.02909851074219
-40.81840133666992
-40.7411994934082
-40.53120040893555
-40.45330047607422
-40.24470138549805
-40.167701721191406
-39.959999084472656
-39.882999420166016
-39.676700592041016
-39.60100173950195
-43.2947998046875
-43.07889938354492
-43.00510025024414
-42.789398193359375
-42.71440124511719
-42.49850082397461
-42.422698974609375
-42.20709991455078
-42.130699157714844
-41.91529846191406
-41.838600158691406
-41.62459945678711
-41.54880142211914
-41.336299896240234
-41.26029968261719
-41.04880142211914
-40.9724006652832
-40.76169967651367
-40.685298919677734
-40.47570037841797
-40.39889907836914
-40.189701080322266
-40.113399505615234
-39.90589904785156
-39.829498291015625
-39.623199462890625
-39.54750061035156
-42.937198638916016
-42.722599029541016
-42.64860153198242
-42.433799743652344
-42.35860061645508
-42.143699645996094
-42.067901611328125
-41.852901458740234
-41.77669906616211
-41.56330108642578
-41.48789978027344
-41.27619934082031
-41.200401306152344
-40.98970031738281
-40.91400146484375
-40.70399856567383
-40.62810134887695
-40.418399810791016
-40.34239959716797
-40.13349914550781
-40.05759811401367
-39.84980010986328
-39.77439880371094
-39.568199157714844
-39.493499755859375
-42.58150100708008
-42.367801666259766
-42.29399871826172
-42.07939910888672
-42.00419998168945
-41.789798736572266
-41.71419906616211
-41.50170135498047
-41.42689895629883
-41.21630096435547
-41.14099884033203
-40.93069839477539
-40.855201721191406
-40.64550018310547
-40.56990051269531
-40.360599517822266
-40.28499984741211
-40.07659912109375
-40.0010986328125
-39.79349899291992
-39.71799850463867
-39.51150131225586
-39.43709945678711
-42.22700119018555
-42.01300048828125
-41.93920135498047
-41.724998474121094
-41.65079879760742
-41.43840026855469
-41.364898681640625
-41.15399932861328
-41.0802001953125
-40.86949920654297
-40.7952995300293
-40.585201263427734
-40.51089859008789
-40.30139923095703
-40.226600646972656
-40.01810073852539
-39.94369888305664
-39.73619842529297
-39.661399841308594
-39.4547004699707
-39.38019943237305
-41.872501373291016
-41.659000396728516
-41.58530044555664
-41.37310028076172
-41.30039978027344
-41.089599609375
-41.016700744628906
-40.805999755859375
-40.732601165771484
-40.52280044555664
-40.44969940185547
-40.240699768066406
-40.16680145263672
-39.958099365234375
-39.88420104980469
-39.67610168457031
-39.602500915527344
-39.39509963989258
-39.321998596191406
-41.5181999206543
-41.30580139160156
-41.23440170288086
-41.02360153198242
-40.951499938964844
-40.7411994934082
-40.66859817504883
-40.45880126953125
-40.38639831542969
-40.17729949951172
-40.10490036010742
-39.89609909057617
-39.82320022583008
-39.614601135253906
-39.54140090942383
-39.33409881591797
-39.26139831542969
-41.16619873046875
-40.9556999206543
-40.88460159301758
-40.67380142211914
-40.602500915527344
-40.392398834228516
-40.3213005065918
-40.11140060424805
-40.039798736572266
-39.83039855957031
-39.75920104980469
-39.55070114135742
-39.479000091552734
-39.27080154418945
-39.19919967651367
-40.81570053100586
-40.605201721191406
-40.534400939941406
-40.32389831542969
-40.253299713134766
-40.0432014465332
-39.97249984741211
-39.76300048828125
-39.692501068115234
-39.48360061645508
-39.41310119628906
-39.20479965209961
-39.134300231933594
-40.18389892578125
-39.97309875488281
-39.903099060058594
-39.69340133666992
-39.62409973144531
-39.41529846191406
-39.345298767089844
-39.13679885864258
-39.06669998168945
-39.832401275634766
-39.62300109863281
-39.55400085449219
-39.34510040283203
-39.275699615478516
-39.06740188598633
-38.99850082397461
-39.48310089111328
-39.27439880371094
-39.205299377441406
-38.99679946899414
-38.928199768066406
-39.20199966430664
-39.13410186767578
-38.92580032348633
-38.85749816894531
-39.06079864501953
-38.85309982299805
-38.7859001159668
-38.71189880371094
