# vtk DataFile Version 3.0
SHAPE_sfm_50k_v20200323
ASCII
DATASET POLYDATA
POINTS 1398 float
-0.33948999643325806 -0.3106299936771393 0.11794999986886978
-0.34064000844955444 -0.311599999666214 0.11595000326633453
-0.33847999572753906 -0.3135400116443634 0.11666999757289886
-0.3396500051021576 -0.3146199882030487 0.11473999917507172
-0.34185001254081726 -0.3127099871635437 0.11406999826431274
-0.3409000039100647 -0.31567999720573425 0.11285000294446945
-0.3430500030517578 -0.31369999051094055 0.11212000250816345
-0.3420099914073944 -0.31657999753952026 0.11078999936580658
-0.3441399931907654 -0.3145799934864044 0.11005999892950058
-0.34303000569343567 -0.3174099922180176 0.10867000371217728
-0.34505000710487366 -0.3153199851512909 0.10785999894142151
-0.34391000866889954 -0.3184800148010254 0.10657999664545059
-0.3459100127220154 -0.3163500130176544 0.10575000196695328
-0.3447900116443634 -0.3194600045681 0.10446000099182129
-0.3468399941921234 -0.31735000014305115 0.10366000235080719
-0.34571000933647156 -0.3204500079154968 0.10236000269651413
-0.3478100001811981 -0.31836000084877014 0.10159000009298325
-0.346670001745224 -0.321399986743927 0.10023999959230423
-0.3489300012588501 -0.3194200098514557 0.09962999820709229
-0.3477399945259094 -0.3225100040435791 0.09827999770641327
-0.34995999932289124 -0.32047000527381897 0.0976099967956543
-0.34894001483917236 -0.32361000776290894 0.09636999666690826
-0.3510800004005432 -0.3215000033378601 0.09562999755144119
-0.3501800000667572 -0.32471999526023865 0.09450999647378922
-0.35221999883651733 -0.322519987821579 0.09365999698638916
-0.35131001472473145 -0.32572999596595764 0.09250999987125397
-0.35346999764442444 -0.3235900104045868 0.09177999943494797
-0.35207998752593994 -0.32670000195503235 0.09034000337123871
-0.35447999835014343 -0.3247399926185608 0.08980000019073486
-0.35304000973701477 -0.32771000266075134 0.08827000111341476
-0.355430006980896 -0.32572999596595764 0.08771999925374985
-0.3540399968624115 -0.32870998978614807 0.08619999885559082
-0.3562699854373932 -0.3265799880027771 0.08551999926567078
-0.3550100028514862 -0.32958999276161194 0.08406999707221985
-0.35719001293182373 -0.3274199962615967 0.08336000144481659
-0.35600000619888306 -0.33059999346733093 0.08201000094413757
-0.35811999440193176 -0.3283799886703491 0.08124999701976776
-0.35690000653266907 -0.3314400017261505 0.07982999831438065
-0.359140008687973 -0.3293200135231018 0.07917000353336334
-0.35798001289367676 -0.33239999413490295 0.07778999954462051
-0.3600899875164032 -0.330159991979599 0.0770300030708313
-0.3591099977493286 -0.3334299921989441 0.07580000162124634
-0.3610300123691559 -0.3310199975967407 0.07486999779939651
-0.3597399890422821 -0.33441001176834106 0.07357999682426453
-0.36201000213623047 -0.3322699964046478 0.07293999940156937
-0.36059001088142395 -0.3354699909687042 0.07148999720811844
-0.36305001378059387 -0.33348000049591064 0.07101000100374222
-0.36155998706817627 -0.3366599977016449 0.06950999796390533
-0.3640100061893463 -0.33463001251220703 0.06900999695062637
-0.3625999987125397 -0.3378799855709076 0.06750000268220901
-0.3648099899291992 -0.3355199992656708 0.0668099969625473
-0.36296001076698303 -0.33838000893592834 0.06503000110387802
-0.3654400110244751 -0.3363499939441681 0.06453999876976013
-0.3636400103569031 -0.3391200006008148 0.06273999810218811
-0.36605000495910645 -0.337009996175766 0.062210001051425934
-0.3643600046634674 -0.33987998962402344 0.06046000123023987
-0.36673998832702637 -0.3376699984073639 0.05990999937057495
-0.3648200035095215 -0.34022000432014465 0.058010000735521317
-0.36739999055862427 -0.3382999897003174 0.05758000165224075
-0.3679099977016449 -0.3393400013446808 0.05538000166416168
-0.3652699887752533 -0.34119999408721924 0.05576999858021736
-0.3686699867248535 -0.3405900001525879 0.05333999916911125
-0.36581000685691833 -0.3421500027179718 0.05352000147104263
-0.36928001046180725 -0.34147998690605164 0.05107999965548515
-0.3664799928665161 -0.34314998984336853 0.051330000162124634
-0.370169997215271 -0.34266000986099243 0.049070000648498535
-0.367249995470047 -0.3441399931907654 0.04916999861598015
-0.3710800111293793 -0.34404999017715454 0.047200001776218414
-0.36803001165390015 -0.34529000520706177 0.04709000140428543
-0.371969997882843 -0.34521999955177307 0.045180000364780426
-0.3688800036907196 -0.3463599979877472 0.04500000178813934
-0.3728500008583069 -0.3462899923324585 0.04309999942779541
-0.36976999044418335 -0.3474699854850769 0.04293999820947647
-0.37365999817848206 -0.34709998965263367 0.0408799983561039
-0.3706299960613251 -0.34841999411582947 0.040789999067783356
-0.33741000294685364 -0.31648001074790955 0.11541999876499176
-0.3364900052547455 -0.3156000077724457 0.11757999658584595
-0.33858001232147217 -0.31749001145362854 0.11344999819993973
-0.3398300111293793 -0.3185200095176697 0.11153999716043472
-0.3409700095653534 -0.3194600045681 0.10950999706983566
-0.34185999631881714 -0.3205600082874298 0.10744000226259232
-0.342739999294281 -0.32155001163482666 0.10531000047922134
-0.34362998604774475 -0.32253000140190125 0.10318999737501144
-0.344650000333786 -0.32354000210762024 0.10113999992609024
-0.3457300066947937 -0.3246699869632721 0.09917999804019928
-0.3469099998474121 -0.3257800042629242 0.09726999700069427
-0.3478899896144867 -0.3267199993133545 0.09516999870538712
-0.3488300144672394 -0.3275899887084961 0.093019999563694
-0.3496699929237366 -0.32864001393318176 0.0908999964594841
-0.3505899906158447 -0.3296299874782562 0.0887800008058548
-0.351529985666275 -0.33059000968933105 0.08666999638080597
-0.3525800108909607 -0.3315500020980835 0.08460000157356262
-0.353630006313324 -0.33261001110076904 0.0825899988412857
-0.35457998514175415 -0.3334999978542328 0.08044999837875366
-0.355459988117218 -0.33428001403808594 0.07823999971151352
-0.35627999901771545 -0.3349800109863281 0.07598000019788742
-0.3569900095462799 -0.33601000905036926 0.07381000369787216
-0.35776999592781067 -0.33698999881744385 0.07163000106811523
-0.35872000455856323 -0.33816999197006226 0.06962999701499939
-0.35958001017570496 -0.3391900062561035 0.06747999787330627
-0.36013999581336975 -0.3399899899959564 0.06516999751329422
-0.3608599901199341 -0.34077998995780945 0.06289000064134598
-0.36142998933792114 -0.3413200080394745 0.060509998351335526
-0.3621399998664856 -0.34202998876571655 0.05823000147938728
-0.3626199960708618 -0.3430599868297577 0.05598999932408333
-0.36316001415252686 -0.34400999546051025 0.0537399984896183
-0.3636600077152252 -0.34477999806404114 0.05139999836683273
-0.364329993724823 -0.3456000089645386 0.04913000017404556
-0.3649899959564209 -0.3465000092983246 0.046890001744031906
-0.36579999327659607 -0.3474999964237213 0.04475000128149986
-0.36673998832702637 -0.34880000352859497 0.042810000479221344
-0.36765000224113464 -0.3499000072479248 0.04072999954223633
-0.37130001187324524 -0.3493100106716156 0.0385500006377697
-0.36823999881744385 -0.3505699932575226 0.03836999833583832
-0.33507001399993896 -0.3182600140571594 0.11597999930381775
-0.33397001028060913 -0.31716999411582947 0.11795999854803085
-0.3362700045108795 -0.31929999589920044 0.11404000222682953
-0.3376300036907196 -0.3204500079154968 0.11225000023841858
-0.3388899862766266 -0.32150998711586 0.11033999919891357
-0.3397200107574463 -0.3225899934768677 0.10822000354528427
-0.34057000279426575 -0.32357001304626465 0.10608000308275223
-0.3416599929332733 -0.3246999979019165 0.10412000119686127
-0.34272000193595886 -0.3257499933242798 0.10210999846458435
-0.3438499867916107 -0.3269299864768982 0.10018999874591827
-0.34481000900268555 -0.32791998982429504 0.09808000177145004
-0.3458699882030487 -0.32896000146865845 0.09604000300168991
-0.34676000475883484 -0.3298099935054779 0.09384000301361084
-0.3474299907684326 -0.33072999119758606 0.09159000217914581
-0.3482399880886078 -0.3316499888896942 0.08939000219106674
-0.34918999671936035 -0.3326300084590912 0.08726999908685684
-0.3502100110054016 -0.33357998728752136 0.08517999947071075
-0.35120999813079834 -0.3346000015735626 0.08312000334262848
-0.35214999318122864 -0.3354800045490265 0.08096999675035477
-0.3531000018119812 -0.33632999658584595 0.07882999628782272
-0.3539699912071228 -0.33708998560905457 0.07660999894142151
-0.35440999269485474 -0.33781999349594116 0.0742499977350235
-0.3549799919128418 -0.3384999930858612 0.07188999652862549
-0.3557099997997284 -0.33928999304771423 0.06961999833583832
-0.3565399944782257 -0.34025999903678894 0.06745000183582306
-0.3571699857711792 -0.3412399888038635 0.06521999835968018
-0.3579699993133545 -0.3422299921512604 0.06305000185966492
-0.3587400019168854 -0.3430899977684021 0.060819998383522034
-0.3594599962234497 -0.3438299894332886 0.05852999910712242
-0.3600099980831146 -0.3449699878692627 0.05634000152349472
-0.3605499863624573 -0.34595999121665955 0.05406999960541725
-0.3608799874782562 -0.34648001194000244 0.0516199991106987
-0.3613399863243103 -0.3469499945640564 0.04918999969959259
-0.36191999912261963 -0.3476699888706207 0.04684999957680702
-0.3626599907875061 -0.34848999977111816 0.044599998742341995
-0.3635900020599365 -0.34981998801231384 0.04267000034451485
-0.36449000239372253 -0.3509100079536438 0.04056999832391739
-0.36511000990867615 -0.35166001319885254 0.03824000060558319
-0.3327699899673462 -0.3200699985027313 0.11664000153541565
-0.3313399851322174 -0.31856998801231384 0.11810000240802765
-0.33410999178886414 -0.32124000787734985 0.11483000218868256
-0.3352999985218048 -0.3222599923610687 0.11286000162363052
-0.33640000224113464 -0.32319000363349915 0.11078000068664551
-0.3371799886226654 -0.3242399990558624 0.10863000154495239
-0.33807000517845154 -0.32528001070022583 0.10649999976158142
-0.33921000361442566 -0.3265100121498108 0.10461000353097916
-0.3403800129890442 -0.32767000794410706 0.10270000249147415
-0.3414100110530853 -0.32879000902175903 0.10068000108003616
-0.3424000144004822 -0.3298099935054779 0.09859000146389008
-0.34330999851226807 -0.3307200074195862 0.09641999751329422
-0.3443000018596649 -0.3316900134086609 0.09431000053882599
-0.3451699912548065 -0.33281001448631287 0.09222999960184097
-0.3460499942302704 -0.3338100016117096 0.09008999913930893
-0.34709998965263367 -0.33487001061439514 0.0880500003695488
-0.3484100103378296 -0.33601000905036926 0.08620999753475189
-0.349480003118515 -0.3370499908924103 0.08416999876499176
-0.35034000873565674 -0.337909996509552 0.08196000009775162
-0.3511100113391876 -0.33866000175476074 0.07968000322580338
-0.351639986038208 -0.33913999795913696 0.07727000117301941
-0.3520300090312958 -0.33983999490737915 0.07487999647855759
-0.3523600101470947 -0.34025999903678894 0.07241000235080719
-0.3529599905014038 -0.34088999032974243 0.07004000246524811
-0.3537200093269348 -0.3417600095272064 0.06780000030994415
-0.3542799949645996 -0.34261998534202576 0.06549999862909317
-0.3550199866294861 -0.34352999925613403 0.06327000260353088
-0.3558500111103058 -0.344539999961853 0.06111999973654747
-0.3568800091743469 -0.3458099961280823 0.05916000157594681
-0.357340008020401 -0.3468100130558014 0.05685000121593475
-0.35767000913619995 -0.34744998812675476 0.05437999963760376
-0.3580299913883209 -0.3480199873447418 0.05194000154733658
-0.3584100008010864 -0.34836000204086304 0.049469999969005585
-0.3588100075721741 -0.3487600088119507 0.04701000079512596
-0.3594900071620941 -0.34942999482154846 0.04464999958872795
-0.3603399991989136 -0.35047000646591187 0.04250999912619591
-0.36125001311302185 -0.3515799939632416 0.04042999818921089
-0.36190998554229736 -0.35253000259399414 0.038189999759197235
-0.3657900094985962 -0.35242000222206116 0.03593999892473221
-0.3626300096511841 -0.3534500002861023 0.03596000000834465
-0.3303999900817871 -0.3218899965286255 0.1168999969959259
-0.3289099931716919 -0.32030001282691956 0.1182200014591217
-0.33184999227523804 -0.3232100009918213 0.11525999754667282
-0.33302000164985657 -0.324209988117218 0.11321999877691269
-0.3339900076389313 -0.3250100016593933 0.11101000010967255
-0.3347800076007843 -0.326090008020401 0.1088699996471405
-0.335889995098114 -0.32736000418663025 0.10696999728679657
-0.33698999881744385 -0.3285599946975708 0.10503000020980835
-0.3380500078201294 -0.3296299874782562 0.10300000011920929
-0.3389599919319153 -0.33065998554229736 0.10086999833583832
-0.33983999490737915 -0.33156999945640564 0.09867999702692032
-0.34077000617980957 -0.3325200080871582 0.0965299978852272
-0.34178999066352844 -0.33355000615119934 0.09446000307798386
-0.3428800106048584 -0.3349199891090393 0.0926399976015091
-0.34419000148773193 -0.33629998564720154 0.09092000126838684
-0.34523001313209534 -0.3373599946498871 0.08885999768972397
-0.3463999927043915 -0.33845001459121704 0.08693999797105789
-0.34779998660087585 -0.3397499918937683 0.08524999767541885
-0.3489600121974945 -0.3407599925994873 0.08314000070095062
-0.3494899868965149 -0.34134000539779663 0.0806099995970726
-0.3497599959373474 -0.34165000915527344 0.07805000245571136
-0.3496200144290924 -0.3418099880218506 0.0754999965429306
-0.3498600125312805 -0.34213998913764954 0.07300999760627747
-0.3503299951553345 -0.342629998922348 0.07057999819517136
-0.3508700132369995 -0.34318000078201294 0.06817000359296799
-0.3514400124549866 -0.34408000111579895 0.06588000059127808
-0.3521299958229065 -0.3449000120162964 0.06358999758958817
-0.35288000106811523 -0.3458000123500824 0.06134999915957451
-0.35370001196861267 -0.3467099964618683 0.059140000492334366
-0.3542400002479553 -0.34790000319480896 0.05697000026702881
-0.3548400104045868 -0.3490299880504608 0.05477999895811081
-0.355320006608963 -0.34977999329566956 0.052400000393390656
-0.35569000244140625 -0.35012999176979065 0.04991000145673752
-0.3559400141239166 -0.3503600060939789 0.04740000143647194
-0.3564999997615814 -0.3508400022983551 0.04495000094175339
-0.3572799861431122 -0.351749986410141 0.04270000010728836
-0.3581100106239319 -0.35266000032424927 0.04049000144004822
-0.3587700128555298 -0.35361000895500183 0.03824000060558319
-0.35951998829841614 -0.3546200096607208 0.03604000061750412
-0.36028000712394714 -0.35565999150276184 0.03386000171303749
-0.3276900053024292 -0.32319000363349915 0.11699000000953674
-0.3262900114059448 -0.32172998785972595 0.11852999776601791
-0.3291400074958801 -0.3245300054550171 0.11540000140666962
-0.3305000066757202 -0.3258199989795685 0.11366000026464462
-0.3316099941730499 -0.3267799913883209 0.11158999800682068
-0.3324599862098694 -0.32795000076293945 0.10950999706983566
-0.3335399925708771 -0.3292100131511688 0.10760000348091125
-0.33472999930381775 -0.3305099904537201 0.10576000064611435
-0.3358500003814697 -0.3316499888896942 0.10377000272274017
-0.3365899920463562 -0.3325299918651581 0.10148999840021133
-0.33744001388549805 -0.3334299921989441 0.09927999973297119
-0.3382900059223175 -0.3343200087547302 0.09707000106573105
-0.3393000066280365 -0.3353700041770935 0.09502000361680984
-0.3403399884700775 -0.3367300033569336 0.0931600034236908
-0.34147998690605164 -0.33799999952316284 0.09126999974250793
-0.34251999855041504 -0.3391000032424927 0.08919999748468399
-0.34345000982284546 -0.3398300111293793 0.0869700014591217
-0.3446899950504303 -0.34101998805999756 0.08515000343322754
-0.3459700047969818 -0.34237998723983765 0.08333999663591385
-0.3467099964618683 -0.34314000606536865 0.08089999854564667
-0.3471499979496002 -0.34358999133110046 0.07838000357151031
-0.3471199870109558 -0.34376999735832214 0.07581999897956848
-0.34742000699043274 -0.34419000148773193 0.07333999872207642
-0.34782999753952026 -0.3446199893951416 0.07088000327348709
-0.3483799993991852 -0.3452000021934509 0.06848999857902527
-0.34880000352859497 -0.3458999991416931 0.06609000265598297
-0.3493799865245819 -0.3465699851512909 0.06372000277042389
-0.3500500023365021 -0.34735000133514404 0.061409998685121536
-0.35082998871803284 -0.3481999933719635 0.05914999917149544
-0.3513300120830536 -0.34933000802993774 0.056940000504255295
-0.3519499897956848 -0.3505299985408783 0.05480000004172325
-0.3525800108909607 -0.35155001282691956 0.052549999207258224
-0.35308998823165894 -0.35210999846458435 0.05011000111699104
-0.3535099923610687 -0.3525699973106384 0.04766000062227249
-0.35405999422073364 -0.3530699908733368 0.04523000121116638
-0.35464000701904297 -0.3537299931049347 0.0428600013256073
-0.3552600145339966 -0.35436999797821045 0.04047999903559685
-0.3558099865913391 -0.3551200032234192 0.038120001554489136
-0.356440007686615 -0.3558799922466278 0.03579000011086464
-0.3571000099182129 -0.3566800057888031 0.03348999843001366
-0.32513999938964844 -0.32471999526023865 0.11739999800920486
-0.3265100121498108 -0.32596999406814575 0.11565999686717987
-0.3278700113296509 -0.3272700011730194 0.11394999921321869
-0.3290899991989136 -0.32840999960899353 0.11202999949455261
-0.3298799991607666 -0.32951998710632324 0.10987000167369843
-0.3310199975967407 -0.33087998628616333 0.10803999751806259
-0.3322499990463257 -0.33226001262664795 0.10627999901771545
-0.3333300054073334 -0.3333800137042999 0.10425999760627747
-0.33417001366615295 -0.3343600034713745 0.1020599976181984
-0.33500000834465027 -0.3352600038051605 0.09983000159263611
-0.33583998680114746 -0.33614999055862427 0.0976099967956543
-0.3366599977016449 -0.3370000123977661 0.0953499972820282
-0.33746999502182007 -0.33807000517845154 0.09319999814033508
-0.33851999044418335 -0.33915001153945923 0.09115000069141388
-0.33952999114990234 -0.3402099907398224 0.08906999975442886
-0.3404400050640106 -0.34084001183509827 0.08677999675273895
-0.3415899872779846 -0.34172001481056213 0.0847100019454956
-0.3427799940109253 -0.34286999702453613 0.08278000354766846
-0.3434999883174896 -0.3436200022697449 0.08043999969959259
-0.3440299928188324 -0.3444499969482422 0.07808999717235565
-0.3443099856376648 -0.34529000520706177 0.0757099986076355
-0.3447900116443634 -0.3460499942302704 0.07333000004291534
-0.3452500104904175 -0.346560001373291 0.07089000195264816
-0.3457599878311157 -0.3470900058746338 0.06847000122070312
-0.3462100028991699 -0.34784001111984253 0.06609000265598297
-0.34676000475883484 -0.34845998883247375 0.06368999928236008
-0.3473599851131439 -0.34915000200271606 0.061319999396800995
-0.3480300009250641 -0.349839985370636 0.058970000594854355
-0.34852999448776245 -0.3509500026702881 0.05674000084400177
-0.3491399884223938 -0.35214999318122864 0.054579999297857285
-0.34981000423431396 -0.3532699942588806 0.052390001714229584
-0.35047000646591187 -0.3540799915790558 0.05006999894976616
-0.3510400056838989 -0.35475999116897583 0.047680001705884933
-0.3515999913215637 -0.3552800118923187 0.045260000973939896
-0.35207998752593994 -0.35583001375198364 0.042830001562833786
-0.35260000824928284 -0.3563399910926819 0.040389999747276306
-0.3530699908733368 -0.35697999596595764 0.03799000009894371
-0.3536500036716461 -0.357699990272522 0.03562000021338463
-0.35418999195098877 -0.3583100140094757 0.03322000056505203
-0.35774001479148865 -0.3572100102901459 0.031109999865293503
-0.354779988527298 -0.35879001021385193 0.030799999833106995
-0.3241100013256073 -0.32767999172210693 0.11625000089406967
-0.32273998856544495 -0.32642000913619995 0.11800000071525574
-0.32534998655319214 -0.32886001467704773 0.11438000202178955
-0.32655999064445496 -0.33000999689102173 0.1124500036239624
-0.32745999097824097 -0.3312700092792511 0.11043000221252441
-0.3285500109195709 -0.3325900137424469 0.10853999853134155
-0.32958000898361206 -0.33375000953674316 0.10651999711990356
-0.3306399881839752 -0.33487001061439514 0.10450000315904617
-0.3316499888896942 -0.33608001470565796 0.10249000042676926
-0.33256998658180237 -0.33709999918937683 0.10034999996423721
-0.33333998918533325 -0.33796000480651855 0.09807000309228897
-0.3341499865055084 -0.33880001306533813 0.09581000357866287
-0.334879994392395 -0.3397899866104126 0.09358000010251999
-0.3356899917125702 -0.3405199944972992 0.091279998421669
-0.3366299867630005 -0.34139999747276306 0.08908999711275101
-0.3375599980354309 -0.3421100080013275 0.08682999759912491
-0.33869001269340515 -0.3429200053215027 0.08472000062465668
-0.3398500084877014 -0.34393998980522156 0.08270999789237976
-0.3406600058078766 -0.34498000144958496 0.08049999922513962
-0.34112000465393066 -0.345660001039505 0.07806999981403351
-0.3412500023841858 -0.34619998931884766 0.07558000087738037
-0.3416900038719177 -0.3469400107860565 0.07317999750375748
-0.34224000573158264 -0.3477100133895874 0.07081999629735947
-0.3428399860858917 -0.3484500050544739 0.06846000254154205
-0.3433400094509125 -0.34929999709129333 0.06611999869346619
-0.3440699875354767 -0.35023999214172363 0.06387999653816223
-0.344870001077652 -0.3512200117111206 0.061650000512599945
-0.3454799950122833 -0.3518500030040741 0.05925000086426735
-0.34578999876976013 -0.3526799976825714 0.0568699985742569
-0.34630998969078064 -0.35374000668525696 0.05462000146508217
-0.34696999192237854 -0.3548699915409088 0.05243000015616417
-0.3475300073623657 -0.35554999113082886 0.050039999186992645
-0.3481200039386749 -0.3562900125980377 0.047680001705884933
-0.3487600088119507 -0.3569599986076355 0.04531000182032585
-0.3493799865245819 -0.3577499985694885 0.04295000061392784
-0.34977999329566956 -0.35806000232696533 0.040449999272823334
-0.35010001063346863 -0.358460009098053 0.037939999252557755
-0.3507699966430664 -0.35936999320983887 0.035659998655319214
-0.3514699935913086 -0.3603000044822693 0.0333699993789196
-0.3518800139427185 -0.3604699969291687 0.03082999959588051
-0.32170000672340393 -0.32934999465942383 0.11687999963760376
-0.3203999996185303 -0.328139990568161 0.118709996342659
-0.3229599893093109 -0.3305700123310089 0.11502999812364578
-0.32405999302864075 -0.3316200077533722 0.11298000067472458
-0.324970006942749 -0.33292001485824585 0.11097999662160873
-0.325980007648468 -0.33417001366615295 0.10899999737739563
-0.3271999955177307 -0.33553001284599304 0.10719999670982361
-0.3282899856567383 -0.3366999924182892 0.10520999878644943
-0.32927000522613525 -0.337909996509552 0.1031700000166893
-0.33028000593185425 -0.33908000588417053 0.10110999643802643
-0.3309299945831299 -0.33981001377105713 0.0987199991941452
-0.33169999718666077 -0.34064000844955444 0.09643000364303589
-0.3323099911212921 -0.34150001406669617 0.09410999715328217
-0.33298999071121216 -0.34209001064300537 0.09171999990940094
-0.33386000990867615 -0.342849999666214 0.08945000171661377
-0.3348200023174286 -0.34360000491142273 0.08720999956130981
-0.335889995098114 -0.3443099856376648 0.08501999825239182
-0.3370400071144104 -0.34529998898506165 0.08298999816179276
-0.3379000127315521 -0.3464300036430359 0.08083000034093857
-0.3382300138473511 -0.3469200134277344 0.07830999791622162
-0.3382900059223175 -0.3473599851131439 0.07579000294208527
-0.33869999647140503 -0.3480600118637085 0.07336000353097916
-0.33932000398635864 -0.3490000069141388 0.07106000185012817
-0.3399699926376343 -0.3498600125312805 0.06875000149011612
-0.3404099941253662 -0.3506399989128113 0.0663599967956543
-0.3411700129508972 -0.351639986038208 0.06413999944925308
-0.34196001291275024 -0.35262998938560486 0.06191999837756157
-0.34272000193595886 -0.3534899950027466 0.05964000150561333
-0.3430899977684021 -0.354420006275177 0.05728999897837639
-0.34360000491142273 -0.3555000126361847 0.05503999814391136
-0.3442299962043762 -0.35659998655319214 0.05282999947667122
-0.3448599874973297 -0.35743001103401184 0.05051000043749809
-0.3453899919986725 -0.3581100106239319 0.04812999814748764
-0.3459100127220154 -0.3586199879646301 0.04569000005722046
-0.34637999534606934 -0.35916000604629517 0.04324999824166298
-0.3469400107860565 -0.3597100079059601 0.0408100001513958
-0.3471199870109558 -0.3598800003528595 0.03826000168919563
-0.34769999980926514 -0.36063000559806824 0.03587000072002411
-0.3483000099658966 -0.36138999462127686 0.0335099995136261
-0.34894001483917236 -0.3620400130748749 0.031120000407099724
-0.3494099974632263 -0.36250999569892883 0.02865999937057495
-0.3193899989128113 -0.33114999532699585 0.11755000054836273
-0.31812000274658203 -0.32993999123573303 0.11941999942064285
-0.3205699920654297 -0.3323099911212921 0.11559999734163284
-0.32166001200675964 -0.3333800137042999 0.11354000121355057
-0.3225399851799011 -0.3346700072288513 0.11151000112295151
-0.3236500024795532 -0.3360300064086914 0.10964000225067139
-0.3248099982738495 -0.3373599946498871 0.10777000337839127
-0.3258399963378906 -0.3384999930858612 0.10571999847888947
-0.3267099857330322 -0.33959999680519104 0.10356999933719635
-0.32760998606681824 -0.3406600058078766 0.10141000151634216
-0.3285300135612488 -0.3416999876499176 0.09926000237464905
-0.3294700086116791 -0.34272998571395874 0.09708999842405319
-0.32997000217437744 -0.3434999883174896 0.09467999637126923
-0.33055999875068665 -0.3440299928188324 0.09223999828100204
-0.33133000135421753 -0.34466999769210815 0.0898900032043457
-0.3322499990463257 -0.3453899919986725 0.08760999888181686
-0.33329999446868896 -0.34606999158859253 0.08539000153541565
-0.33441001176834106 -0.3470200002193451 0.08330000191926956
-0.3352600038051605 -0.34810999035835266 0.08111000061035156
-0.3356499969959259 -0.34871000051498413 0.07861000299453735
-0.3357200026512146 -0.34922000765800476 0.0760900005698204
-0.33608001470565796 -0.34988000988960266 0.07365000247955322
-0.33664000034332275 -0.3507300019264221 0.07129000127315521
-0.3371700048446655 -0.35141998529434204 0.06888999789953232
-0.337660014629364 -0.3522999882698059 0.06652999669313431
-0.3384299874305725 -0.35332000255584717 0.0643099993467331
-0.3393400013446808 -0.3544900119304657 0.062219999730587006
-0.3402099907398224 -0.3554899990558624 0.05999999865889549
-0.34057000279426575 -0.356440007686615 0.05764999985694885
-0.34115999937057495 -0.35760998725891113 0.055470000952482224
-0.3420700132846832 -0.35896000266075134 0.05350000038743019
-0.34314000606536865 -0.3601199984550476 0.05144000053405762
-0.3436200022697449 -0.3607800006866455 0.04893999919295311
-0.3435800075531006 -0.36090001463890076 0.04633999988436699
-0.34391000866889954 -0.3613100051879883 0.04382999986410141
-0.34431999921798706 -0.36164000630378723 0.04131000116467476
-0.3442699909210205 -0.3615399897098541 0.03872999921441078
-0.34470000863075256 -0.3620299994945526 0.036240000277757645
-0.3452799916267395 -0.36274999380111694 0.03384999930858612
-0.34588998556137085 -0.3633899986743927 0.031449999660253525
-0.3464600145816803 -0.36410000920295715 0.029039999470114708
-0.3171899914741516 -0.33316001296043396 0.11784999817609787
-0.31602001190185547 -0.3320299983024597 0.11984000355005264
-0.3182699978351593 -0.33425000309944153 0.11578000336885452
-0.3193899989128113 -0.3353700041770935 0.11375000327825546
-0.3203299939632416 -0.3367300033569336 0.11178000271320343
-0.3213900029659271 -0.3380799889564514 0.10986000299453735
-0.32245999574661255 -0.3393400013446808 0.10787999629974365
-0.32339999079704285 -0.3403800129890442 0.10571999847888947
-0.3242799937725067 -0.34150001406669617 0.10357999801635742
-0.32545000314712524 -0.34286999702453613 0.10172999650239944
-0.32642000913619995 -0.34397000074386597 0.09960000216960907
-0.32719001173973083 -0.34485000371932983 0.09728000313043594
-0.3277699947357178 -0.34571999311447144 0.094930000603199
-0.32837000489234924 -0.34626999497413635 0.09249000251293182
-0.32910001277923584 -0.34689998626708984 0.09010999649763107
-0.3299799859523773 -0.34755998849868774 0.08778999745845795
-0.3310199975967407 -0.3482399880886078 0.08553999662399292
-0.33199000358581543 -0.3490299880504608 0.08331000059843063
-0.33278000354766846 -0.3500500023365021 0.08107999712228775
-0.3333599865436554 -0.3508799970149994 0.07868999987840652
-0.33351999521255493 -0.3515099883079529 0.07619000226259232
-0.3337700068950653 -0.35207998752593994 0.07368999719619751
-0.3341499865055084 -0.35273998975753784 0.07124000042676926
-0.33465999364852905 -0.3534199893474579 0.06881000101566315
-0.3352699875831604 -0.35444000363349915 0.06652999669313431
-0.3361400067806244 -0.3555999994277954 0.064410001039505
-0.3369700014591217 -0.35670000314712524 0.06222999840974808
-0.33781999349594116 -0.35767999291419983 0.05998999997973442
-0.3381800055503845 -0.3586199879646301 0.05761000141501427
-0.3387500047683716 -0.3598000109195709 0.055399999022483826
-0.3397899866104126 -0.3613100051879883 0.053599998354911804
-0.340939998626709 -0.3625499904155731 0.051649998873472214
-0.34213998913764954 -0.3636299967765808 0.049539998173713684
-0.34189000725746155 -0.36371999979019165 0.046890001744031906
-0.34161999821662903 -0.3637099862098694 0.04433000087738037
-0.3417699933052063 -0.3637300133705139 0.041760001331567764
-0.34182000160217285 -0.36375999450683594 0.03917999938130379
-0.3420200049877167 -0.36395999789237976 0.03661999851465225
-0.3423199951648712 -0.3642899990081787 0.03407999873161316
-0.3429099917411804 -0.3649199903011322 0.03164999932050705
-0.3433699905872345 -0.36542999744415283 0.029170000925660133
-0.3439599871635437 -0.3659299910068512 0.02669999934732914
-0.31498000025749207 -0.3351899981498718 0.11795999854803085
-0.3138200044631958 -0.3340499997138977 0.11997000128030777
-0.31606999039649963 -0.33629998564720154 0.11588999629020691
-0.3172299861907959 -0.33748000860214233 0.11389999836683273
-0.3181400001049042 -0.33882999420166016 0.11189000308513641
-0.31898000836372375 -0.33994001150131226 0.10971000045537949
-0.31984999775886536 -0.34092000126838684 0.1074799969792366
-0.32078999280929565 -0.34196001291275024 0.1052900031208992
-0.3218599855899811 -0.3434099853038788 0.10341999679803848
-0.32311999797821045 -0.34492000937461853 0.10172999650239944
-0.3243100047111511 -0.3462499976158142 0.09982000291347504
-0.3251500129699707 -0.34720999002456665 0.09754999727010727
-0.3258099853992462 -0.34815001487731934 0.09521999955177307
-0.32642999291419983 -0.34874001145362854 0.09277000278234482
-0.32708001136779785 -0.34929999709129333 0.09032999724149704
-0.327890008687973 -0.34992000460624695 0.08797000348567963
-0.3288300037384033 -0.35051000118255615 0.08563999831676483
-0.3296799957752228 -0.35117000341415405 0.08330000191926956
-0.3303700089454651 -0.3520900011062622 0.08100000023841858
-0.33122000098228455 -0.35321998596191406 0.07880000025033951
-0.3315899968147278 -0.35405001044273376 0.07633999735116959
-0.33184999227523804 -0.35464000701904297 0.0738300010561943
-0.3321300148963928 -0.3552300035953522 0.0713300034403801
-0.3325999975204468 -0.35589998960494995 0.06888999789953232
-0.3331100046634674 -0.35684001445770264 0.06655000150203705
-0.3337399959564209 -0.35774001479148865 0.06421999633312225
-0.33445000648498535 -0.35872000455856323 0.06193999946117401
-0.3353799879550934 -0.35982000827789307 0.059780001640319824
-0.33586999773979187 -0.36090999841690063 0.057500001043081284
-0.3365199863910675 -0.36217001080513 0.05534999817609787
-0.3377299904823303 -0.3638100028038025 0.053769998252391815
-0.3393000066280365 -0.36535000801086426 0.052319999784231186
-0.34081000089645386 -0.3666299879550934 0.050360001623630524
-0.3413600027561188 -0.36706000566482544 0.04755000025033951
-0.3401400148868561 -0.3666299879550934 0.045010000467300415
-0.33956998586654663 -0.36614999175071716 0.042500000447034836
-0.33974000811576843 -0.36625000834465027 0.03985999897122383
-0.33959999680519104 -0.3661400079727173 0.03728000074625015
-0.3395400047302246 -0.3660599887371063 0.03468000143766403
-0.33987998962402344 -0.3663100004196167 0.032099999487400055
-0.3402700126171112 -0.3667199909687042 0.029570000246167183
-0.34077998995780945 -0.3670699894428253 0.027060000225901604
-0.3413800001144409 -0.3672800064086914 0.024560000747442245
-0.31279999017715454 -0.3372499942779541 0.1180500015616417
-0.311599999666214 -0.33605000376701355 0.12001000344753265
-0.3139199912548065 -0.33840999007225037 0.11602000147104263
-0.3149600028991699 -0.3394800126552582 0.11388999968767166
-0.3158099949359894 -0.3407900035381317 0.11180999875068665
-0.3165299892425537 -0.34174999594688416 0.10950999706983566
-0.3172700107097626 -0.3425599932670593 0.10712999850511551
-0.3183499872684479 -0.3438499867916107 0.10510999709367752
-0.3196899890899658 -0.3455899953842163 0.10367000102996826
-0.32113000750541687 -0.3472500145435333 0.10219000279903412
-0.3220300078392029 -0.3483699858188629 0.09995999932289124
-0.3229199945926666 -0.3493900001049042 0.09774000197649002
-0.32363998889923096 -0.3504199981689453 0.09545999765396118
-0.324429988861084 -0.3511599898338318 0.0930899977684021
-0.32510998845100403 -0.3517400026321411 0.09064999967813492
-0.32576000690460205 -0.3522399961948395 0.088189996778965
-0.32666999101638794 -0.35280001163482666 0.08583000302314758
-0.32747000455856323 -0.35343000292778015 0.08344999700784683
-0.3280799984931946 -0.35427001118659973 0.08107999712228775
-0.32892999053001404 -0.35541999340057373 0.07886999845504761
-0.32916998863220215 -0.35613998770713806 0.07636000216007233
-0.3295300006866455 -0.3568499982357025 0.07389000058174133
-0.32993999123573303 -0.3575800061225891 0.07142999768257141
-0.33037999272346497 -0.35822999477386475 0.06897000223398209
-0.33083999156951904 -0.35912999510765076 0.06659000366926193
-0.3313800096511841 -0.3599500060081482 0.06419000029563904
-0.3319700062274933 -0.3607800006866455 0.061810001730918884
-0.332830011844635 -0.3618200123310089 0.05961000174283981
-0.3334200084209442 -0.3630400002002716 0.05741000175476074
-0.3342899978160858 -0.3645400106906891 0.05553000047802925
-0.3355399966239929 -0.36625999212265015 0.05407999828457832
-0.33715999126434326 -0.3679099977016449 0.05274000018835068
-0.3386099934577942 -0.3692399859428406 0.05077999830245972
-0.3399699926376343 -0.3703500032424927 0.048330001533031464
-0.33945000171661377 -0.37011998891830444 0.04527999833226204
-0.3382200002670288 -0.3691900074481964 0.04293999820947647
-0.33754000067710876 -0.36864998936653137 0.04049000144004822
-0.33713001012802124 -0.368259996175766 0.037939999252557755
-0.33698999881744385 -0.368120014667511 0.03533000126481056
-0.3371500074863434 -0.3681800067424774 0.032710000872612
-0.33746999502182007 -0.36851000785827637 0.030150000005960464
-0.3378399908542633 -0.3686699867248535 0.027580000460147858
-0.33845001459121704 -0.368910014629364 0.02507000043988228
-0.3104099929332733 -0.3390499949455261 0.11821000277996063
-0.30928999185562134 -0.33792001008987427 0.12026999890804291
-0.31147998571395874 -0.3401699960231781 0.11612000316381454
-0.31262001395225525 -0.3413800001144409 0.11411000043153763
-0.3134300112724304 -0.34264999628067017 0.11197999864816666
-0.3142000138759613 -0.34369999170303345 0.10971999913454056
-0.3149699866771698 -0.3445900082588196 0.10739000141620636
-0.31606999039649963 -0.3458999991416931 0.10540000349283218
-0.31744998693466187 -0.347680002450943 0.10406000167131424
-0.31887999176979065 -0.34942999482154846 0.10259000211954117
-0.3196699917316437 -0.3503899872303009 0.10018999874591827
-0.32058000564575195 -0.3514600098133087 0.0979899987578392
-0.3213900029659271 -0.3526099920272827 0.0957999974489212
-0.32221999764442444 -0.35339000821113586 0.09344000369310379
-0.3230299949645996 -0.35409998893737793 0.09105999767780304
-0.3237000107765198 -0.3546000123023987 0.08859000355005264
-0.32455000281333923 -0.3551200032234192 0.08619000017642975
-0.32534998655319214 -0.3557499945163727 0.0838100016117096
-0.32576999068260193 -0.3564299941062927 0.0813400000333786
-0.3262999951839447 -0.35725000500679016 0.07891999930143356
-0.3267799913883209 -0.35822999477386475 0.07654999941587448
-0.3270399868488312 -0.35885000228881836 0.07402999699115753
-0.32743000984191895 -0.35958001017570496 0.0715700015425682
-0.3279300034046173 -0.36032000184059143 0.06911999732255936
-0.3283500075340271 -0.36118000745773315 0.06671000272035599
-0.32892999053001404 -0.362060010433197 0.06432999670505524
-0.3294300138950348 -0.36278000473976135 0.061889998614788055
-0.3302200138568878 -0.3637300133705139 0.05961000174283981
-0.3307900130748749 -0.3649600148200989 0.05739999935030937
-0.3316499888896942 -0.36647000908851624 0.055479999631643295
-0.3328700065612793 -0.3682299852371216 0.05403999984264374
-0.33445000648498535 -0.36998000741004944 0.05274999886751175
-0.335970014333725 -0.3715200126171112 0.05096999928355217
-0.3370000123977661 -0.3725300133228302 0.04845999926328659
-0.33706000447273254 -0.3729200065135956 0.04554000124335289
-0.33640000224113464 -0.3721800148487091 0.04276999831199646
-0.3352000117301941 -0.37097999453544617 0.040630001574754715
-0.3344300091266632 -0.37018999457359314 0.038189999759197235
-0.33449000120162964 -0.37031999230384827 0.03553000092506409
-0.33452001214027405 -0.37024998664855957 0.032910000532865524
-0.33469998836517334 -0.37042000889778137 0.030309999361634254
-0.33500000834465027 -0.37049001455307007 0.027729999274015427
-0.3353999853134155 -0.37042000889778137 0.0251499991863966
-0.33605000376701355 -0.3706299960613251 0.022619999945163727
-0.3078800141811371 -0.3405799865722656 0.11869999766349792
-0.306769996881485 -0.33945998549461365 0.12076999992132187
-0.30897000432014465 -0.34174999594688416 0.11663000285625458
-0.3101100027561188 -0.3429799973964691 0.11462999880313873
-0.3109399974346161 -0.34428998827934265 0.11253999918699265
-0.31167998909950256 -0.3453400135040283 0.1102600023150444
-0.3127700090408325 -0.346560001373291 0.10822000354528427
-0.31373000144958496 -0.34775999188423157 0.10610999912023544
-0.31490999460220337 -0.34940001368522644 0.10444000363349915
-0.3160800039768219 -0.3508700132369995 0.10260999947786331
-0.3170500099658966 -0.3520500063896179 0.10047999769449234
-0.31797000765800476 -0.3531700074672699 0.09830000251531601
-0.3187499940395355 -0.354310005903244 0.09608999639749527
-0.31977999210357666 -0.35534000396728516 0.09391999989748001
-0.32071998715400696 -0.3561899960041046 0.0916299968957901
-0.32144999504089355 -0.35673999786376953 0.08918000012636185
-0.32229000329971313 -0.35725000500679016 0.08676999807357788
-0.3233399987220764 -0.3581399917602539 0.08451999723911285
-0.32359999418258667 -0.3586600124835968 0.08194000273942947
-0.3238599896430969 -0.3592199981212616 0.07938999682664871
-0.3243600130081177 -0.3602199852466583 0.07704000174999237
-0.32482999563217163 -0.36107000708580017 0.07461000233888626
-0.32519999146461487 -0.36180999875068665 0.0721300020813942
-0.32552000880241394 -0.36237001419067383 0.06960000097751617
-0.3258399963378906 -0.36313000321388245 0.06713999807834625
-0.32624000310897827 -0.3637999892234802 0.06464999914169312
-0.3267799913883209 -0.3646000027656555 0.06222999840974808
-0.3275200128555298 -0.36550000309944153 0.05990000069141388
-0.32806000113487244 -0.3666999936103821 0.057670000940561295
-0.32875001430511475 -0.36796998977661133 0.05550999939441681
-0.32989999651908875 -0.3696500062942505 0.05389000102877617
-0.33136001229286194 -0.37136998772621155 0.052469998598098755
-0.33274000883102417 -0.3727799952030182 0.05056000128388405
-0.33357998728752136 -0.3735100030899048 0.04799000173807144
-0.3335599899291992 -0.3737800121307373 0.045239999890327454
-0.33322998881340027 -0.37358999252319336 0.042569998651742935
-0.33243000507354736 -0.37272000312805176 0.040130000561475754
-0.33188000321388245 -0.3722200095653534 0.03757999837398529
-0.3319700062274933 -0.3724299967288971 0.034940000623464584
-0.3321000039577484 -0.3724899888038635 0.032340001314878464
-0.33215999603271484 -0.3725599944591522 0.029729999601840973
-0.33235999941825867 -0.37251999974250793 0.027130000293254852
-0.332720011472702 -0.3724200129508972 0.024539999663829803
-0.3332200050354004 -0.3723999857902527 0.021970000118017197
-0.30539000034332275 -0.3420499861240387 0.11952000111341476
-0.3064599931240082 -0.34321001172065735 0.11743000149726868
-0.3076300024986267 -0.34450000524520874 0.11547999829053879
-0.30851998925209045 -0.34588000178337097 0.11344999819993973
-0.30935999751091003 -0.3470599949359894 0.11125999689102173
-0.3104499876499176 -0.34828999638557434 0.10922999680042267
-0.31136998534202576 -0.34946998953819275 0.10708999633789062
-0.3121500015258789 -0.3506999909877777 0.1049100011587143
-0.31321999430656433 -0.3520300090312958 0.10293000191450119
-0.314300000667572 -0.3534199893474579 0.10098999738693237
-0.3152799904346466 -0.35464000701904297 0.09889999777078629
-0.3161199986934662 -0.3558900058269501 0.09675999730825424
-0.31714001297950745 -0.35694000124931335 0.09459000080823898
-0.3181700110435486 -0.3578999936580658 0.09238000214099884
-0.3189699947834015 -0.35853999853134155 0.0899600014090538
-0.31981998682022095 -0.35905998945236206 0.08754999935626984
-0.3206000030040741 -0.3596700131893158 0.08515000343322754
-0.3211199939250946 -0.3604699969291687 0.08271999657154083
-0.3215300142765045 -0.3612000048160553 0.08023999631404877
-0.32201001048088074 -0.362199991941452 0.07786999642848969
-0.3224700093269348 -0.36305999755859375 0.07543999701738358
-0.32267001271247864 -0.3636299967765808 0.07288999855518341
-0.32311001420021057 -0.36434999108314514 0.07040999829769135
-0.32343000173568726 -0.36511000990867615 0.06793999671936035
-0.3237999975681305 -0.3657599985599518 0.06543999910354614
-0.32429999113082886 -0.3665199875831604 0.06299000233411789
-0.32482001185417175 -0.3671700060367584 0.060509998351335526
-0.325219988822937 -0.3681899905204773 0.058139998465776443
-0.32576000690460205 -0.3692300021648407 0.055799998342990875
-0.32673999667167664 -0.37046000361442566 0.05370999872684479
-0.328110009431839 -0.3718299865722656 0.05195000022649765
-0.32940998673439026 -0.3730599880218506 0.04998999834060669
-0.330269992351532 -0.373879998922348 0.04757000133395195
-0.330269992351532 -0.3742600083351135 0.0449099987745285
-0.32993000745773315 -0.37419000267982483 0.04228999838232994
-0.3294999897480011 -0.37422001361846924 0.03971000015735626
-0.3293899893760681 -0.3743799924850464 0.03709999844431877
-0.3294300138950348 -0.3745200037956238 0.03449000045657158
-0.32958000898361206 -0.37463998794555664 0.03187999874353409
-0.32962000370025635 -0.37470000982284546 0.029270000755786896
-0.3297399878501892 -0.3746199905872345 0.026650000363588333
-0.33024001121520996 -0.37470000982284546 0.024070000275969505
-0.30403000116348267 -0.3449299931526184 0.11794000118970871
-0.30300000309944153 -0.3437899947166443 0.12007000297307968
-0.3052699863910675 -0.34630000591278076 0.11606000363826752
-0.3061000108718872 -0.3476499915122986 0.11396999657154083
-0.30695998668670654 -0.34883999824523926 0.1117900013923645
-0.30799999833106995 -0.35005998611450195 0.10971999913454056
-0.3089199960231781 -0.3512499928474426 0.10756999999284744
-0.30970001220703125 -0.352510005235672 0.10542000085115433
-0.310589998960495 -0.35367000102996826 0.10322999954223633
-0.3115699887275696 -0.35493001341819763 0.10114999860525131
-0.3125700056552887 -0.3562000095844269 0.09909000247716904
-0.31345000863075256 -0.3575200140476227 0.09701000154018402
-0.31453999876976013 -0.3586899936199188 0.09493999928236008
-0.3154599964618683 -0.35951998829841614 0.09262999892234802
-0.31630998849868774 -0.3602199852466583 0.09025999903678894
-0.3173600137233734 -0.3609899878501892 0.08799000084400177
-0.31821000576019287 -0.3616900146007538 0.08562999963760376
-0.3188300132751465 -0.36258000135421753 0.0832500010728836
-0.31915000081062317 -0.36322999000549316 0.08071999996900558
-0.3195199966430664 -0.3641299903392792 0.07829000055789948
-0.3199400007724762 -0.36496999859809875 0.07583999633789062
-0.3200800120830536 -0.3654699921607971 0.07326000183820724
-0.3204199969768524 -0.366100013256073 0.0707399994134903
-0.32076001167297363 -0.36691001057624817 0.0682699978351593
-0.32124999165534973 -0.3677000105381012 0.06582000106573105
-0.32172998785972595 -0.36844998598098755 0.06335999816656113
-0.3224700093269348 -0.3693700134754181 0.06100999936461449
-0.3227500021457672 -0.37024998664855957 0.058559998869895935
-0.32311001420021057 -0.3711099922657013 0.05609999969601631
-0.3237299919128418 -0.3717699944972992 0.053630001842975616
-0.3249500095844269 -0.3725599944591522 0.05144000053405762
-0.32622000575065613 -0.3734799921512604 0.0493599995970726
-0.3270399868488312 -0.37428000569343567 0.04699999839067459
-0.3270699977874756 -0.3749200105667114 0.0444599986076355
-0.3268600106239319 -0.3753499984741211 0.04188999906182289
-0.3266200125217438 -0.3758299946784973 0.039319999516010284
-0.3266800045967102 -0.37626001238822937 0.036740001291036606
-0.32684001326560974 -0.3765900135040283 0.03415000066161156
-0.32697001099586487 -0.37672001123428345 0.031530000269412994
-0.3270399868488312 -0.3768500089645386 0.028920000419020653
-0.3272700011730194 -0.37689998745918274 0.02630000002682209
-0.3277899920940399 -0.3770099878311157 0.023719999939203262
-0.30191001296043396 -0.3470500111579895 0.1182899996638298
-0.3009999990463257 -0.34599000215530396 0.12053000181913376
-0.30300000309944153 -0.34828001260757446 0.11623000353574753
-0.3037700057029724 -0.349590003490448 0.11409000307321548
-0.3046000003814697 -0.35078001022338867 0.11189000308513641
-0.3055900037288666 -0.3519600033760071 0.10976000130176544
-0.30667001008987427 -0.35332998633384705 0.10778000205755234
-0.3075700104236603 -0.35471001267433167 0.10572999715805054
-0.3084399998188019 -0.3558900058269501 0.10354000329971313
-0.30928000807762146 -0.35705000162124634 0.10134000331163406
-0.3101600110530853 -0.35822001099586487 0.09914000332355499
-0.31106001138687134 -0.35958999395370483 0.09709999710321426
-0.3121100068092346 -0.36070001125335693 0.09495999664068222
-0.31303998827934265 -0.3615899980068207 0.09267999976873398
-0.3139300048351288 -0.3623799979686737 0.09035000205039978
-0.31501999497413635 -0.3631399869918823 0.08809000253677368
-0.31602001190185547 -0.36395999789237976 0.08581999689340591
-0.31648001074790955 -0.3647100031375885 0.08336000144481659
-0.3169200122356415 -0.3654800057411194 0.0808899998664856
-0.3171299993991852 -0.3662300109863281 0.07838000357151031
-0.3173699975013733 -0.3668699860572815 0.0758500024676323
-0.3176099956035614 -0.3675200045108795 0.0733100026845932
-0.3179199993610382 -0.3681100010871887 0.07077000290155411
-0.318230003118515 -0.36890000104904175 0.06827999651432037
-0.31870999932289124 -0.36970001459121704 0.06581000238656998
-0.3190799951553345 -0.3703100085258484 0.06328000128269196
-0.3197700083255768 -0.37119001150131226 0.06089000031352043
-0.32034000754356384 -0.3724699914455414 0.05866000056266785
-0.3209500014781952 -0.37362998723983765 0.05634000152349472
-0.32131001353263855 -0.37397000193595886 0.053700000047683716
-0.32225000858306885 -0.3744199872016907 0.05130000039935112
-0.3233500123023987 -0.3750300109386444 0.04899999871850014
-0.32412999868392944 -0.37577998638153076 0.04661000147461891
-0.32422998547554016 -0.3765600025653839 0.044110000133514404
-0.32409000396728516 -0.37713000178337097 0.0415400005877018
-0.32398998737335205 -0.37782999873161316 0.039009999483823776
-0.32409000396728516 -0.3783299922943115 0.0364300012588501
-0.32422998547554016 -0.3786599934101105 0.03382999822497368
-0.3244599997997284 -0.378930002450943 0.031220000237226486
-0.32460999488830566 -0.3791700005531311 0.028610000386834145
-0.32499000430107117 -0.37939000129699707 0.026009999215602875
-0.325439989566803 -0.3794499933719635 0.023420000448822975
-0.29989001154899597 -0.3492799997329712 0.1185000017285347
-0.2992199957370758 -0.3483799993991852 0.120899997651577
-0.3007600009441376 -0.3503299951553345 0.11621999740600586
-0.30160000920295715 -0.35172000527381897 0.11412999778985977
-0.30246999859809875 -0.3529700040817261 0.11196999996900558
-0.30355000495910645 -0.3542400002479553 0.10990999639034271
-0.3046700060367584 -0.35565000772476196 0.10796999931335449
-0.3055199980735779 -0.35701000690460205 0.10587000101804733
-0.3064900040626526 -0.3582899868488312 0.10377000272274017
-0.30730998516082764 -0.35945001244544983 0.10153999924659729
-0.3081600069999695 -0.3606399893760681 0.09933999925851822
-0.30913999676704407 -0.36208000779151917 0.09735000133514404
-0.3102000057697296 -0.3632200062274933 0.095210000872612
-0.31154999136924744 -0.3643699884414673 0.09324000030755997
-0.3127000033855438 -0.36531001329421997 0.09102000296115875
-0.31327998638153076 -0.36577001214027405 0.08844999969005585
-0.3140299916267395 -0.36640000343322754 0.08601000159978867
-0.3143799901008606 -0.3670800030231476 0.08348999917507172
-0.3147599995136261 -0.3677999973297119 0.08098000288009644
-0.31520000100135803 -0.3687799870967865 0.07853999733924866
-0.3151499927043915 -0.369159996509552 0.07590000331401825
-0.31532999873161316 -0.3697800040245056 0.07333999872207642
-0.3156299889087677 -0.3703800141811371 0.07079000025987625
-0.31584998965263367 -0.371069997549057 0.06824000179767609
-0.31626999378204346 -0.3718099892139435 0.06573999673128128
-0.31672999262809753 -0.3725399971008301 0.06323999911546707
-0.31709998846054077 -0.3730199933052063 0.060669999569654465
-0.31746000051498413 -0.37397998571395874 0.05823000147938728
-0.3180600106716156 -0.3751800060272217 0.05595000088214874
-0.3188199996948242 -0.3760800063610077 0.05358999967575073
-0.3197599947452545 -0.3765299916267395 0.05116000026464462
-0.3206999897956848 -0.3769400119781494 0.048739999532699585
-0.3214299976825714 -0.37762999534606934 0.046300001442432404
-0.3214699923992157 -0.37834998965263367 0.04376000165939331
-0.32142001390457153 -0.3790700137615204 0.04121999815106392
-0.321370005607605 -0.3798600137233734 0.03869999945163727
-0.32155001163482666 -0.38047000765800476 0.03613999858498573
-0.32170000672340393 -0.38082998991012573 0.03353000059723854
-0.32196998596191406 -0.3811599910259247 0.0309200007468462
-0.32234999537467957 -0.38166001439094543 0.028349999338388443
-0.32276999950408936 -0.38192999362945557 0.025760000571608543
-0.2983199954032898 -0.3474000096321106 0.12318000197410583
-0.29728999733924866 -0.350600004196167 0.12150000035762787
-0.2966099977493286 -0.3497300148010254 0.12391000241041183
-0.29791998863220215 -0.35148999094963074 0.11907999962568283
-0.2986699938774109 -0.35245999693870544 0.11671999841928482
-0.29934999346733093 -0.3537299931049347 0.1144699975848198
-0.3004400134086609 -0.3551900088787079 0.1125200018286705
-0.3016299903392792 -0.356550008058548 0.11055999994277954
-0.3025600016117096 -0.3578299880027771 0.1084199994802475
-0.3032500147819519 -0.3590700030326843 0.10616999864578247
-0.3041200041770935 -0.36028000712394714 0.1039699986577034
-0.3050999939441681 -0.3616200089454651 0.10189999639987946
-0.3061400055885315 -0.3630000054836273 0.09989000111818314
-0.3069800138473511 -0.364329993724823 0.09775000065565109
-0.3081299960613251 -0.3655500113964081 0.09571000188589096
-0.30967000126838684 -0.3668699860572815 0.09392999857664108
-0.31088998913764954 -0.3679099977016449 0.0917000025510788
-0.31158000230789185 -0.36840999126434326 0.08911000192165375
-0.31189998984336853 -0.36869001388549805 0.08647000044584274
-0.3121599853038788 -0.36928999423980713 0.08389999717473984
-0.31255000829696655 -0.37003999948501587 0.08138000220060349
-0.3126699924468994 -0.3707300126552582 0.07881999760866165
-0.3128899931907654 -0.3713900148868561 0.07626000046730042
-0.31299999356269836 -0.37196001410484314 0.07366999983787537
-0.3133600056171417 -0.37261998653411865 0.0711200013756752
-0.31373000144958496 -0.3734799921512604 0.06863000243902206
-0.31384000182151794 -0.3739199936389923 0.06599000096321106
-0.31415998935699463 -0.37450000643730164 0.06341999769210815
-0.31450000405311584 -0.37494999170303345 0.060830000787973404
-0.3147599995136261 -0.375789999961853 0.05829999968409538
-0.315310001373291 -0.37692999839782715 0.055959999561309814
-0.3161099851131439 -0.37790000438690186 0.053619999438524246
-0.3171299993991852 -0.3784799873828888 0.051249999552965164
-0.3180699944496155 -0.37891000509262085 0.04881000146269798
-0.3187299966812134 -0.37953001260757446 0.04631999880075455
-0.31894001364707947 -0.38047000765800476 0.04385000094771385
-0.3188900053501129 -0.38120999932289124 0.04129999876022339
-0.31891000270843506 -0.3820900022983551 0.03880000114440918
-0.31909000873565674 -0.3827100098133087 0.0362199991941452
-0.31933000683784485 -0.38319000601768494 0.033629998564720154
-0.31964999437332153 -0.3835900127887726 0.03102000057697296
-0.3201499879360199 -0.38420000672340393 0.028470000252127647
-0.32054001092910767 -0.3844499886035919 0.025860000401735306
-0.2953000068664551 -0.3527500033378601 0.12212000042200089
-0.2948000133037567 -0.3520500063896179 0.12469000369310379
-0.2959200143814087 -0.353659987449646 0.11969000101089478
-0.2965100109577179 -0.3545199930667877 0.11722999811172485
-0.29701998829841614 -0.35561999678611755 0.11484000086784363
-0.29798999428749084 -0.3569900095462799 0.1127299964427948
-0.29923000931739807 -0.35844001173973083 0.11085999757051468
-0.30020999908447266 -0.3597800135612488 0.10876999795436859
-0.300819993019104 -0.36094000935554504 0.10644999891519547
-0.301580011844635 -0.36204999685287476 0.10413999855518341
-0.30232998728752136 -0.3631100058555603 0.10179000347852707
-0.3033300042152405 -0.36445000767707825 0.09967999905347824
-0.3043999969959259 -0.36614999175071716 0.09788999706506729
-0.30555999279022217 -0.36739999055862427 0.09583999961614609
-0.30702000856399536 -0.3686999976634979 0.09402000159025192
-0.3081899881362915 -0.36967000365257263 0.09183000028133392
-0.3090600073337555 -0.3703399896621704 0.08940000087022781
-0.309469997882843 -0.3706899881362915 0.08679000288248062
-0.30983999371528625 -0.37139999866485596 0.08425000309944153
-0.3102700114250183 -0.37220999598503113 0.08173999935388565
-0.31060001254081726 -0.37310001254081726 0.07924000173807144
-0.3107999861240387 -0.37376001477241516 0.07666999846696854
-0.31092000007629395 -0.37435999512672424 0.07407999783754349
-0.31112998723983765 -0.3749200105667114 0.07147999852895737
-0.3113200068473816 -0.37560999393463135 0.06891000270843506
-0.3115699887275696 -0.37619999051094055 0.06632000207901001
-0.3117400109767914 -0.37665998935699463 0.06369999796152115
-0.3121199905872345 -0.3771499991416931 0.061089999973773956
-0.31233999133110046 -0.37797001004219055 0.05855000019073486
-0.3126699924468994 -0.37887001037597656 0.056040000170469284
-0.31338998675346375 -0.37973999977111816 0.053619999438524246
-0.3144499957561493 -0.38036999106407166 0.051259998232126236
-0.31558001041412354 -0.3810499906539917 0.04895000159740448
-0.3163299858570099 -0.38179001212120056 0.04650000110268593
-0.316540002822876 -0.38273999094963074 0.04402000084519386
-0.3164699971675873 -0.38346999883651733 0.041450001299381256
-0.3165000081062317 -0.38436999917030334 0.03892999887466431
-0.3168700039386749 -0.3851799964904785 0.03641999885439873
-0.31720998883247375 -0.38576000928878784 0.03384000062942505
-0.3174799978733063 -0.38613998889923096 0.031209999695420265
-0.3178899884223938 -0.3866899907588959 0.028629999607801437
-0.3181299865245819 -0.3868100047111511 0.02597000077366829
-0.2928699851036072 -0.3544999957084656 0.12231999635696411
-0.2921600043773651 -0.353549987077713 0.12472999840974808
-0.2935299873352051 -0.3554700016975403 0.11991000175476074
-0.29412999749183655 -0.35635000467300415 0.11744999885559082
-0.29462000727653503 -0.35745999217033386 0.11502999812364578
-0.29552000761032104 -0.3587700128555298 0.11283999681472778
-0.29677000641822815 -0.36024999618530273 0.11095000058412552
-0.29778000712394714 -0.3616499900817871 0.10890000313520432
-0.29840001463890076 -0.36285001039505005 0.10659000277519226
-0.2991600036621094 -0.36399000883102417 0.10429000109434128
-0.2998400032520294 -0.36500000953674316 0.10187999904155731
-0.300790011882782 -0.3662799894809723 0.09968999773263931
-0.30177000164985657 -0.3678300082683563 0.09770999848842621
-0.3031899929046631 -0.3694800138473511 0.09611000120639801
-0.30476999282836914 -0.37090998888015747 0.09442999958992004
-0.30612999200820923 -0.3720499873161316 0.09233000129461288
-0.3070499897003174 -0.3727700114250183 0.089819997549057
-0.3071900010108948 -0.37286001443862915 0.08708000183105469
-0.3075200021266937 -0.37353000044822693 0.08450999855995178
-0.30796998739242554 -0.3743799924850464 0.0820000022649765
-0.30827000737190247 -0.3752399981021881 0.07947999984025955
-0.3085399866104126 -0.37595999240875244 0.07692000269889832
-0.3088099956512451 -0.37676000595092773 0.07436999678611755
-0.30906999111175537 -0.3773699998855591 0.07176999747753143
-0.3091199994087219 -0.37793999910354614 0.06915000081062317
-0.3095400035381317 -0.37869998812675476 0.06661000102758408
-0.30972999334335327 -0.37918001413345337 0.06396999955177307
-0.30987000465393066 -0.3794899880886078 0.06129999831318855
-0.3101100027561188 -0.38032999634742737 0.058740001171827316
-0.3104499876499176 -0.3812600076198578 0.05623999983072281
-0.3111000061035156 -0.38207998871803284 0.053769998252391815
-0.3120099902153015 -0.38256001472473145 0.05129000172019005
-0.31314000487327576 -0.3832400143146515 0.04895000159740448
-0.3139599859714508 -0.38409000635147095 0.046539999544620514
-0.3139899969100952 -0.3848400115966797 0.043949998915195465
-0.3139899969100952 -0.38565000891685486 0.04139000177383423
-0.3140600025653839 -0.38659998774528503 0.03886999934911728
-0.3144400119781494 -0.3874500095844269 0.03635000064969063
-0.3149299919605255 -0.3882000148296356 0.03384000062942505
-0.31523001194000244 -0.388619989156723 0.031209999695420265
-0.31558001041412354 -0.3891400098800659 0.028599999845027924
-0.29030999541282654 -0.3560900092124939 0.1224299967288971
-0.2909899950027466 -0.3570899963378906 0.1200300008058548
-0.2916499972343445 -0.3580699861049652 0.11760000139474869
-0.29214000701904297 -0.3592199981212616 0.11518000066280365
-0.293040007352829 -0.3605700135231018 0.11298000067472458
-0.2942200005054474 -0.36197999119758606 0.1109900027513504
-0.2952899932861328 -0.3634600043296814 0.10902000218629837
-0.2962299883365631 -0.36500999331474304 0.10701999813318253
-0.2969000041484833 -0.3660700023174286 0.1046300008893013
-0.29747000336647034 -0.367000013589859 0.10216999799013138
-0.2982099950313568 -0.3680500090122223 0.09977000206708908
-0.29910001158714294 -0.36948999762535095 0.09763000160455704
-0.30044999718666077 -0.3710100054740906 0.09583999961614609
-0.3020099997520447 -0.3725300133228302 0.09425000101327896
-0.30351001024246216 -0.3739599883556366 0.09244000166654587
-0.3045800030231476 -0.37485000491142273 0.09002000093460083
-0.30469000339508057 -0.37476998567581177 0.08721999824047089
-0.30489999055862427 -0.3753400146961212 0.08457999676465988
-0.30542001128196716 -0.37626001238822937 0.08208999782800674
-0.305620014667511 -0.3769899904727936 0.07951000332832336
-0.305869996547699 -0.37768998742103577 0.07690999656915665
-0.30630001425743103 -0.3787600100040436 0.0744599997997284
-0.3067600131034851 -0.37959998846054077 0.07193999737501144
-0.30689001083374023 -0.38025999069213867 0.06933999806642532
-0.30702999234199524 -0.3807399868965149 0.06667999923229218
-0.30741000175476074 -0.38141000270843506 0.0640999972820282
-0.3078700006008148 -0.38203999400138855 0.06151999905705452
-0.3079400062561035 -0.38273000717163086 0.05889999866485596
-0.3082599937915802 -0.383650004863739 0.056379999965429306
-0.3088499903678894 -0.3844299912452698 0.05386999994516373
-0.3096599876880646 -0.3848400115966797 0.051339998841285706
-0.31053000688552856 -0.38523998856544495 0.0488400012254715
-0.3111700117588043 -0.38585999608039856 0.046310000121593475
-0.31130000948905945 -0.38675999641418457 0.04376000165939331
-0.31143999099731445 -0.38776999711990356 0.0412600003182888
-0.3115600049495697 -0.3887999951839447 0.038770001381635666
-0.31207001209259033 -0.3898000121116638 0.036320000886917114
-0.31255999207496643 -0.39054998755455017 0.03378999978303909
-0.3129799962043762 -0.3910999894142151 0.031199999153614044
-0.3132399916648865 -0.39157000184059143 0.02858000062406063
-0.28856998682022095 -0.3588699996471405 0.12050999701023102
-0.28797999024391174 -0.35791000723838806 0.1229500025510788
-0.28922000527381897 -0.3598400056362152 0.11806999891996384
-0.28975000977516174 -0.361050009727478 0.11568000167608261
-0.29065999388694763 -0.36243999004364014 0.11348000168800354
-0.29197999835014343 -0.363970011472702 0.1116499975323677
-0.29300999641418457 -0.36542999744415283 0.10964000225067139
-0.2937699854373932 -0.36682000756263733 0.10746999830007553
-0.2944900095462799 -0.3679499924182892 0.10513000190258026
-0.2950200140476227 -0.36886000633239746 0.1026500016450882
-0.2956100106239319 -0.36976999044418335 0.10014999657869339
-0.2963100075721741 -0.3709999918937683 0.09780000150203705
-0.2974799871444702 -0.3722200095653534 0.09564000368118286
-0.29896000027656555 -0.37342000007629395 0.09371999651193619
-0.30037999153137207 -0.37470000982284546 0.09184999763965607
-0.3015199899673462 -0.37588998675346375 0.08976999670267105
-0.30219000577926636 -0.3767000138759613 0.08732999861240387
-0.3025299906730652 -0.3774299919605255 0.08476000279188156
-0.3030099868774414 -0.37832000851631165 0.08225999772548676
-0.3029400110244751 -0.37874001264572144 0.07958000153303146
-0.30316999554634094 -0.3794499933719635 0.07692000269889832
-0.3037799894809723 -0.3807399868965149 0.07457000017166138
-0.30452999472618103 -0.3818899989128113 0.07222999632358551
-0.3045499920845032 -0.38245999813079834 0.0695900022983551
-0.30458998680114746 -0.3828299939632416 0.06690999865531921
-0.3048099875450134 -0.38332000374794006 0.06424999982118607
-0.3052600026130676 -0.3839699923992157 0.061650000512599945
-0.3054800033569336 -0.3848299980163574 0.05908999964594841
-0.30583998560905457 -0.38580000400543213 0.05657999962568283
-0.3064500093460083 -0.38662999868392944 0.054090000689029694
-0.3072499930858612 -0.38705000281333923 0.0515500009059906
-0.3079400062561035 -0.38729000091552734 0.048969998955726624
-0.3084399998188019 -0.38776999711990356 0.0463699996471405
-0.30858999490737915 -0.388700008392334 0.043800000101327896
-0.3089500069618225 -0.38995999097824097 0.04142000153660774
-0.3092299997806549 -0.3911600112915039 0.039000000804662704
-0.3099200129508972 -0.39232000708580017 0.036649998277425766
-0.31040000915527344 -0.3930700123310089 0.03412000089883804
-0.3107199966907501 -0.393559992313385 0.03147999942302704
-0.28652000427246094 -0.3610199987888336 0.12103000283241272
-0.28554999828338623 -0.3596299886703491 0.12313000112771988
-0.28711000084877014 -0.3619700074195862 0.11856000125408173
-0.28758999705314636 -0.3631500005722046 0.11614999920129776
-0.28850001096725464 -0.3645299971103668 0.11394999921321869
-0.2898400127887726 -0.36607998609542847 0.11215999722480774
-0.2908500134944916 -0.3675599992275238 0.11012999713420868
-0.2914699912071228 -0.3688499927520752 0.10784000158309937
-0.29214000701904297 -0.36994999647140503 0.10547000169754028
-0.2926099896430969 -0.37081998586654663 0.1029599979519844
-0.29319998621940613 -0.37178000807762146 0.10046999901533127
-0.2939099967479706 -0.37303999066352844 0.09814000129699707
-0.29502999782562256 -0.3742600083351135 0.09599000215530396
-0.2962599992752075 -0.37518998980522156 0.09375999867916107
-0.2975899875164032 -0.37626001238822937 0.09166000038385391
-0.29877999424934387 -0.37749001383781433 0.08958999812602997
-0.2997399866580963 -0.37869998812675476 0.08741000294685364
-0.30020999908447266 -0.3795900046825409 0.08495000004768372
-0.30055001378059387 -0.38034000992774963 0.08239000290632248
-0.30046001076698303 -0.380840003490448 0.07970999926328659
-0.3007799983024597 -0.3816800117492676 0.07709000259637833
-0.30140000581741333 -0.38291001319885254 0.07472000271081924
-0.30206000804901123 -0.38394999504089355 0.0723399966955185
-0.30230000615119934 -0.38475000858306885 0.06978999823331833
-0.3022100031375885 -0.385019987821579 0.0670899972319603
-0.30230000615119934 -0.3853999972343445 0.06436999887228012
-0.30281001329421997 -0.38611000776290894 0.061769999563694
-0.3031100034713745 -0.3870599865913391 0.05925000086426735
-0.3034699857234955 -0.38804998993873596 0.05674000084400177
-0.3041200041770935 -0.38892000913619995 0.054260000586509705
-0.30498000979423523 -0.3894200026988983 0.05177000164985657
-0.30562999844551086 -0.3896600008010864 0.04918000102043152
-0.30612000823020935 -0.3901500105857849 0.046560000628232956
-0.3062399923801422 -0.3910900056362152 0.04399999976158142
-0.30671998858451843 -0.39243000745773315 0.04165000095963478
-0.3070699870586395 -0.393669992685318 0.03926999866962433
-0.307669997215271 -0.3947399854660034 0.03686000034213066
-0.3082500100135803 -0.3956100046634674 0.034380000084638596
-0.30862998962402344 -0.3961699903011322 0.03175999969244003
-0.28418999910354614 -0.36291998624801636 0.12126000225543976
-0.28314998745918274 -0.36142998933792114 0.12328000366687775
-0.28488001227378845 -0.3639799952507019 0.11885000020265579
-0.2853800058364868 -0.36520999670028687 0.11646000295877457
-0.2862499952316284 -0.36656999588012695 0.11423999816179276
-0.2875399887561798 -0.3680900037288666 0.11236000061035156
-0.28870999813079834 -0.36972999572753906 0.11051999777555466
-0.2894200086593628 -0.3711099922657013 0.1082800030708313
-0.28999000787734985 -0.3721599876880646 0.10583999752998352
-0.29043999314308167 -0.37307000160217285 0.10333000123500824
-0.2910099923610687 -0.3740200102329254 0.10083000361919403
-0.29166001081466675 -0.3752500116825104 0.09845999628305435
-0.29271000623703003 -0.37641000747680664 0.09623999893665314
-0.2938700020313263 -0.3772900104522705 0.09395000338554382
-0.2950800061225891 -0.3782399892807007 0.09171000123023987
-0.2962700128555298 -0.3794499933719635 0.0895799994468689
-0.2973499894142151 -0.3807699978351593 0.08749999850988388
-0.2980799973011017 -0.38192999362945557 0.08518999814987183
-0.2983199954032898 -0.3826099932193756 0.08258000016212463
-0.298550009727478 -0.3834199905395508 0.07999999821186066
-0.29888999462127686 -0.3842700123786926 0.07743000239133835
-0.29927998781204224 -0.3853299915790558 0.07496000081300735
-0.2996399998664856 -0.3860900104045868 0.07241000235080719
-0.2998200058937073 -0.38683000206947327 0.06983000040054321
-0.29993000626564026 -0.38732001185417175 0.06717000156641006
-0.30008000135421753 -0.387800008058548 0.0644799992442131
-0.3006199896335602 -0.3885200023651123 0.061879999935626984
-0.3009999990463257 -0.3895399868488312 0.059379998594522476
-0.3013400137424469 -0.390529990196228 0.0568699985742569
-0.301939994096756 -0.3913699984550476 0.054349999874830246
-0.3031400144100189 -0.3921299874782562 0.05200999975204468
-0.3034699857234955 -0.3921799957752228 0.049300000071525574
-0.30403000116348267 -0.39274001121520996 0.04670000076293945
-0.30441999435424805 -0.3938800096511841 0.0442500002682209
-0.30463001132011414 -0.39500999450683594 0.04177999868988991
-0.3048900067806244 -0.3961699903011322 0.039340000599622726
-0.3052699863910675 -0.39704999327659607 0.036809999495744705
-0.30573999881744385 -0.39781999588012695 0.03426000103354454
-0.3063899874687195 -0.3986400067806244 0.03175000101327896
-0.28060001134872437 -0.3630000054836273 0.12306000292301178
-0.28154000639915466 -0.3643600046634674 0.120899997651577
-0.28248000144958496 -0.3658300042152405 0.11879999935626984
-0.28325000405311584 -0.3673500120639801 0.11668000370264053
-0.28411000967025757 -0.36873000860214233 0.11448000371456146
-0.2852199971675873 -0.37011000514030457 0.11238999664783478
-0.2861799895763397 -0.37156999111175537 0.11029999703168869
-0.28707000613212585 -0.3731600046157837 0.10830999910831451
-0.287990003824234 -0.3745200037956238 0.10617999732494354
-0.28845998644828796 -0.37547001242637634 0.10369999706745148
-0.2888599932193756 -0.37630999088287354 0.10110999643802643
-0.2895500063896179 -0.3776000142097473 0.09875000268220901
-0.29047998785972595 -0.3786799907684326 0.09640999883413315
-0.29166001081466675 -0.3795900046825409 0.09415999799966812
-0.2927500009536743 -0.3804300129413605 0.09178999811410904
-0.2938700020313263 -0.38155001401901245 0.08953999727964401
-0.29499998688697815 -0.3828999996185303 0.08748999983072281
-0.29580000042915344 -0.38413000106811523 0.08524999767541885
-0.29631999135017395 -0.38506999611854553 0.08276999741792679
-0.29677000641822815 -0.386029988527298 0.08026999980211258
-0.2970699965953827 -0.3868600130081177 0.0776899978518486
-0.2973400056362152 -0.38787001371383667 0.0751900002360344
-0.2974799871444702 -0.38850000500679016 0.07257000356912613
-0.2975600063800812 -0.3891499936580658 0.06993000209331512
-0.29771000146865845 -0.38971999287605286 0.06724999845027924
-0.2980499863624573 -0.3903599977493286 0.0646200031042099
-0.29857999086380005 -0.3910599946975708 0.06202000007033348
-0.2989700138568878 -0.39208999276161194 0.05950000137090683
-0.2994000017642975 -0.39313000440597534 0.057020001113414764
-0.3000600039958954 -0.3940199911594391 0.05451999977231026
-0.3010700047016144 -0.39465999603271484 0.052080001682043076
-0.3017599880695343 -0.3949899971485138 0.04949000105261803
-0.3021099865436554 -0.3954299986362457 0.046799998730421066
-0.3025200068950653 -0.396589994430542 0.04436999931931496
-0.30261000990867615 -0.3976399898529053 0.04188000038266182
-0.3026899993419647 -0.39868998527526855 0.03936000168323517
-0.3030099868774414 -0.399509996175766 0.03680000081658363
-0.30344998836517334 -0.4002400040626526 0.034210000187158585
-0.30382999777793884 -0.40081000328063965 0.03156999871134758
-0.2790899872779846 -0.36612001061439514 0.12116999924182892
-0.27807000279426575 -0.3646300137042999 0.12321999669075012
-0.2800399959087372 -0.3675900101661682 0.11906000226736069
-0.2808699905872345 -0.36921000480651855 0.11700999736785889
-0.2818099856376648 -0.37070000171661377 0.11490000039339066
-0.28299999237060547 -0.37217000126838684 0.11291000247001648
-0.2840900123119354 -0.37376999855041504 0.11097999662160873
-0.28499001264572144 -0.37536999583244324 0.10897000133991241
-0.2860899865627289 -0.3768399953842163 0.10696999728679657
-0.28672999143600464 -0.3779299855232239 0.10461000353097916
-0.28687000274658203 -0.3786900043487549 0.10194999724626541
-0.28758999705314636 -0.37999001145362854 0.09956999868154526
-0.2884500026702881 -0.3810499906539917 0.09717000275850296
-0.28953999280929565 -0.3818899989128113 0.09483999758958817
-0.2906300127506256 -0.38273999094963074 0.09246999770402908
-0.2915799915790558 -0.383760005235672 0.09008000046014786
-0.29280000925064087 -0.38514000177383423 0.0880500003695488
-0.2937699854373932 -0.3864800035953522 0.08590000122785568
-0.29409000277519226 -0.3872399926185608 0.08329000324010849
-0.2945399880409241 -0.3882000148296356 0.08077999949455261
-0.29495999217033386 -0.3891400098800659 0.07824999839067459
-0.2952899932861328 -0.3902300000190735 0.07576999813318253
-0.29552000761032104 -0.3909800052642822 0.0731699988245964
-0.29556000232696533 -0.39164999127388 0.07051999866962433
-0.2960599958896637 -0.3924500048160553 0.06791999936103821
-0.29660001397132874 -0.39320001006126404 0.06533999741077423
-0.2967900037765503 -0.3937000036239624 0.06265000253915787
-0.29701998829841614 -0.39462000131607056 0.06007999926805496
-0.2971799969673157 -0.3954800069332123 0.05747000128030777
-0.2977699935436249 -0.39629998803138733 0.054910000413656235
-0.29868000745773315 -0.3968699872493744 0.052400000393390656
-0.2994999885559082 -0.3973200023174286 0.04984999820590019
-0.3000999987125397 -0.3979800045490265 0.04724999889731407
-0.30044999718666077 -0.39910000562667847 0.04481999948620796
-0.3005099892616272 -0.40015000104904175 0.042319998145103455
-0.300819993019104 -0.40136998891830444 0.039900001138448715
-0.30083999037742615 -0.4020000100135803 0.03725999966263771
-0.3009699881076813 -0.40248000621795654 0.03455999866127968
-0.30140000581741333 -0.4031200110912323 0.03189000114798546
-0.2767300009727478 -0.36796000599861145 0.1215599998831749
-0.27559998631477356 -0.36632001399993896 0.1234700009226799
-0.27772998809814453 -0.36952000856399536 0.11952999979257584
-0.2786499857902527 -0.37123000621795654 0.11759000271558762
-0.27963998913764954 -0.37279000878334045 0.11552999913692474
-0.28088000416755676 -0.37432000041007996 0.1136000007390976
-0.2820900082588196 -0.376010000705719 0.11180999875068665
-0.28306999802589417 -0.37770000100135803 0.10988999903202057
-0.28426000475883484 -0.37922000885009766 0.10797999799251556
-0.28529998660087585 -0.38047000765800476 0.10585000365972519
-0.28536999225616455 -0.3813300132751465 0.10326000303030014
-0.28578999638557434 -0.3825100064277649 0.1007699966430664
-0.2866100072860718 -0.3835099935531616 0.09828999638557434
-0.28753000497817993 -0.38422998785972595 0.09578999876976013
-0.28881001472473145 -0.38515999913215637 0.09351000189781189
-0.2897700071334839 -0.38618001341819763 0.09114000201225281
-0.2905699908733368 -0.38732001185417175 0.08878999948501587
-0.29140999913215637 -0.3885200023651123 0.08653999865055084
-0.2918899953365326 -0.3893899917602539 0.08403000235557556
-0.29221001267433167 -0.39024999737739563 0.08144000172615051
-0.2925800085067749 -0.39114999771118164 0.07885000109672546
-0.2928999960422516 -0.39225998520851135 0.07635000348091125
-0.29346001148223877 -0.3932900130748749 0.07389000058174133
-0.29392001032829285 -0.39427998661994934 0.07137999683618546
-0.29416000843048096 -0.3949100077152252 0.06870999932289124
-0.2946999967098236 -0.39566999673843384 0.06612999737262726
-0.29506000876426697 -0.39629998803138733 0.06349000334739685
-0.29506999254226685 -0.3971000015735626 0.06086000055074692
-0.2952199876308441 -0.3979699909687042 0.05824999883770943
-0.2954699993133545 -0.3985399901866913 0.055560000240802765
-0.2963699996471405 -0.39910998940467834 0.05299000069499016
-0.29725000262260437 -0.39963001012802124 0.050439998507499695
-0.2981399893760681 -0.40049999952316284 0.04799000173807144
-0.2988699972629547 -0.4019100069999695 0.045729998499155045
-0.29861998558044434 -0.4027000069618225 0.043060000985860825
-0.29875999689102173 -0.40382999181747437 0.04056999832391739
-0.2988100051879883 -0.4045099914073944 0.037939999252557755
-0.2988300025463104 -0.4049699902534485 0.03520999848842621
-0.2991200089454651 -0.4055500030517578 0.032510001212358475
-0.283160001039505 -0.3817700147628784 0.1095300018787384
-0.2844800055027008 -0.3830299973487854 0.10753999650478363
-0.28525999188423157 -0.38402000069618225 0.10515999794006348
-0.2853600084781647 -0.38519999384880066 0.10271000117063522
-0.2856299877166748 -0.38611000776290894 0.10012000054121017
-0.2859500050544739 -0.38666999340057373 0.09735000133514404
-0.28687000274658203 -0.3873499929904938 0.09476999938488007
-0.2877799868583679 -0.3883399963378906 0.09233000129461288
-0.28863000869750977 -0.38951000571250916 0.09000000357627869
-0.28918999433517456 -0.3905799984931946 0.08760000020265579
-0.2896000146865845 -0.391400009393692 0.0850600004196167
-0.2898699939250946 -0.3922100067138672 0.08243999630212784
-0.2901400029659271 -0.39302000403404236 0.07976999878883362
-0.2904300093650818 -0.3941200077533722 0.07722000032663345
-0.29096999764442444 -0.39515000581741333 0.07468999922275543
-0.2917400002479553 -0.39638999104499817 0.07236000150442123
-0.292279988527298 -0.3972499966621399 0.06981000304222107
-0.2925899922847748 -0.3978700041770935 0.06713999807834625
-0.2929399907588959 -0.3984900116920471 0.06447000056505203
-0.29308998584747314 -0.3994300067424774 0.06187000125646591
-0.2932800054550171 -0.4003700017929077 0.059289999306201935
-0.2932400107383728 -0.40077000856399536 0.056529998779296875
-0.29401999711990356 -0.4012199938297272 0.053860001266002655
-0.29497000575065613 -0.4018099904060364 0.05130999907851219
-0.29583001136779785 -0.4026600122451782 0.0488400012254715
-0.2961899936199188 -0.40376999974250793 0.04636000096797943
-0.2962299883365631 -0.40481001138687134 0.04382000118494034
-0.29624998569488525 -0.4058600068092346 0.041280001401901245
-0.2964099943637848 -0.40669000148773193 0.03866000100970268
-0.2967100143432617 -0.40742000937461853 0.036010000854730606
-0.2872999906539917 -0.392630010843277 0.08906999975442886
-0.2879599928855896 -0.393669992685318 0.08662000298500061
-0.2878899872303009 -0.39423999190330505 0.0839100033044815
-0.28804999589920044 -0.3949899971485138 0.08121000230312347
-0.28824999928474426 -0.3960399925708771 0.07857999950647354
-0.28881001472473145 -0.39711999893188477 0.07604999840259552
-0.28929001092910767 -0.3981199860572815 0.0735199972987175
-0.2900499999523163 -0.39917001128196716 0.07107000052928925
-0.29038000106811523 -0.39983001351356506 0.0684100016951561
-0.29061999917030334 -0.4003799855709076 0.06569000333547592
-0.2908399999141693 -0.40139999985694885 0.06306999921798706
-0.2915399968624115 -0.40275999903678894 0.060679998248815536
-0.2916100025177002 -0.40323999524116516 0.05793000012636185
-0.29179999232292175 -0.40327998995780945 0.05511000007390976
-0.2925800085067749 -0.4037500023841858 0.05243999883532524
-0.2933200001716614 -0.4045099914073944 0.04986000061035156
-0.29363998770713806 -0.40564000606536865 0.04735000059008598
-0.29388999938964844 -0.4069199860095978 0.04489000141620636
-0.29385000467300415 -0.4079500138759613 0.042319998145103455
-0.2941800057888031 -0.4089199900627136 0.039730001240968704
-0.29451999068260193 -0.40966999530792236 0.03708000108599663
-0.28933998942375183 -0.40483999252319336 0.05959000065922737
-0.28970998525619507 -0.4050999879837036 0.05683000013232231
-0.2903600037097931 -0.40553000569343567 0.054099999368190765
-0.29096999764442444 -0.40623000264167786 0.05144000053405762
-0.2913599908351898 -0.4074299931526184 0.04893999919295311
-0.2917099893093109 -0.4087899923324585 0.046509999781847
-0.2918500006198883 -0.4099699854850769 0.04399000108242035
-0.29207998514175415 -0.4108699858188629 0.041359998285770416
-0.29249000549316406 -0.41172000765800476 0.03872000053524971
-0.29284998774528503 -0.4124099910259247 0.036010000854730606
-0.3478899896144867 -0.303629994392395 0.11584000289440155
-0.34738001227378845 -0.30671998858451843 0.11403000354766846
-0.3465999960899353 -0.3059999942779541 0.11636999994516373
-0.3488900065422058 -0.3044700026512146 0.11365000158548355
-0.34832999110221863 -0.30744001269340515 0.1117900013923645
-0.3500500023365021 -0.3053300082683563 0.11153999716043472
-0.34922999143600464 -0.3081200122833252 0.10952000319957733
-0.35117000341415405 -0.30619001388549805 0.10942000150680542
-0.35019999742507935 -0.30886998772621155 0.10728999972343445
-0.35221999883651733 -0.30698999762535095 0.10722000151872635
-0.3531399965286255 -0.3080100119113922 0.10507000237703323
-0.35120001435279846 -0.30998000502586365 0.1052199974656105
-0.35227999091148376 -0.3110400140285492 0.10317999869585037
-0.35418999195098877 -0.3090299963951111 0.10296999663114548
-0.3534199893474579 -0.3121599853038788 0.10120999813079834
-0.35530000925064087 -0.3101100027561188 0.10092999786138535
-0.35453000664711 -0.3131900131702423 0.09916999936103821
-0.3565100133419037 -0.3112199902534485 0.09897000342607498
-0.3556300103664398 -0.3142800033092499 0.09715999662876129
-0.35763001441955566 -0.3123300075531006 0.09696999937295914
-0.3567900061607361 -0.31532999873161316 0.09516000002622604
-0.3448199927806854 -0.30809998512268066 0.1162400022149086
-0.3458699882030487 -0.3089999854564667 0.11411000043153763
-0.34665000438690186 -0.30959999561309814 0.11176999658346176
-0.3475399911403656 -0.31029999256134033 0.10952000319957733
-0.3484100103378296 -0.3109799921512604 0.10723999887704849
-0.34922999143600464 -0.3119499981403351 0.10503999888896942
-0.35040000081062317 -0.3130899965763092 0.10309000313282013
-0.3515700101852417 -0.31424999237060547 0.10118000209331512
-0.3526400029659271 -0.3152500092983246 0.09912999719381332
-0.3536899983882904 -0.31630000472068787 0.09707000106573105
-0.3548800051212311 -0.31738999485969543 0.0951400026679039
-0.3559199869632721 -0.3183099925518036 0.09302999824285507
-0.3577600121498108 -0.3161799907684326 0.09297999739646912
-0.3570899963378906 -0.3193100094795227 0.09102000296115875
-0.35879001021385193 -0.3170599937438965 0.090829998254776
-0.3597699999809265 -0.3181599974632263 0.08876000344753265
-0.3581399917602539 -0.32047000527381897 0.08902999758720398
-0.35905998945236206 -0.32142001390457153 0.08687999844551086
-0.3607900142669678 -0.3191800117492676 0.08666999638080597
-0.3599399924278259 -0.32229000329971313 0.0846799984574318
-0.3617999851703644 -0.32012999057769775 0.0845400020480156
-0.3608599901199341 -0.3231000006198883 0.08246999979019165
-0.3627600073814392 -0.32096999883651733 0.0823500007390976
-0.3617999851703644 -0.32405999302864075 0.08032000064849854
-0.3637099862098694 -0.3219200074672699 0.08019000291824341
-0.36281999945640564 -0.32499000430107117 0.0782100036740303
-0.36465999484062195 -0.3227800130844116 0.07800000160932541
-0.3638699948787689 -0.32589998841285706 0.07609999924898148
-0.36574000120162964 -0.32370999455451965 0.07588999718427658
-0.3649199903011322 -0.3268199861049652 0.07400000095367432
-0.36684998869895935 -0.3246699869632721 0.07382000237703323
-0.3677000105381012 -0.3257899880409241 0.0717099979519844
-0.3657599985599518 -0.32795000076293945 0.07190000265836716
-0.36858001351356506 -0.3268600106239319 0.06956999748945236
-0.3667599856853485 -0.329120010137558 0.06988000124692917
-0.36789000034332275 -0.3303700089454651 0.06800000369548798
-0.3696799874305725 -0.32809001207351685 0.06762000173330307
-0.368910014629364 -0.33142000436782837 0.06594999879598618
-0.370959997177124 -0.3293299973011017 0.06581000238656998
-0.371969997882843 -0.3304699957370758 0.06377000361680984
-0.3697200119495392 -0.3323799967765808 0.06375999748706818
-0.3728500008583069 -0.3313699960708618 0.061560001224279404
-0.37060999870300293 -0.3333199918270111 0.06159000098705292
-0.37167999148368835 -0.3343900144100189 0.05954999849200249
-0.37373998761177063 -0.3322199881076813 0.05934000015258789
-0.3724299967288971 -0.33511999249458313 0.05722999945282936
-0.3745900094509125 -0.333050012588501 0.057110000401735306
-0.3753899931907654 -0.33441999554634094 0.05517999827861786
-0.37292999029159546 -0.3361400067806244 0.054990001022815704
-0.3763999938964844 -0.3360300064086914 0.053530000150203705
-0.373879998922348 -0.33772000670433044 0.053279999643564224
-0.37735000252723694 -0.3374899923801422 0.051669999957084656
-0.3747900128364563 -0.3391000032424927 0.051330000162124634
-0.37843000888824463 -0.33908000588417053 0.0500200018286705
-0.37571999430656433 -0.3402700126171112 0.049309998750686646
-0.37939000129699707 -0.3406899869441986 0.04830000177025795
-0.37661999464035034 -0.34154000878334045 0.04732000082731247
-0.38040000200271606 -0.34228000044822693 0.04659000039100647
-0.3776400089263916 -0.34299999475479126 0.04552999883890152
-0.38137999176979065 -0.3437899947166443 0.04475000128149986
-0.3786099851131439 -0.34439998865127563 0.04363999888300896
-0.3438499867916107 -0.31084999442100525 0.11412999778985977
-0.34264999628067017 -0.3097600042819977 0.11603999882936478
-0.3449999988079071 -0.3117699921131134 0.11208999902009964
-0.34584999084472656 -0.31244000792503357 0.10982000082731247
-0.34676000475883484 -0.3131699860095978 0.10760000348091125
-0.34751999378204346 -0.31411999464035034 0.10538999736309052
-0.3485400080680847 -0.31516000628471375 0.10334999859333038
-0.34961000084877014 -0.31624001264572144 0.10135000199079514
-0.3508099913597107 -0.31735000014305115 0.09944000095129013
-0.35179001092910767 -0.31836000084877014 0.09736000001430511
-0.3528499901294708 -0.3193399906158447 0.09531000256538391
-0.3539299964904785 -0.32030999660491943 0.09324999898672104
-0.35521000623703003 -0.3213900029659271 0.09138000011444092
-0.35635998845100403 -0.32262998819351196 0.08951999992132187
-0.3573499917984009 -0.32363998889923096 0.08743999898433685
-0.3581799864768982 -0.32447999715805054 0.08521000295877457
-0.3590199947357178 -0.3252499997615814 0.08297000080347061
-0.36004000902175903 -0.3262700140476227 0.08092000335454941
-0.36103999614715576 -0.32719001173973083 0.07880999892950058
-0.3621099889278412 -0.328110009431839 0.07673999667167664
-0.3629699945449829 -0.328900009393692 0.07451000064611435
-0.36379000544548035 -0.33004000782966614 0.07242000102996826
-0.3648099899291992 -0.33122000098228455 0.07044000178575516
-0.3659600019454956 -0.3324899971485138 0.06859000027179718
-0.36684998869895935 -0.33344998955726624 0.06644000113010406
-0.36754000186920166 -0.33430999517440796 0.06419000029563904
-0.36823999881744385 -0.33504000306129456 0.061889998614788055
-0.3691500127315521 -0.3359600007534027 0.05973999947309494
-0.3698999881744385 -0.33667999505996704 0.05745000019669533
-0.370279997587204 -0.3375299870967865 0.05510000139474869
-0.37105000019073486 -0.3387500047683716 0.053040001541376114
-0.37196001410484314 -0.3401300013065338 0.05113999918103218
-0.3728800117969513 -0.3413200080394745 0.04913000017404556
-0.3738099932670593 -0.34272000193595886 0.047269999980926514
-0.3747900128364563 -0.3440600037574768 0.04538000002503395
-0.3756999969482422 -0.34521999955177307 0.04332999885082245
-0.3765299916267395 -0.3460499942302704 0.041099999099969864
POLYGONS 2642 10568
3 0 1 2
3 1 3 2
3 1 4 3
3 4 5 3
3 4 6 5
3 6 7 5
3 6 8 7
3 8 9 7
3 8 10 9
3 10 11 9
3 10 12 11
3 12 13 11
3 12 14 13
3 14 15 13
3 14 16 15
3 16 17 15
3 16 18 17
3 18 19 17
3 18 20 19
3 20 21 19
3 20 22 21
3 22 23 21
3 22 24 23
3 24 25 23
3 24 26 25
3 26 27 25
3 26 28 27
3 28 29 27
3 28 30 29
3 30 31 29
3 30 32 31
3 32 33 31
3 32 34 33
3 34 35 33
3 34 36 35
3 36 37 35
3 36 38 37
3 38 39 37
3 38 40 39
3 40 41 39
3 40 42 41
3 42 43 41
3 42 44 43
3 44 45 43
3 44 46 45
3 46 47 45
3 46 48 47
3 48 49 47
3 48 50 49
3 50 51 49
3 50 52 51
3 52 53 51
3 52 54 53
3 54 55 53
3 54 56 55
3 56 57 55
3 56 58 57
3 58 59 57
3 57 59 60
3 59 61 60
3 60 61 62
3 61 63 62
3 62 63 64
3 63 65 64
3 64 65 66
3 65 67 66
3 66 67 68
3 67 69 68
3 68 69 70
3 69 71 70
3 70 71 72
3 71 73 72
3 72 73 74
3 2 75 76
3 2 3 75
3 3 77 75
3 3 5 77
3 5 78 77
3 5 7 78
3 7 79 78
3 7 9 79
3 9 80 79
3 9 11 80
3 11 81 80
3 11 13 81
3 13 82 81
3 13 15 82
3 15 83 82
3 15 17 83
3 17 84 83
3 17 19 84
3 19 85 84
3 19 21 85
3 21 86 85
3 21 23 86
3 23 87 86
3 23 25 87
3 25 88 87
3 25 27 88
3 27 89 88
3 27 29 89
3 29 90 89
3 29 31 90
3 31 91 90
3 31 33 91
3 33 92 91
3 33 35 92
3 35 93 92
3 35 37 93
3 37 94 93
3 37 39 94
3 39 95 94
3 39 41 95
3 41 43 95
3 95 43 96
3 43 97 96
3 43 45 97
3 45 47 97
3 97 47 98
3 47 49 98
3 98 49 99
3 49 100 99
3 49 51 100
3 51 101 100
3 51 53 101
3 53 102 101
3 53 55 102
3 55 103 102
3 55 57 103
3 57 60 103
3 103 60 104
3 60 62 104
3 104 62 105
3 62 64 105
3 105 64 106
3 64 66 106
3 106 66 107
3 66 68 107
3 107 68 108
3 68 70 108
3 108 70 109
3 70 72 109
3 109 72 110
3 72 74 110
3 110 74 111
3 74 112 111
3 111 112 113
3 76 114 115
3 76 75 114
3 75 116 114
3 75 77 116
3 77 117 116
3 77 78 117
3 78 118 117
3 78 79 118
3 79 119 118
3 79 80 119
3 80 120 119
3 80 81 120
3 81 121 120
3 81 82 121
3 82 122 121
3 82 83 122
3 83 123 122
3 83 84 123
3 84 124 123
3 84 85 124
3 85 125 124
3 85 86 125
3 86 126 125
3 86 87 126
3 87 127 126
3 87 88 127
3 88 128 127
3 88 89 128
3 89 129 128
3 89 90 129
3 90 130 129
3 90 91 130
3 91 131 130
3 91 92 131
3 92 132 131
3 92 93 132
3 93 133 132
3 93 94 133
3 94 134 133
3 94 95 134
3 95 135 134
3 95 96 135
3 96 136 135
3 96 97 136
3 97 137 136
3 97 98 137
3 98 138 137
3 98 99 138
3 99 100 138
3 138 100 139
3 100 140 139
3 100 101 140
3 101 141 140
3 101 102 141
3 102 142 141
3 102 103 142
3 103 104 142
3 142 104 143
3 104 105 143
3 143 105 144
3 105 145 144
3 105 106 145
3 106 146 145
3 106 107 146
3 107 108 146
3 146 108 147
3 108 109 147
3 147 109 148
3 109 110 148
3 148 110 149
3 110 111 149
3 149 111 150
3 111 113 150
3 150 113 151
3 115 152 153
3 115 114 152
3 114 154 152
3 114 116 154
3 116 155 154
3 116 117 155
3 117 156 155
3 117 118 156
3 118 157 156
3 118 119 157
3 119 158 157
3 119 120 158
3 120 159 158
3 120 121 159
3 121 160 159
3 121 122 160
3 122 161 160
3 122 123 161
3 123 162 161
3 123 124 162
3 124 163 162
3 124 125 163
3 125 164 163
3 125 126 164
3 126 165 164
3 126 127 165
3 127 166 165
3 127 128 166
3 128 167 166
3 128 129 167
3 129 168 167
3 129 130 168
3 130 169 168
3 130 131 169
3 131 170 169
3 131 132 170
3 132 171 170
3 132 133 171
3 133 172 171
3 133 134 172
3 134 173 172
3 134 135 173
3 135 174 173
3 135 136 174
3 136 175 174
3 136 137 175
3 137 176 175
3 137 138 176
3 138 177 176
3 138 139 177
3 139 178 177
3 139 140 178
3 140 179 178
3 140 141 179
3 141 180 179
3 141 142 180
3 142 181 180
3 142 143 181
3 143 182 181
3 143 144 182
3 144 183 182
3 144 145 183
3 145 184 183
3 145 146 184
3 146 185 184
3 146 147 185
3 147 186 185
3 147 148 186
3 148 149 186
3 186 149 187
3 149 150 187
3 187 150 188
3 150 151 188
3 188 151 189
3 151 190 189
3 189 190 191
3 153 192 193
3 153 152 192
3 152 194 192
3 152 154 194
3 154 195 194
3 154 155 195
3 155 196 195
3 155 156 196
3 156 197 196
3 156 157 197
3 157 198 197
3 157 158 198
3 158 199 198
3 158 159 199
3 159 200 199
3 159 160 200
3 160 201 200
3 160 161 201
3 161 202 201
3 161 162 202
3 162 203 202
3 162 163 203
3 163 204 203
3 163 164 204
3 164 205 204
3 164 165 205
3 165 206 205
3 165 166 206
3 166 207 206
3 166 167 207
3 167 208 207
3 167 168 208
3 168 209 208
3 168 169 209
3 169 210 209
3 169 170 210
3 170 211 210
3 170 171 211
3 171 212 211
3 171 172 212
3 172 213 212
3 172 173 213
3 173 214 213
3 173 174 214
3 174 215 214
3 174 175 215
3 175 216 215
3 175 176 216
3 176 217 216
3 176 177 217
3 177 218 217
3 177 178 218
3 178 219 218
3 178 179 219
3 179 220 219
3 179 180 220
3 180 181 220
3 220 181 221
3 181 222 221
3 181 182 222
3 182 223 222
3 182 183 223
3 183 224 223
3 183 184 224
3 184 225 224
3 184 185 225
3 185 226 225
3 185 186 226
3 186 227 226
3 186 187 227
3 187 228 227
3 187 188 228
3 188 189 228
3 228 189 229
3 189 191 229
3 229 191 230
3 191 231 230
3 193 232 233
3 193 192 232
3 192 234 232
3 192 194 234
3 194 235 234
3 194 195 235
3 195 236 235
3 195 196 236
3 196 237 236
3 196 197 237
3 197 238 237
3 197 198 238
3 198 239 238
3 198 199 239
3 199 240 239
3 199 200 240
3 200 241 240
3 200 201 241
3 201 242 241
3 201 202 242
3 202 243 242
3 202 203 243
3 203 244 243
3 203 204 244
3 204 245 244
3 204 205 245
3 205 246 245
3 205 206 246
3 206 247 246
3 206 207 247
3 207 248 247
3 207 208 248
3 208 249 248
3 208 209 249
3 209 250 249
3 209 210 250
3 210 251 250
3 210 211 251
3 211 252 251
3 211 212 252
3 212 253 252
3 212 213 253
3 213 254 253
3 213 214 254
3 214 255 254
3 214 215 255
3 215 256 255
3 215 216 256
3 216 257 256
3 216 217 257
3 217 258 257
3 217 218 258
3 218 259 258
3 218 219 259
3 219 260 259
3 219 220 260
3 220 221 260
3 260 221 261
3 221 222 261
3 261 222 262
3 222 223 262
3 262 223 263
3 223 264 263
3 223 224 264
3 224 265 264
3 224 225 265
3 225 266 265
3 225 226 266
3 226 267 266
3 226 227 267
3 227 268 267
3 227 228 268
3 228 229 268
3 268 229 269
3 229 230 269
3 269 230 270
3 230 231 270
3 270 231 271
3 233 232 272
3 232 273 272
3 232 234 273
3 234 274 273
3 234 235 274
3 235 275 274
3 235 236 275
3 236 276 275
3 236 237 276
3 237 277 276
3 237 238 277
3 238 278 277
3 238 239 278
3 239 279 278
3 239 240 279
3 240 280 279
3 240 241 280
3 241 281 280
3 241 242 281
3 242 282 281
3 242 243 282
3 243 283 282
3 243 244 283
3 244 284 283
3 244 245 284
3 245 285 284
3 245 246 285
3 246 286 285
3 246 247 286
3 247 287 286
3 247 248 287
3 248 288 287
3 248 249 288
3 249 250 288
3 288 250 289
3 250 251 289
3 289 251 290
3 251 252 290
3 290 252 291
3 252 253 291
3 291 253 292
3 253 254 292
3 292 254 293
3 254 294 293
3 254 255 294
3 255 295 294
3 255 256 295
3 256 257 295
3 295 257 296
3 257 258 296
3 296 258 297
3 258 259 297
3 297 259 298
3 259 260 298
3 298 260 299
3 260 261 299
3 299 261 300
3 261 262 300
3 300 262 301
3 262 263 301
3 301 263 302
3 263 264 302
3 302 264 303
3 264 265 303
3 303 265 304
3 265 305 304
3 265 266 305
3 266 267 305
3 305 267 306
3 267 268 306
3 306 268 307
3 268 269 307
3 307 269 308
3 269 270 308
3 308 270 309
3 270 271 309
3 309 271 310
3 271 311 310
3 310 311 312
3 272 313 314
3 272 273 313
3 273 315 313
3 273 274 315
3 274 316 315
3 274 275 316
3 275 317 316
3 275 276 317
3 276 318 317
3 276 277 318
3 277 319 318
3 277 278 319
3 278 320 319
3 278 279 320
3 279 321 320
3 279 280 321
3 280 322 321
3 280 281 322
3 281 323 322
3 281 282 323
3 282 324 323
3 282 283 324
3 283 325 324
3 283 284 325
3 284 326 325
3 284 285 326
3 285 327 326
3 285 286 327
3 286 328 327
3 286 287 328
3 287 329 328
3 287 288 329
3 288 330 329
3 288 289 330
3 289 331 330
3 289 290 331
3 290 291 331
3 331 291 332
3 291 292 332
3 332 292 333
3 292 293 333
3 333 293 334
3 293 294 334
3 334 294 335
3 294 336 335
3 294 295 336
3 295 296 336
3 336 296 337
3 296 338 337
3 296 297 338
3 297 339 338
3 297 298 339
3 298 340 339
3 298 299 340
3 299 300 340
3 340 300 341
3 300 301 341
3 341 301 342
3 301 302 342
3 342 302 343
3 302 303 343
3 343 303 344
3 303 304 344
3 344 304 345
3 304 346 345
3 304 305 346
3 305 347 346
3 305 306 347
3 306 348 347
3 306 307 348
3 307 308 348
3 348 308 349
3 308 309 349
3 349 309 350
3 309 351 350
3 309 310 351
3 310 352 351
3 310 312 352
3 314 353 354
3 314 313 353
3 313 355 353
3 313 315 355
3 315 356 355
3 315 316 356
3 316 357 356
3 316 317 357
3 317 358 357
3 317 318 358
3 318 359 358
3 318 319 359
3 319 360 359
3 319 320 360
3 320 361 360
3 320 321 361
3 321 362 361
3 321 322 362
3 322 363 362
3 322 323 363
3 323 364 363
3 323 324 364
3 324 365 364
3 324 325 365
3 325 366 365
3 325 326 366
3 326 367 366
3 326 327 367
3 327 368 367
3 327 328 368
3 328 369 368
3 328 329 369
3 329 370 369
3 329 330 370
3 330 371 370
3 330 331 371
3 331 372 371
3 331 332 372
3 332 373 372
3 332 333 373
3 333 374 373
3 333 334 374
3 334 375 374
3 334 335 375
3 335 376 375
3 335 336 376
3 336 377 376
3 336 337 377
3 337 378 377
3 337 338 378
3 338 379 378
3 338 339 379
3 339 380 379
3 339 340 380
3 340 381 380
3 340 341 381
3 341 342 381
3 381 342 382
3 342 383 382
3 342 343 383
3 343 384 383
3 343 344 384
3 344 385 384
3 344 345 385
3 345 386 385
3 345 346 386
3 346 387 386
3 346 347 387
3 347 388 387
3 347 348 388
3 348 389 388
3 348 349 389
3 349 390 389
3 349 350 390
3 350 391 390
3 350 351 391
3 351 392 391
3 351 352 392
3 352 393 392
3 354 394 395
3 354 353 394
3 353 396 394
3 353 355 396
3 355 397 396
3 355 356 397
3 356 398 397
3 356 357 398
3 357 399 398
3 357 358 399
3 358 400 399
3 358 359 400
3 359 401 400
3 359 360 401
3 360 402 401
3 360 361 402
3 361 403 402
3 361 362 403
3 362 404 403
3 362 363 404
3 363 405 404
3 363 364 405
3 364 406 405
3 364 365 406
3 365 407 406
3 365 366 407
3 366 408 407
3 366 367 408
3 367 409 408
3 367 368 409
3 368 410 409
3 368 369 410
3 369 411 410
3 369 370 411
3 370 412 411
3 370 371 412
3 371 413 412
3 371 372 413
3 372 414 413
3 372 373 414
3 373 415 414
3 373 374 415
3 374 416 415
3 374 375 416
3 375 417 416
3 375 376 417
3 376 377 417
3 417 377 418
3 377 419 418
3 377 378 419
3 378 420 419
3 378 379 420
3 379 421 420
3 379 380 421
3 380 381 421
3 421 381 422
3 381 382 422
3 422 382 423
3 382 424 423
3 382 383 424
3 383 425 424
3 383 384 425
3 384 426 425
3 384 385 426
3 385 427 426
3 385 386 427
3 386 428 427
3 386 387 428
3 387 429 428
3 387 388 429
3 388 430 429
3 388 389 430
3 389 431 430
3 389 390 431
3 390 432 431
3 390 391 432
3 391 433 432
3 391 392 433
3 392 434 433
3 392 393 434
3 395 435 436
3 395 394 435
3 394 437 435
3 394 396 437
3 396 438 437
3 396 397 438
3 397 398 438
3 438 398 439
3 398 440 439
3 398 399 440
3 399 441 440
3 399 400 441
3 400 442 441
3 400 401 442
3 401 402 442
3 442 402 443
3 402 444 443
3 402 403 444
3 403 445 444
3 403 404 445
3 404 446 445
3 404 405 446
3 405 406 446
3 446 406 447
3 406 448 447
3 406 407 448
3 407 449 448
3 407 408 449
3 408 450 449
3 408 409 450
3 409 451 450
3 409 410 451
3 410 452 451
3 410 411 452
3 411 412 452
3 452 412 453
3 412 413 453
3 453 413 454
3 413 414 454
3 454 414 455
3 414 415 455
3 455 415 456
3 415 416 456
3 456 416 457
3 416 417 457
3 457 417 458
3 417 418 458
3 458 418 459
3 418 419 459
3 459 419 460
3 419 420 460
3 460 420 461
3 420 421 461
3 461 421 462
3 421 422 462
3 462 422 463
3 422 423 463
3 463 423 464
3 423 424 464
3 464 424 465
3 424 466 465
3 424 425 466
3 425 467 466
3 425 426 467
3 426 468 467
3 426 427 468
3 427 469 468
3 427 428 469
3 428 470 469
3 428 429 470
3 429 471 470
3 429 430 471
3 430 472 471
3 430 431 472
3 431 473 472
3 431 432 473
3 432 474 473
3 432 433 474
3 433 475 474
3 433 434 475
3 434 476 475
3 436 477 478
3 436 435 477
3 435 479 477
3 435 437 479
3 437 480 479
3 437 438 480
3 438 439 480
3 480 439 481
3 439 440 481
3 481 440 482
3 440 441 482
3 482 441 483
3 441 442 483
3 483 442 484
3 442 443 484
3 484 443 485
3 443 444 485
3 485 444 486
3 444 487 486
3 444 445 487
3 445 488 487
3 445 446 488
3 446 447 488
3 488 447 489
3 447 490 489
3 447 448 490
3 448 491 490
3 448 449 491
3 449 492 491
3 449 450 492
3 450 493 492
3 450 451 493
3 451 494 493
3 451 452 494
3 452 453 494
3 494 453 495
3 453 454 495
3 495 454 496
3 454 455 496
3 496 455 497
3 455 456 497
3 497 456 498
3 456 457 498
3 498 457 499
3 457 458 499
3 499 458 500
3 458 459 500
3 500 459 501
3 459 460 501
3 501 460 502
3 460 461 502
3 502 461 503
3 461 462 503
3 503 462 504
3 462 463 504
3 504 463 505
3 463 464 505
3 505 464 506
3 464 465 506
3 506 465 507
3 465 508 507
3 465 466 508
3 466 509 508
3 466 467 509
3 467 510 509
3 467 468 510
3 468 511 510
3 468 469 511
3 469 512 511
3 469 470 512
3 470 513 512
3 470 471 513
3 471 514 513
3 471 472 514
3 472 515 514
3 472 473 515
3 473 516 515
3 473 474 516
3 474 517 516
3 474 475 517
3 475 518 517
3 475 476 518
3 476 519 518
3 478 520 521
3 478 477 520
3 477 522 520
3 477 479 522
3 479 523 522
3 479 480 523
3 480 481 523
3 523 481 524
3 481 482 524
3 524 482 525
3 482 483 525
3 525 483 526
3 483 484 526
3 526 484 527
3 484 485 527
3 527 485 528
3 485 529 528
3 485 486 529
3 486 530 529
3 486 487 530
3 487 531 530
3 487 488 531
3 488 489 531
3 531 489 532
3 489 533 532
3 489 490 533
3 490 534 533
3 490 491 534
3 491 535 534
3 491 492 535
3 492 536 535
3 492 493 536
3 493 537 536
3 493 494 537
3 494 495 537
3 537 495 538
3 495 496 538
3 538 496 539
3 496 497 539
3 539 497 540
3 497 498 540
3 540 498 541
3 498 499 541
3 541 499 542
3 499 500 542
3 542 500 543
3 500 501 543
3 543 501 544
3 501 502 544
3 544 502 545
3 502 503 545
3 545 503 546
3 503 504 546
3 546 504 547
3 504 505 547
3 547 505 548
3 505 506 548
3 548 506 549
3 506 507 549
3 549 507 550
3 507 551 550
3 507 508 551
3 508 552 551
3 508 509 552
3 509 553 552
3 509 510 553
3 510 511 553
3 553 511 554
3 511 512 554
3 554 512 555
3 512 556 555
3 512 513 556
3 513 557 556
3 513 514 557
3 514 558 557
3 514 515 558
3 515 559 558
3 515 516 559
3 516 560 559
3 516 517 560
3 517 561 560
3 517 518 561
3 518 562 561
3 518 519 562
3 521 563 564
3 521 520 563
3 520 565 563
3 520 522 565
3 522 566 565
3 522 523 566
3 523 524 566
3 566 524 567
3 524 568 567
3 524 525 568
3 525 569 568
3 525 526 569
3 526 570 569
3 526 527 570
3 527 571 570
3 527 528 571
3 528 572 571
3 528 529 572
3 529 573 572
3 529 530 573
3 530 574 573
3 530 531 574
3 531 575 574
3 531 532 575
3 532 576 575
3 532 533 576
3 533 577 576
3 533 534 577
3 534 578 577
3 534 535 578
3 535 579 578
3 535 536 579
3 536 580 579
3 536 537 580
3 537 581 580
3 537 538 581
3 538 539 581
3 581 539 582
3 539 540 582
3 582 540 583
3 540 541 583
3 583 541 584
3 541 542 584
3 584 542 585
3 542 586 585
3 542 543 586
3 543 544 586
3 586 544 587
3 544 545 587
3 587 545 588
3 545 546 588
3 588 546 589
3 546 547 589
3 589 547 590
3 547 548 590
3 590 548 591
3 548 549 591
3 591 549 592
3 549 550 592
3 592 550 593
3 550 594 593
3 550 551 594
3 551 595 594
3 551 552 595
3 552 596 595
3 552 553 596
3 553 554 596
3 596 554 597
3 554 555 597
3 597 555 598
3 555 556 598
3 598 556 599
3 556 600 599
3 556 557 600
3 557 601 600
3 557 558 601
3 558 602 601
3 558 559 602
3 559 603 602
3 559 560 603
3 560 604 603
3 560 561 604
3 561 605 604
3 561 562 605
3 562 606 605
3 564 607 608
3 564 563 607
3 563 609 607
3 563 565 609
3 565 610 609
3 565 566 610
3 566 611 610
3 566 567 611
3 567 612 611
3 567 568 612
3 568 613 612
3 568 569 613
3 569 614 613
3 569 570 614
3 570 615 614
3 570 571 615
3 571 616 615
3 571 572 616
3 572 617 616
3 572 573 617
3 573 618 617
3 573 574 618
3 574 619 618
3 574 575 619
3 575 620 619
3 575 576 620
3 576 621 620
3 576 577 621
3 577 622 621
3 577 578 622
3 578 623 622
3 578 579 623
3 579 624 623
3 579 580 624
3 580 625 624
3 580 581 625
3 581 626 625
3 581 582 626
3 582 627 626
3 582 583 627
3 583 628 627
3 583 584 628
3 584 629 628
3 584 585 629
3 585 630 629
3 585 586 630
3 586 631 630
3 586 587 631
3 587 632 631
3 587 588 632
3 588 633 632
3 588 589 633
3 589 634 633
3 589 590 634
3 590 591 634
3 634 591 635
3 591 592 635
3 635 592 636
3 592 593 636
3 636 593 637
3 593 594 637
3 637 594 638
3 594 595 638
3 638 595 639
3 595 596 639
3 639 596 640
3 596 597 640
3 640 597 641
3 597 598 641
3 641 598 642
3 598 599 642
3 642 599 643
3 599 600 643
3 643 600 644
3 600 601 644
3 644 601 645
3 601 602 645
3 645 602 646
3 602 603 646
3 646 603 647
3 603 604 647
3 647 604 648
3 604 605 648
3 648 605 649
3 605 606 649
3 649 606 650
3 608 607 651
3 607 652 651
3 607 609 652
3 609 653 652
3 609 610 653
3 610 654 653
3 610 611 654
3 611 655 654
3 611 612 655
3 612 656 655
3 612 613 656
3 613 657 656
3 613 614 657
3 614 658 657
3 614 615 658
3 615 659 658
3 615 616 659
3 616 660 659
3 616 617 660
3 617 661 660
3 617 618 661
3 618 662 661
3 618 619 662
3 619 663 662
3 619 620 663
3 620 664 663
3 620 621 664
3 621 665 664
3 621 622 665
3 622 666 665
3 622 623 666
3 623 667 666
3 623 624 667
3 624 668 667
3 624 625 668
3 625 669 668
3 625 626 669
3 626 670 669
3 626 627 670
3 627 671 670
3 627 628 671
3 628 672 671
3 628 629 672
3 629 673 672
3 629 630 673
3 630 674 673
3 630 631 674
3 631 675 674
3 631 632 675
3 632 676 675
3 632 633 676
3 633 677 676
3 633 634 677
3 634 678 677
3 634 635 678
3 635 679 678
3 635 636 679
3 636 637 679
3 679 637 680
3 637 638 680
3 680 638 681
3 638 639 681
3 681 639 682
3 639 640 682
3 682 640 683
3 640 641 683
3 683 641 684
3 641 642 684
3 684 642 685
3 642 643 685
3 685 643 686
3 643 644 686
3 686 644 687
3 644 645 687
3 687 645 688
3 645 646 688
3 688 646 689
3 646 647 689
3 689 647 690
3 647 648 690
3 690 648 691
3 648 649 691
3 691 649 692
3 651 693 694
3 651 652 693
3 652 695 693
3 652 653 695
3 653 696 695
3 653 654 696
3 654 697 696
3 654 655 697
3 655 698 697
3 655 656 698
3 656 699 698
3 656 657 699
3 657 700 699
3 657 658 700
3 658 701 700
3 658 659 701
3 659 702 701
3 659 660 702
3 660 703 702
3 660 661 703
3 661 704 703
3 661 662 704
3 662 705 704
3 662 663 705
3 663 706 705
3 663 664 706
3 664 707 706
3 664 665 707
3 665 708 707
3 665 666 708
3 666 709 708
3 666 667 709
3 667 710 709
3 667 668 710
3 668 711 710
3 668 669 711
3 669 712 711
3 669 670 712
3 670 713 712
3 670 671 713
3 671 714 713
3 671 672 714
3 672 715 714
3 672 673 715
3 673 716 715
3 673 674 716
3 674 717 716
3 674 675 717
3 675 718 717
3 675 676 718
3 676 719 718
3 676 677 719
3 677 678 719
3 719 678 720
3 678 721 720
3 678 679 721
3 679 722 721
3 679 680 722
3 680 723 722
3 680 681 723
3 681 682 723
3 723 682 724
3 682 683 724
3 724 683 725
3 683 684 725
3 725 684 726
3 684 685 726
3 726 685 727
3 685 686 727
3 727 686 728
3 686 687 728
3 728 687 729
3 687 688 729
3 729 688 730
3 688 689 730
3 730 689 731
3 689 690 731
3 731 690 732
3 690 691 732
3 732 691 733
3 691 734 733
3 691 692 734
3 694 735 736
3 694 693 735
3 693 737 735
3 693 695 737
3 695 696 737
3 737 696 738
3 696 697 738
3 738 697 739
3 697 740 739
3 697 698 740
3 698 741 740
3 698 699 741
3 699 700 741
3 741 700 742
3 700 743 742
3 700 701 743
3 701 744 743
3 701 702 744
3 702 703 744
3 744 703 745
3 703 704 745
3 745 704 746
3 704 747 746
3 704 705 747
3 705 748 747
3 705 706 748
3 706 749 748
3 706 707 749
3 707 750 749
3 707 708 750
3 708 751 750
3 708 709 751
3 709 710 751
3 751 710 752
3 710 711 752
3 752 711 753
3 711 712 753
3 753 712 754
3 712 713 754
3 754 713 755
3 713 714 755
3 755 714 756
3 714 715 756
3 756 715 757
3 715 716 757
3 757 716 758
3 716 717 758
3 758 717 759
3 717 718 759
3 759 718 760
3 718 719 760
3 760 719 761
3 719 720 761
3 761 720 762
3 720 721 762
3 762 721 763
3 721 764 763
3 721 722 764
3 722 765 764
3 722 723 765
3 723 766 765
3 723 724 766
3 724 725 766
3 766 725 767
3 725 726 767
3 767 726 768
3 726 727 768
3 768 727 769
3 727 728 769
3 769 728 770
3 728 729 770
3 770 729 771
3 729 730 771
3 771 730 772
3 730 731 772
3 772 731 773
3 731 732 773
3 773 732 774
3 732 733 774
3 774 733 775
3 733 776 775
3 733 734 776
3 736 777 778
3 736 735 777
3 735 779 777
3 735 737 779
3 737 738 779
3 779 738 780
3 738 739 780
3 780 739 781
3 739 782 781
3 739 740 782
3 740 741 782
3 782 741 783
3 741 742 783
3 783 742 784
3 742 743 784
3 784 743 785
3 743 744 785
3 785 744 786
3 744 745 786
3 786 745 787
3 745 746 787
3 787 746 788
3 746 789 788
3 746 747 789
3 747 790 789
3 747 748 790
3 748 791 790
3 748 749 791
3 749 792 791
3 749 750 792
3 750 793 792
3 750 751 793
3 751 752 793
3 793 752 794
3 752 753 794
3 794 753 795
3 753 754 795
3 795 754 796
3 754 755 796
3 796 755 797
3 755 756 797
3 797 756 798
3 756 757 798
3 798 757 799
3 757 758 799
3 799 758 800
3 758 759 800
3 800 759 801
3 759 760 801
3 801 760 802
3 760 761 802
3 802 761 803
3 761 762 803
3 803 762 804
3 762 763 804
3 804 763 805
3 763 764 805
3 805 764 806
3 764 807 806
3 764 765 807
3 765 808 807
3 765 766 808
3 766 767 808
3 808 767 809
3 767 768 809
3 809 768 810
3 768 769 810
3 810 769 811
3 769 770 811
3 811 770 812
3 770 771 812
3 812 771 813
3 771 772 813
3 813 772 814
3 772 773 814
3 814 773 815
3 773 774 815
3 815 774 816
3 774 775 816
3 816 775 817
3 818 819 820
3 818 778 819
3 778 821 819
3 778 777 821
3 777 822 821
3 777 779 822
3 779 823 822
3 779 780 823
3 780 824 823
3 780 781 824
3 781 825 824
3 781 782 825
3 782 826 825
3 782 783 826
3 783 827 826
3 783 784 827
3 784 828 827
3 784 785 828
3 785 829 828
3 785 786 829
3 786 830 829
3 786 787 830
3 787 831 830
3 787 788 831
3 788 832 831
3 788 789 832
3 789 833 832
3 789 790 833
3 790 834 833
3 790 791 834
3 791 835 834
3 791 792 835
3 792 836 835
3 792 793 836
3 793 837 836
3 793 794 837
3 794 838 837
3 794 795 838
3 795 796 838
3 838 796 839
3 796 797 839
3 839 797 840
3 797 798 840
3 840 798 841
3 798 842 841
3 798 799 842
3 799 800 842
3 842 800 843
3 800 844 843
3 800 801 844
3 801 845 844
3 801 802 845
3 802 846 845
3 802 803 846
3 803 804 846
3 846 804 847
3 804 805 847
3 847 805 848
3 805 849 848
3 805 806 849
3 806 850 849
3 806 807 850
3 807 851 850
3 807 808 851
3 808 852 851
3 808 809 852
3 809 810 852
3 852 810 853
3 810 811 853
3 853 811 854
3 811 812 854
3 854 812 855
3 812 813 855
3 855 813 856
3 813 814 856
3 856 814 857
3 814 858 857
3 814 815 858
3 815 859 858
3 815 816 859
3 816 860 859
3 816 817 860
3 820 861 862
3 820 819 861
3 819 863 861
3 819 821 863
3 821 864 863
3 821 822 864
3 822 865 864
3 822 823 865
3 823 866 865
3 823 824 866
3 824 867 866
3 824 825 867
3 825 868 867
3 825 826 868
3 826 827 868
3 868 827 869
3 827 870 869
3 827 828 870
3 828 829 870
3 870 829 871
3 829 830 871
3 871 830 872
3 830 831 872
3 872 831 873
3 831 874 873
3 831 832 874
3 832 875 874
3 832 833 875
3 833 876 875
3 833 834 876
3 834 877 876
3 834 835 877
3 835 878 877
3 835 836 878
3 836 879 878
3 836 837 879
3 837 880 879
3 837 838 880
3 838 839 880
3 880 839 881
3 839 882 881
3 839 840 882
3 840 841 882
3 882 841 883
3 841 884 883
3 841 842 884
3 842 843 884
3 884 843 885
3 843 886 885
3 843 844 886
3 844 887 886
3 844 845 887
3 845 888 887
3 845 846 888
3 846 847 888
3 888 847 889
3 847 848 889
3 889 848 890
3 848 891 890
3 848 849 891
3 849 892 891
3 849 850 892
3 850 893 892
3 850 851 893
3 851 894 893
3 851 852 894
3 852 853 894
3 894 853 895
3 853 854 895
3 895 854 896
3 854 855 896
3 896 855 897
3 855 856 897
3 897 856 898
3 856 899 898
3 856 857 899
3 857 900 899
3 857 858 900
3 858 901 900
3 858 859 901
3 859 902 901
3 859 860 902
3 862 903 904
3 862 861 903
3 861 905 903
3 861 863 905
3 863 906 905
3 863 864 906
3 864 865 906
3 906 865 907
3 865 908 907
3 865 866 908
3 866 909 908
3 866 867 909
3 867 910 909
3 867 868 910
3 868 869 910
3 910 869 911
3 869 870 911
3 911 870 912
3 870 913 912
3 870 871 913
3 871 872 913
3 913 872 914
3 872 873 914
3 914 873 915
3 873 916 915
3 873 874 916
3 874 917 916
3 874 875 917
3 875 918 917
3 875 876 918
3 876 919 918
3 876 877 919
3 877 920 919
3 877 878 920
3 878 921 920
3 878 879 921
3 879 922 921
3 879 880 922
3 880 881 922
3 922 881 923
3 881 882 923
3 923 882 924
3 882 883 924
3 924 883 925
3 883 884 925
3 925 884 926
3 884 885 926
3 926 885 927
3 885 886 927
3 927 886 928
3 886 929 928
3 886 887 929
3 887 930 929
3 887 888 930
3 888 889 930
3 930 889 931
3 889 890 931
3 931 890 932
3 890 933 932
3 890 891 933
3 891 934 933
3 891 892 934
3 892 935 934
3 892 893 935
3 893 936 935
3 893 894 936
3 894 895 936
3 936 895 937
3 895 896 937
3 937 896 938
3 896 897 938
3 938 897 939
3 897 898 939
3 939 898 940
3 898 899 940
3 940 899 941
3 899 900 941
3 941 900 942
3 900 901 942
3 942 901 943
3 904 903 944
3 903 945 944
3 903 905 945
3 905 946 945
3 905 906 946
3 906 907 946
3 946 907 947
3 907 948 947
3 907 908 948
3 908 949 948
3 908 909 949
3 909 910 949
3 949 910 950
3 910 911 950
3 950 911 951
3 911 952 951
3 911 912 952
3 912 953 952
3 912 913 953
3 913 954 953
3 913 914 954
3 914 915 954
3 954 915 955
3 915 956 955
3 915 916 956
3 916 957 956
3 916 917 957
3 917 958 957
3 917 918 958
3 918 959 958
3 918 919 959
3 919 960 959
3 919 920 960
3 920 921 960
3 960 921 961
3 921 922 961
3 961 922 962
3 922 923 962
3 962 923 963
3 923 924 963
3 963 924 964
3 924 925 964
3 964 925 965
3 925 926 965
3 965 926 966
3 926 927 966
3 966 927 967
3 927 928 967
3 967 928 968
3 928 929 968
3 968 929 969
3 929 970 969
3 929 930 970
3 930 931 970
3 970 931 971
3 931 932 971
3 971 932 972
3 932 973 972
3 932 933 973
3 933 974 973
3 933 934 974
3 934 975 974
3 934 935 975
3 935 936 975
3 975 936 976
3 936 937 976
3 976 937 977
3 937 938 977
3 977 938 978
3 938 939 978
3 978 939 979
3 939 940 979
3 979 940 980
3 940 941 980
3 980 941 981
3 941 942 981
3 981 942 982
3 942 943 982
3 982 943 983
3 944 984 985
3 944 945 984
3 945 986 984
3 945 946 986
3 946 987 986
3 946 947 987
3 947 988 987
3 947 948 988
3 948 989 988
3 948 949 989
3 949 990 989
3 949 950 990
3 950 991 990
3 950 951 991
3 951 992 991
3 951 952 992
3 952 993 992
3 952 953 993
3 953 994 993
3 953 954 994
3 954 995 994
3 954 955 995
3 955 996 995
3 955 956 996
3 956 997 996
3 956 957 997
3 957 998 997
3 957 958 998
3 958 999 998
3 958 959 999
3 959 1000 999
3 959 960 1000
3 960 961 1000
3 1000 961 1001
3 961 962 1001
3 1001 962 1002
3 962 963 1002
3 1002 963 1003
3 963 964 1003
3 1003 964 1004
3 964 965 1004
3 1004 965 1005
3 965 966 1005
3 1005 966 1006
3 966 967 1006
3 1006 967 1007
3 967 968 1007
3 1007 968 1008
3 968 1009 1008
3 968 969 1009
3 969 1010 1009
3 969 970 1010
3 970 971 1010
3 1010 971 1011
3 971 972 1011
3 1011 972 1012
3 972 1013 1012
3 972 973 1013
3 973 1014 1013
3 973 974 1014
3 974 1015 1014
3 974 975 1015
3 975 1016 1015
3 975 976 1016
3 976 977 1016
3 1016 977 1017
3 977 978 1017
3 1017 978 1018
3 978 979 1018
3 1018 979 1019
3 979 980 1019
3 1019 980 1020
3 980 1021 1020
3 980 981 1021
3 981 1022 1021
3 981 982 1022
3 985 1023 1024
3 985 984 1023
3 984 1025 1023
3 984 986 1025
3 986 987 1025
3 1025 987 1026
3 987 1027 1026
3 987 988 1027
3 988 1028 1027
3 988 989 1028
3 989 1029 1028
3 989 990 1029
3 990 1030 1029
3 990 991 1030
3 991 1031 1030
3 991 992 1031
3 992 1032 1031
3 992 993 1032
3 993 1033 1032
3 993 994 1033
3 994 1034 1033
3 994 995 1034
3 995 1035 1034
3 995 996 1035
3 996 1036 1035
3 996 997 1036
3 997 1037 1036
3 997 998 1037
3 998 1038 1037
3 998 999 1038
3 999 1000 1038
3 1038 1000 1039
3 1000 1001 1039
3 1039 1001 1040
3 1001 1002 1040
3 1040 1002 1041
3 1002 1003 1041
3 1041 1003 1042
3 1003 1004 1042
3 1042 1004 1043
3 1004 1005 1043
3 1043 1005 1044
3 1005 1006 1044
3 1044 1006 1045
3 1006 1007 1045
3 1045 1007 1046
3 1007 1008 1046
3 1046 1008 1047
3 1008 1009 1047
3 1047 1009 1048
3 1009 1049 1048
3 1009 1010 1049
3 1010 1011 1049
3 1049 1011 1050
3 1011 1012 1050
3 1050 1012 1051
3 1012 1052 1051
3 1012 1013 1052
3 1013 1053 1052
3 1013 1014 1053
3 1014 1054 1053
3 1014 1015 1054
3 1015 1055 1054
3 1015 1016 1055
3 1016 1017 1055
3 1055 1017 1056
3 1017 1018 1056
3 1056 1018 1057
3 1018 1019 1057
3 1057 1019 1058
3 1019 1020 1058
3 1058 1020 1059
3 1020 1060 1059
3 1020 1021 1060
3 1021 1061 1060
3 1021 1022 1061
3 1024 1062 1063
3 1024 1023 1062
3 1023 1064 1062
3 1023 1025 1064
3 1025 1026 1064
3 1064 1026 1065
3 1026 1066 1065
3 1026 1027 1066
3 1027 1067 1066
3 1027 1028 1067
3 1028 1068 1067
3 1028 1029 1068
3 1029 1030 1068
3 1068 1030 1069
3 1030 1070 1069
3 1030 1031 1070
3 1031 1071 1070
3 1031 1032 1071
3 1032 1072 1071
3 1032 1033 1072
3 1033 1034 1072
3 1072 1034 1073
3 1034 1074 1073
3 1034 1035 1074
3 1035 1075 1074
3 1035 1036 1075
3 1036 1076 1075
3 1036 1037 1076
3 1037 1077 1076
3 1037 1038 1077
3 1038 1078 1077
3 1038 1039 1078
3 1039 1040 1078
3 1078 1040 1079
3 1040 1041 1079
3 1079 1041 1080
3 1041 1042 1080
3 1080 1042 1081
3 1042 1043 1081
3 1081 1043 1082
3 1043 1044 1082
3 1082 1044 1083
3 1044 1045 1083
3 1083 1045 1084
3 1045 1046 1084
3 1084 1046 1085
3 1046 1047 1085
3 1085 1047 1086
3 1047 1048 1086
3 1086 1048 1087
3 1048 1088 1087
3 1048 1049 1088
3 1049 1050 1088
3 1088 1050 1089
3 1050 1051 1089
3 1089 1051 1090
3 1051 1052 1090
3 1090 1052 1091
3 1052 1092 1091
3 1052 1053 1092
3 1053 1093 1092
3 1053 1054 1093
3 1054 1094 1093
3 1054 1055 1094
3 1055 1056 1094
3 1094 1056 1095
3 1056 1057 1095
3 1095 1057 1096
3 1057 1058 1096
3 1096 1058 1097
3 1058 1059 1097
3 1097 1059 1098
3 1059 1060 1098
3 1098 1060 1099
3 1060 1061 1099
3 1099 1061 1100
3 1063 1062 1101
3 1101 1062 1102
3 1062 1064 1102
3 1102 1064 1103
3 1064 1065 1103
3 1103 1065 1104
3 1065 1066 1104
3 1104 1066 1105
3 1066 1106 1105
3 1066 1067 1106
3 1067 1068 1106
3 1106 1068 1107
3 1068 1069 1107
3 1107 1069 1108
3 1069 1070 1108
3 1108 1070 1109
3 1070 1071 1109
3 1109 1071 1110
3 1071 1111 1110
3 1071 1072 1111
3 1072 1073 1111
3 1111 1073 1112
3 1073 1113 1112
3 1073 1074 1113
3 1074 1114 1113
3 1074 1075 1114
3 1075 1115 1114
3 1075 1076 1115
3 1076 1116 1115
3 1076 1077 1116
3 1077 1117 1116
3 1077 1078 1117
3 1078 1079 1117
3 1117 1079 1118
3 1079 1080 1118
3 1118 1080 1119
3 1080 1081 1119
3 1119 1081 1120
3 1081 1082 1120
3 1120 1082 1121
3 1082 1083 1121
3 1121 1083 1122
3 1083 1084 1122
3 1122 1084 1123
3 1084 1085 1123
3 1123 1085 1124
3 1085 1086 1124
3 1124 1086 1125
3 1086 1087 1125
3 1125 1087 1126
3 1087 1127 1126
3 1087 1088 1127
3 1088 1089 1127
3 1127 1089 1128
3 1089 1090 1128
3 1128 1090 1129
3 1090 1130 1129
3 1090 1091 1130
3 1091 1131 1130
3 1091 1092 1131
3 1092 1132 1131
3 1092 1093 1132
3 1093 1133 1132
3 1093 1094 1133
3 1094 1095 1133
3 1133 1095 1134
3 1095 1096 1134
3 1134 1096 1135
3 1096 1097 1135
3 1135 1097 1136
3 1097 1098 1136
3 1136 1098 1137
3 1098 1099 1137
3 1137 1099 1138
3 1099 1100 1138
3 1138 1100 1139
3 1101 1140 1141
3 1101 1102 1140
3 1102 1142 1140
3 1102 1103 1142
3 1103 1104 1142
3 1142 1104 1143
3 1104 1144 1143
3 1104 1105 1144
3 1105 1145 1144
3 1105 1106 1145
3 1106 1146 1145
3 1106 1107 1146
3 1107 1147 1146
3 1107 1108 1147
3 1108 1148 1147
3 1108 1109 1148
3 1109 1149 1148
3 1109 1110 1149
3 1110 1150 1149
3 1110 1111 1150
3 1111 1151 1150
3 1111 1112 1151
3 1112 1152 1151
3 1112 1113 1152
3 1113 1153 1152
3 1113 1114 1153
3 1114 1154 1153
3 1114 1115 1154
3 1115 1155 1154
3 1115 1116 1155
3 1116 1156 1155
3 1116 1117 1156
3 1117 1157 1156
3 1117 1118 1157
3 1118 1158 1157
3 1118 1119 1158
3 1119 1159 1158
3 1119 1120 1159
3 1120 1160 1159
3 1120 1121 1160
3 1121 1122 1160
3 1160 1122 1161
3 1122 1162 1161
3 1122 1123 1162
3 1123 1163 1162
3 1123 1124 1163
3 1124 1164 1163
3 1124 1125 1164
3 1125 1165 1164
3 1125 1126 1165
3 1126 1166 1165
3 1126 1127 1166
3 1127 1167 1166
3 1127 1128 1167
3 1128 1168 1167
3 1128 1129 1168
3 1129 1169 1168
3 1129 1130 1169
3 1130 1170 1169
3 1130 1131 1170
3 1131 1171 1170
3 1131 1132 1171
3 1132 1172 1171
3 1132 1133 1172
3 1133 1134 1172
3 1172 1134 1173
3 1134 1135 1173
3 1173 1135 1174
3 1135 1136 1174
3 1174 1136 1175
3 1136 1176 1175
3 1136 1137 1176
3 1137 1177 1176
3 1137 1138 1177
3 1138 1178 1177
3 1138 1139 1178
3 1141 1179 1180
3 1141 1140 1179
3 1140 1181 1179
3 1140 1142 1181
3 1142 1182 1181
3 1142 1143 1182
3 1143 1183 1182
3 1143 1144 1183
3 1144 1184 1183
3 1144 1145 1184
3 1145 1185 1184
3 1145 1146 1185
3 1146 1186 1185
3 1146 1147 1186
3 1147 1187 1186
3 1147 1148 1187
3 1148 1188 1187
3 1148 1149 1188
3 1149 1189 1188
3 1149 1150 1189
3 1150 1190 1189
3 1150 1151 1190
3 1151 1191 1190
3 1151 1152 1191
3 1152 1192 1191
3 1152 1153 1192
3 1153 1193 1192
3 1153 1154 1193
3 1154 1194 1193
3 1154 1155 1194
3 1155 1195 1194
3 1155 1156 1195
3 1156 1196 1195
3 1156 1157 1196
3 1157 1197 1196
3 1157 1158 1197
3 1158 1198 1197
3 1158 1159 1198
3 1159 1199 1198
3 1159 1160 1199
3 1160 1200 1199
3 1160 1161 1200
3 1161 1201 1200
3 1161 1162 1201
3 1162 1202 1201
3 1162 1163 1202
3 1163 1203 1202
3 1163 1164 1203
3 1164 1204 1203
3 1164 1165 1204
3 1165 1205 1204
3 1165 1166 1205
3 1166 1206 1205
3 1166 1167 1206
3 1167 1207 1206
3 1167 1168 1207
3 1168 1208 1207
3 1168 1169 1208
3 1169 1209 1208
3 1169 1170 1209
3 1170 1210 1209
3 1170 1171 1210
3 1171 1211 1210
3 1171 1172 1211
3 1172 1212 1211
3 1172 1173 1212
3 1173 1213 1212
3 1173 1174 1213
3 1174 1214 1213
3 1174 1175 1214
3 1175 1215 1214
3 1175 1176 1215
3 1176 1216 1215
3 1176 1177 1216
3 1177 1217 1216
3 1177 1178 1217
3 1186 1187 1218
3 1187 1219 1218
3 1187 1188 1219
3 1188 1220 1219
3 1188 1189 1220
3 1189 1221 1220
3 1189 1190 1221
3 1190 1222 1221
3 1190 1191 1222
3 1191 1223 1222
3 1191 1192 1223
3 1192 1224 1223
3 1192 1193 1224
3 1193 1225 1224
3 1193 1194 1225
3 1194 1226 1225
3 1194 1195 1226
3 1195 1227 1226
3 1195 1196 1227
3 1196 1228 1227
3 1196 1197 1228
3 1197 1229 1228
3 1197 1198 1229
3 1198 1230 1229
3 1198 1199 1230
3 1199 1231 1230
3 1199 1200 1231
3 1200 1232 1231
3 1200 1201 1232
3 1201 1233 1232
3 1201 1202 1233
3 1202 1234 1233
3 1202 1203 1234
3 1203 1235 1234
3 1203 1204 1235
3 1204 1236 1235
3 1204 1205 1236
3 1205 1237 1236
3 1205 1206 1237
3 1206 1238 1237
3 1206 1207 1238
3 1207 1239 1238
3 1207 1208 1239
3 1208 1240 1239
3 1208 1209 1240
3 1209 1241 1240
3 1209 1210 1241
3 1210 1242 1241
3 1210 1211 1242
3 1211 1243 1242
3 1211 1212 1243
3 1212 1213 1243
3 1243 1213 1244
3 1213 1214 1244
3 1244 1214 1245
3 1214 1246 1245
3 1214 1215 1246
3 1215 1247 1246
3 1215 1216 1247
3 1226 1227 1248
3 1227 1249 1248
3 1227 1228 1249
3 1228 1250 1249
3 1228 1229 1250
3 1229 1251 1250
3 1229 1230 1251
3 1230 1252 1251
3 1230 1231 1252
3 1231 1253 1252
3 1231 1232 1253
3 1232 1254 1253
3 1232 1233 1254
3 1233 1255 1254
3 1233 1234 1255
3 1234 1256 1255
3 1234 1235 1256
3 1235 1257 1256
3 1235 1236 1257
3 1236 1258 1257
3 1236 1237 1258
3 1237 1259 1258
3 1237 1238 1259
3 1238 1260 1259
3 1238 1239 1260
3 1239 1261 1260
3 1239 1240 1261
3 1240 1262 1261
3 1240 1241 1262
3 1241 1263 1262
3 1241 1242 1263
3 1242 1264 1263
3 1242 1243 1264
3 1243 1265 1264
3 1243 1244 1265
3 1244 1266 1265
3 1244 1245 1266
3 1245 1267 1266
3 1245 1246 1267
3 1246 1268 1267
3 1246 1247 1268
3 1259 1260 1269
3 1260 1270 1269
3 1260 1261 1270
3 1261 1271 1270
3 1261 1262 1271
3 1262 1272 1271
3 1262 1263 1272
3 1263 1273 1272
3 1263 1264 1273
3 1264 1274 1273
3 1264 1265 1274
3 1265 1275 1274
3 1265 1266 1275
3 1266 1276 1275
3 1266 1267 1276
3 1267 1277 1276
3 1267 1268 1277
3 1268 1278 1277
3 1279 1280 1281
3 1279 1282 1280
3 1282 1283 1280
3 1282 1284 1283
3 1284 1285 1283
3 1284 1286 1285
3 1286 1287 1285
3 1286 1288 1287
3 1288 1289 1287
3 1287 1289 1290
3 1289 1291 1290
3 1289 1292 1291
3 1292 1293 1291
3 1292 1294 1293
3 1294 1295 1293
3 1294 1296 1295
3 1296 1297 1295
3 1296 1298 1297
3 1298 1299 1297
3 1281 1280 1300
3 1300 1280 1301
3 1280 1302 1301
3 1280 1283 1302
3 1283 1303 1302
3 1283 1285 1303
3 1285 1304 1303
3 1285 1287 1304
3 1287 1290 1304
3 1304 1290 1305
3 1290 1291 1305
3 1305 1291 1306
3 1291 1293 1306
3 1306 1293 1307
3 1293 1295 1307
3 1307 1295 1308
3 1295 1297 1308
3 1308 1297 1309
3 1297 1299 1309
3 1309 1299 1310
3 1299 1311 1310
3 1299 1312 1311
3 1312 1313 1311
3 1312 1314 1313
3 1314 1315 1313
3 1313 1315 1316
3 1315 1317 1316
3 1315 1318 1317
3 1318 1319 1317
3 1318 1320 1319
3 1320 1321 1319
3 1320 1322 1321
3 1322 1323 1321
3 1322 1324 1323
3 1324 1325 1323
3 1324 1326 1325
3 1326 1327 1325
3 1326 1328 1327
3 1328 1329 1327
3 1328 1330 1329
3 1330 1331 1329
3 1329 1331 1332
3 1331 1333 1332
3 1332 1333 1334
3 1333 1335 1334
3 1333 1336 1335
3 1336 1337 1335
3 1336 1338 1337
3 1338 1339 1337
3 1337 1339 1340
3 1339 1341 1340
3 1340 1341 1342
3 1341 1343 1342
3 1341 1344 1343
3 1344 1345 1343
3 1344 1346 1345
3 1346 1347 1345
3 1345 1347 1348
3 1347 1349 1348
3 1348 1349 1350
3 1349 1351 1350
3 1350 1351 1352
3 1351 1353 1352
3 1352 1353 1354
3 1353 1355 1354
3 1354 1355 1356
3 1355 1357 1356
3 1356 1357 1358
3 1357 1359 1358
3 1358 1359 1360
3 1300 1361 1362
3 1300 1301 1361
3 1301 1363 1361
3 1301 1302 1363
3 1302 1364 1363
3 1302 1303 1364
3 1303 1365 1364
3 1303 1304 1365
3 1304 1366 1365
3 1304 1305 1366
3 1305 1367 1366
3 1305 1306 1367
3 1306 1368 1367
3 1306 1307 1368
3 1307 1369 1368
3 1307 1308 1369
3 1308 1370 1369
3 1308 1309 1370
3 1309 1371 1370
3 1309 1310 1371
3 1310 1372 1371
3 1310 1311 1372
3 1311 1373 1372
3 1311 1313 1373
3 1313 1374 1373
3 1313 1316 1374
3 1316 1375 1374
3 1316 1317 1375
3 1317 1376 1375
3 1317 1319 1376
3 1319 1377 1376
3 1319 1321 1377
3 1321 1378 1377
3 1321 1323 1378
3 1323 1379 1378
3 1323 1325 1379
3 1325 1380 1379
3 1325 1327 1380
3 1327 1381 1380
3 1327 1329 1381
3 1329 1382 1381
3 1329 1332 1382
3 1332 1383 1382
3 1332 1334 1383
3 1334 1384 1383
3 1334 1335 1384
3 1335 1385 1384
3 1335 1337 1385
3 1337 1386 1385
3 1337 1340 1386
3 1340 1387 1386
3 1340 1342 1387
3 1342 1388 1387
3 1342 1343 1388
3 1343 1389 1388
3 1343 1345 1389
3 1345 1348 1389
3 1389 1348 1390
3 1348 1350 1390
3 1390 1350 1391
3 1350 1352 1391
3 1391 1352 1392
3 1352 1354 1392
3 1392 1354 1393
3 1354 1356 1393
3 1393 1356 1394
3 1356 1358 1394
3 1394 1358 1395
3 1358 1360 1395
3 1395 1360 1396
3 1362 1361 1
3 1 1361 4
3 1361 6 4
3 1361 1363 6
3 1363 8 6
3 1363 1364 8
3 1364 10 8
3 1364 1365 10
3 1365 12 10
3 1365 1366 12
3 1366 14 12
3 1366 1367 14
3 1367 16 14
3 1367 1368 16
3 1368 18 16
3 1368 1369 18
3 1369 20 18
3 1369 1370 20
3 1370 22 20
3 1370 1371 22
3 1371 24 22
3 1371 1372 24
3 1372 26 24
3 1372 1373 26
3 1373 28 26
3 1373 1374 28
3 1374 30 28
3 1374 1375 30
3 1375 32 30
3 1375 1376 32
3 1376 34 32
3 1376 1377 34
3 1377 36 34
3 1377 1378 36
3 1378 38 36
3 1378 1379 38
3 1379 40 38
3 1379 1380 40
3 1380 42 40
3 1380 1381 42
3 1381 44 42
3 1381 1382 44
3 1382 46 44
3 1382 1383 46
3 1383 48 46
3 1383 1384 48
3 1384 50 48
3 1384 1385 50
3 1385 52 50
3 1385 1386 52
3 1386 54 52
3 1386 1387 54
3 1387 56 54
3 1387 1388 56
3 1388 58 56
3 1388 1389 58
3 1389 1390 58
3 58 1390 59
3 1390 1391 59
3 59 1391 61
3 1391 1392 61
3 61 1392 63
3 1392 1393 63
3 63 1393 65
3 1393 1394 65
3 65 1394 67
3 1394 1395 67
3 67 1395 69
3 1395 1396 69
3 69 1396 71
3 1396 1397 71
3 71 1397 73

CELL_DATA 2642
SCALARS longitude float 1
LOOKUP_TABLE default
222.572998046875
222.69000244140625
222.57000732421875
222.68699645996094
222.56399536132812
222.677001953125
222.5540008544922
222.66600036621094
222.54400634765625
222.66799926757812
222.55599975585938
222.68699645996094
222.572998046875
222.7010040283203
222.5850067138672
222.7100067138672
222.5919952392578
222.7169952392578
222.5989990234375
222.72300720214844
222.6020050048828
222.7220001220703
222.60000610351562
222.718994140625
222.5959930419922
222.72300720214844
222.60800170898438
222.74000549316406
222.6219940185547
222.74899291992188
222.6300048828125
222.7530059814453
222.63099670410156
222.7550048828125
222.63699340820312
222.76100158691406
222.63999938964844
222.75999450683594
222.63800048828125
222.7570037841797
222.63699340820312
222.76800537109375
222.6580047607422
222.7969970703125
222.68299865722656
222.82000732421875
222.70599365234375
222.84300231933594
222.72500610351562
222.85899353027344
222.74099731445312
222.87399291992188
222.75399780273438
222.8820037841797
222.75999450683594
222.88299560546875
222.75900268554688
222.7760009765625
222.91200256347656
222.822998046875
222.95599365234375
222.85899353027344
222.98699951171875
222.88900756835938
223.01499938964844
222.92100524902344
223.0489959716797
222.95799255371094
223.0780029296875
222.98199462890625
223.10000610351562
222.9980010986328
223.11300659179688
223.0469970703125
222.9290008544922
223.0449981689453
222.92300415039062
223.03500366210938
222.91200256347656
223.0229949951172
222.9010009765625
223.0240020751953
222.91299438476562
223.04400634765625
222.92999267578125
223.05799865722656
222.94400024414062
223.0679931640625
222.9510040283203
223.0749969482422
222.9600067138672
223.08200073242188
222.96299743652344
223.08200073242188
222.96200561523438
223.08099365234375
222.95899963378906
223.08700561523438
222.97300720214844
223.1060028076172
222.98800659179688
223.11500549316406
222.9949951171875
223.11900329589844
222.99600219726562
223.1199951171875
223.0
223.12399291992188
223.0030059814453
223.1230010986328
223.0
223.1179962158203
222.99600219726562
223.0070037841797
223.13699340820312
223.1540069580078
223.04299926757812
223.0590057373047
223.18499755859375
223.08200073242188
223.20599365234375
223.22000122070312
223.10800170898438
223.23500061035156
223.1179962158203
223.24099731445312
223.12399291992188
223.2449951171875
223.125
223.13800048828125
223.27499389648438
223.1820068359375
223.31500244140625
223.2169952392578
223.3459930419922
223.2429962158203
223.36700439453125
223.26699829101562
223.39100646972656
223.29400634765625
223.41200256347656
223.31500244140625
223.43699645996094
223.33799743652344
223.45899963378906
223.35499572753906
223.47500610351562
223.4040069580078
223.28599548339844
223.4029998779297
223.281005859375
223.3939971923828
223.27000427246094
223.38099670410156
223.25799560546875
223.3820037841797
223.27099609375
223.4040069580078
223.28799438476562
223.41600036621094
223.3000030517578
223.4250030517578
223.3070068359375
223.43099975585938
223.3159942626953
223.43899536132812
223.3209991455078
223.4429931640625
223.322998046875
223.44400024414062
223.322998046875
223.45199584960938
223.33799743652344
223.4720001220703
223.35400390625
223.48199462890625
223.36199951171875
223.48599243164062
223.36300659179688
223.48599243164062
223.36599731445312
223.49000549316406
223.36700439453125
223.48800659179688
223.36399841308594
223.48300170898438
223.35899353027344
223.48800659179688
223.37600708007812
223.51100158691406
223.39700317382812
223.5240020751953
223.4149932861328
223.5399932861328
223.4340057373047
223.44700622558594
223.56900024414062
223.58599853515625
223.47500610351562
223.59800720214844
223.4810028076172
223.60299682617188
223.48399353027344
223.50100708007812
223.63900756835938
223.54600524902344
223.68099975585938
223.6999969482422
223.5850067138672
223.71400451660156
223.5989990234375
223.61199951171875
223.73199462890625
223.6300048828125
223.74600219726562
223.6510009765625
223.77200317382812
223.67999267578125
223.79600524902344
223.69500732421875
223.8090057373047
223.76100158691406
223.64500427246094
223.76199340820312
223.63999938964844
223.7519989013672
223.62899780273438
223.74000549316406
223.61700439453125
223.74099731445312
223.6300048828125
223.76400756835938
223.6490020751953
223.7790069580078
223.66099548339844
223.78599548339844
223.66600036621094
223.79200744628906
223.6739959716797
223.80099487304688
223.68099975585938
223.80599975585938
223.68499755859375
223.8090057373047
223.68699645996094
223.81700134277344
223.7030029296875
223.83799743652344
223.72000122070312
223.84800720214844
223.72799682617188
223.84800720214844
223.7259979248047
223.843994140625
223.72799682617188
223.8470001220703
223.72999572753906
223.84800720214844
223.72799682617188
223.84500122070312
223.7239990234375
223.8520050048828
223.74000549316406
223.8719940185547
223.7550048828125
223.8800048828125
223.76300048828125
223.88800048828125
223.7740020751953
223.906005859375
223.7989959716797
223.93099975585938
223.8209991455078
223.947998046875
223.83599853515625
223.96499633789062
223.8489990234375
223.98899841308594
223.88299560546875
224.02999877929688
223.92100524902344
224.05799865722656
223.9459991455078
224.06900024414062
223.95199584960938
224.06900024414062
223.95700073242188
224.07400512695312
223.96499633789062
223.97999572753906
224.09500122070312
224.0030059814453
224.11300659179688
224.02000427246094
224.1320037841797
224.03500366210938
224.1490020751953
224.1219940185547
224.00399780273438
224.1280059814453
224.0019989013672
224.11700439453125
223.99000549316406
224.10499572753906
223.97900390625
224.1060028076172
223.9929962158203
224.1300048828125
224.01300048828125
224.1439971923828
224.0260009765625
224.1529998779297
224.03199768066406
224.15899658203125
224.0399932861328
224.16799926757812
224.04800415039062
224.17300415039062
224.052001953125
224.17599487304688
224.0540008544922
224.18699645996094
224.0709991455078
224.20599365234375
224.08700561523438
224.21499633789062
224.093994140625
224.21600341796875
224.08999633789062
224.20899963378906
224.0850067138672
224.20399475097656
224.08299255371094
224.2030029296875
224.0850067138672
224.20599365234375
224.08599853515625
224.21499633789062
224.1020050048828
224.23500061035156
224.11700439453125
224.24099731445312
224.1219940185547
224.24400329589844
224.1280059814453
224.25799560546875
224.14999389648438
224.27999877929688
224.16799926757812
224.29400634765625
224.1840057373047
224.3070068359375
224.1999969482422
224.22300720214844
224.3509979248047
224.38400268554688
224.27999877929688
224.4149932861328
224.302001953125
224.4290008544922
224.3070068359375
224.427001953125
224.30599975585938
224.4250030517578
224.30499267578125
224.427001953125
224.31500244140625
224.43899536132812
224.32899475097656
224.34300231933594
224.46400451660156
224.36599731445312
224.48599243164062
224.50100708007812
224.47999572753906
224.36599731445312
224.48399353027344
224.36399841308594
224.4770050048828
224.3560028076172
224.46800231933594
224.343994140625
224.468994140625
224.35800170898438
224.49400329589844
224.37899780273438
224.50900268554688
224.39100646972656
224.51699829101562
224.39700317382812
224.5229949951172
224.40699768066406
224.5330047607422
224.41400146484375
224.53799438476562
224.41799926757812
224.54200744628906
224.4219970703125
224.5540008544922
224.4409942626953
224.5760040283203
224.45700073242188
224.5850067138672
224.46299743652344
224.58299255371094
224.45700073242188
224.5749969482422
224.45199584960938
224.5749969482422
224.4499969482422
224.57400512695312
224.44900512695312
224.57699584960938
224.45199584960938
224.5850067138672
224.46800231933594
224.6020050048828
224.48199462890625
224.60899353027344
224.48599243164062
224.61199951171875
224.48899841308594
224.62100219726562
224.5070037841797
224.64100646972656
224.5229949951172
224.6510009765625
224.53399658203125
224.66099548339844
224.54400634765625
224.56500244140625
224.7010040283203
224.61500549316406
224.74899291992188
224.6529998779297
224.7830047607422
224.7949981689453
224.67300415039062
224.79800415039062
224.67300415039062
224.7969970703125
224.6699981689453
224.79600524902344
224.6739959716797
224.80299377441406
224.68099975585938
224.6909942626953
224.81900024414062
224.71200561523438
224.8350067138672
224.72999572753906
224.85000610351562
224.7209930419922
224.83999633789062
224.7169952392578
224.83200073242188
224.71200561523438
224.82699584960938
224.70399475097656
224.8300018310547
224.718994140625
224.85499572753906
224.74099731445312
224.8719940185547
224.75399780273438
224.88099670410156
224.75999450683594
224.88699340820312
224.7689971923828
224.89700317382812
224.77699279785156
224.90199279785156
224.78199768066406
224.906005859375
224.78599548339844
224.9149932861328
224.8040008544922
224.93299865722656
224.8179931640625
224.93899536132812
224.8249969482422
224.9340057373047
224.81399536132812
224.91400146484375
224.8000030517578
224.80099487304688
224.906005859375
224.8040008544922
224.90699768066406
224.80599975585938
224.91600036621094
224.82000732421875
224.9459991455078
224.84500122070312
224.97300720214844
224.98199462890625
224.85800170898438
224.98399353027344
224.86099243164062
224.86900329589844
225.0019989013672
224.88800048828125
225.01400756835938
224.89500427246094
225.02200317382812
224.9029998779297
225.02699279785156
224.92300415039062
225.06100463867188
224.97300720214844
225.10899353027344
225.01499938964844
225.1479949951172
225.03900146484375
225.1649932861328
225.04600524902344
225.17300415039062
225.1750030517578
225.0469970703125
225.04800415039062
225.17599487304688
225.05299377441406
225.17799377441406
225.05799865722656
225.18699645996094
225.0709991455078
225.19900512695312
225.08200073242188
225.20799255371094
225.0850067138672
225.2030029296875
225.2010040283203
225.07699584960938
225.1909942626953
225.06900024414062
225.18499755859375
225.06300354003906
225.1909942626953
225.0800018310547
225.2169952392578
225.1020050048828
225.23300170898438
225.11599731445312
225.24200439453125
225.1230010986328
225.25
225.13400268554688
225.26100158691406
225.14199829101562
225.26800537109375
225.1479949951172
225.27200317382812
225.14999389648438
225.281005859375
225.16600036621094
225.29200744628906
225.17100524902344
225.28799438476562
225.17100524902344
225.281005859375
225.1580047607422
225.25799560546875
225.13299560546875
225.23599243164062
225.1199951171875
225.23699951171875
225.12600708007812
225.13499450683594
225.25799560546875
225.1649932861328
225.29100036621094
225.19900512695312
225.3179931640625
225.21600341796875
225.33299255371094
225.3419952392578
225.22799682617188
225.23599243164062
225.36399841308594
225.37899780273438
225.26100158691406
225.39100646972656
225.27000427246094
225.3979949951172
225.2729949951172
225.2899932861328
225.4290008544922
225.33599853515625
225.47300720214844
225.3780059814453
225.51100158691406
225.40699768066406
225.52999877929688
225.41600036621094
225.5399932861328
225.54400634765625
225.4219970703125
225.5469970703125
225.427001953125
225.55099487304688
225.4250030517578
225.4290008544922
225.5540008544922
225.43899536132812
225.56500244140625
225.57699584960938
225.45599365234375
225.5780029296875
225.447998046875
225.56100463867188
225.43699645996094
225.55099487304688
225.42999267578125
225.5449981689453
225.42300415039062
225.55099487304688
225.44200134277344
225.5780029296875
225.46400451660156
225.593994140625
225.4770050048828
225.6020050048828
225.48300170898438
225.61000061035156
225.4949951171875
225.625
225.5070037841797
225.63299560546875
225.51400756835938
225.63800048828125
225.51699829101562
225.64599609375
225.531005859375
225.65699768066406
225.5330047607422
225.6479949951172
225.5240020751953
225.63499450683594
225.50900268554688
225.61099243164062
225.48300170898438
225.58599853515625
225.46400451660156
225.58299255371094
225.47300720214844
225.6009979248047
225.48899841308594
225.62100219726562
225.51600646972656
225.64999389648438
225.54299926757812
225.6739959716797
225.56500244140625
225.69400024414062
225.5800018310547
225.71099853515625
225.6020050048828
225.73599243164062
225.6230010986328
225.7519989013672
225.63699340820312
225.76300048828125
225.6439971923828
225.77999877929688
225.67300415039062
225.7010040283203
225.83799743652344
225.86500549316406
225.7550048828125
225.8939971923828
225.77499389648438
225.90499877929688
225.78500366210938
225.91099548339844
225.78799438476562
225.91200256347656
225.79400634765625
225.91700744628906
225.79400634765625
225.91299438476562
225.79299926757812
225.91799926757812
225.80499267578125
225.9320068359375
225.82000732421875
225.9409942626953
225.81900024414062
225.93299865722656
225.9219970703125
225.79800415039062
225.91299438476562
225.7899932861328
225.9080047607422
225.78399658203125
225.91400146484375
225.8040008544922
225.94200134277344
225.8260040283203
225.95700073242188
225.83900451660156
225.96600341796875
225.8459930419922
225.97500610351562
225.85800170898438
225.99000549316406
225.87100219726562
225.99899291992188
225.87899780273438
226.0050048828125
225.88400268554688
226.01400756835938
225.8979949951172
226.02499389648438
225.8990020751953
226.01600646972656
225.88800048828125
226.00100708007812
225.87100219726562
225.9759979248047
225.84300231933594
225.94900512695312
225.8209991455078
225.94400024414062
225.8280029296875
225.96200561523438
225.84500122070312
225.98300170898438
225.87100219726562
226.01300048828125
225.89700317382812
226.03599548339844
225.9199981689453
226.05499267578125
225.93800354003906
225.9510040283203
226.08299255371094
226.0989990234375
225.98199462890625
226.11700439453125
225.99899291992188
226.1300048828125
226.00799560546875
226.02499389648438
226.16400146484375
226.07000732421875
226.20899963378906
226.23500061035156
226.1219940185547
226.25799560546875
226.13999938964844
226.26800537109375
226.15199279785156
226.27999877929688
226.15899658203125
226.28500366210938
226.16200256347656
226.28599548339844
226.15899658203125
226.281005859375
226.15699768066406
226.27999877929688
226.16099548339844
226.28799438476562
226.1719970703125
226.29400634765625
226.1750030517578
226.2969970703125
226.177001953125
226.28900146484375
226.16299438476562
226.28199768066406
226.156005859375
226.27699279785156
226.1510009765625
226.16000366210938
226.2949981689453
226.31199645996094
226.19400024414062
226.32899475097656
226.20700073242188
226.33799743652344
226.21400451660156
226.2220001220703
226.3520050048828
226.36099243164062
226.24000549316406
226.37100219726562
226.2480010986328
226.3769989013672
226.25399780273438
226.26199340820312
226.3939971923828
226.3990020751953
226.27200317382812
226.39100646972656
226.26100158691406
226.375
226.2429962158203
226.35000610351562
226.21299743652344
226.3209991455078
226.19000244140625
226.19000244140625
226.32000732421875
226.20599365234375
226.33599853515625
226.22999572753906
226.36700439453125
226.26199340820312
226.39500427246094
226.28500366210938
226.41799926757812
226.30299377441406
226.4320068359375
226.3209991455078
226.45599365234375
226.3470001220703
226.47900390625
226.36500549316406
226.4969940185547
226.37899780273438
226.50799560546875
226.3990020751953
226.5399932861328
226.44400024414062
226.5850067138672
226.48500061035156
226.62100219726562
226.63299560546875
226.50799560546875
226.62899780273438
226.50799560546875
226.63699340820312
226.52499389648438
226.6580047607422
226.53900146484375
226.66299438476562
226.53399658203125
226.656005859375
226.5290069580078
226.6540069580078
226.5290069580078
226.65499877929688
226.5330047607422
226.6580047607422
226.53599548339844
226.65899658203125
226.53900146484375
226.65899658203125
226.66200256347656
226.53399658203125
226.65499877929688
226.5290069580078
226.64999389648438
226.5240020751953
226.5330047607422
226.66799926757812
226.56100463867188
226.69200134277344
226.57699584960938
226.7030029296875
226.58399963378906
226.70700073242188
226.5919952392578
226.7220001220703
226.61000061035156
226.73899841308594
226.74600219726562
226.6219940185547
226.75100708007812
226.6280059814453
226.63699340820312
226.76800537109375
226.7729949951172
226.64700317382812
226.76499938964844
226.63699340820312
226.75100708007812
226.61900329589844
226.72500610351562
226.58900451660156
226.6959991455078
226.56500244140625
226.56300354003906
226.6929931640625
226.57899475097656
226.7100067138672
226.60400390625
226.74099731445312
226.63699340820312
226.7689971923828
226.66000366210938
226.79200744628906
226.6790008544922
226.80799865722656
226.69700622558594
226.83299255371094
226.7239990234375
226.8560028076172
226.7429962158203
226.87399291992188
226.7570037841797
226.88499450683594
226.7760009765625
226.91700744628906
226.8209991455078
226.96200561523438
226.86199951171875
226.99600219726562
227.0019989013672
226.87899780273438
226.98899841308594
226.86500549316406
226.9709930419922
226.86500549316406
226.99899291992188
226.9040069580078
227.0330047607422
226.91099548339844
227.02999877929688
226.90499877929688
227.0279998779297
226.90499877929688
227.0290069580078
226.9040069580078
227.02499389648438
226.90199279785156
227.02200317382812
226.90199279785156
227.01699829101562
226.8939971923828
226.9969940185547
227.03500366210938
226.9080047607422
227.0279998779297
226.90199279785156
227.0240020751953
226.8979949951172
226.90699768066406
227.04299926757812
226.93499755859375
227.06500244140625
226.94700622558594
227.07200622558594
226.9499969482422
227.0760040283203
226.96299743652344
227.0970001220703
227.10800170898438
226.98800659179688
227.11900329589844
226.9980010986328
227.12600708007812
227.0030059814453
227.01100158691406
227.14300537109375
227.14700317382812
227.0189971923828
227.13699340820312
227.00900268554688
227.12399291992188
226.9929962158203
227.10000610351562
226.96400451660156
227.0709991455078
226.94000244140625
226.93800354003906
227.0679931640625
226.95399475097656
227.0850067138672
226.97799682617188
227.11500549316406
227.00999450683594
227.14500427246094
227.03500366210938
227.16900634765625
227.05499267578125
227.18499755859375
227.0749969482422
227.21099853515625
227.1020050048828
227.23399353027344
227.1199951171875
227.25100708007812
227.13299560546875
227.26100158691406
227.1540069580078
227.29400634765625
227.19900512695312
227.33900451660156
227.23699951171875
227.37100219726562
227.3780059814453
227.2480010986328
227.36399841308594
227.22900390625
227.33900451660156
227.20599365234375
227.22500610351562
227.35699462890625
227.25999450683594
227.3800048828125
227.39599609375
227.27699279785156
227.39999389648438
227.27699279785156
227.4029998779297
227.2779998779297
227.39999389648438
227.27200317382812
227.39300537109375
227.26800537109375
227.38600158691406
227.25599670410156
227.36399841308594
227.22900390625
227.40699768066406
227.27999877929688
227.39999389648438
227.27499389648438
227.39599609375
227.27099609375
227.281005859375
227.4149932861328
227.4320068359375
227.31300354003906
227.44400024414062
227.32000732421875
227.44900512695312
227.32699584960938
227.46299743652344
227.3459930419922
227.48300170898438
227.36199951171875
227.49400329589844
227.37100219726562
227.5019989013672
227.37899780273438
227.51300048828125
227.3939971923828
227.5229949951172
227.3939971923828
227.51199340820312
227.3820037841797
227.49600219726562
227.36599731445312
227.4739990234375
227.33799743652344
227.44500732421875
227.31399536132812
227.43800354003906
227.3179931640625
227.32899475097656
227.46099853515625
227.35400390625
227.49200439453125
227.38699340820312
227.52099609375
227.41200256347656
227.54600524902344
227.5590057373047
227.43800354003906
227.4530029296875
227.58900451660156
227.47999572753906
227.61199951171875
227.4980010986328
227.6280059814453
227.50999450683594
227.63699340820312
227.52999877929688
227.6699981689453
227.5749969482422
227.71499633789062
227.61300659179688
227.74899291992188
227.76100158691406
227.63099670410156
227.75399780273438
227.61700439453125
227.74000549316406
227.59800720214844
227.5970001220703
227.74400329589844
227.625
227.76300048828125
227.63999938964844
227.77099609375
227.7760009765625
227.6510009765625
227.781005859375
227.65499877929688
227.77999877929688
227.64999389648438
227.7740020751953
227.64500427246094
227.76600646972656
227.6320037841797
227.74000549316406
227.6009979248047
227.70199584960938
227.77200317382812
227.6479949951172
227.76499938964844
227.64300537109375
227.76199340820312
227.63999938964844
227.77099609375
227.66099548339844
227.7989959716797
227.68299865722656
227.81100463867188
227.6909942626953
227.81700134277344
227.69900512695312
227.83299255371094
227.71800231933594
227.85400390625
227.73500061035156
227.86599731445312
227.74600219726562
227.87399291992188
227.7530059814453
227.88600158691406
227.7689971923828
227.89700317382812
227.77000427246094
227.88499450683594
227.75599670410156
227.86900329589844
227.73800659179688
227.843994140625
227.7100067138672
227.81500244140625
227.68499755859375
227.8070068359375
227.69000244140625
227.8260040283203
227.7100067138672
227.8520050048828
227.74000549316406
227.88400268554688
227.77000427246094
227.91000366210938
227.7949981689453
227.9320068359375
227.81300354003906
227.9530029296875
227.83999633789062
227.97999572753906
227.86199951171875
227.9969940185547
227.8780059814453
228.00900268554688
227.88699340820312
227.9040069580078
228.04400634765625
227.9499969482422
228.08700561523438
227.98800659179688
228.1199951171875
228.00900268554688
228.1320037841797
228.0070037841797
228.1269989013672
227.9969940185547
228.11500549316406
227.99600219726562
228.12600708007812
228.01199340820312
228.13800048828125
228.02000427246094
228.14599609375
228.02499389648438
228.15199279785156
228.031005859375
228.15899658203125
228.0330047607422
228.15699768066406
228.0279998779297
228.1540069580078
228.02000427246094
228.14100646972656
227.99400329589844
228.10800170898438
227.9550018310547
228.06700134277344
228.00799560546875
228.1219940185547
228.0030059814453
228.11900329589844
228.0
228.1280059814453
228.02099609375
228.156005859375
228.0449981689453
228.16900634765625
228.05099487304688
228.1739959716797
228.05999755859375
228.1909942626953
228.08200073242188
228.21299743652344
228.0989990234375
228.2259979248047
228.11099243164062
228.23699951171875
228.1199951171875
228.25100708007812
228.13800048828125
228.26300048828125
228.13999938964844
228.2519989013672
228.12600708007812
228.23500061035156
228.10699462890625
228.2100067138672
228.07699584960938
228.17999267578125
228.052001953125
228.17100524902344
228.05599975585938
228.19000244140625
228.07699584960938
228.2169952392578
228.10800170898438
228.25
228.13699340820312
228.2760009765625
228.16299438476562
228.3000030517578
228.18299865722656
228.3209991455078
228.2100067138672
228.34800720214844
228.23199462890625
228.36500549316406
228.2480010986328
228.3769989013672
228.2570037841797
228.39500427246094
228.28900146484375
228.43600463867188
228.3280029296875
228.3509979248047
228.47300720214844
228.36599731445312
228.47300720214844
228.36000061035156
228.45899963378906
228.34500122070312
228.44400024414062
228.34300231933594
228.45700073242188
228.36500549316406
228.47900390625
228.3780059814453
228.50100708007812
228.39500427246094
228.5240020751953
228.4080047607422
228.53700256347656
228.41099548339844
228.53599548339844
228.4080047607422
228.53500366210938
228.4010009765625
228.5229949951172
228.37600708007812
228.49200439453125
228.48500061035156
228.36199951171875
228.48199462890625
228.35899353027344
228.49200439453125
228.3800048828125
228.5189971923828
228.4029998779297
228.5330047607422
228.41099548339844
228.53799438476562
228.41900634765625
228.55599975585938
228.44200134277344
228.57899475097656
228.45899963378906
228.59100341796875
228.4709930419922
228.60299682617188
228.48300170898438
228.6179962158203
228.5019989013672
228.6320037841797
228.50599670410156
228.6219940185547
228.49200439453125
228.60400390625
228.47300720214844
228.57899475097656
228.44400024414062
228.5489959716797
228.41799926757812
228.5399932861328
228.4219970703125
228.55799865722656
228.44200134277344
228.5850067138672
228.4739990234375
228.61900329589844
228.50399780273438
228.64599609375
228.531005859375
228.6699981689453
228.552001953125
228.6929931640625
228.57899475097656
228.72000122070312
228.6009979248047
228.73699951171875
228.61700439453125
228.74899291992188
228.62600708007812
228.64199829101562
228.78199768066406
228.80799865722656
228.69400024414062
228.82899475097656
228.70599365234375
228.81500244140625
228.68899536132812
228.67799377441406
228.7740020751953
228.6540069580078
228.75399780273438
228.65699768066406
228.77499389648438
228.68899536132812
228.81500244140625
228.72799682617188
228.86399841308594
228.76699829101562
228.89999389648438
228.78599548339844
228.9149932861328
228.7899932861328
228.91700744628906
228.78900146484375
228.91799926757812
228.78500366210938
228.9080047607422
228.89100646972656
228.75
228.85499572753906
228.7310028076172
228.85400390625
228.72900390625
228.73899841308594
228.875
228.76699829101562
228.8990020751953
228.906005859375
228.78199768066406
228.91200256347656
228.7899932861328
228.8040008544922
228.93800354003906
228.95199584960938
228.83200073242188
228.96600341796875
228.84500122070312
228.8520050048828
228.98199462890625
228.8679962158203
229.0030059814453
229.00900268554688
228.8800048828125
229.0
228.8679962158203
228.98300170898438
228.8489990234375
228.95700073242188
228.8179931640625
228.9239959716797
228.79100036621094
228.78799438476562
228.91900634765625
228.80599975585938
228.93899536132812
228.83299255371094
228.9709930419922
228.8679962158203
229.0030059814453
228.89599609375
229.031005859375
228.9199981689453
229.052001953125
228.9429931640625
229.0800018310547
228.9709930419922
229.10299682617188
228.98899841308594
229.11900329589844
229.0
229.1280059814453
229.01800537109375
229.16000366210938
229.05999755859375
229.19900512695312
229.20799255371094
229.07899475097656
229.18800354003906
229.04600524902344
229.13999938964844
229.0
228.98300170898438
229.1020050048828
228.99099731445312
229.1300048828125
229.0399932861328
229.1820068359375
229.093994140625
229.24000549316406
229.14300537109375
229.2790069580078
229.1649932861328
229.29600524902344
229.1719970703125
229.3000030517578
229.17300415039062
229.30299377441406
229.17100524902344
229.29400634765625
229.27699279785156
229.13600158691406
229.22300720214844
229.10299682617188
229.22799682617188
229.10299682617188
229.11399841308594
229.25100708007812
229.14300537109375
229.2740020751953
229.281005859375
229.15699768066406
229.16099548339844
229.28799438476562
229.177001953125
229.30999755859375
229.1999969482422
229.3280029296875
229.21400451660156
229.3419952392578
229.22799682617188
229.35699462890625
229.24600219726562
229.3780059814453
229.38400268554688
229.2570037841797
229.36700439453125
229.23899841308594
229.34100341796875
229.2169952392578
229.3179931640625
229.19200134277344
229.29400634765625
229.16400146484375
229.16099548339844
229.29100036621094
229.18099975585938
229.31199645996094
229.20799255371094
229.343994140625
229.24200439453125
229.3769989013672
229.27200317382812
229.4080047607422
229.29800415039062
229.42999267578125
229.32200622558594
229.45899963378906
229.35000610351562
229.48199462890625
229.36700439453125
229.4980010986328
229.3780059814453
229.50599670410156
229.39700317382812
229.53599548339844
229.43800354003906
229.572998046875
229.45899963378906
229.58399963378906
229.5679931640625
229.4250030517578
229.51800537109375
229.375
229.35400390625
229.47500610351562
229.36199951171875
229.50399780273438
229.41400146484375
229.5590057373047
229.4720001220703
229.6199951171875
229.5229949951172
229.66000366210938
229.5469970703125
229.6790008544922
229.55599975585938
229.6840057373047
229.55799865722656
229.68699645996094
229.55499267578125
229.677001953125
229.58299255371094
229.46400451660156
229.58700561523438
229.468994140625
229.5959930419922
229.4759979248047
229.61199951171875
229.5
229.63999938964844
229.52200317382812
229.64999389648438
229.5279998779297
229.6540069580078
229.53500366210938
229.6719970703125
229.5590057373047
229.697998046875
229.57699584960938
229.71099853515625
229.59100341796875
229.72500610351562
229.60499572753906
229.74200439453125
229.6269989013672
229.7550048828125
229.6280059814453
229.73599243164062
229.6009979248047
229.7010040283203
229.56900024414062
229.6719970703125
229.5449981689453
229.656005859375
229.531005859375
229.65499877929688
229.53900146484375
229.67599487304688
229.55999755859375
229.57899475097656
229.71600341796875
229.61599731445312
229.7519989013672
229.6479949951172
229.7830047607422
229.80099487304688
229.6820068359375
229.69900512695312
229.83399963378906
229.85299682617188
229.73399353027344
229.8719940185547
229.75
229.8820037841797
229.7570037841797
229.77200317382812
229.91099548339844
229.81100463867188
229.94900512695312
229.96200561523438
229.83599853515625
229.9459991455078
229.8040008544922
229.89700317382812
229.7530059814453
229.85800170898438
229.7270050048828
229.74000549316406
229.88400268554688
229.79299926757812
229.94000244140625
229.85299682617188
230.0019989013672
229.90499877929688
230.04200744628906
229.9290008544922
230.06199645996094
230.06700134277344
229.93899536132812
230.0679931640625
229.9409942626953
230.06399536132812
229.9320068359375
229.9409942626953
229.822998046875
229.9499969482422
229.83299255371094
229.96299743652344
229.84300231933594
229.98199462890625
229.87100219726562
230.01300048828125
229.8939971923828
230.02200317382812
229.89599609375
230.0240020751953
229.9040069580078
229.9199981689453
230.05499267578125
230.07200622558594
229.95199584960938
229.96099853515625
230.08999633789062
229.9739990234375
230.1020050048828
229.99000549316406
230.12399291992188
230.1320037841797
230.0019989013672
230.11300659179688
229.97300720214844
230.07699584960938
229.93899536132812
230.04600524902344
229.91099548339844
230.02499389648438
229.89700317382812
230.0260009765625
229.90899658203125
230.0469970703125
229.93099975585938
229.95199584960938
230.08799743652344
230.11099243164062
229.99899291992188
230.02000427246094
230.15499877929688
230.1739959716797
230.0570068359375
230.072998046875
230.20899963378906
230.22799682617188
230.11000061035156
230.24899291992188
230.12899780273438
230.26199340820312
230.13600158691406
230.14999389648438
230.2899932861328
230.18899536132812
230.32899475097656
230.34100341796875
230.21400451660156
230.3249969482422
230.18299865722656
230.2760009765625
230.13299560546875
230.23800659179688
230.10699462890625
230.1199951171875
230.26400756835938
230.1739959716797
230.3209991455078
230.23500061035156
230.38299560546875
230.28700256347656
230.42300415039062
230.43600463867188
230.31500244140625
230.4459991455078
230.3209991455078
230.44900512695312
230.322998046875
230.4459991455078
230.31399536132812
230.3090057373047
230.18699645996094
230.31900024414062
230.19900512695312
230.33200073242188
230.21200561523438
230.22900390625
230.36599731445312
230.38600158691406
230.26699829101562
230.39599609375
230.27000427246094
230.3990020751953
230.2779998779297
230.29299926757812
230.42999267578125
230.3209991455078
230.45199584960938
230.46299743652344
230.34100341796875
230.34800720214844
230.47799682617188
230.36599731445312
230.50100708007812
230.50799560546875
230.3800048828125
230.49000549316406
230.3520050048828
230.4530029296875
230.31700134277344
230.41900634765625
230.28599548339844
230.39700317382812
230.27099609375
230.3979949951172
230.281005859375
230.4199981689453
230.30299377441406
230.322998046875
230.45899963378906
230.35800170898438
230.49200439453125
230.38999938964844
230.52499389648438
230.42100524902344
230.552001953125
230.44700622558594
230.58299255371094
230.47799682617188
230.60899353027344
230.62100219726562
230.50399780273438
230.63699340820312
230.51499938964844
230.5290069580078
230.66799926757812
230.56900024414062
230.70700073242188
230.72000122070312
230.593994140625
230.7050018310547
230.56300354003906
230.656005859375
230.51199340820312
230.6179962158203
230.48800659179688
230.50100708007812
230.64500427246094
230.55499267578125
230.70199584960938
230.61599731445312
230.76300048828125
230.66600036621094
230.802001953125
230.68800354003906
230.81900024414062
230.69700622558594
230.8249969482422
230.7010040283203
230.8300018310547
230.55999755859375
230.6909942626953
230.5709991455078
230.70399475097656
230.58399963378906
230.6020050048828
230.74000549316406
230.76100158691406
230.64199829101562
230.77200317382812
230.64500427246094
230.6490020751953
230.7779998779297
230.66900634765625
230.8040008544922
230.8209991455078
230.70199584960938
230.83799743652344
230.71800231933594
230.8520050048828
230.72999572753906
230.74200439453125
230.87600708007812
230.88099670410156
230.75399780273438
230.86500549316406
230.72900390625
230.83200073242188
230.6929931640625
230.79800415039062
230.66000366210938
230.77200317382812
230.64199829101562
230.64700317382812
230.7790069580078
230.66900634765625
230.80099487304688
230.6959991455078
230.83200073242188
230.72999572753906
230.86399841308594
230.76100158691406
230.8990020751953
230.79299926757812
230.92599487304688
230.82000732421875
230.95799255371094
230.8509979248047
230.98300170898438
230.87100219726562
231.0019989013672
231.00799560546875
230.88699340820312
230.9029998779297
231.04100036621094
230.94400024414062
231.08099365234375
231.09500122070312
230.9709930419922
231.08200073242188
230.94200134277344
231.03599548339844
230.89199829101562
230.87100219726562
230.99400329589844
230.88099670410156
231.02499389648438
230.93600463867188
231.08299255371094
230.99600219726562
231.14500427246094
231.04800415039062
231.1840057373047
231.06900024414062
231.19900512695312
231.07699584960938
231.20399475097656
231.08099365234375
231.21099853515625
231.06199645996094
230.94400024414062
231.07699584960938
230.95700073242188
231.10000610351562
230.99000549316406
231.13499450683594
231.01699829101562
231.14500427246094
231.0189971923828
231.14500427246094
231.02699279785156
231.1649932861328
231.052001953125
231.19200134277344
231.07400512695312
231.2100067138672
231.0919952392578
231.2270050048828
231.1060028076172
231.2429962158203
231.1269989013672
231.2550048828125
231.12600708007812
231.22900390625
231.09500122070312
231.19000244140625
231.06199645996094
231.16099548339844
231.03599548339844
231.1439971923828
231.0189971923828
231.02099609375
231.1540069580078
231.04400634765625
231.1750030517578
231.07000732421875
231.20700073242188
231.10400390625
231.24000549316406
231.13699340820312
231.2760009765625
231.1699981689453
231.30099487304688
231.19400024414062
231.33200073242188
231.2270050048828
231.36000061035156
231.3730010986328
231.2530059814453
231.38499450683594
231.26100158691406
231.27699279785156
231.41700744628906
231.31900024414062
231.45700073242188
231.4709930419922
231.3459930419922
231.45899963378906
231.31900024414062
231.4149932861328
231.2729949951172
231.3800048828125
231.24899291992188
231.26199340820312
231.4080047607422
231.3179931640625
231.46499633789062
231.3780059814453
231.5260009765625
231.42799377441406
231.56100463867188
231.57200622558594
231.4510040283203
231.5800018310547
231.45700073242188
231.43099975585938
231.31300354003906
231.44700622558594
231.32899475097656
231.3470001220703
231.48500061035156
231.50599670410156
231.38900756835938
231.51400756835938
231.38900756835938
231.51300048828125
231.39500427246094
231.53500366210938
231.4239959716797
231.5659942626953
231.44700622558594
231.5850067138672
231.46600341796875
231.60299682617188
231.48199462890625
231.6219940185547
231.50399780273438
231.63499450683594
231.5019989013672
231.60800170898438
231.46400451660156
231.56100463867188
231.4199981689453
231.52699279785156
231.39500427246094
231.38900756835938
231.51300048828125
231.39599609375
231.5279998779297
231.41799926757812
231.5500030517578
231.44500732421875
231.58599853515625
231.48300170898438
231.6219940185547
231.51699829101562
231.656005859375
231.54600524902344
231.677001953125
231.56900024414062
231.70700073242188
231.6020050048828
231.73599243164062
231.62399291992188
231.7570037841797
231.76499938964844
231.63900756835938
231.656005859375
231.79600524902344
231.6959991455078
231.83399963378906
231.84800720214844
231.72300720214844
231.83599853515625
231.6959991455078
231.79400634765625
231.6529998779297
231.76100158691406
231.63099670410156
231.64500427246094
231.79100036621094
231.7010040283203
231.8459930419922
231.75799560546875
231.90199279785156
231.80299377441406
231.93499755859375
231.94500732421875
231.82400512695312
231.9530029296875
231.83099365234375
231.8040008544922
231.68299865722656
231.81700134277344
231.697998046875
231.7169952392578
231.8560028076172
231.8780059814453
231.75999450683594
231.88699340820312
231.75900268554688
231.88299560546875
231.76400756835938
231.781005859375
231.91600036621094
231.93600463867188
231.82000732421875
231.95899963378906
231.8419952392578
231.97900390625
231.85899353027344
231.8730010986328
232.00799560546875
232.01400756835938
231.88299560546875
231.98899841308594
231.8470001220703
231.94400024414062
231.802001953125
231.906005859375
231.77200317382812
231.88999938964844
231.76400756835938
231.77099609375
231.9010009765625
231.79100036621094
231.92300415039062
231.822998046875
231.9600067138672
231.86099243164062
231.9929962158203
231.89199829101562
232.02699279785156
231.92100524902344
232.052001953125
231.94500732421875
232.08299255371094
231.97900390625
232.11300659179688
232.0030059814453
232.13499450683594
232.14199829101562
232.01800537109375
232.0330047607422
232.1699981689453
232.07200622558594
232.20799255371094
232.09800720214844
232.2239990234375
232.20700073242188
232.0679931640625
232.1649932861328
232.031005859375
232.13800048828125
232.00999450683594
232.02499389648438
232.1649932861328
232.0760040283203
232.2169952392578
232.1320037841797
232.27499389648438
232.177001953125
232.30999755859375
232.1959991455078
232.3260040283203
232.20399475097656
232.3300018310547
232.052001953125
232.17999267578125
232.06399536132812
232.19400024414062
232.09100341796875
232.22900390625
232.125
232.2550048828125
232.25999450683594
232.13299560546875
232.13299560546875
232.26400756835938
232.1540069580078
232.29200744628906
232.1840057373047
232.31500244140625
232.2050018310547
232.3350067138672
232.3520050048828
232.23500061035156
232.25
232.38400268554688
232.39100646972656
232.26100158691406
232.36700439453125
232.2259979248047
232.322998046875
232.1820068359375
232.28599548339844
232.15199279785156
232.26800537109375
232.13999938964844
232.14300537109375
232.2729949951172
232.16299438476562
232.29299926757812
232.1909942626953
232.3209991455078
232.2220001220703
232.35000610351562
232.25599670410156
232.38999938964844
232.29200744628906
232.42300415039062
232.32200622558594
232.45899963378906
232.35499572753906
232.48899841308594
232.37899780273438
232.50900268554688
232.51400756835938
232.39100646972656
232.4040069580078
232.5399932861328
232.44200134277344
232.5760040283203
232.58799743652344
232.468994140625
232.57400512695312
232.43499755859375
232.5260009765625
232.3939971923828
232.5030059814453
232.38099670410156
232.39199829101562
232.5279998779297
232.44200134277344
232.58399963378906
232.5030059814453
232.64700317382812
232.55299377441406
232.68699645996094
232.57400512695312
232.7030029296875
232.58099365234375
232.70799255371094
232.5500030517578
232.42799377441406
232.56300354003906
232.44400024414062
232.46299743652344
232.6009979248047
232.62100219726562
232.5030059814453
232.63099670410156
232.50599670410156
232.6320037841797
232.51400756835938
232.6510009765625
232.5399932861328
232.67300415039062
232.55499267578125
232.68299865722656
232.57400512695312
232.71200561523438
232.60400390625
232.74200439453125
232.6300048828125
232.75799560546875
232.63400268554688
232.73800659179688
232.6009979248047
232.69500732421875
232.55799865722656
232.66099548339844
232.52999877929688
232.64199829101562
232.51400756835938
232.63499450683594
232.51699829101562
232.6490020751953
232.53599548339844
232.67300415039062
232.55999755859375
232.69900512695312
232.58900451660156
232.61500549316406
232.75
232.7760009765625
232.66700744628906
232.81199645996094
232.7050018310547
232.8419952392578
232.72999572753906
232.85499572753906
232.7449951171875
232.86599731445312
232.7550048828125
232.88699340820312
232.78199768066406
232.92799377441406
232.82000732421875
232.9550018310547
232.83200073242188
232.94200134277344
232.802001953125
232.89599609375
232.75799560546875
232.86500549316406
232.74099731445312
232.7550048828125
232.89100646972656
232.80599975585938
232.9499969482422
232.8719940185547
233.01199340820312
233.0449981689453
232.93499755859375
233.07400512695312
232.9550018310547
233.08599853515625
232.96099853515625
232.92300415039062
232.80299377441406
232.93600463867188
232.8179931640625
232.9600067138672
232.8489990234375
232.99099731445312
232.87399291992188
233.0
232.875
232.9969940185547
232.87899780273438
233.01199340820312
232.90199279785156
233.02999877929688
232.91099548339844
233.02499389648438
232.9149932861328
233.04600524902344
232.9530029296875
233.093994140625
232.99000549316406
233.11500549316406
232.9949951171875
233.09800720214844
232.96600341796875
233.05299377441406
232.91900634765625
233.01400756835938
232.89300537109375
233.00399780273438
232.88400268554688
233.0030059814453
232.8820037841797
233.01100158691406
232.89700317382812
233.03500366210938
232.9239959716797
233.06300354003906
232.9510040283203
233.09800720214844
232.99200439453125
233.13600158691406
233.0240020751953
233.16200256347656
233.05799865722656
233.19200134277344
233.08299255371094
233.2030029296875
233.08799743652344
233.20799255371094
233.09800720214844
233.23500061035156
233.13600158691406
233.2830047607422
233.18099975585938
233.31900024414062
233.20199584960938
233.30999755859375
233.17300415039062
233.26600646972656
233.1280059814453
233.22799682617188
233.10299682617188
233.2270050048828
233.125
233.2779998779297
233.18800354003906
233.3470001220703
233.25
233.4010009765625
233.29600524902344
233.43800354003906
233.3260040283203
233.45899963378906
233.33900451660156
233.24400329589844
233.32699584960938
233.2259979248047
233.3090057373047
233.24000549316406
233.3509979248047
233.29800415039062
233.4040069580078
233.32400512695312
233.41700744628906
233.31199645996094
233.39500427246094
233.26800537109375
233.35800170898438
233.23800659179688
233.3459930419922
233.23399353027344
233.3560028076172
233.2449951171875
233.37100219726562
233.25799560546875
233.39300537109375
233.28399658203125
233.4239959716797
233.31399536132812
233.4600067138672
233.3560028076172
233.5
233.38499450683594
233.51699829101562
233.40499877929688
233.53399658203125
233.4239959716797
233.54800415039062
233.43600463867188
233.5570068359375
233.44400024414062
233.5800018310547
233.48199462890625
233.63099670410156
233.531005859375
233.6719970703125
233.56199645996094
233.6739959716797
233.53900146484375
233.62899780273438
233.4929962158203
233.58999633789062
233.46299743652344
233.58999633789062
233.47900390625
233.51499938964844
233.66099548339844
233.58399963378906
233.72799682617188
233.76400756835938
233.656005859375
233.7989959716797
233.68600463867188
233.58399963378906
233.70199584960938
233.60000610351562
233.7259979248047
233.6320037841797
233.76400756835938
233.6649932861328
233.80499267578125
233.7100067138672
233.8459930419922
233.74000549316406
233.8679962158203
233.75900268554688
233.8800048828125
233.76699829101562
233.88800048828125
233.7790069580078
233.90199279785156
233.79200744628906
233.927001953125
233.8280029296875
233.968994140625
233.86900329589844
234.0019989013672
233.9040069580078
234.01499938964844
233.89500427246094
233.98300170898438
233.8509979248047
233.94700622558594
233.82200622558594
233.9499969482422
233.843994140625
234.0
233.9010009765625
234.06700134277344
233.9709930419922
234.125
234.0189971923828
234.15699768066406
234.04600524902344
234.22500610351562
234.33399963378906
234.22300720214844
234.31300354003906
234.1929931640625
234.28500366210938
234.1699981689453
234.29100036621094
234.19500732421875
234.33999633789062
234.25
234.40199279785156
234.31700134277344
234.4600067138672
234.36500549316406
234.49000549316406
234.38800048828125
234.50599670410156
221.33200073242188
221.22300720214844
221.32899475097656
221.21299743652344
221.31700134277344
221.2010040283203
221.30599975585938
221.1909942626953
221.19400024414062
221.31300354003906
221.322998046875
221.21400451660156
221.33299255371094
221.2239990234375
221.3419952392578
221.2310028076172
221.34800720214844
221.24000549316406
221.35699462890625
221.55499267578125
221.66700744628906
221.66299438476562
221.54800415039062
221.6540069580078
221.53799438476562
221.6439971923828
221.5279998779297
221.53199768066406
221.65199279785156
221.5489959716797
221.6649932861328
221.5590057373047
221.6750030517578
221.56700134277344
221.6820068359375
221.57400512695312
221.69000244140625
221.58099365234375
221.69500732421875
221.69500732421875
221.58200073242188
221.6929931640625
221.5800018310547
221.58599853515625
221.70399475097656
221.71499633789062
221.60699462890625
221.72500610351562
221.61399841308594
221.72799682617188
221.61500549316406
221.7310028076172
221.6219940185547
221.73800659179688
221.62600708007812
221.73800659179688
221.625
221.73599243164062
221.6230010986328
221.63299560546875
221.75599670410156
221.66299438476562
221.78399658203125
221.7989959716797
221.69400024414062
221.8159942626953
221.70799255371094
221.7169952392578
221.83700561523438
221.73399353027344
221.8509979248047
221.85800170898438
221.7469940185547
221.86399841308594
221.7519989013672
221.7729949951172
221.9029998779297
221.8280029296875
221.95899963378906
221.88499450683594
222.01199340820312
221.93600463867188
222.05499267578125
221.98300170898438
222.0970001220703
222.03599548339844
222.1439971923828
222.08700561523438
222.19000244140625
222.0030059814453
221.89100646972656
221.99899291992188
221.88299560546875
221.98899841308594
221.875
221.97999572753906
221.86599731445312
221.98300170898438
221.8780059814453
222.00100708007812
221.89199829101562
222.01100158691406
221.90199279785156
222.0189971923828
221.90699768066406
222.02499389648438
221.9149932861328
222.03199768066406
221.9199981689453
222.0330047607422
221.9199981689453
222.02999877929688
221.91600036621094
222.0330047607422
221.927001953125
222.04800415039062
221.9409942626953
222.05799865722656
221.9499969482422
222.06300354003906
221.95199584960938
222.0659942626953
221.95799255371094
222.072998046875
221.96200561523438
222.07200622558594
221.9600067138672
222.07000732421875
221.95899963378906
222.08099365234375
221.9810028076172
222.11099243164062
222.0070037841797
222.13299560546875
222.0279998779297
222.14999389648438
222.04299926757812
222.1649932861328
222.05999755859375
222.18099975585938
222.07400512695312
222.19000244140625
222.08299255371094
222.19700622558594
222.08900451660156
222.1060028076172
222.22900390625
222.15699768066406
222.2790069580078
222.20799255371094
222.32400512695312
222.2480010986328
222.35800170898438
222.2790069580078
222.39599609375
222.32200622558594
222.43800354003906
222.36300659179688
222.4739990234375
222.2259979248047
222.33900451660156
222.33599853515625
222.22000122070312
222.3249969482422
222.2100067138672
222.3159942626953
222.2010040283203
222.3179931640625
222.21400451660156
222.33799743652344
222.22999572753906
222.3489990234375
222.24000549316406
222.35699462890625
222.2449951171875
222.36199951171875
222.2530059814453
222.36900329589844
222.2570037841797
222.36900329589844
222.2570037841797
222.36599731445312
222.2519989013672
222.3679962158203
222.26300048828125
222.38400268554688
222.27499389648438
222.39300537109375
222.28399658203125
222.3979949951172
222.28599548339844
222.40199279785156
222.29200744628906
222.4080047607422
222.29600524902344
222.40699768066406
222.29400634765625
222.40499877929688
222.29299926757812
222.4149932861328
222.31500244140625
222.44400024414062
222.34100341796875
222.46600341796875
222.36199951171875
222.48500061035156
222.3769989013672
222.5
222.39500427246094
222.51699829101562
222.40699768066406
222.5229949951172
222.41299438476562
222.52699279785156
222.41700744628906
222.4320068359375
222.5590057373047
222.4770050048828
222.60499572753906
222.52200317382812
222.6439971923828
222.5570068359375
222.67300415039062
222.5919952392578
222.71299743652344
222.63400268554688
222.75
222.6649932861328
222.7760009765625
222.68299865722656
222.78599548339844
SCALARS latitude float 1
LOOKUP_TABLE default
14.222000122070312
14.069999694824219
13.949999809265137
13.800999641418457
13.680999755859375
13.527999877929688
13.404999732971191
13.248000144958496
13.121999740600586
12.96500015258789
12.83899974822998
12.684000015258789
12.559000015258789
12.404999732971191
12.281999588012695
12.126999855041504
12.008000373840332
11.857000350952148
11.741000175476074
11.593000411987305
11.47700023651123
11.333000183105469
11.215999603271484
11.072999954223633
10.956000328063965
10.807999610900879
10.692000389099121
10.538999557495117
10.425999641418457
10.270999908447266
10.154000282287598
9.99899959564209
9.880000114440918
9.729000091552734
9.612000465393066
9.461000442504883
9.343000411987305
9.194999694824219
9.079000473022461
8.934000015258789
8.8149995803833
8.668000221252441
8.550999641418457
8.406999588012695
8.300000190734863
8.154999732971191
8.050000190734863
7.9029998779296875
7.793000221252441
7.632999897003174
7.515999794006348
7.354000091552734
7.241000175476074
7.078999996185303
6.966000080108643
6.801000118255615
6.686999797821045
6.507999897003174
6.438000202178955
6.249000072479248
6.177000045776367
5.98799991607666
5.9120001792907715
5.730999946594238
5.6579999923706055
5.48799991607666
5.413000106811523
5.249000072479248
5.166999816894531
5.002999782562256
4.920000076293945
4.754000186920166
4.668000221252441
14.166000366210938
14.039999961853027
13.887999534606934
13.769000053405762
13.618000030517578
13.496999740600586
13.343000411987305
13.218000411987305
13.064000129699707
12.937000274658203
12.784000396728516
12.656999588012695
12.503000259399414
12.376999855041504
12.22599983215332
12.100000381469727
11.95300006866455
11.829999923706055
11.6899995803833
11.569000244140625
11.425999641418457
11.305999755859375
11.156999588012695
11.041000366210938
10.885000228881836
10.769000053405762
10.609999656677246
10.496000289916992
10.34000015258789
10.227999687194824
10.071000099182129
9.958999633789062
9.805000305175781
9.694000244140625
9.539999961853027
9.425000190734863
9.267000198364258
9.154999732971191
8.996000289916992
8.890999794006348
8.71500015258789
8.637999534606934
8.458000183105469
8.357000350952148
8.185999870300293
8.11299991607666
7.934000015258789
7.855999946594238
7.675000190734863
7.572999954223633
7.394000053405762
7.293000221252441
7.118000030517578
7.017000198364258
6.8420000076293945
6.739999771118164
6.556000232696533
6.478000164031982
6.288000106811523
6.210000038146973
6.0229997634887695
5.941999912261963
5.757999897003174
5.675000190734863
5.499000072479248
5.414000034332275
5.244999885559082
5.1579999923706055
4.995999813079834
4.913000106811523
4.751999855041504
4.669000148773193
4.499000072479248
4.408999919891357
14.25100040435791
14.131999969482422
13.970999717712402
13.854000091552734
13.70300006866455
13.586999893188477
13.437999725341797
13.315999984741211
13.163000106811523
13.036999702453613
12.880999565124512
12.755999565124512
12.604000091552734
12.479000091552734
12.331000328063965
12.204000473022461
12.062000274658203
11.937000274658203
11.793999671936035
11.670000076293945
11.524999618530273
11.402000427246094
11.24899959564209
11.12399959564209
10.968000411987305
10.845000267028809
10.689000129699707
10.569999694824219
10.413000106811523
10.29699993133545
10.142000198364258
10.027999877929688
9.87600040435791
9.763999938964844
9.609999656677246
9.496999740600586
9.34000015258789
9.22599983215332
9.067000389099121
8.949000358581543
8.786999702453613
8.67199993133545
8.508000373840332
8.397000312805176
8.229999542236328
8.130999565124512
7.964000225067139
7.86899995803833
7.686999797821045
7.603000164031982
7.423999786376953
7.323999881744385
7.1539998054504395
7.048999786376953
6.879000186920166
6.7729997634887695
6.5929999351501465
6.519000053405762
6.326000213623047
6.250999927520752
6.065999984741211
5.960000038146973
5.784999847412109
5.684000015258789
5.50600004196167
5.421000003814697
5.241000175476074
5.156000137329102
4.989999771118164
4.9120001792907715
4.751999855041504
4.669000148773193
4.495999813079834
4.40500020980835
14.317999839782715
14.210000038146973
14.0600004196167
13.9399995803833
13.791000366210938
13.67199993133545
13.519000053405762
13.402000427246094
13.241000175476074
13.12399959564209
12.956999778747559
12.840999603271484
12.680000305175781
12.569000244140625
12.416000366210938
12.302000045776367
12.147000312805176
12.034000396728516
11.876999855041504
11.76200008392334
11.598999977111816
11.486000061035156
11.322999954223633
11.210000038146973
11.04699993133545
10.930999755859375
10.770000457763672
10.651000022888184
10.496000289916992
10.378000259399414
10.234000205993652
10.114999771118164
9.973999977111816
9.848999977111816
9.704999923706055
9.57800006866455
9.428999900817871
9.303999900817871
9.14900016784668
9.026000022888184
8.864999771118164
8.744000434875488
8.57800006866455
8.456999778747559
8.289999961853027
8.173999786376953
8.01099967956543
7.901000022888184
7.736999988555908
7.627999782562256
7.4629998207092285
7.357999801635742
7.196000099182129
7.0920000076293945
6.935999870300293
6.828000068664551
6.671000003814697
6.557000160217285
6.394999980926514
6.2820000648498535
6.11299991607666
6.001999855041504
5.828000068664551
5.7170000076293945
5.543000221252441
5.435999870300293
5.263000011444092
5.163000106811523
4.997000217437744
4.919000148773193
4.750999927520752
4.668000221252441
4.49399995803833
4.4070000648498535
4.228000164031982
4.144000053405762
14.357000350952148
14.269000053405762
14.12399959564209
14.022000312805176
13.859000205993652
13.74899959564209
13.57699966430664
13.465999603271484
13.289999961853027
13.182000160217285
13.01099967956543
12.904000282287598
12.73900032043457
12.631999969482422
12.470999717712402
12.364999771118164
12.197999954223633
12.093999862670898
11.918999671936035
11.815999984741211
11.638999938964844
11.536999702453613
11.361000061035156
11.26099967956543
11.095000267028809
10.994999885559082
10.842000007629395
10.732999801635742
10.581000328063965
10.463000297546387
10.317999839782715
10.206999778747559
10.074000358581543
9.960000038146973
9.817999839782715
9.689000129699707
9.534000396728516
9.401000022888184
9.23900032043457
9.111000061035156
8.944999694824219
8.821999549865723
8.654999732971191
8.531999588012695
8.36400032043457
8.243000030517578
8.076000213623047
7.960000038146973
7.795000076293945
7.683000087738037
7.517000198364258
7.4070000648498535
7.243000030517578
7.13700008392334
6.973999977111816
6.877999782562256
6.703999996185303
6.622000217437744
6.446000099182129
6.339000225067139
6.168000221252441
6.053999900817871
5.882999897003174
5.767000198364258
5.59499979019165
5.480000019073486
5.308000087738037
5.197000026702881
5.031000137329102
4.929999828338623
4.769000053405762
4.675000190734863
4.504000186920166
4.422999858856201
4.242000102996826
4.1620001792907715
3.990000009536743
14.401000022888184
14.307999610900879
14.166999816894531
14.069999694824219
13.916999816894531
13.807999610900879
13.644000053405762
13.52299976348877
13.357999801635742
13.236000061035156
13.081000328063965
12.96399974822998
12.815999984741211
12.699000358581543
12.550000190734863
12.428000450134277
12.270999908447266
12.145999908447266
11.984000205993652
11.862000465393066
11.699000358581543
11.579000473022461
11.420000076293945
11.303999900817871
11.154999732971191
11.045999526977539
10.902000427246094
10.79800033569336
10.647000312805176
10.538000106811523
10.373000144958496
10.270999908447266
10.11400032043457
10.027000427246094
9.87399959564209
9.777999877929688
9.60200023651123
9.487000465393066
9.300999641418457
9.1850004196167
9.003000259399414
8.890000343322754
8.710000038146973
8.597999572753906
8.416999816894531
8.305999755859375
8.128000259399414
8.017999649047852
7.840000152587891
7.732999801635742
7.556000232696533
7.453000068664551
7.276000022888184
7.176000118255615
7.0
6.9039998054504395
6.72599983215332
6.642000198364258
6.460999965667725
6.376999855041504
6.191999912261963
6.105999946594238
5.921000003814697
5.815999984741211
5.633999824523926
5.5279998779296875
5.3480000495910645
5.242000102996826
5.065000057220459
4.965000152587891
4.789999961853027
4.695000171661377
4.519999980926514
4.429999828338623
4.252999782562256
4.160999774932861
3.990999937057495
3.8959999084472656
14.364999771118164
14.222000122070312
14.118000030517578
13.970000267028809
13.866000175476074
13.708999633789062
13.595999717712402
13.428999900817871
13.312000274658203
13.152000427246094
13.041999816894531
12.890999794006348
12.781999588012695
12.628999710083008
12.513999938964844
12.35099983215332
12.229999542236328
12.060999870300293
11.9399995803833
11.77400016784668
11.654999732971191
11.48799991607666
11.373000144958496
11.208000183105469
11.104999542236328
10.9399995803833
10.845999717712402
10.675000190734863
10.579999923706055
10.39799976348877
10.300000190734863
10.119999885559082
10.03600025177002
9.873000144958496
9.782999992370605
9.607000350952148
9.501999855041504
9.310999870300293
9.210000038146973
9.017000198364258
8.920000076293945
8.725000381469727
8.630000114440918
8.437000274658203
8.336999893188477
8.145999908447266
8.04800033569336
7.855999946594238
7.763000011444092
7.570000171661377
7.47599983215332
7.285999774932861
7.191999912261963
7.00600004196167
6.9120001792907715
6.730999946594238
6.638000011444092
6.465000152587891
6.373000144958496
6.199999809265137
6.10699987411499
5.926000118255615
5.830999851226807
5.64300012588501
5.550000190734863
5.361000061035156
5.264999866485596
5.078000068664551
4.985000133514404
4.797999858856201
4.703000068664551
4.51800012588501
4.422999858856201
4.242000102996826
4.146999835968018
3.9700000286102295
3.872999906539917
3.697000026702881
3.5959999561309814
14.300999641418457
14.187000274658203
14.038999557495117
13.927000045776367
13.77400016784668
13.66100025177002
13.5
13.380999565124512
13.222000122070312
13.109000205993652
12.954999923706055
12.845999717712402
12.685999870300293
12.57800006866455
12.411999702453613
12.300000190734863
12.131999969482422
12.013999938964844
11.843999862670898
11.725000381469727
11.555000305175781
11.437000274658203
11.267000198364258
11.152000427246094
10.982000350952148
10.873000144958496
10.701000213623047
10.597999572753906
10.42199993133545
10.317000389099121
10.140999794006348
10.041999816894531
9.873000144958496
9.779999732971191
9.607999801635742
9.505999565124512
9.312999725341797
9.223999977111816
9.02400016784668
8.932000160217285
8.732999801635742
8.640000343322754
8.442999839782715
8.350000381469727
8.159000396728516
8.057999610900879
7.866000175476074
7.7769999504089355
7.590000152587891
7.48799991607666
7.310999870300293
7.205999851226807
7.0289998054504395
6.921000003814697
6.736999988555908
6.65500020980835
6.464000225067139
6.381999969482422
6.197000026702881
6.113999843597412
5.927999973297119
5.839000225067139
5.6479997634887695
5.557000160217285
5.370999813079834
5.2729997634887695
5.090000152587891
4.991000175476074
4.807000160217285
4.705999851226807
4.51800012588501
4.426000118255615
4.236000061035156
4.146999835968018
3.9679999351501465
3.871999979019165
3.688999891281128
3.5889999866485596
14.390999794006348
14.272000312805176
14.12600040435791
14.006999969482422
13.852999687194824
13.732000350952148
13.574999809265137
13.456000328063965
13.298999786376953
13.182999610900879
13.031999588012695
12.916000366210938
12.762999534606934
12.642000198364258
12.48799991607666
12.366999626159668
12.213000297546387
12.09000015258789
11.925999641418457
11.79800033569336
11.631999969482422
11.506999969482422
11.34000015258789
11.218000411987305
11.048999786376953
10.927000045776367
10.756999969482422
10.640000343322754
10.472000122070312
10.357000350952148
10.189000129699707
10.07800006866455
9.916999816894531
9.812000274658203
9.64900016784668
9.538999557495117
9.36400032043457
9.246999740600586
9.065999984741211
8.951000213623047
8.770000457763672
8.657999992370605
8.480999946594238
8.369999885559082
8.196000099182129
8.083999633789062
7.908999919891357
7.797999858856201
7.625999927520752
7.519999980926514
7.3520002365112305
7.245999813079834
7.077000141143799
6.966000080108643
6.794000148773193
6.681000232696533
6.495999813079834
6.423999786376953
6.24399995803833
6.13700008392334
5.973999977111816
5.861000061035156
5.692999839782715
5.579999923706055
5.410999774932861
5.297999858856201
5.126999855041504
5.017000198364258
4.843999862670898
4.732999801635742
4.554999828338623
4.441999912261963
4.267000198364258
4.1620001792907715
3.992000102996826
3.8910000324249268
3.7179999351501465
3.611999988555908
3.434000015258789
14.482999801635742
14.36299991607666
14.211000442504883
14.092000007629395
13.9350004196167
13.814000129699707
13.652000427246094
13.534000396728516
13.376999855041504
13.26099967956543
13.109000205993652
12.994999885559082
12.840999603271484
12.725000381469727
12.562000274658203
12.446999549865723
12.279999732971191
12.166999816894531
11.998000144958496
11.880000114440918
11.708999633789062
11.588000297546387
11.416999816894531
11.293000221252441
11.119000434875488
10.996999740600586
10.821999549865723
10.704000473022461
10.531999588012695
10.416999816894531
10.246999740600586
10.135000228881836
9.968999862670898
9.86299991607666
9.696999549865723
9.58899974822998
9.411999702453613
9.295999526977539
9.111000061035156
8.996999740600586
8.814000129699707
8.70199966430664
8.520999908447266
8.413000106811523
8.232999801635742
8.12600040435791
7.934999942779541
7.848999977111816
7.6620001792907715
7.559999942779541
7.390999794006348
7.289999961853027
7.120999813079834
7.013999938964844
6.828000068664551
6.749000072479248
6.548999786376953
6.474999904632568
6.304999828338623
6.197999954223633
6.048999786376953
5.932000160217285
5.77400016784668
5.646999835968018
5.482999801635742
5.359000205993652
5.190999984741211
5.072000026702881
4.9019999504089355
4.783999919891357
4.611000061035156
4.493000030517578
4.318999767303467
4.205999851226807
4.035999774932861
3.927000045776367
3.757999897003174
3.6489999294281006
3.4779999256134033
3.36899995803833
14.541999816894531
14.4350004196167
14.26099967956543
14.156999588012695
13.979000091552734
13.875
13.687000274658203
13.604999542236328
13.42199993133545
13.322999954223633
13.152000427246094
13.053999900817871
12.87600040435791
12.777000427246094
12.58899974822998
12.496000289916992
12.3149995803833
12.217000007629395
12.038999557495117
11.932999610900879
11.75100040435791
11.645000457763672
11.449999809265137
11.359000205993652
11.15999984741211
11.050999641418457
10.861000061035156
10.753999710083008
10.567000389099121
10.463000297546387
10.277999877929688
10.177000045776367
9.994999885559082
9.89900016784668
9.71500015258789
9.623000144958496
9.427000045776367
9.329999923706055
9.128999710083008
9.031999588012695
8.831999778747559
8.734999656677246
8.536999702453613
8.4399995803833
8.244999885559082
8.145999908447266
7.953999996185303
7.857999801635742
7.671999931335449
7.584000110626221
7.4039998054504395
7.316999912261963
7.135000228881836
7.044000148773193
6.857999801635742
6.763000011444092
6.579999923706055
6.488999843597412
6.318999767303467
6.241000175476074
6.084000110626221
5.995999813079834
5.831999778747559
5.7270002365112305
5.547999858856201
5.429999828338623
5.251999855041504
5.13700008392334
4.960000038146973
4.84499979019165
4.666999816894531
4.551000118255615
4.373000144958496
4.258999824523926
4.079999923706055
3.9709999561309814
3.7939999103546143
3.690000057220459
3.510999917984009
3.4079999923706055
3.2260000705718994
14.567999839782715
14.468000411987305
14.282999992370605
14.182999610900879
13.998000144958496
13.89900016784668
13.713000297546387
13.625
13.437000274658203
13.343999862670898
13.157999992370605
13.055999755859375
12.871999740600586
12.765000343322754
12.583000183105469
12.484000205993652
12.314000129699707
12.227999687194824
12.057999610900879
11.963000297546387
11.777999877929688
11.67199993133545
11.475000381469727
11.383999824523926
11.184000015258789
11.076000213623047
10.883000373840332
10.777000427246094
10.586000442504883
10.482999801635742
10.293000221252441
10.192999839782715
10.003000259399414
9.906000137329102
9.718000411987305
9.621000289916992
9.428999900817871
9.333999633789062
9.137999534606934
9.041000366210938
8.83899974822998
8.741000175476074
8.541000366210938
8.442999839782715
8.244000434875488
8.147000312805176
7.953999996185303
7.859000205993652
7.676000118255615
7.579999923706055
7.401000022888184
7.301000118255615
7.125999927520752
7.026000022888184
6.848999977111816
6.749000072479248
6.572000026702881
6.479000091552734
6.316999912261963
6.245999813079834
6.11299991607666
6.0279998779296875
5.88700008392334
5.7789998054504395
5.610000133514404
5.484000205993652
5.309000015258789
5.195000171661377
5.0279998779296875
4.9079999923706055
4.736000061035156
4.611000061035156
4.440000057220459
4.316999912261963
4.144999980926514
4.021999835968018
3.8499999046325684
3.7309999465942383
3.558000087738037
3.443000078201294
3.2679998874664307
3.1549999713897705
2.9800000190734863
14.579000473022461
14.482000350952148
14.295000076293945
14.196000099182129
14.006999969482422
13.909000396728516
13.722999572753906
13.628000259399414
13.437000274658203
13.335000038146973
13.140000343322754
13.032999992370605
12.842000007629395
12.739999771118164
12.564000129699707
12.484999656677246
12.333999633789062
12.244000434875488
12.079000473022461
11.97599983215332
11.79699993133545
11.692999839782715
11.496999740600586
11.406000137329102
11.208999633789062
11.10099983215332
10.909000396728516
10.798999786376953
10.607000350952148
10.5
10.310999870300293
10.206999778747559
10.017000198364258
9.913999557495117
9.720000267028809
9.626999855041504
9.432999610900879
9.342000007629395
9.145999908447266
9.04699993133545
8.845000267028809
8.746999740600586
8.545999526977539
8.449000358581543
8.24899959564209
8.152000427246094
7.955999851226807
7.861000061035156
7.669000148773193
7.572999954223633
7.382999897003174
7.285999774932861
7.104000091552734
7.008999824523926
6.831999778747559
6.736000061035156
6.560999870300293
6.479000091552734
6.324999809265137
6.267000198364258
6.14300012588501
6.067999839782715
5.936999797821045
5.841000080108643
5.673999786376953
5.552000045776367
5.35099983215332
5.26200008392334
5.052999973297119
4.9730000495910645
4.798999786376953
4.685999870300293
4.513000011444092
4.392000198364258
4.2210001945495605
4.0970001220703125
3.9240000247955322
3.7990000247955322
3.625999927520752
3.503999948501587
3.3310000896453857
3.2109999656677246
3.0390000343322754
2.9210000038146973
14.60200023651123
14.496000289916992
14.3149995803833
14.211000442504883
14.029000282287598
13.925000190734863
13.732000350952148
13.645000457763672
13.449000358581543
13.33899974822998
13.147000312805176
13.03600025177002
12.85099983215332
12.746999740600586
12.593999862670898
12.508000373840332
12.373000144958496
12.281999588012695
12.118000030517578
12.005999565124512
11.821999549865723
11.715999603271484
11.534000396728516
11.427000045776367
11.241999626159668
11.130000114440918
10.944000244140625
10.831000328063965
10.642999649047852
10.529000282287598
10.342000007629395
10.230999946594238
10.04699993133545
9.935999870300293
9.75
9.640000343322754
9.447999954223633
9.359000205993652
9.154000282287598
9.060999870300293
8.855999946594238
8.762999534606934
8.557000160217285
8.46399974822998
8.265999794006348
8.16100025177002
7.965000152587891
7.874000072479248
7.673999786376953
7.583000183105469
7.383999824523926
7.291999816894531
7.098999977111816
7.010000228881836
6.824999809265137
6.736000061035156
6.565000057220459
6.486000061035156
6.341000080108643
6.2769999504089355
6.15500020980835
6.09499979019165
5.960000038146973
5.876999855041504
5.703000068664551
5.5960001945495605
5.385000228881836
5.28000020980835
5.077000141143799
4.984000205993652
4.802000045776367
4.7170000076293945
4.552000045776367
4.452000141143799
4.264999866485596
4.156000137329102
3.9649999141693115
3.8570001125335693
3.6659998893737793
3.559000015258789
3.368000030517578
3.263000011444092
3.072000026702881
2.9679999351501465
2.7790000438690186
14.663999557495117
14.543000221252441
14.37399959564209
14.253000259399414
14.086999893188477
13.967000007629395
13.802000045776367
13.680000305175781
13.508999824523926
13.383000373840332
13.21500015258789
13.088000297546387
12.923999786376953
12.798999786376953
12.654000282287598
12.553000450134277
12.413999557495117
12.319000244140625
12.156000137329102
12.045999526977539
11.86299991607666
11.75100040435791
11.574999809265137
11.46399974822998
11.288999557495117
11.175000190734863
10.998000144958496
10.878000259399414
10.699999809265137
10.57699966430664
10.39900016784668
10.277999877929688
10.104999542236328
9.984999656677246
9.807999610900879
9.684000015258789
9.503999710083008
9.381999969482422
9.204999923706055
9.08899974822998
8.911999702453613
8.791000366210938
8.612000465393066
8.491999626159668
8.312000274658203
8.192999839782715
8.013999938964844
7.896999835968018
7.7179999351501465
7.604000091552734
7.423999786376953
7.310999870300293
7.132999897003174
7.025000095367432
6.841000080108643
6.763000011444092
6.578999996185303
6.502999782562256
6.34499979019165
6.28000020980835
6.1529998779296875
6.0879998207092285
5.954999923706055
5.868000030517578
5.698999881744385
5.586999893188477
5.38700008392334
5.269999980926514
5.070000171661377
4.965000152587891
4.793000221252441
4.699999809265137
4.539000034332275
4.427000045776367
4.252999782562256
4.129000186920166
3.9509999752044678
3.8289999961853027
3.6519999504089355
3.5299999713897705
3.3540000915527344
3.2320001125335693
3.055999994277954
2.934999942779541
2.760999917984009
2.640000104904175
14.630000114440918
14.473999977111816
14.34000015258789
14.187000274658203
14.055999755859375
13.904999732971191
13.770999908447266
13.616000175476074
13.47599983215332
13.322999954223633
13.187000274658203
13.038000106811523
12.901000022888184
12.74899959564209
12.626999855041504
12.479000091552734
12.366000175476074
12.211000442504883
12.095000267028809
11.932999610900879
11.810999870300293
11.649999618530273
11.524999618530273
11.364999771118164
11.239999771118164
11.079999923706055
10.95199966430664
10.78600025177002
10.654000282287598
10.486000061035156
10.354000091552734
10.187999725341797
10.0600004196167
9.894000053405762
9.76200008392334
9.590999603271484
9.456999778747559
9.289999961853027
9.15999984741211
8.996000289916992
8.864999771118164
8.696999549865723
8.5649995803833
8.395999908447266
8.263999938964844
8.095999717712402
7.966000080108643
7.797999858856201
7.666999816894531
7.5
7.370999813079834
7.204999923706055
7.079999923706055
6.914999961853027
6.797999858856201
6.632999897003174
6.5229997634887695
6.363999843597412
6.293000221252441
6.144000053405762
6.067999839782715
5.925000190734863
5.830999851226807
5.6620001792907715
5.552000045776367
5.360000133514404
5.249000072479248
5.053999900817871
4.948999881744385
4.767000198364258
4.664000034332275
4.486000061035156
4.373000144958496
4.190000057220459
4.072000026702881
3.890000104904175
3.7730000019073486
3.5910000801086426
3.4739999771118164
3.2920000553131104
3.174999952316284
2.993000030517578
2.875999927520752
14.559000015258789
14.437999725341797
14.272000312805176
14.156000137329102
13.991000175476074
13.871999740600586
13.701000213623047
13.579999923706055
13.409000396728516
13.291999816894531
13.123000144958496
13.005000114440918
12.833000183105469
12.71500015258789
12.543000221252441
12.428999900817871
12.260000228881836
12.154999732971191
11.984000205993652
11.878999710083008
11.704999923706055
11.597999572753906
11.425999641418457
11.317000389099121
11.140000343322754
11.027999877929688
10.847000122070312
10.732999801635742
10.550999641418457
10.437000274658203
10.256999969482422
10.140000343322754
9.961000442504883
9.843000411987305
9.66100025177002
9.541000366210938
9.359999656677246
9.243000030517578
9.062999725341797
8.946999549865723
8.76200008392334
8.644000053405762
8.458000183105469
8.342000007629395
8.157999992370605
8.043999671936035
7.860000133514404
7.745999813079834
7.563000202178955
7.447999954223633
7.269000053405762
7.1539998054504395
6.960000038146973
6.880000114440918
6.684000015258789
6.572999954223633
6.39300012588501
6.293000221252441
6.118000030517578
6.041999816894531
5.885000228881836
5.7870001792907715
5.622000217437744
5.511000156402588
5.329999923706055
5.216000080108643
5.031000137329102
4.921000003814697
4.736999988555908
4.626999855041504
4.440999984741211
4.328999996185303
4.142000198364258
4.03000020980835
3.8429999351501465
3.7300000190734863
3.5429999828338623
3.430000066757202
3.24399995803833
3.130000114440918
2.930000066757202
2.8450000286102295
14.609999656677246
14.496999740600586
14.312999725341797
14.210000038146973
14.022000312805176
13.930999755859375
13.729999542236328
13.63599967956543
13.4399995803833
13.34000015258789
13.154999732971191
13.055000305175781
12.862000465393066
12.774999618530273
12.583999633789062
12.47700023651123
12.293000221252441
12.189000129699707
12.001999855041504
11.911999702453613
11.720000267028809
11.630000114440918
11.444000244140625
11.348999977111816
11.15999984741211
11.060999870300293
10.866000175476074
10.765000343322754
10.572999954223633
10.472999572753906
10.284000396728516
10.182999610900879
9.986000061035156
9.890999794006348
9.6850004196167
9.588000297546387
9.383999824523926
9.288000106811523
9.083999633789062
8.986000061035156
8.781000137329102
8.682000160217285
8.47700023651123
8.378000259399414
8.175000190734863
8.07699966430664
7.876999855041504
7.7779998779296875
7.578999996185303
7.478000164031982
7.2829999923706055
7.184000015258789
6.992000102996826
6.896999835968018
6.703999996185303
6.61299991607666
6.414999961853027
6.309999942779541
6.118000030517578
6.026000022888184
5.840000152587891
5.758999824523926
5.578999996185303
5.4730000495910645
5.290999889373779
5.182000160217285
4.997000217437744
4.886000156402588
4.699999809265137
4.591000080108643
4.40500020980835
4.294000148773193
4.105999946594238
3.99399995803833
3.805999994277954
3.693000078201294
3.505000114440918
3.3929998874664307
3.2049999237060547
3.0920000076293945
2.8929998874664307
2.805999994277954
14.63700008392334
14.527000427246094
14.32800006866455
14.22700023651123
14.032999992370605
13.9350004196167
13.73900032043457
13.640999794006348
13.446999549865723
13.350000381469727
13.15999984741211
13.071000099182129
12.881999969482422
12.789999961853027
12.595999717712402
12.503000259399414
12.307000160217285
12.213000297546387
12.015000343322754
11.920999526977539
11.729000091552734
11.642000198364258
11.456999778747559
11.357999801635742
11.178999900817871
11.07699966430664
10.897000312805176
10.78600025177002
10.598999977111816
10.487000465393066
10.298999786376953
10.194999694824219
9.99899959564209
9.901000022888184
9.696000099182129
9.597000122070312
9.392999649047852
9.293999671936035
9.090999603271484
8.989999771118164
8.78600025177002
8.684000015258789
8.480999946594238
8.378999710083008
8.178000450134277
8.076000213623047
7.875999927520752
7.77400016784668
7.574999809265137
7.4720001220703125
7.2769999504089355
7.172999858856201
6.986000061035156
6.88100004196167
6.701000213623047
6.59499979019165
6.409999847412109
6.302999973297119
6.111000061035156
6.019000053405762
5.822000026702881
5.735000133514404
5.546999931335449
5.440999984741211
5.256999969482422
5.1479997634887695
4.961999893188477
4.85099983215332
4.665999889373779
4.557000160217285
4.369999885559082
4.260000228881836
4.071000099182129
3.9600000381469727
3.7699999809265137
3.6579999923706055
3.4690001010894775
3.3580000400543213
3.1700000762939453
3.059000015258789
14.994000434875488
14.869999885559082
14.682000160217285
14.557999610900879
14.368000030517578
14.246999740600586
14.060999870300293
13.946999549865723
13.770000457763672
13.659000396728516
13.486000061035156
13.373000144958496
13.201000213623047
13.08899974822998
12.913000106811523
12.803000450134277
12.621000289916992
12.515000343322754
12.333999633789062
12.227999687194824
12.050999641418457
11.942000389099121
11.767000198364258
11.65999984741211
11.489999771118164
11.383000373840332
11.220999717712402
11.116000175476074
10.95199966430664
10.833999633789062
10.654000282287598
10.529999732971191
10.340999603271484
10.222000122070312
10.034000396728516
9.916999816894531
9.72700023651123
9.612000465393066
9.40999984741211
9.321999549865723
9.104999542236328
9.013999938964844
8.79800033569336
8.708000183105469
8.503000259399414
8.390000343322754
8.185999870300293
8.097000122070312
7.89300012588501
7.78000020980835
7.586999893188477
7.4770002365112305
7.2820000648498535
7.172999858856201
6.9730000495910645
6.879000186920166
6.679999828338623
6.589000225067139
6.39900016784668
6.301000118255615
6.11299991607666
6.013999938964844
5.823999881744385
5.723999977111816
5.5329999923706055
5.433000087738037
5.236999988555908
5.140999794006348
4.941999912261963
4.8460001945495605
4.645999908447266
4.552000045776367
4.3520002365112305
4.255000114440918
4.052000045776367
3.9539999961853027
3.753000020980835
3.6500000953674316
3.453000068664551
3.3510000705718994
3.1540000438690186
3.0510001182556152
15.0600004196167
14.930999755859375
14.741000175476074
14.616000175476074
14.425000190734863
14.300999641418457
14.111000061035156
13.991999626159668
13.807999610900879
13.699999809265137
13.527000427246094
13.423999786376953
13.248000144958496
13.137999534606934
12.942000389099121
12.854000091552734
12.652000427246094
12.543000221252441
12.35099983215332
12.258000373840332
12.064000129699707
11.968999862670898
11.781999588012695
11.694999694824219
11.517999649047852
11.418999671936035
11.24899959564209
11.159000396728516
10.986000061035156
10.883999824523926
10.694000244140625
10.581000328063965
10.383999824523926
10.267999649047852
10.074000358581543
9.958999633789062
9.765999794006348
9.652000427246094
9.447999954223633
9.359000205993652
9.154999732971191
9.039999961853027
8.835000038146973
8.744999885559082
8.539999961853027
8.425000190734863
8.222000122070312
8.131999969482422
7.927000045776367
7.813000202178955
7.618000030517578
7.505000114440918
7.309000015258789
7.197000026702881
6.99399995803833
6.9019999504089355
6.696000099182129
6.605000019073486
6.4070000648498535
6.308000087738037
6.11899995803833
6.021999835968018
5.835000038146973
5.736999988555908
5.547999858856201
5.443999767303467
5.248000144958496
5.1570000648498535
4.953999996185303
4.860000133514404
4.6579999923706055
4.565000057220459
4.361999988555908
4.26800012588501
4.070000171661377
3.9639999866485596
3.7690000534057617
3.6610000133514404
3.4670000076293945
3.361999988555908
3.1670000553131104
3.061000108718872
15.10099983215332
14.984999656677246
14.781000137329102
14.666000366210938
14.46399974822998
14.347999572753906
14.137999534606934
14.043000221252441
13.836999893188477
13.730999946594238
13.54800033569336
13.451000213623047
13.270999908447266
13.170000076293945
12.972999572753906
12.878000259399414
12.670000076293945
12.576000213623047
12.371999740600586
12.263999938964844
12.067000389099121
11.973999977111816
11.788999557495117
11.699999809265137
11.531000137329102
11.442999839782715
11.279000282287598
11.1850004196167
11.020999908447266
10.911999702453613
10.729000091552734
10.61299991607666
10.418000221252441
10.302000045776367
10.104999542236328
9.993000030517578
9.79699993133545
9.685999870300293
9.482000350952148
9.388999938964844
9.175999641418457
9.081999778747559
8.869000434875488
8.77400016784668
8.560999870300293
8.465999603271484
8.251999855041504
8.156999588012695
7.943999767303467
7.848999977111816
7.644000053405762
7.5329999923706055
7.333000183105469
7.2230000495910645
7.01800012588501
6.921999931335449
6.714000225067139
6.619999885559082
6.420000076293945
6.316999912261963
6.125
6.025000095367432
5.836999893188477
5.743000030517578
5.552999973297119
5.455999851226807
5.261000156402588
5.159999847412109
4.961999893188477
4.860000133514404
4.664999961853027
4.563000202178955
4.369999885559082
4.26800012588501
4.072999954223633
3.9719998836517334
3.7739999294281006
3.6710000038146973
3.4719998836517334
3.369999885559082
15.01099967956543
14.807999610900879
14.694000244140625
14.491000175476074
14.37600040435791
14.164999961853027
14.067000389099121
13.861000061035156
13.753000259399414
13.5649995803833
13.467000007629395
13.281000137329102
13.192000389099121
12.991999626159668
12.904999732971191
12.708000183105469
12.593000411987305
12.399999618530273
12.28499984741211
12.08899974822998
11.980999946594238
11.791999816894531
11.701000213623047
11.520999908447266
11.442000389099121
11.279999732971191
11.204999923706055
11.036999702453613
10.946999549865723
10.756999969482422
10.647000312805176
10.442999839782715
10.329999923706055
10.121000289916992
10.022000312805176
9.8100004196167
9.711999893188477
9.503000259399414
9.404000282287598
9.194999694824219
9.095000267028809
8.88599967956543
8.788000106811523
8.579999923706055
8.482000350952148
8.272000312805176
8.173999786376953
7.964000225067139
7.864999771118164
7.6539998054504395
7.553999900817871
7.3480000495910645
7.241000175476074
7.034999847412109
6.936999797821045
6.729000091552734
6.632999897003174
6.432000160217285
6.328999996185303
6.131999969482422
6.031000137329102
5.834000110626221
5.738999843597412
5.547999858856201
5.445000171661377
5.250999927520752
5.144000053405762
4.949999809265137
4.8460001945495605
4.6539998054504395
4.551000118255615
4.359000205993652
4.258999824523926
4.065999984741211
3.9660000801086426
3.7690000534057617
3.6659998893737793
3.4670000076293945
3.364000082015991
14.857000350952148
14.729999542236328
14.538999557495117
14.411999702453613
14.220999717712402
14.095000267028809
13.907999992370605
13.786999702453613
13.616000175476074
13.501999855041504
13.338000297546387
13.220999717712402
13.053000450134277
12.937000274658203
12.760000228881836
12.638999938964844
12.451000213623047
12.32699966430664
12.13700008392334
12.013999938964844
11.826000213623047
11.713000297546387
11.531000137329102
11.4350004196167
11.26200008392334
11.1850004196167
11.010000228881836
10.937000274658203
10.748000144958496
10.657999992370605
10.454000473022461
10.347999572753906
10.13599967956543
10.036999702453613
9.824999809265137
9.727999687194824
9.517000198364258
9.418000221252441
9.204999923706055
9.102999687194824
8.894000053405762
8.79800033569336
8.593000411987305
8.5
8.291000366210938
8.196000099182129
7.980000019073486
7.883999824523926
7.675000190734863
7.564000129699707
7.363999843597412
7.255000114440918
7.048999786376953
6.953000068664551
6.743000030517578
6.650000095367432
6.448999881744385
6.3420000076293945
6.14900016784668
6.040999889373779
5.8470001220703125
5.741000175476074
5.545000076293945
5.440000057220459
5.239999771118164
5.142000198364258
4.940999984741211
4.8480000495910645
4.650000095367432
4.559999942779541
4.361000061035156
4.275000095367432
4.083000183105469
3.9739999771118164
3.7850000858306885
3.6740000247955322
14.902000427246094
14.786999702453613
14.59000015258789
14.468000411987305
14.255999565124512
14.166000366210938
13.958999633789062
13.843000411987305
13.668000221252441
13.562999725341797
13.395000457763672
13.284000396728516
13.104999542236328
12.991999626159668
12.803999900817871
12.689000129699707
12.494000434875488
12.378000259399414
12.178999900817871
12.062000274658203
11.866999626159668
11.753000259399414
11.567999839782715
11.458999633789062
11.277999877929688
11.177000045776367
10.99899959564209
10.90999984741211
10.729000091552734
10.640999794006348
10.447999954223633
10.350000381469727
10.14900016784668
10.050999641418457
9.842000007629395
9.744999885559082
9.531999588012695
9.432000160217285
9.215999603271484
9.114999771118164
8.906000137329102
8.812000274658203
8.611000061035156
8.517000198364258
8.312000274658203
8.21399974822998
8.001999855041504
7.9039998054504395
7.689000129699707
7.589000225067139
7.379000186920166
7.270999908447266
7.065000057220459
6.9679999351501465
6.76200008392334
6.665999889373779
6.466000080108643
6.361000061035156
6.168000221252441
6.061999797821045
5.867000102996826
5.760000228881836
5.561999797821045
5.453999996185303
5.250999927520752
5.156000137329102
4.954999923706055
4.867000102996826
4.670000076293945
4.583000183105469
4.38700008392334
4.301000118255615
4.109000205993652
4.004000186920166
3.812000036239624
3.703000068664551
14.925999641418457
14.821000099182129
14.62399959564209
14.508999824523926
14.295999526977539
14.199999809265137
13.994000434875488
13.883000373840332
13.699000358581543
13.60200023651123
13.430000305175781
13.329000473022461
13.133000373840332
13.045000076293945
12.84000015258789
12.725000381469727
12.527999877929688
12.411999702453613
12.211999893188477
12.095999717712402
11.888999938964844
11.79699993133545
11.597000122070312
11.491999626159668
11.303999900817871
11.199999809265137
11.01099967956543
10.911999702453613
10.72700023651123
10.633000373840332
10.449000358581543
10.354999542236328
10.15999984741211
10.0649995803833
9.857999801635742
9.760000228881836
9.545999526977539
9.446999549865723
9.230999946594238
9.133000373840332
8.92300033569336
8.829999923706055
8.625
8.527999877929688
8.322999954223633
8.222000122070312
8.013999938964844
7.910999774932861
7.699999809265137
7.59499979019165
7.386000156402588
7.28000020980835
7.074999809265137
6.97599983215332
6.7729997634887695
6.675000190734863
6.4730000495910645
6.374000072479248
6.178999900817871
6.078999996185303
5.88100004196167
5.775000095367432
5.572999954223633
5.468999862670898
5.265999794006348
5.171000003814697
4.973999977111816
4.881999969482422
4.688000202178955
4.59499979019165
4.4029998779296875
4.304999828338623
4.111999988555908
4.010000228881836
3.815000057220459
3.7130000591278076
14.927000045776367
14.821000099182129
14.623000144958496
14.515999794006348
14.312999725341797
14.213000297546387
14.008000373840332
13.911999702453613
13.71399974822998
13.616999626159668
13.435999870300293
13.33899974822998
13.14900016784668
13.048999786376953
12.85200023651123
12.755000114440918
12.545999526977539
12.449000358581543
12.23799991607666
12.12399959564209
11.916000366210938
11.819999694824219
11.616000175476074
11.51200008392334
11.319999694824219
11.218000411987305
11.022000312805176
10.920999526977539
10.72700023651123
10.631999969482422
10.444000244140625
10.354999542236328
10.166000366210938
10.067999839782715
9.868000030517578
9.767000198364258
9.559000015258789
9.458999633789062
9.24899959564209
9.149999618530273
8.940999984741211
8.843999862670898
8.63599967956543
8.536999702453613
8.32800006866455
8.22700023651123
8.017000198364258
7.913000106811523
7.702000141143799
7.5980000495910645
7.389999866485596
7.284999847412109
7.080999851226807
6.980999946594238
6.7779998779296875
6.679999828338623
6.480000019073486
6.377999782562256
6.182000160217285
6.085000038146973
5.888000011444092
5.784999847412109
5.578999996185303
5.473999977111816
5.275000095367432
5.177999973297119
4.984000205993652
4.88700008392334
4.692999839782715
4.59499979019165
4.400000095367432
4.298999786376953
4.1020002365112305
4.0
3.805000066757202
3.700000047683716
14.934000015258789
14.824000358581543
14.635000228881836
14.524999618530273
14.32699966430664
14.241000175476074
14.045000076293945
13.932000160217285
13.75100040435791
13.638999938964844
13.467000007629395
13.352999687194824
13.184000015258789
13.069000244140625
12.904999732971191
12.786999702453613
12.61400032043457
12.484999656677246
12.300000190734863
12.166000366210938
11.982000350952148
11.85200023651123
11.67300033569336
11.545999526977539
11.369000434875488
11.246999740600586
11.071000099182129
10.947999954223633
10.767999649047852
10.64799976348877
10.477999687194824
10.369000434875488
10.20300006866455
10.08899974822998
9.909000396728516
9.786999702453613
9.600000381469727
9.479999542236328
9.293000221252441
9.17199993133545
8.967000007629395
8.883999824523926
8.680000305175781
8.557999610900879
8.369000434875488
8.246000289916992
8.055999755859375
7.933000087738037
7.74399995803833
7.619999885559082
7.431000232696533
7.307000160217285
7.119999885559082
7.0
6.814000129699707
6.696000099182129
6.510000228881836
6.394999980926514
6.208000183105469
6.0980000495910645
5.910999774932861
5.798999786376953
5.60699987411499
5.491000175476074
5.289999961853027
5.208000183105469
5.0
4.916999816894531
4.706999778747559
4.625999927520752
4.428999900817871
4.311999797821045
4.125
4.008999824523926
3.818000078201294
3.7039999961853027
14.968000411987305
14.859000205993652
14.678000450134277
14.564000129699707
14.38700008392334
14.27299976348877
14.097999572753906
13.979999542236328
13.809000015258789
13.694000244140625
13.532999992370605
13.418999671936035
13.26200008392334
13.140999794006348
12.986000061035156
12.86400032043457
12.708000183105469
12.574999809265137
12.406000137329102
12.260000228881836
12.086999893188477
11.942999839782715
11.77299976348877
11.631999969482422
11.461000442504883
11.324999809265137
11.157999992370605
11.026000022888184
10.857999801635742
10.722999572753906
10.555999755859375
10.430999755859375
10.270000457763672
10.151000022888184
9.977999687194824
9.850000381469727
9.666999816894531
9.538999557495117
9.354999542236328
9.229000091552734
9.045999526977539
8.92300033569336
8.743000030517578
8.619000434875488
8.437999725341797
8.3100004196167
8.126999855041504
7.995999813079834
7.815000057220459
7.685999870300293
7.505000114440918
7.374000072479248
7.191999912261963
7.063000202178955
6.883999824523926
6.755000114440918
6.573999881744385
6.446000099182129
6.264999866485596
6.142000198364258
5.9629998207092285
5.8420000076293945
5.664999961853027
5.541999816894531
5.374000072479248
5.252999782562256
5.084000110626221
4.956999778747559
4.7870001792907715
4.665999889373779
4.493000030517578
4.36899995803833
4.186999797821045
4.059999942779541
3.875999927520752
3.75
12.972000122070312
12.838000297546387
12.694999694824219
12.548999786376953
12.392999649047852
12.241000175476074
12.081000328063965
11.928999900817871
11.765000343322754
11.607000350952148
11.444000244140625
11.28499984741211
11.133999824523926
10.97700023651123
10.831999778747559
10.673999786376953
10.532999992370605
10.375
10.237000465393066
10.07699966430664
9.937000274658203
9.767000198364258
9.625
9.451000213623047
9.309000015258789
9.13599967956543
8.99899959564209
8.82699966430664
8.694000244140625
8.527000427246094
8.395000457763672
8.22599983215332
8.086000442504883
7.914000034332275
7.7729997634887695
7.60099983215332
7.460999965667725
7.289000034332275
7.151000022888184
6.980999946594238
6.8429999351501465
6.671000003814697
6.53000020980835
6.355000019073486
6.2179999351501465
6.046999931335449
5.914999961853027
5.748000144958496
5.61899995803833
5.453999996185303
5.331999778747559
5.138000011444092
5.064000129699707
4.840000152587891
4.769000053405762
4.568999767303467
4.440999984741211
4.264999866485596
4.133999824523926
10.369999885559082
10.220999717712402
10.065999984741211
9.91100025177002
9.751999855041504
9.593000411987305
9.432999610900879
9.27299976348877
9.116999626159668
8.960000038146973
8.807000160217285
8.652000427246094
8.505000114440918
8.35200023651123
8.204999923706055
8.045000076293945
7.89300012588501
7.729000091552734
7.577000141143799
7.414000034332275
7.264999866485596
7.109000205993652
6.9629998207092285
6.803999900817871
6.64900016784668
6.484000205993652
6.330999851226807
6.166999816894531
6.019999980926514
5.860000133514404
5.718999862670898
5.560999870300293
5.425000190734863
5.267000198364258
5.13100004196167
4.9710001945495605
4.833000183105469
4.671999931335449
4.5329999923706055
4.368000030517578
4.228000164031982
6.809000015258789
6.659999847412109
6.488999843597412
6.339000225067139
6.171000003814697
6.02400016784668
5.860000133514404
5.718999862670898
5.559999942779541
5.423999786376953
5.26800012588501
5.131999969482422
4.9730000495910645
4.833000183105469
4.670000076293945
4.5279998779296875
4.366000175476074
4.21999979019165
14.01099967956543
13.89900016784668
13.71399974822998
13.607000350952148
13.42199993133545
13.317000389099121
13.130000114440918
13.027000427246094
12.833999633789062
12.746000289916992
12.5600004196167
12.458999633789062
12.284000396728516
12.182999610900879
12.01099967956543
11.91100025177002
11.741000175476074
11.640999794006348
11.470999717712402
14.020999908447266
13.918999671936035
13.722999572753906
13.625
13.425999641418457
13.329999923706055
13.130999565124512
13.03499984741211
12.843999862670898
12.744999885559082
12.562000274658203
12.467000007629395
12.289999961853027
12.199000358581543
12.020999908447266
11.928999900817871
11.74899959564209
11.656000137329102
11.477999687194824
11.387999534606934
11.208999633789062
11.114999771118164
10.934000015258789
10.84000015258789
10.656999588012695
10.574999809265137
10.395000457763672
10.29699993133545
10.119999885559082
10.022000312805176
9.843000411987305
9.746000289916992
9.567000389099121
9.470999717712402
9.295000076293945
9.199000358581543
9.024999618530273
8.928999900817871
8.758999824523926
8.663999557495117
8.48799991607666
8.406999588012695
8.222999572753906
8.145000457763672
7.980000019073486
7.886000156402588
7.73199987411499
7.640999794006348
7.478000164031982
7.394999980926514
7.216000080108643
7.129000186920166
6.956999778747559
6.864999771118164
6.691999912261963
6.59499979019165
6.427000045776367
6.3429999351501465
6.190000057220459
6.113999843597412
5.9730000495910645
5.888000011444092
5.749000072479248
5.658999919891357
5.53000020980835
5.427999973297119
5.309999942779541
5.205999851226807
5.093999862670898
4.985000133514404
14.015000343322754
13.92199993133545
13.736000061035156
13.631999969482422
13.444000244140625
13.336000442504883
13.152000427246094
13.043000221252441
12.859999656677246
12.751999855041504
12.574999809265137
12.473999977111816
12.303999900817871
12.206000328063965
12.038000106811523
11.939000129699707
11.767999649047852
11.664999961853027
11.494000434875488
11.395999908447266
11.22599983215332
11.12600040435791
10.958999633789062
10.861000061035156
10.70199966430664
10.60099983215332
10.440999984741211
10.331000328063965
10.166000366210938
10.053000450134277
9.88599967956543
9.77400016784668
9.612000465393066
9.503000259399414
9.343999862670898
9.232999801635742
9.07800006866455
8.967000007629395
8.8100004196167
8.697999954223633
8.541999816894531
8.4350004196167
8.282999992370605
8.178000450134277
8.03499984741211
7.933000087738037
7.7870001792907715
7.679999828338623
7.5229997634887695
7.414999961853027
7.251999855041504
7.145999908447266
6.985000133514404
6.88700008392334
6.7230000495910645
6.619999885559082
6.440000057220459
6.359000205993652
6.186999797821045
6.11299991607666
5.953999996185303
5.873000144958496
5.716000080108643
5.632999897003174
5.474999904632568
5.3979997634887695
5.247000217437744
5.173999786376953
5.0229997634887695
4.940999984741211
14.01099967956543
13.920999526977539
13.741000175476074
13.64799976348877
13.46500015258789
13.36400032043457
13.178000450134277
13.072999954223633
12.892000198364258
12.786999702453613
12.609000205993652
12.505999565124512
12.331999778747559
12.232000350952148
12.062000274658203
11.965999603271484
11.795999526977539
11.696999549865723
11.526000022888184
11.427000045776367
11.260000228881836
11.157999992370605
10.996999740600586
10.89799976348877
10.741000175476074
10.642999649047852
10.480999946594238
10.380000114440918
10.208999633789062
10.104000091552734
9.932000160217285
9.826000213623047
9.657999992370605
9.555999755859375
9.392000198364258
9.291000366210938
9.12600040435791
9.02400016784668
8.859000205993652
8.755000114440918
8.593999862670898
8.493000030517578
8.342000007629395
8.239999771118164
8.093000411987305
7.993000030517578
7.840000152587891
7.736000061035156
7.571000099182129
7.466000080108643
7.296999931335449
7.191999912261963
7.021999835968018
6.921000003814697
6.750999927520752
6.651000022888184
6.4679999351501465
6.388999938964844
6.204999923706055
6.135000228881836
5.961999893188477
5.886000156402588
5.714000225067139
5.635000228881836
5.4770002365112305
5.4029998779296875
5.25
5.171000003814697
5.013000011444092
4.927000045776367
4.763000011444092
4.672999858856201
