# vtk DataFile Version 3.0
SHAPE_sfm_50k_v20200323
ASCII
DATASET POLYDATA
POINTS 1872 float
-0.29497000575065613 0.2822200059890747 0.1994899958372116
-0.2962000072002411 0.28345999121665955 0.19783000648021698
-0.2974799871444702 0.28161001205444336 0.19855999946594238
-0.29861000180244446 0.2826800048351288 0.19670000672340393
-0.2975800037384033 0.28477001190185547 0.1963600069284439
-0.29997000098228455 0.2838999927043915 0.19513000547885895
-0.29910001158714294 0.2861100137233734 0.19503000378608704
-0.30136001110076904 0.2852100133895874 0.1936500072479248
-0.3002600073814392 0.2872999906539917 0.19325999915599823
-0.3024500012397766 0.2862800061702728 0.19176000356674194
-0.30136001110076904 0.2883700132369995 0.19140000641345978
-0.3036699891090393 0.2874299883842468 0.19002999365329742
-0.30250999331474304 0.2894900143146515 0.18961000442504883
-0.3048900067806244 0.2885499894618988 0.18828000128269196
-0.303629994392395 0.29050999879837036 0.18772999942302704
-0.30605998635292053 0.28975000977516174 0.1865600049495697
-0.3048099875450134 0.29172998666763306 0.18602000176906586
-0.30737999081611633 0.2909899950027466 0.18498000502586365
-0.30612000823020935 0.292959988117218 0.18442000448703766
-0.30867999792099 0.292169988155365 0.1833299994468689
-0.30748000741004944 0.2942099869251251 0.18287000060081482
-0.31011998653411865 0.29339998960494995 0.18185000121593475
-0.30906999111175537 0.2955799996852875 0.18171000480651855
-0.3117400109767914 0.29475998878479004 0.18062999844551086
-0.3107300102710724 0.29701000452041626 0.18063999712467194
-0.31330999732017517 0.2959800064563751 0.17905999720096588
-0.3124000132083893 0.29833999276161194 0.17917999625205994
-0.31380000710487366 0.29653000831604004 0.17659999430179596
-0.31262001395225525 0.29875001311302185 0.17663000524044037
-0.3136900067329407 0.2967100143432617 0.1741500049829483
-0.31237998604774475 0.2988100051879883 0.1741899996995926
-0.31398001313209534 0.2971400022506714 0.17181000113487244
-0.3125 0.29914000630378723 0.1718199998140335
-0.3143100142478943 0.2975800037384033 0.1694599986076355
-0.31262001395225525 0.29941999912261963 0.16943000257015228
-0.3144800066947937 0.29785001277923584 0.16707000136375427
-0.3128199875354767 0.29973000288009644 0.16705000400543213
-0.3147900104522705 0.29820001125335693 0.16471000015735626
-0.3131900131702423 0.3001500070095062 0.16471000015735626
-0.3150399923324585 0.2985300123691559 0.1623300015926361
-0.31345000863075256 0.3005099892616272 0.16234000027179718
-0.3153800070285797 0.298909991979599 0.15997999906539917
-0.31373000144958496 0.3008500039577484 0.1599700003862381
-0.31599000096321106 0.29951998591423035 0.15772999823093414
-0.314300000667572 0.3014400005340576 0.15770000219345093
-0.3166399896144867 0.3001199960708618 0.15549999475479126
-0.3148699998855591 0.30199000239372253 0.15543000400066376
-0.3173699975013733 0.3008500039577484 0.15331999957561493
-0.31553998589515686 0.30267998576164246 0.15321999788284302
-0.31821998953819275 0.30167001485824585 0.15121999382972717
-0.31637001037597656 0.30349001288414 0.1511099934577942
-0.31911998987197876 0.30250999331474304 0.1491599977016449
-0.3172999918460846 0.304390013217926 0.14907999336719513
-0.3202199935913086 0.30351001024246216 0.14725999534130096
-0.31836000084877014 0.30535998940467834 0.1471399962902069
-0.3213599920272827 0.3045699894428253 0.14541999995708466
-0.31946998834609985 0.3064199984073639 0.14529000222682953
-0.3225100040435791 0.305620014667511 0.14358000457286835
-0.3206599950790405 0.30750998854637146 0.14350000023841858
-0.3237299919128418 0.30671998858451843 0.1418199986219406
-0.32190001010894775 0.30862000584602356 0.14174999296665192
-0.3232400119304657 0.3097899854183197 0.14012999832630157
-0.3250499963760376 0.30785998702049255 0.14016999304294586
-0.32631000876426697 0.3090299963951111 0.13847999274730682
-0.3245199918746948 0.3109799921512604 0.13846999406814575
-0.3258099853992462 0.3121899962425232 0.1368200033903122
-0.3275899887084961 0.3102099895477295 0.1368200033903122
-0.3271700143814087 0.3134300112724304 0.13526999950408936
-0.3289699852466583 0.31147000193595886 0.1352899968624115
-0.32857000827789307 0.3146499991416931 0.13373999297618866
-0.3303599953651428 0.3126699924468994 0.1337299942970276
-0.3299799859523773 0.31593000888824463 0.13224999606609344
-0.33180001378059387 0.31396999955177307 0.13230000436306
-0.33149001002311707 0.31725001335144043 0.13091999292373657
-0.3332599997520447 0.3152399957180023 0.13086000084877014
-0.3329800069332123 0.3185400068759918 0.12951000034809113
-0.3346500098705292 0.31644999980926514 0.1293099969625473
-0.3342300057411194 0.31957998871803284 0.12771999835968018
-0.33594000339508057 0.3175100088119507 0.1275700032711029
-0.3353700041770935 0.3207100033760071 0.12590999901294708
-0.337119996547699 0.3186599910259247 0.1257999986410141
-0.3363099992275238 0.32166001200675964 0.12389999628067017
-0.338019996881485 0.31957000494003296 0.12374000251293182
-0.33722999691963196 0.32260000705718994 0.12188000231981277
-0.3390200138092041 0.3205699920654297 0.12178000062704086
-0.3382599949836731 0.3235499858856201 0.11990000307559967
-0.34000998735427856 0.3214699923992157 0.11976999789476395
-0.3390499949455261 0.3243800103664398 0.11777999997138977
-0.34084001183509827 0.32232001423835754 0.11766999959945679
-0.29945001006126404 0.2804799973964691 0.19699999690055847
-0.2983599901199341 0.27939000725746155 0.19888000190258026
-0.3006399869918823 0.28161999583244324 0.19526000320911407
-0.3020699918270111 0.2829299867153168 0.1938299983739853
-0.30344000458717346 0.28415000438690186 0.19226999580860138
-0.3047899901866913 0.28540998697280884 0.19070999324321747
-0.30608999729156494 0.28661999106407166 0.18907999992370605
-0.3072499930858612 0.28780001401901245 0.1873299926519394
-0.3085399866104126 0.28898999094963074 0.18568000197410583
-0.3098999857902527 0.29023998975753784 0.18411999940872192
-0.3111700117588043 0.29128000140190125 0.18234999477863312
-0.3124000132083893 0.29243001341819763 0.18061000108718872
-0.31349000334739685 0.29350998997688293 0.17872999608516693
-0.3143700063228607 0.29412001371383667 0.1765500009059906
-0.31505000591278076 0.2946600019931793 0.1742900013923645
-0.3154900074005127 0.29517999291419983 0.1719599962234497
-0.31582000851631165 0.2955799996852875 0.1695999950170517
-0.3160099983215332 0.2958599925041199 0.16720999777317047
-0.3163999915122986 0.2962599992752075 0.1648699939250946
-0.31665000319480896 0.2965799868106842 0.16249999403953552
-0.31707999110221863 0.29701998829841614 0.16017000377178192
-0.3177799880504608 0.2976999878883362 0.15796999633312225
-0.3185099959373474 0.2983599901199341 0.15577000379562378
-0.319379985332489 0.29923999309539795 0.15369999408721924
-0.3201799988746643 0.2999800145626068 0.1515599936246872
-0.3210499882698059 0.30077001452445984 0.14946000277996063
-0.32214000821113586 0.30173999071121216 0.14754000306129456
-0.32322001457214355 0.30270999670028687 0.14562000334262848
-0.32436999678611755 0.30375000834465027 0.14377999305725098
-0.32559001445770264 0.3048500120639801 0.14202000200748444
-0.32686999440193176 0.30594998598098755 0.14031000435352325
-0.3281799852848053 0.30717000365257263 0.1386999934911728
-0.32947999238967896 0.3083600103855133 0.1370600014925003
-0.330810010433197 0.30956000089645386 0.13545000553131104
-0.3322399854660034 0.3107999861240387 0.13394999504089355
-0.33368998765945435 0.31209999322891235 0.13253000378608704
-0.33511000871658325 0.31332001090049744 0.1310099959373474
-0.3364199995994568 0.3144400119781494 0.12931999564170837
-0.33768001198768616 0.31547001004219055 0.12752999365329742
-0.338809996843338 0.3165700137615204 0.1256999969482422
-0.3397600054740906 0.3175100088119507 0.1236800029873848
-0.34071001410484314 0.318450003862381 0.12167999893426895
-0.3416999876499176 0.31933000683784485 0.11964999884366989
-0.34251001477241516 0.32016000151634216 0.11755000054836273
-0.2998799979686737 0.27818000316619873 0.19654999673366547
-0.29864001274108887 0.2770799994468689 0.1983100026845932
-0.3013699948787689 0.2793799936771393 0.19505999982357025
-0.3028700053691864 0.2806900143623352 0.1936900019645691
-0.3044300079345703 0.28196001052856445 0.19235999882221222
-0.3059900104999542 0.28332000970840454 0.1910800039768219
-0.3073500096797943 0.2845599949359894 0.1894800066947937
-0.3084999918937683 0.2857699990272522 0.18772999942302704
-0.3098199963569641 0.2869899868965149 0.18613000214099884
-0.3111700117588043 0.28821998834609985 0.18453000485897064
-0.3125 0.2893199920654297 0.1828099936246872
-0.31352999806404114 0.2903200089931488 0.18084999918937683
-0.31450000405311584 0.29135000705718994 0.1788800060749054
-0.315530002117157 0.2919900119304657 0.17678000032901764
-0.3165600001811981 0.2927500009536743 0.17470000684261322
-0.31700998544692993 0.2932499945163727 0.1723400056362152
-0.3171199858188629 0.29346001148223877 0.16991999745368958
-0.3177100121974945 0.294050008058548 0.1676499992609024
-0.31804999709129333 0.2943800091743469 0.16527999937534332
-0.3185200095176697 0.29493001103401184 0.16297000646591187
-0.31898999214172363 0.2953900098800659 0.16064999997615814
-0.31964999437332153 0.29600000381469727 0.1584099978208542
-0.320389986038208 0.29662999510765076 0.1562100052833557
-0.32128000259399414 0.2975099980831146 0.1541299968957901
-0.3219900131225586 0.29813000559806824 0.15191000699996948
-0.32297998666763306 0.2990399897098541 0.14991000294685364
-0.32405000925064087 0.2999599874019623 0.14794999361038208
-0.3251500129699707 0.3009699881076813 0.1460600048303604
-0.32624000310897827 0.30191001296043396 0.144119992852211
-0.3274399936199188 0.3029699921607971 0.1423099935054779
-0.32881999015808105 0.30421000719070435 0.14076000452041626
-0.33009999990463257 0.30539000034332275 0.13909000158309937
-0.3314499855041504 0.30663999915122986 0.13752000033855438
-0.3327699899673462 0.3077999949455261 0.13585999608039856
-0.334199994802475 0.30904000997543335 0.13436000049114227
-0.3356100022792816 0.31025999784469604 0.1328199952840805
-0.3369799852371216 0.31139999628067017 0.13118000328540802
-0.3382300138473511 0.3124699890613556 0.1294099986553192
-0.3395000100135803 0.31349000334739685 0.1276099979877472
-0.3405799865722656 0.3145500123500824 0.12571999430656433
-0.3415299952030182 0.3154599964618683 0.1236800029873848
-0.3424699902534485 0.31637999415397644 0.12163999676704407
-0.3431900143623352 0.3170599937438965 0.11942999809980392
-0.3440000116825104 0.31786999106407166 0.11729999631643295
-0.30066001415252686 0.2759599983692169 0.19660000503063202
-0.2993600070476532 0.27487000823020935 0.19832000136375427
-0.3021700084209442 0.27715998888015747 0.19512000679969788
-0.3037000000476837 0.2784700095653534 0.193790003657341
-0.30524998903274536 0.2797200083732605 0.19238999485969543
-0.30667999386787415 0.2810100018978119 0.1909099966287613
-0.3079499900341034 0.28220000863075256 0.1891999989748001
-0.30941998958587646 0.28352999687194824 0.1878100037574768
-0.3109700083732605 0.2849099934101105 0.18655000627040863
-0.31244999170303345 0.2862499952316284 0.185139998793602
-0.3137499988079071 0.28731000423431396 0.18333999812602997
-0.3148300051689148 0.28835999965667725 0.1814199984073639
-0.3158800005912781 0.2894800007343292 0.17952999472618103
-0.3169499933719635 0.2901099920272827 0.1774200052022934
-0.31790998578071594 0.2907400131225586 0.1752600073814392
-0.3184700012207031 0.29131999611854553 0.17294000089168549
-0.3188300132751465 0.2917400002479553 0.1705700010061264
-0.31929999589920044 0.29221001267433167 0.16824999451637268
-0.3197700083255768 0.29262998700141907 0.165910005569458
-0.3202899992465973 0.2932099997997284 0.16360999643802643
-0.3208500146865845 0.2937699854373932 0.16132000088691711
-0.32150998711586 0.2943600118160248 0.1590700000524521
-0.3222599923610687 0.29497000575065613 0.15684999525547028
-0.3229300081729889 0.2955400049686432 0.15458999574184418
-0.32370999455451965 0.2962299883365631 0.15241000056266785
-0.32468000054359436 0.29708999395370483 0.15036000311374664
-0.3258500099182129 0.29811999201774597 0.14850999414920807
-0.326990008354187 0.2991600036621094 0.14665000140666962
-0.3280999958515167 0.3001300096511841 0.14472000300884247
-0.3292999863624573 0.30118000507354736 0.1429000049829483
-0.33059999346733093 0.3022800087928772 0.14117999374866486
-0.33195000886917114 0.3035599887371063 0.13962000608444214
-0.33329999446868896 0.3047899901866913 0.13801999390125275
-0.33458998799324036 0.30590999126434326 0.1362999975681305
-0.33597999811172485 0.3070699870586395 0.1347000002861023
-0.3373900055885315 0.3082900047302246 0.13314999639987946
-0.3387799859046936 0.3094399869441986 0.1315000057220459
-0.34000998735427856 0.31047001481056213 0.12966999411582947
-0.34126999974250793 0.31147998571395874 0.12785999476909637
-0.34237998723983765 0.3125399947166443 0.12594999372959137
-0.34314998984336853 0.3133000135421753 0.12376999855041504
-0.34397000074386597 0.31411999464035034 0.12163999676704407
-0.3449600040912628 0.3149999976158142 0.11959999799728394
-0.3458299934864044 0.3158400058746338 0.11750999838113785
-0.30149999260902405 0.27379998564720154 0.1970299929380417
-0.30008000135421753 0.27268001437187195 0.19864000380039215
-0.30300000309944153 0.27498000860214233 0.19551999866962433
-0.30445000529289246 0.27623000741004944 0.19402000308036804
-0.30597999691963196 0.2774600088596344 0.19257999956607819
-0.3074199855327606 0.2787399888038635 0.19110000133514404
-0.3087199926376343 0.27994000911712646 0.18941999971866608
-0.3102000057697296 0.28126999735832214 0.18803000450134277
-0.31185999512672424 0.2826699912548065 0.186939999461174
-0.31349998712539673 0.28411000967025757 0.18578000366687775
-0.3150100111961365 0.28534001111984253 0.18421000242233276
-0.31595999002456665 0.28630000352859497 0.18212999403476715
-0.3170599937438965 0.28744998574256897 0.18027999997138977
-0.3182699978351593 0.28817999362945557 0.17826999723911285
-0.3192099928855896 0.2888000011444092 0.17608000338077545
-0.31981998682022095 0.28940001130104065 0.17378999292850494
-0.32038000226020813 0.28999000787734985 0.17148999869823456
-0.32093000411987305 0.2905299961566925 0.1691800057888031
-0.32150998711586 0.29107001423835754 0.16686999797821045
-0.32190999388694763 0.29148000478744507 0.16450999677181244
-0.322519987821579 0.29207998514175415 0.16224999725818634
-0.3232699930667877 0.29276999831199646 0.16005000472068787
-0.32409000396728516 0.2934499979019165 0.15785999596118927
-0.32471001148223877 0.29392001032829285 0.1555500030517578
-0.32548999786376953 0.2945699989795685 0.15333999693393707
-0.32631999254226685 0.2952300012111664 0.15117999911308289
-0.32743000984191895 0.2961300015449524 0.14921000599861145
-0.32861000299453735 0.2971999943256378 0.14737999439239502
-0.3297500014305115 0.2982200086116791 0.14549000561237335
-0.3310000002384186 0.2993299961090088 0.14372000098228455
-0.3323099911212921 0.3004400134086609 0.14201000332832336
-0.3336000144481659 0.3016200065612793 0.14031000435352325
-0.334850013256073 0.3026899993419647 0.1385200023651123
-0.3360700011253357 0.3037300109863281 0.13670000433921814
-0.33746999502182007 0.30489999055862427 0.13508999347686768
-0.3388800024986267 0.3061000108718872 0.1335200071334839
-0.34033000469207764 0.30730998516082764 0.13197000324726105
-0.3415899872779846 0.3083600103855133 0.13015000522136688
-0.34283000230789185 0.30932000279426575 0.12827999889850616
-0.3438799977302551 0.3103199899196625 0.1263200044631958
-0.344760000705719 0.3111799955368042 0.1242000013589859
-0.34560999274253845 0.3120200037956238 0.12208999693393707
-0.346670001745224 0.3129499852657318 0.12010999768972397
-0.3475300073623657 0.31376001238822937 0.1179800033569336
-0.30195000767707825 0.27156001329421997 0.19754000008106232
-0.30349001288414 0.2727299928665161 0.19606000185012817
-0.3050200045108795 0.27399998903274536 0.19464999437332153
-0.3064199984073639 0.27515000104904175 0.19300000369548798
-0.3078700006008148 0.276419997215271 0.1914999932050705
-0.3092400133609772 0.2776400148868561 0.18988999724388123
-0.31066998839378357 0.27893999218940735 0.18842999637126923
-0.3122200071811676 0.2802799940109253 0.1871200054883957
-0.31387001276016235 0.2816599905490875 0.18594999611377716
-0.31547999382019043 0.2828800082206726 0.1845400035381317
-0.31690001487731934 0.2841399908065796 0.18297000229358673
-0.31797999143600464 0.285290002822876 0.1810699999332428
-0.3193100094795227 0.2860899865627289 0.1791599988937378
-0.32034000754356384 0.28676000237464905 0.17701999843120575
-0.3210600018501282 0.2874700129032135 0.1747799962759018
-0.32172998785972595 0.2881399989128113 0.17252999544143677
-0.32245001196861267 0.28883999586105347 0.17030000686645508
-0.3231399953365326 0.28951001167297363 0.16804000735282898
-0.32350000739097595 0.2898400127887726 0.16562999784946442
-0.3241199851036072 0.2904300093650818 0.16336999833583832
-0.32493001222610474 0.291159987449646 0.16120000183582306
-0.3257400095462799 0.29179999232292175 0.15898999571800232
-0.32659000158309937 0.29260000586509705 0.15681999921798706
-0.327210009098053 0.2930000126361847 0.15448999404907227
-0.328029990196228 0.2935900092124939 0.15228000283241272
-0.32912999391555786 0.29444000124931335 0.15028999745845795
-0.33028000593185425 0.29545000195503235 0.14839999377727509
-0.33145999908447266 0.29649999737739563 0.14654000103473663
-0.3327000141143799 0.29760000109672546 0.14475999772548676
-0.3339900076389313 0.29864999651908875 0.14298999309539795
-0.33528000116348267 0.2998200058937073 0.14127999544143677
-0.3364900052547455 0.300819993019104 0.13940000534057617
-0.3375999927520752 0.30167001485824585 0.13740000128746033
-0.3389100134372711 0.302729994058609 0.1356399953365326
-0.3402999937534332 0.30390000343322754 0.13402000069618225
-0.3417600095272064 0.3050999939441681 0.1324699968099594
-0.34303000569343567 0.3061400055885315 0.13064000010490417
-0.3441300094127655 0.3069800138473511 0.1286199986934662
-0.34521999955177307 0.3080100119113922 0.12669000029563904
-0.34630000591278076 0.3090200126171112 0.12475000321865082
-0.34731000661849976 0.3100000023841858 0.12275999784469604
-0.34821999073028564 0.3107700049877167 0.120619997382164
-0.3490700125694275 0.3115699887275696 0.11846999824047089
-0.3039799928665161 0.27044999599456787 0.19648000597953796
-0.30254000425338745 0.2693600058555603 0.19810999929904938
-0.30557000637054443 0.2717300057411194 0.19514000415802002
-0.3071399927139282 0.2729400098323822 0.19368000328540802
-0.3084000051021576 0.27410998940467834 0.1919099986553192
-0.3096500039100647 0.27529001235961914 0.1901800036430359
-0.31101998686790466 0.2765600085258484 0.18862000107765198
-0.3125300109386444 0.27788999676704407 0.18723000586032867
-0.31393998861312866 0.27922001481056213 0.18573999404907227
-0.3154999911785126 0.2804200053215027 0.1843000054359436
-0.3171899914741516 0.28165000677108765 0.1830199956893921
-0.3188199996948242 0.28297001123428345 0.1816900074481964
-0.32012999057769775 0.28376999497413635 0.17970000207424164
-0.3211899995803833 0.28446000814437866 0.1775899976491928
-0.3222300112247467 0.2853800058364868 0.1755799949169159
-0.3231300115585327 0.2862600088119507 0.17347000539302826
-0.32396000623703003 0.2870599925518036 0.1712999939918518
-0.3247399926185608 0.2878200113773346 0.1690800040960312
-0.325219988822937 0.2883000075817108 0.16672000288963318
-0.32576999068260193 0.28878000378608704 0.16439999639987946
-0.3265799880027771 0.2894800007343292 0.16222000122070312
-0.3274100124835968 0.29010000824928284 0.1599999964237213
-0.328220009803772 0.2908099889755249 0.1578100025653839
-0.329010009765625 0.2914600074291229 0.1555899977684021
-0.329910010099411 0.2921999990940094 0.15345999598503113
-0.3310000002384186 0.29297998547554016 0.15142999589443207
-0.3321099877357483 0.29385998845100403 0.14945000410079956
-0.3333199918270111 0.29497000575065613 0.1476300060749054
-0.3345299959182739 0.295960009098053 0.1457500010728836
-0.33577001094818115 0.2969200015068054 0.14388999342918396
-0.33706000447273254 0.2980700135231018 0.1421699970960617
-0.33840999007225037 0.2993299961090088 0.14053000509738922
-0.33945998549461365 0.3000499904155731 0.13840000331401825
-0.34066998958587646 0.3009200096130371 0.13646000623703003
-0.3419699966907501 0.30195000767707825 0.13468000292778015
-0.34338000416755676 0.30305999517440796 0.13301999866962433
-0.34463000297546387 0.30406999588012695 0.13116000592708588
-0.34575000405311584 0.30491000413894653 0.1291400045156479
-0.3467400074005127 0.3058300018310547 0.12711000442504883
-0.3477100133895874 0.30671998858451843 0.12504999339580536
-0.348690003156662 0.30764999985694885 0.1230200007557869
-0.34988999366760254 0.3086700141429901 0.1211400032043457
-0.350849986076355 0.3095700144767761 0.11907000094652176
-0.3517000079154968 0.31025001406669617 0.11686000227928162
-0.3045400083065033 0.26826000213623047 0.19715000689029694
-0.30594998598098755 0.26941001415252686 0.19550999999046326
-0.30741000175476074 0.270550012588501 0.19392000138759613
-0.3087800145149231 0.27177000045776367 0.19227999448776245
-0.3100999891757965 0.27296000719070435 0.19061000645160675
-0.31134000420570374 0.2741900086402893 0.18889999389648438
-0.3128499984741211 0.2755100131034851 0.18748000264167786
-0.3142299950122833 0.2768400013446808 0.18594999611377716
-0.31564000248908997 0.27799999713897705 0.18432000279426575
-0.31725001335144043 0.2791999876499176 0.18294000625610352
-0.3188599944114685 0.2804499864578247 0.18158000707626343
-0.3204300105571747 0.2812899947166443 0.17987999320030212
-0.3219200074672699 0.2821199893951416 0.1781100034713745
-0.32322999835014343 0.28317999839782715 0.1763100028038025
-0.32433000206947327 0.28418999910354614 0.17433999478816986
-0.32526999711990356 0.2850799858570099 0.17225000262260437
-0.3261699974536896 0.28593000769615173 0.17011000216007233
-0.3267500102519989 0.28654998540878296 0.1677899956703186
-0.32739999890327454 0.28714001178741455 0.16550999879837036
-0.3282400071620941 0.28786998987197876 0.16335000097751617
-0.32912999391555786 0.28856000304222107 0.16117000579833984
-0.32997000217437744 0.2893100082874298 0.15898999571800232
-0.330810010433197 0.290039986371994 0.15681999921798706
-0.33173999190330505 0.2907800078392029 0.1546899974346161
-0.33285000920295715 0.29159000515937805 0.15267999470233917
-0.33399999141693115 0.2925100028514862 0.15072999894618988
-0.3351300060749054 0.29339998960494995 0.14875000715255737
-0.33632999658584595 0.2943600118160248 0.14684000611305237
-0.3375700116157532 0.2953200042247772 0.14497999846935272
-0.33882999420166016 0.2963699996471405 0.14316000044345856
-0.3400700092315674 0.2973800003528595 0.14131000638008118
-0.3412899971008301 0.2984200119972229 0.13944000005722046
-0.34251001477241516 0.2992999851703644 0.1375100016593933
-0.34376001358032227 0.30017998814582825 0.13560999929904938
-0.3451099991798401 0.30118000507354736 0.13381999731063843
-0.3462899923324585 0.3020699918270111 0.131850004196167
-0.3473699986934662 0.302839994430542 0.12976999580860138
-0.34825998544692993 0.30364999175071716 0.12762999534606934
-0.34907999634742737 0.3044300079345703 0.12546999752521515
-0.35008999705314636 0.30535998940467834 0.12345000356435776
-0.3512200117111206 0.30630001425743103 0.12150000035762787
-0.3523400127887726 0.3072899878025055 0.11954999715089798
-0.35335999727249146 0.3081200122833252 0.11744999885559082
-0.3065299987792969 0.26715999841690063 0.19606000185012817
-0.3051399886608124 0.26603999733924866 0.19774000346660614
-0.30783000588417053 0.2682400047779083 0.1942799985408783
-0.30913999676704407 0.26941999793052673 0.19257999956607819
-0.31047001481056213 0.2706100046634674 0.19089999794960022
-0.3117600083351135 0.27184998989105225 0.18921999633312225
-0.3130500018596649 0.2731100022792816 0.18756000697612762
-0.3144400119781494 0.2744300067424774 0.18602000176906586
-0.31595999002456665 0.27559998631477356 0.1845099925994873
-0.3175700008869171 0.27678999304771423 0.18310000002384186
-0.319130003452301 0.27803000807762146 0.18166999518871307
-0.3208700120449066 0.2788800001144409 0.18016000092029572
-0.3225399851799011 0.2797499895095825 0.1785700023174286
-0.3239800035953522 0.2808299958705902 0.17687000334262848
-0.3252600133419037 0.2819199860095978 0.17505000531673431
-0.3263700008392334 0.28290998935699463 0.1730699986219406
-0.3272800147533417 0.28376999497413635 0.17092999815940857
-0.32818999886512756 0.2846899926662445 0.16884000599384308
-0.329039990901947 0.28554001450538635 0.16669000685214996
-0.3298799991607666 0.2862499952316284 0.16450999677181244
-0.3308899998664856 0.2871200144290924 0.1624400019645691
-0.3317500054836273 0.28786998987197876 0.16026000678539276
-0.33261001110076904 0.2886100113391876 0.1580899953842163
-0.3335700035095215 0.28940001130104065 0.15599000453948975
-0.33469998836517334 0.2902199923992157 0.15398000180721283
-0.3358300030231476 0.2910799980163574 0.15198999643325806
-0.3369799852371216 0.29197999835014343 0.15001000463962555
-0.3381600081920624 0.2928999960422516 0.14806999266147614
-0.3393799960613251 0.2937900125980377 0.14614999294281006
-0.34060999751091003 0.2947399914264679 0.14425000548362732
-0.34182998538017273 0.29569000005722046 0.14234000444412231
-0.34299999475479126 0.29660001397132874 0.14037999510765076
-0.34424999356269836 0.29750001430511475 0.13846999406814575
-0.34547001123428345 0.2983199954032898 0.13650000095367432
-0.3467499911785126 0.2991800010204315 0.1345899999141693
-0.3478200137615204 0.2999500036239624 0.13249999284744263
-0.3488599956035614 0.300680011510849 0.130390003323555
-0.3496600091457367 0.3014200031757355 0.12817999720573425
-0.3505200147628784 0.3022100031375885 0.12602999806404114
-0.3514600098133087 0.3030700087547302 0.12393999844789505
-0.3523600101470947 0.3038400113582611 0.12178999930620193
-0.35339999198913574 0.3047800064086914 0.11979000270366669
-0.35471999645233154 0.30577000975608826 0.11794999986886978
-0.3070499897003174 0.26486000418663025 0.19638000428676605
-0.3083899915218353 0.26594001054763794 0.19461999833583832
-0.3097800016403198 0.26715001463890076 0.19298000633716583
-0.3110800087451935 0.2683199942111969 0.19123999774456024
-0.31240999698638916 0.269569993019104 0.18957999348640442
-0.31349998712539673 0.2707499861717224 0.18770000338554382
-0.3147200047969818 0.27202001214027405 0.18598000705242157
-0.3162800073623657 0.27320000529289246 0.18449999392032623
-0.3179199993610382 0.27437999844551086 0.18310000002384186
-0.31957000494003296 0.2756200134754181 0.18177999556064606
-0.32141000032424927 0.2764900028705597 0.18039000034332275
-0.3231799900531769 0.27737000584602356 0.17889000475406647
-0.32458001375198364 0.27838999032974243 0.17712000012397766
-0.32594001293182373 0.27948999404907227 0.17535999417304993
-0.32719001173973083 0.2805199921131134 0.17350000143051147
-0.3283199965953827 0.28150999546051025 0.17152999341487885
-0.32938000559806824 0.28251001238822937 0.16954000294208527
-0.33044999837875366 0.2835400104522705 0.1675799936056137
-0.33160001039505005 0.2846499979496002 0.16568000614643097
-0.3325999975204468 0.2854500114917755 0.16355000436306
-0.33344998955726624 0.2861799895763397 0.16134999692440033
-0.33438000082969666 0.2870500087738037 0.15925000607967377
-0.3353999853134155 0.2879199981689453 0.15719999372959137
-0.3365600109100342 0.28878000378608704 0.1552100032567978
-0.3377000093460083 0.28960999846458435 0.1531900018453598
-0.338809996843338 0.2904300093650818 0.15116000175476074
-0.340039998292923 0.29144999384880066 0.14928999543190002
-0.34130001068115234 0.2924000024795532 0.14737999439239502
-0.34244000911712646 0.2931399941444397 0.14530999958515167
-0.3435499966144562 0.29387998580932617 0.1432500034570694
-0.344760000705719 0.29482999444007874 0.14132000505924225
-0.34599000215530396 0.2956700026988983 0.13933999836444855
-0.34711000323295593 0.29631999135017395 0.1372399926185608
-0.3483000099658966 0.2970600128173828 0.13521000742912292
-0.3492799997329712 0.29774999618530273 0.13304999470710754
-0.3503200113773346 0.29848000407218933 0.1309400051832199
-0.3511599898338318 0.29923999309539795 0.12873999774456024
-0.3519600033760071 0.2999800145626068 0.12654000520706177
-0.3528499901294708 0.30079999566078186 0.12439999729394913
-0.35378000140190125 0.301580011844635 0.12225999683141708
-0.35468998551368713 0.30239999294281006 0.12014000117778778
-0.3559199869632721 0.30331000685691833 0.11821000277996063
-0.3089199960231781 0.2636600136756897 0.19506999850273132
-0.30768001079559326 0.26263999938964844 0.19694000482559204
-0.3103100061416626 0.264849990606308 0.1934099942445755
-0.31161999702453613 0.2660199999809265 0.1916700005531311
-0.31292998790740967 0.26725998520851135 0.189970001578331
-0.31411999464035034 0.26848000288009644 0.1881600022315979
-0.31516000628471375 0.2696700096130371 0.18624000251293182
-0.31657999753952026 0.2707900106906891 0.18455000221729279
-0.3182399868965149 0.2719700038433075 0.18317000567913055
-0.3199999928474426 0.2732200026512146 0.18197999894618988
-0.32201001048088074 0.2741200029850006 0.18081000447273254
-0.3237600028514862 0.27496999502182007 0.17922000586986542
-0.32517001032829285 0.27599000930786133 0.1774500012397766
-0.3264999985694885 0.2770499885082245 0.1756500005722046
-0.327890008687973 0.2781200110912323 0.17388999462127686
-0.3291800022125244 0.2791599929332733 0.17204999923706055
-0.33037999272346497 0.28022998571395874 0.17016999423503876
-0.33162999153137207 0.2813799977302551 0.168380007147789
-0.33285000920295715 0.2824999988079071 0.16651999950408936
-0.3339200019836426 0.28336000442504883 0.16444000601768494
-0.33493998646736145 0.28428998589515686 0.16237999498844147
-0.335970014333725 0.28527000546455383 0.16035999357700348
-0.3370699882507324 0.2862299978733063 0.1583700031042099
-0.3382500112056732 0.28707000613212585 0.15636000037193298
-0.33941999077796936 0.2879500091075897 0.1543699949979782
-0.34057000279426575 0.28885000944137573 0.15238000452518463
-0.34174999594688416 0.2897300124168396 0.15038999915122986
-0.34303000569343567 0.2907100021839142 0.14850999414920807
-0.3442099988460541 0.2915300130844116 0.146479994058609
-0.34529000520706177 0.2921999990940094 0.14433999359607697
-0.3463999927043915 0.292959988117218 0.14226000010967255
-0.3475799858570099 0.29368001222610474 0.14020000398159027
-0.348580002784729 0.2942099869251251 0.13797999918460846
-0.349590003490448 0.2947799861431122 0.1358100026845932
-0.350600004196167 0.29548999667167664 0.13366000354290009
-0.35163000226020813 0.2961899936199188 0.13152000308036804
-0.3524399995803833 0.2969200015068054 0.12929999828338623
-0.3533399999141693 0.29774001240730286 0.12714999914169312
-0.35429999232292175 0.29861000180244446 0.1250399947166443
-0.3552600145339966 0.2993899881839752 0.12290000170469284
-0.3561500012874603 0.30017998814582825 0.12073999643325806
-0.3572100102901459 0.30094999074935913 0.11866000294685364
-0.3583599925041199 0.3018999993801117 0.1166900023818016
-0.30967000126838684 0.2614800035953522 0.195700004696846
-0.30842000246047974 0.2604599893093109 0.19762000441551208
-0.31088998913764954 0.26256999373435974 0.19384999573230743
-0.3123199939727783 0.2637999951839447 0.19223999977111816
-0.31367000937461853 0.2650600075721741 0.19056999683380127
-0.3148899972438812 0.26629000902175903 0.1887499988079071
-0.3158299922943115 0.26739999651908875 0.18672999739646912
-0.31714001297950745 0.2684600055217743 0.18491999804973602
-0.31876999139785767 0.26962000131607056 0.18345999717712402
-0.3205200135707855 0.2708500027656555 0.18220999836921692
-0.3224700093269348 0.2716900110244751 0.18092000484466553
-0.32433000206947327 0.27257001399993896 0.17949999868869781
-0.3258399963378906 0.27362000942230225 0.1777999997138977
-0.327239990234375 0.27469000220298767 0.17603999376296997
-0.3286600112915039 0.2757599949836731 0.17430999875068665
-0.330020010471344 0.2768000066280365 0.17249999940395355
-0.3312700092792511 0.27788999676704407 0.17066000401973724
-0.3325900137424469 0.27904999256134033 0.16891999542713165
-0.3339900076389313 0.28029000759124756 0.1672700047492981
-0.3353100121021271 0.2814199924468994 0.16548000276088715
-0.33643999695777893 0.28248998522758484 0.16350999474525452
-0.33746999502182007 0.28341999650001526 0.16143999993801117
-0.33858999609947205 0.2843500077724457 0.15942999720573425
-0.33980000019073486 0.28519999980926514 0.15744000673294067
-0.34099000692367554 0.28610000014305115 0.15546000003814697
-0.3422200083732605 0.28711000084877014 0.15355999767780304
-0.34345000982284546 0.2880600094795227 0.15161000192165375
-0.3446899950504303 0.28891998529434204 0.14961999654769897
-0.34588998556137085 0.2897399961948395 0.14762000739574432
-0.34724000096321106 0.29078999161720276 0.14574000239372253
-0.34821000695228577 0.2912899851799011 0.1434199959039688
-0.34894001483917236 0.2915300130844116 0.14102999866008759
-0.34992000460624695 0.29203999042510986 0.13882000744342804
-0.35100001096725464 0.29267001152038574 0.13666999340057373
-0.3518899977207184 0.2932699918746948 0.1344199925661087
-0.3527899980545044 0.2938700020313263 0.13219000399112701
-0.35361000895500183 0.2945899963378906 0.1299699991941452
-0.3546600043773651 0.2955099940299988 0.12791000306606293
-0.3556700050830841 0.2964000105857849 0.12581999599933624
-0.35659000277519226 0.2971299886703491 0.12363000214099884
-0.35749000310897827 0.29791000485420227 0.12145999819040298
-0.3585300147533417 0.298660010099411 0.11934000253677368
-0.359609991312027 0.2995400130748749 0.11729999631643295
-0.3104400038719177 0.25922998785972595 0.196150004863739
-0.31158000230789185 0.26030001044273376 0.1942099928855896
-0.31294000148773193 0.2614800035953522 0.19251999258995056
-0.31442999839782715 0.26280999183654785 0.19101999700069427
-0.3158000111579895 0.2641200125217438 0.1893399953842163
-0.3167099952697754 0.2652199864387512 0.18725000321865082
-0.31797999143600464 0.2662400007247925 0.18538999557495117
-0.31957000494003296 0.26736998558044434 0.1838800013065338
-0.32131001353263855 0.2685700058937073 0.18258999288082123
-0.32328000664711 0.2694000005722046 0.18129000067710876
-0.32513999938964844 0.27024999260902405 0.1798200011253357
-0.32662999629974365 0.27125999331474304 0.17806999385356903
-0.32802000641822815 0.2723099887371063 0.17628000676631927
-0.3294200003147125 0.2733500003814697 0.1745000034570694
-0.3308199942111969 0.274399995803833 0.1727299988269806
-0.3321399986743927 0.2755100131034851 0.17092999815940857
-0.33360999822616577 0.27674001455307007 0.16934999823570251
-0.33511999249458313 0.2780199944972992 0.16784000396728516
-0.33667999505996704 0.279339998960495 0.1664000004529953
-0.3381200134754181 0.28073999285697937 0.1647700071334839
-0.3391300141811371 0.28165000677108765 0.1625799983739853
-0.3400999903678894 0.28240999579429626 0.16041000187397003
-0.3412500023841858 0.28317001461982727 0.15836000442504883
-0.3424699902534485 0.2840900123119354 0.15639999508857727
-0.3437800109386444 0.285180002450943 0.1545799970626831
-0.3450399935245514 0.28613001108169556 0.15261000394821167
-0.3462499976158142 0.2868799865245819 0.15052999556064606
-0.34731000661849976 0.2875399887561798 0.148389995098114
-0.34863001108169556 0.28845998644828796 0.14646999537944794
-0.3495599925518036 0.28902000188827515 0.1441500037908554
-0.35023999214172363 0.28929999470710754 0.14172999560832977
-0.35131001472473145 0.28988000750541687 0.13956999778747559
-0.35242998600006104 0.29054000973701477 0.13742999732494354
-0.35332000255584717 0.291130006313324 0.13516999781131744
-0.3542200028896332 0.29172998666763306 0.1329299956560135
-0.3550800085067749 0.29245999455451965 0.13072000443935394
-0.3560500144958496 0.2932800054550171 0.1285800039768219
-0.3569599986076355 0.2940700054168701 0.12639999389648438
-0.35798001289367676 0.2948800027370453 0.124269999563694
-0.35892999172210693 0.29569000005722046 0.12212000042200089
-0.3599100112915039 0.29638001322746277 0.11993999779224396
-0.3610000014305115 0.29725000262260437 0.11789000034332275
-0.31209999322891235 0.2579500079154968 0.19442999362945557
-0.31099000573158264 0.25687000155448914 0.1964299976825714
-0.3134700059890747 0.25913000106811523 0.19272999465465546
-0.31499001383781433 0.26045000553131104 0.1912499964237213
-0.31644999980926514 0.26175999641418457 0.18964000046253204
-0.31762000918388367 0.2630000114440918 0.18779000639915466
-0.31887000799179077 0.26403000950813293 0.18592000007629395
-0.3204199969768524 0.2651199996471405 0.18433000147342682
-0.322160005569458 0.2662999927997589 0.18300999701023102
-0.3241199851036072 0.26708999276161194 0.181659996509552
-0.3259199857711792 0.26789000630378723 0.18006999790668488
-0.32732000946998596 0.26886001229286194 0.17820000648498535
-0.32872000336647034 0.26989999413490295 0.17642000317573547
-0.33024999499320984 0.27098000049591064 0.17476999759674072
-0.33166998624801636 0.27202001214027405 0.17298999428749084
-0.33309000730514526 0.27316001057624817 0.17128999531269073
-0.33456000685691833 0.274370014667511 0.16967999935150146
-0.3360599875450134 0.27559998631477356 0.16810999810695648
-0.33768999576568604 0.27685999870300293 0.1666799932718277
-0.3391200006008148 0.2781499922275543 0.16502000391483307
-0.34029000997543335 0.2792400121688843 0.16304999589920044
-0.3414900004863739 0.28025001287460327 0.16110000014305115
-0.34275999665260315 0.281139999628067 0.1591300070285797
-0.3439899981021881 0.282039999961853 0.157150000333786
-0.3451800048351288 0.28297001123428345 0.15515999495983124
-0.34643998742103577 0.2838999927043915 0.15318000316619873
-0.3474099934101105 0.28446999192237854 0.15091000497341156
-0.34810999035835266 0.2849400043487549 0.14854000508785248
-0.34929999709129333 0.2857699990272522 0.14648999273777008
-0.35054001212120056 0.28652000427246094 0.14444999396800995
-0.3517000079154968 0.2871200144290924 0.1423099935054779
-0.35273000597953796 0.28766998648643494 0.14011000096797943
-0.3537999987602234 0.2882699966430664 0.13792000710964203
-0.3548099994659424 0.2889600098133087 0.1357399970293045
-0.3557800054550171 0.28960999846458435 0.13353000581264496
-0.35666000843048096 0.2903600037097931 0.13131999969482422
-0.3575100004673004 0.29107001423835754 0.1290699988603592
-0.35837000608444214 0.291810005903244 0.12684999406337738
-0.3593200147151947 0.29253000020980835 0.1246500015258789
-0.36035001277923584 0.29339998960494995 0.12256000190973282
-0.36149001121520996 0.2942099869251251 0.1204800009727478
-0.3625600039958954 0.2950499951839447 0.11839000135660172
-0.3636699914932251 0.29585000872612 0.1163100004196167
-0.3126400113105774 0.2556000053882599 0.19460999965667725
-0.3112100064754486 0.25446999073028564 0.19634999334812164
-0.31391000747680664 0.25676000118255615 0.19279000163078308
-0.31547999382019043 0.25804999470710754 0.19133000075817108
-0.3168500065803528 0.25933998823165894 0.18964000046253204
-0.31808000802993774 0.26058998703956604 0.18783999979496002
-0.319599986076355 0.26170000433921814 0.1862100064754486
-0.32113999128341675 0.26278001070022583 0.184579998254776
-0.3228600025177002 0.26392999291419983 0.18320000171661377
-0.32479000091552734 0.2646999955177307 0.18176999688148499
-0.32655999064445496 0.26548999547958374 0.18014000356197357
-0.3280999958515167 0.26649999618530273 0.17842000722885132
-0.3295699954032898 0.267549991607666 0.17669999599456787
-0.33118000626564026 0.26864001154899597 0.1750900000333786
-0.33256998658180237 0.26965999603271484 0.17324000597000122
-0.3338100016117096 0.2707099914550781 0.17133000493049622
-0.33529001474380493 0.2718999981880188 0.1696999967098236
-0.33671998977661133 0.2730900049209595 0.16800999641418457
-0.3381200134754181 0.2742699980735779 0.16629000008106232
-0.3393999934196472 0.275519996881485 0.16452999413013458
-0.34097999334335327 0.27667999267578125 0.1629599928855896
-0.3426800072193146 0.2779499888420105 0.16161000728607178
-0.34411999583244324 0.27897998690605164 0.1597999930381775
-0.3453499972820282 0.2798599898815155 0.15779000520706177
-0.34648001194000244 0.2807199954986572 0.15571999549865723
-0.34762999415397644 0.28154999017715454 0.15363000333309174
-0.34856000542640686 0.2821199893951416 0.15136000514030457
-0.3494899868965149 0.28273001313209534 0.1491200029850006
-0.35047999024391174 0.28341999650001526 0.14692999422550201
-0.3517000079154968 0.28415000438690186 0.14485999941825867
-0.35284000635147095 0.28474000096321106 0.14270000159740448
-0.3540799915790558 0.28540000319480896 0.1406099945306778
-0.35512998700141907 0.2859799861907959 0.13841000199317932
-0.356220006942749 0.28672000765800476 0.13627000153064728
-0.3572399914264679 0.2874000072479248 0.13407999277114868
-0.3582099974155426 0.2882100045681 0.13190999627113342
-0.3590500056743622 0.28891998529434204 0.12964999675750732
-0.3599399924278259 0.28968000411987305 0.1274300068616867
-0.3608799874782562 0.2903999984264374 0.12522999942302704
-0.3619399964809418 0.2912600040435791 0.12312000244855881
-0.36305001378059387 0.29201000928878784 0.12099999934434891
-0.3640500009059906 0.2927600145339966 0.11881999671459198
-0.36504000425338745 0.29346001148223877 0.11663000285625458
-0.3129900097846985 0.2532300055027008 0.1944199949502945
-0.31161999702453613 0.2521199882030487 0.19620999693870544
-0.3142299950122833 0.25439000129699707 0.19255000352859497
-0.3155499994754791 0.2556700110435486 0.1908400058746338
-0.31703001260757446 0.2569499909877777 0.18926000595092773
-0.3185499906539917 0.25821998715400696 0.18770000338554382
-0.3201099932193756 0.2593100070953369 0.18606999516487122
-0.3217499852180481 0.26041001081466675 0.18453000485897064
-0.32350000739097595 0.26155999302864075 0.18314999341964722
-0.3255000114440918 0.2623400092124939 0.18181000649929047
-0.32732999324798584 0.2631300091743469 0.18024000525474548
-0.32892999053001404 0.26412999629974365 0.17854000627994537
-0.330269992351532 0.2651199996471405 0.17664000391960144
-0.33180999755859375 0.2661600112915039 0.1749500036239624
-0.33340999484062195 0.2672399878501892 0.17330999672412872
-0.3347199857234955 0.26833000779151917 0.1714400053024292
-0.3361299932003021 0.26949000358581543 0.16970999538898468
-0.33746999502182007 0.27063998579978943 0.16790999472141266
-0.3386799991130829 0.27177000045776367 0.16601000726222992
-0.3402400016784668 0.27305999398231506 0.16453999280929565
-0.3420700132846832 0.2743299901485443 0.16336999833583832
-0.3439300060272217 0.2757500112056732 0.16238999366760254
-0.3457399904727936 0.2771899998188019 0.16110000014305115
-0.3468399941921234 0.27790001034736633 0.15876999497413635
-0.347790002822876 0.27854999899864197 0.15650999546051025
-0.3487200140953064 0.2791999876499176 0.1542699933052063
-0.349590003490448 0.2797299921512604 0.15196000039577484
-0.35054999589920044 0.28036001324653625 0.14972999691963196
-0.351500004529953 0.28102999925613403 0.147489994764328
-0.35262998938560486 0.2817099988460541 0.14535999298095703
-0.3539299964904785 0.282370001077652 0.14330999553203583
-0.35512998700141907 0.2829900085926056 0.14116999506950378
-0.35618001222610474 0.28356000781059265 0.13895000517368317
-0.357340008020401 0.28433001041412354 0.1368499994277954
-0.358379989862442 0.2850100100040436 0.134660005569458
-0.359389990568161 0.2858400046825409 0.13249999284744263
-0.3603900074958801 0.2866699993610382 0.1303499937057495
-0.36131998896598816 0.28744998574256897 0.12814000248908997
-0.362529993057251 0.28839999437332153 0.12612999975681305
-0.36353999376296997 0.28918999433517456 0.12393999844789505
-0.3643600046634674 0.2896699905395508 0.12159000337123871
-0.3652699887752533 0.2903499901294708 0.11935000121593475
-0.3664200007915497 0.291130006313324 0.1172500029206276
-0.3136099874973297 0.2509399950504303 0.19429999589920044
-0.3122600018978119 0.2498299926519394 0.1961199939250946
-0.3149000108242035 0.25209999084472656 0.1924699991941452
-0.3162199854850769 0.2533800005912781 0.19074000418186188
-0.3176400065422058 0.2546499967575073 0.18908999860286713
-0.3191100060939789 0.25589001178741455 0.18745000660419464
-0.3207400143146515 0.256989985704422 0.1858700066804886
-0.322519987821579 0.2581000030040741 0.18449999392032623
-0.32440999150276184 0.2592799961566925 0.18331000208854675
-0.32635998725891113 0.26003000140190125 0.18185999989509583
-0.32820001244544983 0.26078999042510986 0.18026000261306763
-0.3296400010585785 0.26172998547554016 0.1783600002527237
-0.33090999722480774 0.262690007686615 0.17640000581741333
-0.3324199914932251 0.26372000575065613 0.17465999722480774
-0.3340199887752533 0.2647800147533417 0.17303000390529633
-0.33562999963760376 0.2659499943256378 0.17145000398159027
-0.33702999353408813 0.2671000063419342 0.16967999935150146
-0.33834999799728394 0.2682200074195862 0.16784000396728516
-0.33967000246047974 0.2693699896335602 0.166020005941391
-0.3412800133228302 0.27066999673843384 0.164560005068779
-0.3431600034236908 0.27195000648498535 0.1634799987077713
-0.3450799882411957 0.27333998680114746 0.16261999309062958
-0.34703999757766724 0.2747800052165985 0.16165000200271606
-0.3485899865627289 0.27590999007225037 0.15964999794960022
-0.34900999069213867 0.2762500047683716 0.1570499986410141
-0.349590003490448 0.27671000361442566 0.15464000403881073
-0.3503299951553345 0.2771899998188019 0.15228000283241272
-0.3514699935913086 0.27790001034736633 0.15015000104904175
-0.35249000787734985 0.2786099910736084 0.147939994931221
-0.353549987077713 0.2792400121688843 0.1457500010728836
-0.3549700081348419 0.2799600064754486 0.14377999305725098
-0.3561300039291382 0.2805500030517578 0.14159999787807465
-0.357369989156723 0.2812199890613556 0.13950000703334808
-0.35844001173973083 0.2819199860095978 0.13731999695301056
-0.3596000075340271 0.2826699912548065 0.135220006108284
-0.36065998673439026 0.28352001309394836 0.13308000564575195
-0.36164000630378723 0.28431999683380127 0.13088999688625336
-0.3627699911594391 0.2852500081062317 0.12883999943733215
-0.3639799952507019 0.28617000579833984 0.1268099993467331
-0.3649100065231323 0.2868799865245819 0.12453000247478485
-0.3656899929046631 0.2873300015926361 0.12216000258922577
-0.3664900064468384 0.2879300117492676 0.11986000090837479
-0.3673799932003021 0.2885499894618988 0.11757999658584595
-0.3683199882507324 0.2891800105571747 0.11533000320196152
-0.3145500123500824 0.2487500011920929 0.19415000081062317
-0.3131999969482422 0.24764999747276306 0.19598999619483948
-0.3159799873828888 0.2499600052833557 0.1924699991941452
-0.31738001108169556 0.25126999616622925 0.19083000719547272
-0.3188199996948242 0.2525399923324585 0.18919000029563904
-0.3201900124549866 0.25372999906539917 0.18741999566555023
-0.32166001200675964 0.2547599971294403 0.18564000725746155
-0.32339999079704285 0.25586000084877014 0.18419000506401062
-0.3252600133419037 0.25699999928474426 0.18292999267578125
-0.3273400068283081 0.2577599883079529 0.18167999386787415
-0.32916998863220215 0.2585200071334839 0.18002000451087952
-0.3303399980068207 0.25936999917030334 0.17790000140666962
-0.3316200077533722 0.2603299915790558 0.17595000565052032
-0.333189994096756 0.2613599896430969 0.1742600053548813
-0.3349500000476837 0.2624500095844269 0.17281000316143036
-0.3366299867630005 0.2636300027370453 0.17130999267101288
-0.3380900025367737 0.26478999853134155 0.16957999765872955
-0.33945000171661377 0.26589998602867126 0.1677599996328354
-0.3409300148487091 0.2671000063419342 0.16609999537467957
-0.34240999817848206 0.26833000779151917 0.16448000073432922
-0.34426000714302063 0.269569993019104 0.16329999268054962
-0.3461500108242035 0.2709200084209442 0.16231000423431396
-0.34808000922203064 0.27224001288414 0.16120000183582306
-0.3497599959373474 0.27333998680114746 0.15940000116825104
-0.3501499891281128 0.2738499939441681 0.15680000185966492
-0.35078001022338867 0.2743600010871887 0.1544100046157837
-0.35166001319885254 0.27491000294685364 0.1521099954843521
-0.35280999541282654 0.27562999725341797 0.14997999370098114
-0.35385000705718994 0.2763400077819824 0.14778999984264374
-0.3549799919128418 0.2770000100135803 0.14562000334262848
-0.35635998845100403 0.2777000069618225 0.14361999928951263
-0.35760998725891113 0.27834001183509827 0.1415099948644638
-0.35888001322746277 0.2790299952030182 0.13942000269889832
-0.35995998978614807 0.2797200083732605 0.1372399926185608
-0.3610900044441223 0.28044000267982483 0.13510000705718994
-0.36215001344680786 0.2812800109386444 0.13297000527381897
-0.3632799983024597 0.2821800112724304 0.13088999688625336
-0.36438998579978943 0.28306999802589417 0.12880000472068787
-0.3656499981880188 0.2840000092983246 0.12678000330924988
-0.36647000908851624 0.2846300005912781 0.12443000078201294
-0.3671700060367584 0.2850300073623657 0.12201999872922897
-0.3678700029850006 0.2855600118637085 0.11965999752283096
-0.368910014629364 0.2862600088119507 0.11748000234365463
-0.37011998891830444 0.2870500087738037 0.11537999659776688
-0.31422001123428345 0.24552999436855316 0.19559000432491302
-0.3155899941921234 0.246629998087883 0.19374999403953552
-0.3169499933719635 0.24779999256134033 0.19199000298976898
-0.3183700144290924 0.24910999834537506 0.19035999476909637
-0.3198699951171875 0.25040000677108765 0.18876999616622925
-0.3212299942970276 0.2515900135040283 0.18698999285697937
-0.3227899968624115 0.2526499927043915 0.18532000482082367
-0.32455000281333923 0.25374001264572144 0.1838800013065338
-0.3264000117778778 0.2548600137233734 0.18256999552249908
-0.3284899890422821 0.25560998916625977 0.18131999671459198
-0.33017998933792114 0.2563300132751465 0.1795099973678589
-0.331279993057251 0.25714001059532166 0.1773499995470047
-0.3327699899673462 0.25815001130104065 0.17556999623775482
-0.33441001176834106 0.2591800093650818 0.17395000159740448
-0.3361999988555908 0.26026999950408936 0.17253999412059784
-0.33792001008987427 0.2614699900150299 0.17110000550746918
-0.3394100069999695 0.26260998845100403 0.16937999427318573
-0.34077000617980957 0.26370999217033386 0.16753999888896942
-0.34213000535964966 0.2648400068283081 0.16572999954223633
-0.34365999698638916 0.26607999205589294 0.16414999961853027
-0.34547001123428345 0.26728999614715576 0.16286000609397888
-0.3472299873828888 0.26861000061035156 0.1615999937057495
-0.34883999824523926 0.2699199914932251 0.1601099967956543
-0.3501800000667572 0.2709200084209442 0.15817999839782715
-0.35113999247550964 0.2715499997138977 0.15591999888420105
-0.3521699905395508 0.2722100019454956 0.1537099927663803
-0.353300005197525 0.2728999853134155 0.15154999494552612
-0.3545700013637543 0.2737100124359131 0.149509996175766
-0.35565999150276184 0.27445000410079956 0.14733999967575073
-0.35677000880241394 0.2750900089740753 0.1451600044965744
-0.3580999970436096 0.2757599949836731 0.14312000572681427
-0.359499990940094 0.2764900028705597 0.1411300003528595
-0.3606700003147125 0.27709001302719116 0.13895000517368317
-0.36173999309539795 0.2777799963951111 0.13676999509334564
-0.36287999153137207 0.2784999907016754 0.13463999330997467
-0.3640500009059906 0.27943000197410583 0.13259999454021454
-0.3652999997138977 0.2804200053215027 0.13062000274658203
-0.36632999777793884 0.2812199890613556 0.12841999530792236
-0.36726999282836914 0.28189000487327576 0.12615999579429626
-0.36809998750686646 0.2825300097465515 0.12385000288486481
-0.36879000067710876 0.28290998935699463 0.12143000215291977
-0.36959999799728394 0.28349000215530396 0.11911000311374664
-0.3706899881362915 0.2842099964618683 0.11694999784231186
-0.3155199885368347 0.24358999729156494 0.19513000547885895
-0.3167800009250641 0.24463999271392822 0.19317999482154846
-0.31810998916625977 0.24581000208854675 0.19137999415397644
-0.3196299970149994 0.2471500039100647 0.189860001206398
-0.3211100101470947 0.24842999875545502 0.18824000656604767
-0.3225499987602234 0.24963000416755676 0.1865299940109253
-0.324209988117218 0.25071999430656433 0.18497000634670258
-0.3259600102901459 0.251800000667572 0.18351000547409058
-0.32784000039100647 0.252920001745224 0.18222999572753906
-0.3298799991607666 0.25363999605178833 0.1808599978685379
-0.33156999945640564 0.25435999035835266 0.17906999588012695
-0.3328700065612793 0.25523000955581665 0.17705999314785004
-0.3343299925327301 0.2562200129032135 0.17524999380111694
-0.33601000905036926 0.2572599947452545 0.1736699938774109
-0.33785998821258545 0.2583799958229065 0.17235000431537628
-0.33959999680519104 0.25957000255584717 0.1708800047636032
-0.3409700095653534 0.26061999797821045 0.16898000240325928
-0.3422600030899048 0.26166000962257385 0.1670600026845932
-0.3436700105667114 0.262800008058548 0.16529999673366547
-0.34516000747680664 0.2640100121498108 0.16366000473499298
-0.34689000248908997 0.2651999890804291 0.16224999725818634
-0.3485099971294403 0.26649999618530273 0.1607699990272522
-0.34992000460624695 0.2677600085735321 0.1590700000524521
-0.35135000944137573 0.2687700092792511 0.15724000334739685
-0.35258999466896057 0.2694700062274933 0.1551399976015091
-0.3537299931049347 0.2702000141143799 0.15298999845981598
-0.35503000020980835 0.27098000049591064 0.15095999836921692
-0.35642001032829285 0.2718699872493744 0.14902999997138977
-0.35749000310897827 0.2725900113582611 0.14684000611305237
-0.35864999890327454 0.2732599973678589 0.14469000697135925
-0.3600499927997589 0.2739799916744232 0.14270000159740448
-0.36142998933792114 0.27469000220298767 0.1406800001859665
-0.36250001192092896 0.27522000670433044 0.13842999935150146
-0.3636699914932251 0.27597999572753906 0.13630999624729156
-0.3649199903011322 0.2768099904060364 0.1342799961566925
-0.3662000000476837 0.2778399884700775 0.13233999907970428
-0.36746999621391296 0.27884000539779663 0.13033999502658844
-0.3683600127696991 0.2794699966907501 0.12801000475883484
-0.36921998858451843 0.2800599932670593 0.12567999958992004
-0.3700000047683716 0.28064998984336853 0.1233299970626831
-0.37073999643325806 0.28106001019477844 0.12093999981880188
-0.3714199960231781 0.2815200090408325 0.11853999644517899
-0.37226998805999756 0.28205999732017517 0.11620999872684479
-0.3168399930000305 0.24164000153541565 0.1947299987077713
-0.3181400001049042 0.24269999563694 0.1928199976682663
-0.31953999400138855 0.24390999972820282 0.19109000265598297
-0.32106998562812805 0.24526000022888184 0.18956999480724335
-0.3224799931049347 0.24650000035762787 0.18783000111579895
-0.3238700032234192 0.2476699948310852 0.18605999648571014
-0.32554998993873596 0.2487500011920929 0.18449999392032623
-0.3273699879646301 0.24985000491142273 0.183119997382164
-0.32923999428749084 0.25095999240875244 0.18178999423980713
-0.3312399983406067 0.25165000557899475 0.1803700029850006
-0.3331199884414673 0.2524299919605255 0.17881999909877777
-0.3345400094985962 0.25339001417160034 0.17691999673843384
-0.3360300064086914 0.2543799877166748 0.17510999739170074
-0.3377400040626526 0.2554199993610382 0.17357000708580017
-0.33959001302719116 0.25652000308036804 0.17218999564647675
-0.3412399888038635 0.2576200067996979 0.1705400049686432
-0.3423900008201599 0.2585499882698059 0.16843000054359436
-0.34362998604774475 0.2595599889755249 0.16644999384880066
-0.3452099859714508 0.26076000928878784 0.16484999656677246
-0.34678998589515686 0.26201000809669495 0.1633100062608719
-0.34845998883247375 0.2631700038909912 0.16178999841213226
-0.35008999705314636 0.26447001099586487 0.16032999753952026
-0.35155999660491943 0.265749990940094 0.15865999460220337
-0.3528999984264374 0.2667100131511688 0.15672999620437622
-0.35416001081466675 0.267410010099411 0.1546200066804886
-0.35534000396728516 0.2681399881839752 0.15249000489711761
-0.3567500114440918 0.26899999380111694 0.1505499929189682
-0.3581700026988983 0.2699199914932251 0.14865000545978546
-0.35940998792648315 0.27077001333236694 0.14657999575138092
-0.36048999428749084 0.271369993686676 0.1443600058555603
-0.3617100119590759 0.2719399929046631 0.14219999313354492
-0.363180011510849 0.27272000908851624 0.1402599960565567
-0.3194600045681 0.24070000648498535 0.19280999898910522
-0.31801000237464905 0.2395700067281723 0.19457000494003296
-0.32096999883651733 0.24199000000953674 0.1912200003862381
-0.3224000036716461 0.24326999485492706 0.18953000009059906
-0.3237900137901306 0.24448999762535095 0.18775999546051025
-0.32517001032829285 0.24563999474048615 0.18595999479293823
-0.3268299996852875 0.24669000506401062 0.18434999883174896
-0.3286699950695038 0.24778999388217926 0.18298999965190887
-0.33052000403404236 0.24887999892234802 0.18161000311374664
-0.3325299918651581 0.249549999833107 0.18018999695777893
-0.33441001176834106 0.25029999017715454 0.17861999571323395
-0.3360399901866913 0.25137999653816223 0.17698000371456146
-0.33761999011039734 0.2524299919605255 0.17527000606060028
-0.3393099904060364 0.25343000888824463 0.17364999651908875
-0.3410300016403198 0.2544099986553192 0.1720300018787384
-0.34248998761177063 0.2554199993610382 0.17015999555587769
-0.34369999170303345 0.25637999176979065 0.16811999678611755
-0.3450999855995178 0.25745001435279846 0.16628000140190125
-0.34665998816490173 0.25863000750541687 0.16463999450206757
-0.34825000166893005 0.2598699927330017 0.16309000551700592
-0.3499299883842468 0.261029988527298 0.16155999898910522
-0.3515999913215637 0.26232999563217163 0.16012999415397644
-0.35321998596191406 0.2636899948120117 0.1586499959230423
-0.35453000664711 0.2646400034427643 0.15665000677108765
-0.3557400107383728 0.2652899920940399 0.15448999404907227
-0.3571400046348572 0.2661899924278259 0.15254999697208405
-0.3205299973487854 0.23855000734329224 0.19276000559329987
-0.31898000836372375 0.23738999664783478 0.1944199949502945
-0.322160005569458 0.239889994263649 0.19131000339984894
-0.3236599862575531 0.241239994764328 0.18971000611782074
-0.32506000995635986 0.2424599975347519 0.1879200041294098
-0.32638001441955566 0.24355000257492065 0.18603000044822693
-0.3279699981212616 0.24456000328063965 0.18431000411510468
-0.32978999614715576 0.24562999606132507 0.1828799992799759
-0.33166998624801636 0.24672000110149384 0.1815200001001358
-0.33364999294281006 0.24735000729560852 0.18002000451087952
-0.3355199992656708 0.24808000028133392 0.17844000458717346
-0.3372200131416321 0.2491600066423416 0.17687000334262848
-0.33893001079559326 0.2502700090408325 0.17531999945640564
-0.34053999185562134 0.2512100040912628 0.1735599935054779
-0.3420400023460388 0.2520900070667267 0.1716800034046173
-0.34352999925613403 0.25310999155044556 0.16986000537872314
-0.34501999616622925 0.25418999791145325 0.16809000074863434
-0.34652000665664673 0.25529998540878296 0.16633999347686768
-0.3480199873447418 0.25641998648643494 0.1645900011062622
-0.3496699929237366 0.2576799988746643 0.16309000551700592
-0.3216800093650818 0.23646000027656555 0.19286000728607178
-0.32027000188827515 0.2354000061750412 0.19470000267028809
-0.3232400119304657 0.23774999380111694 0.19130000472068787
-0.3248800039291382 0.23917999863624573 0.18991999328136444
-0.32631999254226685 0.24041999876499176 0.1881600022315979
-0.3275800049304962 0.24145999550819397 0.18616999685764313
-0.32912999391555786 0.24243000149726868 0.18437999486923218
-0.33098000288009644 0.24350999295711517 0.18296000361442566
-0.3328000009059906 0.2445400059223175 0.18148000538349152
-0.3348099887371063 0.245169997215271 0.18001000583171844
-0.3366200029850006 0.2458599954843521 0.17833000421524048
-0.3383300006389618 0.24693000316619873 0.17674000561237335
-0.3400999903678894 0.2480500042438507 0.17524999380111694
-0.34174999594688416 0.24899999797344208 0.17351999878883362
-0.3229599893093109 0.23444999754428864 0.19298000633716583
-0.3245199918746948 0.23573000729084015 0.1913899928331375
-0.32620999217033386 0.2371699959039688 0.19006000459194183
-0.3276999890804291 0.23845000565052032 0.18835000693798065
-0.32896000146865845 0.23949000239372253 0.18634000420570374
-0.33052000403404236 0.24045999348163605 0.18455000221729279
-0.33228999376296997 0.24145999550819397 0.18297000229358673
-0.3341900110244751 0.24252000451087952 0.1815900057554245
-0.3361400067806244 0.24310000240802765 0.18001000583171844
-0.3260299861431122 0.23387999832630157 0.19155000150203705
-0.32453998923301697 0.23267999291419983 0.19327999651432037
-0.32747000455856323 0.23512999713420868 0.18979999423027039
-0.329010009765625 0.23643000423908234 0.18817999958992004
-0.3305099904537201 0.23763999342918396 0.18645000457763672
-0.3321399986743927 0.23865999281406403 0.18472999334335327
-0.3338499963283539 0.23959000408649445 0.18302999436855316
-0.25867000222206116 0.3187899887561798 0.19799000024795532
-0.25957000255584717 0.32008999586105347 0.19593000411987305
-0.2610599994659424 0.31804001331329346 0.19810999929904938
-0.2617200016975403 0.31887000799179077 0.19572000205516815
-0.26058000326156616 0.32120001316070557 0.19381000101566315
-0.26271000504493713 0.3199099898338318 0.19352999329566956
-0.2617399990558624 0.3222399950027466 0.1917099952697754
-0.26396000385284424 0.32104000449180603 0.1915300041437149
-0.26287999749183655 0.3234800100326538 0.18970000743865967
-0.26506999135017395 0.32221999764442444 0.18949000537395477
-0.26409998536109924 0.324970006942749 0.18788999319076538
-0.2661699950695038 0.32350999116897583 0.18749000132083893
-0.2656500041484833 0.32653000950813293 0.1864600032567978
-0.267659991979599 0.32499998807907104 0.1859000027179718
-0.2629700005054474 0.31650999188423157 0.1977899968624115
-0.2636300027370453 0.3172999918460846 0.1953900009393692
-0.2646700143814087 0.318340003490448 0.19321000576019287
-0.2659200131893158 0.31946998834609985 0.19122999906539917
-0.2670600116252899 0.3206399977207184 0.18920999765396118
-0.2682799994945526 0.32203999161720276 0.18738000094890594
-0.26978999376296997 0.32350999116897583 0.18585999310016632
-0.2692300081253052 0.32670000195503235 0.1847199946641922
-0.27114999294281006 0.3250100016593933 0.18425999581813812
-0.27059999108314514 0.32850000262260437 0.18347999453544617
-0.27239999175071716 0.3267500102519989 0.18283000588417053
-0.2716499865055084 0.3304100036621094 0.18206000328063965
-0.2733199894428253 0.3285599946975708 0.18126000463962555
-0.27278000116348267 0.3320299983024597 0.1803700029850006
-0.2742899954319 0.3300800025463104 0.17941999435424805
-0.2739599943161011 0.33340999484062195 0.17850999534130096
-0.27529001235961914 0.3313499987125397 0.17741000652313232
-0.2748900055885315 0.33445999026298523 0.17632000148296356
-0.276529997587204 0.33256998658180237 0.1754699945449829
-0.2758300006389618 0.33577001094818115 0.17430000007152557
-0.27788999676704407 0.33421000838279724 0.17396000027656555
-0.27900001406669617 0.335970014333725 0.1724099963903427
-0.26377999782562256 0.3140999972820282 0.19891999661922455
-0.26464998722076416 0.31499001383781433 0.19665999710559845
-0.26568999886512756 0.3160800039768219 0.19454999268054962
-0.26684999465942383 0.31720998883247375 0.1925400048494339
-0.2680499851703644 0.31825000047683716 0.19050000607967377
-0.26930001378059387 0.31953999400138855 0.18863999843597412
-0.27052998542785645 0.32093000411987305 0.1868399977684021
-0.2719700038433075 0.322270005941391 0.18519000709056854
-0.27327999472618103 0.3237000107765198 0.18353000283241272
-0.27441999316215515 0.32534998655319214 0.18195000290870667
-0.2752299904823303 0.32708001136779785 0.18025000393390656
-0.2761499881744385 0.32853999733924866 0.17836999893188477
-0.2771899998188019 0.3298099935054779 0.17637999355793
-0.2784700095653534 0.331059992313385 0.1745000034570694
-0.27963998913764954 0.3325900137424469 0.1728000044822693
-0.2806200087070465 0.3342199921607971 0.17111000418663025
-0.27990999817848206 0.33726000785827637 0.1703599989414215
-0.2817299962043762 0.3355799913406372 0.16929000616073608
-0.28064998984336853 0.33820000290870667 0.1680700033903122
-0.28275999426841736 0.33673998713493347 0.1672700047492981
-0.281360000371933 0.33908000588417053 0.16572999954223633
-0.2837600111961365 0.33799999952316284 0.16527000069618225
-0.2824600040912628 0.3402000069618225 0.1636500060558319
-0.28488999605178833 0.3391999900341034 0.16329999268054962
-0.2837100028991699 0.3414100110530853 0.16173000633716583
-0.2860099971294403 0.3401400148868561 0.16120000183582306
-0.28477999567985535 0.3424299955368042 0.159620001912117
-0.2868500053882599 0.3409099876880646 0.15889999270439148
-0.2856700122356415 0.34365999698638916 0.15752999484539032
-0.28755998611450195 0.341949999332428 0.15666000545024872
-0.2863900065422058 0.34501999616622925 0.1554500013589859
-0.2882100045681 0.34323999285697937 0.15452000498771667
-0.2870500087738037 0.3463299870491028 0.153329998254776
-0.28905999660491943 0.344650000333786 0.15253999829292297
-0.26552000641822815 0.3126699924468994 0.19771000742912292
-0.26673999428749084 0.3138200044631958 0.19574999809265137
-0.2678700089454651 0.3150100111961365 0.193790003657341
-0.26906999945640564 0.31617000699043274 0.19186000525951385
-0.27028998732566833 0.31720998883247375 0.18985000252723694
-0.2715199887752533 0.31845998764038086 0.18796999752521515
-0.27281999588012695 0.3199099898338318 0.18628999590873718
-0.27425000071525574 0.32120001316070557 0.18463000655174255
-0.27549999952316284 0.32249999046325684 0.1828400045633316
-0.27656999230384827 0.32405999302864075 0.1811400055885315
-0.27733999490737915 0.3257400095462799 0.1793999969959259
-0.27827000617980957 0.32719001173973083 0.1775200068950653
-0.27932000160217285 0.32844001054763794 0.1755400002002716
-0.28060999512672424 0.3296799957752228 0.17369000613689423
-0.2817699909210205 0.33118999004364014 0.17196999490261078
-0.28279998898506165 0.33285000920295715 0.17031000554561615
-0.2840999960899353 0.33441999554634094 0.16878999769687653
-0.28529998660087585 0.3358500003814697 0.16708000004291534
-0.2861799895763397 0.33695000410079956 0.16495999693870544
-0.28700000047683716 0.3377099931240082 0.16267000138759613
-0.28773999214172363 0.33831000328063965 0.16031000018119812
-0.28839999437332153 0.3389500081539154 0.1579200029373169
-0.28911998867988586 0.33998000621795654 0.1556600034236908
-0.2899799942970276 0.3413600027561188 0.15363000333309174
-0.29111000895500183 0.34292998909950256 0.15192000567913055
-0.2899700105190277 0.34595000743865967 0.15052999556064606
-0.2922700047492981 0.3444400131702423 0.15023000538349152
-0.2909899950027466 0.3470599949359894 0.1484600007534027
-0.29343000054359436 0.34575000405311584 0.148389995098114
-0.292059987783432 0.3478800058364868 0.1462700068950653
-0.2946600019931793 0.3468799889087677 0.14646999537944794
-0.29315999150276184 0.3490400016307831 0.1442600041627884
-0.29572999477386475 0.3480199873447418 0.14445999264717102
-0.2940100133419037 0.3501499891281128 0.14212000370025635
-0.2966099977493286 0.3491399884223938 0.14233000576496124
-0.29719001054763794 0.34995999932289124 0.1399800032377243
-0.2947100102901459 0.3512600064277649 0.1399099975824356
-0.295740008354187 0.3522999882698059 0.13779999315738678
-0.2980799973011017 0.35076001286506653 0.1377200037240982
-0.29695001244544983 0.35308998823165894 0.13568000495433807
-0.2992199957370758 0.3513999879360199 0.13550999760627747
-0.2982400059700012 0.3538999855518341 0.13360999524593353
-0.3006199896335602 0.3523100018501282 0.1335500031709671
-0.2994000017642975 0.35503000020980835 0.13161000609397888
-0.30195000767707825 0.35374999046325684 0.13189999759197235
-0.3030500113964081 0.35521000623703003 0.1301099956035614
-0.3004699945449829 0.35638999938964844 0.12972000241279602
-0.3039500117301941 0.35631000995635986 0.12796999514102936
-0.3014099895954132 0.35760998725891113 0.12767000496387482
-0.30476999282836914 0.35728999972343445 0.1257600039243698
-0.3022400140762329 0.35861000418663025 0.12545999884605408
-0.3055900037288666 0.35830000042915344 0.12355999648571014
-0.30305999517440796 0.3596299886703491 0.123259998857975
-0.3063800036907196 0.35920000076293945 0.12131000310182571
-0.30390000343322754 0.3606700003147125 0.121069997549057
-0.30702999234199524 0.3603599965572357 0.11912000179290771
-0.3045699894428253 0.3619300127029419 0.11892999708652496
-0.26657000184059143 0.3102099895477295 0.19867999851703644
-0.26767998933792114 0.311599999666214 0.19683000445365906
-0.26892998814582825 0.3128100037574768 0.1949699968099594
-0.2700200080871582 0.3139500021934509 0.1929599940776825
-0.2712799906730652 0.3151699900627136 0.19111000001430511
-0.27257001399993896 0.31626999378204346 0.18920999765396118
-0.2737100124359131 0.3174000084400177 0.1871899962425232
-0.27504000067710876 0.3188599944114685 0.18556000292301178
-0.27647000551223755 0.3200800120830536 0.18384000658988953
-0.27779000997543335 0.3214299976825714 0.18216000497341156
-0.2788900136947632 0.32302001118659973 0.18052999675273895
-0.27963000535964966 0.32464998960494995 0.17872999608516693
-0.2805899977684021 0.32611000537872314 0.17688000202178955
-0.2816700041294098 0.327349990606308 0.174919992685318
-0.2830300033092499 0.32868000864982605 0.1732099950313568
-0.28418999910354614 0.33017000555992126 0.1714800000190735
-0.2852199971675873 0.3318299949169159 0.16982999444007874
-0.28652000427246094 0.33344998955726624 0.16835999488830566
-0.28758999705314636 0.3347100019454956 0.1664399951696396
-0.28815001249313354 0.33542001247406006 0.1640699952840805
-0.2886900007724762 0.33594000339508057 0.161640003323555
-0.2892000079154968 0.3363400101661682 0.15916000306606293
-0.28992000222206116 0.33698999881744385 0.15674999356269836
-0.2908700108528137 0.3381499946117401 0.15460999310016632
-0.29205000400543213 0.3397200107574463 0.15288999676704407
-0.2933900058269501 0.3414500057697296 0.15153999626636505
-0.29469001293182373 0.34314000606536865 0.15015999972820282
-0.29596999287605286 0.34466999769210815 0.14857999980449677
-0.2972800135612488 0.3460499942302704 0.14687000215053558
-0.2983199954032898 0.34703999757766724 0.14474999904632568
-0.2989700138568878 0.34768998622894287 0.14236000180244446
-0.29958999156951904 0.34856000542640686 0.14003999531269073
-0.30037999153137207 0.34915000200271606 0.1376899927854538
-0.301580011844635 0.34981998801231384 0.13549000024795532
-0.3031800091266632 0.3511100113391876 0.13391999900341034
-0.30452999472618103 0.35266000032424927 0.13241000473499298
-0.30559998750686646 0.3540000021457672 0.13051000237464905
-0.30647000670433044 0.3550100028514862 0.12831999361515045
-0.3072899878025055 0.35596001148223877 0.1261100023984909
-0.3081200122833252 0.35697001218795776 0.1239200010895729
-0.30897000432014465 0.3580000102519989 0.12176000326871872
-0.3096500039100647 0.35920000076293945 0.11962000280618668
-0.268779993057251 0.3091300129890442 0.19803999364376068
-0.26987001299858093 0.3105100095272064 0.19619999825954437
-0.27105000615119934 0.31165000796318054 0.194240003824234
-0.2723099887371063 0.3129799962043762 0.1924699991941452
-0.273470014333725 0.3140699863433838 0.1904900074005127
-0.27469998598098755 0.3150700032711029 0.18849000334739685
-0.2759400010108948 0.3162899911403656 0.18659000098705292
-0.2772800028324127 0.3177199959754944 0.18493999540805817
-0.2788200080394745 0.31905001401901245 0.18342000246047974
-0.2802000045776367 0.32047000527381897 0.1818699985742569
-0.28123000264167786 0.3219499886035919 0.18010999262332916
-0.28196999430656433 0.32357001304626465 0.17827999591827393
-0.28297001123428345 0.325080007314682 0.17648999392986298
-0.2841399908065796 0.32646000385284424 0.17470000684261322
-0.28547000885009766 0.3277300000190735 0.17294999957084656
-0.2865700125694275 0.32910001277923584 0.17111000418663025
-0.2875500023365021 0.3307099938392639 0.1693899929523468
-0.28876999020576477 0.3322199881076813 0.16775000095367432
-0.2895199954509735 0.33316001296043396 0.16550999879837036
-0.28988999128341675 0.3337000012397766 0.1630599945783615
-0.2903499901294708 0.33410999178886414 0.16057999432086945
-0.29102998971939087 0.3346000015735626 0.15814000368118286
-0.2918800115585327 0.3353100121021271 0.15577000379562378
-0.2930000126361847 0.33660000562667847 0.15376999974250793
-0.29436999559402466 0.33834999799728394 0.15241999924182892
-0.295740008354187 0.3401300013065338 0.15119999647140503
-0.2971299886703491 0.34191998839378357 0.1500300019979477
-0.2984499931335449 0.3434999883174896 0.14854000508785248
-0.29980000853538513 0.34490999579429626 0.14687000215053558
-0.300680011510849 0.3456200063228607 0.144569993019104
-0.30129000544548035 0.3461799919605255 0.14215999841690063
-0.3019300103187561 0.3470599949359894 0.13985000550746918
-0.302839994430542 0.34779998660087585 0.137580007314682
-0.3041499853134155 0.3486199975013733 0.1354999989271164
-0.30581000447273254 0.35008999705314636 0.13415999710559845
-0.3071900010108948 0.35172998905181885 0.13276000320911407
-0.3082599937915802 0.3529999852180481 0.13078999519348145
-0.3091000020503998 0.35394999384880066 0.12857000529766083
-0.30994999408721924 0.3549399971961975 0.1263899952173233
-0.31080999970436096 0.3560299873352051 0.124269999563694
-0.3116999864578247 0.3571699857711792 0.12217999994754791
-0.3124000132083893 0.3584100008010864 0.12008000165224075
-0.27107998728752136 0.3082999885082245 0.1974799931049347
-0.2721099853515625 0.309579998254776 0.1955299973487854
-0.27338001132011414 0.3108200132846832 0.19370999932289124
-0.2745699882507324 0.31205999851226807 0.19185000658035278
-0.27562999725341797 0.3129900097846985 0.18973000347614288
-0.27691999077796936 0.3140200078487396 0.18775999546051025
-0.2782500088214874 0.31532999873161316 0.18598000705242157
-0.27967000007629395 0.3168399930000305 0.18449999392032623
-0.28125 0.31821000576019287 0.18307000398635864
-0.28255000710487366 0.31951001286506653 0.18136000633239746
-0.2836099863052368 0.3209899961948395 0.17961999773979187
-0.2843500077724457 0.32260000705718994 0.1777999997138977
-0.2853899896144867 0.324180006980896 0.17609000205993652
-0.28659000992774963 0.3256100118160248 0.1743900030851364
-0.287880003452301 0.32679998874664307 0.17256000638008118
-0.2889699935913086 0.32813000679016113 0.17069999873638153
-0.28992998600006104 0.3296700119972229 0.16892999410629272
-0.2909199893474579 0.33090999722480774 0.1669600009918213
-0.2912999987602234 0.33145999908447266 0.16450999677181244
-0.2916800081729889 0.3319700062274933 0.16204999387264252
-0.29225000739097595 0.3324500024318695 0.15960000455379486
-0.29300999641418457 0.3329800069332123 0.15715999901294708
-0.294189989566803 0.333979994058609 0.15503999590873718
-0.2954300045967102 0.3354099988937378 0.1532599925994873
-0.29670000076293945 0.33708998560905457 0.15175999701023102
-0.2980799973011017 0.3388800024986267 0.1505800038576126
-0.2994599938392639 0.3406299948692322 0.1493699997663498
-0.3008500039577484 0.3422600030899048 0.14800000190734863
-0.30212000012397766 0.3435400128364563 0.14618000388145447
-0.3029699921607971 0.34422001242637634 0.1438799947500229
-0.30379998683929443 0.3450700044631958 0.14162999391555786
-0.3045400083065033 0.34610000252723694 0.1394300013780594
-0.3054800033569336 0.3468700051307678 0.13718999922275543
-0.3068999946117401 0.34793999791145325 0.13531999289989471
-0.30856001377105713 0.34940001368522644 0.13402000069618225
-0.30994001030921936 0.35095998644828796 0.13255000114440918
-0.3109999895095825 0.3522000014781952 0.13059000670909882
-0.3118700087070465 0.3532400131225586 0.1284399926662445
-0.31273001432418823 0.35427001118659973 0.1262899935245514
-0.3136099874973297 0.3553699851036072 0.12419000267982483
-0.3145599961280823 0.3567200005054474 0.12225999683141708
-0.2723900079727173 0.30605000257492065 0.19912999868392944
-0.2733300030231476 0.3072899878025055 0.1971299946308136
-0.27437999844551086 0.30855000019073486 0.19518999755382538
-0.2755799889564514 0.30967000126838684 0.19325999915599823
-0.27665001153945923 0.3107199966907501 0.1912200003862381
-0.2778500020503998 0.3117699921131134 0.1892399936914444
-0.27921000123023987 0.3128899931907654 0.18738000094890594
-0.2805599868297577 0.31422001123428345 0.18564000725746155
-0.28200000524520874 0.31575000286102295 0.18422000110149384
-0.28352001309394836 0.31703001260757446 0.18267999589443207
-0.28485000133514404 0.31832998991012573 0.18100999295711517
-0.2859100103378296 0.31981000304222107 0.1792600005865097
-0.2867000102996826 0.32148000597953796 0.17753000557422638
-0.28769001364707947 0.3229700028896332 0.17573000490665436
-0.2888700067996979 0.3243800103664398 0.1740099936723709
-0.2902100086212158 0.3256300091743469 0.1722699999809265
-0.2912899851799011 0.3269500136375427 0.17041000723838806
-0.2921299934387207 0.3283100128173828 0.16846999526023865
-0.2927800118923187 0.3291800022125244 0.16620999574661255
-0.29322001338005066 0.3297399878501892 0.16380000114440918
-0.29366999864578247 0.3302899897098541 0.1613599956035614
-0.2942799925804138 0.33076000213623047 0.15889999270439148
-0.2952899932861328 0.33153000473976135 0.15661999583244324
-0.29660001397132874 0.332720011472702 0.15470999479293823
-0.2978900074958801 0.33425000309944153 0.15310999751091003
-0.2991099953651428 0.3358199894428253 0.15151000022888184
-0.3003999888896942 0.33750998973846436 0.15011000633239746
-0.3016799986362457 0.3391599953174591 0.14869000017642975
-0.3030399978160858 0.34073999524116516 0.14725999534130096
-0.3042300045490265 0.34193000197410583 0.1453700065612793
-0.305510014295578 0.34314998984336853 0.14354999363422394
-0.3065600097179413 0.3445099890232086 0.14168000221252441
-0.30730000138282776 0.3455600142478943 0.13946999609470367
-0.3082199990749359 0.3462199866771698 0.13718999922275543
-0.3096500039100647 0.34731000661849976 0.13537999987602234
-0.31130000948905945 0.3486799895763397 0.13402000069618225
-0.3127000033855438 0.35023000836372375 0.13255999982357025
-0.3137800097465515 0.351529985666275 0.13062000274658203
-0.3146600127220154 0.352539986371994 0.12846000492572784
-0.3155199885368347 0.353549987077713 0.1263200044631958
-0.316430002450943 0.354779988527298 0.12431000173091888
-0.3174099922180176 0.3561500012874603 0.12240999937057495
-0.2745499908924103 0.30485999584198 0.19889000058174133
-0.275409996509552 0.30594000220298767 0.1967500001192093
-0.2765499949455261 0.3072800040245056 0.19491000473499298
-0.27783000469207764 0.30847999453544617 0.19311000406742096
-0.27897998690605164 0.3096100091934204 0.1911800056695938
-0.28022000193595886 0.31073999404907227 0.18930000066757202
-0.2815600037574768 0.31178000569343567 0.1873999983072281
-0.28290998935699463 0.31310999393463135 0.18568000197410583
-0.2843100130558014 0.3145799934864044 0.18419000506401062
-0.28578001260757446 0.3157300055027008 0.18251000344753265
-0.28714001178741455 0.3170500099658966 0.18084999918937683
-0.28828001022338867 0.31867000460624695 0.17928999662399292
-0.2890700101852417 0.3203299939632416 0.1775899976491928
-0.28999000787734985 0.32168999314308167 0.17566999793052673
-0.29117000102996826 0.32311999797821045 0.17396000027656555
-0.2924700081348419 0.3243100047111511 0.17217999696731567
-0.2934400141239166 0.3254700005054474 0.17017999291419983
-0.29409998655319214 0.32662999629974365 0.16805000603199005
-0.2947399914264679 0.32745999097824097 0.1657799929380417
-0.2952600121498108 0.3280799984931946 0.16338999569416046
-0.295879989862442 0.32879000902175903 0.1610500067472458
-0.29660001397132874 0.3293600082397461 0.15865999460220337
-0.29771000146865845 0.330269992351532 0.15650999546051025
-0.2990500032901764 0.33153000473976135 0.15473000705242157
-0.30024001002311707 0.3329100012779236 0.15296000242233276
-0.3014799952507019 0.3345000147819519 0.15142999589443207
-0.30270999670028687 0.33608001470565796 0.14990000426769257
-0.3039099872112274 0.33761000633239746 0.1482899934053421
-0.30511999130249023 0.3390499949455261 0.14659999310970306
-0.30651000142097473 0.3403800129890442 0.14497999846935272
-0.3080100119113922 0.3418099880218506 0.14351999759674072
-0.3091700077056885 0.34334999322891235 0.1418199986219406
-0.3099200129508972 0.3445200026035309 0.13966000080108643
-0.31088998913764954 0.3453800082206726 0.1375100016593933
-0.3122999966144562 0.3463599979877472 0.13569000363349915
-0.31393998861312866 0.34762001037597656 0.13425999879837036
-0.3153499960899353 0.3491399884223938 0.1327899992465973
-0.3164899945259094 0.3505299985408783 0.1309400051832199
-0.3173600137233734 0.3515700101852417 0.12878000736236572
-0.3182699978351593 0.3526799976825714 0.12671999633312225
-0.31918999552726746 0.35381999611854553 0.12469000369310379
-0.3202100098133087 0.35503000020980835 0.1226700022816658
-0.2765499949455261 0.3034000098705292 0.19869999587535858
-0.277539998292923 0.3046000003814697 0.1966799944639206
-0.2787800133228302 0.30608999729156494 0.19505000114440918
-0.2801100015640259 0.3073999881744385 0.1933699995279312
-0.28134000301361084 0.30875998735427856 0.1916700005531311
-0.2825799882411957 0.30987000465393066 0.18979999423027039
-0.2839300036430359 0.3108299970626831 0.18788999319076538
-0.28527000546455383 0.3120900094509125 0.18615999817848206
-0.28661999106407166 0.31338998675346375 0.18448999524116516
-0.288129985332489 0.3144899904727936 0.18279999494552612
-0.28951001167297363 0.3158299922943115 0.18118000030517578
-0.2906000018119812 0.317440003156662 0.17959000170230865
-0.29139000177383423 0.31916001439094543 0.17795999348163605
-0.2923099994659424 0.320499986410141 0.1760600060224533
-0.2933799922466278 0.3217099905014038 0.1741500049829483
-0.29455000162124634 0.32273000478744507 0.17219999432563782
-0.2953000068664551 0.3236300051212311 0.1699800044298172
-0.295879989862442 0.32471001148223877 0.16779999434947968
-0.296640008687973 0.3256399929523468 0.16559000313282013
-0.29732000827789307 0.32642000913619995 0.16329999268054962
-0.2980400025844574 0.3272300064563751 0.16102999448776245
-0.298909991979599 0.328000009059906 0.15877999365329742
-0.3000600039958954 0.3289699852466583 0.15674999356269836
-0.3013400137424469 0.33011001348495483 0.15489999949932098
-0.30246999859809875 0.33138999342918396 0.15304000675678253
-0.303600013256073 0.332830011844635 0.15131999552249908
-0.3047800064086914 0.3343200087547302 0.14967000484466553
-0.30583998560905457 0.33570998907089233 0.1478700041770935
-0.30682000517845154 0.33698999881744385 0.14594000577926636
-0.30814000964164734 0.3382599949836731 0.1442199945449829
-0.3096500039100647 0.3396199941635132 0.14273999631404877
-0.3110100030899048 0.3411700129508972 0.14125999808311462
-0.31200000643730164 0.34257999062538147 0.13941000401973724
-0.31314998865127563 0.34369999170303345 0.13747000694274902
-0.31474000215530396 0.3449299931526184 0.13596999645233154
-0.31641000509262085 0.34619998931884766 0.1345899999141693
-0.3178600072860718 0.34766000509262085 0.13307000696659088
-0.3190000057220459 0.3489300012588501 0.13113999366760254
-0.3199999928474426 0.3500699996948242 0.12907999753952026
-0.3209500014781952 0.3510800004005432 0.1269499957561493
-0.32183000445365906 0.3520199954509735 0.12476000189781189
-0.3224000036716461 0.3527500033378601 0.122359998524189
-0.2786400020122528 0.3020299971103668 0.1984899938106537
-0.2797600030899048 0.3034299910068512 0.19670000672340393
-0.2810400128364563 0.3050000071525574 0.19519999623298645
-0.28248998522758484 0.3066299855709076 0.19393999874591827
-0.28367000818252563 0.3079099953174591 0.1921200007200241
-0.28494998812675476 0.3091199994087219 0.19033999741077423
-0.2863500118255615 0.3103399872779846 0.18865999579429626
-0.28769001364707947 0.3115899860858917 0.18695999681949615
-0.28905001282691956 0.3127399981021881 0.18520000576972961
-0.29058998823165894 0.31396999955177307 0.18365000188350677
-0.291949987411499 0.3154500126838684 0.1821800023317337
-0.29300999641418457 0.3165600001811981 0.18019999563694
-0.2937299907207489 0.31808000802993774 0.17833000421524048
-0.29464998841285706 0.31940001249313354 0.17644000053405762
-0.29561999440193176 0.32038000226020813 0.1743600070476532
-0.2965199947357178 0.32100000977516174 0.17212000489234924
-0.29708999395370483 0.3217200040817261 0.16978000104427338
-0.29760000109672546 0.32273000478744507 0.1675499975681305
-0.2983500063419342 0.3236500024795532 0.16534000635147095
-0.2990800142288208 0.32447001338005066 0.16309000551700592
-0.299919992685318 0.32537001371383667 0.16089999675750732
-0.30101001262664795 0.3263700008392334 0.15886999666690826
-0.3022400140762329 0.3274199962615967 0.15695999562740326
-0.3034200072288513 0.3284200131893158 0.15499000251293182
-0.3044399917125702 0.3295699954032898 0.15300999581813812
-0.3054800033569336 0.33090001344680786 0.15116000175476074
-0.3064199984073639 0.33219000697135925 0.14924000203609467
-0.3071799874305725 0.33340001106262207 0.14719000458717346
-0.3078800141811371 0.3345699906349182 0.14507000148296356
-0.3088200092315674 0.33577999472618103 0.1430400013923645
-0.31011998653411865 0.33715999126434326 0.14131000638008118
-0.3116599917411804 0.3386699855327606 0.13999000191688538
-0.31321001052856445 0.3401400148868561 0.13867999613285065
-0.3148899972438812 0.3414900004863739 0.13739000260829926
-0.31668999791145325 0.3428199887275696 0.13621999323368073
-0.3185400068759918 0.3440900146961212 0.13495999574661255
-0.3199999928474426 0.3454200029373169 0.13324999809265137
-0.32082000374794006 0.34648001194000244 0.13101999461650848
-0.32120999693870544 0.34731999039649963 0.12862999737262726
-0.3216499984264374 0.3481299877166748 0.1262899935245514
-0.3221699893474579 0.3489699959754944 0.123989999294281
-0.32249999046325684 0.3497599959373474 0.121629998087883
-0.2817699909210205 0.3019700050354004 0.19697000086307526
-0.28064000606536865 0.300570011138916 0.19875000417232513
-0.2830199897289276 0.30349001288414 0.19541999697685242
-0.2844200134277344 0.30498000979423523 0.19397999346256256
-0.28571999073028564 0.3064799904823303 0.19246000051498413
-0.28707998991012573 0.3078800141811371 0.19089999794960022
-0.28852999210357666 0.3093799948692322 0.18953000009059906
-0.28988999128341675 0.31073999404907227 0.18794000148773193
-0.2912600040435791 0.3120799958705902 0.1863500028848648
-0.29280000925064087 0.3134100139141083 0.18490999937057495
-0.29423001408576965 0.31481999158859253 0.1834000051021576
-0.2953000068664551 0.3158299922943115 0.18133999407291412
-0.29583001136779785 0.31672999262809753 0.1790499985218048
-0.29662999510765076 0.31779998540878296 0.17693999409675598
-0.2974199950695038 0.3185200095176697 0.17468999326229095
-0.29820001125335693 0.3190099895000458 0.17237000167369843
-0.2987099885940552 0.3196600079536438 0.17001000046730042
-0.29912999272346497 0.320609986782074 0.16774000227451324
-0.299780011177063 0.3214400112628937 0.16547000408172607
-0.30039000511169434 0.32218998670578003 0.16315999627113342
-0.30118998885154724 0.3230699896812439 0.1609400063753128
-0.3023500144481659 0.32409000396728516 0.15895000100135803
-0.3036800026893616 0.32517001032829285 0.1571200042963028
-0.30491000413894653 0.326200008392334 0.15522000193595886
-0.3059000074863434 0.32732000946998596 0.1532299965620041
-0.3066900074481964 0.3284899890422821 0.15116000175476074
-0.30750998854637146 0.3297100067138672 0.14913000166416168
-0.3083899915218353 0.3309299945831299 0.14714999496936798
-0.3090200126171112 0.3320100009441376 0.1449899971485138
-0.30981001257896423 0.33309999108314514 0.14284999668598175
-0.31095999479293823 0.3344399929046631 0.14097000658512115
-0.3124600052833557 0.335999995470047 0.13961000740528107
-0.3140600025653839 0.3375000059604645 0.13837000727653503
-0.31582000851631165 0.3388499915599823 0.13720999658107758
-0.31762999296188354 0.3400900065898895 0.13596999645233154
-0.3191800117492676 0.3412100076675415 0.13431000709533691
-0.3203200101852417 0.3424699902534485 0.1324400007724762
-0.3211199939250946 0.3435800075531006 0.13030999898910522
-0.3216800093650818 0.3445099890232086 0.12804000079631805
-0.3218100070953369 0.3453199863433838 0.1256600022315979
-0.32168999314308167 0.34613001346588135 0.12324000149965286
-0.32218998670578003 0.34689000248908997 0.12090999633073807
-0.2838299870491028 0.3005799949169159 0.19711999595165253
-0.28271999955177307 0.29923000931739807 0.19892999529838562
-0.28505998849868774 0.30202001333236694 0.1954900026321411
-0.2863300144672394 0.3033500015735626 0.19380000233650208
-0.28760001063346863 0.3048200011253357 0.1922300010919571
-0.28909000754356384 0.3063499927520752 0.1909399926662445
-0.2906300127506256 0.3078700006008148 0.1896599978208542
-0.2919999957084656 0.30924999713897705 0.18810999393463135
-0.29354000091552734 0.3108200132846832 0.18692000210285187
-0.29517000913619995 0.31220000982284546 0.18556000292301178
-0.2964099943637848 0.3132599890232086 0.18358999490737915
-0.29743000864982605 0.3142400085926056 0.18151000142097473
-0.2978399991989136 0.31509000062942505 0.17916999757289886
-0.2983799874782562 0.3158699870109558 0.1768600046634674
-0.2990899980068207 0.31652000546455383 0.17455999553203583
-0.299919992685318 0.31703001260757446 0.1722699999809265
-0.3004299998283386 0.31766998767852783 0.16991999745368958
-0.3007200062274933 0.3185099959373474 0.16760000586509705
-0.30107998847961426 0.31916001439094543 0.1652200073003769
-0.3015100061893463 0.31981000304222107 0.1628199964761734
-0.30230000615119934 0.32069000601768494 0.16058999300003052
-0.3034200072288513 0.32168999314308167 0.15857000648975372
-0.30487000942230225 0.32276999950408936 0.15682999789714813
-0.3063899874687195 0.3238700032234192 0.15514999628067017
-0.30730998516082764 0.3249799907207489 0.15307000279426575
-0.3078500032424927 0.3260599970817566 0.15086999535560608
-0.3087399899959564 0.3273000121116638 0.14889000356197357
-0.3100000023841858 0.3286699950695038 0.14722000062465668
-0.3107999861240387 0.3298499882221222 0.1451600044965744
-0.31165000796318054 0.3309600055217743 0.14308999478816986
-0.3127099871635437 0.3322100043296814 0.14117999374866486
-0.3139599859714508 0.3336299955844879 0.13951000571250916
-0.3154599964618683 0.33507999777793884 0.13811999559402466
-0.31696999073028564 0.3363499939441681 0.13658000528812408
-0.3182399868965149 0.3375599980354309 0.1348000019788742
-0.3191800117492676 0.3387399911880493 0.13279999792575836
-0.32012999057769775 0.34000998735427856 0.13087999820709229
-0.3210099935531616 0.3410800099372864 0.12883000075817108
-0.32148000597953796 0.34196001291275024 0.12657000124454498
-0.3217799961566925 0.34272000193595886 0.12419000267982483
-0.32249000668525696 0.34356001019477844 0.12193000316619873
-0.32322001457214355 0.34435999393463135 0.11969000101089478
-0.28485000133514404 0.29798999428749084 0.19874000549316406
-0.28602999448776245 0.2994000017642975 0.19705000519752502
-0.2872599959373474 0.3008100092411041 0.19539999961853027
-0.2884100079536438 0.30197998881340027 0.19351999461650848
-0.28953999280929565 0.30329999327659607 0.19172999262809753
-0.29089000821113586 0.30472999811172485 0.19019000232219696
-0.2921200096607208 0.30608001351356506 0.18849000334739685
-0.2936199903488159 0.30750998854637146 0.18708999454975128
-0.2952300012111664 0.3090200126171112 0.1859399974346161
-0.296860009431839 0.31033000349998474 0.18456000089645386
-0.2981700003147125 0.3114599883556366 0.1827699989080429
-0.2991900146007538 0.31244999170303345 0.1807200014591217
-0.299560010433197 0.31327998638153076 0.1783899962902069
-0.30017998814582825 0.31411999464035034 0.1761299967765808
-0.30098000168800354 0.3148399889469147 0.17387999594211578
-0.301829993724823 0.3153499960899353 0.1716099977493286
-0.3023900091648102 0.31602999567985535 0.16929000616073608
-0.3024500012397766 0.31665998697280884 0.1668899953365326
-0.30243998765945435 0.3170500099658966 0.1644199937582016
-0.30285999178886414 0.3176800012588501 0.1620199978351593
-0.3035599887371063 0.31850001215934753 0.1597599983215332
-0.30445000529289246 0.31942999362945557 0.1576099991798401
-0.3057299852371216 0.32047000527381897 0.1557299941778183
-0.30695000290870667 0.32152000069618225 0.15383000671863556
-0.3079099953174591 0.3226200044155121 0.15183000266551971
-0.30869999527931213 0.32374998927116394 0.1497499942779541
-0.30994999408721924 0.3250400125980377 0.14799000322818756
-0.31134000420570374 0.3264000117778778 0.14643999934196472
-0.31262001395225525 0.3277899920940399 0.1448100060224533
-0.31352999806404114 0.32899999618530273 0.1428000032901764
-0.31457000970840454 0.3302200138568878 0.14090999960899353
-0.3155899941921234 0.33145999908447266 0.1390099972486496
-0.31657999753952026 0.3327299952507019 0.1370999962091446
-0.3174799978733063 0.33392998576164246 0.13512000441551208
-0.3184100091457367 0.33515000343322754 0.13314999639987946
-0.31953001022338867 0.3362799882888794 0.13120999932289124
-0.3206599950790405 0.33750998973846436 0.12939999997615814
-0.3215799927711487 0.33855000138282776 0.12740999460220337
-0.32236000895500183 0.33945998549461365 0.12524999678134918
-0.3231399953365326 0.34033000469207764 0.12303999811410904
-0.32405999302864075 0.34126999974250793 0.12093999981880188
-0.3247799873352051 0.3420799970626831 0.11872000247240067
-0.2859799861907959 0.2959499955177307 0.19981999695301056
-0.28711000084877014 0.29725998640060425 0.1980299949645996
-0.28832000494003296 0.2986699938774109 0.19638000428676605
-0.2894600033760071 0.29993000626564026 0.19458000361919403
-0.29050999879837036 0.30098000168800354 0.19258999824523926
-0.29162999987602234 0.3022800087928772 0.1907999962568283
-0.29269999265670776 0.3034999966621399 0.1889200061559677
-0.293969988822937 0.3048500120639801 0.18724000453948975
-0.2955099940299988 0.3062700033187866 0.18591000139713287
-0.29701998829841614 0.3077400028705597 0.1846199929714203
-0.2985599935054779 0.3089900016784668 0.18314999341964722
-0.2999800145626068 0.3101100027561188 0.18150000274181366
-0.3010900020599365 0.3111400008201599 0.17955000698566437
-0.3015899956226349 0.3120500147342682 0.1773100048303604
-0.3021399974822998 0.3128100037574768 0.1750199943780899
-0.3028999865055084 0.3134799897670746 0.1727599948644638
-0.30403000116348267 0.31422001123428345 0.17065000534057617
-0.30449000000953674 0.31477999687194824 0.1682399958372116
-0.3040899932384491 0.3149299919605255 0.16575999557971954
-0.3039200007915497 0.3151800036430359 0.1633100062608719
-0.3040100038051605 0.3156200051307678 0.16085000336170197
-0.30449000000953674 0.3163500130176544 0.1585099995136261
-0.3053399920463562 0.3172599971294403 0.15633000433444977
-0.306549996137619 0.31828999519348145 0.1544100046157837
-0.30768001079559326 0.3193199932575226 0.1524599939584732
-0.3086099922657013 0.32041001319885254 0.1504400074481964
-0.3095700144767761 0.32155001163482666 0.14845000207424164
-0.3108200132846832 0.3228200078010559 0.14669999480247498
-0.3121599853038788 0.3241499960422516 0.14509999752044678
-0.31358999013900757 0.3255000114440918 0.1436000019311905
-0.31499001383781433 0.32681000232696533 0.14202000200748444
-0.3162199854850769 0.32809001207351685 0.14027999341487885
-0.31707999110221863 0.329259991645813 0.13827000558376312
-0.3178499937057495 0.3304100036621094 0.13620999455451965
-0.3187299966812134 0.33153998851776123 0.1341799944639206
-0.3197599947452545 0.332720011472702 0.13222000002861023
-0.321150004863739 0.3339200019836426 0.1305299997329712
-0.32234999537467957 0.33518001437187195 0.1287900060415268
-0.3233799934387207 0.33625999093055725 0.12685999274253845
-0.3241499960422516 0.3371799886226654 0.12472999840974808
-0.3249399960041046 0.33807000517845154 0.12256000190973282
-0.3257099986076355 0.3389599919319153 0.12037999927997589
-0.32642000913619995 0.3397600054740906 0.11816000193357468
-0.2881700098514557 0.29497000575065613 0.1992499977350235
-0.2893199920654297 0.29627999663352966 0.19749000668525696
-0.2903999984264374 0.2975099980831146 0.19564999639987946
-0.2913999855518341 0.29861998558044434 0.1936900019645691
-0.29256999492645264 0.29976001381874084 0.19185000658035278
-0.2936500012874603 0.3009899854660034 0.1899999976158142
-0.29467999935150146 0.30215999484062195 0.1880899965763092
-0.29596999287605286 0.30349001288414 0.18644000589847565
-0.2975099980831146 0.3048900067806244 0.18512000143527985
-0.2990100085735321 0.3063400089740753 0.18379999697208405
-0.300570011138916 0.30757999420166016 0.1823599934577942
-0.3022100031375885 0.3088800013065338 0.18106000125408173
-0.3034000098705292 0.31000998616218567 0.17915000021457672
-0.3036400079727173 0.31057998538017273 0.17673000693321228
-0.3039900064468384 0.31112000346183777 0.17434999346733093
-0.304610013961792 0.3116700053215027 0.17204000055789948
-0.30577999353408813 0.31231001019477844 0.16990000009536743
-0.3062100112438202 0.31279999017715454 0.1674100011587143
-0.3054099977016449 0.31279999017715454 0.16496999561786652
-0.3049300014972687 0.3128800094127655 0.16253000497817993
-0.30515000224113464 0.3133600056171417 0.16008999943733215
-0.3056800067424774 0.31407999992370605 0.15775999426841736
-0.30643001198768616 0.3149299919605255 0.1555500030517578
-0.3073900043964386 0.3159100115299225 0.15349000692367554
-0.30823999643325806 0.31689000129699707 0.15139000117778778
-0.30924999713897705 0.31797999143600464 0.14940999448299408
-0.3104099929332733 0.31911998987197876 0.14754000306129456
-0.3115299940109253 0.320360004901886 0.14571000635623932
-0.31283000111579895 0.3216800093650818 0.14406000077724457
-0.31426000595092773 0.32302001118659973 0.1425500065088272
-0.3156999945640564 0.324319988489151 0.14103999733924866
-0.3169099986553192 0.3255699872970581 0.13931000232696533
-0.31812000274658203 0.3267900049686432 0.13755999505519867
-0.31929999589920044 0.32806000113487244 0.13580000400543213
-0.32027000188827515 0.3291899859905243 0.1338299959897995
-0.32144999504089355 0.33041998744010925 0.13202999532222748
-0.3227500021457672 0.3315800130367279 0.13029000163078308
-0.32396000623703003 0.332830011844635 0.1285499930381775
-0.32528001070022583 0.33410999178886414 0.12690000236034393
-0.32631999254226685 0.3352400064468384 0.12496999651193619
-0.3266800045967102 0.33577999472618103 0.12256000190973282
-0.3272700011730194 0.33654001355171204 0.12027999758720398
-0.32815998792648315 0.33744001388549805 0.11813999712467194
-0.28929001092910767 0.2927500009536743 0.20062999427318573
-0.29027000069618225 0.29381000995635986 0.19864000380039215
-0.2913999855518341 0.29506999254226685 0.19686999917030334
-0.2922999858856201 0.29611000418663025 0.1948300004005432
-0.2932699918746948 0.2971799969673157 0.1928499937057495
-0.2944299876689911 0.29829999804496765 0.19099000096321106
-0.29541999101638794 0.2994599938392639 0.1890600025653839
-0.2966200113296509 0.300709992647171 0.1873299926519394
-0.29798001050949097 0.30206000804901123 0.18579000234603882
-0.2994700074195862 0.3034200072288513 0.1844100058078766
-0.3010300099849701 0.30487000942230225 0.18321000039577484
-0.3027699887752533 0.30623000860214233 0.18213999271392822
-0.3045499920845032 0.30764999985694885 0.1810300052165985
-0.30570998787879944 0.3087100088596344 0.1788800060749054
-0.3054499924182892 0.30875998735427856 0.176269993185997
-0.30542001128196716 0.3089999854564667 0.17382000386714935
-0.30564001202583313 0.3093700110912323 0.17139999568462372
-0.3061099946498871 0.3097899854183197 0.16902999579906464
-0.30643001198768616 0.31022000312805176 0.16662999987602234
-0.30601999163627625 0.3103500008583069 0.1641799956560135
-0.30614998936653137 0.3106899857521057 0.16171999275684357
-0.30647000670433044 0.31119000911712646 0.15931999683380127
-0.30702999234199524 0.31189998984336853 0.1570100039243698
-0.3077700138092041 0.31273001432418823 0.15481999516487122
-0.3084700107574463 0.31360000371932983 0.15262000262737274
-0.3093700110912323 0.3145799934864044 0.15052999556064606
-0.3105100095272064 0.3156900107860565 0.14865000545978546
-0.31169000267982483 0.31683000922203064 0.14681999385356903
-0.3128800094127655 0.31804999709129333 0.14505000412464142
-0.31415998935699463 0.3193399906158447 0.14338000118732452
-0.3156599998474121 0.3206999897956848 0.14198000729084015
-0.31703999638557434 0.32197999954223633 0.14042000472545624
-0.3181299865245819 0.32319000363349915 0.13856999576091766
-0.319379985332489 0.32440999150276184 0.13684000074863434
-0.32069000601768494 0.3257000148296356 0.13521000742912292
-0.32196998596191406 0.32697001099586487 0.13356000185012817
-0.32328000664711 0.32826998829841614 0.13194000720977783
-0.3246000111103058 0.3294000029563904 0.1302099972963333
-0.32569000124931335 0.3305799961090088 0.12835000455379486
-0.3270399868488312 0.3318699896335602 0.1267399936914444
-0.328220009803772 0.33305999636650085 0.12488999962806702
-0.32850998640060425 0.33359000086784363 0.12246000021696091
-0.3290500044822693 0.33428001403808594 0.12015999853610992
-0.3298099935054779 0.33507999777793884 0.11795999854803085
-0.2909899950027466 0.29124999046325684 0.199630007147789
-0.29221999645233154 0.2924700081348419 0.1978899985551834
-0.29322999715805054 0.2936300039291382 0.19598999619483948
-0.29401999711990356 0.29458001255989075 0.19386999309062958
-0.29506999254226685 0.2956799864768982 0.1919499933719635
-0.29613998532295227 0.2967199981212616 0.19001999497413635
-0.29725000262260437 0.2979399859905243 0.18820999562740326
-0.2984899878501892 0.29919999837875366 0.18651999533176422
-0.29989001154899597 0.30055001378059387 0.18503999710083008
-0.30142998695373535 0.30191999673843384 0.18374000489711761
-0.30309000611305237 0.3033899962902069 0.18272000551223755
-0.30493998527526855 0.30476000905036926 0.18184000253677368
-0.30671998858451843 0.3061099946498871 0.18052999675273895
-0.307559996843338 0.3068999946117401 0.17810000479221344
-0.30726999044418335 0.30702000856399536 0.1755400002002716
-0.3068599998950958 0.30695000290870667 0.17312000691890717
-0.30671998858451843 0.30709999799728394 0.17067000269889832
-0.3068000078201294 0.30737000703811646 0.1682399958372116
-0.30702000856399536 0.3077700138092041 0.16583000123500824
-0.3073199987411499 0.3081600069999695 0.16344000399112701
-0.30755001306533813 0.30855000019073486 0.16103999316692352
-0.3079499900341034 0.30908000469207764 0.15866999328136444
-0.3085800111293793 0.30981001257896423 0.15640999376773834
-0.30910998582839966 0.3105100095272064 0.15411999821662903
-0.30976998805999756 0.31132999062538147 0.15188999474048615
-0.3107599914073944 0.3123300075531006 0.14986999332904816
-0.3119100034236908 0.31345999240875244 0.1480100005865097
-0.3131900131702423 0.31463000178337097 0.14628000557422638
-0.31450000405311584 0.3158800005912781 0.1446399986743927
-0.31578999757766724 0.3171499967575073 0.14298999309539795
-0.31718000769615173 0.31845998764038086 0.14147000014781952
-0.31839999556541443 0.31968000531196594 0.13973000645637512
-0.31960999965667725 0.3209100067615509 0.1379999965429306
-0.3210099935531616 0.32218000292778015 0.1364399939775467
-0.32253000140190125 0.3235799968242645 0.13512000441551208
-0.32396000623703003 0.32495999336242676 0.13366000354290009
-0.3249399960041046 0.32600998878479004 0.13165999948978424
-0.3258399963378906 0.32690000534057617 0.1295499950647354
-0.3270300030708313 0.32813000679016113 0.1277800053358078
-0.32839998602867126 0.3294000029563904 0.12620000541210175
-0.3294300138950348 0.3305000066757202 0.12427999824285507
-0.3301999866962433 0.33129000663757324 0.12212000042200089
-0.3309600055217743 0.3321300148963928 0.1199600026011467
-0.33177998661994934 0.33296000957489014 0.11781000345945358
-0.2915399968624115 0.28859999775886536 0.20024000108242035
-0.2927800118923187 0.28988999128341675 0.19859999418258667
-0.2939999997615814 0.2910900115966797 0.19686000049114227
-0.29490000009536743 0.29214999079704285 0.1948699951171875
-0.29585000872612 0.293179988861084 0.19288000464439392
-0.29684001207351685 0.2942200005054474 0.1909099966287613
-0.298009991645813 0.29530999064445496 0.18907999992370605
-0.2992100119590759 0.2965799868106842 0.18738999962806702
-0.30052000284194946 0.2978599965572357 0.18579000234603882
-0.30195000767707825 0.2992100119590759 0.18435999751091003
-0.3034000098705292 0.3005099892616272 0.1829099953174591
-0.3050299882888794 0.301939994096756 0.18182000517845154
-0.3068000078201294 0.30327001214027405 0.18073999881744385
-0.30831000208854675 0.3044799864292145 0.1790899932384491
-0.3089599907398224 0.30511999130249023 0.1766500025987625
-0.3084700107574463 0.3051399886608124 0.17416000366210938
-0.3080100119113922 0.30504998564720154 0.17175999283790588
-0.30799001455307007 0.3052400052547455 0.1693200021982193
-0.30820998549461365 0.30557000637054443 0.166920006275177
-0.308459997177124 0.3059700131416321 0.16452999413013458
-0.3087800145149231 0.30636999011039734 0.16214999556541443
-0.30908000469207764 0.3068000078201294 0.15976999700069427
-0.3096199929714203 0.3073900043964386 0.1574700027704239
-0.3101100027561188 0.3080100119113922 0.15515999495983124
-0.31080999970436096 0.3087800145149231 0.1529500037431717
-0.3116599917411804 0.309689998626709 0.15084999799728394
-0.31262001395225525 0.3106499910354614 0.14881999790668488
-0.3138200044631958 0.31178998947143555 0.14702999591827393
-0.3150799870491028 0.31294000148773193 0.1453000009059906
-0.3162600100040436 0.31411999464035034 0.14351999759674072
-0.3176000118255615 0.3153800070285797 0.1419299989938736
-0.31891000270843506 0.3166300058364868 0.14031000435352325
-0.3202199935913086 0.3178800046443939 0.13868999481201172
-0.32150998711586 0.31911998987197876 0.13704000413417816
-0.32304999232292175 0.3204500079154968 0.13570000231266022
-0.32462000846862793 0.32183998823165894 0.13447000086307526
-0.32600998878479004 0.32315999269485474 0.13293999433517456
-0.32697999477386475 0.3241899907588959 0.13095000386238098
-0.32791998982429504 0.3250499963760376 0.12886999547481537
-0.32903000712394714 0.32620999217033386 0.12703000009059906
-0.3301199972629547 0.327349990606308 0.12519000470638275
-0.3313100039958954 0.32850998640060425 0.12341000139713287
-0.3324100077152252 0.3295300006866455 0.12148000299930573
-0.33309999108314514 0.3303300142288208 0.11928000301122665
-0.2930299937725067 0.2869499921798706 0.19916999340057373
-0.2944500148296356 0.28828999400138855 0.197720006108284
-0.29565000534057617 0.28946998715400696 0.19596999883651733
-0.29662999510765076 0.2905699908733368 0.19404000043869019
-0.2976900041103363 0.2916499972343445 0.1921599954366684
-0.29879000782966614 0.2927500009536743 0.19030000269412994
-0.30004000663757324 0.2939000129699707 0.18856999278068542
-0.3012399971485138 0.2951500117778778 0.18688000738620758
-0.3025699853897095 0.29642999172210693 0.18532000482082367
-0.3038899898529053 0.29767999053001404 0.18373000621795654
-0.3052099943161011 0.29888999462127686 0.18208999931812286
-0.30682000517845154 0.30031999945640564 0.1809699982404709
-0.3084700107574463 0.3016299903392792 0.1796800047159195
-0.30956000089645386 0.3026899993419647 0.17767000198364258
-0.30974000692367554 0.3030500113964081 0.17520999908447266
-0.3093799948692322 0.3031199872493744 0.17278000712394714
-0.3093000054359436 0.3032599985599518 0.1703599989414215
-0.30952998995780945 0.3036099970340729 0.16797000169754028
-0.3098599910736084 0.3040100038051605 0.16561000049114227
-0.3100399971008301 0.3043299913406372 0.16321000456809998
-0.3103199899196625 0.30469000339508057 0.16083000600337982
-0.31075000762939453 0.30518999695777893 0.15850000083446503
-0.31132999062538147 0.3057900071144104 0.15622000396251678
-0.31193000078201294 0.3064500093460083 0.15396000444889069
-0.3127399981021881 0.3072800040245056 0.15183000266551971
-0.3135499954223633 0.30814000964164734 0.1497199982404709
-0.31463000178337097 0.3091599941253662 0.1477999985218048
-0.31578001379966736 0.31025999784469604 0.14597000181674957
-0.31696000695228577 0.3113499879837036 0.14416000247001648
-0.31821998953819275 0.3125399947166443 0.14247000217437744
-0.3197900056838989 0.31387999653816223 0.14119000732898712
-0.32124000787734985 0.3152100145816803 0.13975000381469727
-0.32249999046325684 0.3164199888706207 0.13805000483989716
-0.3236300051212311 0.3175399899482727 0.13621999323368073
-0.3249799907207489 0.3187600076198578 0.13461999595165253
-0.3265500068664551 0.32014000415802 0.1333799958229065
-0.32802000641822815 0.3214600086212158 0.13197000324726105
-0.3291800022125244 0.3226099908351898 0.13016000390052795
-0.33024001121520996 0.3235499858856201 0.12818999588489532
-0.3312999904155731 0.32464998960494995 0.12631000578403473
-0.3323400020599365 0.3257099986076355 0.12438999861478806
-0.3333599865436554 0.3267500102519989 0.12246999889612198
-0.3343699872493744 0.3276900053024292 0.12047000229358673
-0.33529001474380493 0.32864001393318176 0.11844000220298767
-0.29333001375198364 0.28402000665664673 0.19981999695301056
-0.29458001255989075 0.285290002822876 0.19818000495433807
-0.29596999287605286 0.2866100072860718 0.196710005402565
-0.29732999205589294 0.2878499925136566 0.1951500028371811
-0.2984200119972229 0.28898999094963074 0.19332000613212585
-0.2996799945831299 0.2902100086212158 0.19165000319480896
-0.30079999566078186 0.29131001234054565 0.18980999290943146
-0.3019700050354004 0.29238998889923096 0.1879899948835373
-0.30316001176834106 0.2936199903488159 0.18629999458789825
-0.3044300079345703 0.29482999444007874 0.18464000523090363
-0.305759996175766 0.29607999324798584 0.18306000530719757
-0.30724000930786133 0.2973800003528595 0.18166999518871307
-0.30886998772621155 0.29881998896598816 0.18060000240802765
-0.3105199933052063 0.30017000436782837 0.17921000719070435
-0.31095001101493835 0.30074000358581543 0.1767600029706955
-0.3107900023460388 0.3008599877357483 0.17431999742984772
-0.3108699917793274 0.3011600077152252 0.1719300001859665
-0.3109700083732605 0.30142998695373535 0.1695300042629242
-0.31119000911712646 0.30177000164985657 0.16715000569820404
-0.31147998571395874 0.30212000012397766 0.16478000581264496
-0.31174999475479126 0.30250000953674316 0.16242000460624695
-0.3120400011539459 0.30285999178886414 0.1600400060415268
-0.31259000301361084 0.30344000458717346 0.15775999426841736
-0.31314000487327576 0.30399999022483826 0.15547999739646912
-0.31380999088287354 0.30469998717308044 0.15327000617980957
-0.3145500123500824 0.3054499924182892 0.15109999477863312
-0.31551000475883484 0.3063899874687195 0.14910000562667847
-0.3165999948978424 0.30741000175476074 0.14720000326633453
-0.31773000955581665 0.30849000811576843 0.14535999298095703
-0.31887000799179077 0.3095400035381317 0.14350000023841858
-0.32012999057769775 0.310699999332428 0.14180999994277954
-0.32163000106811523 0.31198999285697937 0.14042000472545624
-0.32308998703956604 0.3133000135421753 0.13898999989032745
-0.3243899941444397 0.314520001411438 0.13734999299049377
-0.32559001445770264 0.31567999720573425 0.1356000006198883
-0.32690000534057617 0.31685999035835266 0.13395999372005463
-0.3283100128173828 0.3181599974632263 0.13247999548912048
-0.32973000407218933 0.31944000720977783 0.1310099959373474
-0.33114001154899597 0.32067999243736267 0.12950000166893005
-0.33246999979019165 0.3218100070953369 0.1278200000524521
-0.3335700035095215 0.3229300081729889 0.1259700059890747
-0.33456000685691833 0.3239299952983856 0.12399999797344208
-0.3354400098323822 0.3248499929904938 0.12195000052452087
-0.3363899886608124 0.32572999596595764 0.11990000307559967
-0.3371700048446655 0.32655999064445496 0.1177700012922287
POLYGONS 3573 14292
3 0 1 2
3 1 3 2
3 1 4 3
3 4 5 3
3 4 6 5
3 6 7 5
3 6 8 7
3 8 9 7
3 8 10 9
3 10 11 9
3 10 12 11
3 12 13 11
3 12 14 13
3 14 15 13
3 14 16 15
3 16 17 15
3 16 18 17
3 18 19 17
3 18 20 19
3 20 21 19
3 20 22 21
3 22 23 21
3 22 24 23
3 24 25 23
3 24 26 25
3 26 27 25
3 26 28 27
3 28 29 27
3 28 30 29
3 30 31 29
3 30 32 31
3 32 33 31
3 32 34 33
3 34 35 33
3 34 36 35
3 36 37 35
3 36 38 37
3 38 39 37
3 38 40 39
3 40 41 39
3 40 42 41
3 42 43 41
3 42 44 43
3 44 45 43
3 44 46 45
3 46 47 45
3 46 48 47
3 48 49 47
3 48 50 49
3 50 51 49
3 50 52 51
3 52 53 51
3 52 54 53
3 54 55 53
3 54 56 55
3 56 57 55
3 56 58 57
3 58 59 57
3 58 60 59
3 60 61 59
3 59 61 62
3 61 63 62
3 61 64 63
3 64 65 63
3 63 65 66
3 65 67 66
3 66 67 68
3 67 69 68
3 68 69 70
3 69 71 70
3 70 71 72
3 71 73 72
3 72 73 74
3 73 75 74
3 74 75 76
3 75 77 76
3 76 77 78
3 77 79 78
3 78 79 80
3 79 81 80
3 80 81 82
3 81 83 82
3 82 83 84
3 83 85 84
3 84 85 86
3 85 87 86
3 86 87 88
3 2 89 90
3 2 3 89
3 3 91 89
3 3 5 91
3 5 92 91
3 5 7 92
3 7 93 92
3 7 9 93
3 9 94 93
3 9 11 94
3 11 95 94
3 11 13 95
3 13 96 95
3 13 15 96
3 15 97 96
3 15 17 97
3 17 98 97
3 17 19 98
3 19 99 98
3 19 21 99
3 21 100 99
3 21 23 100
3 23 101 100
3 23 25 101
3 25 102 101
3 25 27 102
3 27 103 102
3 27 29 103
3 29 104 103
3 29 31 104
3 31 105 104
3 31 33 105
3 33 106 105
3 33 35 106
3 35 107 106
3 35 37 107
3 37 108 107
3 37 39 108
3 39 109 108
3 39 41 109
3 41 110 109
3 41 43 110
3 43 111 110
3 43 45 111
3 45 112 111
3 45 47 112
3 47 113 112
3 47 49 113
3 49 114 113
3 49 51 114
3 51 115 114
3 51 53 115
3 53 116 115
3 53 55 116
3 55 117 116
3 55 57 117
3 57 118 117
3 57 59 118
3 59 119 118
3 59 62 119
3 62 120 119
3 62 63 120
3 63 121 120
3 63 66 121
3 66 122 121
3 66 68 122
3 68 123 122
3 68 70 123
3 70 124 123
3 70 72 124
3 72 125 124
3 72 74 125
3 74 76 125
3 125 76 126
3 76 78 126
3 126 78 127
3 78 128 127
3 78 80 128
3 80 129 128
3 80 82 129
3 82 130 129
3 82 84 130
3 84 86 130
3 130 86 131
3 86 132 131
3 86 88 132
3 90 133 134
3 90 89 133
3 89 135 133
3 89 91 135
3 91 136 135
3 91 92 136
3 92 137 136
3 92 93 137
3 93 138 137
3 93 94 138
3 94 139 138
3 94 95 139
3 95 140 139
3 95 96 140
3 96 141 140
3 96 97 141
3 97 142 141
3 97 98 142
3 98 143 142
3 98 99 143
3 99 144 143
3 99 100 144
3 100 145 144
3 100 101 145
3 101 146 145
3 101 102 146
3 102 147 146
3 102 103 147
3 103 148 147
3 103 104 148
3 104 149 148
3 104 105 149
3 105 150 149
3 105 106 150
3 106 151 150
3 106 107 151
3 107 152 151
3 107 108 152
3 108 153 152
3 108 109 153
3 109 154 153
3 109 110 154
3 110 155 154
3 110 111 155
3 111 156 155
3 111 112 156
3 112 157 156
3 112 113 157
3 113 158 157
3 113 114 158
3 114 159 158
3 114 115 159
3 115 160 159
3 115 116 160
3 116 161 160
3 116 117 161
3 117 162 161
3 117 118 162
3 118 163 162
3 118 119 163
3 119 164 163
3 119 120 164
3 120 165 164
3 120 121 165
3 121 166 165
3 121 122 166
3 122 167 166
3 122 123 167
3 123 168 167
3 123 124 168
3 124 169 168
3 124 125 169
3 125 170 169
3 125 126 170
3 126 127 170
3 170 127 171
3 127 172 171
3 127 128 172
3 128 173 172
3 128 129 173
3 129 174 173
3 129 130 174
3 130 131 174
3 174 131 175
3 131 132 175
3 175 132 176
3 134 177 178
3 134 133 177
3 133 179 177
3 133 135 179
3 135 180 179
3 135 136 180
3 136 181 180
3 136 137 181
3 137 182 181
3 137 138 182
3 138 183 182
3 138 139 183
3 139 184 183
3 139 140 184
3 140 185 184
3 140 141 185
3 141 186 185
3 141 142 186
3 142 187 186
3 142 143 187
3 143 188 187
3 143 144 188
3 144 189 188
3 144 145 189
3 145 190 189
3 145 146 190
3 146 191 190
3 146 147 191
3 147 192 191
3 147 148 192
3 148 193 192
3 148 149 193
3 149 194 193
3 149 150 194
3 150 195 194
3 150 151 195
3 151 196 195
3 151 152 196
3 152 197 196
3 152 153 197
3 153 198 197
3 153 154 198
3 154 199 198
3 154 155 199
3 155 200 199
3 155 156 200
3 156 201 200
3 156 157 201
3 157 202 201
3 157 158 202
3 158 203 202
3 158 159 203
3 159 204 203
3 159 160 204
3 160 205 204
3 160 161 205
3 161 206 205
3 161 162 206
3 162 207 206
3 162 163 207
3 163 208 207
3 163 164 208
3 164 209 208
3 164 165 209
3 165 210 209
3 165 166 210
3 166 211 210
3 166 167 211
3 167 212 211
3 167 168 212
3 168 213 212
3 168 169 213
3 169 214 213
3 169 170 214
3 170 215 214
3 170 171 215
3 171 216 215
3 171 172 216
3 172 217 216
3 172 173 217
3 173 218 217
3 173 174 218
3 174 219 218
3 174 175 219
3 175 220 219
3 175 176 220
3 178 221 222
3 178 177 221
3 177 223 221
3 177 179 223
3 179 224 223
3 179 180 224
3 180 225 224
3 180 181 225
3 181 226 225
3 181 182 226
3 182 227 226
3 182 183 227
3 183 228 227
3 183 184 228
3 184 229 228
3 184 185 229
3 185 230 229
3 185 186 230
3 186 231 230
3 186 187 231
3 187 232 231
3 187 188 232
3 188 233 232
3 188 189 233
3 189 234 233
3 189 190 234
3 190 235 234
3 190 191 235
3 191 236 235
3 191 192 236
3 192 237 236
3 192 193 237
3 193 238 237
3 193 194 238
3 194 239 238
3 194 195 239
3 195 240 239
3 195 196 240
3 196 241 240
3 196 197 241
3 197 242 241
3 197 198 242
3 198 243 242
3 198 199 243
3 199 244 243
3 199 200 244
3 200 245 244
3 200 201 245
3 201 246 245
3 201 202 246
3 202 247 246
3 202 203 247
3 203 248 247
3 203 204 248
3 204 249 248
3 204 205 249
3 205 250 249
3 205 206 250
3 206 251 250
3 206 207 251
3 207 252 251
3 207 208 252
3 208 253 252
3 208 209 253
3 209 254 253
3 209 210 254
3 210 255 254
3 210 211 255
3 211 256 255
3 211 212 256
3 212 257 256
3 212 213 257
3 213 258 257
3 213 214 258
3 214 259 258
3 214 215 259
3 215 260 259
3 215 216 260
3 216 261 260
3 216 217 261
3 217 262 261
3 217 218 262
3 218 263 262
3 218 219 263
3 219 264 263
3 219 220 264
3 222 221 265
3 221 266 265
3 221 223 266
3 223 267 266
3 223 224 267
3 224 268 267
3 224 225 268
3 225 269 268
3 225 226 269
3 226 270 269
3 226 227 270
3 227 271 270
3 227 228 271
3 228 272 271
3 228 229 272
3 229 273 272
3 229 230 273
3 230 274 273
3 230 231 274
3 231 275 274
3 231 232 275
3 232 276 275
3 232 233 276
3 233 277 276
3 233 234 277
3 234 278 277
3 234 235 278
3 235 279 278
3 235 236 279
3 236 280 279
3 236 237 280
3 237 281 280
3 237 238 281
3 238 282 281
3 238 239 282
3 239 283 282
3 239 240 283
3 240 284 283
3 240 241 284
3 241 285 284
3 241 242 285
3 242 286 285
3 242 243 286
3 243 287 286
3 243 244 287
3 244 288 287
3 244 245 288
3 245 289 288
3 245 246 289
3 246 290 289
3 246 247 290
3 247 291 290
3 247 248 291
3 248 292 291
3 248 249 292
3 249 293 292
3 249 250 293
3 250 294 293
3 250 251 294
3 251 295 294
3 251 252 295
3 252 296 295
3 252 253 296
3 253 297 296
3 253 254 297
3 254 298 297
3 254 255 298
3 255 299 298
3 255 256 299
3 256 300 299
3 256 257 300
3 257 301 300
3 257 258 301
3 258 302 301
3 258 259 302
3 259 303 302
3 259 260 303
3 260 304 303
3 260 261 304
3 261 305 304
3 261 262 305
3 262 306 305
3 262 263 306
3 263 307 306
3 263 264 307
3 265 308 309
3 265 266 308
3 266 310 308
3 266 267 310
3 267 311 310
3 267 268 311
3 268 312 311
3 268 269 312
3 269 313 312
3 269 270 313
3 270 314 313
3 270 271 314
3 271 315 314
3 271 272 315
3 272 316 315
3 272 273 316
3 273 317 316
3 273 274 317
3 274 318 317
3 274 275 318
3 275 319 318
3 275 276 319
3 276 320 319
3 276 277 320
3 277 321 320
3 277 278 321
3 278 322 321
3 278 279 322
3 279 323 322
3 279 280 323
3 280 324 323
3 280 281 324
3 281 325 324
3 281 282 325
3 282 326 325
3 282 283 326
3 283 327 326
3 283 284 327
3 284 328 327
3 284 285 328
3 285 329 328
3 285 286 329
3 286 330 329
3 286 287 330
3 287 331 330
3 287 288 331
3 288 332 331
3 288 289 332
3 289 333 332
3 289 290 333
3 290 334 333
3 290 291 334
3 291 335 334
3 291 292 335
3 292 336 335
3 292 293 336
3 293 337 336
3 293 294 337
3 294 338 337
3 294 295 338
3 295 339 338
3 295 296 339
3 296 340 339
3 296 297 340
3 297 341 340
3 297 298 341
3 298 342 341
3 298 299 342
3 299 343 342
3 299 300 343
3 300 344 343
3 300 301 344
3 301 345 344
3 301 302 345
3 302 346 345
3 302 303 346
3 303 347 346
3 303 304 347
3 304 348 347
3 304 305 348
3 305 349 348
3 305 306 349
3 306 350 349
3 306 307 350
3 307 351 350
3 309 308 352
3 308 353 352
3 308 310 353
3 310 354 353
3 310 311 354
3 311 355 354
3 311 312 355
3 312 356 355
3 312 313 356
3 313 357 356
3 313 314 357
3 314 358 357
3 314 315 358
3 315 359 358
3 315 316 359
3 316 360 359
3 316 317 360
3 317 361 360
3 317 318 361
3 318 362 361
3 318 319 362
3 319 363 362
3 319 320 363
3 320 364 363
3 320 321 364
3 321 365 364
3 321 322 365
3 322 366 365
3 322 323 366
3 323 367 366
3 323 324 367
3 324 368 367
3 324 325 368
3 325 369 368
3 325 326 369
3 326 370 369
3 326 327 370
3 327 371 370
3 327 328 371
3 328 372 371
3 328 329 372
3 329 373 372
3 329 330 373
3 330 374 373
3 330 331 374
3 331 375 374
3 331 332 375
3 332 376 375
3 332 333 376
3 333 377 376
3 333 334 377
3 334 378 377
3 334 335 378
3 335 379 378
3 335 336 379
3 336 380 379
3 336 337 380
3 337 381 380
3 337 338 381
3 338 382 381
3 338 339 382
3 339 383 382
3 339 340 383
3 340 384 383
3 340 341 384
3 341 385 384
3 341 342 385
3 342 386 385
3 342 343 386
3 343 387 386
3 343 344 387
3 344 388 387
3 344 345 388
3 345 389 388
3 345 346 389
3 346 390 389
3 346 347 390
3 347 391 390
3 347 348 391
3 348 392 391
3 348 349 392
3 349 393 392
3 349 350 393
3 350 394 393
3 350 351 394
3 352 395 396
3 352 353 395
3 353 397 395
3 353 354 397
3 354 398 397
3 354 355 398
3 355 399 398
3 355 356 399
3 356 400 399
3 356 357 400
3 357 401 400
3 357 358 401
3 358 402 401
3 358 359 402
3 359 403 402
3 359 360 403
3 360 404 403
3 360 361 404
3 361 405 404
3 361 362 405
3 362 406 405
3 362 363 406
3 363 407 406
3 363 364 407
3 364 408 407
3 364 365 408
3 365 409 408
3 365 366 409
3 366 410 409
3 366 367 410
3 367 411 410
3 367 368 411
3 368 412 411
3 368 369 412
3 369 413 412
3 369 370 413
3 370 414 413
3 370 371 414
3 371 415 414
3 371 372 415
3 372 416 415
3 372 373 416
3 373 417 416
3 373 374 417
3 374 418 417
3 374 375 418
3 375 419 418
3 375 376 419
3 376 420 419
3 376 377 420
3 377 421 420
3 377 378 421
3 378 422 421
3 378 379 422
3 379 423 422
3 379 380 423
3 380 424 423
3 380 381 424
3 381 425 424
3 381 382 425
3 382 426 425
3 382 383 426
3 383 427 426
3 383 384 427
3 384 428 427
3 384 385 428
3 385 429 428
3 385 386 429
3 386 430 429
3 386 387 430
3 387 431 430
3 387 388 431
3 388 432 431
3 388 389 432
3 389 433 432
3 389 390 433
3 390 434 433
3 390 391 434
3 391 435 434
3 391 392 435
3 392 436 435
3 392 393 436
3 393 437 436
3 393 394 437
3 396 395 438
3 395 439 438
3 395 397 439
3 397 440 439
3 397 398 440
3 398 441 440
3 398 399 441
3 399 442 441
3 399 400 442
3 400 443 442
3 400 401 443
3 401 444 443
3 401 402 444
3 402 445 444
3 402 403 445
3 403 446 445
3 403 404 446
3 404 447 446
3 404 405 447
3 405 448 447
3 405 406 448
3 406 449 448
3 406 407 449
3 407 450 449
3 407 408 450
3 408 451 450
3 408 409 451
3 409 452 451
3 409 410 452
3 410 453 452
3 410 411 453
3 411 454 453
3 411 412 454
3 412 455 454
3 412 413 455
3 413 456 455
3 413 414 456
3 414 457 456
3 414 415 457
3 415 458 457
3 415 416 458
3 416 459 458
3 416 417 459
3 417 460 459
3 417 418 460
3 418 461 460
3 418 419 461
3 419 462 461
3 419 420 462
3 420 463 462
3 420 421 463
3 421 464 463
3 421 422 464
3 422 465 464
3 422 423 465
3 423 466 465
3 423 424 466
3 424 467 466
3 424 425 467
3 425 468 467
3 425 426 468
3 426 469 468
3 426 427 469
3 427 470 469
3 427 428 470
3 428 471 470
3 428 429 471
3 429 472 471
3 429 430 472
3 430 473 472
3 430 431 473
3 431 474 473
3 431 432 474
3 432 475 474
3 432 433 475
3 433 476 475
3 433 434 476
3 434 477 476
3 434 435 477
3 435 478 477
3 435 436 478
3 436 479 478
3 436 437 479
3 438 480 481
3 438 439 480
3 439 482 480
3 439 440 482
3 440 483 482
3 440 441 483
3 441 484 483
3 441 442 484
3 442 485 484
3 442 443 485
3 443 486 485
3 443 444 486
3 444 487 486
3 444 445 487
3 445 488 487
3 445 446 488
3 446 489 488
3 446 447 489
3 447 490 489
3 447 448 490
3 448 491 490
3 448 449 491
3 449 492 491
3 449 450 492
3 450 493 492
3 450 451 493
3 451 494 493
3 451 452 494
3 452 495 494
3 452 453 495
3 453 496 495
3 453 454 496
3 454 497 496
3 454 455 497
3 455 498 497
3 455 456 498
3 456 499 498
3 456 457 499
3 457 500 499
3 457 458 500
3 458 501 500
3 458 459 501
3 459 502 501
3 459 460 502
3 460 503 502
3 460 461 503
3 461 504 503
3 461 462 504
3 462 505 504
3 462 463 505
3 463 506 505
3 463 464 506
3 464 507 506
3 464 465 507
3 465 508 507
3 465 466 508
3 466 509 508
3 466 467 509
3 467 510 509
3 467 468 510
3 468 511 510
3 468 469 511
3 469 512 511
3 469 470 512
3 470 513 512
3 470 471 513
3 471 514 513
3 471 472 514
3 472 515 514
3 472 473 515
3 473 516 515
3 473 474 516
3 474 517 516
3 474 475 517
3 475 518 517
3 475 476 518
3 476 519 518
3 476 477 519
3 477 520 519
3 477 478 520
3 478 521 520
3 478 479 521
3 479 522 521
3 481 523 524
3 481 480 523
3 480 525 523
3 480 482 525
3 482 526 525
3 482 483 526
3 483 527 526
3 483 484 527
3 484 528 527
3 484 485 528
3 485 529 528
3 485 486 529
3 486 530 529
3 486 487 530
3 487 531 530
3 487 488 531
3 488 532 531
3 488 489 532
3 489 490 532
3 532 490 533
3 490 534 533
3 490 491 534
3 491 535 534
3 491 492 535
3 492 536 535
3 492 493 536
3 493 537 536
3 493 494 537
3 494 538 537
3 494 495 538
3 495 539 538
3 495 496 539
3 496 540 539
3 496 497 540
3 497 541 540
3 497 498 541
3 498 542 541
3 498 499 542
3 499 543 542
3 499 500 543
3 500 544 543
3 500 501 544
3 501 545 544
3 501 502 545
3 502 546 545
3 502 503 546
3 503 547 546
3 503 504 547
3 504 548 547
3 504 505 548
3 505 549 548
3 505 506 549
3 506 550 549
3 506 507 550
3 507 551 550
3 507 508 551
3 508 552 551
3 508 509 552
3 509 553 552
3 509 510 553
3 510 554 553
3 510 511 554
3 511 555 554
3 511 512 555
3 512 556 555
3 512 513 556
3 513 557 556
3 513 514 557
3 514 558 557
3 514 515 558
3 515 559 558
3 515 516 559
3 516 560 559
3 516 517 560
3 517 561 560
3 517 518 561
3 518 562 561
3 518 519 562
3 519 563 562
3 519 520 563
3 520 564 563
3 520 521 564
3 521 565 564
3 521 522 565
3 524 523 566
3 523 567 566
3 523 525 567
3 525 568 567
3 525 526 568
3 526 569 568
3 526 527 569
3 527 570 569
3 527 528 570
3 528 571 570
3 528 529 571
3 529 572 571
3 529 530 572
3 530 573 572
3 530 531 573
3 531 574 573
3 531 532 574
3 532 533 574
3 574 533 575
3 533 576 575
3 533 534 576
3 534 577 576
3 534 535 577
3 535 578 577
3 535 536 578
3 536 579 578
3 536 537 579
3 537 580 579
3 537 538 580
3 538 581 580
3 538 539 581
3 539 582 581
3 539 540 582
3 540 583 582
3 540 541 583
3 541 584 583
3 541 542 584
3 542 585 584
3 542 543 585
3 543 586 585
3 543 544 586
3 544 587 586
3 544 545 587
3 545 588 587
3 545 546 588
3 546 589 588
3 546 547 589
3 547 590 589
3 547 548 590
3 548 591 590
3 548 549 591
3 549 592 591
3 549 550 592
3 550 593 592
3 550 551 593
3 551 594 593
3 551 552 594
3 552 595 594
3 552 553 595
3 553 596 595
3 553 554 596
3 554 597 596
3 554 555 597
3 555 598 597
3 555 556 598
3 556 599 598
3 556 557 599
3 557 600 599
3 557 558 600
3 558 601 600
3 558 559 601
3 559 602 601
3 559 560 602
3 560 603 602
3 560 561 603
3 561 604 603
3 561 562 604
3 562 605 604
3 562 563 605
3 563 606 605
3 563 564 606
3 564 607 606
3 564 565 607
3 566 608 609
3 566 567 608
3 567 610 608
3 567 568 610
3 568 611 610
3 568 569 611
3 569 612 611
3 569 570 612
3 570 613 612
3 570 571 613
3 571 614 613
3 571 572 614
3 572 615 614
3 572 573 615
3 573 616 615
3 573 574 616
3 574 575 616
3 616 575 617
3 575 618 617
3 575 576 618
3 576 619 618
3 576 577 619
3 577 620 619
3 577 578 620
3 578 621 620
3 578 579 621
3 579 622 621
3 579 580 622
3 580 623 622
3 580 581 623
3 581 624 623
3 581 582 624
3 582 625 624
3 582 583 625
3 583 626 625
3 583 584 626
3 584 627 626
3 584 585 627
3 585 628 627
3 585 586 628
3 586 629 628
3 586 587 629
3 587 630 629
3 587 588 630
3 588 631 630
3 588 589 631
3 589 632 631
3 589 590 632
3 590 633 632
3 590 591 633
3 591 634 633
3 591 592 634
3 592 635 634
3 592 593 635
3 593 636 635
3 593 594 636
3 594 637 636
3 594 595 637
3 595 638 637
3 595 596 638
3 596 639 638
3 596 597 639
3 597 640 639
3 597 598 640
3 598 641 640
3 598 599 641
3 599 642 641
3 599 600 642
3 600 643 642
3 600 601 643
3 601 644 643
3 601 602 644
3 602 645 644
3 602 603 645
3 603 646 645
3 603 604 646
3 604 647 646
3 604 605 647
3 605 648 647
3 605 606 648
3 606 649 648
3 606 607 649
3 607 650 649
3 609 651 652
3 609 608 651
3 608 653 651
3 608 610 653
3 610 654 653
3 610 611 654
3 611 655 654
3 611 612 655
3 612 656 655
3 612 613 656
3 613 657 656
3 613 614 657
3 614 658 657
3 614 615 658
3 615 659 658
3 615 616 659
3 616 617 659
3 659 617 660
3 617 618 660
3 660 618 661
3 618 662 661
3 618 619 662
3 619 663 662
3 619 620 663
3 620 664 663
3 620 621 664
3 621 665 664
3 621 622 665
3 622 666 665
3 622 623 666
3 623 667 666
3 623 624 667
3 624 668 667
3 624 625 668
3 625 669 668
3 625 626 669
3 626 670 669
3 626 627 670
3 627 671 670
3 627 628 671
3 628 672 671
3 628 629 672
3 629 673 672
3 629 630 673
3 630 674 673
3 630 631 674
3 631 675 674
3 631 632 675
3 632 676 675
3 632 633 676
3 633 677 676
3 633 634 677
3 634 678 677
3 634 635 678
3 635 679 678
3 635 636 679
3 636 680 679
3 636 637 680
3 637 681 680
3 637 638 681
3 638 682 681
3 638 639 682
3 639 683 682
3 639 640 683
3 640 684 683
3 640 641 684
3 641 685 684
3 641 642 685
3 642 686 685
3 642 643 686
3 643 687 686
3 643 644 687
3 644 688 687
3 644 645 688
3 645 689 688
3 645 646 689
3 646 690 689
3 646 647 690
3 647 691 690
3 647 648 691
3 648 692 691
3 648 649 692
3 649 693 692
3 649 650 693
3 652 694 695
3 652 651 694
3 651 696 694
3 651 653 696
3 653 697 696
3 653 654 697
3 654 698 697
3 654 655 698
3 655 699 698
3 655 656 699
3 656 700 699
3 656 657 700
3 657 701 700
3 657 658 701
3 658 702 701
3 658 659 702
3 659 660 702
3 702 660 703
3 660 661 703
3 703 661 704
3 661 705 704
3 661 662 705
3 662 706 705
3 662 663 706
3 663 707 706
3 663 664 707
3 664 708 707
3 664 665 708
3 665 709 708
3 665 666 709
3 666 710 709
3 666 667 710
3 667 711 710
3 667 668 711
3 668 712 711
3 668 669 712
3 669 713 712
3 669 670 713
3 670 714 713
3 670 671 714
3 671 715 714
3 671 672 715
3 672 716 715
3 672 673 716
3 673 717 716
3 673 674 717
3 674 718 717
3 674 675 718
3 675 719 718
3 675 676 719
3 676 720 719
3 676 677 720
3 677 721 720
3 677 678 721
3 678 722 721
3 678 679 722
3 679 723 722
3 679 680 723
3 680 724 723
3 680 681 724
3 681 725 724
3 681 682 725
3 682 726 725
3 682 683 726
3 683 727 726
3 683 684 727
3 684 728 727
3 684 685 728
3 685 729 728
3 685 686 729
3 686 730 729
3 686 687 730
3 687 731 730
3 687 688 731
3 688 732 731
3 688 689 732
3 689 733 732
3 689 690 733
3 690 734 733
3 690 691 734
3 691 735 734
3 691 692 735
3 692 736 735
3 692 693 736
3 695 737 738
3 695 694 737
3 694 739 737
3 694 696 739
3 696 740 739
3 696 697 740
3 697 741 740
3 697 698 741
3 698 742 741
3 698 699 742
3 699 743 742
3 699 700 743
3 700 744 743
3 700 701 744
3 701 745 744
3 701 702 745
3 702 703 745
3 745 703 746
3 703 704 746
3 746 704 747
3 704 748 747
3 704 705 748
3 705 749 748
3 705 706 749
3 706 750 749
3 706 707 750
3 707 708 750
3 750 708 751
3 708 752 751
3 708 709 752
3 709 753 752
3 709 710 753
3 710 754 753
3 710 711 754
3 711 755 754
3 711 712 755
3 712 756 755
3 712 713 756
3 713 757 756
3 713 714 757
3 714 758 757
3 714 715 758
3 715 759 758
3 715 716 759
3 716 760 759
3 716 717 760
3 717 761 760
3 717 718 761
3 718 762 761
3 718 719 762
3 719 763 762
3 719 720 763
3 720 764 763
3 720 721 764
3 721 765 764
3 721 722 765
3 722 766 765
3 722 723 766
3 723 767 766
3 723 724 767
3 724 768 767
3 724 725 768
3 725 769 768
3 725 726 769
3 726 770 769
3 726 727 770
3 727 771 770
3 727 728 771
3 728 772 771
3 728 729 772
3 729 773 772
3 729 730 773
3 730 774 773
3 730 731 774
3 731 775 774
3 731 732 775
3 732 776 775
3 732 733 776
3 733 777 776
3 733 734 777
3 734 778 777
3 734 735 778
3 735 779 778
3 735 736 779
3 736 780 779
3 738 781 782
3 738 737 781
3 737 783 781
3 737 739 783
3 739 784 783
3 739 740 784
3 740 785 784
3 740 741 785
3 741 786 785
3 741 742 786
3 742 743 786
3 786 743 787
3 743 744 787
3 787 744 788
3 744 745 788
3 788 745 789
3 745 746 789
3 789 746 790
3 746 747 790
3 790 747 791
3 747 748 791
3 791 748 792
3 748 749 792
3 792 749 793
3 749 750 793
3 793 750 794
3 750 751 794
3 794 751 795
3 751 752 795
3 795 752 796
3 752 797 796
3 752 753 797
3 753 798 797
3 753 754 798
3 754 799 798
3 754 755 799
3 755 800 799
3 755 756 800
3 756 757 800
3 800 757 801
3 757 758 801
3 801 758 802
3 758 759 802
3 802 759 803
3 759 760 803
3 803 760 804
3 760 805 804
3 760 761 805
3 761 762 805
3 805 762 806
3 762 763 806
3 806 763 807
3 763 764 807
3 807 764 808
3 764 765 808
3 808 765 809
3 765 766 809
3 809 766 810
3 766 767 810
3 810 767 811
3 767 768 811
3 811 768 812
3 768 769 812
3 812 769 813
3 769 770 813
3 813 770 814
3 770 771 814
3 814 771 815
3 771 772 815
3 815 772 816
3 772 817 816
3 772 773 817
3 773 818 817
3 773 774 818
3 774 775 818
3 818 775 819
3 775 776 819
3 819 776 820
3 776 777 820
3 820 777 821
3 777 778 821
3 821 778 822
3 778 779 822
3 822 779 823
3 779 780 823
3 823 780 824
3 782 781 825
3 825 781 826
3 781 783 826
3 826 783 827
3 783 784 827
3 827 784 828
3 784 785 828
3 828 785 829
3 785 786 829
3 829 786 830
3 786 787 830
3 830 787 831
3 787 788 831
3 831 788 832
3 788 789 832
3 832 789 833
3 789 790 833
3 833 790 834
3 790 791 834
3 834 791 835
3 791 792 835
3 835 792 836
3 792 793 836
3 836 793 837
3 793 794 837
3 837 794 838
3 794 795 838
3 838 795 839
3 795 796 839
3 839 796 840
3 796 797 840
3 840 797 841
3 797 798 841
3 841 798 842
3 798 799 842
3 842 799 843
3 799 800 843
3 843 800 844
3 800 801 844
3 844 801 845
3 801 802 845
3 845 802 846
3 802 803 846
3 846 803 847
3 803 804 847
3 847 804 848
3 804 805 848
3 848 805 849
3 805 806 849
3 849 806 850
3 806 807 850
3 850 807 851
3 807 808 851
3 851 808 852
3 808 809 852
3 852 809 853
3 809 810 853
3 853 810 854
3 810 811 854
3 854 811 855
3 811 812 855
3 855 812 856
3 812 813 856
3 856 813 857
3 813 814 857
3 857 814 858
3 814 815 858
3 858 815 859
3 815 816 859
3 859 816 860
3 816 817 860
3 860 817 861
3 817 818 861
3 861 818 862
3 818 819 862
3 862 819 863
3 819 820 863
3 863 820 864
3 820 821 864
3 864 821 865
3 821 822 865
3 865 822 866
3 822 823 866
3 866 823 867
3 823 824 867
3 825 826 868
3 868 826 869
3 826 827 869
3 869 827 870
3 827 828 870
3 870 828 871
3 828 829 871
3 871 829 872
3 829 830 872
3 872 830 873
3 830 831 873
3 873 831 874
3 831 832 874
3 874 832 875
3 832 833 875
3 875 833 876
3 833 834 876
3 876 834 877
3 834 835 877
3 877 835 878
3 835 836 878
3 878 836 879
3 836 837 879
3 879 837 880
3 837 838 880
3 880 838 881
3 838 839 881
3 881 839 882
3 839 840 882
3 882 840 883
3 840 841 883
3 883 841 884
3 841 842 884
3 884 842 885
3 842 843 885
3 885 843 886
3 843 844 886
3 886 844 887
3 844 845 887
3 887 845 888
3 845 846 888
3 888 846 889
3 846 847 889
3 889 847 890
3 847 848 890
3 890 848 891
3 848 849 891
3 891 849 892
3 849 850 892
3 892 850 893
3 850 851 893
3 893 851 894
3 851 852 894
3 894 852 895
3 852 853 895
3 895 853 896
3 853 854 896
3 896 854 897
3 854 855 897
3 897 855 898
3 855 856 898
3 898 856 899
3 856 857 899
3 899 857 900
3 857 858 900
3 900 858 901
3 858 859 901
3 901 859 902
3 859 860 902
3 902 860 903
3 860 861 903
3 903 861 904
3 861 862 904
3 904 862 905
3 862 863 905
3 905 863 906
3 863 864 906
3 906 864 907
3 864 865 907
3 907 865 908
3 865 866 908
3 908 866 909
3 866 867 909
3 909 867 910
3 868 869 911
3 911 869 912
3 869 870 912
3 912 870 913
3 870 871 913
3 913 871 914
3 871 872 914
3 914 872 915
3 872 873 915
3 915 873 916
3 873 874 916
3 916 874 917
3 874 875 917
3 917 875 918
3 875 876 918
3 918 876 919
3 876 877 919
3 919 877 920
3 877 878 920
3 920 878 921
3 878 879 921
3 921 879 922
3 879 880 922
3 922 880 923
3 880 881 923
3 923 881 924
3 881 882 924
3 924 882 925
3 882 883 925
3 925 883 926
3 883 884 926
3 926 884 927
3 884 885 927
3 927 885 928
3 885 886 928
3 928 886 929
3 886 887 929
3 929 887 930
3 887 888 930
3 930 888 931
3 888 889 931
3 931 889 932
3 889 890 932
3 932 890 933
3 890 891 933
3 933 891 934
3 891 892 934
3 934 892 935
3 892 893 935
3 935 893 936
3 893 894 936
3 936 894 937
3 894 895 937
3 937 895 938
3 895 896 938
3 938 896 939
3 896 897 939
3 939 897 940
3 897 898 940
3 940 898 941
3 898 899 941
3 941 899 942
3 899 900 942
3 911 943 944
3 911 912 943
3 912 945 943
3 912 913 945
3 913 946 945
3 913 914 946
3 914 947 946
3 914 915 947
3 915 948 947
3 915 916 948
3 916 917 948
3 948 917 949
3 917 918 949
3 949 918 950
3 918 919 950
3 950 919 951
3 919 920 951
3 951 920 952
3 920 921 952
3 952 921 953
3 921 922 953
3 953 922 954
3 922 923 954
3 954 923 955
3 923 924 955
3 955 924 956
3 924 925 956
3 956 925 957
3 925 926 957
3 957 926 958
3 926 927 958
3 958 927 959
3 927 928 959
3 959 928 960
3 928 929 960
3 960 929 961
3 929 930 961
3 961 930 962
3 930 931 962
3 962 931 963
3 931 932 963
3 963 932 964
3 932 965 964
3 932 933 965
3 933 934 965
3 965 934 966
3 934 935 966
3 966 935 967
3 935 936 967
3 967 936 968
3 936 937 968
3 944 969 970
3 944 943 969
3 943 971 969
3 943 945 971
3 945 972 971
3 945 946 972
3 946 973 972
3 946 947 973
3 947 974 973
3 947 948 974
3 948 949 974
3 974 949 975
3 949 950 975
3 975 950 976
3 950 951 976
3 976 951 977
3 951 952 977
3 977 952 978
3 952 953 978
3 978 953 979
3 953 954 979
3 979 954 980
3 954 955 980
3 980 955 981
3 955 956 981
3 981 956 982
3 956 957 982
3 982 957 983
3 957 958 983
3 983 958 984
3 958 985 984
3 958 959 985
3 959 986 985
3 959 960 986
3 960 987 986
3 960 961 987
3 961 988 987
3 961 962 988
3 962 963 988
3 970 989 990
3 970 969 989
3 969 991 989
3 969 971 991
3 971 992 991
3 971 972 992
3 972 993 992
3 972 973 993
3 973 994 993
3 973 974 994
3 974 995 994
3 974 975 995
3 975 976 995
3 995 976 996
3 976 977 996
3 996 977 997
3 977 978 997
3 997 978 998
3 978 979 998
3 998 979 999
3 979 980 999
3 999 980 1000
3 980 981 1000
3 1000 981 1001
3 981 982 1001
3 1001 982 1002
3 982 983 1002
3 990 989 1003
3 989 1004 1003
3 989 991 1004
3 991 1005 1004
3 991 992 1005
3 992 1006 1005
3 992 993 1006
3 993 1007 1006
3 993 994 1007
3 994 1008 1007
3 994 995 1008
3 995 996 1008
3 1008 996 1009
3 996 997 1009
3 1009 997 1010
3 997 998 1010
3 1010 998 1011
3 998 999 1011
3 1003 1012 1013
3 1003 1004 1012
3 1004 1014 1012
3 1004 1005 1014
3 1005 1015 1014
3 1005 1006 1015
3 1006 1016 1015
3 1006 1007 1016
3 1007 1008 1016
3 1016 1008 1017
3 1008 1009 1017
3 1017 1009 1018
3 1009 1010 1018
3 1019 1020 1021
3 1021 1020 1022
3 1020 1023 1022
3 1022 1023 1024
3 1023 1025 1024
3 1024 1025 1026
3 1025 1027 1026
3 1026 1027 1028
3 1027 1029 1028
3 1028 1029 1030
3 1029 1031 1030
3 1030 1031 1032
3 1021 1022 1033
3 1033 1022 1034
3 1022 1024 1034
3 1034 1024 1035
3 1024 1026 1035
3 1035 1026 1036
3 1026 1028 1036
3 1036 1028 1037
3 1028 1030 1037
3 1037 1030 1038
3 1030 1032 1038
3 1038 1032 1039
3 1032 1040 1039
3 1039 1040 1041
3 1040 1042 1041
3 1041 1042 1043
3 1042 1044 1043
3 1043 1044 1045
3 1044 1046 1045
3 1045 1046 1047
3 1046 1048 1047
3 1047 1048 1049
3 1048 1050 1049
3 1049 1050 1051
3 1050 1052 1051
3 1051 1052 1053
3 1052 1054 1053
3 1055 1033 1056
3 1033 1034 1056
3 1056 1034 1057
3 1034 1035 1057
3 1057 1035 1058
3 1035 1036 1058
3 1058 1036 1059
3 1036 1037 1059
3 1059 1037 1060
3 1037 1038 1060
3 1060 1038 1061
3 1038 1039 1061
3 1061 1039 1062
3 1039 1041 1062
3 1062 1041 1063
3 1041 1043 1063
3 1063 1043 1064
3 1043 1045 1064
3 1064 1045 1065
3 1045 1047 1065
3 1065 1047 1066
3 1047 1049 1066
3 1066 1049 1067
3 1049 1051 1067
3 1067 1051 1068
3 1051 1053 1068
3 1068 1053 1069
3 1053 1054 1069
3 1069 1054 1070
3 1054 1071 1070
3 1070 1071 1072
3 1071 1073 1072
3 1072 1073 1074
3 1073 1075 1074
3 1074 1075 1076
3 1075 1077 1076
3 1076 1077 1078
3 1077 1079 1078
3 1078 1079 1080
3 1079 1081 1080
3 1080 1081 1082
3 1081 1083 1082
3 1082 1083 1084
3 1083 1085 1084
3 1084 1085 1086
3 1085 1087 1086
3 1086 1087 1088
3 1055 1056 1089
3 1089 1056 1090
3 1056 1057 1090
3 1090 1057 1091
3 1057 1058 1091
3 1091 1058 1092
3 1058 1059 1092
3 1092 1059 1093
3 1059 1060 1093
3 1093 1060 1094
3 1060 1061 1094
3 1094 1061 1095
3 1061 1062 1095
3 1095 1062 1096
3 1062 1063 1096
3 1096 1063 1097
3 1063 1064 1097
3 1097 1064 1098
3 1064 1065 1098
3 1098 1065 1099
3 1065 1066 1099
3 1099 1066 1100
3 1066 1067 1100
3 1100 1067 1101
3 1067 1068 1101
3 1101 1068 1102
3 1068 1069 1102
3 1102 1069 1103
3 1069 1070 1103
3 1103 1070 1104
3 1070 1072 1104
3 1104 1072 1105
3 1072 1074 1105
3 1105 1074 1106
3 1074 1076 1106
3 1106 1076 1107
3 1076 1078 1107
3 1107 1078 1108
3 1078 1080 1108
3 1108 1080 1109
3 1080 1082 1109
3 1109 1082 1110
3 1082 1084 1110
3 1110 1084 1111
3 1084 1086 1111
3 1111 1086 1112
3 1086 1088 1112
3 1112 1088 1113
3 1088 1114 1113
3 1113 1114 1115
3 1114 1116 1115
3 1115 1116 1117
3 1116 1118 1117
3 1117 1118 1119
3 1118 1120 1119
3 1119 1120 1121
3 1120 1122 1121
3 1121 1122 1123
3 1122 1124 1123
3 1122 1125 1124
3 1125 1126 1124
3 1124 1126 1127
3 1126 1128 1127
3 1127 1128 1129
3 1128 1130 1129
3 1129 1130 1131
3 1130 1132 1131
3 1131 1132 1133
3 1132 1134 1133
3 1132 1135 1134
3 1135 1136 1134
3 1135 1137 1136
3 1137 1138 1136
3 1137 1139 1138
3 1139 1140 1138
3 1139 1141 1140
3 1141 1142 1140
3 1141 1143 1142
3 1143 1144 1142
3 1143 1145 1144
3 1146 1089 1147
3 1089 1090 1147
3 1147 1090 1148
3 1090 1091 1148
3 1148 1091 1149
3 1091 1092 1149
3 1149 1092 1150
3 1092 1093 1150
3 1150 1093 1151
3 1093 1094 1151
3 1151 1094 1152
3 1094 1095 1152
3 1152 1095 1153
3 1095 1096 1153
3 1153 1096 1154
3 1096 1097 1154
3 1154 1097 1155
3 1097 1098 1155
3 1155 1098 1156
3 1098 1099 1156
3 1156 1099 1157
3 1099 1100 1157
3 1157 1100 1158
3 1100 1101 1158
3 1158 1101 1159
3 1101 1102 1159
3 1159 1102 1160
3 1102 1103 1160
3 1160 1103 1161
3 1103 1104 1161
3 1161 1104 1162
3 1104 1105 1162
3 1162 1105 1163
3 1105 1106 1163
3 1163 1106 1164
3 1106 1107 1164
3 1164 1107 1165
3 1107 1108 1165
3 1165 1108 1166
3 1108 1109 1166
3 1166 1109 1167
3 1109 1110 1167
3 1167 1110 1168
3 1110 1111 1168
3 1168 1111 1169
3 1111 1112 1169
3 1169 1112 1170
3 1112 1113 1170
3 1170 1113 1171
3 1113 1115 1171
3 1171 1115 1172
3 1115 1117 1172
3 1172 1117 1173
3 1117 1119 1173
3 1173 1119 1174
3 1119 1121 1174
3 1174 1121 1175
3 1121 1123 1175
3 1175 1123 1176
3 1123 1177 1176
3 1123 1124 1177
3 1124 1127 1177
3 1177 1127 1178
3 1127 1129 1178
3 1178 1129 1179
3 1129 1131 1179
3 1179 1131 1180
3 1131 1181 1180
3 1131 1133 1181
3 1133 1182 1181
3 1133 1134 1182
3 1134 1183 1182
3 1134 1136 1183
3 1136 1184 1183
3 1136 1138 1184
3 1138 1185 1184
3 1138 1140 1185
3 1140 1186 1185
3 1140 1142 1186
3 1142 1187 1186
3 1142 1144 1187
3 1146 1147 1188
3 1188 1147 1189
3 1147 1148 1189
3 1189 1148 1190
3 1148 1149 1190
3 1190 1149 1191
3 1149 1150 1191
3 1191 1150 1192
3 1150 1151 1192
3 1192 1151 1193
3 1151 1152 1193
3 1193 1152 1194
3 1152 1153 1194
3 1194 1153 1195
3 1153 1154 1195
3 1195 1154 1196
3 1154 1155 1196
3 1196 1155 1197
3 1155 1156 1197
3 1197 1156 1198
3 1156 1157 1198
3 1198 1157 1199
3 1157 1158 1199
3 1199 1158 1200
3 1158 1159 1200
3 1200 1159 1201
3 1159 1160 1201
3 1201 1160 1202
3 1160 1161 1202
3 1202 1161 1203
3 1161 1162 1203
3 1203 1162 1204
3 1162 1163 1204
3 1204 1163 1205
3 1163 1164 1205
3 1205 1164 1206
3 1164 1165 1206
3 1206 1165 1207
3 1165 1166 1207
3 1207 1166 1208
3 1166 1167 1208
3 1208 1167 1209
3 1167 1168 1209
3 1209 1168 1210
3 1168 1169 1210
3 1210 1169 1211
3 1169 1170 1211
3 1211 1170 1212
3 1170 1171 1212
3 1212 1171 1213
3 1171 1172 1213
3 1213 1172 1214
3 1172 1173 1214
3 1214 1173 1215
3 1173 1174 1215
3 1215 1174 1216
3 1174 1175 1216
3 1216 1175 1217
3 1175 1176 1217
3 1217 1176 1218
3 1176 1177 1218
3 1218 1177 1219
3 1177 1178 1219
3 1219 1178 1220
3 1178 1179 1220
3 1220 1179 1221
3 1179 1180 1221
3 1221 1180 1222
3 1180 1223 1222
3 1180 1181 1223
3 1181 1224 1223
3 1181 1182 1224
3 1182 1183 1224
3 1224 1183 1225
3 1183 1226 1225
3 1183 1184 1226
3 1184 1227 1226
3 1184 1185 1227
3 1185 1228 1227
3 1185 1186 1228
3 1186 1229 1228
3 1186 1187 1229
3 1188 1189 1230
3 1230 1189 1231
3 1189 1190 1231
3 1231 1190 1232
3 1190 1191 1232
3 1232 1191 1233
3 1191 1192 1233
3 1233 1192 1234
3 1192 1193 1234
3 1234 1193 1235
3 1193 1194 1235
3 1235 1194 1236
3 1194 1195 1236
3 1236 1195 1237
3 1195 1196 1237
3 1237 1196 1238
3 1196 1197 1238
3 1238 1197 1239
3 1197 1198 1239
3 1239 1198 1240
3 1198 1199 1240
3 1240 1199 1241
3 1199 1200 1241
3 1241 1200 1242
3 1200 1201 1242
3 1242 1201 1243
3 1201 1202 1243
3 1243 1202 1244
3 1202 1203 1244
3 1244 1203 1245
3 1203 1204 1245
3 1245 1204 1246
3 1204 1205 1246
3 1246 1205 1247
3 1205 1206 1247
3 1247 1206 1248
3 1206 1207 1248
3 1248 1207 1249
3 1207 1208 1249
3 1249 1208 1250
3 1208 1209 1250
3 1250 1209 1251
3 1209 1210 1251
3 1251 1210 1252
3 1210 1211 1252
3 1252 1211 1253
3 1211 1212 1253
3 1253 1212 1254
3 1212 1213 1254
3 1254 1213 1255
3 1213 1214 1255
3 1255 1214 1256
3 1214 1215 1256
3 1256 1215 1257
3 1215 1216 1257
3 1257 1216 1258
3 1216 1217 1258
3 1258 1217 1259
3 1217 1218 1259
3 1259 1218 1260
3 1218 1219 1260
3 1260 1219 1261
3 1219 1220 1261
3 1261 1220 1262
3 1220 1221 1262
3 1262 1221 1263
3 1221 1222 1263
3 1263 1222 1264
3 1222 1223 1264
3 1264 1223 1265
3 1223 1224 1265
3 1265 1224 1266
3 1224 1225 1266
3 1266 1225 1267
3 1225 1226 1267
3 1267 1226 1268
3 1226 1227 1268
3 1268 1227 1269
3 1227 1228 1269
3 1269 1228 1270
3 1228 1229 1270
3 1271 1230 1272
3 1230 1231 1272
3 1272 1231 1273
3 1231 1232 1273
3 1273 1232 1274
3 1232 1233 1274
3 1274 1233 1275
3 1233 1234 1275
3 1275 1234 1276
3 1234 1235 1276
3 1276 1235 1277
3 1235 1236 1277
3 1277 1236 1278
3 1236 1237 1278
3 1278 1237 1279
3 1237 1238 1279
3 1279 1238 1280
3 1238 1239 1280
3 1280 1239 1281
3 1239 1240 1281
3 1281 1240 1282
3 1240 1283 1282
3 1240 1241 1283
3 1241 1242 1283
3 1283 1242 1284
3 1242 1243 1284
3 1284 1243 1285
3 1243 1244 1285
3 1285 1244 1286
3 1244 1245 1286
3 1286 1245 1287
3 1245 1246 1287
3 1287 1246 1288
3 1246 1247 1288
3 1288 1247 1289
3 1247 1248 1289
3 1289 1248 1290
3 1248 1249 1290
3 1290 1249 1291
3 1249 1250 1291
3 1291 1250 1292
3 1250 1251 1292
3 1292 1251 1293
3 1251 1252 1293
3 1293 1252 1294
3 1252 1253 1294
3 1294 1253 1295
3 1253 1254 1295
3 1295 1254 1296
3 1254 1255 1296
3 1296 1255 1297
3 1255 1256 1297
3 1297 1256 1298
3 1256 1257 1298
3 1298 1257 1299
3 1257 1258 1299
3 1299 1258 1300
3 1258 1259 1300
3 1300 1259 1301
3 1259 1260 1301
3 1301 1260 1302
3 1260 1261 1302
3 1302 1261 1303
3 1261 1262 1303
3 1303 1262 1304
3 1262 1263 1304
3 1304 1263 1305
3 1263 1264 1305
3 1305 1264 1306
3 1264 1265 1306
3 1306 1265 1307
3 1265 1266 1307
3 1307 1266 1308
3 1266 1267 1308
3 1308 1267 1309
3 1267 1268 1309
3 1309 1268 1310
3 1268 1269 1310
3 1310 1269 1311
3 1269 1270 1311
3 1311 1270 1312
3 1271 1272 1313
3 1313 1272 1314
3 1272 1273 1314
3 1314 1273 1315
3 1273 1274 1315
3 1315 1274 1316
3 1274 1275 1316
3 1316 1275 1317
3 1275 1276 1317
3 1317 1276 1318
3 1276 1277 1318
3 1318 1277 1319
3 1277 1278 1319
3 1319 1278 1320
3 1278 1279 1320
3 1320 1279 1321
3 1279 1280 1321
3 1321 1280 1322
3 1280 1281 1322
3 1322 1281 1323
3 1281 1282 1323
3 1323 1282 1324
3 1282 1325 1324
3 1282 1283 1325
3 1283 1326 1325
3 1283 1284 1326
3 1284 1285 1326
3 1326 1285 1327
3 1285 1286 1327
3 1327 1286 1328
3 1286 1287 1328
3 1328 1287 1329
3 1287 1288 1329
3 1329 1288 1330
3 1288 1289 1330
3 1330 1289 1331
3 1289 1290 1331
3 1331 1290 1332
3 1290 1291 1332
3 1332 1291 1333
3 1291 1292 1333
3 1333 1292 1334
3 1292 1293 1334
3 1334 1293 1335
3 1293 1294 1335
3 1335 1294 1336
3 1294 1295 1336
3 1336 1295 1337
3 1295 1296 1337
3 1337 1296 1338
3 1296 1297 1338
3 1338 1297 1339
3 1297 1298 1339
3 1339 1298 1340
3 1298 1299 1340
3 1340 1299 1341
3 1299 1300 1341
3 1341 1300 1342
3 1300 1301 1342
3 1342 1301 1343
3 1301 1302 1343
3 1343 1302 1344
3 1302 1345 1344
3 1302 1303 1345
3 1303 1304 1345
3 1345 1304 1346
3 1304 1305 1346
3 1346 1305 1347
3 1305 1306 1347
3 1347 1306 1348
3 1306 1307 1348
3 1348 1307 1349
3 1307 1350 1349
3 1307 1308 1350
3 1308 1351 1350
3 1308 1309 1351
3 1309 1352 1351
3 1309 1310 1352
3 1310 1353 1352
3 1310 1311 1353
3 1311 1354 1353
3 1311 1312 1354
3 1313 1314 1355
3 1355 1314 1356
3 1314 1315 1356
3 1356 1315 1357
3 1315 1316 1357
3 1357 1316 1358
3 1316 1317 1358
3 1358 1317 1359
3 1317 1318 1359
3 1359 1318 1360
3 1318 1319 1360
3 1360 1319 1361
3 1319 1320 1361
3 1361 1320 1362
3 1320 1321 1362
3 1362 1321 1363
3 1321 1322 1363
3 1363 1322 1364
3 1322 1323 1364
3 1364 1323 1365
3 1323 1366 1365
3 1323 1324 1366
3 1324 1367 1366
3 1324 1325 1367
3 1325 1368 1367
3 1325 1326 1368
3 1326 1369 1368
3 1326 1327 1369
3 1327 1328 1369
3 1369 1328 1370
3 1328 1329 1370
3 1370 1329 1371
3 1329 1372 1371
3 1329 1330 1372
3 1330 1331 1372
3 1372 1331 1373
3 1331 1332 1373
3 1373 1332 1374
3 1332 1333 1374
3 1374 1333 1375
3 1333 1334 1375
3 1375 1334 1376
3 1334 1335 1376
3 1376 1335 1377
3 1335 1336 1377
3 1377 1336 1378
3 1336 1379 1378
3 1336 1337 1379
3 1337 1380 1379
3 1337 1338 1380
3 1338 1339 1380
3 1380 1339 1381
3 1339 1340 1381
3 1381 1340 1382
3 1340 1341 1382
3 1382 1341 1383
3 1341 1342 1383
3 1383 1342 1384
3 1342 1343 1384
3 1384 1343 1385
3 1343 1344 1385
3 1385 1344 1386
3 1344 1345 1386
3 1386 1345 1387
3 1345 1346 1387
3 1387 1346 1388
3 1346 1347 1388
3 1388 1347 1389
3 1347 1348 1389
3 1389 1348 1390
3 1348 1391 1390
3 1348 1349 1391
3 1349 1392 1391
3 1349 1350 1392
3 1350 1393 1392
3 1350 1351 1393
3 1351 1394 1393
3 1351 1352 1394
3 1352 1395 1394
3 1352 1353 1395
3 1353 1354 1395
3 1395 1354 1396
3 1355 1356 1397
3 1397 1356 1398
3 1356 1357 1398
3 1398 1357 1399
3 1357 1358 1399
3 1399 1358 1400
3 1358 1401 1400
3 1358 1359 1401
3 1359 1360 1401
3 1401 1360 1402
3 1360 1361 1402
3 1402 1361 1403
3 1361 1404 1403
3 1361 1362 1404
3 1362 1405 1404
3 1362 1363 1405
3 1363 1364 1405
3 1405 1364 1406
3 1364 1407 1406
3 1364 1365 1407
3 1365 1408 1407
3 1365 1366 1408
3 1366 1409 1408
3 1366 1367 1409
3 1367 1410 1409
3 1367 1368 1410
3 1368 1411 1410
3 1368 1369 1411
3 1369 1370 1411
3 1411 1370 1412
3 1370 1371 1412
3 1412 1371 1413
3 1371 1414 1413
3 1371 1372 1414
3 1372 1373 1414
3 1414 1373 1415
3 1373 1374 1415
3 1415 1374 1416
3 1374 1375 1416
3 1416 1375 1417
3 1375 1376 1417
3 1417 1376 1418
3 1376 1377 1418
3 1418 1377 1419
3 1377 1378 1419
3 1419 1378 1420
3 1378 1421 1420
3 1378 1379 1421
3 1379 1422 1421
3 1379 1380 1422
3 1380 1423 1422
3 1380 1381 1423
3 1381 1382 1423
3 1423 1382 1424
3 1382 1383 1424
3 1424 1383 1425
3 1383 1384 1425
3 1425 1384 1426
3 1384 1385 1426
3 1426 1385 1427
3 1385 1386 1427
3 1427 1386 1428
3 1386 1387 1428
3 1428 1387 1429
3 1387 1388 1429
3 1429 1388 1430
3 1388 1389 1430
3 1430 1389 1431
3 1389 1390 1431
3 1431 1390 1432
3 1390 1433 1432
3 1390 1391 1433
3 1391 1434 1433
3 1391 1392 1434
3 1392 1435 1434
3 1392 1393 1435
3 1393 1394 1435
3 1435 1394 1436
3 1394 1395 1436
3 1436 1395 1437
3 1395 1396 1437
3 1437 1396 1438
3 1397 1439 1440
3 1397 1398 1439
3 1398 1441 1439
3 1398 1399 1441
3 1399 1442 1441
3 1399 1400 1442
3 1400 1443 1442
3 1400 1401 1443
3 1401 1444 1443
3 1401 1402 1444
3 1402 1445 1444
3 1402 1403 1445
3 1403 1446 1445
3 1403 1404 1446
3 1404 1447 1446
3 1404 1405 1447
3 1405 1448 1447
3 1405 1406 1448
3 1406 1449 1448
3 1406 1407 1449
3 1407 1450 1449
3 1407 1408 1450
3 1408 1451 1450
3 1408 1409 1451
3 1409 1452 1451
3 1409 1410 1452
3 1410 1453 1452
3 1410 1411 1453
3 1411 1454 1453
3 1411 1412 1454
3 1412 1455 1454
3 1412 1413 1455
3 1413 1456 1455
3 1413 1414 1456
3 1414 1457 1456
3 1414 1415 1457
3 1415 1458 1457
3 1415 1416 1458
3 1416 1459 1458
3 1416 1417 1459
3 1417 1460 1459
3 1417 1418 1460
3 1418 1461 1460
3 1418 1419 1461
3 1419 1462 1461
3 1419 1420 1462
3 1420 1463 1462
3 1420 1421 1463
3 1421 1464 1463
3 1421 1422 1464
3 1422 1465 1464
3 1422 1423 1465
3 1423 1466 1465
3 1423 1424 1466
3 1424 1467 1466
3 1424 1425 1467
3 1425 1468 1467
3 1425 1426 1468
3 1426 1469 1468
3 1426 1427 1469
3 1427 1428 1469
3 1469 1428 1470
3 1428 1429 1470
3 1470 1429 1471
3 1429 1430 1471
3 1471 1430 1472
3 1430 1431 1472
3 1472 1431 1473
3 1431 1432 1473
3 1473 1432 1474
3 1432 1433 1474
3 1474 1433 1475
3 1433 1434 1475
3 1475 1434 1476
3 1434 1477 1476
3 1434 1435 1477
3 1435 1478 1477
3 1435 1436 1478
3 1436 1479 1478
3 1436 1437 1479
3 1437 1480 1479
3 1437 1438 1480
3 1440 1481 1482
3 1440 1439 1481
3 1439 1483 1481
3 1439 1441 1483
3 1441 1442 1483
3 1483 1442 1484
3 1442 1443 1484
3 1484 1443 1485
3 1443 1444 1485
3 1485 1444 1486
3 1444 1445 1486
3 1486 1445 1487
3 1445 1446 1487
3 1487 1446 1488
3 1446 1489 1488
3 1446 1447 1489
3 1447 1490 1489
3 1447 1448 1490
3 1448 1491 1490
3 1448 1449 1491
3 1449 1450 1491
3 1491 1450 1492
3 1450 1493 1492
3 1450 1451 1493
3 1451 1494 1493
3 1451 1452 1494
3 1452 1453 1494
3 1494 1453 1495
3 1453 1454 1495
3 1495 1454 1496
3 1454 1497 1496
3 1454 1455 1497
3 1455 1498 1497
3 1455 1456 1498
3 1456 1499 1498
3 1456 1457 1499
3 1457 1500 1499
3 1457 1458 1500
3 1458 1501 1500
3 1458 1459 1501
3 1459 1460 1501
3 1501 1460 1502
3 1460 1461 1502
3 1502 1461 1503
3 1461 1462 1503
3 1503 1462 1504
3 1462 1505 1504
3 1462 1463 1505
3 1463 1506 1505
3 1463 1464 1506
3 1464 1507 1506
3 1464 1465 1507
3 1465 1508 1507
3 1465 1466 1508
3 1466 1509 1508
3 1466 1467 1509
3 1467 1510 1509
3 1467 1468 1510
3 1468 1511 1510
3 1468 1469 1511
3 1469 1512 1511
3 1469 1470 1512
3 1470 1471 1512
3 1512 1471 1513
3 1471 1472 1513
3 1513 1472 1514
3 1472 1473 1514
3 1514 1473 1515
3 1473 1474 1515
3 1515 1474 1516
3 1474 1475 1516
3 1516 1475 1517
3 1475 1476 1517
3 1517 1476 1518
3 1476 1477 1518
3 1518 1477 1519
3 1477 1478 1519
3 1519 1478 1520
3 1478 1479 1520
3 1520 1479 1521
3 1479 1480 1521
3 1521 1480 1522
3 1482 1481 1523
3 1523 1481 1524
3 1481 1483 1524
3 1524 1483 1525
3 1483 1484 1525
3 1525 1484 1526
3 1484 1485 1526
3 1526 1485 1527
3 1485 1486 1527
3 1527 1486 1528
3 1486 1487 1528
3 1528 1487 1529
3 1487 1488 1529
3 1529 1488 1530
3 1488 1489 1530
3 1530 1489 1531
3 1489 1490 1531
3 1531 1490 1532
3 1490 1491 1532
3 1532 1491 1533
3 1491 1492 1533
3 1533 1492 1534
3 1492 1493 1534
3 1534 1493 1535
3 1493 1494 1535
3 1535 1494 1536
3 1494 1495 1536
3 1536 1495 1537
3 1495 1496 1537
3 1537 1496 1538
3 1496 1497 1538
3 1538 1497 1539
3 1497 1498 1539
3 1539 1498 1540
3 1498 1499 1540
3 1540 1499 1541
3 1499 1500 1541
3 1541 1500 1542
3 1500 1501 1542
3 1542 1501 1543
3 1501 1502 1543
3 1543 1502 1544
3 1502 1503 1544
3 1544 1503 1545
3 1503 1504 1545
3 1545 1504 1546
3 1504 1505 1546
3 1546 1505 1547
3 1505 1506 1547
3 1547 1506 1548
3 1506 1507 1548
3 1548 1507 1549
3 1507 1508 1549
3 1549 1508 1550
3 1508 1509 1550
3 1550 1509 1551
3 1509 1510 1551
3 1551 1510 1552
3 1510 1511 1552
3 1552 1511 1553
3 1511 1512 1553
3 1553 1512 1554
3 1512 1513 1554
3 1554 1513 1555
3 1513 1514 1555
3 1555 1514 1556
3 1514 1515 1556
3 1556 1515 1557
3 1515 1516 1557
3 1557 1516 1558
3 1516 1517 1558
3 1558 1517 1559
3 1517 1518 1559
3 1559 1518 1560
3 1518 1519 1560
3 1560 1519 1561
3 1519 1520 1561
3 1561 1520 1562
3 1520 1521 1562
3 1562 1521 1563
3 1521 1522 1563
3 1563 1522 1564
3 1565 1523 1566
3 1523 1524 1566
3 1566 1524 1567
3 1524 1525 1567
3 1567 1525 1568
3 1525 1526 1568
3 1568 1526 1569
3 1526 1527 1569
3 1569 1527 1570
3 1527 1528 1570
3 1570 1528 1571
3 1528 1529 1571
3 1571 1529 1572
3 1529 1530 1572
3 1572 1530 1573
3 1530 1531 1573
3 1573 1531 1574
3 1531 1532 1574
3 1574 1532 1575
3 1532 1533 1575
3 1575 1533 1576
3 1533 1534 1576
3 1576 1534 1577
3 1534 1535 1577
3 1577 1535 1578
3 1535 1536 1578
3 1578 1536 1579
3 1536 1537 1579
3 1579 1537 1580
3 1537 1538 1580
3 1580 1538 1581
3 1538 1539 1581
3 1581 1539 1582
3 1539 1540 1582
3 1582 1540 1583
3 1540 1541 1583
3 1583 1541 1584
3 1541 1542 1584
3 1584 1542 1585
3 1542 1543 1585
3 1585 1543 1586
3 1543 1544 1586
3 1586 1544 1587
3 1544 1545 1587
3 1587 1545 1588
3 1545 1546 1588
3 1588 1546 1589
3 1546 1547 1589
3 1589 1547 1590
3 1547 1548 1590
3 1590 1548 1591
3 1548 1549 1591
3 1591 1549 1592
3 1549 1550 1592
3 1592 1550 1593
3 1550 1551 1593
3 1593 1551 1594
3 1551 1552 1594
3 1594 1552 1595
3 1552 1553 1595
3 1595 1553 1596
3 1553 1554 1596
3 1596 1554 1597
3 1554 1555 1597
3 1597 1555 1598
3 1555 1556 1598
3 1598 1556 1599
3 1556 1557 1599
3 1599 1557 1600
3 1557 1558 1600
3 1600 1558 1601
3 1558 1559 1601
3 1601 1559 1602
3 1559 1560 1602
3 1602 1560 1603
3 1560 1561 1603
3 1603 1561 1604
3 1561 1562 1604
3 1604 1562 1605
3 1562 1563 1605
3 1605 1563 1606
3 1563 1564 1606
3 1606 1564 1607
3 1565 1566 1608
3 1608 1566 1609
3 1566 1567 1609
3 1609 1567 1610
3 1567 1568 1610
3 1610 1568 1611
3 1568 1569 1611
3 1611 1569 1612
3 1569 1570 1612
3 1612 1570 1613
3 1570 1571 1613
3 1613 1571 1614
3 1571 1572 1614
3 1614 1572 1615
3 1572 1573 1615
3 1615 1573 1616
3 1573 1574 1616
3 1616 1574 1617
3 1574 1575 1617
3 1617 1575 1618
3 1575 1576 1618
3 1618 1576 1619
3 1576 1577 1619
3 1619 1577 1620
3 1577 1578 1620
3 1620 1578 1621
3 1578 1579 1621
3 1621 1579 1622
3 1579 1580 1622
3 1622 1580 1623
3 1580 1581 1623
3 1623 1581 1624
3 1581 1582 1624
3 1624 1582 1625
3 1582 1583 1625
3 1625 1583 1626
3 1583 1584 1626
3 1626 1584 1627
3 1584 1585 1627
3 1627 1585 1628
3 1585 1586 1628
3 1628 1586 1629
3 1586 1587 1629
3 1629 1587 1630
3 1587 1588 1630
3 1630 1588 1631
3 1588 1589 1631
3 1631 1589 1632
3 1589 1590 1632
3 1632 1590 1633
3 1590 1591 1633
3 1633 1591 1634
3 1591 1592 1634
3 1634 1592 1635
3 1592 1593 1635
3 1635 1593 1636
3 1593 1594 1636
3 1636 1594 1637
3 1594 1595 1637
3 1637 1595 1638
3 1595 1596 1638
3 1638 1596 1639
3 1596 1597 1639
3 1639 1597 1640
3 1597 1598 1640
3 1640 1598 1641
3 1598 1599 1641
3 1641 1599 1642
3 1599 1600 1642
3 1642 1600 1643
3 1600 1601 1643
3 1643 1601 1644
3 1601 1602 1644
3 1644 1602 1645
3 1602 1603 1645
3 1645 1603 1646
3 1603 1647 1646
3 1603 1604 1647
3 1604 1648 1647
3 1604 1605 1648
3 1605 1649 1648
3 1605 1606 1649
3 1606 1650 1649
3 1606 1607 1650
3 1651 1608 1652
3 1608 1609 1652
3 1652 1609 1653
3 1609 1610 1653
3 1653 1610 1654
3 1610 1611 1654
3 1654 1611 1655
3 1611 1612 1655
3 1655 1612 1656
3 1612 1613 1656
3 1656 1613 1657
3 1613 1614 1657
3 1657 1614 1658
3 1614 1615 1658
3 1658 1615 1659
3 1615 1616 1659
3 1659 1616 1660
3 1616 1617 1660
3 1660 1617 1661
3 1617 1618 1661
3 1661 1618 1662
3 1618 1619 1662
3 1662 1619 1663
3 1619 1620 1663
3 1663 1620 1664
3 1620 1621 1664
3 1664 1621 1665
3 1621 1622 1665
3 1665 1622 1666
3 1622 1623 1666
3 1666 1623 1667
3 1623 1624 1667
3 1667 1624 1668
3 1624 1625 1668
3 1668 1625 1669
3 1625 1670 1669
3 1625 1626 1670
3 1626 1627 1670
3 1670 1627 1671
3 1627 1628 1671
3 1671 1628 1672
3 1628 1629 1672
3 1672 1629 1673
3 1629 1630 1673
3 1673 1630 1674
3 1630 1631 1674
3 1674 1631 1675
3 1631 1632 1675
3 1675 1632 1676
3 1632 1633 1676
3 1676 1633 1677
3 1633 1634 1677
3 1677 1634 1678
3 1634 1635 1678
3 1678 1635 1679
3 1635 1636 1679
3 1679 1636 1680
3 1636 1637 1680
3 1680 1637 1681
3 1637 1638 1681
3 1681 1638 1682
3 1638 1639 1682
3 1682 1639 1683
3 1639 1640 1683
3 1683 1640 1684
3 1640 1641 1684
3 1684 1641 1685
3 1641 1642 1685
3 1685 1642 1686
3 1642 1643 1686
3 1686 1643 1687
3 1643 1644 1687
3 1687 1644 1688
3 1644 1645 1688
3 1688 1645 1689
3 1645 1646 1689
3 1689 1646 1690
3 1646 1647 1690
3 1690 1647 1691
3 1647 1692 1691
3 1647 1648 1692
3 1648 1693 1692
3 1648 1649 1693
3 1649 1650 1693
3 1693 1650 1694
3 1651 1652 1695
3 1695 1652 1696
3 1652 1653 1696
3 1696 1653 1697
3 1653 1654 1697
3 1697 1654 1698
3 1654 1655 1698
3 1698 1655 1699
3 1655 1656 1699
3 1699 1656 1700
3 1656 1657 1700
3 1700 1657 1701
3 1657 1658 1701
3 1701 1658 1702
3 1658 1659 1702
3 1702 1659 1703
3 1659 1660 1703
3 1703 1660 1704
3 1660 1661 1704
3 1704 1661 1705
3 1661 1662 1705
3 1705 1662 1706
3 1662 1663 1706
3 1706 1663 1707
3 1663 1664 1707
3 1707 1664 1708
3 1664 1665 1708
3 1708 1665 1709
3 1665 1666 1709
3 1709 1666 1710
3 1666 1667 1710
3 1710 1667 1711
3 1667 1668 1711
3 1711 1668 1712
3 1668 1669 1712
3 1712 1669 1713
3 1669 1670 1713
3 1713 1670 1714
3 1670 1671 1714
3 1714 1671 1715
3 1671 1672 1715
3 1715 1672 1716
3 1672 1673 1716
3 1716 1673 1717
3 1673 1674 1717
3 1717 1674 1718
3 1674 1675 1718
3 1718 1675 1719
3 1675 1676 1719
3 1719 1676 1720
3 1676 1677 1720
3 1720 1677 1721
3 1677 1678 1721
3 1721 1678 1722
3 1678 1679 1722
3 1722 1679 1723
3 1679 1680 1723
3 1723 1680 1724
3 1680 1681 1724
3 1724 1681 1725
3 1681 1682 1725
3 1725 1682 1726
3 1682 1683 1726
3 1726 1683 1727
3 1683 1684 1727
3 1727 1684 1728
3 1684 1685 1728
3 1728 1685 1729
3 1685 1686 1729
3 1729 1686 1730
3 1686 1687 1730
3 1730 1687 1731
3 1687 1688 1731
3 1731 1688 1732
3 1688 1689 1732
3 1732 1689 1733
3 1689 1690 1733
3 1733 1690 1734
3 1690 1691 1734
3 1734 1691 1735
3 1691 1692 1735
3 1735 1692 1736
3 1692 1693 1736
3 1736 1693 1737
3 1693 1694 1737
3 1737 1694 1738
3 1739 1695 1740
3 1695 1696 1740
3 1740 1696 1741
3 1696 1697 1741
3 1741 1697 1742
3 1697 1698 1742
3 1742 1698 1743
3 1698 1699 1743
3 1743 1699 1744
3 1699 1700 1744
3 1744 1700 1745
3 1700 1701 1745
3 1745 1701 1746
3 1701 1702 1746
3 1746 1702 1747
3 1702 1703 1747
3 1747 1703 1748
3 1703 1704 1748
3 1748 1704 1749
3 1704 1705 1749
3 1749 1705 1750
3 1705 1706 1750
3 1750 1706 1751
3 1706 1707 1751
3 1751 1707 1752
3 1707 1708 1752
3 1752 1708 1753
3 1708 1709 1753
3 1753 1709 1754
3 1709 1710 1754
3 1754 1710 1755
3 1710 1711 1755
3 1755 1711 1756
3 1711 1712 1756
3 1756 1712 1757
3 1712 1713 1757
3 1757 1713 1758
3 1713 1714 1758
3 1758 1714 1759
3 1714 1715 1759
3 1759 1715 1760
3 1715 1716 1760
3 1760 1716 1761
3 1716 1717 1761
3 1761 1717 1762
3 1717 1718 1762
3 1762 1718 1763
3 1718 1719 1763
3 1763 1719 1764
3 1719 1720 1764
3 1764 1720 1765
3 1720 1721 1765
3 1765 1721 1766
3 1721 1722 1766
3 1766 1722 1767
3 1722 1723 1767
3 1767 1723 1768
3 1723 1724 1768
3 1768 1724 1769
3 1724 1725 1769
3 1769 1725 1770
3 1725 1726 1770
3 1770 1726 1771
3 1726 1727 1771
3 1771 1727 1772
3 1727 1728 1772
3 1772 1728 1773
3 1728 1729 1773
3 1773 1729 1774
3 1729 1730 1774
3 1774 1730 1775
3 1730 1731 1775
3 1775 1731 1776
3 1731 1732 1776
3 1776 1732 1777
3 1732 1733 1777
3 1777 1733 1778
3 1733 1734 1778
3 1778 1734 1779
3 1734 1735 1779
3 1779 1735 1780
3 1735 1736 1780
3 1780 1736 1781
3 1736 1737 1781
3 1781 1737 1782
3 1737 1738 1782
3 1739 1740 1783
3 1783 1740 1784
3 1740 1741 1784
3 1784 1741 1785
3 1741 1742 1785
3 1785 1742 1786
3 1742 1743 1786
3 1786 1743 1787
3 1743 1744 1787
3 1787 1744 1788
3 1744 1745 1788
3 1788 1745 1789
3 1745 1746 1789
3 1789 1746 1790
3 1746 1747 1790
3 1790 1747 1791
3 1747 1748 1791
3 1791 1748 1792
3 1748 1749 1792
3 1792 1749 1793
3 1749 1750 1793
3 1793 1750 1794
3 1750 1751 1794
3 1794 1751 1795
3 1751 1752 1795
3 1795 1752 1796
3 1752 1753 1796
3 1796 1753 1797
3 1753 1754 1797
3 1797 1754 1798
3 1754 1755 1798
3 1798 1755 1799
3 1755 1756 1799
3 1799 1756 1800
3 1756 1757 1800
3 1800 1757 1801
3 1757 1758 1801
3 1801 1758 1802
3 1758 1759 1802
3 1802 1759 1803
3 1759 1760 1803
3 1803 1760 1804
3 1760 1761 1804
3 1804 1761 1805
3 1761 1762 1805
3 1805 1762 1806
3 1762 1763 1806
3 1806 1763 1807
3 1763 1764 1807
3 1807 1764 1808
3 1764 1765 1808
3 1808 1765 1809
3 1765 1766 1809
3 1809 1766 1810
3 1766 1767 1810
3 1810 1767 1811
3 1767 1768 1811
3 1811 1768 1812
3 1768 1769 1812
3 1812 1769 1813
3 1769 1770 1813
3 1813 1770 1814
3 1770 1771 1814
3 1814 1771 1815
3 1771 1772 1815
3 1815 1772 1816
3 1772 1773 1816
3 1816 1773 1817
3 1773 1774 1817
3 1817 1774 1818
3 1774 1775 1818
3 1818 1775 1819
3 1775 1776 1819
3 1819 1776 1820
3 1776 1777 1820
3 1820 1777 1821
3 1777 1778 1821
3 1821 1778 1822
3 1778 1779 1822
3 1822 1779 1823
3 1779 1780 1823
3 1823 1780 1824
3 1780 1781 1824
3 1824 1781 1825
3 1781 1782 1825
3 1825 1782 1826
3 1827 1783 1828
3 1783 1784 1828
3 1828 1784 1829
3 1784 1785 1829
3 1829 1785 1830
3 1785 1786 1830
3 1830 1786 1831
3 1786 1787 1831
3 1831 1787 1832
3 1787 1788 1832
3 1832 1788 1833
3 1788 1789 1833
3 1833 1789 1834
3 1789 1790 1834
3 1834 1790 1835
3 1790 1791 1835
3 1835 1791 1836
3 1791 1792 1836
3 1836 1792 1837
3 1792 1793 1837
3 1837 1793 1838
3 1793 1794 1838
3 1838 1794 1839
3 1794 1795 1839
3 1839 1795 1840
3 1795 1796 1840
3 1840 1796 1841
3 1796 1797 1841
3 1841 1797 1842
3 1797 1798 1842
3 1842 1798 1843
3 1798 1799 1843
3 1843 1799 1844
3 1799 1800 1844
3 1844 1800 1845
3 1800 1801 1845
3 1845 1801 1846
3 1801 1802 1846
3 1846 1802 1847
3 1802 1803 1847
3 1847 1803 1848
3 1803 1804 1848
3 1848 1804 1849
3 1804 1805 1849
3 1849 1805 1850
3 1805 1806 1850
3 1850 1806 1851
3 1806 1807 1851
3 1851 1807 1852
3 1807 1808 1852
3 1852 1808 1853
3 1808 1809 1853
3 1853 1809 1854
3 1809 1810 1854
3 1854 1810 1855
3 1810 1811 1855
3 1855 1811 1856
3 1811 1812 1856
3 1856 1812 1857
3 1812 1813 1857
3 1857 1813 1858
3 1813 1814 1858
3 1858 1814 1859
3 1814 1815 1859
3 1859 1815 1860
3 1815 1816 1860
3 1860 1816 1861
3 1816 1817 1861
3 1861 1817 1862
3 1817 1818 1862
3 1862 1818 1863
3 1818 1819 1863
3 1863 1819 1864
3 1819 1820 1864
3 1864 1820 1865
3 1820 1821 1865
3 1865 1821 1866
3 1821 1822 1866
3 1866 1822 1867
3 1822 1823 1867
3 1867 1823 1868
3 1823 1824 1868
3 1868 1824 1869
3 1824 1825 1869
3 1869 1825 1870
3 1825 1826 1870
3 1870 1826 1871
3 1827 1828 0
3 0 1828 1
3 1828 1829 1
3 1 1829 4
3 1829 1830 4
3 4 1830 6
3 1830 1831 6
3 6 1831 8
3 1831 1832 8
3 8 1832 10
3 1832 1833 10
3 10 1833 12
3 1833 1834 12
3 12 1834 14
3 1834 1835 14
3 14 1835 16
3 1835 1836 16
3 16 1836 18
3 1836 1837 18
3 18 1837 20
3 1837 1838 20
3 20 1838 22
3 1838 1839 22
3 22 1839 24
3 1839 1840 24
3 24 1840 26
3 1840 28 26
3 1840 1841 28
3 1841 30 28
3 1841 1842 30
3 1842 32 30
3 1842 1843 32
3 1843 34 32
3 1843 1844 34
3 1844 36 34
3 1844 1845 36
3 1845 38 36
3 1845 1846 38
3 1846 40 38
3 1846 1847 40
3 1847 42 40
3 1847 1848 42
3 1848 44 42
3 1848 1849 44
3 1849 46 44
3 1849 1850 46
3 1850 48 46
3 1850 1851 48
3 1851 50 48
3 1851 1852 50
3 1852 52 50
3 1852 1853 52
3 1853 1854 52
3 52 1854 54
3 1854 1855 54
3 54 1855 56
3 1855 1856 56
3 56 1856 58
3 1856 1857 58
3 58 1857 60
3 1857 1858 60
3 60 1858 61
3 1858 1859 61
3 61 1859 64
3 1859 1860 64
3 64 1860 65
3 1860 1861 65
3 65 1861 67
3 1861 1862 67
3 67 1862 69
3 1862 1863 69
3 69 1863 71
3 1863 1864 71
3 71 1864 73
3 1864 1865 73
3 73 1865 75
3 1865 1866 75
3 75 1866 77
3 1866 79 77
3 1866 1867 79
3 1867 81 79
3 1867 1868 81
3 1868 83 81
3 1868 1869 83
3 1869 1870 83
3 83 1870 85
3 1870 87 85
3 1870 1871 87

CELL_DATA 3573
SCALARS longitude float 1
LOOKUP_TABLE default
136.36500549316406
136.46600341796875
136.36300659179688
136.468994140625
136.36900329589844
136.47500610351562
136.37100219726562
136.4709930419922
136.36599731445312
136.47000122070312
136.36500549316406
136.47000122070312
136.36700439453125
136.47000122070312
136.36300659179688
136.46400451660156
136.36099243164062
136.4669952392578
136.36500549316406
136.47500610351562
136.37600708007812
136.49000549316406
136.39199829101562
136.50900268554688
136.41400146484375
136.5229949951172
136.41299438476562
136.5050048828125
136.38800048828125
136.4810028076172
136.36700439453125
136.46499633789062
136.3509979248047
136.45199584960938
136.33799743652344
136.4429931640625
136.33099365234375
136.43699645996094
136.32200622558594
136.42799377441406
136.31500244140625
136.42300415039062
136.30999755859375
136.42100524902344
136.3090057373047
136.4199981689453
136.30599975585938
136.41700744628906
136.3040008544922
136.41700744628906
136.3040008544922
136.41799926757812
136.30599975585938
136.4219970703125
136.30799865722656
136.4239959716797
136.31100463867188
136.42799377441406
136.31700134277344
136.322998046875
136.43899536132812
136.44400024414062
136.33200073242188
136.33399963378906
136.44700622558594
136.33700561523438
136.4510040283203
136.343994140625
136.4600067138672
136.35400390625
136.46800231933594
136.36199951171875
136.4770050048828
136.3730010986328
136.48699951171875
136.38499450683594
136.5
136.39300537109375
136.5030059814453
136.38900756835938
136.4980010986328
136.38400268554688
136.4929962158203
136.3820037841797
136.49400329589844
136.3820037841797
136.49099731445312
136.77499389648438
136.67100524902344
136.77099609375
136.6719970703125
136.7740020751953
136.67599487304688
136.77699279785156
136.677001953125
136.7779998779297
136.67599487304688
136.7790069580078
136.67799377441406
136.77699279785156
136.67300415039062
136.77099609375
136.6699981689453
136.7729949951172
136.67300415039062
136.77999877929688
136.6840057373047
136.7899932861328
136.69400024414062
136.79299926757812
136.70599365234375
136.8070068359375
136.718994140625
136.81399536132812
136.7100067138672
136.80499267578125
136.69200134277344
136.79299926757812
136.67999267578125
136.7830047607422
136.66900634765625
136.77499389648438
136.66299438476562
136.7689971923828
136.65499877929688
136.76199340820312
136.6490020751953
136.75900268554688
136.64599609375
136.75799560546875
136.64599609375
136.7570037841797
136.64300537109375
136.75399780273438
136.64199829101562
136.75399780273438
136.64300537109375
136.7570037841797
136.64599609375
136.76199340820312
136.6490020751953
136.76499938964844
136.65199279785156
136.76800537109375
136.65699768066406
136.77499389648438
136.6649932861328
136.781005859375
136.66900634765625
136.7830047607422
136.6719970703125
136.78599548339844
136.67599487304688
136.79200744628906
136.6840057373047
136.8000030517578
136.6909942626953
136.8070068359375
136.69900512695312
136.70599365234375
136.82000732421875
136.7169952392578
136.83200073242188
136.83599853515625
136.7239990234375
136.83200073242188
136.72000122070312
136.82699584960938
136.71499633789062
136.71400451660156
136.8260040283203
136.8249969482422
136.71200561523438
137.05799865722656
136.96800231933594
137.06399536132812
136.9709930419922
137.07200622558594
136.9739990234375
137.08200073242188
136.98300170898438
137.09300231933594
136.98800659179688
137.0959930419922
136.98899841308594
137.0919952392578
136.9810028076172
137.08399963378906
136.97900390625
137.08599853515625
136.9810028076172
137.0919952392578
136.99099731445312
137.0989990234375
136.99400329589844
137.093994140625
136.98800659179688
137.0970001220703
137.0030059814453
137.12100219726562
137.02000427246094
137.1280059814453
137.01699829101562
137.1179962158203
137.0070037841797
137.11000061035156
136.99899291992188
137.10499572753906
136.99400329589844
137.0989990234375
136.98699951171875
137.0919952392578
136.98199462890625
137.08999633789062
136.97999572753906
137.09100341796875
136.98199462890625
137.0919952392578
136.97900390625
137.08900451660156
136.97799682617188
137.09100341796875
136.97900390625
137.093994140625
136.98399353027344
137.0989990234375
136.98699951171875
137.1020050048828
136.99200439453125
137.10699462890625
136.99600219726562
137.11099243164062
137.0019989013672
137.11599731445312
137.0050048828125
137.11599731445312
137.00599670410156
137.11900329589844
137.00999450683594
137.12399291992188
137.01699829101562
137.13299560546875
137.0240020751953
137.14100646972656
137.0330047607422
137.14999389648438
137.04200744628906
137.0489959716797
137.1649932861328
137.16799926757812
137.05599975585938
137.16400146484375
137.052001953125
137.16000366210938
137.0469970703125
137.0469970703125
137.15699768066406
137.0449981689453
137.1529998779297
137.3470001220703
137.24899291992188
137.35800170898438
137.26300048828125
137.37399291992188
137.2760009765625
137.38600158691406
137.2899932861328
137.3979949951172
137.3000030517578
137.4010009765625
137.302001953125
137.4010009765625
137.29800415039062
137.3979949951172
137.2949981689453
137.39999389648438
137.29600524902344
137.406005859375
137.30599975585938
137.41200256347656
137.3070068359375
137.4040069580078
137.29600524902344
137.406005859375
137.31300354003906
137.43600463867188
137.33799743652344
137.447998046875
137.33900451660156
137.44000244140625
137.3300018310547
137.4320068359375
137.32400512695312
137.42999267578125
137.32200622558594
137.42599487304688
137.31399536132812
137.41799926757812
137.30799865722656
137.41600036621094
137.30799865722656
137.41900634765625
137.31199645996094
137.4239959716797
137.31399536132812
137.4250030517578
137.31399536132812
137.42799377441406
137.3159942626953
137.42999267578125
137.32000732421875
137.4340057373047
137.322998046875
137.43499755859375
137.3260040283203
137.4409942626953
137.33200073242188
137.4459991455078
137.33700561523438
137.44900512695312
137.33700561523438
137.447998046875
137.33700561523438
137.4499969482422
137.34100341796875
137.45700073242188
137.3489990234375
137.46499633789062
137.3560028076172
137.47300720214844
137.36599731445312
137.48399353027344
137.37600708007812
137.49400329589844
137.38699340820312
137.50100708007812
137.38800048828125
137.49600219726562
137.38400268554688
137.49099731445312
137.37899780273438
137.48800659179688
137.3780059814453
137.48699951171875
137.37399291992188
137.64599609375
137.55099487304688
137.66200256347656
137.56700134277344
137.677001953125
137.57899475097656
137.68699645996094
137.59300231933594
137.6999969482422
137.60000610351562
137.6999969482422
137.5989990234375
137.69900512695312
137.60000610351562
137.70399475097656
137.60499572753906
137.7100067138672
137.60899353027344
137.7169952392578
137.6179962158203
137.72300720214844
137.61700439453125
137.71200561523438
137.60499572753906
137.71400451660156
137.6230010986328
137.7449951171875
137.64999389648438
137.75900268554688
137.65499877929688
137.7530059814453
137.64700317382812
137.74600219726562
137.64100646972656
137.7429962158203
137.63999938964844
137.74099731445312
137.63499450683594
137.73399353027344
137.62899780273438
137.7310028076172
137.6269989013672
137.73300170898438
137.6320037841797
137.74099731445312
137.63900756835938
137.7469940185547
137.64300537109375
137.7519989013672
137.6479949951172
137.75900268554688
137.6529998779297
137.76400756835938
137.6540069580078
137.76400756835938
137.656005859375
137.76699829101562
137.66000366210938
137.77099609375
137.66700744628906
137.7760009765625
137.66799926757812
137.7760009765625
137.66799926757812
137.77999877929688
137.6719970703125
137.78700256347656
137.67999267578125
137.7949981689453
137.68800354003906
137.80299377441406
137.69700622558594
137.81199645996094
137.70599365234375
137.822998046875
137.71800231933594
137.8300018310547
137.72000122070312
137.8249969482422
137.71400451660156
137.81900024414062
137.70799255371094
137.8159942626953
137.70799255371094
137.8159942626953
137.70599365234375
137.84300231933594
137.947998046875
137.86300659179688
137.96600341796875
137.875
137.9759979248047
137.88600158691406
137.98599243164062
137.8939971923828
137.98800659179688
137.8939971923828
137.98699951171875
137.89300537109375
137.98899841308594
137.8990020751953
137.9969940185547
137.90699768066406
138.00999450683594
137.92100524902344
138.0229949951172
137.92300415039062
138.01400756835938
137.9080047607422
138.01600646972656
137.9290008544922
138.0489959716797
137.95700073242188
138.06300354003906
137.9600067138672
138.0570068359375
137.95399475097656
138.0500030517578
137.947998046875
138.0449981689453
137.94400024414062
138.04299926757812
137.94200134277344
138.0399932861328
137.93800354003906
138.03700256347656
137.93600463867188
138.03900146484375
137.94000244140625
138.04299926757812
137.94400024414062
138.0500030517578
137.95399475097656
138.06100463867188
137.96299743652344
138.072998046875
137.9739990234375
138.08099365234375
137.97799682617188
138.08200073242188
137.97799682617188
138.08299255371094
137.97999572753906
138.08700561523438
137.98599243164062
138.0919952392578
137.98699951171875
138.093994140625
137.99099731445312
138.10299682617188
138.0
138.11300659179688
138.00799560546875
138.12100219726562
138.01499938964844
138.12899780273438
138.0240020751953
138.13800048828125
138.0330047607422
138.1479949951172
138.0449981689453
138.156005859375
138.04600524902344
138.1510009765625
138.04100036621094
138.14500427246094
138.03500366210938
138.14199829101562
138.03399658203125
138.14300537109375
138.0330047607422
138.2310028076172
138.14300537109375
138.25
138.15899658203125
138.26499938964844
138.17300415039062
138.2740020751953
138.17599487304688
138.27099609375
138.1750030517578
138.26699829101562
138.17300415039062
138.26499938964844
138.1750030517578
138.26400756835938
138.177001953125
138.27200317382812
138.19400024414062
138.2949981689453
138.21200561523438
138.30799865722656
138.2100067138672
138.31900024414062
138.22900390625
138.3520050048828
138.25900268554688
138.36900329589844
138.26499938964844
138.36399841308594
138.25799560546875
138.35699462890625
138.2519989013672
138.3509979248047
138.24600219726562
138.34500122070312
138.24200439453125
138.34300231933594
138.24099731445312
138.34300231933594
138.24099731445312
138.3470001220703
138.2469940185547
138.35400390625
138.24899291992188
138.35499572753906
138.25399780273438
138.36300659179688
138.26600646972656
138.37600708007812
138.281005859375
138.38900756835938
138.28900146484375
138.39199829101562
138.28900146484375
138.3939971923828
138.29200744628906
138.4010009765625
138.3000030517578
138.4080047607422
138.302001953125
138.40499877929688
138.302001953125
138.41200256347656
138.3159942626953
138.42999267578125
138.3300018310547
138.4429931640625
138.33900451660156
138.4530029296875
138.3489990234375
138.46400451660156
138.35800170898438
138.4739990234375
138.3699951171875
138.48199462890625
138.37100219726562
138.4770050048828
138.36700439453125
138.47300720214844
138.36099243164062
138.468994140625
138.36099243164062
138.47000122070312
138.35899353027344
138.47000122070312
138.42799377441406
138.5330047607422
138.4429931640625
138.54600524902344
138.45899963378906
138.5570068359375
138.46299743652344
138.5540008544922
138.45799255371094
138.54600524902344
138.44900512695312
138.53900146484375
138.447998046875
138.53599548339844
138.44200134277344
138.53199768066406
138.44900512695312
138.5489959716797
138.4720001220703
138.5709991455078
138.49099731445312
138.5989990234375
138.52499389648438
138.64599609375
138.56199645996094
138.67300415039062
138.572998046875
138.6739959716797
138.56900024414062
138.66799926757812
138.56199645996094
138.66200256347656
138.55599975585938
138.6540069580078
138.54800415039062
138.64700317382812
138.54600524902344
138.64700317382812
138.5469970703125
138.6510009765625
138.5540008544922
138.65699768066406
138.55799865722656
138.65699768066406
138.55999755859375
138.66200256347656
138.5659942626953
138.67100524902344
138.57899475097656
138.68600463867188
138.59100341796875
138.69500732421875
138.5959930419922
138.6999969482422
138.60000610351562
138.70899963378906
138.61099243164062
138.718994140625
138.61700439453125
138.72300720214844
138.61700439453125
138.7239990234375
138.6219940185547
138.73699951171875
138.64100646972656
138.75599670410156
138.6580047607422
138.77200317382812
138.67100524902344
138.78700256347656
138.68299865722656
138.7989959716797
138.6959991455078
138.80799865722656
138.697998046875
138.8040008544922
138.6929931640625
138.7989959716797
138.68899536132812
138.7969970703125
138.68899536132812
138.7989959716797
138.68800354003906
138.7989959716797
138.6909942626953
138.82200622558594
138.72799682617188
138.8300018310547
138.73800659179688
138.83599853515625
138.74099731445312
138.83299255371094
138.73899841308594
138.82699584960938
138.72900390625
138.81300354003906
138.72000122070312
138.80499267578125
138.71299743652344
138.80299377441406
138.7169952392578
138.81900024414062
138.73399353027344
138.83700561523438
138.75100708007812
138.8699951171875
138.79800415039062
138.92999267578125
138.8520050048828
138.9709930419922
138.87600708007812
138.9810028076172
138.8780059814453
138.97900390625
138.87399291992188
138.97300720214844
138.86700439453125
138.96499633789062
138.85699462890625
138.9530029296875
138.8489990234375
138.94900512695312
138.8489990234375
138.9499969482422
138.85299682617188
138.9530029296875
138.85499572753906
138.9530029296875
138.85499572753906
138.9550018310547
138.85899353027344
138.96400451660156
138.8719940185547
138.97799682617188
138.88400268554688
138.98800659179688
138.89300537109375
138.9980010986328
138.9029998779297
139.00900268554688
138.9149932861328
139.0229949951172
138.9239959716797
139.031005859375
138.9320068359375
139.0399932861328
138.93800354003906
139.0500030517578
138.9510040283203
139.06900024414062
138.9709930419922
139.09100341796875
138.99099731445312
139.10899353027344
139.00599670410156
139.12399291992188
139.02099609375
139.13299560546875
139.0229949951172
139.1280059814453
139.0189971923828
139.1230010986328
139.01400756835938
139.1199951171875
139.01400756835938
139.12100219726562
139.01300048828125
139.1230010986328
139.0189971923828
139.02000427246094
139.12399291992188
139.0279998779297
139.1280059814453
139.0279998779297
139.125
139.0240020751953
139.1179962158203
139.01499938964844
139.1020050048828
138.9980010986328
139.08200073242188
138.98199462890625
139.0760040283203
138.99000549316406
139.0959930419922
139.01100158691406
139.11700439453125
139.0279998779297
139.15199279785156
139.0800018310547
139.2209930419922
139.1439971923828
139.2689971923828
139.1750030517578
139.2830047607422
139.1840057373047
139.28700256347656
139.18499755859375
139.28700256347656
139.18099975585938
139.281005859375
139.17100524902344
139.27000427246094
139.15899658203125
139.25799560546875
139.15199279785156
139.2570037841797
139.15499877929688
139.25900268554688
139.15499877929688
139.25599670410156
139.1529998779297
139.25399780273438
139.1540069580078
139.25999450683594
139.16600036621094
139.27499389648438
139.17999267578125
139.28799438476562
139.1909942626953
139.29600524902344
139.197998046875
139.30499267578125
139.21099853515625
139.32200622558594
139.22799682617188
139.33999633789062
139.24200439453125
139.35299682617188
139.25100708007812
139.36599731445312
139.26699829101562
139.38800048828125
139.2899932861328
139.41400146484375
139.31399536132812
139.43499755859375
139.33099365234375
139.44900512695312
139.3459930419922
139.45799255371094
139.34800720214844
139.4530029296875
139.34300231933594
139.447998046875
139.33799743652344
139.44500732421875
139.33700561523438
139.44400024414062
139.3350067138672
139.4459991455078
139.3419952392578
139.41799926757812
139.32200622558594
139.4219970703125
139.32400512695312
139.4199981689453
139.32000732421875
139.41200256347656
139.30999755859375
139.39700317382812
139.29100036621094
139.37100219726562
139.26499938964844
139.3560028076172
139.26699829101562
139.3730010986328
139.28900146484375
139.3990020751953
139.31199645996094
139.44200134277344
139.37100219726562
139.51600646972656
139.43899536132812
139.5659942626953
139.47300720214844
139.5800018310547
139.48399353027344
139.58900451660156
139.49099731445312
139.5959930419922
139.49400329589844
139.59500122070312
139.48800659179688
139.58700561523438
139.47900390625
139.5780029296875
139.46800231933594
139.57200622558594
139.4669952392578
139.57400512695312
139.4669952392578
139.5679931640625
139.46099853515625
139.56100463867188
139.45799255371094
139.5659942626953
139.46800231933594
139.5800018310547
139.4810028076172
139.59100341796875
139.4929962158203
139.6009979248047
139.5019989013672
139.61000061035156
139.51100158691406
139.6230010986328
139.5279998779297
139.6439971923828
139.55099487304688
139.6649932861328
139.5659942626953
139.6820068359375
139.58399963378906
139.70799255371094
139.61099243164062
139.73699951171875
139.63800048828125
139.75900268554688
139.656005859375
139.7729949951172
139.67100524902344
139.78199768066406
139.67300415039062
139.77699279785156
139.66799926757812
139.77200317382812
139.66200256347656
139.7689971923828
139.66200256347656
139.7689971923828
139.65899658203125
139.77000427246094
139.66600036621094
139.7790069580078
139.718994140625
139.61900329589844
139.72000122070312
139.6179962158203
139.7169952392578
139.61599731445312
139.7100067138672
139.60499572753906
139.69400024414062
139.58700561523438
139.66900634765625
139.55799865722656
139.6490020751953
139.552001953125
139.66200256347656
139.57200622558594
139.68600463867188
139.59800720214844
139.63400268554688
139.75900268554688
139.81100463867188
139.73599243164062
139.86399841308594
139.77099609375
139.8820037841797
139.7830047607422
139.89199829101562
139.79400634765625
139.9029998779297
139.80299377441406
139.90699768066406
139.80099487304688
139.90199279785156
139.7949981689453
139.89500427246094
139.78700256347656
139.88900756835938
139.78500366210938
139.88600158691406
139.77999877929688
139.8780059814453
139.77200317382812
139.8719940185547
139.76800537109375
139.8769989013672
139.7779998779297
139.89100646972656
139.79100036621094
139.8990020751953
139.79800415039062
139.90499877929688
139.8070068359375
139.91799926757812
139.82000732421875
139.93299865722656
139.8350067138672
139.94700622558594
139.8509979248047
139.96800231933594
139.875
139.99600219726562
139.90199279785156
140.0260009765625
139.92999267578125
140.05499267578125
139.95799255371094
140.07699584960938
139.9759979248047
140.09100341796875
139.99099731445312
140.10000610351562
139.99400329589844
140.0959930419922
139.98899841308594
140.09100341796875
139.98300170898438
140.08900451660156
139.98300170898438
140.08999633789062
139.98199462890625
140.09100341796875
139.98800659179688
140.0989990234375
139.99400329589844
139.92599487304688
140.0279998779297
139.92100524902344
140.02000427246094
139.91700744628906
140.01400756835938
139.9080047607422
140.00100708007812
139.89100646972656
139.9759979248047
139.86099243164062
139.9550018310547
139.85299682617188
139.96499633789062
139.8699951171875
139.98899841308594
139.89500427246094
139.9320068359375
140.06300354003906
140.11599731445312
140.03599548339844
140.17100524902344
140.0749969482422
140.19000244140625
140.08999633789062
140.20199584960938
140.1020050048828
140.21400451660156
140.11300659179688
140.2209930419922
140.11500549316406
140.218994140625
140.11099243164062
140.21499633789062
140.1060028076172
140.21200561523438
140.10299682617188
140.2030029296875
140.09100341796875
140.19000244140625
140.08200073242188
140.18699645996094
140.08200073242188
140.19500732421875
140.093994140625
140.2100067138672
140.1060028076172
140.21600341796875
140.11000061035156
140.22000122070312
140.11700439453125
140.23399353027344
140.13299560546875
140.2550048828125
140.15199279785156
140.2740020751953
140.16700744628906
140.28900146484375
140.18600463867188
140.31500244140625
140.2169952392578
140.3459930419922
140.24899291992188
140.37399291992188
140.2760009765625
140.39599609375
140.29400634765625
140.41000366210938
140.30799865722656
140.41799926757812
140.31100463867188
140.41600036621094
140.30799865722656
140.41299438476562
140.30299377441406
140.41099548339844
140.3040008544922
140.41200256347656
140.30299377441406
140.41400146484375
140.30999755859375
140.4219970703125
140.31500244140625
140.33599853515625
140.22900390625
140.32400512695312
140.2209930419922
140.3179931640625
140.21499633789062
140.3090057373047
140.20199584960938
140.2899932861328
140.1739959716797
140.26800537109375
140.16400146484375
140.27699279785156
140.17999267578125
140.3000030517578
140.2050018310547
140.24200439453125
140.375
140.4290008544922
140.34800720214844
140.48300170898438
140.38600158691406
140.50100708007812
140.40199279785156
140.51499938964844
140.4149932861328
140.5290069580078
140.42799377441406
140.53799438476562
140.4320068359375
140.53799438476562
140.43099975585938
140.53799438476562
140.42999267578125
140.5399932861328
140.42999267578125
140.53700256347656
140.41900634765625
140.52200317382812
140.40499877929688
140.51400756835938
140.4029998779297
140.52000427246094
140.41700744628906
140.53500366210938
140.42999267578125
140.54400634765625
140.4340057373047
140.54800415039062
140.44000244140625
140.56199645996094
140.45899963378906
140.58099365234375
140.47799682617188
140.5959930419922
140.4949951171875
140.61500549316406
140.51600646972656
140.64199829101562
140.54400634765625
140.6719970703125
140.57200622558594
140.6999969482422
140.5989990234375
140.7220001220703
140.61700439453125
140.73599243164062
140.63099670410156
140.7429962158203
140.63299560546875
140.74099731445312
140.63099670410156
140.73899841308594
140.6280059814453
140.73800659179688
140.6300048828125
140.73899841308594
140.62899780273438
140.74099731445312
140.63499450683594
140.75
140.64100646972656
140.7550048828125
140.63499450683594
140.53399658203125
140.62600708007812
140.52200317382812
140.61900329589844
140.51800537109375
140.61099243164062
140.50599670410156
140.5919952392578
140.48399353027344
140.57899475097656
140.47900390625
140.58999633789062
140.49200439453125
140.61300659179688
140.51800537109375
140.55599975585938
140.68800354003906
140.63699340820312
140.76300048828125
140.7949981689453
140.69900512695312
140.81500244140625
140.71400451660156
140.83099365234375
140.7310028076172
140.8489990234375
140.74600219726562
140.85499572753906
140.74899291992188
140.85499572753906
140.75
140.85400390625
140.74899291992188
140.8509979248047
140.75
140.84500122070312
140.74099731445312
140.83799743652344
140.73699951171875
140.8419952392578
140.73599243164062
140.8489990234375
140.7449951171875
140.86300659179688
140.7570037841797
140.8719940185547
140.76400756835938
140.87899780273438
140.7729949951172
140.89199829101562
140.78900146484375
140.91000366210938
140.80499267578125
140.9219970703125
140.81700134277344
140.93899536132812
140.83799743652344
140.96600341796875
140.86900329589844
141.0
140.9010009765625
141.0290069580078
140.92799377441406
141.05099487304688
140.9459991455078
141.06399536132812
140.95899963378906
141.072998046875
140.96200561523438
141.06900024414062
140.95899963378906
141.0659942626953
140.95599365234375
141.06500244140625
140.95700073242188
141.0679931640625
140.95799255371094
141.0709991455078
140.96499633789062
141.08099365234375
140.9720001220703
141.08700561523438
140.97900390625
140.92599487304688
140.8280029296875
140.92100524902344
140.81900024414062
140.9040069580078
140.8070068359375
140.89300537109375
140.79800415039062
140.8820037841797
140.78199768066406
140.8780059814453
140.78399658203125
140.8979949951172
140.80299377441406
140.9219970703125
140.82899475097656
140.86599731445312
140.99899291992188
140.94700622558594
141.0749969482422
141.11000061035156
141.01300048828125
141.1320037841797
141.02999877929688
141.14700317382812
141.0489959716797
141.16799926757812
141.0679931640625
141.17799377441406
141.0679931640625
141.1739959716797
141.0659942626953
141.1699981689453
141.06300354003906
141.16099548339844
141.05499267578125
141.1529998779297
141.0449981689453
141.1510009765625
141.0489959716797
141.1649932861328
141.0590057373047
141.17100524902344
141.0679931640625
141.1820068359375
141.08200073242188
141.19500732421875
141.09100341796875
141.20399475097656
141.10000610351562
141.21600341796875
141.11500549316406
141.23199462890625
141.1300048828125
141.24400329589844
141.14100646972656
141.25799560546875
141.16099548339844
141.28700256347656
141.19200134277344
141.3209991455078
141.2259979248047
141.3520050048828
141.25399780273438
141.375
141.27200317382812
141.38900756835938
141.28599548339844
141.39700317382812
141.28900146484375
141.3939971923828
141.28599548339844
141.39100646972656
141.28199768066406
141.38900756835938
141.28199768066406
141.39100646972656
141.28399658203125
141.39599609375
141.29299926757812
141.4080047607422
141.30099487304688
141.4149932861328
141.30999755859375
141.23199462890625
141.1280059814453
141.2259979248047
141.1179962158203
141.20799255371094
141.0959930419922
141.18699645996094
141.0800018310547
141.177001953125
141.07400512695312
141.18099975585938
141.08599853515625
141.20599365234375
141.11199951171875
141.23800659179688
141.14199829101562
141.18099975585938
141.3179931640625
141.26400756835938
141.39599609375
141.42799377441406
141.33099365234375
141.44700622558594
141.34500122070312
141.45799255371094
141.36099243164062
141.375
141.48500061035156
141.49600219726562
141.39199829101562
141.4969940185547
141.38800048828125
141.49200439453125
141.3820037841797
141.48399353027344
141.3699951171875
141.4739990234375
141.36300659179688
141.47900390625
141.37600708007812
141.4969940185547
141.38900756835938
141.50799560546875
141.39599609375
141.51600646972656
141.40499877929688
141.5240020751953
141.41400146484375
141.5279998779297
141.42100524902344
141.53399658203125
141.43299865722656
141.5500030517578
141.4499969482422
141.56399536132812
141.46099853515625
141.57699584960938
141.47799682617188
141.60499572753906
141.51100158691406
141.64100646972656
141.54600524902344
141.67300415039062
141.5749969482422
141.69700622558594
141.593994140625
141.71200561523438
141.60899353027344
141.7220001220703
141.61300659179688
141.718994140625
141.61000061035156
141.71600341796875
141.6060028076172
141.71400451660156
141.6060028076172
141.71600341796875
141.60699462890625
141.72300720214844
141.61900329589844
141.73399353027344
141.62600708007812
141.73899841308594
141.63499450683594
141.74899291992188
141.55599975585938
141.44500732421875
141.5500030517578
141.43600463867188
141.53500366210938
141.41600036621094
141.51499938964844
141.3979949951172
141.50100708007812
141.38699340820312
141.39199829101562
141.5070037841797
141.41600036621094
141.53399658203125
141.44900512695312
141.5679931640625
141.5019989013672
141.63999938964844
141.58799743652344
141.7220001220703
141.64500427246094
141.75599670410156
141.656005859375
141.76199340820312
141.6649932861328
141.7760009765625
141.68600463867188
141.80099487304688
141.70700073242188
141.82000732421875
141.82400512695312
141.71400451660156
141.8209991455078
141.70799255371094
141.81500244140625
141.7010040283203
141.80799865722656
141.69400024414062
141.6999969482422
141.81900024414062
141.718994140625
141.8350067138672
141.73199462890625
141.85000610351562
141.7449951171875
141.86700439453125
141.86700439453125
141.74899291992188
141.74899291992188
141.85899353027344
141.7519989013672
141.86700439453125
141.76600646972656
141.88400268554688
141.78199768066406
141.89700317382812
141.7949981689453
141.91400146484375
141.822998046875
141.947998046875
141.86000061035156
141.98199462890625
141.89199829101562
142.01300048828125
141.91600036621094
142.0330047607422
141.93099975585938
142.04800415039062
141.9409942626953
142.052001953125
142.05099487304688
141.93899536132812
142.0489959716797
141.93499755859375
141.93499755859375
142.0489959716797
141.93800354003906
142.05099487304688
141.94400024414062
142.06199645996094
141.9550018310547
142.0679931640625
141.95899963378906
142.07400512695312
141.968994140625
142.08599853515625
141.77499389648438
141.88400268554688
141.7689971923828
141.875
141.7550048828125
141.85699462890625
141.73500061035156
141.83999633789062
141.7220001220703
141.82699584960938
141.718994140625
141.83399963378906
141.74000549316406
141.86000061035156
141.77200317382812
141.8939971923828
141.8280029296875
141.97000122070312
141.91600036621094
142.04800415039062
141.96400451660156
142.072998046875
141.97000122070312
142.08200073242188
141.98399353027344
142.10299682617188
142.00999450683594
142.1320037841797
142.03599548339844
142.15199279785156
142.0449981689453
142.15699768066406
142.04299926757812
142.1540069580078
142.03799438476562
142.1479949951172
142.03199768066406
142.14100646972656
142.03500366210938
142.1529998779297
142.05299377441406
142.1649932861328
142.06500244140625
142.17100524902344
142.07699584960938
142.177001953125
142.0780029296875
142.17599487304688
142.0749969482422
142.1840057373047
142.08299255371094
142.19900512695312
142.10000610351562
142.2169952392578
142.11599731445312
142.22999572753906
142.1300048828125
142.2480010986328
142.15699768066406
142.27999877929688
142.1929931640625
142.31399536132812
142.22500610351562
142.3459930419922
142.25
142.36500549316406
142.26499938964844
142.3800048828125
142.27499389648438
142.38299560546875
142.27200317382812
142.38099670410156
142.27000427246094
142.3780059814453
142.27000427246094
142.38099670410156
142.2729949951172
142.38299560546875
142.2779998779297
142.39300537109375
142.28799438476562
142.3990020751953
142.29299926757812
142.4080047607422
142.30499267578125
142.1060028076172
142.21499633789062
142.09800720214844
142.2030029296875
142.08099365234375
142.1840057373047
142.06399536132812
142.16799926757812
142.0500030517578
142.15499877929688
142.04800415039062
142.1649932861328
142.0709991455078
142.1929931640625
142.10400390625
142.2270050048828
142.16000366210938
142.302001953125
142.24400329589844
142.37600708007812
142.28799438476562
142.4029998779297
142.3000030517578
142.41700744628906
142.3179931640625
142.43899536132812
142.3459930419922
142.468994140625
142.3719940185547
142.49000549316406
142.3820037841797
142.4949951171875
142.38099670410156
142.49099731445312
142.37399291992188
142.48500061035156
142.3679962158203
142.47799682617188
142.3699951171875
142.48699951171875
142.3820037841797
142.49099731445312
142.3800048828125
142.47999572753906
142.3719940185547
142.47799682617188
142.3800048828125
142.4929962158203
142.39700317382812
142.51100158691406
142.41299438476562
142.5290069580078
142.4320068359375
142.54800415039062
142.44700622558594
142.56100463867188
142.46099853515625
142.5780029296875
142.48800659179688
142.60899353027344
142.5229949951172
142.6439971923828
142.55599975585938
142.6750030517578
142.5800018310547
142.6929931640625
142.59300231933594
142.70599365234375
142.6009979248047
142.70700073242188
142.5970001220703
142.7030029296875
142.59500122070312
142.7030029296875
142.59800720214844
142.70799255371094
142.6009979248047
142.7100067138672
142.6060028076172
142.72000122070312
142.61700439453125
142.72799682617188
142.62399291992188
142.73699951171875
142.44000244140625
142.5500030517578
142.42999267578125
142.53700256347656
142.41299438476562
142.5189971923828
142.39500427246094
142.50100708007812
142.3800048828125
142.48699951171875
142.3800048828125
142.4980010986328
142.40499877929688
142.52699279785156
142.43800354003906
142.56100463867188
142.4929962158203
142.63400268554688
142.5749969482422
142.70899963378906
142.62399291992188
142.74200439453125
142.63800048828125
142.75599670410156
142.656005859375
142.7790069580078
142.68499755859375
142.8090057373047
142.71099853515625
142.8300018310547
142.7209930419922
142.83299255371094
142.7169952392578
142.8260040283203
142.7100067138672
142.8209991455078
142.70599365234375
142.8159942626953
142.70599365234375
142.822998046875
142.71200561523438
142.82200622558594
142.7010040283203
142.8070068359375
142.69200134277344
142.80599975585938
142.7050018310547
142.8249969482422
142.7270050048828
142.843994140625
142.7449951171875
142.86399841308594
142.76499938964844
142.8820037841797
142.7790069580078
142.89300537109375
142.79200744628906
142.91000366210938
142.8179931640625
142.9409942626953
142.85299682617188
142.97500610351562
142.88499450683594
142.89300537109375
142.7779998779297
142.88400268554688
142.76400756835938
142.86500549316406
142.74400329589844
142.843994140625
142.72500610351562
142.82699584960938
142.71099853515625
142.71400451660156
142.83399963378906
142.74000549316406
142.86300659179688
142.7729949951172
142.89700317382812
142.8260040283203
142.97000122070312
142.91099548339844
143.04800415039062
142.96299743652344
143.08200073242188
142.97799682617188
143.0970001220703
142.9969940185547
143.1199951171875
143.0260009765625
143.1510009765625
143.05299377441406
143.1699981689453
143.0590057373047
143.16900634765625
143.052001953125
143.16299438476562
143.04800415039062
143.16099548339844
143.0449981689453
143.15699768066406
143.0449981689453
143.16200256347656
143.0489959716797
143.16099548339844
143.1540069580078
143.03399658203125
143.02999877929688
143.14599609375
143.04200744628906
143.16400146484375
143.06399536132812
143.18299865722656
143.08200073242188
143.2310028076172
143.1179962158203
143.2239990234375
143.1060028076172
143.2050018310547
143.08399963378906
143.1820068359375
143.06300354003906
143.1649932861328
143.04800415039062
143.052001953125
143.17100524902344
143.07699584960938
143.19900512695312
143.10899353027344
143.23199462890625
143.16299438476562
143.30599975585938
143.24899291992188
143.38499450683594
143.302001953125
143.42100524902344
143.31900024414062
143.43800354003906
143.33900451660156
143.46200561523438
143.3679962158203
143.49000549316406
143.38999938964844
143.50399780273438
143.50799560546875
143.39500427246094
143.50599670410156
143.39199829101562
143.50399780273438
143.38999938964844
143.5019989013672
143.38600158691406
143.38699340820312
143.56900024414062
143.4550018310547
143.56300354003906
143.44500732421875
143.54400634765625
143.42300415039062
143.52000427246094
143.39999389648438
143.5019989013672
143.38499450683594
143.5
143.39500427246094
143.41200256347656
143.53399658203125
143.44400024414062
143.5679931640625
143.49899291992188
143.64199829101562
143.5850067138672
143.7209930419922
143.63900756835938
143.75799560546875
143.6580047607422
143.7760009765625
143.6790008544922
143.80099487304688
143.7050018310547
143.79600524902344
143.9029998779297
143.78399658203125
143.88400268554688
143.76199340820312
143.86000061035156
143.73899841308594
143.84100341796875
143.72300720214844
143.83799743652344
143.73199462890625
143.7480010986328
143.8719940185547
143.781005859375
143.906005859375
143.83599853515625
143.9810028076172
143.9219970703125
144.2429962158203
144.125
144.2239990234375
144.10299682617188
144.1999969482422
144.0800018310547
144.17999267578125
144.06199645996094
144.06399536132812
144.1820068359375
144.08700561523438
144.2100067138672
144.12100219726562
129.15899658203125
129.26600646972656
129.156005859375
129.2740020751953
129.17599487304688
129.302001953125
129.20399475097656
129.322998046875
129.21400451660156
129.32899475097656
129.22500610351562
129.35000610351562
129.4929962158203
129.60699462890625
129.4969940185547
129.6179962158203
129.52000427246094
129.64700317382812
129.5469970703125
129.66900634765625
129.5590057373047
129.67799377441406
129.57200622558594
129.69900512695312
129.5970001220703
129.71800231933594
129.60299682617188
129.71099853515625
129.57400512695312
129.66600036621094
129.5290069580078
129.62899780273438
129.51300048828125
129.6179962158203
129.51499938964844
129.6269989013672
129.52099609375
129.62899780273438
129.6179962158203
129.927001953125
129.8260040283203
129.93600463867188
129.83700561523438
129.95399475097656
129.86199951171875
129.98399353027344
129.88999938964844
130.0070037841797
129.9029998779297
130.01600646972656
129.91700744628906
130.03900146484375
129.94200134277344
130.0570068359375
129.94200134277344
130.0449981689453
129.906005859375
129.99400329589844
129.85400390625
129.9510040283203
129.83099365234375
129.93800354003906
129.83599853515625
129.95199584960938
129.8520050048828
129.95599365234375
129.83599853515625
129.927001953125
129.80499267578125
129.9080047607422
129.7969970703125
129.90699768066406
129.7969970703125
129.906005859375
129.8000030517578
129.91400146484375
129.8179931640625
129.93699645996094
129.84500122070312
129.96200561523438
129.85400390625
129.95799255371094
129.83099365234375
129.9250030517578
129.78900146484375
129.88600158691406
130.13299560546875
130.24600219726562
130.14999389648438
130.26300048828125
130.16600036621094
130.28199768066406
130.19200134277344
130.31300354003906
130.2209930419922
130.33599853515625
130.23500061035156
130.3459930419922
130.25
130.3699951171875
130.27499389648438
130.38999938964844
130.27499389648438
130.3769989013672
130.23500061035156
130.322998046875
130.17999267578125
130.27999877929688
130.1580047607422
130.26800537109375
130.16400146484375
130.28399658203125
130.17599487304688
130.2830047607422
130.15499877929688
130.2530059814453
130.1280059814453
130.23899841308594
130.1280059814453
130.23899841308594
130.1269989013672
130.23500061035156
130.1280059814453
130.2429962158203
130.1479949951172
130.26699829101562
130.17300415039062
130.28399658203125
130.17799377441406
130.27699279785156
130.1529998779297
130.2480010986328
130.1179962158203
130.22000122070312
130.093994140625
130.20399475097656
130.08799743652344
130.2050018310547
130.10400390625
130.2270050048828
130.12899780273438
130.2429962158203
130.13400268554688
130.24200439453125
130.23599243164062
130.1179962158203
130.11599731445312
130.23599243164062
130.14500427246094
130.2790069580078
130.1999969482422
130.33700561523438
130.2449951171875
130.36599731445312
130.36500549316406
130.2480010986328
130.35699462890625
130.24200439453125
130.3520050048828
130.23800659179688
130.35000610351562
130.23500061035156
130.34800720214844
130.23399353027344
130.33700561523438
130.2100067138672
130.55799865722656
130.4550018310547
130.5709991455078
130.47500610351562
130.58700561523438
130.49099731445312
130.6060028076172
130.51800537109375
130.63600158691406
130.5469970703125
130.66000366210938
130.55999755859375
130.6699981689453
130.5760040283203
130.69700622558594
130.6060028076172
130.72000122070312
130.60699462890625
130.70700073242188
130.5659942626953
130.65199279785156
130.50999450683594
130.61000061035156
130.49000549316406
130.60000610351562
130.4980010986328
130.61500549316406
130.50900268554688
130.61399841308594
130.48699951171875
130.58399963378906
130.4600067138672
130.56700134277344
130.45599365234375
130.56300354003906
130.4530029296875
130.5590057373047
130.4550018310547
130.5659942626953
130.4720001220703
130.58200073242188
130.48800659179688
130.5959930419922
130.49200439453125
130.59500122070312
130.47500610351562
130.5780029296875
130.4530029296875
130.56100463867188
130.43800354003906
130.5469970703125
130.43099975585938
130.54299926757812
130.44000244140625
130.55499267578125
130.45599365234375
130.5679931640625
130.46299743652344
130.5749969482422
130.57400512695312
130.45599365234375
130.45899963378906
130.58099365234375
130.4929962158203
130.6280059814453
130.55099487304688
130.68299865722656
130.69900512695312
130.58999633789062
130.69900512695312
130.5850067138672
130.69200134277344
130.5800018310547
130.6909942626953
130.5780029296875
130.68899536132812
130.5749969482422
130.68499755859375
130.572998046875
130.6739959716797
130.55299377441406
130.781005859375
130.88800048828125
130.78199768066406
130.8979949951172
130.8000030517578
130.91200256347656
130.81399536132812
130.93099975585938
130.84100341796875
130.96200561523438
130.87100219726562
130.98599243164062
130.88499450683594
130.9980010986328
130.9040069580078
131.02699279785156
130.93499755859375
131.0500030517578
130.93499755859375
131.03599548339844
130.89500427246094
130.98199462890625
130.83900451660156
130.93899536132812
130.81900024414062
130.92799377441406
130.8260040283203
130.94200134277344
130.83599853515625
130.94200134277344
130.8159942626953
130.91200256347656
130.78599548339844
130.89199829101562
130.7790069580078
130.88600158691406
130.77499389648438
130.87899780273438
130.7729949951172
130.8820037841797
130.78500366210938
130.8990020751953
130.8040008544922
130.9199981689453
130.81500244140625
130.92599487304688
130.80799865722656
130.91600036621094
130.79299926757812
130.89999389648438
130.7779998779297
130.88400268554688
130.76699829101562
130.87600708007812
130.76800537109375
130.88299560546875
130.78199768066406
130.9010009765625
130.7989959716797
130.91600036621094
130.802001953125
130.91200256347656
130.802001953125
130.9250030517578
130.83900451660156
130.9720001220703
130.89300537109375
131.01699829101562
131.02699279785156
130.91900634765625
131.02499389648438
130.9149932861328
130.91200256347656
131.02099609375
131.02099609375
130.91200256347656
131.01800537109375
130.9080047607422
131.01100158691406
130.90199279785156
130.9949951171875
130.87899780273438
131.10800170898438
131.21099853515625
131.10800170898438
131.2209930419922
131.12399291992188
131.23399353027344
131.13900756835938
131.2530059814453
131.16700744628906
131.28700256347656
131.197998046875
131.31199645996094
131.21299743652344
131.32400512695312
131.23199462890625
131.3520050048828
131.26199340820312
131.37399291992188
131.26300048828125
131.36199951171875
131.22300720214844
131.3090057373047
131.16700744628906
131.26400756835938
131.1439971923828
131.24899291992188
131.1490020751953
131.26300048828125
131.16099548339844
131.26499938964844
131.14100646972656
131.23500061035156
131.11099243164062
131.21600341796875
131.10299682617188
131.20700073242188
131.093994140625
131.197998046875
131.0919952392578
131.20399475097656
131.10899353027344
131.2270050048828
131.13400268554688
131.25399780273438
131.1510009765625
131.26300048828125
131.14500427246094
131.25
131.1280059814453
131.23199462890625
131.11099243164062
131.21499633789062
131.0989990234375
131.20700073242188
131.10000610351562
131.21400451660156
131.11599731445312
131.23500061035156
131.13600158691406
131.24899291992188
131.13900756835938
131.2429962158203
131.13800048828125
131.25399780273438
131.17300415039062
131.2949981689453
131.21800231933594
131.33299255371094
131.24000549316406
131.34300231933594
131.23699951171875
131.34100341796875
131.23500061035156
131.33900451660156
131.23300170898438
131.3350067138672
131.22900390625
131.3280029296875
131.22000122070312
131.31500244140625
131.197998046875
131.5489959716797
131.42999267578125
131.53700256347656
131.43099975585938
131.54800415039062
131.447998046875
131.56300354003906
131.46400451660156
131.5850067138672
131.49400329589844
131.6199951171875
131.5260009765625
131.6439971923828
131.5399932861328
131.65499877929688
131.55799865722656
131.6820068359375
131.58799743652344
131.7050018310547
131.59100341796875
131.69400024414062
131.66200256347656
131.5279998779297
131.4929962158203
131.59300231933594
131.46800231933594
131.57699584960938
131.4720001220703
131.58999633789062
131.48500061035156
131.5919952392578
131.46600341796875
131.56399536132812
131.43800354003906
131.54400634765625
131.427001953125
131.53500366210938
131.4199981689453
131.52999877929688
131.42100524902344
131.5399932861328
131.4409942626953
131.5659942626953
131.4709930419922
131.593994140625
131.48800659179688
131.5989990234375
131.47799682617188
131.58399963378906
131.4600067138672
131.56500244140625
131.44200134277344
131.54800415039062
131.4290008544922
131.53900146484375
131.43099975585938
131.54600524902344
131.447998046875
131.56399536132812
131.46400451660156
131.5679931640625
131.45700073242188
131.552001953125
131.45399475097656
131.56399536132812
131.48699951171875
131.60299682617188
131.52699279785156
131.64199829101562
131.552001953125
131.656005859375
131.55099487304688
131.6529998779297
131.54600524902344
131.6479949951172
131.54299926757812
131.64500427246094
131.53700256347656
131.63499450683594
131.52099609375
131.61500549316406
131.7760009765625
131.88400268554688
131.76400756835938
131.875
131.76600646972656
131.88699340820312
131.78500366210938
131.9029998779297
131.80299377441406
131.9239959716797
131.83200073242188
131.95700073242188
131.86300659179688
131.98199462890625
131.87600708007812
131.99099731445312
131.8939971923828
132.02099609375
131.92599487304688
132.04600524902344
131.92799377441406
132.03199768066406
131.9980010986328
131.86300659179688
131.94200134277344
131.8179931640625
131.8040008544922
131.91400146484375
131.80599975585938
131.9250030517578
131.81700134277344
131.927001953125
131.8000030517578
131.89999389648438
131.77099609375
131.8800048828125
131.76199340820312
131.87399291992188
131.7570037841797
131.8699951171875
131.76199340820312
131.88299560546875
131.78500366210938
131.90899658203125
131.81300354003906
131.93299865722656
131.8249969482422
131.93499755859375
131.81500244140625
131.9219970703125
131.79600524902344
131.9029998779297
131.7779998779297
131.88499450683594
131.76499938964844
131.875
131.76499938964844
131.88299560546875
131.781005859375
131.9010009765625
131.78799438476562
131.89599609375
131.8800048828125
131.76199340820312
131.76600646972656
131.88099670410156
131.79600524902344
131.91700744628906
131.83900451660156
131.96099853515625
131.8679962158203
131.97799682617188
131.9759979248047
131.86399841308594
131.96800231933594
131.85899353027344
131.96299743652344
131.85400390625
131.9550018310547
131.843994140625
131.94400024414062
131.82899475097656
132.11599731445312
132.2270050048828
132.1060028076172
132.2169952392578
132.10699462890625
132.22500610351562
132.1230010986328
132.23399353027344
132.13499450683594
132.24899291992188
132.16400146484375
132.28599548339844
132.197998046875
132.31300354003906
132.21200561523438
132.32699584960938
132.23399353027344
132.36300659179688
132.27000427246094
132.39100646972656
132.38299560546875
132.25799560546875
132.33399963378906
132.197998046875
132.27499389648438
132.15499877929688
132.25399780273438
132.13999938964844
132.14300537109375
132.26499938964844
132.156005859375
132.26699829101562
132.2519989013672
132.12600708007812
132.11000061035156
132.22000122070312
132.1020050048828
132.21600341796875
132.10000610351562
132.21299743652344
132.10499572753906
132.22500610351562
132.12600708007812
132.2480010986328
132.1510009765625
132.27000427246094
132.27699279785156
132.16200256347656
132.26800537109375
132.1479949951172
132.13600158691406
132.24400329589844
132.11900329589844
132.2270050048828
132.10400390625
132.21200561523438
132.1009979248047
132.2169952392578
132.11900329589844
132.23699951171875
132.1269989013672
132.23699951171875
132.10899353027344
132.2169952392578
132.0970001220703
132.21800231933594
132.1230010986328
132.2519989013672
132.16799926757812
132.2969970703125
132.3159942626953
132.20399475097656
132.32000732421875
132.2010040283203
132.31500244140625
132.19400024414062
132.31199645996094
132.19000244140625
132.31100463867188
132.18499755859375
132.1790008544922
132.30299377441406
132.4600067138672
132.56900024414062
132.44700622558594
132.5540008544922
132.44200134277344
132.55099487304688
132.5500030517578
132.44500732421875
132.45199584960938
132.56199645996094
132.4810028076172
132.59300231933594
132.60800170898438
132.5189971923828
132.63099670410156
132.5399932861328
132.56199645996094
132.67599487304688
132.68899536132812
132.5970001220703
132.69400024414062
132.58999633789062
132.66099548339844
132.52999877929688
132.60299682617188
132.48500061035156
132.58599853515625
132.4759979248047
132.48199462890625
132.60499572753906
132.4980010986328
132.61000061035156
132.59300231933594
132.4669952392578
132.4510040283203
132.56100463867188
132.44400024414062
132.55599975585938
132.4409942626953
132.55499267578125
132.4459991455078
132.5659942626953
132.46600341796875
132.58799743652344
132.49000549316406
132.61199951171875
132.61900329589844
132.5030059814453
132.61000061035156
132.49000549316406
132.59100341796875
132.4709930419922
132.45899963378906
132.55999755859375
132.43600463867188
132.531005859375
132.42300415039062
132.5189971923828
132.43099975585938
132.5229949951172
132.43899536132812
132.52699279785156
132.43299865722656
132.5290069580078
132.4340057373047
132.552001953125
132.46499633789062
132.5970001220703
132.51199340820312
132.6490020751953
132.677001953125
132.55799865722656
132.6820068359375
132.55599975585938
132.6649932861328
132.54299926757812
132.54200744628906
132.6439971923828
132.53399658203125
132.6280059814453
132.5240020751953
132.60499572753906
132.91600036621094
132.79600524902344
132.8990020751953
132.7790069580078
132.88800048828125
132.77200317382812
132.88299560546875
132.76699829101562
132.88099670410156
132.7740020751953
132.89100646972656
132.79100036621094
132.9040069580078
132.8090057373047
132.91799926757812
132.82899475097656
132.9409942626953
132.86199951171875
132.96800231933594
132.8780059814453
132.97500610351562
132.88299560546875
132.97000122070312
132.8520050048828
132.93099975585938
132.81300354003906
132.91900634765625
132.8090057373047
132.93499755859375
132.83200073242188
132.9530029296875
132.83700561523438
132.9320068359375
132.80499267578125
132.8990020751953
132.78500366210938
132.88900756835938
132.7779998779297
132.88499450683594
132.77699279785156
132.89100646972656
132.78900146484375
132.91400146484375
132.81300354003906
132.94000244140625
132.83700561523438
132.9550018310547
132.8419952392578
132.94200134277344
132.8260040283203
132.91700744628906
132.802001953125
132.89100646972656
132.77499389648438
132.86099243164062
132.74099731445312
132.83099365234375
132.7169952392578
132.8159942626953
132.7100067138672
132.71499633789062
132.81900024414062
132.7270050048828
132.83299255371094
132.7530059814453
132.8679962158203
132.79800415039062
132.9199981689453
132.85499572753906
132.97500610351562
132.89700317382812
132.9949951171875
132.8979949951172
132.98199462890625
132.96600341796875
132.86599731445312
132.927001953125
132.82699584960938
132.87399291992188
132.78399658203125
132.83399963378906
132.75900268554688
133.2570037841797
133.13800048828125
133.24099731445312
133.1219940185547
133.11599731445312
133.2310028076172
133.11399841308594
133.22500610351562
133.10800170898438
133.2239990234375
133.11300659179688
133.2310028076172
133.12100219726562
133.23899841308594
133.24400329589844
133.13299560546875
133.25999450683594
133.15699768066406
133.28799438476562
133.17799377441406
133.18499755859375
133.30599975585938
133.2969970703125
133.1699981689453
133.26800537109375
133.14700317382812
133.1439971923828
133.26199340820312
133.16200256347656
133.28599548339844
133.29400634765625
133.177001953125
133.27200317382812
133.14300537109375
133.23300170898438
133.11599731445312
133.21499633789062
133.10299682617188
133.20599365234375
133.0989990234375
133.10400390625
133.21600341796875
133.1269989013672
133.2449951171875
133.15899658203125
133.28199768066406
133.29299926757812
133.177001953125
133.27200317382812
133.14999389648438
133.23899841308594
133.1219940185547
133.22000122070312
133.10400390625
133.2010040283203
133.0749969482422
133.1739959716797
133.0500030517578
133.15699768066406
133.03700256347656
133.1479949951172
133.0330047607422
133.0399932861328
133.15699768066406
133.0659942626953
133.18600463867188
133.11000061035156
133.218994140625
133.1479949951172
133.23300170898438
133.15699768066406
133.218994140625
133.14199829101562
133.2010040283203
133.1219940185547
133.177001953125
133.08299255371094
133.13600158691406
133.02699279785156
133.09500122070312
132.99200439453125
133.08599853515625
133.4810028076172
133.58599853515625
133.46499633789062
133.57200622558594
133.45700073242188
133.57000732421875
133.4550018310547
133.56300354003906
133.447998046875
133.5590057373047
133.4530029296875
133.55999755859375
133.45599365234375
133.56500244140625
133.46499633789062
133.57699584960938
133.48300170898438
133.60499572753906
133.51300048828125
133.6320037841797
133.531005859375
133.64500427246094
133.5240020751953
133.62100219726562
133.49099731445312
133.59500122070312
133.48199462890625
133.5959930419922
133.5
133.6219940185547
133.52000427246094
133.6280059814453
133.4980010986328
133.5919952392578
133.45700073242188
133.55499267578125
133.43099975585938
133.531005859375
133.41799926757812
133.52200317382812
133.4199981689453
133.52499389648438
133.43899536132812
133.5469970703125
133.4759979248047
133.5780029296875
133.49400329589844
133.5780029296875
133.4720001220703
133.55099487304688
133.44000244140625
133.53399658203125
133.43099975585938
133.53700256347656
133.42300415039062
133.5290069580078
133.406005859375
133.51400756835938
133.38900756835938
133.49899291992188
133.37899780273438
133.48800659179688
133.37600708007812
133.4810028076172
133.38299560546875
133.4759979248047
133.38900756835938
133.46600341796875
133.38099670410156
133.4550018310547
133.36900329589844
133.447998046875
133.35699462890625
133.4409942626953
133.34100341796875
133.42599487304688
133.31500244140625
133.41000366210938
133.2989959716797
133.40699768066406
133.2969970703125
133.406005859375
133.91099548339844
133.802001953125
133.89599609375
133.78700256347656
133.88400268554688
133.78199768066406
133.88400268554688
133.77999877929688
133.87600708007812
133.77099609375
133.8679962158203
133.76499938964844
133.86099243164062
133.76600646972656
133.8699951171875
133.781005859375
133.88400268554688
133.802001953125
133.91000366210938
133.83200073242188
133.93899536132812
133.85299682617188
133.9550018310547
133.84500122070312
133.93299865722656
133.81399536132812
133.91000366210938
133.80599975585938
133.91099548339844
133.82400512695312
133.93899536132812
133.8459930419922
133.94700622558594
133.822998046875
133.91000366210938
133.77699279785156
133.8679962158203
133.74600219726562
133.83900451660156
133.7270050048828
133.81900024414062
133.71800231933594
133.81100463867188
133.7259979248047
133.8260040283203
133.74899291992188
133.843994140625
133.7570037841797
133.8419952392578
133.74200439453125
133.8249969482422
133.72900390625
133.82200622558594
133.73300170898438
133.82699584960938
133.73699951171875
133.83200073242188
133.73199462890625
133.83200073242188
133.72500610351562
133.83299255371094
133.71600341796875
133.82000732421875
133.69700622558594
133.7949981689453
133.67300415039062
133.77099609375
133.65199279785156
133.7550048828125
133.6439971923828
133.76100158691406
133.6510009765625
133.76600646972656
133.64700317382812
133.76300048828125
133.64300537109375
133.7570037841797
133.63600158691406
133.75100708007812
133.63299560546875
133.7469940185547
133.6300048828125
133.74099731445312
134.1179962158203
134.218994140625
134.10499572753906
134.2050018310547
134.09300231933594
134.1959991455078
134.08900451660156
134.1959991455078
134.08799743652344
134.19000244140625
134.0760040283203
134.1790008544922
134.0679931640625
134.1739959716797
134.07200622558594
134.18499755859375
134.08599853515625
134.1959991455078
134.1020050048828
134.2209930419922
134.13499450683594
134.25399780273438
134.16099548339844
134.27200317382812
134.15499877929688
134.2530059814453
134.1269989013672
134.2310028076172
134.11900329589844
134.23199462890625
134.13900756835938
134.26499938964844
134.16600036621094
134.2779998779297
134.14500427246094
134.23399353027344
134.08999633789062
134.1790008544922
134.0489959716797
134.14300537109375
134.0240020751953
134.1230010986328
134.01100158691406
134.11399841308594
134.01400756835938
134.11900329589844
134.02499389648438
134.1199951171875
134.0229949951172
134.11099243164062
134.01300048828125
134.10699462890625
134.01100158691406
134.10699462890625
134.01100158691406
134.10699462890625
134.01800537109375
134.11500549316406
134.02999877929688
134.1280059814453
134.03900146484375
134.13299560546875
134.031005859375
134.12600708007812
134.01300048828125
134.11500549316406
133.9949951171875
134.10299682617188
133.98199462890625
134.09500122070312
133.98500061035156
134.10699462890625
133.9969940185547
134.11199951171875
133.99600219726562
134.11300659179688
134.11399841308594
133.99400329589844
134.10400390625
133.98300170898438
134.09300231933594
133.9739990234375
134.08599853515625
133.9709930419922
134.54800415039062
134.43499755859375
134.53799438476562
134.4219970703125
134.5260009765625
134.41200256347656
134.51600646972656
134.4080047607422
134.51699829101562
134.4080047607422
134.50999450683594
134.39500427246094
134.5
134.38999938964844
134.5
134.39700317382812
134.51100158691406
134.41000366210938
134.52200317382812
134.42799377441406
134.5500030517578
134.46299743652344
134.58599853515625
134.48899841308594
134.60400390625
134.48500061035156
134.58799743652344
134.4600067138672
134.56399536132812
134.447998046875
134.5540008544922
134.46299743652344
134.5679931640625
134.4810028076172
134.56500244140625
134.5449981689453
134.4340057373047
134.39199829101562
134.47900390625
134.36000061035156
134.4600067138672
134.3419952392578
134.44500732421875
134.32899475097656
134.43600463867188
134.3249969482422
134.4290008544922
134.31700134277344
134.41900634765625
134.30999755859375
134.41600036621094
134.31199645996094
134.42100524902344
134.31199645996094
134.4199981689453
134.30999755859375
134.42100524902344
134.31500244140625
134.42999267578125
134.32899475097656
134.44400024414062
134.33700561523438
134.44400024414062
134.3350067138672
134.4429931640625
134.3350067138672
134.44400024414062
134.33099365234375
134.44200134277344
134.3280029296875
134.44400024414062
134.33299255371094
134.45599365234375
134.343994140625
134.45899963378906
134.343994140625
134.46200561523438
134.3470001220703
134.46299743652344
134.45599365234375
134.33399963378906
134.4409942626953
134.32000732421875
134.3159942626953
134.4320068359375
134.76199340820312
134.86700439453125
134.75599670410156
134.85899353027344
134.74400329589844
134.84500122070312
134.73199462890625
134.83599853515625
134.72900390625
134.83700561523438
134.7270050048828
134.82899475097656
134.7169952392578
134.82400512695312
134.7169952392578
134.8260040283203
134.7239990234375
134.83799743652344
134.73800659179688
134.85400390625
134.76100158691406
134.88800048828125
134.8000030517578
134.92799377441406
134.82899475097656
134.9459991455078
134.82400512695312
134.9250030517578
134.79400634765625
134.8939971923828
134.77000427246094
134.86900329589844
134.75799560546875
134.8560028076172
134.75100708007812
134.84100341796875
134.72500610351562
134.8159942626953
134.69900512695312
134.802001953125
134.6820068359375
134.78799438476562
134.66900634765625
134.77699279785156
134.65899658203125
134.76600646972656
134.64599609375
134.75100708007812
134.63499450683594
134.74400329589844
134.63400268554688
134.74600219726562
134.63800048828125
134.7519989013672
134.64300537109375
134.75799560546875
134.64500427246094
134.76100158691406
134.6510009765625
134.7689971923828
134.66200256347656
134.77499389648438
134.66299438476562
134.77200317382812
134.66099548339844
134.77699279785156
134.66799926757812
134.78599548339844
134.6739959716797
134.79200744628906
134.677001953125
134.79299926757812
134.6820068359375
134.7969970703125
134.68600463867188
134.79400634765625
134.68499755859375
134.7989959716797
134.6909942626953
134.8000030517578
134.68299865722656
134.79100036621094
134.67100524902344
134.78399658203125
134.66400146484375
134.781005859375
135.18299865722656
135.0780029296875
135.18099975585938
135.07400512695312
135.17100524902344
135.05799865722656
135.1580047607422
135.0489959716797
135.1510009765625
135.04600524902344
135.1529998779297
135.04600524902344
135.1490020751953
135.03900146484375
135.14599609375
135.04100036621094
135.1510009765625
135.0500030517578
135.16299438476562
135.0659942626953
135.1790008544922
135.09300231933594
135.21299743652344
135.13499450683594
135.24899291992188
135.15899658203125
135.25900268554688
135.1479949951172
135.2310028076172
135.10899353027344
135.1929931640625
135.0780029296875
135.16600036621094
135.05599975585938
135.14999389648438
135.04100036621094
135.13600158691406
135.0279998779297
135.12600708007812
135.01800537109375
135.11399841308594
135.0050048828125
135.10499572753906
134.99600219726562
135.0959930419922
134.98399353027344
135.08399963378906
134.9709930419922
135.0749969482422
134.96400451660156
135.072998046875
134.96499633789062
135.0749969482422
134.9709930419922
135.08299255371094
134.97900390625
135.08799743652344
134.98199462890625
135.09100341796875
134.98699951171875
135.0970001220703
134.99200439453125
135.10000610351562
134.9929962158203
135.1020050048828
134.9980010986328
135.11399841308594
135.01100158691406
135.1280059814453
135.02200317382812
135.13600158691406
135.0229949951172
135.13400268554688
135.0189971923828
135.13499450683594
135.02099609375
135.13400268554688
135.02099609375
135.13299560546875
135.02000427246094
135.1300048828125
135.0189971923828
135.13299560546875
135.01800537109375
135.12899780273438
135.01199340820312
135.39199829101562
135.4969940185547
135.39100646972656
135.4980010986328
135.38600158691406
135.48800659179688
135.3730010986328
135.47900390625
135.36700439453125
135.47500610351562
135.36599731445312
135.47900390625
135.36900329589844
135.4770050048828
135.36399841308594
135.4759979248047
135.3679962158203
135.47999572753906
135.375
135.48800659179688
135.38800048828125
135.50100708007812
135.41200256347656
135.5290069580078
135.44400024414062
135.54800415039062
135.4530029296875
135.54200744628906
135.43099975585938
135.5070037841797
135.39100646972656
135.4759979248047
135.36599731445312
135.45799255371094
135.3520050048828
135.44900512695312
135.3419952392578
135.43699645996094
135.3300018310547
135.427001953125
135.32000732421875
135.41799926757812
135.31199645996094
135.41299438476562
135.30499267578125
135.406005859375
135.2969970703125
135.39999389648438
135.29100036621094
135.39500427246094
135.28700256347656
135.3939971923828
135.2899932861328
135.3979949951172
135.2949981689453
135.4040069580078
135.3000030517578
135.40699768066406
135.3040008544922
135.41700744628906
135.31399536132812
135.42799377441406
135.31900024414062
135.43299865722656
135.322998046875
135.4340057373047
135.3300018310547
135.4429931640625
135.343994140625
135.45599365234375
135.35499572753906
135.46600341796875
135.35800170898438
135.4669952392578
135.35800170898438
135.4720001220703
135.36199951171875
135.4709930419922
135.3560028076172
135.46600341796875
135.35400390625
135.46499633789062
135.35499572753906
135.4669952392578
135.35499572753906
135.46400451660156
135.81399536132812
135.70799255371094
135.81399536132812
135.7100067138672
135.8179931640625
135.70799255371094
135.81300354003906
135.69900512695312
135.8090057373047
135.69700622558594
135.80799865722656
135.697998046875
135.81100463867188
135.6999969482422
135.80799865722656
135.6959991455078
135.8070068359375
135.69900512695312
135.80999755859375
135.70399475097656
135.8179931640625
135.71600341796875
135.83200073242188
135.73399353027344
135.85400390625
135.7519989013672
135.85699462890625
135.74099731445312
135.83700561523438
135.71400451660156
135.80799865722656
135.68600463867188
135.78900146484375
135.6699981689453
135.77499389648438
135.66000366210938
135.76699829101562
135.6510009765625
135.75599670410156
135.63999938964844
135.7469940185547
135.6320037841797
135.74099731445312
135.6269989013672
135.73800659179688
135.6230010986328
135.73300170898438
135.61900329589844
135.72999572753906
135.61500549316406
135.7259979248047
135.61399841308594
135.72900390625
135.61700439453125
135.7310028076172
135.62100219726562
135.73599243164062
135.62600708007812
135.74099731445312
135.63499450683594
135.75399780273438
135.6490020751953
135.76499938964844
135.656005859375
135.77000427246094
135.6580047607422
135.77099609375
135.66099548339844
135.77699279785156
135.6719970703125
135.78700256347656
135.6820068359375
135.7949981689453
135.68800354003906
135.802001953125
135.69400024414062
135.81300354003906
135.6999969482422
135.81399536132812
135.69500732421875
135.80999755859375
135.69200134277344
135.80599975585938
135.69000244140625
135.80599975585938
135.6909942626953
135.8040008544922
136.03599548339844
136.14700317382812
136.03199768066406
136.14599609375
136.03599548339844
136.1529998779297
136.0399932861328
136.15199279785156
136.03399658203125
136.1479949951172
136.0330047607422
136.14700317382812
136.03399658203125
136.1490020751953
136.03500366210938
136.14500427246094
136.02999877929688
136.1439971923828
136.03199768066406
136.1479949951172
136.0399932861328
136.1580047607422
136.05299377441406
136.17300415039062
136.07000732421875
136.19400024414062
136.19700622558594
136.0760040283203
136.17599487304688
136.05299377441406
136.1510009765625
136.02999877929688
136.1320037841797
136.01199340820312
136.11700439453125
135.99899291992188
136.10800170898438
135.99099731445312
136.10000610351562
135.9810028076172
136.08999633789062
135.97300720214844
136.08399963378906
135.96800231933594
136.08099365234375
135.96499633789062
136.07899475097656
135.96099853515625
136.0749969482422
135.95799255371094
136.07400512695312
135.95700073242188
135.95799255371094
136.0760040283203
135.96099853515625
136.0780029296875
135.96299743652344
136.08099365234375
135.968994140625
136.08700561523438
135.97799682617188
136.09800720214844
135.99000549316406
136.1060028076172
135.9949951171875
136.10899353027344
135.9980010986328
136.11199951171875
136.0019989013672
136.1199951171875
136.01100158691406
136.1280059814453
136.01800537109375
136.13699340820312
136.0279998779297
136.1490020751953
136.04100036621094
136.16200256347656
136.16600036621094
136.0469970703125
136.16099548339844
136.04299926757812
136.15699768066406
136.03799438476562
136.03700256347656
136.15499877929688
136.1540069580078
136.03500366210938
SCALARS latitude float 1
LOOKUP_TABLE default
25.88800048828125
25.72800064086914
25.604000091552734
25.44700050354004
25.336000442504883
25.179000854492188
25.062999725341797
24.895000457763672
24.770999908447266
24.604999542236328
24.483999252319336
24.31999969482422
24.19700050354004
24.03499984741211
23.913999557495117
23.757999420166016
23.639999389648438
23.48699951171875
23.368999481201172
23.2189998626709
23.114999771118164
22.975000381469727
22.881999969482422
22.729000091552734
22.628000259399414
22.44499969482422
22.33099937438965
22.143999099731445
22.04400062561035
21.863000869750977
21.761999130249023
21.572999954223633
21.472999572753906
21.283000946044922
21.184999465942383
20.993000030517578
20.89299964904785
20.698999404907227
20.599000930786133
20.4060001373291
20.30500030517578
20.111000061035156
20.009000778198242
19.812999725341797
19.711000442504883
19.516000747680664
19.413999557495117
19.219999313354492
19.118999481201172
18.92799949645996
18.827999114990234
18.642000198364258
18.54400062561035
18.36199951171875
18.266000747680664
18.086999893188477
17.993000030517578
17.81599998474121
17.725000381469727
17.551000595092773
17.468000411987305
17.297000885009766
17.208999633789062
17.038999557495117
16.954999923706055
16.78700065612793
16.707000732421875
16.54400062561035
16.464000701904297
16.304000854492188
16.226999282836914
16.073999404907227
15.99899959564209
15.847999572753906
15.767000198364258
15.607000350952148
15.517000198364258
15.350000381469727
15.26099967956543
15.086999893188477
14.993000030517578
14.814000129699707
14.720000267028809
14.543999671936035
14.451000213623047
14.272000312805176
14.175999641418457
25.81800079345703
25.69099998474121
25.524999618530273
25.405000686645508
25.24799919128418
25.134000778198242
24.97800064086914
24.854999542236328
24.69700050354004
24.570999145507812
24.420000076293945
24.288999557495117
24.138999938964844
24.006999969482422
23.858999252319336
23.73200035095215
23.586999893188477
23.461000442504883
23.312999725341797
23.18899917602539
23.038999557495117
22.929000854492188
22.770999908447266
22.663000106811523
22.485000610351562
22.368999481201172
22.18199920654297
22.070999145507812
21.889999389648438
21.7810001373291
21.59600067138672
21.48900032043457
21.30299949645996
21.197999954223633
21.01300048828125
20.9060001373291
20.719999313354492
20.613000869750977
20.426000595092773
20.319000244140625
20.1299991607666
20.02199935913086
19.832000732421875
19.725000381469727
19.53700065612793
19.43000030517578
19.243000030517578
19.135000228881836
18.950000762939453
18.843000411987305
18.66200065612793
18.55900001525879
18.381000518798828
18.2810001373291
18.104999542236328
18.006000518798828
17.83300018310547
17.73699951171875
17.56800079345703
17.475000381469727
17.31100082397461
17.2189998626709
17.055999755859375
16.964000701904297
16.80299949645996
16.714000701904297
16.55900001525879
16.472000122070312
16.32200050354004
16.23699951171875
16.08799934387207
16.003999710083008
15.847000122070312
15.769000053405762
15.598999977111816
15.513999938964844
15.340999603271484
15.255999565124512
15.07800006866455
14.98799991607666
14.803999900817871
14.715999603271484
14.53600025177002
14.444000244140625
14.26099967956543
14.170999526977539
25.856000900268555
25.753000259399414
25.56800079345703
25.466999053955078
25.29400062561035
25.19499969482422
25.031999588012695
24.929000854492188
24.770000457763672
24.66200065612793
24.50200080871582
24.38599967956543
24.222999572753906
24.104999542236328
23.94300079345703
23.827999114990234
23.670000076293945
23.555999755859375
23.395999908447266
23.27899932861328
23.111000061035156
22.9950008392334
22.823999404907227
22.708999633789062
22.533000946044922
22.416000366210938
22.236000061035156
22.118999481201172
21.937999725341797
21.81999969482422
21.64299964904785
21.527000427246094
21.349000930786133
21.232999801635742
21.05500030517578
20.940000534057617
20.759000778198242
20.645000457763672
20.464000701904297
20.350000381469727
20.166000366210938
20.05299949645996
19.868999481201172
19.756000518798828
19.572999954223633
19.461999893188477
19.27899932861328
19.16699981689453
18.986000061035156
18.875999450683594
18.698999404907227
18.59000015258789
18.41699981689453
18.309999465942383
18.136999130249023
18.031999588012695
17.86199951171875
17.76099967956543
17.600000381469727
17.50200080871582
17.3439998626709
17.2450008392334
17.090999603271484
16.993999481201172
16.839000701904297
16.740999221801758
16.590999603271484
16.499000549316406
16.351999282836914
16.261999130249023
16.11199951171875
16.023000717163086
15.86299991607666
15.77400016784668
15.604000091552734
15.520999908447266
15.345999717712402
15.255999565124512
15.079000473022461
14.986000061035156
14.803999900817871
14.713000297546387
14.531999588012695
14.437000274658203
14.255000114440918
14.157999992370605
25.89699935913086
25.7810001373291
25.61199951171875
25.50200080871582
25.343000411987305
25.236000061035156
25.079999923706055
24.975000381469727
24.81599998474121
24.714000701904297
24.547000885009766
24.441999435424805
24.273000717163086
24.16900062561035
24.009000778198242
23.900999069213867
23.749000549316406
23.632999420166016
23.47599983215332
23.35300064086914
23.190000534057617
23.065000534057617
22.89900016784668
22.77400016784668
22.606000900268555
22.479000091552734
22.30900001525879
22.18199920654297
22.010000228881836
21.882999420166016
21.709999084472656
21.58799934387207
21.416000366210938
21.29400062561035
21.118999481201172
20.996999740600586
20.82200050354004
20.700000762939453
20.523000717163086
20.400999069213867
20.225000381469727
20.10300064086914
19.927000045776367
19.805999755859375
19.628999710083008
19.509000778198242
19.332000732421875
19.214000701904297
19.03700065612793
18.922000885009766
18.75200080871582
18.638999938964844
18.472999572753906
18.358999252319336
18.194000244140625
18.07900047302246
17.916000366210938
17.804000854492188
17.64699935913086
17.542999267578125
17.39299964904785
17.291000366210938
17.141000747680664
17.038999557495117
16.88800048828125
16.78499984741211
16.634000778198242
16.538000106811523
16.391000747680664
16.297000885009766
16.145999908447266
16.049999237060547
15.892000198364258
15.793999671936035
15.630999565124512
15.534000396728516
15.368000030517578
15.270000457763672
15.095999717712402
14.994999885559082
14.815999984741211
14.718000411987305
14.538999557495117
14.4399995803833
14.26099967956543
14.16100025177002
25.97599983215332
25.850000381469727
25.69300079345703
25.56999969482422
25.417999267578125
25.301000595092773
25.149999618530273
25.035999298095703
24.881999969482422
24.76799964904785
24.607999801635742
24.488000869750977
24.33099937438965
24.219999313354492
24.079999923706055
23.972999572753906
23.83799934387207
23.722999572753906
23.579999923706055
23.448999404907227
23.29199981689453
23.1560001373291
22.999000549316406
22.867000579833984
22.708999633789062
22.572999954223633
22.410999298095703
22.27400016784668
22.110000610351562
21.972999572753906
21.80900001525879
21.67300033569336
21.510000228881836
21.375999450683594
21.211000442504883
21.07699966430664
20.913000106811523
20.77899932861328
20.61400032043457
20.481000900268555
20.31599998474121
20.18199920654297
20.017000198364258
19.882999420166016
19.718000411987305
19.583999633789062
19.41900062561035
19.285999298095703
19.12299919128418
18.992000579833984
18.832000732421875
18.70800018310547
18.55299949645996
18.430999755859375
18.275999069213867
18.152000427246094
18.0
17.878000259399414
17.73200035095215
17.61199951171875
17.4689998626709
17.354000091552734
17.209999084472656
17.099000930786133
16.947999954223633
16.839000701904297
16.68899917602539
16.586999893188477
16.441999435424805
16.341999053955078
16.198999404907227
16.097000122070312
15.946999549865723
15.838000297546387
15.682000160217285
15.574000358581543
15.416000366210938
15.307000160217285
15.142000198364258
15.029000282287598
14.859999656677246
14.748000144958496
14.583000183105469
14.472999572753906
14.309000015258789
14.196000099182129
25.95199966430664
25.80699920654297
25.673999786376953
25.533000946044922
25.400999069213867
25.256999969482422
25.124000549316406
24.981000900268555
24.85300064086914
24.70599937438965
24.575000762939453
24.43000030517578
24.30500030517578
24.16900062561035
24.05500030517578
23.926000595092773
23.81599998474121
23.67799949645996
23.55699920654297
23.409000396728516
23.274999618530273
23.121000289916992
22.981000900268555
22.83099937438965
22.690000534057617
22.535999298095703
22.391000747680664
22.233999252319336
22.09000015258789
21.93199920654297
21.788999557495117
21.631999969482422
21.48900032043457
21.33099937438965
21.187999725341797
21.030000686645508
20.888999938964844
20.73200035095215
20.590999603271484
20.43400001525879
20.292999267578125
20.13599967956543
19.993999481201172
19.836999893188477
19.69499969482422
19.53700065612793
19.395000457763672
19.238000869750977
19.099000930786133
18.94499969482422
18.809999465942383
18.660999298095703
18.52899932861328
18.384000778198242
18.25200080871582
18.107999801635742
17.979999542236328
17.84000015258789
17.71299934387207
17.575000762939453
17.451000213623047
17.30900001525879
17.183000564575195
17.03499984741211
16.91200065612793
16.764999389648438
16.652000427246094
16.51099967956543
16.40399932861328
16.264999389648438
16.15999984741211
16.014999389648438
15.902999877929688
15.746000289916992
15.633999824523926
15.475000381469727
15.364999771118164
15.204000473022461
15.09000015258789
14.930000305175781
14.812000274658203
14.652000427246094
14.53499984741211
14.37399959564209
14.258000373840332
25.926000595092773
25.792999267578125
25.649999618530273
25.52400016784668
25.381000518798828
25.24799919128418
25.097000122070312
24.96299934387207
24.812000274658203
24.683000564575195
24.5310001373291
24.409000396728516
24.26300048828125
24.148000717163086
24.000999450683594
23.89299964904785
23.743999481201172
23.63800048828125
23.486000061035156
23.378000259399414
23.22800064086914
23.104999542236328
22.94700050354004
22.812000274658203
22.649999618530273
22.514999389648438
22.351999282836914
22.21500015258789
22.05299949645996
21.913999557495117
21.753000259399414
21.61400032043457
21.451000213623047
21.312000274658203
21.14900016784668
21.01099967956543
20.850000381469727
20.711999893188477
20.552000045776367
20.415000915527344
20.253000259399414
20.115999221801758
19.95400047302246
19.816999435424805
19.655000686645508
19.517000198364258
19.35700035095215
19.219999313354492
19.062999725341797
18.929000854492188
18.775999069213867
18.645000457763672
18.496000289916992
18.367000579833984
18.219999313354492
18.091999053955078
17.945999145507812
17.82200050354004
17.67799949645996
17.558000564575195
17.41699981689453
17.292999267578125
17.14299964904785
17.01099967956543
16.860000610351562
16.73699951171875
16.593000411987305
16.479000091552734
16.33799934387207
16.231000900268555
16.08300018310547
15.972000122070312
15.812999725341797
15.699000358581543
15.53499984741211
15.423999786376953
15.260000228881836
15.151000022888184
14.986000061035156
14.878000259399414
14.71500015258789
14.605999946594238
14.440999984741211
14.324999809265137
14.159000396728516
25.916000366210938
25.768999099731445
25.63599967956543
25.490999221801758
25.363000869750977
25.209999084472656
25.077999114990234
24.922000885009766
24.788999557495117
24.635000228881836
24.506000518798828
24.358999252319336
24.238000869750977
24.091999053955078
23.969999313354492
23.819000244140625
23.700000762939453
23.55299949645996
23.444000244140625
23.298999786376953
23.19099998474121
23.03700065612793
22.915000915527344
22.75
22.621000289916992
22.461999893188477
22.327999114990234
22.17099952697754
22.031999588012695
21.87299919128418
21.732999801635742
21.573999404907227
21.430999755859375
21.270999908447266
21.128999710083008
20.9689998626709
20.82900047302246
20.67099952697754
20.5310001373291
20.37299919128418
20.23200035095215
20.072999954223633
19.933000564575195
19.774999618530273
19.635000228881836
19.47800064086914
19.339000701904297
19.18600082397461
19.04800033569336
18.89900016784668
18.761999130249023
18.614999771118164
18.479999542236328
18.334999084472656
18.202999114990234
18.05699920654297
17.92799949645996
17.784000396728516
17.658000946044922
17.514999389648438
17.393999099731445
17.24799919128418
17.1200008392334
16.968000411987305
16.839000701904297
16.69300079345703
16.569000244140625
16.427000045776367
16.309999465942383
16.163999557495117
16.04400062561035
15.887999534606934
15.767999649047852
15.605999946594238
15.48799991607666
15.324000358581543
15.208000183105469
15.043999671936035
14.930999755859375
14.770999908447266
14.661999702453613
14.503999710083008
14.392000198364258
14.227999687194824
14.111000061035156
25.895000457763672
25.757999420166016
25.60300064086914
25.4689998626709
25.31399917602539
25.183000564575195
25.025999069213867
24.89699935913086
24.73900032043457
24.610000610351562
24.45400047302246
24.33099937438965
24.179000854492188
24.059999465942383
23.9060001373291
23.785999298095703
23.63599967956543
23.520999908447266
23.375999450683594
23.26300048828125
23.115999221801758
22.996999740600586
22.84600067138672
22.72100067138672
22.569000244140625
22.43899917602539
22.28499984741211
22.149999618530273
21.993000030517578
21.854999542236328
21.69499969482422
21.554000854492188
21.395000457763672
21.253999710083008
21.094999313354492
20.952999114990234
20.79599952697754
20.65399932861328
20.499000549316406
20.35700035095215
20.201000213623047
20.058000564575195
19.902999877929688
19.76099967956543
19.60700035095215
19.465999603271484
19.315000534057617
19.174999237060547
19.027999877929688
18.889999389648438
18.742000579833984
18.604999542236328
18.45800018310547
18.322999954223633
18.17799949645996
18.045000076293945
17.902000427246094
17.770999908447266
17.62700080871582
17.496999740600586
17.35099983215332
17.222999572753906
17.075000762939453
16.947999954223633
16.798999786376953
16.67300033569336
16.524999618530273
16.40399932861328
16.25200080871582
16.128999710083008
15.970000267028809
15.847999572753906
15.684000015258789
15.562000274658203
15.397000312805176
15.277000427246094
15.11400032043457
14.996999740600586
14.833999633789062
14.720999717712402
14.559000015258789
14.451000213623047
14.291999816894531
14.180999755859375
25.871999740600586
25.708999633789062
25.577999114990234
25.415000915527344
25.285999298095703
25.125
24.996000289916992
24.836000442504883
24.708999633789062
24.545000076293945
24.41900062561035
24.253999710083008
24.136999130249023
23.976999282836914
23.864999771118164
23.709999084472656
23.60099983215332
23.451000213623047
23.341999053955078
23.194000244140625
23.082000732421875
22.933000564575195
22.81599998474121
22.65999984741211
22.538000106811523
22.378000259399414
22.2549991607666
22.091999053955078
21.96500015258789
21.798999786376953
21.667999267578125
21.503000259399414
21.371000289916992
21.208999633789062
21.075000762939453
20.91699981689453
20.780000686645508
20.621999740600586
20.48200035095215
20.322999954223633
20.18400001525879
20.024999618530273
19.886999130249023
19.731000900268555
19.593000411987305
19.440000534057617
19.304000854492188
19.152000427246094
19.016000747680664
18.864999771118164
18.729000091552734
18.58099937438965
18.447999954223633
18.302000045776367
18.167999267578125
18.018999099731445
17.88599967956543
17.735000610351562
17.606000900268555
17.454999923706055
17.327999114990234
17.176000595092773
17.049999237060547
16.895000457763672
16.770999908447266
16.61400032043457
16.493999481201172
16.33300018310547
16.211999893188477
16.047000885009766
15.927000045776367
15.760000228881836
15.638999938964844
15.470999717712402
15.35099983215332
15.1850004196167
15.067999839782715
14.902000427246094
14.78499984741211
14.619000434875488
14.505999565124512
14.345000267028809
14.239999771118164
25.81800079345703
25.68000030517578
25.520999908447266
25.38800048828125
25.229999542236328
25.09600067138672
24.937000274658203
24.805999755859375
24.645999908447266
24.51099967956543
24.34600067138672
24.21500015258789
24.054000854492188
23.93400001525879
23.7810001373291
23.670000076293945
23.525999069213867
23.416000366210938
23.2810001373291
23.16699981689453
23.024999618530273
22.902999877929688
22.75
22.625
22.464000701904297
22.34000015258789
22.18000030517578
22.05500030517578
21.893999099731445
21.764999389648438
21.604000091552734
21.472999572753906
21.316999435424805
21.184999465942383
21.0310001373291
20.89699935913086
20.739999771118164
20.601999282836914
20.44300079345703
20.304000854492188
20.14699935913086
20.007999420166016
19.854999542236328
19.715999603271484
19.565000534057617
19.427000045776367
19.277000427246094
19.138999938964844
18.989999771118164
18.851999282836914
18.702999114990234
18.56800079345703
18.42300033569336
18.290000915527344
18.141000747680664
18.003999710083008
17.851999282836914
17.71500015258789
17.562999725341797
17.430999755859375
17.27899932861328
17.149999618530273
16.992000579833984
16.863000869750977
16.702999114990234
16.577999114990234
16.416000366210938
16.291000366210938
16.12700080871582
16.003999710083008
15.83899974822998
15.71500015258789
15.550000190734863
15.427000045776367
15.263999938964844
15.140999794006348
14.979000091552734
14.857000350952148
14.694999694824219
14.574000358581543
14.413000106811523
14.29800033569336
14.140999794006348
25.93899917602539
25.79599952697754
25.632999420166016
25.496999740600586
25.34000015258789
25.20599937438965
25.048999786376953
24.913999557495117
24.7549991607666
24.618000030517578
24.45400047302246
24.31599998474121
24.152999877929688
24.020999908447266
23.868999481201172
23.749000549316406
23.607999801635742
23.496999740600586
23.336000442504883
23.2810001373291
23.111000061035156
22.996000289916992
22.839000701904297
22.71500015258789
22.554000854492188
22.429000854492188
22.268999099731445
22.145000457763672
21.986000061035156
21.860000610351562
21.698999404907227
21.57200050354004
21.415000915527344
21.290000915527344
21.136999130249023
21.010000228881836
20.857999801635742
20.722000122070312
20.56800079345703
20.427000045776367
20.273000717163086
20.132999420166016
19.979999542236328
19.841999053955078
19.69099998474121
19.55299949645996
19.402000427246094
19.264999389648438
19.117000579833984
18.979999542236328
18.83300018310547
18.694000244140625
18.547000885009766
18.410999298095703
18.264999389648438
18.128000259399414
17.981000900268555
17.841999053955078
17.68899917602539
17.547000885009766
17.391000747680664
17.2549991607666
17.099000930786133
16.96500015258789
16.805999755859375
16.673999786376953
16.514999389648438
16.381999969482422
16.222000122070312
16.091999053955078
15.932000160217285
15.802000045776367
15.642999649047852
15.515000343322754
15.359000205993652
15.229999542236328
15.072999954223633
14.944999694824219
14.786999702453613
14.659000396728516
14.501999855041504
14.376999855041504
14.222999572753906
14.102999687194824
25.90999984741211
25.73699951171875
25.60300064086914
25.43600082397461
25.30900001525879
25.14900016784668
25.023000717163086
24.861000061035156
24.72800064086914
24.55900001525879
24.42099952697754
24.25200080871582
24.121000289916992
23.96299934387207
23.841999053955078
23.69700050354004
23.58300018310547
23.41699981689453
23.36199951171875
23.190000534057617
23.075000762939453
22.91900062561035
22.79800033569336
22.631999969482422
22.511999130249023
22.344999313354492
22.22800064086914
22.06100082397461
21.944000244140625
21.775999069213867
21.656999588012695
21.496000289916992
21.3799991607666
21.226999282836914
21.108999252319336
20.964000701904297
20.84000015258789
20.69499969482422
20.558000564575195
20.40399932861328
20.259000778198242
20.101999282836914
19.964000701904297
19.808000564575195
19.67300033569336
19.518999099731445
19.38599967956543
19.236000061035156
19.104000091552734
18.95400047302246
18.81999969482422
18.666000366210938
18.531999588012695
18.375
18.243999481201172
18.09000015258789
17.96299934387207
17.802000045776367
17.66699981689453
17.496999740600586
17.36400032043457
17.198999404907227
17.06999969482422
16.906999588012695
16.777999877929688
16.614999771118164
16.483999252319336
16.31999969482422
16.190000534057617
16.027000427246094
15.89799976348877
15.736000061035156
15.611000061035156
15.449000358581543
15.324999809265137
15.163000106811523
15.038999557495117
14.87600040435791
14.751999855041504
14.59000015258789
14.467000007629395
14.307000160217285
14.187999725341797
25.82900047302246
25.695999145507812
25.523000717163086
25.39699935913086
25.233999252319336
25.113000869750977
24.951000213623047
24.825000762939453
24.6560001373291
24.52199935913086
24.35099983215332
24.218000411987305
24.058000564575195
23.93400001525879
23.788000106811523
23.672000885009766
23.503000259399414
23.44700050354004
23.270000457763672
23.15399932861328
22.989999771118164
22.8700008392334
22.698999404907227
22.582000732421875
22.413999557495117
22.29800033569336
22.131000518798828
22.011999130249023
21.847000122070312
21.729000091552734
21.569000244140625
21.45400047302246
21.299999237060547
21.18899917602539
21.038999557495117
20.93199920654297
20.777999877929688
20.665000915527344
20.49799919128418
20.374000549316406
20.201000213623047
20.075000762939453
19.909000396728516
19.7810001373291
19.618999481201172
19.492000579833984
19.33099937438965
19.20800018310547
19.04599952697754
18.923999786376953
18.753000259399414
18.628999710083008
18.452999114990234
18.33300018310547
18.158000946044922
18.045000076293945
17.871999740600586
17.753999710083008
17.57699966430664
17.45400047302246
17.280000686645508
17.158000946044922
16.98699951171875
16.865999221801758
16.69499969482422
16.572999954223633
16.399999618530273
16.277999877929688
16.10700035095215
15.984999656677246
15.812999725341797
15.692999839782715
15.520999908447266
15.402999877929688
15.230999946594238
15.11400032043457
14.944000244140625
14.829000473022461
14.66100025177002
14.545000076293945
14.376999855041504
14.262999534606934
14.097999572753906
25.909000396728516
25.781999588012695
25.601999282836914
25.476999282836914
25.30900001525879
25.19300079345703
25.024999618530273
24.90399932861328
24.729999542236328
24.60700035095215
24.43400001525879
24.31100082397461
24.14299964904785
24.023000717163086
23.867000579833984
23.756000518798828
23.583999633789062
23.520000457763672
23.319000244140625
23.246000289916992
23.05699920654297
22.937999725341797
22.767000198364258
22.648000717163086
22.482999801635742
22.367000579833984
22.201000213623047
22.08099937438965
21.909000396728516
21.79400062561035
21.625999450683594
21.518999099731445
21.351999282836914
21.246999740600586
21.077999114990234
20.981000900268555
20.80699920654297
20.711999893188477
20.53499984741211
20.434999465942383
20.267000198364258
20.159000396728516
19.996000289916992
19.871999740600586
19.70800018310547
19.582000732421875
19.41699981689453
19.29199981689453
19.124000549316406
19.000999450683594
18.82900047302246
18.702999114990234
18.527000427246094
18.400999069213867
18.226999282836914
18.104000091552734
17.93400001525879
17.81399917602539
17.643999099731445
17.523000717163086
17.351999282836914
17.231000900268555
17.05900001525879
16.937000274658203
16.764999389648438
16.643999099731445
16.472999572753906
16.35099983215332
16.179000854492188
16.058000564575195
15.88599967956543
15.762999534606934
15.590999603271484
15.468999862670898
15.298999786376953
15.178000450134277
15.010000228881836
14.892000198364258
14.725000381469727
14.609000205993652
14.440999984741211
14.324999809265137
14.154999732971191
14.043000221252441
25.96299934387207
25.84600067138672
25.658000946044922
25.541000366210938
25.354000091552734
25.246999740600586
25.06599998474121
24.959999084472656
24.775999069213867
24.666000366210938
24.485000610351562
24.375
24.200000762939453
24.090999603271484
23.92300033569336
23.81999969482422
23.64299964904785
23.57200050354004
23.375999450683594
23.301000595092773
23.113000869750977
22.999000549316406
22.820999145507812
22.70800018310547
22.531999588012695
22.426000595092773
22.25200080871582
22.14299964904785
21.96299934387207
21.849000930786133
21.67300033569336
21.565000534057617
21.392000198364258
21.285999298095703
21.106000900268555
21.003000259399414
20.829999923706055
20.731000900268555
20.573999404907227
20.472999572753906
20.339000701904297
20.232999801635742
20.106000900268555
19.976999282836914
19.823999404907227
19.679000854492188
19.518999099731445
19.381999969482422
19.218000411987305
19.084999084472656
18.917999267578125
18.784000396728516
18.614999771118164
18.482999801635742
18.315000534057617
18.18400001525879
18.017000198364258
17.889999389648438
17.726999282836914
17.600000381469727
17.434999465942383
17.30699920654297
17.141000747680664
17.01300048828125
16.847000122070312
16.72100067138672
16.55500030517578
16.42799949645996
16.26099967956543
16.135000228881836
15.970000267028809
15.842000007629395
15.675999641418457
15.54800033569336
15.38700008392334
15.258999824523926
15.098999977111816
14.970000267028809
14.807000160217285
14.680000305175781
14.515000343322754
14.392000198364258
14.227999687194824
14.105999946594238
26.006999969482422
25.891000747680664
25.700000762939453
25.583999633789062
25.393999099731445
25.2810001373291
25.09600067138672
24.988000869750977
24.80500030517578
24.698999404907227
24.517000198364258
24.41200065612793
24.236000061035156
24.134000778198242
23.97100067138672
23.868000030517578
23.694000244140625
23.62299919128418
23.426000595092773
23.347999572753906
23.152999877929688
23.04400062561035
22.854999542236328
22.746999740600586
22.558000564575195
22.457000732421875
22.268999099731445
22.18199920654297
21.996999740600586
21.89299964904785
21.711999893188477
21.604999542236328
21.424999237060547
21.319000244140625
21.136999130249023
21.030000686645508
20.857999801635742
20.76099967956543
20.611000061035156
20.52400016784668
20.393999099731445
20.309999465942383
20.18600082397461
20.086999893188477
19.930999755859375
19.797000885009766
19.615999221801758
19.48200035095215
19.305999755859375
19.17799949645996
19.000999450683594
18.874000549316406
18.698999404907227
18.573999404907227
18.399999618530273
18.273000717163086
18.099000930786133
17.975000381469727
17.80699920654297
17.68600082397461
17.517000198364258
17.39299964904785
17.222999572753906
17.099000930786133
16.92799949645996
16.804000854492188
16.636999130249023
16.51300048828125
16.344999313354492
16.219999313354492
16.052000045776367
15.928000450134277
15.76200008392334
15.637999534606934
15.47599983215332
15.352999687194824
15.187999725341797
15.062000274658203
14.890999794006348
14.765000343322754
14.593000411987305
14.470000267028809
14.298999786376953
14.180000305175781
14.010000228881836
26.034000396728516
25.923999786376953
25.72800064086914
25.618999481201172
25.427000045776367
25.31800079345703
25.131000518798828
25.02199935913086
24.833999633789062
24.72599983215332
24.533000946044922
24.440000534057617
24.24799919128418
24.15999984741211
23.983999252319336
23.89900016784668
23.725000381469727
23.639999389648438
23.458999633789062
23.367000579833984
23.167999267578125
23.06399917602539
22.861000061035156
22.756999969482422
22.562000274658203
22.464000701904297
22.277999877929688
22.187999725341797
22.006000518798828
21.91900062561035
21.733999252319336
21.634000778198242
21.44700050354004
21.344999313354492
21.160999298095703
21.059999465942383
20.882999420166016
20.78700065612793
20.62700080871582
20.55500030517578
20.409000396728516
20.34000015258789
20.201000213623047
20.12299919128418
19.95199966430664
19.849000930786133
19.645999908447266
19.540000915527344
19.33099937438965
19.226999282836914
19.024999618530273
18.92099952697754
18.722000122070312
18.621999740600586
18.423999786376953
18.32200050354004
18.124000549316406
18.023000717163086
17.829999923706055
17.732999801635742
17.541000366210938
17.44099998474121
17.246999740600586
17.14900016784668
16.95400047302246
16.854000091552734
16.660999298095703
16.562000274658203
16.368999481201172
16.270000457763672
16.07699966430664
15.980999946594238
15.786999702453613
15.692999839782715
15.503999710083008
15.409000396728516
15.215999603271484
15.11400032043457
14.914999961853027
14.812999725341797
14.616000175476074
14.513999938964844
14.319999694824219
14.220000267028809
14.027999877929688
13.932000160217285
26.03499984741211
25.924999237060547
25.72800064086914
25.6200008392334
25.42799949645996
25.32200050354004
25.134000778198242
25.027999877929688
24.83799934387207
24.729999542236328
24.535999298095703
24.43000030517578
24.246000289916992
24.149999618530273
23.976999282836914
23.885000228881836
23.72100067138672
23.6299991607666
23.457000732421875
23.35099983215332
23.156999588012695
23.040000915527344
22.8439998626709
22.735000610351562
22.549999237060547
22.448999404907227
22.273000717163086
22.18000030517578
22.007999420166016
21.915000915527344
21.735000610351562
21.636999130249023
21.448999404907227
21.347999572753906
21.163000106811523
21.062999725341797
20.884000778198242
20.78700065612793
20.62700080871582
20.538999557495117
20.398000717163086
20.308000564575195
20.172000885009766
20.066999435424805
19.915000915527344
19.788000106811523
19.61400032043457
19.481000900268555
19.302000045776367
19.176000595092773
18.996999740600586
18.87299919128418
18.695999145507812
18.57699966430664
18.399999618530273
18.27899932861328
18.100000381469727
17.979999542236328
17.80500030517578
17.687999725341797
17.516000747680664
17.39900016784668
17.22599983215332
17.107999801635742
16.930999755859375
16.812000274658203
16.63599967956543
16.518999099731445
16.344999313354492
16.229000091552734
16.05699920654297
15.944999694824219
15.772000312805176
15.656999588012695
15.482999801635742
15.364999771118164
15.189000129699707
15.065999984741211
14.887999534606934
14.765000343322754
14.586999893188477
14.46500015258789
14.291999816894531
14.173999786376953
14.005999565124512
26.007999420166016
25.886999130249023
25.69700050354004
25.57699966430664
25.393999099731445
25.280000686645508
25.10300064086914
24.98900032043457
24.80699920654297
24.69099998474121
24.507999420166016
24.398000717163086
24.224000930786133
24.118999481201172
23.952999114990234
23.85300064086914
23.69499969482422
23.594999313354492
23.423999786376953
23.30900001525879
23.1200008392334
23.000999450683594
22.812999725341797
22.70199966430664
22.523000717163086
22.41699981689453
22.25
22.152999877929688
21.989999771118164
21.891000747680664
21.718000411987305
21.60700035095215
21.426000595092773
21.31100082397461
21.134000778198242
21.02199935913086
20.85300064086914
20.746000289916992
20.591999053955078
20.489999771118164
20.347000122070312
20.23900032043457
20.094999313354492
19.975000381469727
19.820999145507812
19.69300079345703
19.527999877929688
19.39699935913086
19.225000381469727
19.09600067138672
18.92300033569336
18.79800033569336
18.628000259399414
18.507999420166016
18.334999084472656
18.211999893188477
18.03499984741211
17.913000106811523
17.740999221801758
17.621999740600586
17.45400047302246
17.336000442504883
17.163999557495117
17.041000366210938
16.865999221801758
16.7450008392334
16.572999954223633
16.454999923706055
16.28499984741211
16.172000885009766
16.003999710083008
15.890999794006348
15.718000411987305
15.597999572753906
15.418999671936035
15.29699993133545
15.119999885559082
14.996999740600586
14.819000244140625
14.694999694824219
14.519000053405762
14.395000457763672
14.222999572753906
14.100000381469727
25.964000701904297
25.84600067138672
25.649999618530273
25.535999298095703
25.350000381469727
25.243000030517578
25.059999465942383
24.947999954223633
24.76099967956543
24.645999908447266
24.46500015258789
24.354000091552734
24.183000564575195
24.07699966430664
23.913999557495117
23.81100082397461
23.650999069213867
23.547000885009766
23.375999450683594
23.266000747680664
23.08099937438965
22.9689998626709
22.777999877929688
22.670000076293945
22.488000869750977
22.38800048828125
22.219999313354492
22.125
21.958999633789062
21.854000091552734
21.676000595092773
21.55699920654297
21.37299919128418
21.253000259399414
21.07900047302246
20.966999053955078
20.802000045776367
20.695999145507812
20.538000106811523
20.43600082397461
20.280000686645508
20.176000595092773
20.016000747680664
19.908000946044922
19.73900032043457
19.625999450683594
19.448999404907227
19.32900047302246
19.14900016784668
19.02899932861328
18.85099983215332
18.735000610351562
18.562000274658203
18.448999404907227
18.27199935913086
18.1560001373291
17.974000930786133
17.857999801635742
17.679000854492188
17.56399917602539
17.388999938964844
17.274999618530273
17.099000930786133
25.94099998474121
25.836000442504883
25.635000228881836
25.5310001373291
25.334999084472656
25.232999801635742
25.035999298095703
24.93400001525879
24.731000900268555
24.6299991607666
24.433000564575195
24.336000442504883
24.150999069213867
24.05900001525879
23.882999420166016
23.791000366210938
23.615999221801758
23.52400016784668
23.344999313354492
23.249000549316406
23.058000564575195
22.958999633789062
22.761999130249023
22.667999267578125
22.47599983215332
22.386999130249023
22.20400047302246
22.113000869750977
21.929000854492188
21.825000762939453
21.631999969482422
21.520000457763672
21.325000762939453
21.2189998626709
21.035999298095703
20.93899917602539
20.763999938964844
20.667999267578125
20.49799919128418
20.402999877929688
20.23699951171875
20.145000457763672
19.974000930786133
19.888999938964844
19.701000213623047
19.60099983215332
19.4060001373291
19.301000595092773
19.104000091552734
19.003000259399414
18.812000274658203
25.95199966430664
25.844999313354492
25.652999877929688
25.54800033569336
25.360000610351562
25.25
25.058000564575195
24.94499969482422
24.749000549316406
24.63800048828125
24.43899917602539
24.347000122070312
24.152999877929688
24.065000534057617
23.881000518798828
23.79400062561035
23.613000869750977
23.52400016784668
23.339000701904297
23.246000289916992
23.05699920654297
22.964000701904297
22.770999908447266
22.68000030517578
22.488000869750977
22.395999908447266
22.202999114990234
22.104999542236328
21.910999298095703
21.808000564575195
21.613000869750977
21.513999938964844
21.319000244140625
21.2189998626709
21.030000686645508
20.93400001525879
20.7549991607666
20.663999557495117
20.48699951171875
25.979000091552734
25.864999771118164
25.676000595092773
25.570999145507812
25.388999938964844
25.283000946044922
25.0939998626709
24.979000091552734
24.781999588012695
24.666000366210938
24.47100067138672
24.360000610351562
24.16900062561035
24.084999084472656
23.895000457763672
23.809999465942383
23.621000289916992
23.53499984741211
23.34600067138672
23.2549991607666
23.062000274658203
22.969999313354492
22.7810001373291
22.69099998474121
22.499000549316406
22.405000686645508
22.20400047302246
25.895999908447266
25.700000762939453
25.5939998626709
25.40999984741211
25.309999465942383
25.12299919128418
25.01300048828125
24.81100082397461
24.69700050354004
24.496000289916992
24.386999130249023
24.19300079345703
24.104000091552734
23.910999298095703
23.823999404907227
23.636999130249023
23.548999786376953
23.356000900268555
25.718000411987305
25.611000061035156
25.413000106811523
25.316999435424805
25.118999481201172
25.02400016784668
24.81599998474121
24.714000701904297
24.5049991607666
24.405000686645508
24.20599937438965
24.108999252319336
23.91900062561035
25.628000259399414
25.506999969482422
25.305999755859375
25.18199920654297
24.983999252319336
24.86199951171875
24.666000366210938
24.54599952697754
24.354000091552734
24.233999252319336
24.055999755859375
23.941999435424805
25.58799934387207
25.465999603271484
25.26099967956543
25.139999389648438
24.93899917602539
24.82200050354004
24.624000549316406
24.506999969482422
24.30900001525879
24.195999145507812
24.006999969482422
23.9060001373291
23.735000610351562
23.635000228881836
23.472999572753906
23.368000030517578
23.211000442504883
23.099000930786133
22.93600082397461
22.812999725341797
22.643999099731445
22.514999389648438
22.339000701904297
22.20800018310547
22.033000946044922
21.91699981689453
21.738000869750977
25.69700050354004
25.520999908447266
25.374000549316406
25.19700050354004
25.054000854492188
24.878999710083008
24.739999771118164
24.565000534057617
24.429000854492188
24.257999420166016
24.125999450683594
23.96299934387207
23.836999893188477
23.680999755859375
23.55299949645996
23.402000427246094
23.275999069213867
23.128999710083008
22.996999740600586
22.844999313354492
22.70599937438965
22.54599952697754
22.405000686645508
22.243000030517578
22.104999542236328
21.95400047302246
21.82200050354004
21.680999755859375
21.547000885009766
21.398000717163086
21.257999420166016
21.097999572753906
20.959999084472656
20.790000915527344
20.656999588012695
20.483999252319336
20.358999252319336
20.187999725341797
20.06399917602539
19.891000747680664
19.76099967956543
19.58799934387207
19.45599937438965
19.28700065612793
19.155000686645508
18.988000869750977
18.858999252319336
25.718000411987305
25.566999435424805
25.39900016784668
25.253000259399414
25.083999633789062
24.941999435424805
24.77199935913086
24.631000518798828
24.461999893188477
24.325000762939453
24.159000396728516
24.027000427246094
23.867000579833984
23.73900032043457
23.582000732421875
23.45199966430664
23.29599952697754
23.166000366210938
23.013999938964844
22.882999420166016
22.726999282836914
22.590999603271484
22.429000854492188
22.291000366210938
22.128000259399414
21.993999481201172
21.83799934387207
21.70800018310547
21.558000564575195
21.43000030517578
21.27899932861328
21.1560001373291
20.996999740600586
20.87700080871582
20.707000732421875
20.586000442504883
20.40999984741211
20.28499984741211
20.110000610351562
19.979999542236328
19.804000854492188
19.67099952697754
19.496000289916992
19.36199951171875
19.19099998474121
19.06100082397461
18.895000457763672
18.774999618530273
18.61199951171875
18.5
18.32900047302246
18.22100067138672
18.038999557495117
17.93600082397461
17.75
17.650999069213867
17.461000442504883
17.360000610351562
17.160999298095703
17.06399917602539
16.867000579833984
16.76300048828125
16.573999404907227
16.4689998626709
16.28499984741211
16.18400001525879
16.003000259399414
15.913000106811523
15.741999626159668
15.64799976348877
15.468000411987305
15.366999626159668
15.180999755859375
15.079000473022461
14.890000343322754
14.788000106811523
14.598999977111816
14.498000144958496
14.3100004196167
14.211000442504883
25.74799919128418
25.584999084472656
25.440000534057617
25.275999069213867
25.131000518798828
24.965999603271484
24.822999954223633
24.659000396728516
24.51799964904785
24.35300064086914
24.211000442504883
24.049999237060547
23.915000915527344
23.763999938964844
23.628999710083008
23.475000381469727
23.34000015258789
23.187000274658203
23.05699920654297
22.905000686645508
22.77400016784668
22.615999221801758
22.482999801635742
22.31999969482422
22.184999465942383
22.020999908447266
21.89299964904785
21.736000061035156
21.611000061035156
21.45599937438965
21.333999633789062
21.184999465942383
21.069000244140625
20.91900062561035
20.79400062561035
20.631000518798828
20.4950008392334
20.325000762939453
20.187000274658203
20.017000198364258
19.878000259399414
19.70800018310547
19.56599998474121
19.395999908447266
19.256000518798828
19.093000411987305
18.964000701904297
18.812000274658203
18.702999114990234
18.554000854492188
18.454999923706055
18.292999267578125
18.197999954223633
18.023000717163086
17.930999755859375
17.746000289916992
17.649999618530273
17.454999923706055
17.35300064086914
17.150999069213867
17.05299949645996
16.85300064086914
16.749000549316406
16.554000854492188
16.45199966430664
16.266000747680664
16.179000854492188
16.017000198364258
15.927000045776367
15.762999534606934
15.664999961853027
15.48799991607666
15.385000228881836
15.199000358581543
15.095000267028809
14.909000396728516
14.805999755859375
14.621000289916992
14.517000198364258
14.335000038146973
14.229999542236328
25.770000457763672
25.632999420166016
25.46500015258789
25.32699966430664
25.1560001373291
25.020000457763672
24.851999282836914
24.716999053955078
24.547000885009766
24.40999984741211
24.23900032043457
24.101999282836914
23.937999725341797
23.80900001525879
23.650999069213867
23.527000427246094
23.368999481201172
23.25
23.090999603271484
22.969999313354492
22.805999755859375
22.68199920654297
22.517000198364258
22.392000198364258
22.222999572753906
22.100000381469727
21.933000564575195
21.81599998474121
21.650999069213867
21.531999588012695
21.3700008392334
21.25200080871582
21.100000381469727
20.982999801635742
20.82699966430664
20.694000244140625
20.525999069213867
20.386999130249023
20.218000411987305
20.07900047302246
19.909000396728516
19.76799964904785
19.59600067138672
19.452999114990234
19.284000396728516
19.14699935913086
18.990999221801758
18.875999450683594
18.73900032043457
18.639999389648438
18.5049991607666
18.41200065612793
18.267000198364258
18.17099952697754
18.01099967956543
17.913000106811523
17.738000869750977
17.628000259399414
17.437999725341797
17.323999404907227
17.135000228881836
17.02199935913086
16.83300018310547
16.722000122070312
16.53499984741211
16.42799949645996
16.259000778198242
16.174999237060547
16.02400016784668
15.944999694824219
15.774999618530273
15.682999610900879
15.496000289916992
15.39900016784668
15.206000328063965
15.109000205993652
14.918999671936035
14.822999954223633
14.63599967956543
14.538000106811523
14.354999542236328
14.255999565124512
25.663000106811523
25.52199935913086
25.354000091552734
25.21500015258789
25.051000595092773
24.913999557495117
24.74799919128418
24.606000900268555
24.437999725341797
24.29599952697754
24.131000518798828
23.993000030517578
23.834999084472656
23.707000732421875
23.55699920654297
23.437000274658203
23.28700065612793
23.163000106811523
23.0049991607666
22.878000259399414
22.718000411987305
22.59000015258789
22.43000030517578
22.304000854492188
22.143999099731445
22.02199935913086
21.861000061035156
21.738000869750977
21.575000762939453
21.450000762939453
21.290000915527344
21.167999267578125
21.01300048828125
20.886999130249023
20.722999572753906
20.584999084472656
20.41699981689453
20.277999877929688
20.108999252319336
19.968000411987305
19.79800033569336
19.655000686645508
19.482999801635742
19.341999053955078
19.176000595092773
19.04800033569336
18.902999877929688
18.790000915527344
18.663000106811523
18.555999755859375
18.440000534057617
18.334999084472656
18.211000442504883
18.100000381469727
17.961999893188477
17.843000411987305
17.68400001525879
17.552000045776367
17.381999969482422
17.250999450683594
17.08099937438965
16.952999114990234
16.783000946044922
16.656999588012695
16.48900032043457
16.371999740600586
16.22800064086914
16.132999420166016
16.003000259399414
15.904999732971191
15.755999565124512
15.644000053405762
15.47599983215332
15.359999656677246
15.187999725341797
15.074999809265137
14.902999877929688
14.793000221252441
14.623000144958496
14.517000198364258
14.347999572753906
25.739999771118164
25.559999465942383
25.43000030517578
25.253000259399414
25.125
24.950000762939453
24.819000244140625
24.641000747680664
24.507999420166016
24.33099937438965
24.202999114990234
24.02899932861328
23.905000686645508
23.740999221801758
23.628000259399414
23.472999572753906
23.360000610351562
23.200000762939453
23.08099937438965
22.91699981689453
22.79800033569336
22.608999252319336
22.53700065612793
22.347999572753906
22.229999542236328
22.065000534057617
21.947999954223633
21.783000946044922
21.666000366210938
21.496999740600586
21.381000518798828
21.211999893188477
21.094999313354492
20.924999237060547
20.799999237060547
20.62299919128418
20.493999481201172
20.316999435424805
20.187000274658203
20.007999420166016
19.875999450683594
19.694000244140625
19.562000274658203
19.382999420166016
19.260000228881836
19.090999603271484
18.98200035095215
18.826000213623047
18.722999572753906
18.58099937438965
18.48200035095215
18.351999282836914
18.24799919128418
18.1200008392334
18.009000778198242
17.8700008392334
17.746000289916992
17.586999893188477
17.464000701904297
17.29800033569336
17.18400001525879
17.009000778198242
16.895999908447266
16.714000701904297
16.60099983215332
16.426000595092773
16.322999954223633
16.173999786376953
16.086999893188477
15.947999954223633
15.857000350952148
15.70199966430664
15.597000122070312
15.423999786376953
15.315999984741211
15.138999938964844
15.031999588012695
14.857000350952148
14.753999710083008
14.585000038146973
14.487000465393066
25.79800033569336
25.67300033569336
25.486000061035156
25.363000869750977
25.18000030517578
25.06100082397461
24.875
24.757999420166016
24.56800079345703
24.45400047302246
24.264999389648438
24.152999877929688
23.966999053955078
23.857999801635742
23.683000564575195
23.582000732421875
23.413000106811523
23.30699920654297
23.13599967956543
23.027000427246094
22.854000091552734
22.74799919128418
22.56599998474121
22.482999801635742
22.281999588012695
22.195999145507812
22.006999969482422
21.902999877929688
21.726999282836914
21.62299919128418
21.444000244140625
21.334999084472656
21.15399932861328
21.041000366210938
20.856000900268555
20.738000869750977
20.552000045776367
20.433000564575195
20.2450008392334
20.125999450683594
19.93600082397461
19.815000534057617
19.624000549316406
19.506000518798828
19.320999145507812
19.215999603271484
19.045000076293945
18.944000244140625
18.77899932861328
18.68199920654297
18.527999877929688
18.433000564575195
18.284000396728516
18.18400001525879
18.038000106811523
17.930999755859375
17.77899932861328
17.66699981689453
17.511999130249023
17.413000106811523
17.250999450683594
17.155000686645508
16.97100067138672
16.878000259399414
16.680999755859375
16.58099937438965
16.398000717163086
16.309999465942383
16.148000717163086
16.07200050354004
15.920000076293945
15.840999603271484
15.675000190734863
15.585000038146973
15.399999618530273
15.303999900817871
15.118000030517578
15.02299976348877
14.842000007629395
14.748000144958496
14.569000244140625
14.477999687194824
25.746000289916992
25.628999710083008
25.43400001525879
25.327999114990234
25.13800048828125
25.035999298095703
24.841999053955078
24.742000579833984
24.54400062561035
24.44700050354004
24.2450008392334
24.148000717163086
23.94700050354004
23.854999542236328
23.663999557495117
23.573999404907227
23.38599967956543
23.292999267578125
23.104999542236328
23.01300048828125
22.829999923706055
22.73900032043457
22.55900001525879
22.465999603271484
22.2810001373291
22.18000030517578
21.989999771118164
21.892000198364258
21.70599937438965
21.608999252319336
21.41699981689453
21.312999725341797
21.11199951171875
21.01799964904785
20.816999435424805
20.708999633789062
20.511999130249023
20.40399932861328
20.20599937438965
20.099000930786133
19.898000717163086
19.79199981689453
19.590999603271484
19.490999221801758
19.299999237060547
19.207000732421875
19.020999908447266
18.929000854492188
18.746999740600586
18.663999557495117
18.496000289916992
18.402999877929688
18.239999771118164
18.139999389648438
17.976999282836914
17.8700008392334
17.711999893188477
17.604999542236328
17.459999084472656
17.35700035095215
17.214000701904297
17.110000610351562
16.950000762939453
16.843000411987305
16.66699981689453
16.566999435424805
16.392000198364258
16.30900001525879
16.149999618530273
16.079999923706055
15.927000045776367
15.843000411987305
15.680000305175781
15.586999893188477
15.407999992370605
15.310999870300293
15.12600040435791
15.029999732971191
14.845999717712402
14.753000259399414
14.571000099182129
14.470000267028809
25.70800018310547
25.593000411987305
25.408000946044922
25.304000854492188
25.121999740600586
25.02899932861328
24.8439998626709
24.7450008392334
24.549999237060547
24.452999114990234
24.253999710083008
24.160999298095703
23.972000122070312
23.868000030517578
23.684999465942383
23.582000732421875
23.393999099731445
23.312000274658203
23.134000778198242
23.030000686645508
22.854999542236328
22.749000549316406
22.56999969482422
22.472000122070312
22.288000106811523
22.190000534057617
21.996000289916992
21.89699935913086
21.702999114990234
21.60300064086914
21.405000686645508
21.29800033569336
21.09600067138672
21.0
20.798999786376953
20.69300079345703
20.4950008392334
20.388999938964844
20.19099998474121
20.086000442504883
19.886999130249023
19.785999298095703
19.59000015258789
19.496000289916992
19.304000854492188
19.211999893188477
19.020999908447266
18.926000595092773
18.739999771118164
18.652000427246094
18.46500015258789
18.382999420166016
18.204999923706055
18.099000930786133
17.926000595092773
17.812999725341797
17.64900016784668
17.533000946044922
17.385000228881836
17.268999099731445
17.136999130249023
17.024999618530273
16.892000198364258
16.785999298095703
16.636999130249023
16.547000885009766
16.393999099731445
16.327999114990234
16.172000885009766
16.113000869750977
15.956000328063965
15.862000465393066
15.694000244140625
15.595000267028809
15.406999588012695
15.312999725341797
15.12600040435791
15.02400016784668
14.84000015258789
14.736000061035156
14.550000190734863
14.444999694824219
25.69099998474121
25.586999893188477
25.39900016784668
25.301000595092773
25.121999740600586
25.031999588012695
24.854000091552734
24.756000518798828
24.570999145507812
24.466999053955078
24.295000076293945
24.187999725341797
24.020999908447266
23.906999588012695
23.743000030517578
23.625999450683594
23.4689998626709
23.35300064086914
23.202999114990234
23.086000442504883
22.926000595092773
22.798999786376953
22.624000549316406
22.50200080871582
22.32699966430664
22.211000442504883
22.030000686645508
21.913999557495117
21.72800064086914
21.613000869750977
21.424999237060547
21.308000564575195
21.1200008392334
21.0049991607666
20.81800079345703
20.70199966430664
20.513999938964844
20.398000717163086
20.208999633789062
20.094999313354492
19.90999984741211
19.799999237060547
19.621999740600586
19.513999938964844
19.340999603271484
19.231000900268555
19.055999755859375
18.944000244140625
18.76799964904785
18.659000396728516
18.482999801635742
18.37700080871582
18.198999404907227
18.0939998626709
17.91200065612793
17.804000854492188
17.618999481201172
17.51300048828125
17.332000732421875
17.236000061035156
17.07200050354004
16.999000549316406
16.844999313354492
16.774999618530273
16.625999450683594
16.56100082397461
16.416000366210938
16.35300064086914
16.204999923706055
16.12700080871582
15.96500015258789
15.869999885559082
15.692999839782715
15.58899974822998
15.39799976348877
15.305000305175781
15.104999542236328
15.012999534606934
14.8149995803833
14.722999572753906
14.524999618530273
14.432999610900879
25.69300079345703
25.594999313354492
25.39900016784668
25.30699920654297
25.12299919128418
25.02400016784668
24.844999313354492
24.743000030517578
24.56800079345703
24.472999572753906
24.304000854492188
24.215999603271484
24.040000915527344
23.948999404907227
23.777000427246094
23.684999465942383
23.518999099731445
23.42099952697754
23.246999740600586
23.145000457763672
22.95599937438965
22.85700035095215
22.655000686645508
22.551000595092773
22.349000930786133
22.246999740600586
22.04599952697754
21.94499969482422
21.743000030517578
21.642000198364258
21.440000534057617
21.33799934387207
21.136999130249023
21.035999298095703
20.834999084472656
20.732999801635742
20.530000686645508
20.427000045776367
20.224000930786133
20.121999740600586
19.92300033569336
19.826000213623047
19.635000228881836
19.54400062561035
19.357999801635742
19.270000457763672
19.08300018310547
18.981000900268555
18.790000915527344
18.68899917602539
18.499000549316406
18.400999069213867
18.219999313354492
18.124000549316406
17.94300079345703
17.836000442504883
17.652999877929688
17.54400062561035
17.367000579833984
17.26099967956543
17.094999313354492
17.0049991607666
16.854999542236328
16.783000946044922
16.636999130249023
16.555999755859375
16.41699981689453
16.31800079345703
16.176000595092773
16.05500030517578
15.91100025177002
15.784000396728516
15.637999534606934
15.506999969482422
15.354999542236328
15.222999572753906
15.065999984741211
14.932000160217285
14.77400016784668
14.640999794006348
14.484000205993652
14.35200023651123
25.673999786376953
25.559999465942383
25.382999420166016
25.273000717163086
25.097000122070312
24.98200035095215
24.808000564575195
24.691999435424805
24.533000946044922
24.417999267578125
24.270999908447266
24.14699935913086
24.000999450683594
23.874000549316406
23.742000579833984
23.625999450683594
23.496000289916992
23.375999450683594
23.225000381469727
23.09600067138672
22.93000030517578
22.801000595092773
22.628000259399414
22.49799919128418
22.322999954223633
22.19499969482422
22.018999099731445
21.891000747680664
21.715999603271484
21.58799934387207
21.413000106811523
21.285999298095703
21.111000061035156
20.986000061035156
20.812000274658203
20.68899917602539
20.510000228881836
20.385000228881836
20.202999114990234
20.07900047302246
19.900999069213867
19.77899932861328
19.61199951171875
19.493999481201172
19.33799934387207
19.215999603271484
19.055999755859375
18.927000045776367
18.76300048828125
18.635000228881836
18.47100067138672
18.351999282836914
18.197999954223633
18.09000015258789
17.930999755859375
17.825000762939453
17.65399932861328
17.54800033569336
17.3700008392334
17.268999099731445
17.100000381469727
17.0
16.84600067138672
16.740999221801758
16.597000122070312
16.47599983215332
16.336000442504883
16.20400047302246
16.065000534057617
15.928999900817871
15.791000366210938
15.66100025177002
15.52299976348877
15.392000198364258
15.244000434875488
15.111000061035156
14.956000328063965
14.822999954223633
14.666000366210938
14.536999702453613
14.380000114440918
14.253000259399414
25.746000289916992
25.597000122070312
25.45599937438965
25.309999465942383
25.167999267578125
25.017000198364258
24.8700008392334
24.7189998626709
24.575000762939453
24.433000564575195
24.28700065612793
24.148000717163086
24.0
23.871999740600586
23.732999801635742
23.6200008392334
23.486000061035156
23.371999740600586
23.229999542236328
23.104999542236328
22.95800018310547
22.81999969482422
22.670000076293945
22.52199935913086
22.371999740600586
22.219999313354492
22.070999145507812
21.91699981689453
21.76799964904785
21.61400032043457
21.466999053955078
21.31399917602539
21.165000915527344
21.011999130249023
20.871999740600586
20.722999572753906
20.586999893188477
20.42799949645996
20.291000366210938
20.124000549316406
19.98699951171875
19.81999969482422
19.68400001525879
19.52400016784668
19.39299964904785
19.239999771118164
19.107999801635742
18.954999923706055
18.81999969482422
18.663999557495117
18.530000686645508
18.381000518798828
18.253000259399414
18.115999221801758
17.993999481201172
17.86199951171875
17.742000579833984
17.599000930786133
17.481000900268555
17.32900047302246
17.218000411987305
17.05900001525879
16.94499969482422
16.781999588012695
16.666000366210938
16.503999710083008
16.385000228881836
16.225000381469727
16.10700035095215
15.949999809265137
15.83899974822998
15.687000274658203
15.583000183105469
15.425000190734863
15.317999839782715
15.151000022888184
15.041000366210938
14.866999626159668
14.756999969482422
14.583999633789062
14.473999977111816
14.300999641418457
14.1899995803833
25.76300048828125
25.628999710083008
25.472000122070312
25.33799934387207
25.180999755859375
25.04199981689453
24.881999969482422
24.743999481201172
24.586999893188477
24.451000213623047
24.292999267578125
24.156999588012695
24.00200080871582
23.8700008392334
23.729000091552734
23.607999801635742
23.47800064086914
23.35700035095215
23.224000930786133
23.10099983215332
22.959999084472656
22.841999053955078
22.69099998474121
22.56599998474121
22.395999908447266
22.268999099731445
22.094999313354492
21.968000411987305
21.79400062561035
21.667999267578125
21.493999481201172
21.368000030517578
21.191999435424805
21.062000274658203
20.893999099731445
20.7810001373291
20.62299919128418
20.511999130249023
20.339000701904297
20.222000122070312
20.035999298095703
19.91699981689453
19.731000900268555
19.61199951171875
19.433000564575195
19.31800079345703
19.143999099731445
19.025999069213867
18.854000091552734
18.733999252319336
18.565000534057617
18.448999404907227
18.285999298095703
18.173999786376953
18.018999099731445
17.90999984741211
17.764999389648438
17.659000396728516
17.517000198364258
17.41200065612793
17.263999938964844
17.155000686645508
16.996000289916992
16.886999130249023
16.719999313354492
16.618000030517578
16.44499969482422
16.3439998626709
16.166000366210938
16.07200050354004
15.902000427246094
15.814000129699707
15.647000312805176
15.559000015258789
15.387999534606934
15.302000045776367
15.130999565124512
15.032999992370605
14.850000381469727
14.746999740600586
14.5600004196167
14.461000442504883
14.274999618530273
14.177000045776367
25.820999145507812
25.656999588012695
25.525999069213867
25.36400032043457
25.229000091552734
25.065000534057617
24.92799949645996
24.767000198364258
24.632999420166016
24.474000930786133
24.33799934387207
24.179000854492188
24.04599952697754
23.892000198364258
23.76799964904785
23.625
23.509000778198242
23.371999740600586
23.260000228881836
23.12299919128418
23.018999099731445
22.878999710083008
22.784000396728516
22.62299919128418
22.503999710083008
22.31999969482422
22.202999114990234
22.02400016784668
21.913000106811523
21.729999542236328
21.618999481201172
21.43199920654297
21.32200050354004
21.128000259399414
21.01799964904785
20.827999114990234
20.749000549316406
20.573999404907227
20.46299934387207
20.284000396728516
20.16200065612793
19.979999542236328
19.857999801635742
19.674999237060547
19.55500030517578
19.375999450683594
19.256000518798828
19.07900047302246
18.958999633789062
18.785999298095703
18.670000076293945
18.503000259399414
18.391000747680664
18.225000381469727
18.117000579833984
17.95599937438965
17.851999282836914
17.700000762939453
17.604000091552734
17.457000732421875
17.361000061035156
17.20599937438965
17.100000381469727
16.94099998474121
16.834999084472656
16.679000854492188
16.57699966430664
16.416000366210938
16.316999435424805
16.152000427246094
16.062999725341797
15.895999908447266
15.8100004196167
15.640000343322754
15.552000045776367
15.385000228881836
15.300000190734863
15.131999969482422
15.041999816894531
14.855999946594238
14.758000373840332
14.562999725341797
14.467000007629395
14.276000022888184
14.180999755859375
25.847000122070312
25.709999084472656
25.55299949645996
25.417999267578125
25.256000518798828
25.115999221801758
24.952999114990234
24.81599998474121
24.6560001373291
24.520000457763672
24.361000061035156
24.22599983215332
24.070999145507812
23.941999435424805
23.792999267578125
23.670000076293945
23.52899932861328
23.413000106811523
23.2810001373291
23.177000045776367
23.052000045776367
22.95800018310547
22.829999923706055
22.726999282836914
22.562999725341797
22.42799949645996
22.253000259399414
22.128000259399414
21.966999053955078
21.851999282836914
21.687000274658203
21.573999404907227
21.395999908447266
21.28499984741211
21.10099983215332
20.989999771118164
20.812000274658203
20.701000213623047
20.52199935913086
20.405000686645508
20.224000930786133
20.104000091552734
19.920000076293945
19.801000595092773
19.618000030517578
19.499000549316406
19.316999435424805
19.19700050354004
19.017000198364258
18.900999069213867
18.726999282836914
18.615999221801758
18.447999954223633
18.340999603271484
18.176000595092773
18.075000762939453
17.91200065612793
17.815000534057617
17.659000396728516
17.566999435424805
17.415000915527344
17.31399917602539
17.15399932861328
17.04800033569336
16.888999938964844
16.791000366210938
16.63599967956543
16.551000595092773
16.393999099731445
16.315000534057617
16.14900016784668
16.06100082397461
15.888999938964844
15.788999557495117
15.621000289916992
15.519000053405762
15.366000175476074
15.272000312805176
15.116999626159668
15.015999794006348
14.842000007629395
14.734000205993652
14.553000450134277
14.451000213623047
14.267999649047852
14.168999671936035
25.874000549316406
25.726999282836914
25.586000442504883
25.434999465942383
25.29199981689453
25.135000228881836
24.990999221801758
24.834999084472656
24.69300079345703
24.538000106811523
24.398000717163086
24.246000289916992
24.111000061035156
23.961999893188477
23.83300018310547
23.68899917602539
23.566999435424805
23.43199920654297
23.31100082397461
23.187999725341797
23.073999404907227
22.968000411987305
22.85300064086914
22.73900032043457
22.60099983215332
22.45400047302246
22.29400062561035
22.143999099731445
22.003999710083008
21.874000549316406
21.743000030517578
21.608999252319336
21.469999313354492
21.323999404907227
21.180999755859375
21.0310001373291
20.88599967956543
20.735000610351562
20.59000015258789
20.437999725341797
20.292999267578125
20.138999938964844
19.992000579833984
19.83799934387207
19.69099998474121
19.535999298095703
19.389999389648438
19.233999252319336
19.09000015258789
18.937999725341797
18.79800033569336
18.649999618530273
18.516000747680664
18.375999450683594
18.246999740600586
18.111000061035156
17.981000900268555
17.847999572753906
17.719999313354492
17.5939998626709
17.468000411987305
17.339000701904297
17.211000442504883
17.079999923706055
16.95400047302246
16.825000762939453
16.711999893188477
16.593000411987305
16.490999221801758
16.368999481201172
16.26099967956543
16.118000030517578
15.996000289916992
15.83899974822998
15.715999603271484
15.564000129699707
15.449000358581543
15.310999870300293
15.194000244140625
15.055000305175781
14.932999610900879
14.786999702453613
14.666000366210938
14.51099967956543
14.388999938964844
14.229000091552734
25.885000228881836
25.756000518798828
25.604000091552734
25.474000930786133
25.312000274658203
25.179000854492188
25.013999938964844
24.882999420166016
24.716999053955078
24.589000701904297
24.423999786376953
24.299999237060547
24.138999938964844
24.018999099731445
23.86199951171875
23.7450008392334
23.5939998626709
23.479000091552734
23.33099937438965
23.211000442504883
23.07699966430664
22.966999053955078
22.849000930786133
22.732999801635742
22.599000930786133
22.458999633789062
22.301000595092773
22.155000686645508
22.007999420166016
21.878000259399414
21.743999481201172
21.611000061035156
21.47100067138672
21.325000762939453
21.180999755859375
21.031999588012695
20.886999130249023
20.738000869750977
20.591999053955078
20.44300079345703
20.295000076293945
20.145999908447266
19.996000289916992
19.84600067138672
19.695999145507812
19.54599952697754
19.395000457763672
19.246999740600586
19.097999572753906
18.95199966430664
18.80500030517578
18.663000106811523
18.523000717163086
18.38599967956543
18.250999450683594
18.11400032043457
17.979999542236328
17.84600067138672
17.718000411987305
17.599000930786133
17.474000930786133
17.360000610351562
17.225000381469727
17.108999252319336
16.9689998626709
16.847999572753906
16.719999313354492
16.60099983215332
16.490999221801758
16.375999450683594
16.26799964904785
16.148000717163086
16.018999099731445
15.892000198364258
15.746999740600586
15.621000289916992
15.475000381469727
15.354000091552734
15.211999893188477
15.09000015258789
14.951000213623047
14.82800006866455
14.689000129699707
14.5600004196167
14.414999961853027
14.28499984741211
25.923999786376953
25.775999069213867
25.64900016784668
25.499000549316406
25.371000289916992
25.211999893188477
25.08300018310547
24.91900062561035
24.795000076293945
24.6299991607666
24.506999969482422
24.341999053955078
24.219999313354492
24.058000564575195
23.937999725341797
23.781999588012695
23.663000106811523
23.510000228881836
23.391000747680664
23.23900032043457
23.125999450683594
22.98699951171875
22.889999389648438
22.753000259399414
22.64699935913086
22.486000061035156
22.357999801635742
22.18400001525879
22.062999725341797
21.90399932861328
21.78700065612793
21.62700080871582
21.503999710083008
21.340999603271484
21.214000701904297
21.048999786376953
20.92099952697754
20.7549991607666
20.628000259399414
20.461999893188477
20.333999633789062
20.166000366210938
20.035999298095703
19.867000579833984
19.73699951171875
19.566999435424805
19.43899917602539
19.268999099731445
19.142000198364258
18.974000930786133
18.850000381469727
18.68600082397461
18.56599998474121
18.406999588012695
18.288999557495117
18.131999969482422
18.014999389648438
17.86199951171875
17.74799919128418
17.613000869750977
17.507999420166016
17.3799991607666
17.270999908447266
17.134000778198242
17.020000457763672
16.874000549316406
16.759000778198242
16.614999771118164
16.506000518798828
16.37700080871582
16.27199935913086
16.150999069213867
16.040000915527344
15.909000396728516
15.795999526977539
15.652999877929688
15.543999671936035
15.390999794006348
15.28499984741211
15.12600040435791
15.019000053405762
14.859000205993652
14.74899959564209
14.58899974822998
14.47599983215332
14.317000389099121
14.20199966430664
25.97100067138672
25.864999771118164
25.69099998474121
25.59000015258789
25.41900062561035
25.32200050354004
25.143999099731445
25.04199981689453
24.85700035095215
24.7549991607666
24.569000244140625
24.465999603271484
24.2810001373291
24.177000045776367
23.9950008392334
23.893999099731445
23.716999053955078
23.618000030517578
23.44499969482422
23.349000930786133
23.18199920654297
23.097999572753906
22.944000244140625
22.868999481201172
22.70800018310547
22.618999481201172
22.42799949645996
22.32699966430664
22.131000518798828
22.041000366210938
21.85300064086914
21.759000778198242
21.566999435424805
21.472999572753906
21.280000686645508
21.18400001525879
20.988000869750977
20.891000747680664
20.69499969482422
20.597999572753906
20.402000427246094
20.304000854492188
20.106000900268555
20.006000518798828
19.80699920654297
19.70800018310547
19.510000228881836
19.40999984741211
19.214000701904297
19.114999771118164
18.92099952697754
18.823999404907227
18.635000228881836
18.541000366210938
18.354999542236328
18.26300048828125
18.07900047302246
17.98900032043457
17.809999465942383
17.722999572753906
17.555999755859375
17.47100067138672
17.31399917602539
17.22100067138672
17.06399917602539
16.965999603271484
16.808000564575195
16.71299934387207
16.555999755859375
16.466999053955078
16.312999725341797
16.229000091552734
16.07699966430664
15.99899959564209
15.847999572753906
15.770999908447266
15.611000061035156
15.527000427246094
15.354000091552734
15.267999649047852
15.09000015258789
15.0
14.819000244140625
14.727999687194824
14.545000076293945
14.454999923706055
14.27299976348877
14.178999900817871
